optimized_sn,previous_optimized_sn,sn,name,type,priority,complexity,quality_score,quality_tier,curation_status,scene,biz_line,risk_mechanism,assigned_agents,library_source,source_title,topic,source_file,audit_goal,data_dependencies,output_type,duplicate_merged_count,related_candidates
OPTDATA-0001,OPTDATA-0001,SOEV6D-001,内部审计工作法-2.6责任观：遇到问题找方法，而不是刻意只去查后果／22检测算法,算法候选,P0,L3,99,A,算法候选-严格保留,全场景通用 / 监督检查与经费舞弊 / 绩效评价,通用/全场景通用,异常性,data_scout / workpaper_crafter,ocr_55_books_deep,内部审计工作法,2.6责任观：遇到问题找方法，而不是刻意只去查后果／22,E:\2026\审计方法&政策文件\_ocr_output\通用\内部审计工作法.pdf.md,基于《内部审计工作法》中“2.6责任观：遇到问题找方法，而不是刻意只去查后果／22”相关内容，识别审计对象在合规性、真实性、绩效性和责任链方面的风险，形成可复核的疑点、规则或指标输出。,项目台账；财务收支明细；合同与审批资料；支付凭证；审计发现清单；绩效指标表；产出效果数据；满意度问卷；工程量清单；结算书,2.6责任观：遇到问题找方法，而不是刻意只去查后果／22疑点清单、风险等级、命中规则、涉及金额、核查建议,,
OPTDATA-0002,OPTDATA-0002,PERFV6D-078,高级审计技术方法-征兆发现审计技术，吕君杰；第九章探索性审计数据分析，陈伟检测算法,算法候选,P0,L3,99,A,算法候选-严格保留,全场景通用 / 监督检查与经费舞弊 / 绩效评价,通用/全场景通用,绩效偏离,data_scout / workpaper_crafter,ocr_55_books_deep,高级审计技术方法,征兆发现审计技术，吕君杰；第九章探索性审计数据分析，陈伟,E:\2026\审计方法&政策文件\_ocr_output\通用\高级审计技术方法.pdf.md,基于《高级审计技术方法》中“征兆发现审计技术，吕君杰；第九章探索性审计数据分析，陈伟”相关内容，识别审计对象在合规性、真实性、绩效性和责任链方面的风险，形成可复核的疑点、规则或指标输出。,项目台账；财务收支明细；合同与审批资料；支付凭证；审计发现清单；绩效指标表；产出效果数据；满意度问卷；采购公告；投标文件,征兆发现审计技术，吕君杰；第九章探索性审计数据分析，陈伟疑点清单、风险等级、命中规则、涉及金额、核查建议,,
OPTDATA-0003,OPTDATA-0003,SOEV6D-008,审计专题教学案例精选-银河科技：审计独立性问题分析检测算法,算法候选,P0,L3,96,A,算法候选-严格保留,全场景通用 / 监督检查与经费舞弊 / 绩效评价,通用/全场景通用,异常性,data_scout / workpaper_crafter,ocr_55_books_deep,审计专题教学案例精选,银河科技：审计独立性问题分析,E:\2026\审计方法&政策文件\_ocr_output\通用\审计专题教学案例精选.pdf.md,基于《审计专题教学案例精选》中“银河科技：审计独立性问题分析”相关内容，识别审计对象在合规性、真实性、绩效性和责任链方面的风险，形成可复核的疑点、规则或指标输出。,项目台账；财务收支明细；合同与审批资料；支付凭证；审计发现清单,银河科技：审计独立性问题分析疑点清单、风险等级、命中规则、涉及金额、核查建议,,
OPTDATA-0004,OPTDATA-0005,SOEV6D-004,内部审计工作法-1.7内部审计是大数据时代的宠儿／12检测算法,算法候选,P1,L3,89,A,算法候选-严格保留,全场景通用 / 监督检查与经费舞弊 / 预算执行与财政管理,通用/全场景通用,异常性,data_scout / workpaper_crafter,ocr_55_books_deep,内部审计工作法,1.7内部审计是大数据时代的宠儿／12,E:\2026\审计方法&政策文件\_ocr_output\通用\内部审计工作法.pdf.md,基于《内部审计工作法》中“1.7内部审计是大数据时代的宠儿／12”相关内容，识别审计对象在合规性、真实性、绩效性和责任链方面的风险，形成可复核的疑点、规则或指标输出。,项目台账；财务收支明细；合同与审批资料；支付凭证；审计发现清单；绩效指标表；产出效果数据；满意度问卷；工程量清单；结算书,1.7内部审计是大数据时代的宠儿／12疑点清单、风险等级、命中规则、涉及金额、核查建议,,
OPTDATA-0005,OPTDATA-0006,PERFV6D-051,内部审计思维与沟通-1内部审计人员思维能力自我评价检测算法,算法候选,P1,L3,89,A,算法候选-严格保留,全场景通用 / 监督检查与经费舞弊 / 预算执行与财政管理,通用/全场景通用,绩效偏离,data_scout / workpaper_crafter,ocr_55_books_deep,内部审计思维与沟通,1内部审计人员思维能力自我评价,E:\2026\审计方法&政策文件\_ocr_output\通用\内部审计思维与沟通.pdf.md,基于《内部审计思维与沟通》中“1内部审计人员思维能力自我评价”相关内容，识别审计对象在合规性、真实性、绩效性和责任链方面的风险，形成可复核的疑点、规则或指标输出。,项目台账；财务收支明细；合同与审批资料；支付凭证；审计发现清单；绩效指标表；产出效果数据；满意度问卷,1内部审计人员思维能力自我评价疑点清单、风险等级、命中规则、涉及金额、核查建议,,
OPTDATA-0006,OPTDATA-0007,ECONV6D-042,基层审计业务操作规程-审计案例规则化检测算法,算法候选,P1,L3,89,A,算法候选-严格保留,全场景通用 / 监督检查与经费舞弊 / 绩效评价,通用/全场景通用,异常性,data_scout / workpaper_crafter,ocr_55_books_deep,基层审计业务操作规程,审计案例规则化,E:\2026\审计方法&政策文件\_ocr_output\通用\基层审计业务操作规程.pdf.md,基于《基层审计业务操作规程》中“审计案例规则化”相关内容，识别审计对象在合规性、真实性、绩效性和责任链方面的风险，形成可复核的疑点、规则或指标输出。,项目台账；财务收支明细；合同与审批资料；支付凭证；审计发现清单；预算批复表；预算调整表；绩效目标表；会议纪要；三重一大事项,审计案例规则化疑点清单、风险等级、命中规则、涉及金额、核查建议,,
OPTDATA-0007,OPTDATA-0009,SUPVV6D-022,政府审计学-政策措施落实情况审计的主要方法检测算法,算法候选,P1,L3,89,A,算法候选-严格保留,全场景通用 / 监督检查与经费舞弊 / 绩效评价,通用/全场景通用,异常性,data_scout / workpaper_crafter,ocr_55_books_deep,政府审计学,政策措施落实情况审计的主要方法,E:\2026\审计方法&政策文件\_ocr_output\通用\政府审计学.pdf.md,基于《政府审计学》中“政策措施落实情况审计的主要方法”相关内容，识别审计对象在合规性、真实性、绩效性和责任链方面的风险，形成可复核的疑点、规则或指标输出。,项目台账；财务收支明细；合同与审批资料；支付凭证；审计发现清单；预算批复表；预算调整表；绩效目标表；绩效指标表；产出效果数据,政策措施落实情况审计的主要方法疑点清单、风险等级、命中规则、涉及金额、核查建议,,
OPTDATA-0008,OPTDATA-0010,PERFV6D-081,高级审计技术方法-高级审计技术方法概论，王会金；第二章哲学对审计方法的指导检测算法,算法候选,P1,L3,89,A,算法候选-严格保留,全场景通用 / 监督检查与经费舞弊 / 绩效评价,通用/全场景通用,绩效偏离,data_scout / workpaper_crafter,ocr_55_books_deep,高级审计技术方法,高级审计技术方法概论，王会金；第二章哲学对审计方法的指导,E:\2026\审计方法&政策文件\_ocr_output\通用\高级审计技术方法.pdf.md,基于《高级审计技术方法》中“高级审计技术方法概论，王会金；第二章哲学对审计方法的指导”相关内容，识别审计对象在合规性、真实性、绩效性和责任链方面的风险，形成可复核的疑点、规则或指标输出。,项目台账；财务收支明细；合同与审批资料；支付凭证；审计发现清单；绩效指标表；产出效果数据；满意度问卷；采购公告；投标文件,高级审计技术方法概论，王会金；第二章哲学对审计方法的指导疑点清单、风险等级、命中规则、涉及金额、核查建议,,
OPTDATA-0009,OPTDATA-0011,SOEV6D-011,审计专题教学案例精选-审计专题教学案例精选.pdf检测算法,算法候选,P1,L3,86,A,算法候选-严格保留,全场景通用 / 监督检查与经费舞弊 / 绩效评价,通用/全场景通用,异常性,data_scout / workpaper_crafter,ocr_55_books_deep,审计专题教学案例精选,审计专题教学案例精选.pdf,E:\2026\审计方法&政策文件\_ocr_output\通用\审计专题教学案例精选.pdf.md,基于《审计专题教学案例精选》中“审计专题教学案例精选.pdf”相关内容，识别审计对象在合规性、真实性、绩效性和责任链方面的风险，形成可复核的疑点、规则或指标输出。,项目台账；财务收支明细；合同与审批资料；支付凭证；审计发现清单,审计专题教学案例精选.pdf疑点清单、风险等级、命中规则、涉及金额、核查建议,,
OPTAGR-0001,OPTAGR-0001,MAGAGR-0009,002中国式现代化引领财政现代化的历史脉络与展望案例检测算法,杂志案例算法,P0,L3,100,A,算法候选-严格保留,农业农村审计 / 金融审计 / 财政与政府债务,财政监督/农业农村审计,案例规则,data_scout / law_inspector,magazine_435_articles,002中国式现代化引领财政现代化的历史脉络与展望,002中国式现代化引领财政现代化的历史脉络与展望,D:\openclaw-workspace\knowledge\11-杂志文献\财政监督\002中国式现代化引领财政现代化的历史脉络与展望.md,基于杂志案例《002中国式现代化引领财政现代化的历史脉络与展望》提炼“002中国式现代化引领财政现代化的历史脉络与展望”审计算法/规则，用于复用审计经验、生成疑点线索和核查程序。,文章案例文本；审计事项清单；问题线索台账；审计证据资料；预算指标表；财政支出明细；项目资金台账；合同流水；授信审批；还款记录,002中国式现代化引领财政现代化的历史脉络与展望疑点清单、命中规则、风险等级、证据链、核查建议,,
OPTAGR-0002,OPTAGR-0002,MAGAGR-0010,003财政中心工作以主题教育开展成效推动财政监管工作高质量发展案例检测算法,杂志案例算法,P0,L3,100,A,算法候选-严格保留,农业农村审计 / 金融审计 / 财政与政府债务,财政监督/农业农村审计,真实性,data_scout / law_inspector,magazine_435_articles,003财政中心工作以主题教育开展成效推动财政监管工作高质量发展,003财政中心工作以主题教育开展成效推动财政监管工作高质量发展,D:\openclaw-workspace\knowledge\11-杂志文献\财政监督\003财政中心工作以主题教育开展成效推动财政监管工作高质量发展.md,基于杂志案例《003财政中心工作以主题教育开展成效推动财政监管工作高质量发展》提炼“003财政中心工作以主题教育开展成效推动财政监管工作高质量发展”审计算法/规则，用于复用审计经验、生成疑点线索和核查程序。,文章案例文本；审计事项清单；问题线索台账；审计证据资料；预算指标表；财政支出明细；项目资金台账；合同流水；授信审批；还款记录,003财政中心工作以主题教育开展成效推动财政监管工作高质量发展疑点清单、命中规则、风险等级、证据链、核查建议,,
OPTAGR-0003,OPTAGR-0003,MAGAGR-0011,005紧紧围绕主题教育总要求推动财会监督高质量发展案例检测算法,杂志案例算法,P0,L3,100,A,算法候选-严格保留,农业农村审计 / 金融审计 / 财政与政府债务,财政监督/农业农村审计,真实性,data_scout / law_inspector,magazine_435_articles,005紧紧围绕主题教育总要求推动财会监督高质量发展,005紧紧围绕主题教育总要求推动财会监督高质量发展,D:\openclaw-workspace\knowledge\11-杂志文献\财政监督\005紧紧围绕主题教育总要求推动财会监督高质量发展.md,基于杂志案例《005紧紧围绕主题教育总要求推动财会监督高质量发展》提炼“005紧紧围绕主题教育总要求推动财会监督高质量发展”审计算法/规则，用于复用审计经验、生成疑点线索和核查程序。,文章案例文本；审计事项清单；问题线索台账；审计证据资料；预算指标表；财政支出明细；项目资金台账；内控制度；会计凭证；工作底稿,005紧紧围绕主题教育总要求推动财会监督高质量发展疑点清单、命中规则、风险等级、证据链、核查建议,,
OPTAGR-0004,OPTAGR-0004,MAGAGR-0012,009因地制宜探索创新财政运行综合绩效评价实践案例检测算法,杂志案例算法,P0,L3,100,A,算法候选-严格保留,农业农村审计 / 金融审计 / 财政与政府债务,财政监督/农业农村审计,案例规则,data_scout / law_inspector,magazine_435_articles,009因地制宜探索创新财政运行综合绩效评价实践,009因地制宜探索创新财政运行综合绩效评价实践,D:\openclaw-workspace\knowledge\11-杂志文献\财政监督\009因地制宜探索创新财政运行综合绩效评价实践.md,基于杂志案例《009因地制宜探索创新财政运行综合绩效评价实践》提炼“009因地制宜探索创新财政运行综合绩效评价实践”审计算法/规则，用于复用审计经验、生成疑点线索和核查程序。,文章案例文本；审计事项清单；问题线索台账；审计证据资料；预算指标表；财政支出明细；项目资金台账；绩效目标表；绩效评价指标；产出效果数据,009因地制宜探索创新财政运行综合绩效评价实践疑点清单、命中规则、风险等级、证据链、核查建议,,
OPTAGR-0005,OPTAGR-0005,MAGAGR-0013,012衔接推进乡村振兴补助资金绩效评价实践探索案例检测算法,杂志案例算法,P0,L3,100,A,算法候选-严格保留,农业农村审计 / 金融审计 / 财政与政府债务,财政监督/农业农村审计,案例规则,data_scout / law_inspector,magazine_435_articles,012衔接推进乡村振兴补助资金绩效评价实践探索,012衔接推进乡村振兴补助资金绩效评价实践探索,D:\openclaw-workspace\knowledge\11-杂志文献\财政监督\012衔接推进乡村振兴补助资金绩效评价实践探索.md,基于杂志案例《012衔接推进乡村振兴补助资金绩效评价实践探索》提炼“012衔接推进乡村振兴补助资金绩效评价实践探索”审计算法/规则，用于复用审计经验、生成疑点线索和核查程序。,文章案例文本；审计事项清单；问题线索台账；审计证据资料；预算指标表；财政支出明细；项目资金台账；绩效目标表；绩效评价指标；产出效果数据,012衔接推进乡村振兴补助资金绩效评价实践探索疑点清单、命中规则、风险等级、证据链、核查建议,,
OPTAGR-0006,OPTAGR-0006,MAGAGR-0015,017省直管县后财政转移支付问题研究案例检测算法,杂志案例算法,P0,L3,100,A,算法候选-严格保留,农业农村审计 / 金融审计 / 财政与政府债务,财政监督/农业农村审计,案例规则,data_scout / law_inspector,magazine_435_articles,017省直管县后财政转移支付问题研究,017省直管县后财政转移支付问题研究,D:\openclaw-workspace\knowledge\11-杂志文献\财政监督\017省直管县后财政转移支付问题研究.md,基于杂志案例《017省直管县后财政转移支付问题研究》提炼“017省直管县后财政转移支付问题研究”审计算法/规则，用于复用审计经验、生成疑点线索和核查程序。,文章案例文本；审计事项清单；问题线索台账；审计证据资料；预算指标表；财政支出明细；项目资金台账；合同流水；授信审批；还款记录,017省直管县后财政转移支付问题研究疑点清单、命中规则、风险等级、证据链、核查建议,,
OPTAGR-0007,OPTAGR-0007,MAGAGR-0016,018人人充当监督员助力县域经济高质量发展案例检测算法,杂志案例算法,P0,L3,100,A,算法候选-严格保留,农业农村审计 / 金融审计 / 财政与政府债务,财政监督/农业农村审计,真实性,data_scout / law_inspector,magazine_435_articles,018人人充当监督员助力县域经济高质量发展,018人人充当监督员助力县域经济高质量发展,D:\openclaw-workspace\knowledge\11-杂志文献\财政监督\018人人充当监督员助力县域经济高质量发展.md,基于杂志案例《018人人充当监督员助力县域经济高质量发展》提炼“018人人充当监督员助力县域经济高质量发展”审计算法/规则，用于复用审计经验、生成疑点线索和核查程序。,文章案例文本；审计事项清单；问题线索台账；审计证据资料；预算指标表；财政支出明细；项目资金台账；内控制度；会计凭证；工作底稿,018人人充当监督员助力县域经济高质量发展疑点清单、命中规则、风险等级、证据链、核查建议,,
OPTAGR-0008,OPTAGR-0008,MAGAGR-0017,018碳中和目标下德国绿色预算实践的审视与借鉴案例检测算法,杂志案例算法,P0,L3,100,A,算法候选-严格保留,农业农村审计 / 金融审计 / 财政与政府债务,财政监督/农业农村审计,案例规则,data_scout / law_inspector,magazine_435_articles,018碳中和目标下德国绿色预算实践的审视与借鉴,018碳中和目标下德国绿色预算实践的审视与借鉴,D:\openclaw-workspace\knowledge\11-杂志文献\财政监督\018碳中和目标下德国绿色预算实践的审视与借鉴.md,基于杂志案例《018碳中和目标下德国绿色预算实践的审视与借鉴》提炼“018碳中和目标下德国绿色预算实践的审视与借鉴”审计算法/规则，用于复用审计经验、生成疑点线索和核查程序。,文章案例文本；审计事项清单；问题线索台账；审计证据资料；预算指标表；财政支出明细；项目资金台账；合同流水；授信审批；还款记录,018碳中和目标下德国绿色预算实践的审视与借鉴疑点清单、命中规则、风险等级、证据链、核查建议,,
OPTAGR-0009,OPTAGR-0009,MAGAGR-0020,下级政府财政运行综合绩效评价的问题及优化思路案例检测算法,杂志案例算法,P0,L3,100,A,算法候选-严格保留,农业农村审计 / 金融审计 / 财政与政府债务,财政监督/农业农村审计,案例规则,data_scout / law_inspector,magazine_435_articles,下级政府财政运行综合绩效评价的问题及优化思路,下级政府财政运行综合绩效评价的问题及优化思路,D:\openclaw-workspace\knowledge\11-杂志文献\财政监督\10.下级政府财政运行综合绩效评价的问题及优化思路.md,基于杂志案例《下级政府财政运行综合绩效评价的问题及优化思路》提炼“下级政府财政运行综合绩效评价的问题及优化思路”审计算法/规则，用于复用审计经验、生成疑点线索和核查程序。,文章案例文本；审计事项清单；问题线索台账；审计证据资料；预算指标表；财政支出明细；项目资金台账；绩效目标表；绩效评价指标；产出效果数据,下级政府财政运行综合绩效评价的问题及优化思路疑点清单、命中规则、风险等级、证据链、核查建议,,
OPTAGR-0010,OPTAGR-0010,MAGAGR-0026,以跟踪评价模式探索提升财会监督工作质效案例检测算法,杂志案例算法,P0,L3,100,A,算法候选-严格保留,农业农村审计 / 金融审计 / 财政与政府债务,财政监督/农业农村审计,案例规则,data_scout / law_inspector,magazine_435_articles,以跟踪评价模式探索提升财会监督工作质效,以跟踪评价模式探索提升财会监督工作质效,D:\openclaw-workspace\knowledge\11-杂志文献\财政监督\14.以跟踪评价模式探索提升财会监督工作质效.md,基于杂志案例《以跟踪评价模式探索提升财会监督工作质效》提炼“以跟踪评价模式探索提升财会监督工作质效”审计算法/规则，用于复用审计经验、生成疑点线索和核查程序。,文章案例文本；审计事项清单；问题线索台账；审计证据资料；预算指标表；财政支出明细；项目资金台账；内控制度；会计凭证；工作底稿,以跟踪评价模式探索提升财会监督工作质效疑点清单、命中规则、风险等级、证据链、核查建议,,
OPTAGR-0011,OPTAGR-0011,MAGAGR-0025,健全我国财政资金直达监管机制的思考案例检测算法,杂志案例算法,P0,L3,100,A,算法候选-严格保留,农业农村审计 / 金融审计 / 财政与政府债务,财政监督/农业农村审计,案例规则,data_scout / law_inspector,magazine_435_articles,健全我国财政资金直达监管机制的思考,健全我国财政资金直达监管机制的思考,D:\openclaw-workspace\knowledge\11-杂志文献\财政监督\13.健全我国财政资金直达监管机制的思考.md,基于杂志案例《健全我国财政资金直达监管机制的思考》提炼“健全我国财政资金直达监管机制的思考”审计算法/规则，用于复用审计经验、生成疑点线索和核查程序。,文章案例文本；审计事项清单；问题线索台账；审计证据资料；预算指标表；财政支出明细；项目资金台账；合同流水；授信审批；还款记录,健全我国财政资金直达监管机制的思考疑点清单、命中规则、风险等级、证据链、核查建议,,
OPTAGR-0012,OPTAGR-0012,MAGAGR-0050,全面乡村振兴战略促进了农村基本公共服务均等化吗案例检测算法,杂志案例算法,P0,L3,100,A,算法候选-严格保留,农业农村审计 / 金融审计 / 财政与政府债务,财政监督/农业农村审计,案例规则,data_scout / law_inspector,magazine_435_articles,全面乡村振兴战略促进了农村基本公共服务均等化吗,全面乡村振兴战略促进了农村基本公共服务均等化吗,D:\openclaw-workspace\knowledge\11-杂志文献\财政监督\8.全面乡村振兴战略促进了农村基本公共服务均等化吗.md,基于杂志案例《全面乡村振兴战略促进了农村基本公共服务均等化吗》提炼“全面乡村振兴战略促进了农村基本公共服务均等化吗”审计算法/规则，用于复用审计经验、生成疑点线索和核查程序。,文章案例文本；审计事项清单；问题线索台账；审计证据资料；预算指标表；财政支出明细；项目资金台账；合同流水；授信审批；还款记录,全面乡村振兴战略促进了农村基本公共服务均等化吗疑点清单、命中规则、风险等级、证据链、核查建议,,
OPTAGR-0013,OPTAGR-0013,MAGAGR-0038,共同富裕目标下财会监督的重要使命探讨案例检测算法,杂志案例算法,P0,L3,100,A,算法候选-严格保留,农业农村审计 / 金融审计 / 财政与政府债务,财政监督/农业农村审计,案例规则,data_scout / law_inspector,magazine_435_articles,共同富裕目标下财会监督的重要使命探讨,共同富裕目标下财会监督的重要使命探讨,D:\openclaw-workspace\knowledge\11-杂志文献\财政监督\4.共同富裕目标下财会监督的重要使命探讨.md,基于杂志案例《共同富裕目标下财会监督的重要使命探讨》提炼“共同富裕目标下财会监督的重要使命探讨”审计算法/规则，用于复用审计经验、生成疑点线索和核查程序。,文章案例文本；审计事项清单；问题线索台账；审计证据资料；预算指标表；财政支出明细；项目资金台账；内控制度；会计凭证；工作底稿,共同富裕目标下财会监督的重要使命探讨疑点清单、命中规则、风险等级、证据链、核查建议,,
OPTAGR-0014,OPTAGR-0014,MAGAGR-0030,农业保险中的利益需求风险及对策探析案例检测算法,杂志案例算法,P0,L3,100,A,算法候选-严格保留,农业农村审计 / 金融审计 / 财政与政府债务,财政监督/农业农村审计,异常性,data_scout / law_inspector,magazine_435_articles,农业保险中的利益需求风险及对策探析,农业保险中的利益需求风险及对策探析,D:\openclaw-workspace\knowledge\11-杂志文献\财政监督\16.农业保险中的利益需求风险及对策探析.md,基于杂志案例《农业保险中的利益需求风险及对策探析》提炼“农业保险中的利益需求风险及对策探析”审计算法/规则，用于复用审计经验、生成疑点线索和核查程序。,文章案例文本；审计事项清单；问题线索台账；审计证据资料；预算指标表；财政支出明细；项目资金台账；合同流水；授信审批；还款记录,农业保险中的利益需求风险及对策探析疑点清单、命中规则、风险等级、证据链、核查建议,,
OPTAGR-0015,OPTAGR-0015,MAGAGR-0035,农业科研单位生物育种项目资金管理问题研究案例检测算法,杂志案例算法,P0,L3,100,A,算法候选-严格保留,农业农村审计 / 金融审计 / 财政与政府债务,财政监督/农业农村审计,案例规则,data_scout / law_inspector,magazine_435_articles,农业科研单位生物育种项目资金管理问题研究,农业科研单位生物育种项目资金管理问题研究,D:\openclaw-workspace\knowledge\11-杂志文献\财政监督\20.农业科研单位生物育种项目资金管理问题研究.md,基于杂志案例《农业科研单位生物育种项目资金管理问题研究》提炼“农业科研单位生物育种项目资金管理问题研究”审计算法/规则，用于复用审计经验、生成疑点线索和核查程序。,文章案例文本；审计事项清单；问题线索台账；审计证据资料；预算指标表；财政支出明细；项目资金台账；合同流水；授信审批；还款记录,农业科研单位生物育种项目资金管理问题研究疑点清单、命中规则、风险等级、证据链、核查建议,,
OPTAGR-0016,OPTAGR-0016,MAGAGR-0043,加力提效统筹合力助推中国式现代化开局起步案例检测算法,杂志案例算法,P0,L3,100,A,算法候选-严格保留,农业农村审计 / 金融审计 / 财政与政府债务,财政监督/农业农村审计,案例规则,data_scout / law_inspector,magazine_435_articles,加力提效统筹合力助推中国式现代化开局起步,加力提效统筹合力助推中国式现代化开局起步,D:\openclaw-workspace\knowledge\11-杂志文献\财政监督\5.加力提效统筹合力助推中国式现代化开局起步.md,基于杂志案例《加力提效统筹合力助推中国式现代化开局起步》提炼“加力提效统筹合力助推中国式现代化开局起步”审计算法/规则，用于复用审计经验、生成疑点线索和核查程序。,文章案例文本；审计事项清单；问题线索台账；审计证据资料；预算指标表；财政支出明细；项目资金台账；合同流水；授信审批；还款记录,加力提效统筹合力助推中国式现代化开局起步疑点清单、命中规则、风险等级、证据链、核查建议,,
OPTAGR-0017,OPTAGR-0017,MAGAGR-0007,勇担审计职责使命奋力推进浙江“两个先行”案例检测算法,杂志案例算法,P0,L3,100,A,算法候选-严格保留,农业农村审计 / 金融审计 / 财政与政府债务,审计观察/农业农村审计,案例规则,data_scout / law_inspector,magazine_435_articles,勇担审计职责使命奋力推进浙江“两个先行”,勇担审计职责使命奋力推进浙江“两个先行”,D:\openclaw-workspace\knowledge\11-杂志文献\审计观察\13.勇担审计职责使命奋力推进浙江“两个先行”.md,基于杂志案例《勇担审计职责使命奋力推进浙江“两个先行”》提炼“勇担审计职责使命奋力推进浙江“两个先行””审计算法/规则，用于复用审计经验、生成疑点线索和核查程序。,文章案例文本；审计事项清单；问题线索台账；审计证据资料；预算指标表；财政支出明细；项目资金台账；合同流水；授信审批；还款记录,勇担审计职责使命奋力推进浙江“两个先行”疑点清单、命中规则、风险等级、证据链、核查建议,,
OPTAGR-0018,OPTAGR-0018,MAGAGR-0027,县级财政支持乡村振兴面临的困难及建议案例检测算法,杂志案例算法,P0,L3,100,A,算法候选-严格保留,农业农村审计 / 金融审计 / 财政与政府债务,财政监督/农业农村审计,案例规则,data_scout / law_inspector,magazine_435_articles,县级财政支持乡村振兴面临的困难及建议,县级财政支持乡村振兴面临的困难及建议,D:\openclaw-workspace\knowledge\11-杂志文献\财政监督\15.县级财政支持乡村振兴面临的困难及建议.md,基于杂志案例《县级财政支持乡村振兴面临的困难及建议》提炼“县级财政支持乡村振兴面临的困难及建议”审计算法/规则，用于复用审计经验、生成疑点线索和核查程序。,文章案例文本；审计事项清单；问题线索台账；审计证据资料；预算指标表；财政支出明细；项目资金台账；合同流水；授信审批；还款记录,县级财政支持乡村振兴面临的困难及建议疑点清单、命中规则、风险等级、证据链、核查建议,,
OPTAGR-0019,OPTAGR-0019,MAGAGR-0052,县级预算绩效管理创新性实践的探索与思考案例检测算法,杂志案例算法,P0,L3,100,A,算法候选-严格保留,农业农村审计 / 金融审计 / 财政与政府债务,财政监督/农业农村审计,案例规则,data_scout / law_inspector,magazine_435_articles,县级预算绩效管理创新性实践的探索与思考,县级预算绩效管理创新性实践的探索与思考,D:\openclaw-workspace\knowledge\11-杂志文献\财政监督\9.县级预算绩效管理创新性实践的探索与思考.md,基于杂志案例《县级预算绩效管理创新性实践的探索与思考》提炼“县级预算绩效管理创新性实践的探索与思考”审计算法/规则，用于复用审计经验、生成疑点线索和核查程序。,文章案例文本；审计事项清单；问题线索台账；审计证据资料；预算指标表；财政支出明细；项目资金台账；绩效目标表；绩效评价指标；产出效果数据,县级预算绩效管理创新性实践的探索与思考疑点清单、命中规则、风险等级、证据链、核查建议,,
OPTAGR-0020,OPTAGR-0020,MAGAGR-0044,回顾与展望：新时代财税改革助推中国式现代化案例检测算法,杂志案例算法,P0,L3,100,A,算法候选-严格保留,农业农村审计 / 金融审计 / 财政与政府债务,财政监督/农业农村审计,案例规则,data_scout / law_inspector,magazine_435_articles,回顾与展望：新时代财税改革助推中国式现代化,回顾与展望：新时代财税改革助推中国式现代化,D:\openclaw-workspace\knowledge\11-杂志文献\财政监督\5.回顾与展望：新时代财税改革助推中国式现代化.md,基于杂志案例《回顾与展望：新时代财税改革助推中国式现代化》提炼“回顾与展望：新时代财税改革助推中国式现代化”审计算法/规则，用于复用审计经验、生成疑点线索和核查程序。,文章案例文本；审计事项清单；问题线索台账；审计证据资料；预算指标表；财政支出明细；项目资金台账；纳税申报表；发票明细；税收优惠台账,回顾与展望：新时代财税改革助推中国式现代化疑点清单、命中规则、风险等级、证据链、核查建议,,
OPTAGR-0021,OPTAGR-0021,MAGAGR-0045,“当下改”和“长久立”的常态化预算执行监控机制研究案例检测算法,杂志案例算法,P0,L3,100,A,算法候选-严格保留,农业农村审计 / 金融审计 / 财政与政府债务,财政监督/农业农村审计,案例规则,data_scout / law_inspector,magazine_435_articles,基于“当下改”和“长久立”的常态化预算执行监控机制研究,“当下改”和“长久立”的常态化预算执行监控机制研究,D:\openclaw-workspace\knowledge\11-杂志文献\财政监督\5.基于“当下改”和“长久立”的常态化预算执行监控机制研究.md,基于杂志案例《基于“当下改”和“长久立”的常态化预算执行监控机制研究》提炼““当下改”和“长久立”的常态化预算执行监控机制研究”审计算法/规则，用于复用审计经验、生成疑点线索和核查程序。,文章案例文本；审计事项清单；问题线索台账；审计证据资料；预算指标表；财政支出明细；项目资金台账；合同流水；授信审批；还款记录,“当下改”和“长久立”的常态化预算执行监控机制研究疑点清单、命中规则、风险等级、证据链、核查建议,,
OPTAGR-0022,OPTAGR-0022,MAGAGR-0048,我国地方政府债务现状、原因分析与因应对策案例检测算法,杂志案例算法,P0,L3,100,A,算法候选-严格保留,农业农村审计 / 金融审计 / 财政与政府债务,财政监督/农业农村审计,案例规则,data_scout / law_inspector,magazine_435_articles,我国地方政府债务现状、原因分析与因应对策,我国地方政府债务现状、原因分析与因应对策,D:\openclaw-workspace\knowledge\11-杂志文献\财政监督\7.我国地方政府债务现状、原因分析与因应对策.md,基于杂志案例《我国地方政府债务现状、原因分析与因应对策》提炼“我国地方政府债务现状、原因分析与因应对策”审计算法/规则，用于复用审计经验、生成疑点线索和核查程序。,文章案例文本；审计事项清单；问题线索台账；审计证据资料；预算指标表；财政支出明细；项目资金台账；合同流水；授信审批；还款记录,我国地方政府债务现状、原因分析与因应对策疑点清单、命中规则、风险等级、证据链、核查建议,,
OPTAGR-0023,OPTAGR-0023,MAGAGR-0049,持续纠治形式主义让财政资金花出最大效益案例检测算法,杂志案例算法,P0,L3,100,A,算法候选-严格保留,农业农村审计 / 金融审计 / 财政与政府债务,财政监督/农业农村审计,案例规则,data_scout / law_inspector,magazine_435_articles,持续纠治形式主义让财政资金花出最大效益,持续纠治形式主义让财政资金花出最大效益,D:\openclaw-workspace\knowledge\11-杂志文献\财政监督\7.持续纠治形式主义让财政资金花出最大效益.md,基于杂志案例《持续纠治形式主义让财政资金花出最大效益》提炼“持续纠治形式主义让财政资金花出最大效益”审计算法/规则，用于复用审计经验、生成疑点线索和核查程序。,文章案例文本；审计事项清单；问题线索台账；审计证据资料；预算指标表；财政支出明细；项目资金台账；合同流水；授信审批；还款记录,持续纠治形式主义让财政资金花出最大效益疑点清单、命中规则、风险等级、证据链、核查建议,,
OPTAGR-0024,OPTAGR-0024,MAGAGR-0040,接续奋进有力保障全面推进中国式现代化案例检测算法,杂志案例算法,P0,L3,100,A,算法候选-严格保留,农业农村审计 / 金融审计 / 财政与政府债务,财政监督/农业农村审计,案例规则,data_scout / law_inspector,magazine_435_articles,接续奋进有力保障全面推进中国式现代化,接续奋进有力保障全面推进中国式现代化,D:\openclaw-workspace\knowledge\11-杂志文献\财政监督\4.接续奋进有力保障全面推进中国式现代化.md,基于杂志案例《接续奋进有力保障全面推进中国式现代化》提炼“接续奋进有力保障全面推进中国式现代化”审计算法/规则，用于复用审计经验、生成疑点线索和核查程序。,文章案例文本；审计事项清单；问题线索台账；审计证据资料；预算指标表；财政支出明细；项目资金台账；合同流水；授信审批；还款记录,接续奋进有力保障全面推进中国式现代化疑点清单、命中规则、风险等级、证据链、核查建议,,
OPTAGR-0025,OPTAGR-0025,MAGAGR-0041,新历史起点上积极的财政政策案例检测算法,杂志案例算法,P0,L3,100,A,算法候选-严格保留,农业农村审计 / 金融审计 / 财政与政府债务,财政监督/农业农村审计,案例规则,data_scout / law_inspector,magazine_435_articles,新历史起点上积极的财政政策,新历史起点上积极的财政政策,D:\openclaw-workspace\knowledge\11-杂志文献\财政监督\4.新历史起点上积极的财政政策.md,基于杂志案例《新历史起点上积极的财政政策》提炼“新历史起点上积极的财政政策”审计算法/规则，用于复用审计经验、生成疑点线索和核查程序。,文章案例文本；审计事项清单；问题线索台账；审计证据资料；预算指标表；财政支出明细；项目资金台账；合同流水；授信审批；还款记录,新历史起点上积极的财政政策疑点清单、命中规则、风险等级、证据链、核查建议,,
OPTAGR-0026,OPTAGR-0026,MAGAGR-0032,更足的“监督分量”更多的“民生含量”案例检测算法,杂志案例算法,P0,L3,100,A,算法候选-严格保留,农业农村审计 / 金融审计 / 财政与政府债务,财政监督/农业农村审计,案例规则,data_scout / law_inspector,magazine_435_articles,更足的“监督分量”更多的“民生含量”,更足的“监督分量”更多的“民生含量”,D:\openclaw-workspace\knowledge\11-杂志文献\财政监督\16.更足的“监督分量”更多的“民生含量”.md,基于杂志案例《更足的“监督分量”更多的“民生含量”》提炼“更足的“监督分量”更多的“民生含量””审计算法/规则，用于复用审计经验、生成疑点线索和核查程序。,文章案例文本；审计事项清单；问题线索台账；审计证据资料；预算指标表；财政支出明细；项目资金台账；内控制度；会计凭证；工作底稿,更足的“监督分量”更多的“民生含量”疑点清单、命中规则、风险等级、证据链、核查建议,,
OPTAGR-0027,OPTAGR-0027,MAGAGR-0028,流转税税收优惠政策的激励效果案例检测算法,杂志案例算法,P0,L3,100,A,算法候选-严格保留,农业农村审计 / 金融审计 / 财政与政府债务,财政监督/农业农村审计,案例规则,data_scout / law_inspector,magazine_435_articles,流转税税收优惠政策的激励效果,流转税税收优惠政策的激励效果,D:\openclaw-workspace\knowledge\11-杂志文献\财政监督\15.流转税税收优惠政策的激励效果.md,基于杂志案例《流转税税收优惠政策的激励效果》提炼“流转税税收优惠政策的激励效果”审计算法/规则，用于复用审计经验、生成疑点线索和核查程序。,文章案例文本；审计事项清单；问题线索台账；审计证据资料；预算指标表；财政支出明细；项目资金台账；纳税申报表；发票明细；税收优惠台账,流转税税收优惠政策的激励效果疑点清单、命中规则、风险等级、证据链、核查建议,,
OPTAGR-0028,OPTAGR-0028,MAGAGR-0004,浅析地方财税金融发展存在的问题及建议——以Y市为例案例检测算法,杂志案例算法,P0,L3,100,A,算法候选-严格保留,农业农村审计 / 金融审计 / 财政与政府债务,四川注册会计师/农业农村审计,案例规则,data_scout / law_inspector,magazine_435_articles,浅析地方财税金融发展存在的问题及建议——以Y市为例,浅析地方财税金融发展存在的问题及建议——以Y市为例,D:\openclaw-workspace\knowledge\11-杂志文献\四川注册会计师\008.浅析地方财税金融发展存在的问题及建议 ——以Y市为例.md,基于杂志案例《浅析地方财税金融发展存在的问题及建议——以Y市为例》提炼“浅析地方财税金融发展存在的问题及建议——以Y市为例”审计算法/规则，用于复用审计经验、生成疑点线索和核查程序。,文章案例文本；审计事项清单；问题线索台账；审计证据资料；预算指标表；财政支出明细；项目资金台账；纳税申报表；发票明细；税收优惠台账,浅析地方财税金融发展存在的问题及建议——以Y市为例疑点清单、命中规则、风险等级、证据链、核查建议,,
OPTAGR-0029,OPTAGR-0029,MAGAGR-0005,深化经济责任审计：筑牢权力运行监督与高质量发展的重要防线案例检测算法,杂志案例算法,P0,L3,100,A,算法候选-严格保留,农业农村审计 / 金融审计 / 财政与政府债务,四川注册会计师/农业农村审计,真实性,data_scout / law_inspector,magazine_435_articles,深化经济责任审计：筑牢权力运行监督与高质量发展的重要防线,深化经济责任审计：筑牢权力运行监督与高质量发展的重要防线,D:\openclaw-workspace\knowledge\11-杂志文献\四川注册会计师\010.深化经济责任审计：筑牢权力运行监督与高质量发展的重要防线.md,基于杂志案例《深化经济责任审计：筑牢权力运行监督与高质量发展的重要防线》提炼“深化经济责任审计：筑牢权力运行监督与高质量发展的重要防线”审计算法/规则，用于复用审计经验、生成疑点线索和核查程序。,文章案例文本；审计事项清单；问题线索台账；审计证据资料；预算指标表；财政支出明细；项目资金台账；内控制度；会计凭证；工作底稿,深化经济责任审计：筑牢权力运行监督与高质量发展的重要防线疑点清单、命中规则、风险等级、证据链、核查建议,,
OPTAGR-0030,OPTAGR-0030,MAGAGR-0046,现代农业产业技术体系创新团队建设项目绩效评价指标体系构建案例检测算法,杂志案例算法,P0,L3,100,A,算法候选-严格保留,农业农村审计 / 金融审计 / 财政与政府债务,财政监督/农业农村审计,案例规则,data_scout / law_inspector,magazine_435_articles,现代农业产业技术体系创新团队建设项目绩效评价指标体系构建,现代农业产业技术体系创新团队建设项目绩效评价指标体系构建,D:\openclaw-workspace\knowledge\11-杂志文献\财政监督\5.现代农业产业技术体系创新团队建设项目绩效评价指标体系构建.md,基于杂志案例《现代农业产业技术体系创新团队建设项目绩效评价指标体系构建》提炼“现代农业产业技术体系创新团队建设项目绩效评价指标体系构建”审计算法/规则，用于复用审计经验、生成疑点线索和核查程序。,文章案例文本；审计事项清单；问题线索台账；审计证据资料；预算指标表；财政支出明细；项目资金台账；绩效目标表；绩效评价指标；产出效果数据,现代农业产业技术体系创新团队建设项目绩效评价指标体系构建疑点清单、命中规则、风险等级、证据链、核查建议,,
OPTAGR-0031,OPTAGR-0031,MAGAGR-0019,砥砺奋进谱写新时代财政改革发展新篇章案例检测算法,杂志案例算法,P0,L3,100,A,算法候选-严格保留,农业农村审计 / 金融审计 / 财政与政府债务,财政监督/农业农村审计,案例规则,data_scout / law_inspector,magazine_435_articles,砥砺奋进谱写新时代财政改革发展新篇章,砥砺奋进谱写新时代财政改革发展新篇章,D:\openclaw-workspace\knowledge\11-杂志文献\财政监督\1.砥砺奋进谱写新时代财政改革发展新篇章.md,基于杂志案例《砥砺奋进谱写新时代财政改革发展新篇章》提炼“砥砺奋进谱写新时代财政改革发展新篇章”审计算法/规则，用于复用审计经验、生成疑点线索和核查程序。,文章案例文本；审计事项清单；问题线索台账；审计证据资料；预算指标表；财政支出明细；项目资金台账；合同流水；授信审批；还款记录,砥砺奋进谱写新时代财政改革发展新篇章疑点清单、命中规则、风险等级、证据链、核查建议,,
OPTAGR-0032,OPTAGR-0032,MAGAGR-0021,粮食主产区财政支农项目绩效评价探索案例检测算法,杂志案例算法,P0,L3,100,A,算法候选-严格保留,农业农村审计 / 金融审计 / 财政与政府债务,财政监督/农业农村审计,案例规则,data_scout / law_inspector,magazine_435_articles,粮食主产区财政支农项目绩效评价探索,粮食主产区财政支农项目绩效评价探索,D:\openclaw-workspace\knowledge\11-杂志文献\财政监督\10.粮食主产区财政支农项目绩效评价探索.md,基于杂志案例《粮食主产区财政支农项目绩效评价探索》提炼“粮食主产区财政支农项目绩效评价探索”审计算法/规则，用于复用审计经验、生成疑点线索和核查程序。,文章案例文本；审计事项清单；问题线索台账；审计证据资料；预算指标表；财政支出明细；项目资金台账；绩效目标表；绩效评价指标；产出效果数据,粮食主产区财政支农项目绩效评价探索疑点清单、命中规则、风险等级、证据链、核查建议,,
OPTAGR-0033,OPTAGR-0033,MAGAGR-0022,衔接推进乡村振兴补助资金省级评价体系构建路径探索案例检测算法,杂志案例算法,P0,L3,100,A,算法候选-严格保留,农业农村审计 / 金融审计 / 财政与政府债务,财政监督/农业农村审计,案例规则,data_scout / law_inspector,magazine_435_articles,衔接推进乡村振兴补助资金省级评价体系构建路径探索,衔接推进乡村振兴补助资金省级评价体系构建路径探索,D:\openclaw-workspace\knowledge\11-杂志文献\财政监督\10.衔接推进乡村振兴补助资金省级 评价体系构建路径探索.md,基于杂志案例《衔接推进乡村振兴补助资金省级评价体系构建路径探索》提炼“衔接推进乡村振兴补助资金省级评价体系构建路径探索”审计算法/规则，用于复用审计经验、生成疑点线索和核查程序。,文章案例文本；审计事项清单；问题线索台账；审计证据资料；预算指标表；财政支出明细；项目资金台账；合同流水；授信审批；还款记录,衔接推进乡村振兴补助资金省级评价体系构建路径探索疑点清单、命中规则、风险等级、证据链、核查建议,,
OPTAGR-0034,OPTAGR-0034,MAGAGR-0031,农田建设补助资金管理探讨案例检测算法,杂志案例算法,P0,L3,98,A,算法候选-严格保留,农业农村审计 / 金融审计 / 财政与政府债务,财政监督/农业农村审计,案例规则,data_scout / law_inspector,magazine_435_articles,农田建设补助资金管理探讨,农田建设补助资金管理探讨,D:\openclaw-workspace\knowledge\11-杂志文献\财政监督\16.农田建设补助资金管理探讨.md,基于杂志案例《农田建设补助资金管理探讨》提炼“农田建设补助资金管理探讨”审计算法/规则，用于复用审计经验、生成疑点线索和核查程序。,文章案例文本；审计事项清单；问题线索台账；审计证据资料；预算指标表；财政支出明细；项目资金台账；合同流水；授信审批；还款记录,农田建设补助资金管理探讨疑点清单、命中规则、风险等级、证据链、核查建议,,
OPTAGR-0035,OPTAGR-0035,MAGAGR-0042,构建农业科技成果转化交易效果评价指标体系案例检测算法,杂志案例算法,P0,L3,98,A,算法候选-严格保留,农业农村审计 / 金融审计 / 财政与政府债务,财政监督/农业农村审计,案例规则,data_scout / law_inspector,magazine_435_articles,构建农业科技成果转化交易效果评价指标体系,构建农业科技成果转化交易效果评价指标体系,D:\openclaw-workspace\knowledge\11-杂志文献\财政监督\4.构建农业科技成果转化交易效果评价指标体系.md,基于杂志案例《构建农业科技成果转化交易效果评价指标体系》提炼“构建农业科技成果转化交易效果评价指标体系”审计算法/规则，用于复用审计经验、生成疑点线索和核查程序。,文章案例文本；审计事项清单；问题线索台账；审计证据资料；预算指标表；财政支出明细；项目资金台账；合同流水；授信审批；还款记录,构建农业科技成果转化交易效果评价指标体系疑点清单、命中规则、风险等级、证据链、核查建议,,
OPTAGR-0036,OPTAGR-0036,MAGAGR-0024,乡镇财政资金监管问题及策略探究案例检测算法,杂志案例算法,P1,L3,94,A,算法候选-严格保留,农业农村审计 / 金融审计 / 财政与政府债务,财政监督/农业农村审计,案例规则,data_scout / law_inspector,magazine_435_articles,乡镇财政资金监管问题及策略探究,乡镇财政资金监管问题及策略探究,D:\openclaw-workspace\knowledge\11-杂志文献\财政监督\13.乡镇财政资金监管问题及策略探究.md,基于杂志案例《乡镇财政资金监管问题及策略探究》提炼“乡镇财政资金监管问题及策略探究”审计算法/规则，用于复用审计经验、生成疑点线索和核查程序。,文章案例文本；审计事项清单；问题线索台账；审计证据资料；预算指标表；财政支出明细；项目资金台账；合同流水；授信审批；还款记录,乡镇财政资金监管问题及策略探究疑点清单、命中规则、风险等级、证据链、核查建议,,
OPTAGR-0037,OPTAGR-0037,MAGAGR-0008,深入研究“双碳”审计服务国家发展战略案例检测算法,杂志案例算法,P1,L3,94,A,算法候选-严格保留,农业农村审计 / 金融审计 / 财政与政府债务,审计观察/农业农村审计,案例规则,data_scout / law_inspector,magazine_435_articles,深入研究“双碳”审计服务国家发展战略,深入研究“双碳”审计服务国家发展战略,D:\openclaw-workspace\knowledge\11-杂志文献\审计观察\3.深入研究“双碳”审计服务国家发展战略.md,基于杂志案例《深入研究“双碳”审计服务国家发展战略》提炼“深入研究“双碳”审计服务国家发展战略”审计算法/规则，用于复用审计经验、生成疑点线索和核查程序。,文章案例文本；审计事项清单；问题线索台账；审计证据资料；预算指标表；财政支出明细；项目资金台账；合同流水；授信审批；还款记录,深入研究“双碳”审计服务国家发展战略疑点清单、命中规则、风险等级、证据链、核查建议,,
OPTAGR-0038,OPTAGR-0038,MAGAGR-0006,在深化改革开放中激发高质量发展动力活力案例检测算法,杂志案例算法,P1,L3,91,A,算法候选-严格保留,农业农村审计 / 金融审计 / 财政与政府债务,四川注册会计师/农业农村审计,真实性,data_scout / law_inspector,magazine_435_articles,在深化改革开放中激发高质量发展动力活力,在深化改革开放中激发高质量发展动力活力,D:\openclaw-workspace\knowledge\11-杂志文献\四川注册会计师\014.在深化改革开放中激发高质量发展动力活力.md,基于杂志案例《在深化改革开放中激发高质量发展动力活力》提炼“在深化改革开放中激发高质量发展动力活力”审计算法/规则，用于复用审计经验、生成疑点线索和核查程序。,文章案例文本；审计事项清单；问题线索台账；审计证据资料；预算指标表；财政支出明细；项目资金台账；合同流水；授信审批；还款记录,在深化改革开放中激发高质量发展动力活力疑点清单、命中规则、风险等级、证据链、核查建议,,
OPTAGR-0039,OPTAGR-0039,MAGAGR-0029,财政部辽宁监管局：前移监管关口提早介入项目以全流程监管精准护航国债资金案例检测算法,杂志案例算法,P1,L3,91,A,算法候选-严格保留,农业农村审计 / 金融审计 / 财政与政府债务,财政监督/农业农村审计,案例规则,data_scout / law_inspector,magazine_435_articles,财政部辽宁监管局：前移监管关口提早介入项目以全流程监管精准护航国债资金,财政部辽宁监管局：前移监管关口提早介入项目以全流程监管精准护航国债资金,D:\openclaw-workspace\knowledge\11-杂志文献\财政监督\15.财政部辽宁监管局：前移监管 关 口 提 早 介 入 项 目 以全流 程监管精准护航国债资金.md,基于杂志案例《财政部辽宁监管局：前移监管关口提早介入项目以全流程监管精准护航国债资金》提炼“财政部辽宁监管局：前移监管关口提早介入项目以全流程监管精准护航国债资金”审计算法/规则，用于复用审计经验、生成疑点线索和核查程序。,文章案例文本；审计事项清单；问题线索台账；审计证据资料；预算指标表；财政支出明细；项目资金台账；合同流水；授信审批；还款记录,财政部辽宁监管局：前移监管关口提早介入项目以全流程监管精准护航国债资金疑点清单、命中规则、风险等级、证据链、核查建议,,
OPTENG-0001,OPTENG-0001,MAGENG-0002,对某一时段履行履约义务确认收入审计风险与应对案例检测算法,杂志案例算法,P0,L3,100,A,算法候选-严格保留,工程与投资审计 / 招投标与政府采购 / 财政与政府债务,四川注册会计师/工程与投资审计,异常性,settlement_auditor / budget_estimator,magazine_435_articles,对某一时段履行履约义务确认收入审计风险与应对,对某一时段履行履约义务确认收入审计风险与应对,D:\openclaw-workspace\knowledge\11-杂志文献\四川注册会计师\009.对某一时段履行履约义务确认收入审计风险与应对.md,基于杂志案例《对某一时段履行履约义务确认收入审计风险与应对》提炼“对某一时段履行履约义务确认收入审计风险与应对”审计算法/规则，用于复用审计经验、生成疑点线索和核查程序。,文章案例文本；审计事项清单；问题线索台账；审计证据资料；预算指标表；财政支出明细；项目资金台账；采购公告；投标文件；供应商信息,对某一时段履行履约义务确认收入审计风险与应对疑点清单、命中规则、风险等级、证据链、核查建议,,
OPTENG-0002,OPTENG-0002,ENGV6D-009,工程项目利润创造与造价风险控制-工程项目利润创造与造价风险控制.pdf检测算法,算法候选,P0,L3,99,A,算法候选-严格保留,工程与投资审计 / 招投标与政府采购 / 财政与政府债务,工程/工程与投资审计,异常性,settlement_auditor / budget_estimator,ocr_55_books_deep,工程项目利润创造与造价风险控制,工程项目利润创造与造价风险控制.pdf,E:\2026\审计方法&政策文件\_ocr_output\工程\工程项目利润创造与造价风险控制.pdf.md,基于《工程项目利润创造与造价风险控制》中“工程项目利润创造与造价风险控制.pdf”相关内容，识别审计对象在合规性、真实性、绩效性和责任链方面的风险，形成可复核的疑点、规则或指标输出。,项目台账；财务收支明细；合同与审批资料；支付凭证；审计发现清单；绩效指标表；产出效果数据；满意度问卷；工程量清单；结算书,工程项目利润创造与造价风险控制.pdf疑点清单、风险等级、命中规则、涉及金额、核查建议,,
OPTENG-0003,OPTENG-0003,MAGENG-0004,“双碳”目标下烟酒型审计的探索与实践案例检测算法,杂志案例算法,P1,L3,94,A,算法候选-严格保留,工程与投资审计 / 招投标与政府采购 / 财政与政府债务,审计观察/工程与投资审计,案例规则,settlement_auditor / budget_estimator,magazine_435_articles,“双碳”目标下烟酒型审计的探索与实践,“双碳”目标下烟酒型审计的探索与实践,D:\openclaw-workspace\knowledge\11-杂志文献\审计观察\6.“双碳”目标下烟酒型审计的探索与实践.md,基于杂志案例《“双碳”目标下烟酒型审计的探索与实践》提炼““双碳”目标下烟酒型审计的探索与实践”审计算法/规则，用于复用审计经验、生成疑点线索和核查程序。,文章案例文本；审计事项清单；问题线索台账；审计证据资料；预算指标表；财政支出明细；项目资金台账；采购公告；投标文件；供应商信息,“双碳”目标下烟酒型审计的探索与实践疑点清单、命中规则、风险等级、证据链、核查建议,,
OPTENG-0004,OPTENG-0005,ENGV6D-004,工程总承包政策精要-工程量真实性检测算法,算法候选,P1,L3,89,A,算法候选-严格保留,工程与投资审计 / 招投标与政府采购 / 财政与政府债务,工程/工程与投资审计,异常性,settlement_auditor / budget_estimator,ocr_55_books_deep,工程总承包政策精要,工程量真实性,E:\2026\审计方法&政策文件\_ocr_output\工程\工程总承包政策精要.pdf.md,基于《工程总承包政策精要》中“工程量真实性”相关内容，识别审计对象在合规性、真实性、绩效性和责任链方面的风险，形成可复核的疑点、规则或指标输出。,项目台账；财务收支明细；合同与审批资料；支付凭证；审计发现清单；工程量清单；结算书；签证变更；竣工资料；采购公告,工程量真实性疑点清单、风险等级、命中规则、涉及金额、核查建议,,
OPTENG-0005,OPTENG-0006,ENGV6D-012,工程项目利润创造与造价风险控制-工程造价异常检测算法,算法候选,P1,L3,89,A,算法候选-严格保留,工程与投资审计 / 招投标与政府采购 / 财政与政府债务,工程/工程与投资审计,异常性,settlement_auditor / budget_estimator,ocr_55_books_deep,工程项目利润创造与造价风险控制,工程造价异常,E:\2026\审计方法&政策文件\_ocr_output\工程\工程项目利润创造与造价风险控制.pdf.md,基于《工程项目利润创造与造价风险控制》中“工程造价异常”相关内容，识别审计对象在合规性、真实性、绩效性和责任链方面的风险，形成可复核的疑点、规则或指标输出。,项目台账；财务收支明细；合同与审批资料；支付凭证；审计发现清单；绩效指标表；产出效果数据；满意度问卷；工程量清单；结算书,工程造价异常疑点清单、风险等级、命中规则、涉及金额、核查建议,,
OPTENG-0006,OPTENG-0007,ENGV6D-017,工程项目利润创造与造价风险控制-隐蔽工程检测检测算法,算法候选,P1,L3,89,A,算法候选-严格保留,工程与投资审计 / 招投标与政府采购 / 财政与政府债务,工程/工程与投资审计,异常性,settlement_auditor / budget_estimator,ocr_55_books_deep,工程项目利润创造与造价风险控制,隐蔽工程检测,E:\2026\审计方法&政策文件\_ocr_output\工程\工程项目利润创造与造价风险控制.pdf.md,基于《工程项目利润创造与造价风险控制》中“隐蔽工程检测”相关内容，识别审计对象在合规性、真实性、绩效性和责任链方面的风险，形成可复核的疑点、规则或指标输出。,项目台账；财务收支明细；合同与审批资料；支付凭证；审计发现清单；绩效指标表；产出效果数据；满意度问卷；工程量清单；结算书,隐蔽工程检测疑点清单、风险等级、命中规则、涉及金额、核查建议,,
OPTENG-0007,OPTENG-0008,MAGENG-0003,我国碳审计的发展现状及技术路径分析案例检测算法,杂志案例算法,P1,L3,88,A,算法候选-严格保留,工程与投资审计 / 招投标与政府采购 / 财政与政府债务,审计观察/工程与投资审计,案例规则,settlement_auditor / budget_estimator,magazine_435_articles,我国碳审计的发展现状及技术路径分析,我国碳审计的发展现状及技术路径分析,D:\openclaw-workspace\knowledge\11-杂志文献\审计观察\4.我国碳审计的发展现状及 技术路径分析.md,基于杂志案例《我国碳审计的发展现状及技术路径分析》提炼“我国碳审计的发展现状及技术路径分析”审计算法/规则，用于复用审计经验、生成疑点线索和核查程序。,文章案例文本；审计事项清单；问题线索台账；审计证据资料；预算指标表；财政支出明细；项目资金台账；采购公告；投标文件；供应商信息,我国碳审计的发展现状及技术路径分析疑点清单、命中规则、风险等级、证据链、核查建议,,
OPTSOC-0001,OPTSOC-0001,MAGSOC-0009,004中国式现代化预算绩效管理改革之路案例检测算法,杂志案例算法,P0,L3,100,A,算法候选-严格保留,民生与社保医保 / 预算执行与财政管理 / 招投标与政府采购,财政监督/民生与社保医保,案例规则,data_scout / performance_evaluator,magazine_435_articles,004中国式现代化预算绩效管理改革之路,004中国式现代化预算绩效管理改革之路,D:\openclaw-workspace\knowledge\11-杂志文献\财政监督\004中国式现代化预算绩效管理改革之路.md,基于杂志案例《004中国式现代化预算绩效管理改革之路》提炼“004中国式现代化预算绩效管理改革之路”审计算法/规则，用于复用审计经验、生成疑点线索和核查程序。,文章案例文本；审计事项清单；问题线索台账；审计证据资料；预算指标表；财政支出明细；项目资金台账；绩效目标表；绩效评价指标；产出效果数据,004中国式现代化预算绩效管理改革之路疑点清单、命中规则、风险等级、证据链、核查建议,,
OPTSOC-0002,OPTSOC-0002,MAGSOC-0011,005新时代人大预算监督改革回顾与展望案例检测算法,杂志案例算法,P0,L3,100,A,算法候选-严格保留,民生与社保医保 / 预算执行与财政管理 / 招投标与政府采购,财政监督/民生与社保医保,案例规则,data_scout / performance_evaluator,magazine_435_articles,005新时代人大预算监督改革回顾与展望,005新时代人大预算监督改革回顾与展望,D:\openclaw-workspace\knowledge\11-杂志文献\财政监督\005新时代人大预算监督改革回顾与展望.md,基于杂志案例《005新时代人大预算监督改革回顾与展望》提炼“005新时代人大预算监督改革回顾与展望”审计算法/规则，用于复用审计经验、生成疑点线索和核查程序。,文章案例文本；审计事项清单；问题线索台账；审计证据资料；预算指标表；财政支出明细；项目资金台账；内控制度；会计凭证；工作底稿,005新时代人大预算监督改革回顾与展望疑点清单、命中规则、风险等级、证据链、核查建议,,
OPTSOC-0003,OPTSOC-0003,MAGSOC-0012,007如何进一步强化财政暂付款监管案例检测算法,杂志案例算法,P0,L3,100,A,算法候选-严格保留,民生与社保医保 / 预算执行与财政管理 / 招投标与政府采购,财政监督/民生与社保医保,案例规则,data_scout / performance_evaluator,magazine_435_articles,007如何进一步强化财政暂付款监管,007如何进一步强化财政暂付款监管,D:\openclaw-workspace\knowledge\11-杂志文献\财政监督\007如何进一步强化财政暂付款监管.md,基于杂志案例《007如何进一步强化财政暂付款监管》提炼“007如何进一步强化财政暂付款监管”审计算法/规则，用于复用审计经验、生成疑点线索和核查程序。,文章案例文本；审计事项清单；问题线索台账；审计证据资料；预算指标表；财政支出明细；项目资金台账；采购公告；投标文件；供应商信息,007如何进一步强化财政暂付款监管疑点清单、命中规则、风险等级、证据链、核查建议,,
OPTSOC-0004,OPTSOC-0004,MAGSOC-0013,010关于数字化转型背景下政务信息化项目事前绩效评估的思考案例检测算法,杂志案例算法,P0,L4,100,A,算法候选-严格保留,民生与社保医保 / 预算执行与财政管理 / 招投标与政府采购,财政监督/民生与社保医保,案例规则,data_scout / performance_evaluator,magazine_435_articles,010关于数字化转型背景下政务信息化项目事前绩效评估的思考,010关于数字化转型背景下政务信息化项目事前绩效评估的思考,D:\openclaw-workspace\knowledge\11-杂志文献\财政监督\010关于数字化转型背景下政务信息化项目事前绩效评估的思考.md,基于杂志案例《010关于数字化转型背景下政务信息化项目事前绩效评估的思考》提炼“010关于数字化转型背景下政务信息化项目事前绩效评估的思考”审计算法/规则，用于复用审计经验、生成疑点线索和核查程序。,文章案例文本；审计事项清单；问题线索台账；审计证据资料；预算指标表；财政支出明细；项目资金台账；绩效目标表；绩效评价指标；产出效果数据,010关于数字化转型背景下政务信息化项目事前绩效评估的思考疑点清单、命中规则、风险等级、证据链、核查建议,,
OPTSOC-0005,OPTSOC-0005,MAGSOC-0014,011打造政策绩效评估新模式助力实体经济高质量发展案例检测算法,杂志案例算法,P0,L3,100,A,算法候选-严格保留,民生与社保医保 / 预算执行与财政管理 / 招投标与政府采购,财政监督/民生与社保医保,真实性,data_scout / performance_evaluator,magazine_435_articles,011打造政策绩效评估新模式助力实体经济高质量发展,011打造政策绩效评估新模式助力实体经济高质量发展,D:\openclaw-workspace\knowledge\11-杂志文献\财政监督\011打造政策绩效评估新模式助力实体经济高质量发展.md,基于杂志案例《011打造政策绩效评估新模式助力实体经济高质量发展》提炼“011打造政策绩效评估新模式助力实体经济高质量发展”审计算法/规则，用于复用审计经验、生成疑点线索和核查程序。,文章案例文本；审计事项清单；问题线索台账；审计证据资料；预算指标表；财政支出明细；项目资金台账；绩效目标表；绩效评价指标；产出效果数据,011打造政策绩效评估新模式助力实体经济高质量发展疑点清单、命中规则、风险等级、证据链、核查建议,,
OPTSOC-0006,OPTSOC-0006,MAGSOC-0015,012全面实施预算绩效管理的地方实践案例检测算法,杂志案例算法,P0,L3,100,A,算法候选-严格保留,民生与社保医保 / 预算执行与财政管理 / 招投标与政府采购,财政监督/民生与社保医保,案例规则,data_scout / performance_evaluator,magazine_435_articles,012全面实施预算绩效管理的地方实践,012全面实施预算绩效管理的地方实践,D:\openclaw-workspace\knowledge\11-杂志文献\财政监督\012全面实施预算绩效管理的地方实践.md,基于杂志案例《012全面实施预算绩效管理的地方实践》提炼“012全面实施预算绩效管理的地方实践”审计算法/规则，用于复用审计经验、生成疑点线索和核查程序。,文章案例文本；审计事项清单；问题线索台账；审计证据资料；预算指标表；财政支出明细；项目资金台账；绩效目标表；绩效评价指标；产出效果数据,012全面实施预算绩效管理的地方实践疑点清单、命中规则、风险等级、证据链、核查建议,,
OPTSOC-0007,OPTSOC-0007,MAGSOC-0016,012绩效管理导向下派出所经费保障的全成本分析案例检测算法,杂志案例算法,P0,L3,100,A,算法候选-严格保留,民生与社保医保 / 预算执行与财政管理 / 招投标与政府采购,财政监督/民生与社保医保,案例规则,data_scout / performance_evaluator,magazine_435_articles,012绩效管理导向下派出所经费保障的全成本分析,012绩效管理导向下派出所经费保障的全成本分析,D:\openclaw-workspace\knowledge\11-杂志文献\财政监督\012绩效管理导向下派出所经费保障的全成本分析.md,基于杂志案例《012绩效管理导向下派出所经费保障的全成本分析》提炼“012绩效管理导向下派出所经费保障的全成本分析”审计算法/规则，用于复用审计经验、生成疑点线索和核查程序。,文章案例文本；审计事项清单；问题线索台账；审计证据资料；预算指标表；财政支出明细；项目资金台账；绩效目标表；绩效评价指标；产出效果数据,012绩效管理导向下派出所经费保障的全成本分析疑点清单、命中规则、风险等级、证据链、核查建议,,
OPTSOC-0008,OPTSOC-0008,MAGSOC-0017,014提升政府购买服务监管质效案例检测算法,杂志案例算法,P0,L3,100,A,算法候选-严格保留,民生与社保医保 / 预算执行与财政管理 / 招投标与政府采购,财政监督/民生与社保医保,案例规则,data_scout / performance_evaluator,magazine_435_articles,014提升政府购买服务监管质效,014提升政府购买服务监管质效,D:\openclaw-workspace\knowledge\11-杂志文献\财政监督\014提升政府购买服务监管质效.md,基于杂志案例《014提升政府购买服务监管质效》提炼“014提升政府购买服务监管质效”审计算法/规则，用于复用审计经验、生成疑点线索和核查程序。,文章案例文本；审计事项清单；问题线索台账；审计证据资料；预算指标表；财政支出明细；项目资金台账；采购公告；投标文件；供应商信息,014提升政府购买服务监管质效疑点清单、命中规则、风险等级、证据链、核查建议,,
OPTSOC-0009,OPTSOC-0009,MAGSOC-0018,014数智化赋能财会监督人才培养研究案例检测算法,杂志案例算法,P0,L3,100,A,算法候选-严格保留,民生与社保医保 / 预算执行与财政管理 / 招投标与政府采购,财政监督/民生与社保医保,案例规则,data_scout / performance_evaluator,magazine_435_articles,014数智化赋能财会监督人才培养研究,014数智化赋能财会监督人才培养研究,D:\openclaw-workspace\knowledge\11-杂志文献\财政监督\014数智化赋能财会监督人才培养研究.md,基于杂志案例《014数智化赋能财会监督人才培养研究》提炼“014数智化赋能财会监督人才培养研究”审计算法/规则，用于复用审计经验、生成疑点线索和核查程序。,文章案例文本；审计事项清单；问题线索台账；审计证据资料；预算指标表；财政支出明细；项目资金台账；内控制度；会计凭证；工作底稿,014数智化赋能财会监督人才培养研究疑点清单、命中规则、风险等级、证据链、核查建议,,
OPTSOC-0010,OPTSOC-0010,MAGSOC-0020,018按效付费下的PPP项目物有所值目标研究案例检测算法,杂志案例算法,P0,L3,100,A,算法候选-严格保留,民生与社保医保 / 预算执行与财政管理 / 招投标与政府采购,财政监督/民生与社保医保,案例规则,data_scout / performance_evaluator,magazine_435_articles,018按效付费下的PPP项目物有所值目标研究,018按效付费下的PPP项目物有所值目标研究,D:\openclaw-workspace\knowledge\11-杂志文献\财政监督\018按效付费下的PPP 项目物有所值目标研究.md,基于杂志案例《018按效付费下的PPP项目物有所值目标研究》提炼“018按效付费下的PPP项目物有所值目标研究”审计算法/规则，用于复用审计经验、生成疑点线索和核查程序。,文章案例文本；审计事项清单；问题线索台账；审计证据资料；预算指标表；财政支出明细；项目资金台账；采购公告；投标文件；供应商信息,018按效付费下的PPP项目物有所值目标研究疑点清单、命中规则、风险等级、证据链、核查建议,,
OPTSOC-0011,OPTSOC-0011,MAGSOC-0021,020防范地方政府性债务风险的对策建议案例检测算法,杂志案例算法,P0,L3,100,A,算法候选-严格保留,民生与社保医保 / 预算执行与财政管理 / 招投标与政府采购,财政监督/民生与社保医保,异常性,data_scout / performance_evaluator,magazine_435_articles,020防范地方政府性债务风险的对策建议,020防范地方政府性债务风险的对策建议,D:\openclaw-workspace\knowledge\11-杂志文献\财政监督\020防范地方政府性债务风险的对策建议.md,基于杂志案例《020防范地方政府性债务风险的对策建议》提炼“020防范地方政府性债务风险的对策建议”审计算法/规则，用于复用审计经验、生成疑点线索和核查程序。,文章案例文本；审计事项清单；问题线索台账；审计证据资料；预算指标表；财政支出明细；项目资金台账；采购公告；投标文件；供应商信息,020防范地方政府性债务风险的对策建议疑点清单、命中规则、风险等级、证据链、核查建议,,
OPTSOC-0012,OPTSOC-0012,MAGSOC-0043,PPP发展水平与地方财政承受力研究案例检测算法,杂志案例算法,P0,L3,100,A,算法候选-严格保留,民生与社保医保 / 预算执行与财政管理 / 招投标与政府采购,财政监督/民生与社保医保,案例规则,data_scout / performance_evaluator,magazine_435_articles,PPP发展水平与地方财政承受力研究,PPP发展水平与地方财政承受力研究,D:\openclaw-workspace\knowledge\11-杂志文献\财政监督\19.PPP 发展水平与地方财政承受力研究.md,基于杂志案例《PPP发展水平与地方财政承受力研究》提炼“PPP发展水平与地方财政承受力研究”审计算法/规则，用于复用审计经验、生成疑点线索和核查程序。,文章案例文本；审计事项清单；问题线索台账；审计证据资料；预算指标表；财政支出明细；项目资金台账；采购公告；投标文件；供应商信息,PPP发展水平与地方财政承受力研究疑点清单、命中规则、风险等级、证据链、核查建议,,
OPTSOC-0013,OPTSOC-0013,MAGSOC-0055,中国税制改革的十年(2012—2022)回顾与前瞻案例检测算法,杂志案例算法,P0,L3,100,A,算法候选-严格保留,民生与社保医保 / 预算执行与财政管理 / 招投标与政府采购,财政监督/民生与社保医保,案例规则,data_scout / performance_evaluator,magazine_435_articles,中国税制改革的十年(2012—2022)回顾与前瞻,中国税制改革的十年(2012—2022)回顾与前瞻,D:\openclaw-workspace\knowledge\11-杂志文献\财政监督\22.中国税制改革的十年(2012—2022)回顾与前瞻.md,基于杂志案例《中国税制改革的十年(2012—2022)回顾与前瞻》提炼“中国税制改革的十年(2012—2022)回顾与前瞻”审计算法/规则，用于复用审计经验、生成疑点线索和核查程序。,文章案例文本；审计事项清单；问题线索台账；审计证据资料；预算指标表；财政支出明细；项目资金台账；纳税申报表；发票明细；税收优惠台账,中国税制改革的十年(2012—2022)回顾与前瞻疑点清单、命中规则、风险等级、证据链、核查建议,,
OPTSOC-0014,OPTSOC-0014,MAGSOC-0051,事业单位财务数智化转型路径研究案例检测算法,杂志案例算法,P0,L3,100,A,算法候选-严格保留,民生与社保医保 / 预算执行与财政管理 / 招投标与政府采购,财政监督/民生与社保医保,案例规则,data_scout / performance_evaluator,magazine_435_articles,事业单位财务数智化转型路径研究,事业单位财务数智化转型路径研究,D:\openclaw-workspace\knowledge\11-杂志文献\财政监督\20.事业单位财务数智化转型路径研究.md,基于杂志案例《事业单位财务数智化转型路径研究》提炼“事业单位财务数智化转型路径研究”审计算法/规则，用于复用审计经验、生成疑点线索和核查程序。,文章案例文本；审计事项清单；问题线索台账；审计证据资料；预算指标表；财政支出明细；项目资金台账；采购公告；投标文件；供应商信息,事业单位财务数智化转型路径研究疑点清单、命中规则、风险等级、证据链、核查建议,,
OPTSOC-0015,OPTSOC-0015,MAGSOC-0026,人才政策绩效评价及分析案例检测算法,杂志案例算法,P0,L3,100,A,算法候选-严格保留,民生与社保医保 / 预算执行与财政管理 / 招投标与政府采购,财政监督/民生与社保医保,案例规则,data_scout / performance_evaluator,magazine_435_articles,人才政策绩效评价及分析,人才政策绩效评价及分析,D:\openclaw-workspace\knowledge\11-杂志文献\财政监督\11.人才政策绩效评价及分析.md,基于杂志案例《人才政策绩效评价及分析》提炼“人才政策绩效评价及分析”审计算法/规则，用于复用审计经验、生成疑点线索和核查程序。,文章案例文本；审计事项清单；问题线索台账；审计证据资料；预算指标表；财政支出明细；项目资金台账；绩效目标表；绩效评价指标；产出效果数据,人才政策绩效评价及分析疑点清单、命中规则、风险等级、证据链、核查建议,,
OPTSOC-0016,OPTSOC-0016,MAGSOC-0062,以人大预算审查监督防范地方财政风险案例检测算法,杂志案例算法,P0,L3,100,A,算法候选-严格保留,民生与社保医保 / 预算执行与财政管理 / 招投标与政府采购,财政监督/民生与社保医保,异常性,data_scout / performance_evaluator,magazine_435_articles,以人大预算审查监督防范地方财政风险,以人大预算审查监督防范地方财政风险,D:\openclaw-workspace\knowledge\11-杂志文献\财政监督\5.以人大预算审查监督防范地方财政风险.md,基于杂志案例《以人大预算审查监督防范地方财政风险》提炼“以人大预算审查监督防范地方财政风险”审计算法/规则，用于复用审计经验、生成疑点线索和核查程序。,文章案例文本；审计事项清单；问题线索台账；审计证据资料；预算指标表；财政支出明细；项目资金台账；内控制度；会计凭证；工作底稿,以人大预算审查监督防范地方财政风险疑点清单、命中规则、风险等级、证据链、核查建议,,
OPTSOC-0017,OPTSOC-0017,MAGSOC-0037,以预算管理改革提升财政资金使用绩效案例检测算法,杂志案例算法,P0,L3,100,A,算法候选-严格保留,民生与社保医保 / 预算执行与财政管理 / 招投标与政府采购,财政监督/民生与社保医保,案例规则,data_scout / performance_evaluator,magazine_435_articles,以预算管理改革提升财政资金使用绩效,以预算管理改革提升财政资金使用绩效,D:\openclaw-workspace\knowledge\11-杂志文献\财政监督\16.以预算管理改革提升财政资金使用绩效.md,基于杂志案例《以预算管理改革提升财政资金使用绩效》提炼“以预算管理改革提升财政资金使用绩效”审计算法/规则，用于复用审计经验、生成疑点线索和核查程序。,文章案例文本；审计事项清单；问题线索台账；审计证据资料；预算指标表；财政支出明细；项目资金台账；绩效目标表；绩效评价指标；产出效果数据,以预算管理改革提升财政资金使用绩效疑点清单、命中规则、风险等级、证据链、核查建议,,
OPTSOC-0018,OPTSOC-0018,MAGSOC-0057,依法审查监督开拓人大预算审查监督新局面案例检测算法,杂志案例算法,P0,L3,100,A,算法候选-严格保留,民生与社保医保 / 预算执行与财政管理 / 招投标与政府采购,财政监督/民生与社保医保,案例规则,data_scout / performance_evaluator,magazine_435_articles,依法审查监督开拓人大预算审查监督新局面,依法审查监督开拓人大预算审查监督新局面,D:\openclaw-workspace\knowledge\11-杂志文献\财政监督\3.依法审查监督开拓人大预算审查监督新局面.md,基于杂志案例《依法审查监督开拓人大预算审查监督新局面》提炼“依法审查监督开拓人大预算审查监督新局面”审计算法/规则，用于复用审计经验、生成疑点线索和核查程序。,文章案例文本；审计事项清单；问题线索台账；审计证据资料；预算指标表；财政支出明细；项目资金台账；内控制度；会计凭证；工作底稿,依法审查监督开拓人大预算审查监督新局面疑点清单、命中规则、风险等级、证据链、核查建议,,
OPTSOC-0019,OPTSOC-0019,MAGSOC-0047,全成本预算绩效管理优化路径分析案例检测算法,杂志案例算法,P0,L3,100,A,算法候选-严格保留,民生与社保医保 / 预算执行与财政管理 / 招投标与政府采购,财政监督/民生与社保医保,案例规则,data_scout / performance_evaluator,magazine_435_articles,全成本预算绩效管理优化路径分析,全成本预算绩效管理优化路径分析,D:\openclaw-workspace\knowledge\11-杂志文献\财政监督\2.全成本预算绩效管理优化路径分析.md,基于杂志案例《全成本预算绩效管理优化路径分析》提炼“全成本预算绩效管理优化路径分析”审计算法/规则，用于复用审计经验、生成疑点线索和核查程序。,文章案例文本；审计事项清单；问题线索台账；审计证据资料；预算指标表；财政支出明细；项目资金台账；绩效目标表；绩效评价指标；产出效果数据,全成本预算绩效管理优化路径分析疑点清单、命中规则、风险等级、证据链、核查建议,,
OPTSOC-0020,OPTSOC-0020,MAGSOC-0058,全成本预算绩效管理实例分析案例检测算法,杂志案例算法,P0,L3,100,A,算法候选-严格保留,民生与社保医保 / 预算执行与财政管理 / 招投标与政府采购,财政监督/民生与社保医保,案例规则,data_scout / performance_evaluator,magazine_435_articles,全成本预算绩效管理实例分析,全成本预算绩效管理实例分析,D:\openclaw-workspace\knowledge\11-杂志文献\财政监督\4.全成本预算绩效管理实例分析.md,基于杂志案例《全成本预算绩效管理实例分析》提炼“全成本预算绩效管理实例分析”审计算法/规则，用于复用审计经验、生成疑点线索和核查程序。,文章案例文本；审计事项清单；问题线索台账；审计证据资料；预算指标表；财政支出明细；项目资金台账；绩效目标表；绩效评价指标；产出效果数据,全成本预算绩效管理实例分析疑点清单、命中规则、风险等级、证据链、核查建议,,
OPTSOC-0021,OPTSOC-0021,MAGSOC-0034,公立医院内部控制信息化体系研究案例检测算法,杂志案例算法,P0,L3,100,A,算法候选-严格保留,民生与社保医保 / 预算执行与财政管理 / 招投标与政府采购,财政监督/民生与社保医保,案例规则,data_scout / performance_evaluator,magazine_435_articles,公立医院内部控制信息化体系研究,公立医院内部控制信息化体系研究,D:\openclaw-workspace\knowledge\11-杂志文献\财政监督\15.公立医院内部控制信息化体系研究.md,基于杂志案例《公立医院内部控制信息化体系研究》提炼“公立医院内部控制信息化体系研究”审计算法/规则，用于复用审计经验、生成疑点线索和核查程序。,文章案例文本；审计事项清单；问题线索台账；审计证据资料；预算指标表；财政支出明细；项目资金台账；采购公告；投标文件；供应商信息,公立医院内部控制信息化体系研究疑点清单、命中规则、风险等级、证据链、核查建议,,
OPTSOC-0022,OPTSOC-0022,MAGSOC-0023,共同富裕背景下财政促进就业政策绩效分析案例检测算法,杂志案例算法,P0,L3,100,A,算法候选-严格保留,民生与社保医保 / 预算执行与财政管理 / 招投标与政府采购,财政监督/民生与社保医保,案例规则,data_scout / performance_evaluator,magazine_435_articles,共同富裕背景下财政促进就业政策绩效分析,共同富裕背景下财政促进就业政策绩效分析,D:\openclaw-workspace\knowledge\11-杂志文献\财政监督\10.共同富裕背景下财政促进就业政策绩效分析.md,基于杂志案例《共同富裕背景下财政促进就业政策绩效分析》提炼“共同富裕背景下财政促进就业政策绩效分析”审计算法/规则，用于复用审计经验、生成疑点线索和核查程序。,文章案例文本；审计事项清单；问题线索台账；审计证据资料；预算指标表；财政支出明细；项目资金台账；绩效目标表；绩效评价指标；产出效果数据,共同富裕背景下财政促进就业政策绩效分析疑点清单、命中规则、风险等级、证据链、核查建议,,
OPTSOC-0023,OPTSOC-0023,MAGSOC-0067,关注地方预决算公开度排行榜案例检测算法,杂志案例算法,P0,L3,100,A,算法候选-严格保留,民生与社保医保 / 预算执行与财政管理 / 招投标与政府采购,财政监督/民生与社保医保,案例规则,data_scout / performance_evaluator,magazine_435_articles,关注地方预决算公开度排行榜,关注地方预决算公开度排行榜,D:\openclaw-workspace\knowledge\11-杂志文献\财政监督\6.关注地方预决算公开度排行榜.md,基于杂志案例《关注地方预决算公开度排行榜》提炼“关注地方预决算公开度排行榜”审计算法/规则，用于复用审计经验、生成疑点线索和核查程序。,文章案例文本；审计事项清单；问题线索台账；审计证据资料；预算指标表；财政支出明细；项目资金台账；采购公告；投标文件；供应商信息,关注地方预决算公开度排行榜疑点清单、命中规则、风险等级、证据链、核查建议,,
OPTSOC-0024,OPTSOC-0024,MAGSOC-0039,内部控制视域下加强地方政府债务风险管理的对策案例检测算法,杂志案例算法,P0,L3,100,A,算法候选-严格保留,民生与社保医保 / 预算执行与财政管理 / 招投标与政府采购,财政监督/民生与社保医保,异常性,data_scout / performance_evaluator,magazine_435_articles,内部控制视域下加强地方政府债务风险管理的对策,内部控制视域下加强地方政府债务风险管理的对策,D:\openclaw-workspace\knowledge\11-杂志文献\财政监督\17.内部控制视域下加强地方政府债务风险管理的对策.md,基于杂志案例《内部控制视域下加强地方政府债务风险管理的对策》提炼“内部控制视域下加强地方政府债务风险管理的对策”审计算法/规则，用于复用审计经验、生成疑点线索和核查程序。,文章案例文本；审计事项清单；问题线索台账；审计证据资料；预算指标表；财政支出明细；项目资金台账；采购公告；投标文件；供应商信息,内部控制视域下加强地方政府债务风险管理的对策疑点清单、命中规则、风险等级、证据链、核查建议,,
OPTSOC-0025,OPTSOC-0025,MAGSOC-0072,加强民生支出财政监督切实提升民生福祉案例检测算法,杂志案例算法,P0,L3,100,A,算法候选-严格保留,民生与社保医保 / 预算执行与财政管理 / 招投标与政府采购,财政监督/民生与社保医保,案例规则,data_scout / performance_evaluator,magazine_435_articles,加强民生支出财政监督切实提升民生福祉,加强民生支出财政监督切实提升民生福祉,D:\openclaw-workspace\knowledge\11-杂志文献\财政监督\7.加强民生支出财政监督切实提升民生福祉.md,基于杂志案例《加强民生支出财政监督切实提升民生福祉》提炼“加强民生支出财政监督切实提升民生福祉”审计算法/规则，用于复用审计经验、生成疑点线索和核查程序。,文章案例文本；审计事项清单；问题线索台账；审计证据资料；预算指标表；财政支出明细；项目资金台账；内控制度；会计凭证；工作底稿,加强民生支出财政监督切实提升民生福祉疑点清单、命中规则、风险等级、证据链、核查建议,,
OPTSOC-0026,OPTSOC-0026,MAGSOC-0074,区县财政运行综合绩效评价探索案例检测算法,杂志案例算法,P0,L3,100,A,算法候选-严格保留,民生与社保医保 / 预算执行与财政管理 / 招投标与政府采购,财政监督/民生与社保医保,案例规则,data_scout / performance_evaluator,magazine_435_articles,区县财政运行综合绩效评价探索,区县财政运行综合绩效评价探索,D:\openclaw-workspace\knowledge\11-杂志文献\财政监督\8.区县财政运行综合绩效评价探索.md,基于杂志案例《区县财政运行综合绩效评价探索》提炼“区县财政运行综合绩效评价探索”审计算法/规则，用于复用审计经验、生成疑点线索和核查程序。,文章案例文本；审计事项清单；问题线索台账；审计证据资料；预算指标表；财政支出明细；项目资金台账；绩效目标表；绩效评价指标；产出效果数据,区县财政运行综合绩效评价探索疑点清单、命中规则、风险等级、证据链、核查建议,,
OPTSOC-0027,OPTSOC-0027,MAGSOC-0044,地方政府产业投资基金审计质量提升路径探讨案例检测算法,杂志案例算法,P0,L3,100,A,算法候选-严格保留,民生与社保医保 / 预算执行与财政管理 / 招投标与政府采购,财政监督/民生与社保医保,真实性,data_scout / performance_evaluator,magazine_435_articles,地方政府产业投资基金审计质量提升路径探讨,地方政府产业投资基金审计质量提升路径探讨,D:\openclaw-workspace\knowledge\11-杂志文献\财政监督\19.地方政府产业投资基金审计质量提升路径探讨.md,基于杂志案例《地方政府产业投资基金审计质量提升路径探讨》提炼“地方政府产业投资基金审计质量提升路径探讨”审计算法/规则，用于复用审计经验、生成疑点线索和核查程序。,文章案例文本；审计事项清单；问题线索台账；审计证据资料；预算指标表；财政支出明细；项目资金台账；采购公告；投标文件；供应商信息,地方政府产业投资基金审计质量提升路径探讨疑点清单、命中规则、风险等级、证据链、核查建议,,
OPTSOC-0028,OPTSOC-0028,MAGSOC-0054,基层央行数字人民币应用的财务问题研究案例检测算法,杂志案例算法,P0,L3,100,A,算法候选-严格保留,民生与社保医保 / 预算执行与财政管理 / 招投标与政府采购,财政监督/民生与社保医保,案例规则,data_scout / performance_evaluator,magazine_435_articles,基层央行数字人民币应用的财务问题研究,基层央行数字人民币应用的财务问题研究,D:\openclaw-workspace\knowledge\11-杂志文献\财政监督\21.基层央行数字人民币应用的财务问题研究.md,基于杂志案例《基层央行数字人民币应用的财务问题研究》提炼“基层央行数字人民币应用的财务问题研究”审计算法/规则，用于复用审计经验、生成疑点线索和核查程序。,文章案例文本；审计事项清单；问题线索台账；审计证据资料；预算指标表；财政支出明细；项目资金台账；采购公告；投标文件；供应商信息,基层央行数字人民币应用的财务问题研究疑点清单、命中规则、风险等级、证据链、核查建议,,
OPTSOC-0029,OPTSOC-0029,MAGSOC-0035,基层财政监督促共富路径探索案例检测算法,杂志案例算法,P0,L3,100,A,算法候选-严格保留,民生与社保医保 / 预算执行与财政管理 / 招投标与政府采购,财政监督/民生与社保医保,案例规则,data_scout / performance_evaluator,magazine_435_articles,基层财政监督促共富路径探索,基层财政监督促共富路径探索,D:\openclaw-workspace\knowledge\11-杂志文献\财政监督\15.基层财政监督促共富路径探索.md,基于杂志案例《基层财政监督促共富路径探索》提炼“基层财政监督促共富路径探索”审计算法/规则，用于复用审计经验、生成疑点线索和核查程序。,文章案例文本；审计事项清单；问题线索台账；审计证据资料；预算指标表；财政支出明细；项目资金台账；内控制度；会计凭证；工作底稿,基层财政监督促共富路径探索疑点清单、命中规则、风险等级、证据链、核查建议,,
OPTSOC-0030,OPTSOC-0030,MAGSOC-0031,基层预算绩效管理改革的创新实践案例检测算法,杂志案例算法,P0,L3,100,A,算法候选-严格保留,民生与社保医保 / 预算执行与财政管理 / 招投标与政府采购,财政监督/民生与社保医保,案例规则,data_scout / performance_evaluator,magazine_435_articles,基层预算绩效管理改革的创新实践,基层预算绩效管理改革的创新实践,D:\openclaw-workspace\knowledge\11-杂志文献\财政监督\13.基层预算绩效管理改革的创新实践.md,基于杂志案例《基层预算绩效管理改革的创新实践》提炼“基层预算绩效管理改革的创新实践”审计算法/规则，用于复用审计经验、生成疑点线索和核查程序。,文章案例文本；审计事项清单；问题线索台账；审计证据资料；预算指标表；财政支出明细；项目资金台账；绩效目标表；绩效评价指标；产出效果数据,基层预算绩效管理改革的创新实践疑点清单、命中规则、风险等级、证据链、核查建议,,
OPTSOC-0031,OPTSOC-0031,MAGSOC-0059,完善预算执行动态监控机制探索案例检测算法,杂志案例算法,P0,L4,100,A,算法候选-严格保留,民生与社保医保 / 预算执行与财政管理 / 招投标与政府采购,财政监督/民生与社保医保,案例规则,data_scout / performance_evaluator,magazine_435_articles,大数据背景下完善预算执行动态监控机制探索,完善预算执行动态监控机制探索,D:\openclaw-workspace\knowledge\11-杂志文献\财政监督\4.大数据背景下完善预算执行动态监控机制探索.md,基于杂志案例《大数据背景下完善预算执行动态监控机制探索》提炼“完善预算执行动态监控机制探索”审计算法/规则，用于复用审计经验、生成疑点线索和核查程序。,文章案例文本；审计事项清单；问题线索台账；审计证据资料；预算指标表；财政支出明细；项目资金台账；采购公告；投标文件；供应商信息,完善预算执行动态监控机制探索疑点清单、命中规则、风险等级、证据链、核查建议,,
OPTSOC-0032,OPTSOC-0032,MAGSOC-0060,完善地方人大预算绩效监督的思考案例检测算法,杂志案例算法,P0,L3,100,A,算法候选-严格保留,民生与社保医保 / 预算执行与财政管理 / 招投标与政府采购,财政监督/民生与社保医保,案例规则,data_scout / performance_evaluator,magazine_435_articles,完善地方人大预算绩效监督的思考,完善地方人大预算绩效监督的思考,D:\openclaw-workspace\knowledge\11-杂志文献\财政监督\4.完善地方人大预算绩效监督的思考.md,基于杂志案例《完善地方人大预算绩效监督的思考》提炼“完善地方人大预算绩效监督的思考”审计算法/规则，用于复用审计经验、生成疑点线索和核查程序。,文章案例文本；审计事项清单；问题线索台账；审计证据资料；预算指标表；财政支出明细；项目资金台账；绩效目标表；绩效评价指标；产出效果数据,完善地方人大预算绩效监督的思考疑点清单、命中规则、风险等级、证据链、核查建议,,
OPTSOC-0033,OPTSOC-0033,MAGSOC-0045,建筑企业数字化转型的动因与路径研究案例检测算法,杂志案例算法,P0,L4,100,A,算法候选-严格保留,民生与社保医保 / 预算执行与财政管理 / 招投标与政府采购,财政监督/民生与社保医保,案例规则,data_scout / performance_evaluator,magazine_435_articles,建筑企业数字化转型的动因与路径研究,建筑企业数字化转型的动因与路径研究,D:\openclaw-workspace\knowledge\11-杂志文献\财政监督\19.建筑企业数字化转型的动因与路径研究.md,基于杂志案例《建筑企业数字化转型的动因与路径研究》提炼“建筑企业数字化转型的动因与路径研究”审计算法/规则，用于复用审计经验、生成疑点线索和核查程序。,文章案例文本；审计事项清单；问题线索台账；审计证据资料；预算指标表；财政支出明细；项目资金台账；采购公告；投标文件；供应商信息,建筑企业数字化转型的动因与路径研究疑点清单、命中规则、风险等级、证据链、核查建议,,
OPTSOC-0034,OPTSOC-0034,MAGSOC-0046,我国房地产企业成本控制问题研究案例检测算法,杂志案例算法,P0,L3,100,A,算法候选-严格保留,民生与社保医保 / 预算执行与财政管理 / 招投标与政府采购,财政监督/民生与社保医保,案例规则,data_scout / performance_evaluator,magazine_435_articles,我国房地产企业成本控制问题研究,我国房地产企业成本控制问题研究,D:\openclaw-workspace\knowledge\11-杂志文献\财政监督\19.我国房地产企业成本控制问题研究.md,基于杂志案例《我国房地产企业成本控制问题研究》提炼“我国房地产企业成本控制问题研究”审计算法/规则，用于复用审计经验、生成疑点线索和核查程序。,文章案例文本；审计事项清单；问题线索台账；审计证据资料；预算指标表；财政支出明细；项目资金台账；采购公告；投标文件；供应商信息,我国房地产企业成本控制问题研究疑点清单、命中规则、风险等级、证据链、核查建议,,
OPTSOC-0035,OPTSOC-0035,MAGSOC-0030,技术改造专项资金绩效评价实践探索案例检测算法,杂志案例算法,P0,L3,100,A,算法候选-严格保留,民生与社保医保 / 预算执行与财政管理 / 招投标与政府采购,财政监督/民生与社保医保,案例规则,data_scout / performance_evaluator,magazine_435_articles,技术改造专项资金绩效评价实践探索,技术改造专项资金绩效评价实践探索,D:\openclaw-workspace\knowledge\11-杂志文献\财政监督\12.技术改造专项资金绩效评价实践探索.md,基于杂志案例《技术改造专项资金绩效评价实践探索》提炼“技术改造专项资金绩效评价实践探索”审计算法/规则，用于复用审计经验、生成疑点线索和核查程序。,文章案例文本；审计事项清单；问题线索台账；审计证据资料；预算指标表；财政支出明细；项目资金台账；绩效目标表；绩效评价指标；产出效果数据,技术改造专项资金绩效评价实践探索疑点清单、命中规则、风险等级、证据链、核查建议,,
OPTSOC-0036,OPTSOC-0036,MAGSOC-0068,推行绩效管理加强财会监督：如何落实《行政单位财务规则》新规(下)案例检测算法,杂志案例算法,P0,L3,100,A,算法候选-严格保留,民生与社保医保 / 预算执行与财政管理 / 招投标与政府采购,财政监督/民生与社保医保,案例规则,data_scout / performance_evaluator,magazine_435_articles,推行绩效管理加强财会监督：如何落实《行政单位财务规则》新规(下),推行绩效管理加强财会监督：如何落实《行政单位财务规则》新规(下),D:\openclaw-workspace\knowledge\11-杂志文献\财政监督\6.推行绩效管理加强财会监督：如何落实《行政单位财务规则》新规(下).md,基于杂志案例《推行绩效管理加强财会监督：如何落实《行政单位财务规则》新规(下)》提炼“推行绩效管理加强财会监督：如何落实《行政单位财务规则》新规(下)”审计算法/规则，用于复用审计经验、生成疑点线索和核查程序。,文章案例文本；审计事项清单；问题线索台账；审计证据资料；预算指标表；财政支出明细；项目资金台账；绩效目标表；绩效评价指标；产出效果数据,推行绩效管理加强财会监督：如何落实《行政单位财务规则》新规(下)疑点清单、命中规则、风险等级、证据链、核查建议,,
OPTSOC-0037,OPTSOC-0037,MAGSOC-0056,企业财务管理转型目标探讨案例检测算法,杂志案例算法,P0,L4,100,A,算法候选-严格保留,民生与社保医保 / 预算执行与财政管理 / 招投标与政府采购,财政监督/民生与社保医保,案例规则,data_scout / performance_evaluator,magazine_435_articles,数字化背景下企业财务管理转型目标探讨,企业财务管理转型目标探讨,D:\openclaw-workspace\knowledge\11-杂志文献\财政监督\24.数字化背景下企业财务管理转型目标探讨.md,基于杂志案例《数字化背景下企业财务管理转型目标探讨》提炼“企业财务管理转型目标探讨”审计算法/规则，用于复用审计经验、生成疑点线索和核查程序。,文章案例文本；审计事项清单；问题线索台账；审计证据资料；预算指标表；财政支出明细；项目资金台账；采购公告；投标文件；供应商信息,企业财务管理转型目标探讨疑点清单、命中规则、风险等级、证据链、核查建议,,
OPTSOC-0038,OPTSOC-0038,MAGSOC-0053,数智时代企业的业务转型及财务创新案例检测算法,杂志案例算法,P0,L3,100,A,算法候选-严格保留,民生与社保医保 / 预算执行与财政管理 / 招投标与政府采购,财政监督/民生与社保医保,案例规则,data_scout / performance_evaluator,magazine_435_articles,数智时代企业的业务转型及财务创新,数智时代企业的业务转型及财务创新,D:\openclaw-workspace\knowledge\11-杂志文献\财政监督\20.数智时代企业的业务转型及财务创新.md,基于杂志案例《数智时代企业的业务转型及财务创新》提炼“数智时代企业的业务转型及财务创新”审计算法/规则，用于复用审计经验、生成疑点线索和核查程序。,文章案例文本；审计事项清单；问题线索台账；审计证据资料；预算指标表；财政支出明细；项目资金台账；采购公告；投标文件；供应商信息,数智时代企业的业务转型及财务创新疑点清单、命中规则、风险等级、证据链、核查建议,,
OPTSOC-0039,OPTSOC-0039,MAGSOC-0075,新型研发机构绩效评价研究案例检测算法,杂志案例算法,P0,L3,100,A,算法候选-严格保留,民生与社保医保 / 预算执行与财政管理 / 招投标与政府采购,财政监督/民生与社保医保,案例规则,data_scout / performance_evaluator,magazine_435_articles,新型研发机构绩效评价研究,新型研发机构绩效评价研究,D:\openclaw-workspace\knowledge\11-杂志文献\财政监督\8.新型研发机构绩效评价研究.md,基于杂志案例《新型研发机构绩效评价研究》提炼“新型研发机构绩效评价研究”审计算法/规则，用于复用审计经验、生成疑点线索和核查程序。,文章案例文本；审计事项清单；问题线索台账；审计证据资料；预算指标表；财政支出明细；项目资金台账；绩效目标表；绩效评价指标；产出效果数据,新型研发机构绩效评价研究疑点清单、命中规则、风险等级、证据链、核查建议,,
OPTSOC-0040,OPTSOC-0040,MAGSOC-0048,人大预算审查监督工作创新发展探讨案例检测算法,杂志案例算法,P0,L3,100,A,算法候选-严格保留,民生与社保医保 / 预算执行与财政管理 / 招投标与政府采购,财政监督/民生与社保医保,案例规则,data_scout / performance_evaluator,magazine_435_articles,新时代人大预算审查监督工作创新发展探讨,人大预算审查监督工作创新发展探讨,D:\openclaw-workspace\knowledge\11-杂志文献\财政监督\2.新时代人大预算审查监督工作创新发展探讨.md,基于杂志案例《新时代人大预算审查监督工作创新发展探讨》提炼“人大预算审查监督工作创新发展探讨”审计算法/规则，用于复用审计经验、生成疑点线索和核查程序。,文章案例文本；审计事项清单；问题线索台账；审计证据资料；预算指标表；财政支出明细；项目资金台账；内控制度；会计凭证；工作底稿,人大预算审查监督工作创新发展探讨疑点清单、命中规则、风险等级、证据链、核查建议,,
OPTSOC-0041,OPTSOC-0041,MAGSOC-0028,浅析绩效管理在政府投资数字化项目管理上的运用和优化案例检测算法,杂志案例算法,P0,L4,100,A,算法候选-严格保留,民生与社保医保 / 预算执行与财政管理 / 招投标与政府采购,财政监督/民生与社保医保,案例规则,data_scout / performance_evaluator,magazine_435_articles,浅析绩效管理在政府投资数字化项目管理上的运用和优化,浅析绩效管理在政府投资数字化项目管理上的运用和优化,D:\openclaw-workspace\knowledge\11-杂志文献\财政监督\11.浅析绩效管理在政府投资数字化项目管理上的运用和优化.md,基于杂志案例《浅析绩效管理在政府投资数字化项目管理上的运用和优化》提炼“浅析绩效管理在政府投资数字化项目管理上的运用和优化”审计算法/规则，用于复用审计经验、生成疑点线索和核查程序。,文章案例文本；审计事项清单；问题线索台账；审计证据资料；预算指标表；财政支出明细；项目资金台账；绩效目标表；绩效评价指标；产出效果数据,浅析绩效管理在政府投资数字化项目管理上的运用和优化疑点清单、命中规则、风险等级、证据链、核查建议,,
OPTSOC-0042,OPTSOC-0042,MAGSOC-0080,浅谈“大数据”在预算绩效评价中的探索与运用案例检测算法,杂志案例算法,P0,L4,100,A,算法候选-严格保留,民生与社保医保 / 预算执行与财政管理 / 招投标与政府采购,财政监督/民生与社保医保,案例规则,data_scout / performance_evaluator,magazine_435_articles,浅谈“大数据”在预算绩效评价中的探索与运用,浅谈“大数据”在预算绩效评价中的探索与运用,D:\openclaw-workspace\knowledge\11-杂志文献\财政监督\9.浅谈“大数据”在预算绩效评价中的探索与运用.md,基于杂志案例《浅谈“大数据”在预算绩效评价中的探索与运用》提炼“浅谈“大数据”在预算绩效评价中的探索与运用”审计算法/规则，用于复用审计经验、生成疑点线索和核查程序。,文章案例文本；审计事项清单；问题线索台账；审计证据资料；预算指标表；财政支出明细；项目资金台账；绩效目标表；绩效评价指标；产出效果数据,浅谈“大数据”在预算绩效评价中的探索与运用疑点清单、命中规则、风险等级、证据链、核查建议,,
OPTSOC-0043,OPTSOC-0043,MAGSOC-0036,相对贫困视域下我国转移支付资金监管问题研究案例检测算法,杂志案例算法,P0,L3,100,A,算法候选-严格保留,民生与社保医保 / 预算执行与财政管理 / 招投标与政府采购,财政监督/民生与社保医保,案例规则,data_scout / performance_evaluator,magazine_435_articles,相对贫困视域下我国转移支付资金监管问题研究,相对贫困视域下我国转移支付资金监管问题研究,D:\openclaw-workspace\knowledge\11-杂志文献\财政监督\15.相对贫困视域下我国转移支付资金监管问题研究.md,基于杂志案例《相对贫困视域下我国转移支付资金监管问题研究》提炼“相对贫困视域下我国转移支付资金监管问题研究”审计算法/规则，用于复用审计经验、生成疑点线索和核查程序。,文章案例文本；审计事项清单；问题线索台账；审计证据资料；预算指标表；财政支出明细；项目资金台账；采购公告；投标文件；供应商信息,相对贫困视域下我国转移支付资金监管问题研究疑点清单、命中规则、风险等级、证据链、核查建议,,
OPTSOC-0044,OPTSOC-0044,MAGSOC-0033,财政支出培训项目绩效评价指标体系构建研究案例检测算法,杂志案例算法,P0,L3,100,A,算法候选-严格保留,民生与社保医保 / 预算执行与财政管理 / 招投标与政府采购,财政监督/民生与社保医保,案例规则,data_scout / performance_evaluator,magazine_435_articles,财政支出培训项目绩效评价指标体系构建研究,财政支出培训项目绩效评价指标体系构建研究,D:\openclaw-workspace\knowledge\11-杂志文献\财政监督\14.财政支出培训项目绩效评价指标体系构建研究.md,基于杂志案例《财政支出培训项目绩效评价指标体系构建研究》提炼“财政支出培训项目绩效评价指标体系构建研究”审计算法/规则，用于复用审计经验、生成疑点线索和核查程序。,文章案例文本；审计事项清单；问题线索台账；审计证据资料；预算指标表；财政支出明细；项目资金台账；绩效目标表；绩效评价指标；产出效果数据,财政支出培训项目绩效评价指标体系构建研究疑点清单、命中规则、风险等级、证据链、核查建议,,
OPTSOC-0045,OPTSOC-0045,MAGSOC-0065,财政资金采购医疗设备绩效管理探讨案例检测算法,杂志案例算法,P0,L3,100,A,算法候选-严格保留,民生与社保医保 / 预算执行与财政管理 / 招投标与政府采购,财政监督/民生与社保医保,案例规则,data_scout / performance_evaluator,magazine_435_articles,财政资金采购医疗设备绩效管理探讨,财政资金采购医疗设备绩效管理探讨,D:\openclaw-workspace\knowledge\11-杂志文献\财政监督\5.财政资金采购医疗设备绩效管理探讨.md,基于杂志案例《财政资金采购医疗设备绩效管理探讨》提炼“财政资金采购医疗设备绩效管理探讨”审计算法/规则，用于复用审计经验、生成疑点线索和核查程序。,文章案例文本；审计事项清单；问题线索台账；审计证据资料；预算指标表；财政支出明细；项目资金台账；绩效目标表；绩效评价指标；产出效果数据,财政资金采购医疗设备绩效管理探讨疑点清单、命中规则、风险等级、证据链、核查建议,,
OPTSOC-0046,OPTSOC-0046,MAGSOC-0070,财政预备费绩效管理的现实挑战与路径选择案例检测算法,杂志案例算法,P0,L3,100,A,算法候选-严格保留,民生与社保医保 / 预算执行与财政管理 / 招投标与政府采购,财政监督/民生与社保医保,案例规则,data_scout / performance_evaluator,magazine_435_articles,财政预备费绩效管理的现实挑战与路径选择,财政预备费绩效管理的现实挑战与路径选择,D:\openclaw-workspace\knowledge\11-杂志文献\财政监督\6.财政预备费绩效管理的现实挑战与路径选择.md,基于杂志案例《财政预备费绩效管理的现实挑战与路径选择》提炼“财政预备费绩效管理的现实挑战与路径选择”审计算法/规则，用于复用审计经验、生成疑点线索和核查程序。,文章案例文本；审计事项清单；问题线索台账；审计证据资料；预算指标表；财政支出明细；项目资金台账；绩效目标表；绩效评价指标；产出效果数据,财政预备费绩效管理的现实挑战与路径选择疑点清单、命中规则、风险等级、证据链、核查建议,,
OPTSOC-0047,OPTSOC-0047,MAGSOC-0066,部门整体成本预算绩效分析思路研究案例检测算法,杂志案例算法,P0,L3,100,A,算法候选-严格保留,民生与社保医保 / 预算执行与财政管理 / 招投标与政府采购,财政监督/民生与社保医保,案例规则,data_scout / performance_evaluator,magazine_435_articles,部门整体成本预算绩效分析思路研究,部门整体成本预算绩效分析思路研究,D:\openclaw-workspace\knowledge\11-杂志文献\财政监督\5.部门整体成本预算绩效分析思路研究.md,基于杂志案例《部门整体成本预算绩效分析思路研究》提炼“部门整体成本预算绩效分析思路研究”审计算法/规则，用于复用审计经验、生成疑点线索和核查程序。,文章案例文本；审计事项清单；问题线索台账；审计证据资料；预算指标表；财政支出明细；项目资金台账；绩效目标表；绩效评价指标；产出效果数据,部门整体成本预算绩效分析思路研究疑点清单、命中规则、风险等级、证据链、核查建议,,
OPTSOC-0048,OPTSOC-0048,MAGSOC-0050,重大政策和项目全周期跟踪问效的探索与实践案例检测算法,杂志案例算法,P0,L3,100,A,算法候选-严格保留,民生与社保医保 / 预算执行与财政管理 / 招投标与政府采购,财政监督/民生与社保医保,案例规则,data_scout / performance_evaluator,magazine_435_articles,重大政策和项目全周期跟踪问效的探索与实践,重大政策和项目全周期跟踪问效的探索与实践,D:\openclaw-workspace\knowledge\11-杂志文献\财政监督\2.重大政策和项目全周期跟踪问效的探索与实践.md,基于杂志案例《重大政策和项目全周期跟踪问效的探索与实践》提炼“重大政策和项目全周期跟踪问效的探索与实践”审计算法/规则，用于复用审计经验、生成疑点线索和核查程序。,文章案例文本；审计事项清单；问题线索台账；审计证据资料；预算指标表；财政支出明细；项目资金台账；采购公告；投标文件；供应商信息,重大政策和项目全周期跟踪问效的探索与实践疑点清单、命中规则、风险等级、证据链、核查建议,,
OPTSOC-0049,OPTSOC-0049,MAGSOC-0025,项目资金绩效指标体系建设思路分析案例检测算法,杂志案例算法,P0,L3,100,A,算法候选-严格保留,民生与社保医保 / 预算执行与财政管理 / 招投标与政府采购,财政监督/民生与社保医保,案例规则,data_scout / performance_evaluator,magazine_435_articles,项目资金绩效指标体系建设思路分析,项目资金绩效指标体系建设思路分析,D:\openclaw-workspace\knowledge\11-杂志文献\财政监督\10.项目资金绩效指标体系建设思路分析.md,基于杂志案例《项目资金绩效指标体系建设思路分析》提炼“项目资金绩效指标体系建设思路分析”审计算法/规则，用于复用审计经验、生成疑点线索和核查程序。,文章案例文本；审计事项清单；问题线索台账；审计证据资料；预算指标表；财政支出明细；项目资金台账；绩效目标表；绩效评价指标；产出效果数据,项目资金绩效指标体系建设思路分析疑点清单、命中规则、风险等级、证据链、核查建议,,
OPTSOC-0050,OPTSOC-0050,MAGSOC-0077,全成本预算绩效管理的实践及思考案例检测算法,杂志案例算法,P0,L3,98,A,算法候选-严格保留,民生与社保医保 / 预算执行与财政管理 / 招投标与政府采购,财政监督/民生与社保医保,案例规则,data_scout / performance_evaluator,magazine_435_articles,全成本预算绩效管理的实践及思考,全成本预算绩效管理的实践及思考,D:\openclaw-workspace\knowledge\11-杂志文献\财政监督\9.全成本预算绩效管理的实践及思考.md,基于杂志案例《全成本预算绩效管理的实践及思考》提炼“全成本预算绩效管理的实践及思考”审计算法/规则，用于复用审计经验、生成疑点线索和核查程序。,文章案例文本；审计事项清单；问题线索台账；审计证据资料；预算指标表；财政支出明细；项目资金台账；绩效目标表；绩效评价指标；产出效果数据,全成本预算绩效管理的实践及思考疑点清单、命中规则、风险等级、证据链、核查建议,,
OPTSOC-0051,OPTSOC-0051,MAGSOC-0007,加强出版学科建设推动出版业高质量发展案例检测算法,杂志案例算法,P0,L3,98,A,算法候选-严格保留,民生与社保医保 / 预算执行与财政管理 / 招投标与政府采购,审计观察/民生与社保医保,真实性,data_scout / performance_evaluator,magazine_435_articles,加强出版学科建设推动出版业高质量发展,加强出版学科建设推动出版业高质量发展,D:\openclaw-workspace\knowledge\11-杂志文献\审计观察\12.加强出版学科建设推动出版业高质量发展.md,基于杂志案例《加强出版学科建设推动出版业高质量发展》提炼“加强出版学科建设推动出版业高质量发展”审计算法/规则，用于复用审计经验、生成疑点线索和核查程序。,文章案例文本；审计事项清单；问题线索台账；审计证据资料；预算指标表；财政支出明细；项目资金台账；采购公告；投标文件；供应商信息,加强出版学科建设推动出版业高质量发展疑点清单、命中规则、风险等级、证据链、核查建议,,
OPTSOC-0052,OPTSOC-0052,MAGSOC-0042,平台经济下个人所得税征管问题研究案例检测算法,杂志案例算法,P0,L3,98,A,算法候选-严格保留,民生与社保医保 / 预算执行与财政管理 / 招投标与政府采购,财政监督/民生与社保医保,案例规则,data_scout / performance_evaluator,magazine_435_articles,平台经济下个人所得税征管问题研究,平台经济下个人所得税征管问题研究,D:\openclaw-workspace\knowledge\11-杂志文献\财政监督\18.平台经济下个人所得税征管问题研究.md,基于杂志案例《平台经济下个人所得税征管问题研究》提炼“平台经济下个人所得税征管问题研究”审计算法/规则，用于复用审计经验、生成疑点线索和核查程序。,文章案例文本；审计事项清单；问题线索台账；审计证据资料；预算指标表；财政支出明细；项目资金台账；纳税申报表；发票明细；税收优惠台账,平台经济下个人所得税征管问题研究疑点清单、命中规则、风险等级、证据链、核查建议,,
OPTSOC-0053,OPTSOC-0053,MAGSOC-0052,政策助力县域经济发展案例检测算法,杂志案例算法,P0,L3,98,A,算法候选-严格保留,民生与社保医保 / 预算执行与财政管理 / 招投标与政府采购,财政监督/民生与社保医保,案例规则,data_scout / performance_evaluator,magazine_435_articles,政策助力县域经济发展,政策助力县域经济发展,D:\openclaw-workspace\knowledge\11-杂志文献\财政监督\20.政策助力县域经济发展.md,基于杂志案例《政策助力县域经济发展》提炼“政策助力县域经济发展”审计算法/规则，用于复用审计经验、生成疑点线索和核查程序。,文章案例文本；审计事项清单；问题线索台账；审计证据资料；预算指标表；财政支出明细；项目资金台账；采购公告；投标文件；供应商信息,政策助力县域经济发展疑点清单、命中规则、风险等级、证据链、核查建议,,
OPTSOC-0054,OPTSOC-0054,MAGSOC-0063,财政分权、审计监督与区域绿色创新(下)案例检测算法,杂志案例算法,P0,L3,98,A,算法候选-严格保留,民生与社保医保 / 预算执行与财政管理 / 招投标与政府采购,财政监督/民生与社保医保,案例规则,data_scout / performance_evaluator,magazine_435_articles,财政分权、审计监督与区域绿色创新(下),财政分权、审计监督与区域绿色创新(下),D:\openclaw-workspace\knowledge\11-杂志文献\财政监督\5.财政分权、审计监督与区域绿色创新(下).md,基于杂志案例《财政分权、审计监督与区域绿色创新(下)》提炼“财政分权、审计监督与区域绿色创新(下)”审计算法/规则，用于复用审计经验、生成疑点线索和核查程序。,文章案例文本；审计事项清单；问题线索台账；审计证据资料；预算指标表；财政支出明细；项目资金台账；内控制度；会计凭证；工作底稿,财政分权、审计监督与区域绿色创新(下)疑点清单、命中规则、风险等级、证据链、核查建议,,
OPTSOC-0055,OPTSOC-0055,MAGSOC-0041,多维度改革创新惠民惠农财政补贴资金“一卡通”监管模式案例检测算法,杂志案例算法,P1,L3,94,A,算法候选-严格保留,民生与社保医保 / 预算执行与财政管理 / 招投标与政府采购,财政监督/民生与社保医保,案例规则,data_scout / performance_evaluator,magazine_435_articles,多维度改革创新惠民惠农财政补贴资金“一卡通”监管模式,多维度改革创新惠民惠农财政补贴资金“一卡通”监管模式,D:\openclaw-workspace\knowledge\11-杂志文献\财政监督\18.多维度改革创新惠民惠农财政补贴资金 “一卡通”监管模式.md,基于杂志案例《多维度改革创新惠民惠农财政补贴资金“一卡通”监管模式》提炼“多维度改革创新惠民惠农财政补贴资金“一卡通”监管模式”审计算法/规则，用于复用审计经验、生成疑点线索和核查程序。,文章案例文本；审计事项清单；问题线索台账；审计证据资料；预算指标表；财政支出明细；项目资金台账；采购公告；投标文件；供应商信息,多维度改革创新惠民惠农财政补贴资金“一卡通”监管模式疑点清单、命中规则、风险等级、证据链、核查建议,,
OPTSOC-0056,OPTSOC-0056,MAGSOC-0032,肃清“微腐败”强化惠民惠农财政补贴资金监管案例检测算法,杂志案例算法,P1,L3,94,A,算法候选-严格保留,民生与社保医保 / 预算执行与财政管理 / 招投标与政府采购,财政监督/民生与社保医保,案例规则,data_scout / performance_evaluator,magazine_435_articles,肃清“微腐败”强化惠民惠农财政补贴资金监管,肃清“微腐败”强化惠民惠农财政补贴资金监管,D:\openclaw-workspace\knowledge\11-杂志文献\财政监督\14.肃清“微腐败”强化惠民惠农财政补贴资金监管.md,基于杂志案例《肃清“微腐败”强化惠民惠农财政补贴资金监管》提炼“肃清“微腐败”强化惠民惠农财政补贴资金监管”审计算法/规则，用于复用审计经验、生成疑点线索和核查程序。,文章案例文本；审计事项清单；问题线索台账；审计证据资料；预算指标表；财政支出明细；项目资金台账；采购公告；投标文件；供应商信息,肃清“微腐败”强化惠民惠农财政补贴资金监管疑点清单、命中规则、风险等级、证据链、核查建议,,
OPTSOC-0057,OPTSOC-0057,MAGSOC-0029,强化中央部门预算执行监管案例检测算法,杂志案例算法,P1,L3,91,A,算法候选-严格保留,民生与社保医保 / 预算执行与财政管理 / 招投标与政府采购,财政监督/民生与社保医保,案例规则,data_scout / performance_evaluator,magazine_435_articles,强化中央部门预算执行监管,强化中央部门预算执行监管,D:\openclaw-workspace\knowledge\11-杂志文献\财政监督\12.强化中央部门预算执行监管.md,基于杂志案例《强化中央部门预算执行监管》提炼“强化中央部门预算执行监管”审计算法/规则，用于复用审计经验、生成疑点线索和核查程序。,文章案例文本；审计事项清单；问题线索台账；审计证据资料；预算指标表；财政支出明细；项目资金台账；采购公告；投标文件；供应商信息,强化中央部门预算执行监管疑点清单、命中规则、风险等级、证据链、核查建议,,
OPTSUPV-0001,OPTSUPV-0001,MAGSUPV-0073,002努力做到三个“紧紧跟随”以主题教育推动财政监管事业高质量发展案例检测算法,杂志案例算法,P0,L3,100,A,算法候选-严格保留,监督检查与经费舞弊 / 全场景通用 / 金融审计,财政监督/监督检查与经费舞弊,真实性,review_sentinel / data_scout,magazine_435_articles,002努力做到三个“紧紧跟随”以主题教育推动财政监管事业高质量发展,002努力做到三个“紧紧跟随”以主题教育推动财政监管事业高质量发展,D:\openclaw-workspace\knowledge\11-杂志文献\财政监督\002努力做到三个“紧紧跟随”以主题教育推动财政监管事业高质量发展.md,基于杂志案例《002努力做到三个“紧紧跟随”以主题教育推动财政监管事业高质量发展》提炼“002努力做到三个“紧紧跟随”以主题教育推动财政监管事业高质量发展”审计算法/规则，用于复用审计经验、生成疑点线索和核查程序。,文章案例文本；审计事项清单；问题线索台账；审计证据资料；预算指标表；财政支出明细；项目资金台账；内控制度；会计凭证；工作底稿,002努力做到三个“紧紧跟随”以主题教育推动财政监管事业高质量发展疑点清单、命中规则、风险等级、证据链、核查建议,,
OPTSUPV-0002,OPTSUPV-0002,MAGSUPV-0074,002多措并举持续推动绩效评价提质增效案例检测算法,杂志案例算法,P0,L3,100,A,算法候选-严格保留,监督检查与经费舞弊 / 全场景通用 / 金融审计,财政监督/监督检查与经费舞弊,案例规则,review_sentinel / data_scout,magazine_435_articles,002多措并举持续推动绩效评价提质增效,002多措并举持续推动绩效评价提质增效,D:\openclaw-workspace\knowledge\11-杂志文献\财政监督\002多措并举持续推动绩效评价提质增效.md,基于杂志案例《002多措并举持续推动绩效评价提质增效》提炼“002多措并举持续推动绩效评价提质增效”审计算法/规则，用于复用审计经验、生成疑点线索和核查程序。,文章案例文本；审计事项清单；问题线索台账；审计证据资料；绩效目标表；绩效评价指标；产出效果数据；内控制度；会计凭证；工作底稿,002多措并举持续推动绩效评价提质增效疑点清单、命中规则、风险等级、证据链、核查建议,,
OPTSUPV-0003,OPTSUPV-0003,MAGSUPV-0076,004学思践悟正风促干以主题教育推动财会监督事业高质量发展案例检测算法,杂志案例算法,P0,L3,100,A,算法候选-严格保留,监督检查与经费舞弊 / 全场景通用 / 金融审计,财政监督/监督检查与经费舞弊,真实性,review_sentinel / data_scout,magazine_435_articles,004学思践悟正风促干以主题教育推动财会监督事业高质量发展,004学思践悟正风促干以主题教育推动财会监督事业高质量发展,D:\openclaw-workspace\knowledge\11-杂志文献\财政监督\004学思践悟正风促干以主题教育推动财会监督事业高质量发展.md,基于杂志案例《004学思践悟正风促干以主题教育推动财会监督事业高质量发展》提炼“004学思践悟正风促干以主题教育推动财会监督事业高质量发展”审计算法/规则，用于复用审计经验、生成疑点线索和核查程序。,文章案例文本；审计事项清单；问题线索台账；审计证据资料；内控制度；会计凭证；工作底稿；整改台账；合同流水；授信审批,004学思践悟正风促干以主题教育推动财会监督事业高质量发展疑点清单、命中规则、风险等级、证据链、核查建议,,
OPTSUPV-0004,OPTSUPV-0004,MAGSUPV-0077,006预算绩效评价理念嬗变及基本问题案例检测算法,杂志案例算法,P0,L3,100,A,算法候选-严格保留,监督检查与经费舞弊 / 全场景通用 / 金融审计,财政监督/监督检查与经费舞弊,案例规则,review_sentinel / data_scout,magazine_435_articles,006预算绩效评价理念嬗变及基本问题,006预算绩效评价理念嬗变及基本问题,D:\openclaw-workspace\knowledge\11-杂志文献\财政监督\006预算绩效评价理念嬗变及基本问题.md,基于杂志案例《006预算绩效评价理念嬗变及基本问题》提炼“006预算绩效评价理念嬗变及基本问题”审计算法/规则，用于复用审计经验、生成疑点线索和核查程序。,文章案例文本；审计事项清单；问题线索台账；审计证据资料；预算指标表；财政支出明细；项目资金台账；绩效目标表；绩效评价指标；产出效果数据,006预算绩效评价理念嬗变及基本问题疑点清单、命中规则、风险等级、证据链、核查建议,,
OPTSUPV-0005,OPTSUPV-0005,MAGSUPV-0078,007新时代政府预算绩效管理的现实与前瞻案例检测算法,杂志案例算法,P0,L3,100,A,算法候选-严格保留,监督检查与经费舞弊 / 全场景通用 / 金融审计,财政监督/监督检查与经费舞弊,案例规则,review_sentinel / data_scout,magazine_435_articles,007新时代政府预算绩效管理的现实与前瞻,007新时代政府预算绩效管理的现实与前瞻,D:\openclaw-workspace\knowledge\11-杂志文献\财政监督\007新时代政府预算绩效管理的现实与前瞻.md,基于杂志案例《007新时代政府预算绩效管理的现实与前瞻》提炼“007新时代政府预算绩效管理的现实与前瞻”审计算法/规则，用于复用审计经验、生成疑点线索和核查程序。,文章案例文本；审计事项清单；问题线索台账；审计证据资料；预算指标表；财政支出明细；项目资金台账；绩效目标表；绩效评价指标；产出效果数据,007新时代政府预算绩效管理的现实与前瞻疑点清单、命中规则、风险等级、证据链、核查建议,,
OPTSUPV-0006,OPTSUPV-0006,MAGSUPV-0079,009牢基础、强监管：新时代改进代理记账工作再加力(上)案例检测算法,杂志案例算法,P0,L3,100,A,算法候选-严格保留,监督检查与经费舞弊 / 全场景通用 / 金融审计,财政监督/监督检查与经费舞弊,案例规则,review_sentinel / data_scout,magazine_435_articles,009牢基础、强监管：新时代改进代理记账工作再加力(上),009牢基础、强监管：新时代改进代理记账工作再加力(上),D:\openclaw-workspace\knowledge\11-杂志文献\财政监督\009牢基础、强监管：新时代改进代理记 账工作再加力(上).md,基于杂志案例《009牢基础、强监管：新时代改进代理记账工作再加力(上)》提炼“009牢基础、强监管：新时代改进代理记账工作再加力(上)”审计算法/规则，用于复用审计经验、生成疑点线索和核查程序。,文章案例文本；审计事项清单；问题线索台账；审计证据资料；内控制度；会计凭证；工作底稿；整改台账；合同流水；授信审批,009牢基础、强监管：新时代改进代理记账工作再加力(上)疑点清单、命中规则、风险等级、证据链、核查建议,,
OPTSUPV-0007,OPTSUPV-0007,MAGSUPV-0082,015应用“区块链”提升财会监督能力的探讨案例检测算法,杂志案例算法,P0,L3,100,A,算法候选-严格保留,监督检查与经费舞弊 / 全场景通用 / 金融审计,财政监督/监督检查与经费舞弊,案例规则,review_sentinel / data_scout,magazine_435_articles,015应用“区块链”提升财会监督能力的探讨,015应用“区块链”提升财会监督能力的探讨,D:\openclaw-workspace\knowledge\11-杂志文献\财政监督\015应用“区块链”提升财会监督能力的探讨.md,基于杂志案例《015应用“区块链”提升财会监督能力的探讨》提炼“015应用“区块链”提升财会监督能力的探讨”审计算法/规则，用于复用审计经验、生成疑点线索和核查程序。,文章案例文本；审计事项清单；问题线索台账；审计证据资料；内控制度；会计凭证；工作底稿；整改台账；合同流水；授信审批,015应用“区块链”提升财会监督能力的探讨疑点清单、命中规则、风险等级、证据链、核查建议,,
OPTSUPV-0008,OPTSUPV-0008,MAGSUPV-0083,015财会监督横向协同与纵向联动实践探索案例检测算法,杂志案例算法,P0,L3,100,A,算法候选-严格保留,监督检查与经费舞弊 / 全场景通用 / 金融审计,财政监督/监督检查与经费舞弊,案例规则,review_sentinel / data_scout,magazine_435_articles,015财会监督横向协同与纵向联动实践探索,015财会监督横向协同与纵向联动实践探索,D:\openclaw-workspace\knowledge\11-杂志文献\财政监督\015财会监督横向协同与纵向联动实践探索.md,基于杂志案例《015财会监督横向协同与纵向联动实践探索》提炼“015财会监督横向协同与纵向联动实践探索”审计算法/规则，用于复用审计经验、生成疑点线索和核查程序。,文章案例文本；审计事项清单；问题线索台账；审计证据资料；内控制度；会计凭证；工作底稿；整改台账；合同流水；授信审批,015财会监督横向协同与纵向联动实践探索疑点清单、命中规则、风险等级、证据链、核查建议,,
OPTSUPV-0009,OPTSUPV-0009,MAGSUPV-0084,021ERP审计模块在大型企业内部审计中的应用探析案例检测算法,杂志案例算法,P0,L3,100,A,算法候选-严格保留,监督检查与经费舞弊 / 全场景通用 / 金融审计,财政监督/监督检查与经费舞弊,案例规则,review_sentinel / data_scout,magazine_435_articles,021ERP审计模块在大型企业内部审计中的应用探析,021ERP审计模块在大型企业内部审计中的应用探析,D:\openclaw-workspace\knowledge\11-杂志文献\财政监督\021ERP审计模块在大型企业内部审计中的应用探析.md,基于杂志案例《021ERP审计模块在大型企业内部审计中的应用探析》提炼“021ERP审计模块在大型企业内部审计中的应用探析”审计算法/规则，用于复用审计经验、生成疑点线索和核查程序。,文章案例文本；审计事项清单；问题线索台账；审计证据资料；内控制度；会计凭证；工作底稿；整改台账；合同流水；授信审批,021ERP审计模块在大型企业内部审计中的应用探析疑点清单、命中规则、风险等级、证据链、核查建议,,
OPTSUPV-0010,OPTSUPV-0010,MAGSUPV-0066,1案例检测算法,杂志案例算法,P0,L3,100,A,算法候选-严格保留,监督检查与经费舞弊 / 全场景通用 / 金融审计,四川注册会计师/监督检查与经费舞弊,案例规则,review_sentinel / data_scout,magazine_435_articles,1,1,D:\openclaw-workspace\knowledge\11-杂志文献\四川注册会计师\2026.1.md,基于杂志案例《1》提炼“1”审计算法/规则，用于复用审计经验、生成疑点线索和核查程序。,文章案例文本；审计事项清单；问题线索台账；审计证据资料；内控制度；会计凭证；工作底稿；整改台账；合同流水；授信审批,1疑点清单、命中规则、风险等级、证据链、核查建议,,
OPTSUPV-0011,OPTSUPV-0011,MAGSUPV-0067,2案例检测算法,杂志案例算法,P0,L3,100,A,算法候选-严格保留,监督检查与经费舞弊 / 全场景通用 / 金融审计,四川注册会计师/监督检查与经费舞弊,案例规则,review_sentinel / data_scout,magazine_435_articles,2,2,D:\openclaw-workspace\knowledge\11-杂志文献\四川注册会计师\2026.2.md,基于杂志案例《2》提炼“2”审计算法/规则，用于复用审计经验、生成疑点线索和核查程序。,文章案例文本；审计事项清单；问题线索台账；审计证据资料；内控制度；会计凭证；工作底稿；整改台账；合同流水；授信审批,2疑点清单、命中规则、风险等级、证据链、核查建议,,
OPTSUPV-0012,OPTSUPV-0012,MAGSUPV-0065,9案例检测算法,杂志案例算法,P0,L3,100,A,算法候选-严格保留,监督检查与经费舞弊 / 全场景通用 / 金融审计,四川注册会计师/监督检查与经费舞弊,案例规则,review_sentinel / data_scout,magazine_435_articles,9,9,D:\openclaw-workspace\knowledge\11-杂志文献\四川注册会计师\2025.9.md,基于杂志案例《9》提炼“9”审计算法/规则，用于复用审计经验、生成疑点线索和核查程序。,文章案例文本；审计事项清单；问题线索台账；审计证据资料；内控制度；会计凭证；工作底稿；整改台账；合同流水；授信审批,9疑点清单、命中规则、风险等级、证据链、核查建议,,
OPTSUPV-0013,OPTSUPV-0013,MAGSUPV-0105,PPP项目税收风险评价研究案例检测算法,杂志案例算法,P0,L3,100,A,算法候选-严格保留,监督检查与经费舞弊 / 全场景通用 / 金融审计,财政监督/监督检查与经费舞弊,异常性,review_sentinel / data_scout,magazine_435_articles,PPP项目税收风险评价研究,PPP项目税收风险评价研究,D:\openclaw-workspace\knowledge\11-杂志文献\财政监督\18.PPP 项目税收风险评价研究.md,基于杂志案例《PPP项目税收风险评价研究》提炼“PPP项目税收风险评价研究”审计算法/规则，用于复用审计经验、生成疑点线索和核查程序。,文章案例文本；审计事项清单；问题线索台账；审计证据资料；内控制度；会计凭证；工作底稿；整改台账；纳税申报表；发票明细,PPP项目税收风险评价研究疑点清单、命中规则、风险等级、证据链、核查建议,,
OPTSUPV-0014,OPTSUPV-0014,MAGSUPV-0072,主题教育成果要转化成财会监督“物质的力量案例检测算法,杂志案例算法,P0,L3,100,A,算法候选-严格保留,监督检查与经费舞弊 / 全场景通用 / 金融审计,财政监督/监督检查与经费舞弊,案例规则,review_sentinel / data_scout,magazine_435_articles,主题教育成果要转化成财会监督“物质的力量,主题教育成果要转化成财会监督“物质的力量,D:\openclaw-workspace\knowledge\11-杂志文献\财政监督\001.主题教育成果要转化成财会监督“物质的力量.md,基于杂志案例《主题教育成果要转化成财会监督“物质的力量》提炼“主题教育成果要转化成财会监督“物质的力量”审计算法/规则，用于复用审计经验、生成疑点线索和核查程序。,文章案例文本；审计事项清单；问题线索台账；审计证据资料；内控制度；会计凭证；工作底稿；整改台账；合同流水；授信审批,主题教育成果要转化成财会监督“物质的力量疑点清单、命中规则、风险等级、证据链、核查建议,,
OPTSUPV-0015,OPTSUPV-0015,MAGSUPV-0133,事前绩效评估机制完善与优化探讨案例检测算法,杂志案例算法,P0,L3,100,A,算法候选-严格保留,监督检查与经费舞弊 / 全场景通用 / 金融审计,财政监督/监督检查与经费舞弊,案例规则,review_sentinel / data_scout,magazine_435_articles,事前绩效评估机制完善与优化探讨,事前绩效评估机制完善与优化探讨,D:\openclaw-workspace\knowledge\11-杂志文献\财政监督\9.事前绩效评估机制完善与优化探讨.md,基于杂志案例《事前绩效评估机制完善与优化探讨》提炼“事前绩效评估机制完善与优化探讨”审计算法/规则，用于复用审计经验、生成疑点线索和核查程序。,文章案例文本；审计事项清单；问题线索台账；审计证据资料；绩效目标表；绩效评价指标；产出效果数据；内控制度；会计凭证；工作底稿,事前绩效评估机制完善与优化探讨疑点清单、命中规则、风险等级、证据链、核查建议,,
OPTSUPV-0016,OPTSUPV-0016,MAGSUPV-0103,从浑水做空瑞幸和欢聚集团看新经济对审计的新要求案例检测算法,杂志案例算法,P0,L3,100,A,算法候选-严格保留,监督检查与经费舞弊 / 全场景通用 / 金融审计,财政监督/监督检查与经费舞弊,案例规则,review_sentinel / data_scout,magazine_435_articles,从浑水做空瑞幸和欢聚集团看新经济对审计的新要求,从浑水做空瑞幸和欢聚集团看新经济对审计的新要求,D:\openclaw-workspace\knowledge\11-杂志文献\财政监督\17.从浑水做空瑞幸和欢聚集团看新经济对审计的新要求.md,基于杂志案例《从浑水做空瑞幸和欢聚集团看新经济对审计的新要求》提炼“从浑水做空瑞幸和欢聚集团看新经济对审计的新要求”审计算法/规则，用于复用审计经验、生成疑点线索和核查程序。,文章案例文本；审计事项清单；问题线索台账；审计证据资料；内控制度；会计凭证；工作底稿；整改台账；合同流水；授信审批,从浑水做空瑞幸和欢聚集团看新经济对审计的新要求疑点清单、命中规则、风险等级、证据链、核查建议,,
OPTSUPV-0017,OPTSUPV-0017,MAGSUPV-0017,以风险为导向以一体化为基石案例检测算法,杂志案例算法,P0,L3,100,A,算法候选-严格保留,监督检查与经费舞弊 / 全场景通用 / 金融审计,四川注册会计师/监督检查与经费舞弊,异常性,review_sentinel / data_scout,magazine_435_articles,以风险为导向以一体化为基石,以风险为导向以一体化为基石,D:\openclaw-workspace\knowledge\11-杂志文献\四川注册会计师\010.以风险为导向以一体化为基石.md,基于杂志案例《以风险为导向以一体化为基石》提炼“以风险为导向以一体化为基石”审计算法/规则，用于复用审计经验、生成疑点线索和核查程序。,文章案例文本；审计事项清单；问题线索台账；审计证据资料；内控制度；会计凭证；工作底稿；整改台账；合同流水；授信审批,以风险为导向以一体化为基石疑点清单、命中规则、风险等级、证据链、核查建议,,
OPTSUPV-0018,OPTSUPV-0018,MAGSUPV-0095,儒家文化与审计质量研究案例检测算法,杂志案例算法,P0,L3,100,A,算法候选-严格保留,监督检查与经费舞弊 / 全场景通用 / 金融审计,财政监督/监督检查与经费舞弊,真实性,review_sentinel / data_scout,magazine_435_articles,儒家文化与审计质量研究,儒家文化与审计质量研究,D:\openclaw-workspace\knowledge\11-杂志文献\财政监督\13.儒家文化与审计质量研究.md,基于杂志案例《儒家文化与审计质量研究》提炼“儒家文化与审计质量研究”审计算法/规则，用于复用审计经验、生成疑点线索和核查程序。,文章案例文本；审计事项清单；问题线索台账；审计证据资料；内控制度；会计凭证；工作底稿；整改台账；合同流水；授信审批,儒家文化与审计质量研究疑点清单、命中规则、风险等级、证据链、核查建议,,
OPTSUPV-0019,OPTSUPV-0019,MAGSUPV-0011,全面提升综合专业服务能力赋能经济社会高质量发展案例检测算法,杂志案例算法,P0,L3,100,A,算法候选-严格保留,监督检查与经费舞弊 / 全场景通用 / 金融审计,四川注册会计师/监督检查与经费舞弊,真实性,review_sentinel / data_scout,magazine_435_articles,全面提升综合专业服务能力赋能经济社会高质量发展,全面提升综合专业服务能力赋能经济社会高质量发展,D:\openclaw-workspace\knowledge\11-杂志文献\四川注册会计师\006.全面提升综合专业服务能力赋能经济社会高质量发展.md,基于杂志案例《全面提升综合专业服务能力赋能经济社会高质量发展》提炼“全面提升综合专业服务能力赋能经济社会高质量发展”审计算法/规则，用于复用审计经验、生成疑点线索和核查程序。,文章案例文本；审计事项清单；问题线索台账；审计证据资料；内控制度；会计凭证；工作底稿；整改台账；合同流水；授信审批,全面提升综合专业服务能力赋能经济社会高质量发展疑点清单、命中规则、风险等级、证据链、核查建议,,
OPTSUPV-0020,OPTSUPV-0020,MAGSUPV-0126,切实提升财会监督工作质效案例检测算法,杂志案例算法,P0,L3,100,A,算法候选-严格保留,监督检查与经费舞弊 / 全场景通用 / 金融审计,财政监督/监督检查与经费舞弊,案例规则,review_sentinel / data_scout,magazine_435_articles,切实提升财会监督工作质效,切实提升财会监督工作质效,D:\openclaw-workspace\knowledge\11-杂志文献\财政监督\7.切实提升财会监督工作质效.md,基于杂志案例《切实提升财会监督工作质效》提炼“切实提升财会监督工作质效”审计算法/规则，用于复用审计经验、生成疑点线索和核查程序。,文章案例文本；审计事项清单；问题线索台账；审计证据资料；内控制度；会计凭证；工作底稿；整改台账；合同流水；授信审批,切实提升财会监督工作质效疑点清单、命中规则、风险等级、证据链、核查建议,,
OPTSUPV-0021,OPTSUPV-0021,MAGSUPV-0116,加快推进我国新型财会监督体系建设的对策研究案例检测算法,杂志案例算法,P0,L3,100,A,算法候选-严格保留,监督检查与经费舞弊 / 全场景通用 / 金融审计,财政监督/监督检查与经费舞弊,案例规则,review_sentinel / data_scout,magazine_435_articles,加快推进我国新型财会监督体系建设的对策研究,加快推进我国新型财会监督体系建设的对策研究,D:\openclaw-workspace\knowledge\11-杂志文献\财政监督\3.加快推进我国新型财会监督体系建设的对策研究.md,基于杂志案例《加快推进我国新型财会监督体系建设的对策研究》提炼“加快推进我国新型财会监督体系建设的对策研究”审计算法/规则，用于复用审计经验、生成疑点线索和核查程序。,文章案例文本；审计事项清单；问题线索台账；审计证据资料；内控制度；会计凭证；工作底稿；整改台账；合同流水；授信审批,加快推进我国新型财会监督体系建设的对策研究疑点清单、命中规则、风险等级、证据链、核查建议,,
OPTSUPV-0022,OPTSUPV-0022,MAGSUPV-0089,司法会计鉴定的行政监管问题探析案例检测算法,杂志案例算法,P0,L3,100,A,算法候选-严格保留,监督检查与经费舞弊 / 全场景通用 / 金融审计,财政监督/监督检查与经费舞弊,案例规则,review_sentinel / data_scout,magazine_435_articles,司法会计鉴定的行政监管问题探析,司法会计鉴定的行政监管问题探析,D:\openclaw-workspace\knowledge\11-杂志文献\财政监督\12.司法会计鉴定的行政监管问题探析.md,基于杂志案例《司法会计鉴定的行政监管问题探析》提炼“司法会计鉴定的行政监管问题探析”审计算法/规则，用于复用审计经验、生成疑点线索和核查程序。,文章案例文本；审计事项清单；问题线索台账；审计证据资料；内控制度；会计凭证；工作底稿；整改台账；合同流水；授信审批,司法会计鉴定的行政监管问题探析疑点清单、命中规则、风险等级、证据链、核查建议,,
OPTSUPV-0023,OPTSUPV-0023,MAGSUPV-0098,吉林省财政厅：预算绩效管理建设跑出“加速度”案例检测算法,杂志案例算法,P0,L3,100,A,算法候选-严格保留,监督检查与经费舞弊 / 全场景通用 / 金融审计,财政监督/监督检查与经费舞弊,案例规则,review_sentinel / data_scout,magazine_435_articles,吉林省财政厅：预算绩效管理建设跑出“加速度”,吉林省财政厅：预算绩效管理建设跑出“加速度”,D:\openclaw-workspace\knowledge\11-杂志文献\财政监督\14.吉林省财政厅：预算绩效管理 建设跑出“加速度”.md,基于杂志案例《吉林省财政厅：预算绩效管理建设跑出“加速度”》提炼“吉林省财政厅：预算绩效管理建设跑出“加速度””审计算法/规则，用于复用审计经验、生成疑点线索和核查程序。,文章案例文本；审计事项清单；问题线索台账；审计证据资料；预算指标表；财政支出明细；项目资金台账；绩效目标表；绩效评价指标；产出效果数据,吉林省财政厅：预算绩效管理建设跑出“加速度”疑点清单、命中规则、风险等级、证据链、核查建议,,
OPTSUPV-0024,OPTSUPV-0024,MAGSUPV-0018,四川注协做好“五个坚持”全力助推行业高质量发展案例检测算法,杂志案例算法,P0,L3,100,A,算法候选-严格保留,监督检查与经费舞弊 / 全场景通用 / 金融审计,四川注册会计师/监督检查与经费舞弊,真实性,review_sentinel / data_scout,magazine_435_articles,四川注协做好“五个坚持”全力助推行业高质量发展,四川注协做好“五个坚持”全力助推行业高质量发展,D:\openclaw-workspace\knowledge\11-杂志文献\四川注册会计师\010.四川注协做好“五个坚持”全力助推行业高质量发展.md,基于杂志案例《四川注协做好“五个坚持”全力助推行业高质量发展》提炼“四川注协做好“五个坚持”全力助推行业高质量发展”审计算法/规则，用于复用审计经验、生成疑点线索和核查程序。,文章案例文本；审计事项清单；问题线索台账；审计证据资料；内控制度；会计凭证；工作底稿；整改台账；合同流水；授信审批,四川注协做好“五个坚持”全力助推行业高质量发展疑点清单、命中规则、风险等级、证据链、核查建议,,
OPTSUPV-0025,OPTSUPV-0025,MAGSUPV-0130,国外贷款项目绩效评价实践研究案例检测算法,杂志案例算法,P0,L3,100,A,算法候选-严格保留,监督检查与经费舞弊 / 全场景通用 / 金融审计,财政监督/监督检查与经费舞弊,案例规则,review_sentinel / data_scout,magazine_435_articles,国外贷款项目绩效评价实践研究,国外贷款项目绩效评价实践研究,D:\openclaw-workspace\knowledge\11-杂志文献\财政监督\8.国外贷款项目绩效评价实践研究.md,基于杂志案例《国外贷款项目绩效评价实践研究》提炼“国外贷款项目绩效评价实践研究”审计算法/规则，用于复用审计经验、生成疑点线索和核查程序。,文章案例文本；审计事项清单；问题线索台账；审计证据资料；绩效目标表；绩效评价指标；产出效果数据；内控制度；会计凭证；工作底稿,国外贷款项目绩效评价实践研究疑点清单、命中规则、风险等级、证据链、核查建议,,
OPTSUPV-0026,OPTSUPV-0026,MAGSUPV-0090,BSC与KPI理论视角下的财政支出绩效评价案例检测算法,杂志案例算法,P0,L3,100,A,算法候选-严格保留,监督检查与经费舞弊 / 全场景通用 / 金融审计,财政监督/监督检查与经费舞弊,案例规则,review_sentinel / data_scout,magazine_435_articles,基于BSC与KPI理论视角下的财政支出绩效评价,BSC与KPI理论视角下的财政支出绩效评价,D:\openclaw-workspace\knowledge\11-杂志文献\财政监督\12.基于BSC 与KPI 理论视角下的财政支出绩效评价.md,基于杂志案例《基于BSC与KPI理论视角下的财政支出绩效评价》提炼“BSC与KPI理论视角下的财政支出绩效评价”审计算法/规则，用于复用审计经验、生成疑点线索和核查程序。,文章案例文本；审计事项清单；问题线索台账；审计证据资料；预算指标表；财政支出明细；项目资金台账；绩效目标表；绩效评价指标；产出效果数据,BSC与KPI理论视角下的财政支出绩效评价疑点清单、命中规则、风险等级、证据链、核查建议,,
OPTSUPV-0027,OPTSUPV-0027,MAGSUPV-0117,完善重大财政政策绩效评价机制探索案例检测算法,杂志案例算法,P0,L3,100,A,算法候选-严格保留,监督检查与经费舞弊 / 全场景通用 / 金融审计,财政监督/监督检查与经费舞弊,案例规则,review_sentinel / data_scout,magazine_435_articles,完善重大财政政策绩效评价机制探索,完善重大财政政策绩效评价机制探索,D:\openclaw-workspace\knowledge\11-杂志文献\财政监督\3.完善重大财政政策绩效评价机制探索.md,基于杂志案例《完善重大财政政策绩效评价机制探索》提炼“完善重大财政政策绩效评价机制探索”审计算法/规则，用于复用审计经验、生成疑点线索和核查程序。,文章案例文本；审计事项清单；问题线索台账；审计证据资料；预算指标表；财政支出明细；项目资金台账；绩效目标表；绩效评价指标；产出效果数据,完善重大财政政策绩效评价机制探索疑点清单、命中规则、风险等级、证据链、核查建议,,
OPTSUPV-0028,OPTSUPV-0028,MAGSUPV-0071,审计期望差距对注册会计师法律责任的影响分析案例检测算法,杂志案例算法,P0,L3,100,A,算法候选-严格保留,监督检查与经费舞弊 / 全场景通用 / 金融审计,审计观察/监督检查与经费舞弊,案例规则,review_sentinel / data_scout,magazine_435_articles,审计期望差距对注册会计师法律责任的影响分析,审计期望差距对注册会计师法律责任的影响分析,D:\openclaw-workspace\knowledge\11-杂志文献\审计观察\9.审计期望差距对注册会计师法律责任的影响分析.md,基于杂志案例《审计期望差距对注册会计师法律责任的影响分析》提炼“审计期望差距对注册会计师法律责任的影响分析”审计算法/规则，用于复用审计经验、生成疑点线索和核查程序。,文章案例文本；审计事项清单；问题线索台账；审计证据资料；内控制度；会计凭证；工作底稿；整改台账；合同流水；授信审批,审计期望差距对注册会计师法律责任的影响分析疑点清单、命中规则、风险等级、证据链、核查建议,,
OPTSUPV-0029,OPTSUPV-0029,MAGSUPV-0127,强化审计报告查验加力注会行业信息化监管案例检测算法,杂志案例算法,P0,L3,100,A,算法候选-严格保留,监督检查与经费舞弊 / 全场景通用 / 金融审计,财政监督/监督检查与经费舞弊,案例规则,review_sentinel / data_scout,magazine_435_articles,强化审计报告查验加力注会行业信息化监管,强化审计报告查验加力注会行业信息化监管,D:\openclaw-workspace\knowledge\11-杂志文献\财政监督\7.强化审计报告查验加力注会行业 信息化监管.md,基于杂志案例《强化审计报告查验加力注会行业信息化监管》提炼“强化审计报告查验加力注会行业信息化监管”审计算法/规则，用于复用审计经验、生成疑点线索和核查程序。,文章案例文本；审计事项清单；问题线索台账；审计证据资料；内控制度；会计凭证；工作底稿；整改台账；合同流水；授信审批,强化审计报告查验加力注会行业信息化监管疑点清单、命中规则、风险等级、证据链、核查建议,,
OPTSUPV-0030,OPTSUPV-0030,MAGSUPV-0118,强化预算执行监督推进财政预算与绩效管理一体化案例检测算法,杂志案例算法,P0,L3,100,A,算法候选-严格保留,监督检查与经费舞弊 / 全场景通用 / 金融审计,财政监督/监督检查与经费舞弊,案例规则,review_sentinel / data_scout,magazine_435_articles,强化预算执行监督推进财政预算与绩效管理一体化,强化预算执行监督推进财政预算与绩效管理一体化,D:\openclaw-workspace\knowledge\11-杂志文献\财政监督\3.强化预算执行监督推进财政预算与绩效管理一体化.md,基于杂志案例《强化预算执行监督推进财政预算与绩效管理一体化》提炼“强化预算执行监督推进财政预算与绩效管理一体化”审计算法/规则，用于复用审计经验、生成疑点线索和核查程序。,文章案例文本；审计事项清单；问题线索台账；审计证据资料；预算指标表；财政支出明细；项目资金台账；绩效目标表；绩效评价指标；产出效果数据,强化预算执行监督推进财政预算与绩效管理一体化疑点清单、命中规则、风险等级、证据链、核查建议,,
OPTSUPV-0031,OPTSUPV-0031,MAGSUPV-0132,强穿透、用重典：财会监督正加力(下)案例检测算法,杂志案例算法,P0,L3,100,A,算法候选-严格保留,监督检查与经费舞弊 / 全场景通用 / 金融审计,财政监督/监督检查与经费舞弊,案例规则,review_sentinel / data_scout,magazine_435_articles,强穿透、用重典：财会监督正加力(下),强穿透、用重典：财会监督正加力(下),D:\openclaw-workspace\knowledge\11-杂志文献\财政监督\8.强穿透、用重典：财会监督正加力(下).md,基于杂志案例《强穿透、用重典：财会监督正加力(下)》提炼“强穿透、用重典：财会监督正加力(下)”审计算法/规则，用于复用审计经验、生成疑点线索和核查程序。,文章案例文本；审计事项清单；问题线索台账；审计证据资料；内控制度；会计凭证；工作底稿；整改台账；合同流水；授信审批,强穿透、用重典：财会监督正加力(下)疑点清单、命中规则、风险等级、证据链、核查建议,,
OPTSUPV-0032,OPTSUPV-0032,MAGSUPV-0108,探索采购与绩效融合全过程推动预算绩效管理工作脱虚向实案例检测算法,杂志案例算法,P0,L3,100,A,算法候选-严格保留,监督检查与经费舞弊 / 全场景通用 / 金融审计,财政监督/监督检查与经费舞弊,案例规则,review_sentinel / data_scout,magazine_435_articles,探索采购与绩效融合全过程推动预算绩效管理工作脱虚向实,探索采购与绩效融合全过程推动预算绩效管理工作脱虚向实,D:\openclaw-workspace\knowledge\11-杂志文献\财政监督\2.探索采购与绩效融合全过程推动预算绩效管理工作脱虚向实.md,基于杂志案例《探索采购与绩效融合全过程推动预算绩效管理工作脱虚向实》提炼“探索采购与绩效融合全过程推动预算绩效管理工作脱虚向实”审计算法/规则，用于复用审计经验、生成疑点线索和核查程序。,文章案例文本；审计事项清单；问题线索台账；审计证据资料；预算指标表；财政支出明细；项目资金台账；绩效目标表；绩效评价指标；产出效果数据,探索采购与绩效融合全过程推动预算绩效管理工作脱虚向实疑点清单、命中规则、风险等级、证据链、核查建议,,
OPTSUPV-0033,OPTSUPV-0033,MAGSUPV-0120,加强财会监督的应然之义、方向及举措案例检测算法,杂志案例算法,P0,L3,100,A,算法候选-严格保留,监督检查与经费舞弊 / 全场景通用 / 金融审计,财政监督/监督检查与经费舞弊,案例规则,review_sentinel / data_scout,magazine_435_articles,新时代加强财会监督的应然之义、方向及举措,加强财会监督的应然之义、方向及举措,D:\openclaw-workspace\knowledge\11-杂志文献\财政监督\4.新时代加强财会监督的应然之义、方向及举措.md,基于杂志案例《新时代加强财会监督的应然之义、方向及举措》提炼“加强财会监督的应然之义、方向及举措”审计算法/规则，用于复用审计经验、生成疑点线索和核查程序。,文章案例文本；审计事项清单；问题线索台账；审计证据资料；内控制度；会计凭证；工作底稿；整改台账；合同流水；授信审批,加强财会监督的应然之义、方向及举措疑点清单、命中规则、风险等级、证据链、核查建议,,
OPTSUPV-0034,OPTSUPV-0034,MAGSUPV-0096,构建协同高效财会监督机制的理论思维与路径研究案例检测算法,杂志案例算法,P0,L3,100,A,算法候选-严格保留,监督检查与经费舞弊 / 全场景通用 / 金融审计,财政监督/监督检查与经费舞弊,案例规则,review_sentinel / data_scout,magazine_435_articles,构建协同高效财会监督机制的理论思维与路径研究,构建协同高效财会监督机制的理论思维与路径研究,D:\openclaw-workspace\knowledge\11-杂志文献\财政监督\13.构建协同高效财会监督机制的理论思维与路径研究.md,基于杂志案例《构建协同高效财会监督机制的理论思维与路径研究》提炼“构建协同高效财会监督机制的理论思维与路径研究”审计算法/规则，用于复用审计经验、生成疑点线索和核查程序。,文章案例文本；审计事项清单；问题线索台账；审计证据资料；内控制度；会计凭证；工作底稿；整改台账；合同流水；授信审批,构建协同高效财会监督机制的理论思维与路径研究疑点清单、命中规则、风险等级、证据链、核查建议,,
OPTSUPV-0035,OPTSUPV-0035,MAGSUPV-0033,注册会计师行业“十四五”规划实施评估报告案例检测算法,杂志案例算法,P0,L3,100,A,算法候选-严格保留,监督检查与经费舞弊 / 全场景通用 / 金融审计,四川注册会计师/监督检查与经费舞弊,案例规则,review_sentinel / data_scout,magazine_435_articles,注册会计师行业“十四五”规划实施评估报告,注册会计师行业“十四五”规划实施评估报告,D:\openclaw-workspace\knowledge\11-杂志文献\四川注册会计师\015.注册会计师行业“十四五”规划实施评估报告.md,基于杂志案例《注册会计师行业“十四五”规划实施评估报告》提炼“注册会计师行业“十四五”规划实施评估报告”审计算法/规则，用于复用审计经验、生成疑点线索和核查程序。,文章案例文本；审计事项清单；问题线索台账；审计证据资料；内控制度；会计凭证；工作底稿；整改台账；合同流水；授信审批,注册会计师行业“十四五”规划实施评估报告疑点清单、命中规则、风险等级、证据链、核查建议,,
OPTSUPV-0036,OPTSUPV-0036,MAGSUPV-0086,浙江特色“三位一体”财会监督体系为助力共同富裕“打样”案例检测算法,杂志案例算法,P0,L3,100,A,算法候选-严格保留,监督检查与经费舞弊 / 全场景通用 / 金融审计,财政监督/监督检查与经费舞弊,案例规则,review_sentinel / data_scout,magazine_435_articles,浙江特色“三位一体”财会监督体系为助力共同富裕“打样”,浙江特色“三位一体”财会监督体系为助力共同富裕“打样”,D:\openclaw-workspace\knowledge\11-杂志文献\财政监督\1.浙江特色“三位一体”财会监督体系 为助力共同富裕“打样”.md,基于杂志案例《浙江特色“三位一体”财会监督体系为助力共同富裕“打样”》提炼“浙江特色“三位一体”财会监督体系为助力共同富裕“打样””审计算法/规则，用于复用审计经验、生成疑点线索和核查程序。,文章案例文本；审计事项清单；问题线索台账；审计证据资料；内控制度；会计凭证；工作底稿；整改台账；合同流水；授信审批,浙江特色“三位一体”财会监督体系为助力共同富裕“打样”疑点清单、命中规则、风险等级、证据链、核查建议,,
OPTSUPV-0037,OPTSUPV-0037,MAGSUPV-0129,牢基础、强监管：新时代改进代理记账工作再加力(下)案例检测算法,杂志案例算法,P0,L3,100,A,算法候选-严格保留,监督检查与经费舞弊 / 全场景通用 / 金融审计,财政监督/监督检查与经费舞弊,案例规则,review_sentinel / data_scout,magazine_435_articles,牢基础、强监管：新时代改进代理记账工作再加力(下),牢基础、强监管：新时代改进代理记账工作再加力(下),D:\openclaw-workspace\knowledge\11-杂志文献\财政监督\7.牢基础、强监管：新时代改进代理记 账工作再加力(下).md,基于杂志案例《牢基础、强监管：新时代改进代理记账工作再加力(下)》提炼“牢基础、强监管：新时代改进代理记账工作再加力(下)”审计算法/规则，用于复用审计经验、生成疑点线索和核查程序。,文章案例文本；审计事项清单；问题线索台账；审计证据资料；内控制度；会计凭证；工作底稿；整改台账；合同流水；授信审批,牢基础、强监管：新时代改进代理记账工作再加力(下)疑点清单、命中规则、风险等级、证据链、核查建议,,
OPTSUPV-0038,OPTSUPV-0038,MAGSUPV-0015,社会审计助力国家审计的方法与路径研究案例检测算法,杂志案例算法,P0,L3,100,A,算法候选-严格保留,监督检查与经费舞弊 / 全场景通用 / 金融审计,四川注册会计师/监督检查与经费舞弊,案例规则,review_sentinel / data_scout,magazine_435_articles,社会审计助力国家审计的方法与路径研究,社会审计助力国家审计的方法与路径研究,D:\openclaw-workspace\knowledge\11-杂志文献\四川注册会计师\009.社会审计助力国家审计的方法与路径研究.md,基于杂志案例《社会审计助力国家审计的方法与路径研究》提炼“社会审计助力国家审计的方法与路径研究”审计算法/规则，用于复用审计经验、生成疑点线索和核查程序。,文章案例文本；审计事项清单；问题线索台账；审计证据资料；内控制度；会计凭证；工作底稿；整改台账；合同流水；授信审批,社会审计助力国家审计的方法与路径研究疑点清单、命中规则、风险等级、证据链、核查建议,,
OPTSUPV-0039,OPTSUPV-0039,MAGSUPV-0109,稳中求进扎实做好2023年财政工作案例检测算法,杂志案例算法,P0,L3,100,A,算法候选-严格保留,监督检查与经费舞弊 / 全场景通用 / 金融审计,财政监督/监督检查与经费舞弊,案例规则,review_sentinel / data_scout,magazine_435_articles,稳中求进扎实做好2023年财政工作,稳中求进扎实做好2023年财政工作,D:\openclaw-workspace\knowledge\11-杂志文献\财政监督\2.稳中求进扎实做好2023年财政工作.md,基于杂志案例《稳中求进扎实做好2023年财政工作》提炼“稳中求进扎实做好2023年财政工作”审计算法/规则，用于复用审计经验、生成疑点线索和核查程序。,文章案例文本；审计事项清单；问题线索台账；审计证据资料；预算指标表；财政支出明细；项目资金台账；内控制度；会计凭证；工作底稿,稳中求进扎实做好2023年财政工作疑点清单、命中规则、风险等级、证据链、核查建议,,
OPTSUPV-0040,OPTSUPV-0040,MAGSUPV-0134,绩效目标与指标设置的重要性剖析案例检测算法,杂志案例算法,P0,L3,100,A,算法候选-严格保留,监督检查与经费舞弊 / 全场景通用 / 金融审计,财政监督/监督检查与经费舞弊,案例规则,review_sentinel / data_scout,magazine_435_articles,绩效目标与指标设置的重要性剖析,绩效目标与指标设置的重要性剖析,D:\openclaw-workspace\knowledge\11-杂志文献\财政监督\9.绩效目标与指标设置的重要性剖析.md,基于杂志案例《绩效目标与指标设置的重要性剖析》提炼“绩效目标与指标设置的重要性剖析”审计算法/规则，用于复用审计经验、生成疑点线索和核查程序。,文章案例文本；审计事项清单；问题线索台账；审计证据资料；绩效目标表；绩效评价指标；产出效果数据；内控制度；会计凭证；工作底稿,绩效目标与指标设置的重要性剖析疑点清单、命中规则、风险等级、证据链、核查建议,,
OPTSUPV-0041,OPTSUPV-0041,MAGSUPV-0104,罔顾独立客观必担审计风险案例检测算法,杂志案例算法,P0,L3,100,A,算法候选-严格保留,监督检查与经费舞弊 / 全场景通用 / 金融审计,财政监督/监督检查与经费舞弊,异常性,review_sentinel / data_scout,magazine_435_articles,罔顾独立客观必担审计风险,罔顾独立客观必担审计风险,D:\openclaw-workspace\knowledge\11-杂志文献\财政监督\17.罔顾独立客观必担审计风险.md,基于杂志案例《罔顾独立客观必担审计风险》提炼“罔顾独立客观必担审计风险”审计算法/规则，用于复用审计经验、生成疑点线索和核查程序。,文章案例文本；审计事项清单；问题线索台账；审计证据资料；内控制度；会计凭证；工作底稿；整改台账；合同流水；授信审批,罔顾独立客观必担审计风险疑点清单、命中规则、风险等级、证据链、核查建议,,
OPTSUPV-0042,OPTSUPV-0042,MAGSUPV-0087,论政府采购框架协议采购监督机制的完善案例检测算法,杂志案例算法,P0,L3,100,A,算法候选-严格保留,监督检查与经费舞弊 / 全场景通用 / 金融审计,财政监督/监督检查与经费舞弊,案例规则,review_sentinel / data_scout,magazine_435_articles,论政府采购框架协议采购监督机制的完善,论政府采购框架协议采购监督机制的完善,D:\openclaw-workspace\knowledge\11-杂志文献\财政监督\10.论政府采购框架协议采购监督机制的完善.md,基于杂志案例《论政府采购框架协议采购监督机制的完善》提炼“论政府采购框架协议采购监督机制的完善”审计算法/规则，用于复用审计经验、生成疑点线索和核查程序。,文章案例文本；审计事项清单；问题线索台账；审计证据资料；内控制度；会计凭证；工作底稿；整改台账；合同流水；授信审批,论政府采购框架协议采购监督机制的完善疑点清单、命中规则、风险等级、证据链、核查建议,,
OPTSUPV-0043,OPTSUPV-0043,MAGSUPV-0106,论高质量发展下的企业管理会计升级案例检测算法,杂志案例算法,P0,L3,100,A,算法候选-严格保留,监督检查与经费舞弊 / 全场景通用 / 金融审计,财政监督/监督检查与经费舞弊,真实性,review_sentinel / data_scout,magazine_435_articles,论高质量发展下的企业管理会计升级,论高质量发展下的企业管理会计升级,D:\openclaw-workspace\knowledge\11-杂志文献\财政监督\19.论高质量发展下的企业管理会计升级.md,基于杂志案例《论高质量发展下的企业管理会计升级》提炼“论高质量发展下的企业管理会计升级”审计算法/规则，用于复用审计经验、生成疑点线索和核查程序。,文章案例文本；审计事项清单；问题线索台账；审计证据资料；内控制度；会计凭证；工作底稿；整改台账；合同流水；授信审批,论高质量发展下的企业管理会计升级疑点清单、命中规则、风险等级、证据链、核查建议,,
OPTSUPV-0044,OPTSUPV-0044,MAGSUPV-0110,财会监督的历史维度与现实维度案例检测算法,杂志案例算法,P0,L3,100,A,算法候选-严格保留,监督检查与经费舞弊 / 全场景通用 / 金融审计,财政监督/监督检查与经费舞弊,案例规则,review_sentinel / data_scout,magazine_435_articles,财会监督的历史维度与现实维度,财会监督的历史维度与现实维度,D:\openclaw-workspace\knowledge\11-杂志文献\财政监督\2.财会监督的历史维度与现实维度.md,基于杂志案例《财会监督的历史维度与现实维度》提炼“财会监督的历史维度与现实维度”审计算法/规则，用于复用审计经验、生成疑点线索和核查程序。,文章案例文本；审计事项清单；问题线索台账；审计证据资料；内控制度；会计凭证；工作底稿；整改台账；合同流水；授信审批,财会监督的历史维度与现实维度疑点清单、命中规则、风险等级、证据链、核查建议,,
OPTSUPV-0045,OPTSUPV-0045,MAGSUPV-0107,财政部福建监管局：推动中介机构充分发挥执业监督作用案例检测算法,杂志案例算法,P0,L3,100,A,算法候选-严格保留,监督检查与经费舞弊 / 全场景通用 / 金融审计,财政监督/监督检查与经费舞弊,案例规则,review_sentinel / data_scout,magazine_435_articles,财政部福建监管局：推动中介机构充分发挥执业监督作用,财政部福建监管局：推动中介机构充分发挥执业监督作用,D:\openclaw-workspace\knowledge\11-杂志文献\财政监督\19.财政部福建监管局：推动中介 机构充分发挥执业监督作用.md,基于杂志案例《财政部福建监管局：推动中介机构充分发挥执业监督作用》提炼“财政部福建监管局：推动中介机构充分发挥执业监督作用”审计算法/规则，用于复用审计经验、生成疑点线索和核查程序。,文章案例文本；审计事项清单；问题线索台账；审计证据资料；预算指标表；财政支出明细；项目资金台账；内控制度；会计凭证；工作底稿,财政部福建监管局：推动中介机构充分发挥执业监督作用疑点清单、命中规则、风险等级、证据链、核查建议,,
OPTSUPV-0046,OPTSUPV-0046,MAGSUPV-0097,进一步提升财政部门财会监督效能的思考案例检测算法,杂志案例算法,P0,L3,100,A,算法候选-严格保留,监督检查与经费舞弊 / 全场景通用 / 金融审计,财政监督/监督检查与经费舞弊,案例规则,review_sentinel / data_scout,magazine_435_articles,进一步提升财政部门财会监督效能的思考,进一步提升财政部门财会监督效能的思考,D:\openclaw-workspace\knowledge\11-杂志文献\财政监督\13.进一步提升财政部门财会监督效能的思考.md,基于杂志案例《进一步提升财政部门财会监督效能的思考》提炼“进一步提升财政部门财会监督效能的思考”审计算法/规则，用于复用审计经验、生成疑点线索和核查程序。,文章案例文本；审计事项清单；问题线索台账；审计证据资料；预算指标表；财政支出明细；项目资金台账；内控制度；会计凭证；工作底稿,进一步提升财政部门财会监督效能的思考疑点清单、命中规则、风险等级、证据链、核查建议,,
OPTSUPV-0047,OPTSUPV-0047,PERFV6D-054,内部控制审计实务指南-某央企内部控制审计程序和方法案例26检测算法,算法候选,P0,L3,99,A,算法候选-严格保留,监督检查与经费舞弊 / 预算执行与财政管理 / 经济责任审计,通用/监督检查与经费舞弊,绩效偏离,review_sentinel / data_scout,ocr_55_books_deep,内部控制审计实务指南,某央企内部控制审计程序和方法案例26,E:\2026\审计方法&政策文件\_ocr_output\通用\内部控制审计实务指南.pdf.md,基于《内部控制审计实务指南》中“某央企内部控制审计程序和方法案例26”相关内容，识别审计对象在合规性、真实性、绩效性和责任链方面的风险，形成可复核的疑点、规则或指标输出。,项目台账；财务收支明细；合同与审批资料；支付凭证；审计发现清单；绩效指标表；产出效果数据；满意度问卷；采购公告；投标文件,某央企内部控制审计程序和方法案例26疑点清单、风险等级、命中规则、涉及金额、核查建议,,
OPTSUPV-0048,OPTSUPV-0048,SUPVV6D-001,国家治理导向的政府审计-政府审计管理的分析框架检测算法,算法候选,P0,L3,99,A,算法候选-严格保留,监督检查与经费舞弊 / 预算执行与财政管理 / 绩效评价,通用/监督检查与经费舞弊,异常性,review_sentinel / data_scout,ocr_55_books_deep,国家治理导向的政府审计,政府审计管理的分析框架,E:\2026\审计方法&政策文件\_ocr_output\通用\国家治理导向的政府审计.pdf.md,基于《国家治理导向的政府审计》中“政府审计管理的分析框架”相关内容，识别审计对象在合规性、真实性、绩效性和责任链方面的风险，形成可复核的疑点、规则或指标输出。,项目台账；财务收支明细；合同与审批资料；支付凭证；审计发现清单；绩效指标表；产出效果数据；满意度问卷；会议纪要；三重一大事项,政府审计管理的分析框架疑点清单、风险等级、命中规则、涉及金额、核查建议,,
OPTSUPV-0049,OPTSUPV-0049,FINV6D-001,审计案例-内部控制审计案例…检测算法,算法候选,P0,L3,99,A,算法候选-严格保留,监督检查与经费舞弊 / 预算执行与财政管理 / 经济责任审计,通用/监督检查与经费舞弊,异常性,review_sentinel / data_scout,ocr_55_books_deep,审计案例,内部控制审计案例…,E:\2026\审计方法&政策文件\_ocr_output\通用\审计案例.pdf.md,基于《审计案例》中“内部控制审计案例…”相关内容，识别审计对象在合规性、真实性、绩效性和责任链方面的风险，形成可复核的疑点、规则或指标输出。,项目台账；财务收支明细；合同与审批资料；支付凭证；审计发现清单；采购公告；投标文件；供应商信息；中标合同；农户信息,内部控制审计案例…疑点清单、风险等级、命中规则、涉及金额、核查建议,,
OPTSUPV-0050,OPTSUPV-0050,SUPVV6D-011,政府审计-审计证据链抽取检测算法,算法候选,P0,L3,99,A,算法候选-严格保留,监督检查与经费舞弊 / 预算执行与财政管理 / 绩效评价,通用/监督检查与经费舞弊,异常性,review_sentinel / data_scout,ocr_55_books_deep,政府审计,审计证据链抽取,E:\2026\审计方法&政策文件\_ocr_output\通用\政府审计.pdf.md,基于《政府审计》中“审计证据链抽取”相关内容，识别审计对象在合规性、真实性、绩效性和责任链方面的风险，形成可复核的疑点、规则或指标输出。,项目台账；财务收支明细；合同与审批资料；支付凭证；审计发现清单；绩效指标表；产出效果数据；满意度问卷；会议纪要；三重一大事项,审计证据链抽取疑点清单、风险等级、命中规则、涉及金额、核查建议,2,PERFV6D-071；SUPVV6D-032
OPTSUPV-0051,OPTSUPV-0051,SUPVV6D-019,政府审计学-审计项目计划管理检测算法,算法候选,P0,L3,99,A,算法候选-严格保留,监督检查与经费舞弊 / 预算执行与财政管理 / 绩效评价,通用/监督检查与经费舞弊,异常性,review_sentinel / data_scout,ocr_55_books_deep,政府审计学,审计项目计划管理,E:\2026\审计方法&政策文件\_ocr_output\通用\政府审计学.pdf.md,基于《政府审计学》中“审计项目计划管理”相关内容，识别审计对象在合规性、真实性、绩效性和责任链方面的风险，形成可复核的疑点、规则或指标输出。,项目台账；财务收支明细；合同与审批资料；支付凭证；审计发现清单；预算批复表；预算调整表；绩效目标表；绩效指标表；产出效果数据,审计项目计划管理疑点清单、风险等级、命中规则、涉及金额、核查建议,,
OPTSUPV-0052,OPTSUPV-0052,MAGSUPV-0121,着力“四个强化”推动四川财会监督工作再上新台阶案例检测算法,杂志案例算法,P0,L3,99,A,算法候选-严格保留,监督检查与经费舞弊 / 全场景通用 / 金融审计,财政监督/监督检查与经费舞弊,案例规则,review_sentinel / data_scout,magazine_435_articles,着力“四个强化”推动四川财会监督工作再上新台阶,着力“四个强化”推动四川财会监督工作再上新台阶,D:\openclaw-workspace\knowledge\11-杂志文献\财政监督\4.着力“四个强化”推动四川财会监督工作 再上新台阶.md,基于杂志案例《着力“四个强化”推动四川财会监督工作再上新台阶》提炼“着力“四个强化”推动四川财会监督工作再上新台阶”审计算法/规则，用于复用审计经验、生成疑点线索和核查程序。,文章案例文本；审计事项清单；问题线索台账；审计证据资料；内控制度；会计凭证；工作底稿；整改台账；合同流水；授信审批,着力“四个强化”推动四川财会监督工作再上新台阶疑点清单、命中规则、风险等级、证据链、核查建议,,
OPTSUPV-0053,OPTSUPV-0053,MAGSUPV-0119,积极打造财会监督“山东特色”服务保障经济社会高质量发展案例检测算法,杂志案例算法,P0,L3,99,A,算法候选-严格保留,监督检查与经费舞弊 / 全场景通用 / 金融审计,财政监督/监督检查与经费舞弊,真实性,review_sentinel / data_scout,magazine_435_articles,积极打造财会监督“山东特色”服务保障经济社会高质量发展,积极打造财会监督“山东特色”服务保障经济社会高质量发展,D:\openclaw-workspace\knowledge\11-杂志文献\财政监督\3.积极打造财会监督“山东特色” 服务保障经济社会高质量发展.md,基于杂志案例《积极打造财会监督“山东特色”服务保障经济社会高质量发展》提炼“积极打造财会监督“山东特色”服务保障经济社会高质量发展”审计算法/规则，用于复用审计经验、生成疑点线索和核查程序。,文章案例文本；审计事项清单；问题线索台账；审计证据资料；内控制度；会计凭证；工作底稿；整改台账；合同流水；授信审批,积极打造财会监督“山东特色”服务保障经济社会高质量发展疑点清单、命中规则、风险等级、证据链、核查建议,,
OPTSUPV-0054,OPTSUPV-0054,MAGSUPV-0063,聚焦风险护航年报案例检测算法,杂志案例算法,P0,L3,99,A,算法候选-严格保留,监督检查与经费舞弊 / 全场景通用 / 金融审计,四川注册会计师/监督检查与经费舞弊,异常性,review_sentinel / data_scout,magazine_435_articles,聚焦风险护航年报,聚焦风险护航年报,D:\openclaw-workspace\knowledge\11-杂志文献\四川注册会计师\026.聚焦风险护航年报.md,基于杂志案例《聚焦风险护航年报》提炼“聚焦风险护航年报”审计算法/规则，用于复用审计经验、生成疑点线索和核查程序。,文章案例文本；审计事项清单；问题线索台账；审计证据资料；内控制度；会计凭证；工作底稿；整改台账；合同流水；授信审批,聚焦风险护航年报疑点清单、命中规则、风险等级、证据链、核查建议,,
OPTSUPV-0055,OPTSUPV-0055,SUPVV6D-037,行政事业单位内部控制体系建设全流程操作指南-常用的风险应对策略及内部控制方法检测算法,算法候选,P0,L3,99,A,算法候选-严格保留,监督检查与经费舞弊 / 预算执行与财政管理 / 经济责任审计,通用/监督检查与经费舞弊,异常性,review_sentinel / data_scout,ocr_55_books_deep,行政事业单位内部控制体系建设全流程操作指南,常用的风险应对策略及内部控制方法,E:\2026\审计方法&政策文件\_ocr_output\通用\行政事业单位内部控制体系建设全流程操作指南.pdf.md,基于《行政事业单位内部控制体系建设全流程操作指南》中“常用的风险应对策略及内部控制方法”相关内容，识别审计对象在合规性、真实性、绩效性和责任链方面的风险，形成可复核的疑点、规则或指标输出。,项目台账；财务收支明细；合同与审批资料；支付凭证；审计发现清单；绩效指标表；产出效果数据；满意度问卷；采购公告；投标文件,常用的风险应对策略及内部控制方法疑点清单、风险等级、命中规则、涉及金额、核查建议,,
OPTSUPV-0056,OPTSUPV-0056,PERFV6D-061,行政事业单位内部控制建设原理与操作实务-行政事业单位内部控制的方法检测算法,算法候选,P0,L3,99,A,算法候选-严格保留,监督检查与经费舞弊 / 预算执行与财政管理 / 经济责任审计,通用/监督检查与经费舞弊,绩效偏离,review_sentinel / data_scout,ocr_55_books_deep,行政事业单位内部控制建设原理与操作实务,行政事业单位内部控制的方法,E:\2026\审计方法&政策文件\_ocr_output\通用\行政事业单位内部控制建设原理与操作实务.pdf.md,基于《行政事业单位内部控制建设原理与操作实务》中“行政事业单位内部控制的方法”相关内容，识别审计对象在合规性、真实性、绩效性和责任链方面的风险，形成可复核的疑点、规则或指标输出。,项目台账；财务收支明细；合同与审批资料；支付凭证；审计发现清单；预算批复表；预算调整表；绩效目标表；绩效指标表；产出效果数据,行政事业单位内部控制的方法疑点清单、风险等级、命中规则、涉及金额、核查建议,,
OPTSUPV-0057,OPTSUPV-0057,MAGSUPV-0068,数字治理时代我国审计法治发展研究案例检测算法,杂志案例算法,P0,L3,98,A,算法候选-严格保留,监督检查与经费舞弊 / 全场景通用 / 金融审计,审计观察/监督检查与经费舞弊,案例规则,review_sentinel / data_scout,magazine_435_articles,数字治理时代我国审计法治发展研究,数字治理时代我国审计法治发展研究,D:\openclaw-workspace\knowledge\11-杂志文献\审计观察\14.数字治理时代我国审计法治发展研究.md,基于杂志案例《数字治理时代我国审计法治发展研究》提炼“数字治理时代我国审计法治发展研究”审计算法/规则，用于复用审计经验、生成疑点线索和核查程序。,文章案例文本；审计事项清单；问题线索台账；审计证据资料；内控制度；会计凭证；工作底稿；整改台账；合同流水；授信审批,数字治理时代我国审计法治发展研究疑点清单、命中规则、风险等级、证据链、核查建议,,
OPTSUPV-0058,OPTSUPV-0058,MAGSUPV-0081,013深化绩效改革与财会监督贯通协调的探讨案例检测算法,杂志案例算法,P0,L3,96,A,算法候选-严格保留,监督检查与经费舞弊 / 全场景通用 / 金融审计,财政监督/监督检查与经费舞弊,案例规则,review_sentinel / data_scout,magazine_435_articles,013深化绩效改革与财会监督贯通协调的探讨,013深化绩效改革与财会监督贯通协调的探讨,D:\openclaw-workspace\knowledge\11-杂志文献\财政监督\013深化绩效改革与财会监督贯通协调的探讨.md,基于杂志案例《013深化绩效改革与财会监督贯通协调的探讨》提炼“013深化绩效改革与财会监督贯通协调的探讨”审计算法/规则，用于复用审计经验、生成疑点线索和核查程序。,文章案例文本；审计事项清单；问题线索台账；审计证据资料；绩效目标表；绩效评价指标；产出效果数据；内控制度；会计凭证；工作底稿,013深化绩效改革与财会监督贯通协调的探讨疑点清单、命中规则、风险等级、证据链、核查建议,,
OPTSUPV-0059,OPTSUPV-0059,MAGSUPV-0123,不断深化认识努力提升财会监督质效案例检测算法,杂志案例算法,P0,L3,96,A,算法候选-严格保留,监督检查与经费舞弊 / 全场景通用 / 金融审计,财政监督/监督检查与经费舞弊,案例规则,review_sentinel / data_scout,magazine_435_articles,不断深化认识努力提升财会监督质效,不断深化认识努力提升财会监督质效,D:\openclaw-workspace\knowledge\11-杂志文献\财政监督\6.不断深化认识努力提升财会监督质效.md,基于杂志案例《不断深化认识努力提升财会监督质效》提炼“不断深化认识努力提升财会监督质效”审计算法/规则，用于复用审计经验、生成疑点线索和核查程序。,文章案例文本；审计事项清单；问题线索台账；审计证据资料；内控制度；会计凭证；工作底稿；整改台账；合同流水；授信审批,不断深化认识努力提升财会监督质效疑点清单、命中规则、风险等级、证据链、核查建议,,
OPTSUPV-0060,OPTSUPV-0060,MAGSUPV-0122,围绕中心任务聚焦核心职能推动财会监督工作高质量发展案例检测算法,杂志案例算法,P0,L3,96,A,算法候选-严格保留,监督检查与经费舞弊 / 全场景通用 / 金融审计,财政监督/监督检查与经费舞弊,真实性,review_sentinel / data_scout,magazine_435_articles,围绕中心任务聚焦核心职能推动财会监督工作高质量发展,围绕中心任务聚焦核心职能推动财会监督工作高质量发展,D:\openclaw-workspace\knowledge\11-杂志文献\财政监督\5.围绕中心任务聚焦核心职能推动财会监督工作高质量发展.md,基于杂志案例《围绕中心任务聚焦核心职能推动财会监督工作高质量发展》提炼“围绕中心任务聚焦核心职能推动财会监督工作高质量发展”审计算法/规则，用于复用审计经验、生成疑点线索和核查程序。,文章案例文本；审计事项清单；问题线索台账；审计证据资料；内控制度；会计凭证；工作底稿；整改台账；合同流水；授信审批,围绕中心任务聚焦核心职能推动财会监督工作高质量发展疑点清单、命中规则、风险等级、证据链、核查建议,,
OPTSUPV-0061,OPTSUPV-0061,MAGSUPV-0091,探索构建财会监督常态化协同联动机制案例检测算法,杂志案例算法,P0,L3,95,A,算法候选-严格保留,监督检查与经费舞弊 / 全场景通用 / 金融审计,财政监督/监督检查与经费舞弊,案例规则,review_sentinel / data_scout,magazine_435_articles,探索构建财会监督常态化协同联动机制,探索构建财会监督常态化协同联动机制,D:\openclaw-workspace\knowledge\11-杂志文献\财政监督\12.探索构建财会监督常态化协同联动机制.md,基于杂志案例《探索构建财会监督常态化协同联动机制》提炼“探索构建财会监督常态化协同联动机制”审计算法/规则，用于复用审计经验、生成疑点线索和核查程序。,文章案例文本；审计事项清单；问题线索台账；审计证据资料；内控制度；会计凭证；工作底稿；整改台账；合同流水；授信审批,探索构建财会监督常态化协同联动机制疑点清单、命中规则、风险等级、证据链、核查建议,,
OPTSUPV-0062,OPTSUPV-0062,MAGSUPV-0061,一名老审计人的自白：我为什么要亲手开发一套管理系统案例检测算法,杂志案例算法,P1,L3,94,A,算法候选-严格保留,监督检查与经费舞弊 / 全场景通用 / 金融审计,四川注册会计师/监督检查与经费舞弊,案例规则,review_sentinel / data_scout,magazine_435_articles,一名老审计人的自白：我为什么要亲手开发一套管理系统,一名老审计人的自白：我为什么要亲手开发一套管理系统,D:\openclaw-workspace\knowledge\11-杂志文献\四川注册会计师\025.一名老审计人的自白：我为什么要亲手开发一套管理系统.md,基于杂志案例《一名老审计人的自白：我为什么要亲手开发一套管理系统》提炼“一名老审计人的自白：我为什么要亲手开发一套管理系统”审计算法/规则，用于复用审计经验、生成疑点线索和核查程序。,文章案例文本；审计事项清单；问题线索台账；审计证据资料；内控制度；会计凭证；工作底稿；整改台账；合同流水；授信审批,一名老审计人的自白：我为什么要亲手开发一套管理系统疑点清单、命中规则、风险等级、证据链、核查建议,,
OPTSUPV-0063,OPTSUPV-0063,MAGSUPV-0093,虚构采购业务虚增营业成本案例检测算法,杂志案例算法,P1,L3,94,A,算法候选-严格保留,监督检查与经费舞弊 / 全场景通用 / 金融审计,财政监督/监督检查与经费舞弊,案例规则,review_sentinel / data_scout,magazine_435_articles,虚构采购业务虚增营业成本,虚构采购业务虚增营业成本,D:\openclaw-workspace\knowledge\11-杂志文献\财政监督\12.虚构采购业务虚增营业成本.md,基于杂志案例《虚构采购业务虚增营业成本》提炼“虚构采购业务虚增营业成本”审计算法/规则，用于复用审计经验、生成疑点线索和核查程序。,文章案例文本；审计事项清单；问题线索台账；审计证据资料；内控制度；会计凭证；工作底稿；整改台账；合同流水；授信审批,虚构采购业务虚增营业成本疑点清单、命中规则、风险等级、证据链、核查建议,,
OPTSUPV-0064,OPTSUPV-0064,MAGSUPV-0102,调节成本操控业绩案例检测算法,杂志案例算法,P1,L3,94,A,算法候选-严格保留,监督检查与经费舞弊 / 全场景通用 / 金融审计,财政监督/监督检查与经费舞弊,案例规则,review_sentinel / data_scout,magazine_435_articles,调节成本操控业绩,调节成本操控业绩,D:\openclaw-workspace\knowledge\11-杂志文献\财政监督\15.调节成本操控业绩.md,基于杂志案例《调节成本操控业绩》提炼“调节成本操控业绩”审计算法/规则，用于复用审计经验、生成疑点线索和核查程序。,文章案例文本；审计事项清单；问题线索台账；审计证据资料；内控制度；会计凭证；工作底稿；整改台账；合同流水；授信审批,调节成本操控业绩疑点清单、命中规则、风险等级、证据链、核查建议,,
OPTSUPV-0065,OPTSUPV-0065,MAGSUPV-0100,财政部宁波监管局：“五步法”督促会计师事务所提升执业质案例检测算法,杂志案例算法,P1,L3,94,A,算法候选-严格保留,监督检查与经费舞弊 / 全场景通用 / 金融审计,财政监督/监督检查与经费舞弊,案例规则,review_sentinel / data_scout,magazine_435_articles,财政部宁波监管局：“五步法”督促会计师事务所提升执业质,财政部宁波监管局：“五步法”督促会计师事务所提升执业质,D:\openclaw-workspace\knowledge\11-杂志文献\财政监督\14.财政部宁波监管局：“五步法” 督促会计师事务所提升执业质.md,基于杂志案例《财政部宁波监管局：“五步法”督促会计师事务所提升执业质》提炼“财政部宁波监管局：“五步法”督促会计师事务所提升执业质”审计算法/规则，用于复用审计经验、生成疑点线索和核查程序。,文章案例文本；审计事项清单；问题线索台账；审计证据资料；预算指标表；财政支出明细；项目资金台账；内控制度；会计凭证；工作底稿,财政部宁波监管局：“五步法”督促会计师事务所提升执业质疑点清单、命中规则、风险等级、证据链、核查建议,,
OPTSUPV-0066,OPTSUPV-0066,MAGSUPV-0034,中国会计报》会计师事务所透明度建设迈出关键一步案例检测算法,杂志案例算法,P1,L3,91,A,算法候选-严格保留,监督检查与经费舞弊 / 全场景通用 / 金融审计,四川注册会计师/监督检查与经费舞弊,案例规则,review_sentinel / data_scout,magazine_435_articles,《中国会计报》会计师事务所透明度建设迈出关键一步,中国会计报》会计师事务所透明度建设迈出关键一步,D:\openclaw-workspace\knowledge\11-杂志文献\四川注册会计师\016.《中国会计报》会计师事务所透明度建设迈出关键一步.md,基于杂志案例《《中国会计报》会计师事务所透明度建设迈出关键一步》提炼“中国会计报》会计师事务所透明度建设迈出关键一步”审计算法/规则，用于复用审计经验、生成疑点线索和核查程序。,文章案例文本；审计事项清单；问题线索台账；审计证据资料；内控制度；会计凭证；工作底稿；整改台账；合同流水；授信审批,中国会计报》会计师事务所透明度建设迈出关键一步疑点清单、命中规则、风险等级、证据链、核查建议,,
OPTSUPV-0067,OPTSUPV-0067,MAGSUPV-0115,凝心聚力以财政新作为新担当推动高质量发展案例检测算法,杂志案例算法,P1,L3,91,A,算法候选-严格保留,监督检查与经费舞弊 / 全场景通用 / 金融审计,财政监督/监督检查与经费舞弊,真实性,review_sentinel / data_scout,magazine_435_articles,凝心聚力以财政新作为新担当推动高质量发展,凝心聚力以财政新作为新担当推动高质量发展,D:\openclaw-workspace\knowledge\11-杂志文献\财政监督\3.凝心聚力以财政新作为新担当推动高质量发展.md,基于杂志案例《凝心聚力以财政新作为新担当推动高质量发展》提炼“凝心聚力以财政新作为新担当推动高质量发展”审计算法/规则，用于复用审计经验、生成疑点线索和核查程序。,文章案例文本；审计事项清单；问题线索台账；审计证据资料；预算指标表；财政支出明细；项目资金台账；内控制度；会计凭证；工作底稿,凝心聚力以财政新作为新担当推动高质量发展疑点清单、命中规则、风险等级、证据链、核查建议,,
OPTSUPV-0068,OPTSUPV-0068,MAGSUPV-0020,四川省注册会计师行业信息化建设现状与对策案例检测算法,杂志案例算法,P1,L3,91,A,算法候选-严格保留,监督检查与经费舞弊 / 全场景通用 / 金融审计,四川注册会计师/监督检查与经费舞弊,案例规则,review_sentinel / data_scout,magazine_435_articles,四川省注册会计师行业信息化建设现状与对策,四川省注册会计师行业信息化建设现状与对策,D:\openclaw-workspace\knowledge\11-杂志文献\四川注册会计师\011.四川省注册会计师行业 信息化建设现状与对策.md,基于杂志案例《四川省注册会计师行业信息化建设现状与对策》提炼“四川省注册会计师行业信息化建设现状与对策”审计算法/规则，用于复用审计经验、生成疑点线索和核查程序。,文章案例文本；审计事项清单；问题线索台账；审计证据资料；内控制度；会计凭证；工作底稿；整改台账；合同流水；授信审批,四川省注册会计师行业信息化建设现状与对策疑点清单、命中规则、风险等级、证据链、核查建议,,
OPTSUPV-0069,OPTSUPV-0069,MAGSUPV-0008,奋力谱写注册会计师行业服务中国式现代化新篇章案例检测算法,杂志案例算法,P1,L3,91,A,算法候选-严格保留,监督检查与经费舞弊 / 全场景通用 / 金融审计,四川注册会计师/监督检查与经费舞弊,案例规则,review_sentinel / data_scout,magazine_435_articles,奋力谱写注册会计师行业服务中国式现代化新篇章,奋力谱写注册会计师行业服务中国式现代化新篇章,D:\openclaw-workspace\knowledge\11-杂志文献\四川注册会计师\001.奋力谱写注册会计师行业服务中国式现代化新篇章.md,基于杂志案例《奋力谱写注册会计师行业服务中国式现代化新篇章》提炼“奋力谱写注册会计师行业服务中国式现代化新篇章”审计算法/规则，用于复用审计经验、生成疑点线索和核查程序。,文章案例文本；审计事项清单；问题线索台账；审计证据资料；内控制度；会计凭证；工作底稿；整改台账；合同流水；授信审批,奋力谱写注册会计师行业服务中国式现代化新篇章疑点清单、命中规则、风险等级、证据链、核查建议,,
OPTSUPV-0070,OPTSUPV-0070,MAGSUPV-0031,三大新态势凸显监管加码打击财务造假案例检测算法,杂志案例算法,P1,L3,89,A,算法候选-严格保留,监督检查与经费舞弊 / 全场景通用 / 金融审计,四川注册会计师/监督检查与经费舞弊,真实性,review_sentinel / data_scout,magazine_435_articles,三大新态势凸显监管加码打击财务造假,三大新态势凸显监管加码打击财务造假,D:\openclaw-workspace\knowledge\11-杂志文献\四川注册会计师\015.三大新态势凸显监管加码打击财务造假.md,基于杂志案例《三大新态势凸显监管加码打击财务造假》提炼“三大新态势凸显监管加码打击财务造假”审计算法/规则，用于复用审计经验、生成疑点线索和核查程序。,文章案例文本；审计事项清单；问题线索台账；审计证据资料；内控制度；会计凭证；工作底稿；整改台账；合同流水；授信审批,三大新态势凸显监管加码打击财务造假疑点清单、命中规则、风险等级、证据链、核查建议,,
OPTSUPV-0071,OPTSUPV-0071,PERFV6D-057,内部控制审计实务指南-内部控制审计程序检测算法,算法候选,P1,L3,89,A,算法候选-严格保留,监督检查与经费舞弊 / 预算执行与财政管理 / 经济责任审计,通用/监督检查与经费舞弊,绩效偏离,review_sentinel / data_scout,ocr_55_books_deep,内部控制审计实务指南,内部控制审计程序,E:\2026\审计方法&政策文件\_ocr_output\通用\内部控制审计实务指南.pdf.md,基于《内部控制审计实务指南》中“内部控制审计程序”相关内容，识别审计对象在合规性、真实性、绩效性和责任链方面的风险，形成可复核的疑点、规则或指标输出。,项目台账；财务收支明细；合同与审批资料；支付凭证；审计发现清单；绩效指标表；产出效果数据；满意度问卷；采购公告；投标文件,内部控制审计程序疑点清单、风险等级、命中规则、涉及金额、核查建议,,
OPTSUPV-0072,OPTSUPV-0072,SUPVV6D-004,国家治理导向的政府审计-政府审计理论体系的分析框架检测算法,算法候选,P1,L3,89,A,算法候选-严格保留,监督检查与经费舞弊 / 预算执行与财政管理 / 绩效评价,通用/监督检查与经费舞弊,异常性,review_sentinel / data_scout,ocr_55_books_deep,国家治理导向的政府审计,政府审计理论体系的分析框架,E:\2026\审计方法&政策文件\_ocr_output\通用\国家治理导向的政府审计.pdf.md,基于《国家治理导向的政府审计》中“政府审计理论体系的分析框架”相关内容，识别审计对象在合规性、真实性、绩效性和责任链方面的风险，形成可复核的疑点、规则或指标输出。,项目台账；财务收支明细；合同与审批资料；支付凭证；审计发现清单；绩效指标表；产出效果数据；满意度问卷；会议纪要；三重一大事项,政府审计理论体系的分析框架疑点清单、风险等级、命中规则、涉及金额、核查建议,,
OPTSUPV-0073,OPTSUPV-0073,SUPVV6D-009,国家治理导向的政府审计-内控缺陷矩阵检测算法,算法候选,P1,L3,89,A,算法候选-严格保留,监督检查与经费舞弊 / 预算执行与财政管理 / 绩效评价,通用/监督检查与经费舞弊,异常性,review_sentinel / data_scout,ocr_55_books_deep,国家治理导向的政府审计,内控缺陷矩阵,E:\2026\审计方法&政策文件\_ocr_output\通用\国家治理导向的政府审计.pdf.md,基于《国家治理导向的政府审计》中“内控缺陷矩阵”相关内容，识别审计对象在合规性、真实性、绩效性和责任链方面的风险，形成可复核的疑点、规则或指标输出。,项目台账；财务收支明细；合同与审批资料；支付凭证；审计发现清单；绩效指标表；产出效果数据；满意度问卷；会议纪要；三重一大事项,内控缺陷矩阵疑点清单、风险等级、命中规则、涉及金额、核查建议,,
OPTSUPV-0074,OPTSUPV-0074,MAGSUPV-0099,多个账户长期未纳入法定账簿核算案例检测算法,杂志案例算法,P1,L3,89,A,算法候选-严格保留,监督检查与经费舞弊 / 全场景通用 / 金融审计,财政监督/监督检查与经费舞弊,案例规则,review_sentinel / data_scout,magazine_435_articles,多个账户长期未纳入法定账簿核算,多个账户长期未纳入法定账簿核算,D:\openclaw-workspace\knowledge\11-杂志文献\财政监督\14.多个账户长期未纳入法定账簿核算.md,基于杂志案例《多个账户长期未纳入法定账簿核算》提炼“多个账户长期未纳入法定账簿核算”审计算法/规则，用于复用审计经验、生成疑点线索和核查程序。,文章案例文本；审计事项清单；问题线索台账；审计证据资料；内控制度；会计凭证；工作底稿；整改台账；合同流水；授信审批,多个账户长期未纳入法定账簿核算疑点清单、命中规则、风险等级、证据链、核查建议,,
OPTSUPV-0075,OPTSUPV-0075,SUPVV6D-027,政府审计学-多源数据勾稽检测算法,算法候选,P1,L3,89,A,算法候选-严格保留,监督检查与经费舞弊 / 预算执行与财政管理 / 绩效评价,通用/监督检查与经费舞弊,异常性,review_sentinel / data_scout,ocr_55_books_deep,政府审计学,多源数据勾稽,E:\2026\审计方法&政策文件\_ocr_output\通用\政府审计学.pdf.md,基于《政府审计学》中“多源数据勾稽”相关内容，识别审计对象在合规性、真实性、绩效性和责任链方面的风险，形成可复核的疑点、规则或指标输出。,项目台账；财务收支明细；合同与审批资料；支付凭证；审计发现清单；预算批复表；预算调整表；绩效目标表；绩效指标表；产出效果数据,多源数据勾稽疑点清单、风险等级、命中规则、涉及金额、核查建议,,
OPTSUPV-0076,OPTSUPV-0076,SUPVV6D-040,行政事业单位内部控制体系建设全流程操作指南-预算控制/41检测算法,算法候选,P1,L3,89,A,算法候选-严格保留,监督检查与经费舞弊 / 预算执行与财政管理 / 经济责任审计,通用/监督检查与经费舞弊,异常性,review_sentinel / data_scout,ocr_55_books_deep,行政事业单位内部控制体系建设全流程操作指南,预算控制/41,E:\2026\审计方法&政策文件\_ocr_output\通用\行政事业单位内部控制体系建设全流程操作指南.pdf.md,基于《行政事业单位内部控制体系建设全流程操作指南》中“预算控制/41”相关内容，识别审计对象在合规性、真实性、绩效性和责任链方面的风险，形成可复核的疑点、规则或指标输出。,项目台账；财务收支明细；合同与审批资料；支付凭证；审计发现清单；预算批复表；预算调整表；绩效目标表；绩效指标表；产出效果数据,预算控制/41疑点清单、风险等级、命中规则、涉及金额、核查建议,,
OPTSUPV-0077,OPTSUPV-0077,SUPVV6D-044,行政事业单位内部控制体系建设实操手册-内部控制实施方法论体系检测算法,算法候选,P1,L3,89,A,算法候选-严格保留,监督检查与经费舞弊 / 预算执行与财政管理 / 经济责任审计,通用/监督检查与经费舞弊,异常性,review_sentinel / data_scout,ocr_55_books_deep,行政事业单位内部控制体系建设实操手册,内部控制实施方法论体系,E:\2026\审计方法&政策文件\_ocr_output\通用\行政事业单位内部控制体系建设实操手册.pdf.md,基于《行政事业单位内部控制体系建设实操手册》中“内部控制实施方法论体系”相关内容，识别审计对象在合规性、真实性、绩效性和责任链方面的风险，形成可复核的疑点、规则或指标输出。,项目台账；财务收支明细；合同与审批资料；支付凭证；审计发现清单；预算批复表；预算调整表；绩效目标表；绩效指标表；产出效果数据,内部控制实施方法论体系疑点清单、风险等级、命中规则、涉及金额、核查建议,,
OPTSUPV-0078,OPTSUPV-0078,SUPVV6D-047,行政事业单位内部控制体系建设实操手册-内部控制实施方法论的核心理念是专业化、标准化检测算法,算法候选,P1,L3,89,A,算法候选-严格保留,监督检查与经费舞弊 / 预算执行与财政管理 / 经济责任审计,通用/监督检查与经费舞弊,异常性,review_sentinel / data_scout,ocr_55_books_deep,行政事业单位内部控制体系建设实操手册,内部控制实施方法论的核心理念是专业化、标准化,E:\2026\审计方法&政策文件\_ocr_output\通用\行政事业单位内部控制体系建设实操手册.pdf.md,基于《行政事业单位内部控制体系建设实操手册》中“内部控制实施方法论的核心理念是专业化、标准化”相关内容，识别审计对象在合规性、真实性、绩效性和责任链方面的风险，形成可复核的疑点、规则或指标输出。,项目台账；财务收支明细；合同与审批资料；支付凭证；审计发现清单；预算批复表；预算调整表；绩效目标表；绩效指标表；产出效果数据,内部控制实施方法论的核心理念是专业化、标准化疑点清单、风险等级、命中规则、涉及金额、核查建议,,
OPTSUPV-0079,OPTSUPV-0079,PERFV6D-064,行政事业单位内部控制建设原理与操作实务-预算业务控制建设检测算法,算法候选,P1,L3,89,A,算法候选-严格保留,监督检查与经费舞弊 / 预算执行与财政管理 / 经济责任审计,通用/监督检查与经费舞弊,绩效偏离,review_sentinel / data_scout,ocr_55_books_deep,行政事业单位内部控制建设原理与操作实务,预算业务控制建设,E:\2026\审计方法&政策文件\_ocr_output\通用\行政事业单位内部控制建设原理与操作实务.pdf.md,基于《行政事业单位内部控制建设原理与操作实务》中“预算业务控制建设”相关内容，识别审计对象在合规性、真实性、绩效性和责任链方面的风险，形成可复核的疑点、规则或指标输出。,项目台账；财务收支明细；合同与审批资料；支付凭证；审计发现清单；预算批复表；预算调整表；绩效目标表；绩效指标表；产出效果数据,预算业务控制建设疑点清单、风险等级、命中规则、涉及金额、核查建议,,
OPTSUPV-0080,OPTSUPV-0080,PERFV6D-069,行政事业单位内部控制建设原理与操作实务-数据质量检查检测算法,算法候选,P1,L3,89,A,算法候选-严格保留,监督检查与经费舞弊 / 预算执行与财政管理 / 经济责任审计,通用/监督检查与经费舞弊,绩效偏离,review_sentinel / data_scout,ocr_55_books_deep,行政事业单位内部控制建设原理与操作实务,数据质量检查,E:\2026\审计方法&政策文件\_ocr_output\通用\行政事业单位内部控制建设原理与操作实务.pdf.md,基于《行政事业单位内部控制建设原理与操作实务》中“数据质量检查”相关内容，识别审计对象在合规性、真实性、绩效性和责任链方面的风险，形成可复核的疑点、规则或指标输出。,项目台账；财务收支明细；合同与审批资料；支付凭证；审计发现清单；预算批复表；预算调整表；绩效目标表；绩效指标表；产出效果数据,数据质量检查疑点清单、风险等级、命中规则、涉及金额、核查建议,2,SUPVV6D-014；PERFV6D-074
OPTSUPV-0081,OPTSUPV-0081,MAGSUPV-0052,拥抱AI驱动未来案例检测算法,杂志案例算法,P1,L3,83,B,算法候选-严格保留,监督检查与经费舞弊 / 全场景通用 / 金融审计,四川注册会计师/监督检查与经费舞弊,案例规则,review_sentinel / data_scout,magazine_435_articles,拥抱AI驱动未来,拥抱AI驱动未来,D:\openclaw-workspace\knowledge\11-杂志文献\四川注册会计师\021.拥抱AI驱动未来.md,基于杂志案例《拥抱AI驱动未来》提炼“拥抱AI驱动未来”审计算法/规则，用于复用审计经验、生成疑点线索和核查程序。,文章案例文本；审计事项清单；问题线索台账；审计证据资料；内控制度；会计凭证；工作底稿；整改台账；合同流水；授信审批,拥抱AI驱动未来疑点清单、命中规则、风险等级、证据链、核查建议,,
OPTSUPV-0082,OPTSUPV-0082,MAGSUPV-0016,2025年“注协杯”四川省大学生会计技能大赛圆满落幕案例检测算法,杂志案例算法,P1,L3,79,B,算法候选-严格保留,监督检查与经费舞弊 / 全场景通用 / 金融审计,四川注册会计师/监督检查与经费舞弊,案例规则,review_sentinel / data_scout,magazine_435_articles,2025年“注协杯”四川省大学生会计技能大赛圆满落幕,2025年“注协杯”四川省大学生会计技能大赛圆满落幕,D:\openclaw-workspace\knowledge\11-杂志文献\四川注册会计师\010.2025年“注协杯”四川省大学生会计技能大赛圆满落幕.md,基于杂志案例《2025年“注协杯”四川省大学生会计技能大赛圆满落幕》提炼“2025年“注协杯”四川省大学生会计技能大赛圆满落幕”审计算法/规则，用于复用审计经验、生成疑点线索和核查程序。,文章案例文本；审计事项清单；问题线索台账；审计证据资料；内控制度；会计凭证；工作底稿；整改台账；合同流水；授信审批,2025年“注协杯”四川省大学生会计技能大赛圆满落幕疑点清单、命中规则、风险等级、证据链、核查建议,,
OPTSUPV-0083,OPTSUPV-0083,MAGSUPV-0029,省注协一月份主要工作动态案例检测算法,杂志案例算法,P1,L3,75,B,算法候选-严格保留,监督检查与经费舞弊 / 全场景通用 / 金融审计,四川注册会计师/监督检查与经费舞弊,案例规则,review_sentinel / data_scout,magazine_435_articles,省注协一月份主要工作动态,省注协一月份主要工作动态,D:\openclaw-workspace\knowledge\11-杂志文献\四川注册会计师\014.省注协一月份主要工作动态.md,基于杂志案例《省注协一月份主要工作动态》提炼“省注协一月份主要工作动态”审计算法/规则，用于复用审计经验、生成疑点线索和核查程序。,文章案例文本；审计事项清单；问题线索台账；审计证据资料；内控制度；会计凭证；工作底稿；整改台账；合同流水；授信审批,省注协一月份主要工作动态疑点清单、命中规则、风险等级、证据链、核查建议,,
OPTTAX-0001,OPTTAX-0001,MAGTAX-0006,005财政内部控制建设述评与展望案例检测算法,杂志案例算法,P0,L3,100,A,算法候选-严格保留,税务审计 / 预算执行与财政管理 / 财政与政府债务,财政监督/税务审计,案例规则,data_scout / law_inspector,magazine_435_articles,005财政内部控制建设述评与展望,005财政内部控制建设述评与展望,D:\openclaw-workspace\knowledge\11-杂志文献\财政监督\005财政内部控制建设述评与展望.md,基于杂志案例《005财政内部控制建设述评与展望》提炼“005财政内部控制建设述评与展望”审计算法/规则，用于复用审计经验、生成疑点线索和核查程序。,文章案例文本；审计事项清单；问题线索台账；审计证据资料；预算指标表；财政支出明细；项目资金台账；纳税申报表；发票明细；税收优惠台账,005财政内部控制建设述评与展望疑点清单、命中规则、风险等级、证据链、核查建议,,
OPTTAX-0002,OPTTAX-0002,MAGTAX-0007,008构建“三全”预算绩效管理体系做实财政运行综合绩效评价案例检测算法,杂志案例算法,P0,L3,100,A,算法候选-严格保留,税务审计 / 预算执行与财政管理 / 财政与政府债务,财政监督/税务审计,案例规则,data_scout / law_inspector,magazine_435_articles,008构建“三全”预算绩效管理体系做实财政运行综合绩效评价,008构建“三全”预算绩效管理体系做实财政运行综合绩效评价,D:\openclaw-workspace\knowledge\11-杂志文献\财政监督\008构建“三全”预算绩效管理体系做实财政运行综 合绩效评价.md,基于杂志案例《008构建“三全”预算绩效管理体系做实财政运行综合绩效评价》提炼“008构建“三全”预算绩效管理体系做实财政运行综合绩效评价”审计算法/规则，用于复用审计经验、生成疑点线索和核查程序。,文章案例文本；审计事项清单；问题线索台账；审计证据资料；预算指标表；财政支出明细；项目资金台账；绩效目标表；绩效评价指标；产出效果数据,008构建“三全”预算绩效管理体系做实财政运行综合绩效评价疑点清单、命中规则、风险等级、证据链、核查建议,,
OPTTAX-0003,OPTTAX-0003,MAGTAX-0010,020企业构建世界一流财务管理体系的实践探索案例检测算法,杂志案例算法,P0,L3,100,A,算法候选-严格保留,税务审计 / 预算执行与财政管理 / 财政与政府债务,财政监督/税务审计,案例规则,data_scout / law_inspector,magazine_435_articles,020企业构建世界一流财务管理体系的实践探索,020企业构建世界一流财务管理体系的实践探索,D:\openclaw-workspace\knowledge\11-杂志文献\财政监督\020企业构建世界一流财务管理体系的实践探索.md,基于杂志案例《020企业构建世界一流财务管理体系的实践探索》提炼“020企业构建世界一流财务管理体系的实践探索”审计算法/规则，用于复用审计经验、生成疑点线索和核查程序。,文章案例文本；审计事项清单；问题线索台账；审计证据资料；预算指标表；财政支出明细；项目资金台账；纳税申报表；发票明细；税收优惠台账,020企业构建世界一流财务管理体系的实践探索疑点清单、命中规则、风险等级、证据链、核查建议,,
OPTTAX-0004,OPTTAX-0004,MAGTAX-0011,021基于平衡记分卡的Z烟草工业企业综合绩效管理体系构建案例检测算法,杂志案例算法,P0,L3,100,A,算法候选-严格保留,税务审计 / 预算执行与财政管理 / 财政与政府债务,财政监督/税务审计,案例规则,data_scout / law_inspector,magazine_435_articles,021基于平衡记分卡的Z烟草工业企业综合绩效管理体系构建,021基于平衡记分卡的Z烟草工业企业综合绩效管理体系构建,D:\openclaw-workspace\knowledge\11-杂志文献\财政监督\021基于平衡记分卡的Z 烟草工业企业综合绩效管理体系构建.md,基于杂志案例《021基于平衡记分卡的Z烟草工业企业综合绩效管理体系构建》提炼“021基于平衡记分卡的Z烟草工业企业综合绩效管理体系构建”审计算法/规则，用于复用审计经验、生成疑点线索和核查程序。,文章案例文本；审计事项清单；问题线索台账；审计证据资料；预算指标表；财政支出明细；项目资金台账；绩效目标表；绩效评价指标；产出效果数据,021基于平衡记分卡的Z烟草工业企业综合绩效管理体系构建疑点清单、命中规则、风险等级、证据链、核查建议,,
OPTTAX-0005,OPTTAX-0005,MAGTAX-0015,产业扶持政策绩效评价难点及对策探析案例检测算法,杂志案例算法,P0,L3,100,A,算法候选-严格保留,税务审计 / 预算执行与财政管理 / 财政与政府债务,财政监督/税务审计,案例规则,data_scout / law_inspector,magazine_435_articles,产业扶持政策绩效评价难点及对策探析,产业扶持政策绩效评价难点及对策探析,D:\openclaw-workspace\knowledge\11-杂志文献\财政监督\12.产业扶持政策绩效评价难点及对策探析.md,基于杂志案例《产业扶持政策绩效评价难点及对策探析》提炼“产业扶持政策绩效评价难点及对策探析”审计算法/规则，用于复用审计经验、生成疑点线索和核查程序。,文章案例文本；审计事项清单；问题线索台账；审计证据资料；预算指标表；财政支出明细；项目资金台账；绩效目标表；绩效评价指标；产出效果数据,产业扶持政策绩效评价难点及对策探析疑点清单、命中规则、风险等级、证据链、核查建议,,
OPTTAX-0006,OPTTAX-0006,MAGTAX-0036,以内控信息化加快推进财政数字化改革的探索案例检测算法,杂志案例算法,P0,L4,100,A,算法候选-严格保留,税务审计 / 预算执行与财政管理 / 财政与政府债务,财政监督/税务审计,案例规则,data_scout / law_inspector,magazine_435_articles,以内控信息化加快推进财政数字化改革的探索,以内控信息化加快推进财政数字化改革的探索,D:\openclaw-workspace\knowledge\11-杂志文献\财政监督\5.以内控信息化加快推进财政数字化改革的探索.md,基于杂志案例《以内控信息化加快推进财政数字化改革的探索》提炼“以内控信息化加快推进财政数字化改革的探索”审计算法/规则，用于复用审计经验、生成疑点线索和核查程序。,文章案例文本；审计事项清单；问题线索台账；审计证据资料；预算指标表；财政支出明细；项目资金台账；内控制度；会计凭证；工作底稿,以内控信息化加快推进财政数字化改革的探索疑点清单、命中规则、风险等级、证据链、核查建议,,
OPTTAX-0007,OPTTAX-0007,MAGTAX-0017,钢铁企业绿色创新绩效评价体系的探讨与应用案例检测算法,杂志案例算法,P0,L3,100,A,算法候选-严格保留,税务审计 / 预算执行与财政管理 / 财政与政府债务,财政监督/税务审计,案例规则,data_scout / law_inspector,magazine_435_articles,关于钢铁企业绿色创新绩效评价体系的探讨与应用,钢铁企业绿色创新绩效评价体系的探讨与应用,D:\openclaw-workspace\knowledge\11-杂志文献\财政监督\13.关于钢铁企业绿色创新绩效评价体系的探讨与应用.md,基于杂志案例《关于钢铁企业绿色创新绩效评价体系的探讨与应用》提炼“钢铁企业绿色创新绩效评价体系的探讨与应用”审计算法/规则，用于复用审计经验、生成疑点线索和核查程序。,文章案例文本；审计事项清单；问题线索台账；审计证据资料；预算指标表；财政支出明细；项目资金台账；绩效目标表；绩效评价指标；产出效果数据,钢铁企业绿色创新绩效评价体系的探讨与应用疑点清单、命中规则、风险等级、证据链、核查建议,,
OPTTAX-0008,OPTTAX-0008,MAGTAX-0040,创造价值，管控风险：财务管理变革中的央企实践案例检测算法,杂志案例算法,P0,L3,100,A,算法候选-严格保留,税务审计 / 预算执行与财政管理 / 财政与政府债务,财政监督/税务审计,异常性,data_scout / law_inspector,magazine_435_articles,创造价值，管控风险：财务管理变革中的央企实践,创造价值，管控风险：财务管理变革中的央企实践,D:\openclaw-workspace\knowledge\11-杂志文献\财政监督\9.创造价值，管控风险：财务管理变革中的央企 实践.md,基于杂志案例《创造价值，管控风险：财务管理变革中的央企实践》提炼“创造价值，管控风险：财务管理变革中的央企实践”审计算法/规则，用于复用审计经验、生成疑点线索和核查程序。,文章案例文本；审计事项清单；问题线索台账；审计证据资料；预算指标表；财政支出明细；项目资金台账；纳税申报表；发票明细；税收优惠台账,创造价值，管控风险：财务管理变革中的央企实践疑点清单、命中规则、风险等级、证据链、核查建议,,
OPTTAX-0009,OPTTAX-0009,MAGTAX-0023,医药企业境内分拆上市动因及绩效研究案例检测算法,杂志案例算法,P0,L3,100,A,算法候选-严格保留,税务审计 / 预算执行与财政管理 / 财政与政府债务,财政监督/税务审计,案例规则,data_scout / law_inspector,magazine_435_articles,医药企业境内分拆上市动因及绩效研究,医药企业境内分拆上市动因及绩效研究,D:\openclaw-workspace\knowledge\11-杂志文献\财政监督\18.医药企业境内分拆上市动因及绩效研究.md,基于杂志案例《医药企业境内分拆上市动因及绩效研究》提炼“医药企业境内分拆上市动因及绩效研究”审计算法/规则，用于复用审计经验、生成疑点线索和核查程序。,文章案例文本；审计事项清单；问题线索台账；审计证据资料；预算指标表；财政支出明细；项目资金台账；绩效目标表；绩效评价指标；产出效果数据,医药企业境内分拆上市动因及绩效研究疑点清单、命中规则、风险等级、证据链、核查建议,,
OPTTAX-0010,OPTTAX-0010,MAGTAX-0026,地方财政内控信息化建设实践与探索案例检测算法,杂志案例算法,P0,L3,100,A,算法候选-严格保留,税务审计 / 预算执行与财政管理 / 财政与政府债务,财政监督/税务审计,案例规则,data_scout / law_inspector,magazine_435_articles,地方财政内控信息化建设实践与探索,地方财政内控信息化建设实践与探索,D:\openclaw-workspace\knowledge\11-杂志文献\财政监督\2.地方财政内控信息化建设实践与探索.md,基于杂志案例《地方财政内控信息化建设实践与探索》提炼“地方财政内控信息化建设实践与探索”审计算法/规则，用于复用审计经验、生成疑点线索和核查程序。,文章案例文本；审计事项清单；问题线索台账；审计证据资料；预算指标表；财政支出明细；项目资金台账；内控制度；会计凭证；工作底稿,地方财政内控信息化建设实践与探索疑点清单、命中规则、风险等级、证据链、核查建议,,
OPTTAX-0011,OPTTAX-0011,MAGTAX-0029,强化财政内控建设的实践与思考案例检测算法,杂志案例算法,P0,L3,100,A,算法候选-严格保留,税务审计 / 预算执行与财政管理 / 财政与政府债务,财政监督/税务审计,案例规则,data_scout / law_inspector,magazine_435_articles,强化财政内控建设的实践与思考,强化财政内控建设的实践与思考,D:\openclaw-workspace\knowledge\11-杂志文献\财政监督\20.强化财政内控建设的实践与思考.md,基于杂志案例《强化财政内控建设的实践与思考》提炼“强化财政内控建设的实践与思考”审计算法/规则，用于复用审计经验、生成疑点线索和核查程序。,文章案例文本；审计事项清单；问题线索台账；审计证据资料；预算指标表；财政支出明细；项目资金台账；内控制度；会计凭证；工作底稿,强化财政内控建设的实践与思考疑点清单、命中规则、风险等级、证据链、核查建议,,
OPTTAX-0012,OPTTAX-0012,MAGTAX-0033,数字经济时代企业财务管理变革研究案例检测算法,杂志案例算法,P0,L3,100,A,算法候选-严格保留,税务审计 / 预算执行与财政管理 / 财政与政府债务,财政监督/税务审计,案例规则,data_scout / law_inspector,magazine_435_articles,数字经济时代企业财务管理变革研究,数字经济时代企业财务管理变革研究,D:\openclaw-workspace\knowledge\11-杂志文献\财政监督\24.数字经济时代企业财务管理变革研究.md,基于杂志案例《数字经济时代企业财务管理变革研究》提炼“数字经济时代企业财务管理变革研究”审计算法/规则，用于复用审计经验、生成疑点线索和核查程序。,文章案例文本；审计事项清单；问题线索台账；审计证据资料；预算指标表；财政支出明细；项目资金台账；纳税申报表；发票明细；税收优惠台账,数字经济时代企业财务管理变革研究疑点清单、命中规则、风险等级、证据链、核查建议,,
OPTTAX-0013,OPTTAX-0013,MAGTAX-0025,智慧校园视域下高校财务信息化建设路径探究案例检测算法,杂志案例算法,P0,L3,100,A,算法候选-严格保留,税务审计 / 预算执行与财政管理 / 财政与政府债务,财政监督/税务审计,案例规则,data_scout / law_inspector,magazine_435_articles,智慧校园视域下高校财务信息化建设路径探究,智慧校园视域下高校财务信息化建设路径探究,D:\openclaw-workspace\knowledge\11-杂志文献\财政监督\19.智慧校园视域下高校财务信息化建设路径探究.md,基于杂志案例《智慧校园视域下高校财务信息化建设路径探究》提炼“智慧校园视域下高校财务信息化建设路径探究”审计算法/规则，用于复用审计经验、生成疑点线索和核查程序。,文章案例文本；审计事项清单；问题线索台账；审计证据资料；预算指标表；财政支出明细；项目资金台账；纳税申报表；发票明细；税收优惠台账,智慧校园视域下高校财务信息化建设路径探究疑点清单、命中规则、风险等级、证据链、核查建议,,
OPTTAX-0014,OPTTAX-0014,MAGTAX-0034,服务类政府采购项目绩效评价研究案例检测算法,杂志案例算法,P0,L3,100,A,算法候选-严格保留,税务审计 / 预算执行与财政管理 / 财政与政府债务,财政监督/税务审计,案例规则,data_scout / law_inspector,magazine_435_articles,服务类政府采购项目绩效评价研究,服务类政府采购项目绩效评价研究,D:\openclaw-workspace\knowledge\11-杂志文献\财政监督\4.服务类政府采购项目绩效评价研究.md,基于杂志案例《服务类政府采购项目绩效评价研究》提炼“服务类政府采购项目绩效评价研究”审计算法/规则，用于复用审计经验、生成疑点线索和核查程序。,文章案例文本；审计事项清单；问题线索台账；审计证据资料；预算指标表；财政支出明细；项目资金台账；绩效目标表；绩效评价指标；产出效果数据,服务类政府采购项目绩效评价研究疑点清单、命中规则、风险等级、证据链、核查建议,,
OPTTAX-0015,OPTTAX-0015,MAGTAX-0031,社会公众参与预算监督的现状及影响因素分析案例检测算法,杂志案例算法,P0,L3,100,A,算法候选-严格保留,税务审计 / 预算执行与财政管理 / 财政与政府债务,财政监督/税务审计,案例规则,data_scout / law_inspector,magazine_435_articles,社会公众参与预算监督的现状及影响因素分析,社会公众参与预算监督的现状及影响因素分析,D:\openclaw-workspace\knowledge\11-杂志文献\财政监督\21.社会公众参与预算监督的现状及影响因素分析.md,基于杂志案例《社会公众参与预算监督的现状及影响因素分析》提炼“社会公众参与预算监督的现状及影响因素分析”审计算法/规则，用于复用审计经验、生成疑点线索和核查程序。,文章案例文本；审计事项清单；问题线索台账；审计证据资料；预算指标表；财政支出明细；项目资金台账；内控制度；会计凭证；工作底稿,社会公众参与预算监督的现状及影响因素分析疑点清单、命中规则、风险等级、证据链、核查建议,,
OPTTAX-0016,OPTTAX-0016,MAGTAX-0032,财政补贴对高技术行业企业创新意愿的影响研究案例检测算法,杂志案例算法,P0,L3,100,A,算法候选-严格保留,税务审计 / 预算执行与财政管理 / 财政与政府债务,财政监督/税务审计,案例规则,data_scout / law_inspector,magazine_435_articles,财政补贴对高技术行业企业创新意愿的影响研究,财政补贴对高技术行业企业创新意愿的影响研究,D:\openclaw-workspace\knowledge\11-杂志文献\财政监督\22.财政补贴对高技术行业企业创新意愿的影响研究.md,基于杂志案例《财政补贴对高技术行业企业创新意愿的影响研究》提炼“财政补贴对高技术行业企业创新意愿的影响研究”审计算法/规则，用于复用审计经验、生成疑点线索和核查程序。,文章案例文本；审计事项清单；问题线索台账；审计证据资料；预算指标表；财政支出明细；项目资金台账；纳税申报表；发票明细；税收优惠台账,财政补贴对高技术行业企业创新意愿的影响研究疑点清单、命中规则、风险等级、证据链、核查建议,,
OPTTAX-0017,OPTTAX-0017,MAGTAX-0037,预算绩效管理激励约束机制的国际比较与启示案例检测算法,杂志案例算法,P0,L3,100,A,算法候选-严格保留,税务审计 / 预算执行与财政管理 / 财政与政府债务,财政监督/税务审计,案例规则,data_scout / law_inspector,magazine_435_articles,预算绩效管理激励约束机制的国际比较与启示,预算绩效管理激励约束机制的国际比较与启示,D:\openclaw-workspace\knowledge\11-杂志文献\财政监督\6.预算绩效管理激励约束机制的国际比较与启示.md,基于杂志案例《预算绩效管理激励约束机制的国际比较与启示》提炼“预算绩效管理激励约束机制的国际比较与启示”审计算法/规则，用于复用审计经验、生成疑点线索和核查程序。,文章案例文本；审计事项清单；问题线索台账；审计证据资料；预算指标表；财政支出明细；项目资金台账；绩效目标表；绩效评价指标；产出效果数据,预算绩效管理激励约束机制的国际比较与启示疑点清单、命中规则、风险等级、证据链、核查建议,,
OPTTAX-0018,OPTTAX-0018,MAGTAX-0013,国际航线补助绩效评价研究案例检测算法,杂志案例算法,P0,L3,98,A,算法候选-严格保留,税务审计 / 预算执行与财政管理 / 财政与政府债务,财政监督/税务审计,案例规则,data_scout / law_inspector,magazine_435_articles,国际航线补助绩效评价研究,国际航线补助绩效评价研究,D:\openclaw-workspace\knowledge\11-杂志文献\财政监督\11.国际航线补助绩效评价研究.md,基于杂志案例《国际航线补助绩效评价研究》提炼“国际航线补助绩效评价研究”审计算法/规则，用于复用审计经验、生成疑点线索和核查程序。,文章案例文本；审计事项清单；问题线索台账；审计证据资料；预算指标表；财政支出明细；项目资金台账；绩效目标表；绩效评价指标；产出效果数据,国际航线补助绩效评价研究疑点清单、命中规则、风险等级、证据链、核查建议,,
OPTTAX-0019,OPTTAX-0019,MAGTAX-0009,016基于预算管理一体化的内控信息化路径探索案例检测算法,杂志案例算法,P1,L3,94,A,算法候选-严格保留,税务审计 / 预算执行与财政管理 / 财政与政府债务,财政监督/税务审计,案例规则,data_scout / law_inspector,magazine_435_articles,016基于预算管理一体化的内控信息化路径探索,016基于预算管理一体化的内控信息化路径探索,D:\openclaw-workspace\knowledge\11-杂志文献\财政监督\016基于预算管理一体化的内控信息化路径探索.md,基于杂志案例《016基于预算管理一体化的内控信息化路径探索》提炼“016基于预算管理一体化的内控信息化路径探索”审计算法/规则，用于复用审计经验、生成疑点线索和核查程序。,文章案例文本；审计事项清单；问题线索台账；审计证据资料；预算指标表；财政支出明细；项目资金台账；内控制度；会计凭证；工作底稿,016基于预算管理一体化的内控信息化路径探索疑点清单、命中规则、风险等级、证据链、核查建议,,
OPTTAX-0020,OPTTAX-0020,MAGTAX-0008,013巩固深化主题教育成果推动财政监管工作走深走实案例检测算法,杂志案例算法,P1,L3,91,A,算法候选-严格保留,税务审计 / 预算执行与财政管理 / 财政与政府债务,财政监督/税务审计,案例规则,data_scout / law_inspector,magazine_435_articles,013巩固深化主题教育成果推动财政监管工作走深走实,013巩固深化主题教育成果推动财政监管工作走深走实,D:\openclaw-workspace\knowledge\11-杂志文献\财政监督\013巩固深化主题教育成果推动财政监管工作走深走实.md,基于杂志案例《013巩固深化主题教育成果推动财政监管工作走深走实》提炼“013巩固深化主题教育成果推动财政监管工作走深走实”审计算法/规则，用于复用审计经验、生成疑点线索和核查程序。,文章案例文本；审计事项清单；问题线索台账；审计证据资料；预算指标表；财政支出明细；项目资金台账；纳税申报表；发票明细；税收优惠台账,013巩固深化主题教育成果推动财政监管工作走深走实疑点清单、命中规则、风险等级、证据链、核查建议,,
OPTTAX-0021,OPTTAX-0021,MAGTAX-0028,深学细悟习近平新时代中国特色社会主义思想走好新时代新征程财政改革发展之路案例检测算法,杂志案例算法,P1,L3,91,A,算法候选-严格保留,税务审计 / 预算执行与财政管理 / 财政与政府债务,财政监督/税务审计,案例规则,data_scout / law_inspector,magazine_435_articles,深学细悟习近平新时代中国特色社会主义思想走好新时代新征程财政改革发展之路,深学细悟习近平新时代中国特色社会主义思想走好新时代新征程财政改革发展之路,D:\openclaw-workspace\knowledge\11-杂志文献\财政监督\2.深学细悟习近平新时代中国特色社会主义思想走好新时代新征程财政改革发展之路.md,基于杂志案例《深学细悟习近平新时代中国特色社会主义思想走好新时代新征程财政改革发展之路》提炼“深学细悟习近平新时代中国特色社会主义思想走好新时代新征程财政改革发展之路”审计算法/规则，用于复用审计经验、生成疑点线索和核查程序。,文章案例文本；审计事项清单；问题线索台账；审计证据资料；预算指标表；财政支出明细；项目资金台账；纳税申报表；发票明细；税收优惠台账,深学细悟习近平新时代中国特色社会主义思想走好新时代新征程财政改革发展之路疑点清单、命中规则、风险等级、证据链、核查建议,,
OPTTAX-0022,OPTTAX-0022,MAGTAX-0020,强化“三个抓手”推进内控管理走深走实案例检测算法,杂志案例算法,P1,L3,86,A,算法候选-严格保留,税务审计 / 预算执行与财政管理 / 财政与政府债务,财政监督/税务审计,案例规则,data_scout / law_inspector,magazine_435_articles,强化“三个抓手”推进内控管理走深走实,强化“三个抓手”推进内控管理走深走实,D:\openclaw-workspace\knowledge\11-杂志文献\财政监督\16.强化“三个抓手”推进内控管理走深走实.md,基于杂志案例《强化“三个抓手”推进内控管理走深走实》提炼“强化“三个抓手”推进内控管理走深走实”审计算法/规则，用于复用审计经验、生成疑点线索和核查程序。,文章案例文本；审计事项清单；问题线索台账；审计证据资料；预算指标表；财政支出明细；项目资金台账；内控制度；会计凭证；工作底稿,强化“三个抓手”推进内控管理走深走实疑点清单、命中规则、风险等级、证据链、核查建议,,
OPTECON-0001,OPTECON-0001,ECONV6D-001,内部经济责任审计-内部经济责任审计的程序与方法检测算法,算法候选,P0,L3,99,A,算法候选-严格保留,经济责任审计 / 监督检查与经费舞弊,经责/经济责任审计,异常性,fiscal_reviewer / review_sentinel,ocr_55_books_deep,内部经济责任审计,内部经济责任审计的程序与方法,E:\2026\审计方法&政策文件\_ocr_output\经责\内部经济责任审计.pdf.md,基于《内部经济责任审计》中“内部经济责任审计的程序与方法”相关内容，识别审计对象在合规性、真实性、绩效性和责任链方面的风险，形成可复核的疑点、规则或指标输出。,项目台账；财务收支明细；合同与审批资料；支付凭证；审计发现清单；绩效指标表；产出效果数据；满意度问卷；会议纪要；三重一大事项,内部经济责任审计的程序与方法疑点清单、风险等级、命中规则、涉及金额、核查建议,,
OPTECON-0002,OPTECON-0002,ECONV6D-009,国有企业经济责任审计实务指南-审计评价与责任界定57检测算法,算法候选,P0,L3,99,A,算法候选-严格保留,经济责任审计 / 国企审计 / 监督检查与经费舞弊,经责/经济责任审计,异常性,fiscal_reviewer / review_sentinel,ocr_55_books_deep,国有企业经济责任审计实务指南,审计评价与责任界定57,E:\2026\审计方法&政策文件\_ocr_output\经责\国有企业经济责任审计实务指南.pdf.md,基于《国有企业经济责任审计实务指南》中“审计评价与责任界定57”相关内容，识别审计对象在合规性、真实性、绩效性和责任链方面的风险，形成可复核的疑点、规则或指标输出。,项目台账；财务收支明细；合同与审批资料；支付凭证；审计发现清单；绩效指标表；产出效果数据；满意度问卷；会议纪要；三重一大事项,审计评价与责任界定57疑点清单、风险等级、命中规则、涉及金额、核查建议,,
OPTECON-0003,OPTECON-0003,ECONV6D-026,行政单位经济责任审计实务指南-审计评价与责任界定47检测算法,算法候选,P0,L3,99,A,算法候选-严格保留,经济责任审计 / 预算执行与财政管理 / 监督检查与经费舞弊,经责/经济责任审计,异常性,fiscal_reviewer / review_sentinel,ocr_55_books_deep,行政单位经济责任审计实务指南,审计评价与责任界定47,E:\2026\审计方法&政策文件\_ocr_output\经责\行政单位经济责任审计实务指南.pdf.md,基于《行政单位经济责任审计实务指南》中“审计评价与责任界定47”相关内容，识别审计对象在合规性、真实性、绩效性和责任链方面的风险，形成可复核的疑点、规则或指标输出。,项目台账；财务收支明细；合同与审批资料；支付凭证；审计发现清单；绩效指标表；产出效果数据；满意度问卷；会议纪要；三重一大事项,审计评价与责任界定47疑点清单、风险等级、命中规则、涉及金额、核查建议,,
OPTECON-0004,OPTECON-0004,ENVV6D-001,领导干部自然资源资产离任审计实务与操作指引-大数据审计方法检测算法,算法候选,P0,L3,99,A,算法候选-严格保留,经济责任审计 / 资源环境审计 / 监督检查与经费舞弊,经责/经济责任审计,异常性,fiscal_reviewer / review_sentinel,ocr_55_books_deep,领导干部自然资源资产离任审计实务与操作指引,大数据审计方法,E:\2026\审计方法&政策文件\_ocr_output\经责\领导干部自然资源资产离任审计实务与操作指引.pdf.md,基于《领导干部自然资源资产离任审计实务与操作指引》中“大数据审计方法”相关内容，识别审计对象在合规性、真实性、绩效性和责任链方面的风险，形成可复核的疑点、规则或指标输出。,项目台账；财务收支明细；合同与审批资料；支付凭证；审计发现清单；会议纪要；三重一大事项；责任人岗位信息；遥感图斑；自然资源审批,大数据审计方法疑点清单、风险等级、命中规则、涉及金额、核查建议,,
OPTECON-0005,OPTECON-0005,ECONV6D-032,高校领导干部经济责任审计指南-审计程序与方法检测算法,算法候选,P0,L3,99,A,算法候选-严格保留,经济责任审计 / 预算执行与财政管理 / 监督检查与经费舞弊,经责/经济责任审计,异常性,fiscal_reviewer / review_sentinel,ocr_55_books_deep,高校领导干部经济责任审计指南,审计程序与方法,E:\2026\审计方法&政策文件\_ocr_output\经责\高校领导干部经济责任审计指南.pdf.md,基于《高校领导干部经济责任审计指南》中“审计程序与方法”相关内容，识别审计对象在合规性、真实性、绩效性和责任链方面的风险，形成可复核的疑点、规则或指标输出。,项目台账；财务收支明细；合同与审批资料；支付凭证；审计发现清单；预算批复表；预算调整表；绩效目标表；会议纪要；三重一大事项,审计程序与方法疑点清单、风险等级、命中规则、涉及金额、核查建议,,
OPTECON-0006,OPTECON-0006,ECONV6D-004,内部经济责任审计-内部经济责任审计程序检测算法,算法候选,P1,L3,89,A,算法候选-严格保留,经济责任审计 / 监督检查与经费舞弊,经责/经济责任审计,异常性,fiscal_reviewer / review_sentinel,ocr_55_books_deep,内部经济责任审计,内部经济责任审计程序,E:\2026\审计方法&政策文件\_ocr_output\经责\内部经济责任审计.pdf.md,基于《内部经济责任审计》中“内部经济责任审计程序”相关内容，识别审计对象在合规性、真实性、绩效性和责任链方面的风险，形成可复核的疑点、规则或指标输出。,项目台账；财务收支明细；合同与审批资料；支付凭证；审计发现清单；绩效指标表；产出效果数据；满意度问卷；会议纪要；三重一大事项,内部经济责任审计程序疑点清单、风险等级、命中规则、涉及金额、核查建议,,
OPTECON-0007,OPTECON-0007,ECONV6D-012,国有企业经济责任审计实务指南-一般事项审计操作程序23检测算法,算法候选,P1,L3,89,A,算法候选-严格保留,经济责任审计 / 国企审计 / 监督检查与经费舞弊,经责/经济责任审计,异常性,fiscal_reviewer / review_sentinel,ocr_55_books_deep,国有企业经济责任审计实务指南,一般事项审计操作程序23,E:\2026\审计方法&政策文件\_ocr_output\经责\国有企业经济责任审计实务指南.pdf.md,基于《国有企业经济责任审计实务指南》中“一般事项审计操作程序23”相关内容，识别审计对象在合规性、真实性、绩效性和责任链方面的风险，形成可复核的疑点、规则或指标输出。,项目台账；财务收支明细；合同与审批资料；支付凭证；审计发现清单；绩效指标表；产出效果数据；满意度问卷；会议纪要；三重一大事项,一般事项审计操作程序23疑点清单、风险等级、命中规则、涉及金额、核查建议,,
OPTECON-0008,OPTECON-0008,ECONV6D-016,经济责任审计实务-A市国土资源与房屋管理局原局长离任经济责任审计检测算法,算法候选,P1,L3,89,A,算法候选-严格保留,经济责任审计 / 监督检查与经费舞弊,经责/经济责任审计,异常性,fiscal_reviewer / review_sentinel,ocr_55_books_deep,经济责任审计实务,A市国土资源与房屋管理局原局长离任经济责任审计,E:\2026\审计方法&政策文件\_ocr_output\经责\经济责任审计实务.md,基于《经济责任审计实务》中“A市国土资源与房屋管理局原局长离任经济责任审计”相关内容，识别审计对象在合规性、真实性、绩效性和责任链方面的风险，形成可复核的疑点、规则或指标输出。,项目台账；财务收支明细；合同与审批资料；支付凭证；审计发现清单；绩效指标表；产出效果数据；满意度问卷；会议纪要；三重一大事项,A市国土资源与房屋管理局原局长离任经济责任审计疑点清单、风险等级、命中规则、涉及金额、核查建议,1,ECONV6D-021
OPTECON-0009,OPTECON-0009,ECONV6D-019,经济责任审计实务-经济责任审计实务检测算法,算法候选,P1,L3,89,A,算法候选-严格保留,经济责任审计 / 监督检查与经费舞弊,经责/经济责任审计,异常性,fiscal_reviewer / review_sentinel,ocr_55_books_deep,经济责任审计实务,经济责任审计实务,E:\2026\审计方法&政策文件\_ocr_output\经责\经济责任审计实务.md,基于《经济责任审计实务》中“经济责任审计实务”相关内容，识别审计对象在合规性、真实性、绩效性和责任链方面的风险，形成可复核的疑点、规则或指标输出。,项目台账；财务收支明细；合同与审批资料；支付凭证；审计发现清单；绩效指标表；产出效果数据；满意度问卷；会议纪要；三重一大事项,经济责任审计实务疑点清单、风险等级、命中规则、涉及金额、核查建议,,
OPTECON-0010,OPTECON-0010,ECONV6D-024,经济责任审计实务-经济责任审计实务.pdf检测算法,算法候选,P1,L3,89,A,算法候选-严格保留,经济责任审计 / 监督检查与经费舞弊,经责/经济责任审计,异常性,fiscal_reviewer / review_sentinel,ocr_55_books_deep,经济责任审计实务,经济责任审计实务.pdf,E:\2026\审计方法&政策文件\_ocr_output\经责\经济责任审计实务.pdf.md,基于《经济责任审计实务》中“经济责任审计实务.pdf”相关内容，识别审计对象在合规性、真实性、绩效性和责任链方面的风险，形成可复核的疑点、规则或指标输出。,项目台账；财务收支明细；合同与审批资料；支付凭证；审计发现清单；绩效指标表；产出效果数据；满意度问卷；会议纪要；三重一大事项,经济责任审计实务.pdf疑点清单、风险等级、命中规则、涉及金额、核查建议,,
OPTECON-0011,OPTECON-0011,ECONV6D-029,行政单位经济责任审计实务指南-一般事项审计操作程序检测算法,算法候选,P1,L3,89,A,算法候选-严格保留,经济责任审计 / 预算执行与财政管理 / 监督检查与经费舞弊,经责/经济责任审计,异常性,fiscal_reviewer / review_sentinel,ocr_55_books_deep,行政单位经济责任审计实务指南,一般事项审计操作程序,E:\2026\审计方法&政策文件\_ocr_output\经责\行政单位经济责任审计实务指南.pdf.md,基于《行政单位经济责任审计实务指南》中“一般事项审计操作程序”相关内容，识别审计对象在合规性、真实性、绩效性和责任链方面的风险，形成可复核的疑点、规则或指标输出。,项目台账；财务收支明细；合同与审批资料；支付凭证；审计发现清单；绩效指标表；产出效果数据；满意度问卷；会议纪要；三重一大事项,一般事项审计操作程序疑点清单、风险等级、命中规则、涉及金额、核查建议,,
OPTECON-0012,OPTECON-0012,ENVV6D-004,领导干部自然资源资产离任审计实务与操作指引-指标评价法检测算法,算法候选,P1,L3,89,A,算法候选-严格保留,经济责任审计 / 资源环境审计 / 监督检查与经费舞弊,经责/经济责任审计,异常性,fiscal_reviewer / review_sentinel,ocr_55_books_deep,领导干部自然资源资产离任审计实务与操作指引,指标评价法,E:\2026\审计方法&政策文件\_ocr_output\经责\领导干部自然资源资产离任审计实务与操作指引.pdf.md,基于《领导干部自然资源资产离任审计实务与操作指引》中“指标评价法”相关内容，识别审计对象在合规性、真实性、绩效性和责任链方面的风险，形成可复核的疑点、规则或指标输出。,项目台账；财务收支明细；合同与审批资料；支付凭证；审计发现清单；会议纪要；三重一大事项；责任人岗位信息；遥感图斑；自然资源审批,指标评价法疑点清单、风险等级、命中规则、涉及金额、核查建议,,
OPTECON-0013,OPTECON-0013,ENVV6D-009,领导干部自然资源资产离任审计常见问题定性与评价指南-领导干部自然资源资产离任审计常见问题定性与评价指南.pd检测算法,算法候选,P1,L3,89,A,算法候选-严格保留,经济责任审计 / 资源环境审计 / 监督检查与经费舞弊,经责/经济责任审计,异常性,fiscal_reviewer / review_sentinel,ocr_55_books_deep,领导干部自然资源资产离任审计常见问题定性与评价指南,领导干部自然资源资产离任审计常见问题定性与评价指南.pd,E:\2026\审计方法&政策文件\_ocr_output\经责\领导干部自然资源资产离任审计常见问题定性与评价指南.pdf.md,基于《领导干部自然资源资产离任审计常见问题定性与评价指南》中“领导干部自然资源资产离任审计常见问题定性与评价指南.pd”相关内容，识别审计对象在合规性、真实性、绩效性和责任链方面的风险，形成可复核的疑点、规则或指标输出。,项目台账；财务收支明细；合同与审批资料；支付凭证；审计发现清单；绩效指标表；产出效果数据；满意度问卷；会议纪要；三重一大事项,领导干部自然资源资产离任审计常见问题定性与评价指南.pd疑点清单、风险等级、命中规则、涉及金额、核查建议,,
OPTECON-0014,OPTECON-0014,ENVV6D-012,领导干部自然资源资产离任审计常见问题定性与评价指南-土地资源资产管理、节约资源和生态环境保护约束性指标及目标检测算法,算法候选,P1,L3,89,A,算法候选-严格保留,经济责任审计 / 资源环境审计 / 监督检查与经费舞弊,经责/经济责任审计,异常性,fiscal_reviewer / review_sentinel,ocr_55_books_deep,领导干部自然资源资产离任审计常见问题定性与评价指南,土地资源资产管理、节约资源和生态环境保护约束性指标及目标,E:\2026\审计方法&政策文件\_ocr_output\经责\领导干部自然资源资产离任审计常见问题定性与评价指南.pdf.md,基于《领导干部自然资源资产离任审计常见问题定性与评价指南》中“土地资源资产管理、节约资源和生态环境保护约束性指标及目标”相关内容，识别审计对象在合规性、真实性、绩效性和责任链方面的风险，形成可复核的疑点、规则或指标输出。,项目台账；财务收支明细；合同与审批资料；支付凭证；审计发现清单；绩效指标表；产出效果数据；满意度问卷；会议纪要；三重一大事项,土地资源资产管理、节约资源和生态环境保护约束性指标及目标疑点清单、风险等级、命中规则、涉及金额、核查建议,,
OPTECON-0015,OPTECON-0015,ECONV6D-035,高校领导干部经济责任审计指南-高校领导干部经济责任审计背景检测算法,算法候选,P1,L3,89,A,算法候选-严格保留,经济责任审计 / 预算执行与财政管理 / 监督检查与经费舞弊,经责/经济责任审计,异常性,fiscal_reviewer / review_sentinel,ocr_55_books_deep,高校领导干部经济责任审计指南,高校领导干部经济责任审计背景,E:\2026\审计方法&政策文件\_ocr_output\经责\高校领导干部经济责任审计指南.pdf.md,基于《高校领导干部经济责任审计指南》中“高校领导干部经济责任审计背景”相关内容，识别审计对象在合规性、真实性、绩效性和责任链方面的风险，形成可复核的疑点、规则或指标输出。,项目台账；财务收支明细；合同与审批资料；支付凭证；审计发现清单；预算批复表；预算调整表；绩效目标表；会议纪要；三重一大事项,高校领导干部经济责任审计背景疑点清单、风险等级、命中规则、涉及金额、核查建议,,
OPTPERF-0001,OPTPERF-0001,PERFV6D-001,中国财政支出政策绩效评价体系研究-财政支出政策绩效评价的现实意义与理论分析检测算法,算法候选,P0,L3,99,A,算法候选-严格保留,绩效评价 / 预算执行与财政管理 / 财政与政府债务,绩效/绩效评价,绩效偏离,performance_evaluator / budget_estimator,ocr_55_books_deep,中国财政支出政策绩效评价体系研究,财政支出政策绩效评价的现实意义与理论分析,E:\2026\审计方法&政策文件\_ocr_output\绩效\中国财政支出政策绩效评价体系研究.pdf.md,基于《中国财政支出政策绩效评价体系研究》中“财政支出政策绩效评价的现实意义与理论分析”相关内容，识别审计对象在合规性、真实性、绩效性和责任链方面的风险，形成可复核的疑点、规则或指标输出。,项目台账；财务收支明细；合同与审批资料；支付凭证；审计发现清单；预算批复表；预算调整表；绩效目标表；绩效指标表；产出效果数据,财政支出政策绩效评价的现实意义与理论分析疑点清单、风险等级、命中规则、涉及金额、核查建议,,
OPTPERF-0002,OPTPERF-0002,PERFV6D-008,抽样调查设计导论-社会网络模型：区分“关系数据”和“属性数据”，是把分析重检测算法,算法候选,P0,L3,99,A,算法候选-严格保留,绩效评价 / 预算执行与财政管理 / 财政与政府债务,绩效/绩效评价,绩效偏离,performance_evaluator / budget_estimator,ocr_55_books_deep,抽样调查设计导论,社会网络模型：区分“关系数据”和“属性数据”，是把分析重,E:\2026\审计方法&政策文件\_ocr_output\绩效\抽样调查设计导论.pdf.md,基于《抽样调查设计导论》中“社会网络模型：区分“关系数据”和“属性数据”，是把分析重”相关内容，识别审计对象在合规性、真实性、绩效性和责任链方面的风险，形成可复核的疑点、规则或指标输出。,项目台账；财务收支明细；合同与审批资料；支付凭证；审计发现清单；绩效指标表；产出效果数据；满意度问卷；工程量清单；结算书,社会网络模型：区分“关系数据”和“属性数据”，是把分析重疑点清单、风险等级、命中规则、涉及金额、核查建议,,
OPTPERF-0003,OPTPERF-0003,PERFV6D-026,绩效审计一个计量的过程和方法-绩效审计一个计量的过程和方法.pdf检测算法,算法候选,P0,L3,99,A,算法候选-严格保留,绩效评价 / 预算执行与财政管理 / 财政与政府债务,绩效/绩效评价,绩效偏离,performance_evaluator / budget_estimator,ocr_55_books_deep,绩效审计一个计量的过程和方法,绩效审计一个计量的过程和方法.pdf,E:\2026\审计方法&政策文件\_ocr_output\绩效\绩效审计一个计量的过程和方法.pdf.md,基于《绩效审计一个计量的过程和方法》中“绩效审计一个计量的过程和方法.pdf”相关内容，识别审计对象在合规性、真实性、绩效性和责任链方面的风险，形成可复核的疑点、规则或指标输出。,项目台账；财务收支明细；合同与审批资料；支付凭证；审计发现清单；绩效指标表；产出效果数据；满意度问卷；工程量清单；结算书,绩效审计一个计量的过程和方法.pdf疑点清单、风险等级、命中规则、涉及金额、核查建议,,
OPTPERF-0004,OPTPERF-0004,PERFV6D-034,绩效审计方法-绩效审计分析和评价方法·检测算法,算法候选,P0,L3,99,A,算法候选-严格保留,绩效评价 / 预算执行与财政管理 / 财政与政府债务,绩效/绩效评价,绩效偏离,performance_evaluator / budget_estimator,ocr_55_books_deep,绩效审计方法,绩效审计分析和评价方法·,E:\2026\审计方法&政策文件\_ocr_output\绩效\绩效审计方法.pdf.md,基于《绩效审计方法》中“绩效审计分析和评价方法·”相关内容，识别审计对象在合规性、真实性、绩效性和责任链方面的风险，形成可复核的疑点、规则或指标输出。,项目台账；财务收支明细；合同与审批资料；支付凭证；审计发现清单；预算批复表；预算调整表；绩效目标表；绩效指标表；产出效果数据,绩效审计分析和评价方法·疑点清单、风险等级、命中规则、涉及金额、核查建议,,
OPTPERF-0005,OPTPERF-0005,PERFV6D-041,财政支出绩效评价研究-财政支出绩效评价分类方法的比较选择检测算法,算法候选,P0,L3,99,A,算法候选-严格保留,绩效评价 / 预算执行与财政管理 / 财政与政府债务,绩效/绩效评价,绩效偏离,performance_evaluator / budget_estimator,ocr_55_books_deep,财政支出绩效评价研究,财政支出绩效评价分类方法的比较选择,E:\2026\审计方法&政策文件\_ocr_output\绩效\财政支出绩效评价研究.pdf.md,基于《财政支出绩效评价研究》中“财政支出绩效评价分类方法的比较选择”相关内容，识别审计对象在合规性、真实性、绩效性和责任链方面的风险，形成可复核的疑点、规则或指标输出。,项目台账；财务收支明细；合同与审批资料；支付凭证；审计发现清单；预算批复表；预算调整表；绩效目标表；绩效指标表；产出效果数据,财政支出绩效评价分类方法的比较选择疑点清单、风险等级、命中规则、涉及金额、核查建议,,
OPTPERF-0006,OPTPERF-0006,PERFV6D-004,中国财政支出政策绩效评价体系研究-财政支出政策绩效评价的现实意义与理论分析|5检测算法,算法候选,P1,L3,89,A,算法候选-严格保留,绩效评价 / 预算执行与财政管理 / 财政与政府债务,绩效/绩效评价,绩效偏离,performance_evaluator / budget_estimator,ocr_55_books_deep,中国财政支出政策绩效评价体系研究,财政支出政策绩效评价的现实意义与理论分析|5,E:\2026\审计方法&政策文件\_ocr_output\绩效\中国财政支出政策绩效评价体系研究.pdf.md,基于《中国财政支出政策绩效评价体系研究》中“财政支出政策绩效评价的现实意义与理论分析|5”相关内容，识别审计对象在合规性、真实性、绩效性和责任链方面的风险，形成可复核的疑点、规则或指标输出。,项目台账；财务收支明细；合同与审批资料；支付凭证；审计发现清单；预算批复表；预算调整表；绩效目标表；绩效指标表；产出效果数据,财政支出政策绩效评价的现实意义与理论分析|5疑点清单、风险等级、命中规则、涉及金额、核查建议,,
OPTPERF-0007,OPTPERF-0007,PERFV6D-011,抽样调查设计导论-定性研究和定量研究的结合更加紧密：在定量分析方法的教材中检测算法,算法候选,P1,L3,89,A,算法候选-严格保留,绩效评价 / 预算执行与财政管理 / 财政与政府债务,绩效/绩效评价,绩效偏离,performance_evaluator / budget_estimator,ocr_55_books_deep,抽样调查设计导论,定性研究和定量研究的结合更加紧密：在定量分析方法的教材中,E:\2026\审计方法&政策文件\_ocr_output\绩效\抽样调查设计导论.pdf.md,基于《抽样调查设计导论》中“定性研究和定量研究的结合更加紧密：在定量分析方法的教材中”相关内容，识别审计对象在合规性、真实性、绩效性和责任链方面的风险，形成可复核的疑点、规则或指标输出。,项目台账；财务收支明细；合同与审批资料；支付凭证；审计发现清单；绩效指标表；产出效果数据；满意度问卷；工程量清单；结算书,定性研究和定量研究的结合更加紧密：在定量分析方法的教材中疑点清单、风险等级、命中规则、涉及金额、核查建议,,
OPTPERF-0008,OPTPERF-0008,PERFV6D-015,水利系统部门整体支出绩效评价的思考与探索-水利系统部门整体支出绩效评价的思考与探索.pdf检测算法,算法候选,P1,L3,89,A,算法候选-严格保留,绩效评价 / 预算执行与财政管理 / 财政与政府债务,绩效/绩效评价,绩效偏离,performance_evaluator / budget_estimator,ocr_55_books_deep,水利系统部门整体支出绩效评价的思考与探索,水利系统部门整体支出绩效评价的思考与探索.pdf,E:\2026\审计方法&政策文件\_ocr_output\绩效\水利系统部门整体支出绩效评价的思考与探索.pdf.md,基于《水利系统部门整体支出绩效评价的思考与探索》中“水利系统部门整体支出绩效评价的思考与探索.pdf”相关内容，识别审计对象在合规性、真实性、绩效性和责任链方面的风险，形成可复核的疑点、规则或指标输出。,项目台账；财务收支明细；合同与审批资料；支付凭证；审计发现清单；预算批复表；预算调整表；绩效目标表；绩效指标表；产出效果数据,水利系统部门整体支出绩效评价的思考与探索.pdf疑点清单、风险等级、命中规则、涉及金额、核查建议,,
OPTPERF-0009,OPTPERF-0009,PERFV6D-018,水利系统部门整体支出绩效评价的思考与探索-国内外绩效管理实践检测算法,算法候选,P1,L3,89,A,算法候选-严格保留,绩效评价 / 预算执行与财政管理 / 财政与政府债务,绩效/绩效评价,绩效偏离,performance_evaluator / budget_estimator,ocr_55_books_deep,水利系统部门整体支出绩效评价的思考与探索,国内外绩效管理实践,E:\2026\审计方法&政策文件\_ocr_output\绩效\水利系统部门整体支出绩效评价的思考与探索.pdf.md,基于《水利系统部门整体支出绩效评价的思考与探索》中“国内外绩效管理实践”相关内容，识别审计对象在合规性、真实性、绩效性和责任链方面的风险，形成可复核的疑点、规则或指标输出。,项目台账；财务收支明细；合同与审批资料；支付凭证；审计发现清单；预算批复表；预算调整表；绩效目标表；绩效指标表；产出效果数据,国内外绩效管理实践疑点清单、风险等级、命中规则、涉及金额、核查建议,,
OPTPERF-0010,OPTPERF-0010,PERFV6D-020,环境绩效审计实务指南-环境绩效审计实务指南.pdf检测算法,算法候选,P1,L3,89,A,算法候选-严格保留,绩效评价 / 资源环境审计 / 预算执行与财政管理,绩效/绩效评价,绩效偏离,performance_evaluator / budget_estimator,ocr_55_books_deep,环境绩效审计实务指南,环境绩效审计实务指南.pdf,E:\2026\审计方法&政策文件\_ocr_output\绩效\环境绩效审计实务指南.pdf.md,基于《环境绩效审计实务指南》中“环境绩效审计实务指南.pdf”相关内容，识别审计对象在合规性、真实性、绩效性和责任链方面的风险，形成可复核的疑点、规则或指标输出。,项目台账；财务收支明细；合同与审批资料；支付凭证；审计发现清单；绩效指标表；产出效果数据；满意度问卷；工程量清单；结算书,环境绩效审计实务指南.pdf疑点清单、风险等级、命中规则、涉及金额、核查建议,,
OPTPERF-0011,OPTPERF-0011,PERFV6D-023,环境绩效审计实务指南-饮用水保护工程项目资金投入情况检测算法,算法候选,P1,L3,89,A,算法候选-严格保留,绩效评价 / 资源环境审计 / 预算执行与财政管理,绩效/绩效评价,绩效偏离,performance_evaluator / budget_estimator,ocr_55_books_deep,环境绩效审计实务指南,饮用水保护工程项目资金投入情况,E:\2026\审计方法&政策文件\_ocr_output\绩效\环境绩效审计实务指南.pdf.md,基于《环境绩效审计实务指南》中“饮用水保护工程项目资金投入情况”相关内容，识别审计对象在合规性、真实性、绩效性和责任链方面的风险，形成可复核的疑点、规则或指标输出。,项目台账；财务收支明细；合同与审批资料；支付凭证；审计发现清单；绩效指标表；产出效果数据；满意度问卷；工程量清单；结算书,饮用水保护工程项目资金投入情况疑点清单、风险等级、命中规则、涉及金额、核查建议,,
OPTPERF-0012,OPTPERF-0012,PERFV6D-029,绩效审计一个计量的过程和方法-在年度计划中选择绩效审计项目检测算法,算法候选,P1,L3,89,A,算法候选-严格保留,绩效评价 / 预算执行与财政管理 / 财政与政府债务,绩效/绩效评价,绩效偏离,performance_evaluator / budget_estimator,ocr_55_books_deep,绩效审计一个计量的过程和方法,在年度计划中选择绩效审计项目,E:\2026\审计方法&政策文件\_ocr_output\绩效\绩效审计一个计量的过程和方法.pdf.md,基于《绩效审计一个计量的过程和方法》中“在年度计划中选择绩效审计项目”相关内容，识别审计对象在合规性、真实性、绩效性和责任链方面的风险，形成可复核的疑点、规则或指标输出。,项目台账；财务收支明细；合同与审批资料；支付凭证；审计发现清单；绩效指标表；产出效果数据；满意度问卷；工程量清单；结算书,在年度计划中选择绩效审计项目疑点清单、风险等级、命中规则、涉及金额、核查建议,,
OPTPERF-0013,OPTPERF-0013,PERFV6D-037,绩效审计方法-绩效审计方法.pdf检测算法,算法候选,P1,L3,89,A,算法候选-严格保留,绩效评价 / 预算执行与财政管理 / 财政与政府债务,绩效/绩效评价,绩效偏离,performance_evaluator / budget_estimator,ocr_55_books_deep,绩效审计方法,绩效审计方法.pdf,E:\2026\审计方法&政策文件\_ocr_output\绩效\绩效审计方法.pdf.md,基于《绩效审计方法》中“绩效审计方法.pdf”相关内容，识别审计对象在合规性、真实性、绩效性和责任链方面的风险，形成可复核的疑点、规则或指标输出。,项目台账；财务收支明细；合同与审批资料；支付凭证；审计发现清单；预算批复表；预算调整表；绩效目标表；绩效指标表；产出效果数据,绩效审计方法.pdf疑点清单、风险等级、命中规则、涉及金额、核查建议,,
OPTPERF-0014,OPTPERF-0014,ENVV6D-015,调查问卷设计与处理分析-调查数据分析检测算法,算法候选,P1,L3,89,A,算法候选-严格保留,绩效评价 / 预算执行与财政管理 / 财政与政府债务,绩效/绩效评价,异常性,performance_evaluator / budget_estimator,ocr_55_books_deep,调查问卷设计与处理分析,调查数据分析,E:\2026\审计方法&政策文件\_ocr_output\绩效\调查问卷设计与处理分析.pdf.md,基于《调查问卷设计与处理分析》中“调查数据分析”相关内容，识别审计对象在合规性、真实性、绩效性和责任链方面的风险，形成可复核的疑点、规则或指标输出。,项目台账；财务收支明细；合同与审批资料；支付凭证；审计发现清单；绩效指标表；产出效果数据；满意度问卷；农户信息；土地确权,调查数据分析疑点清单、风险等级、命中规则、涉及金额、核查建议,,
OPTPERF-0015,OPTPERF-0015,ENVV6D-018,调查问卷设计与处理分析-成本效益分析检测算法,算法候选,P1,L3,89,A,算法候选-严格保留,绩效评价 / 预算执行与财政管理 / 财政与政府债务,绩效/绩效评价,异常性,performance_evaluator / budget_estimator,ocr_55_books_deep,调查问卷设计与处理分析,成本效益分析,E:\2026\审计方法&政策文件\_ocr_output\绩效\调查问卷设计与处理分析.pdf.md,基于《调查问卷设计与处理分析》中“成本效益分析”相关内容，识别审计对象在合规性、真实性、绩效性和责任链方面的风险，形成可复核的疑点、规则或指标输出。,项目台账；财务收支明细；合同与审批资料；支付凭证；审计发现清单；绩效指标表；产出效果数据；满意度问卷；农户信息；土地确权,成本效益分析疑点清单、风险等级、命中规则、涉及金额、核查建议,,
OPTPERF-0016,OPTPERF-0016,PERFV6D-044,财政支出绩效评价研究-中国开展财政支出绩效评价的背检测算法,算法候选,P1,L3,89,A,算法候选-严格保留,绩效评价 / 预算执行与财政管理 / 财政与政府债务,绩效/绩效评价,绩效偏离,performance_evaluator / budget_estimator,ocr_55_books_deep,财政支出绩效评价研究,中国开展财政支出绩效评价的背,E:\2026\审计方法&政策文件\_ocr_output\绩效\财政支出绩效评价研究.pdf.md,基于《财政支出绩效评价研究》中“中国开展财政支出绩效评价的背”相关内容，识别审计对象在合规性、真实性、绩效性和责任链方面的风险，形成可复核的疑点、规则或指标输出。,项目台账；财务收支明细；合同与审批资料；支付凭证；审计发现清单；预算批复表；预算调整表；绩效目标表；绩效指标表；产出效果数据,中国开展财政支出绩效评价的背疑点清单、风险等级、命中规则、涉及金额、核查建议,,
OPTCARB-0001,OPTCARB-0001,CARBV6D-001,中国碳排放权交易实务-为碳排放核查，解析了温室气体排放核查的流程和要求，并对已检测算法,算法候选,P0,L3,99,A,算法候选-严格保留,能源与双碳审计 / 资源环境审计 / 绩效评价,能源/能源与双碳审计,异常性,law_inspector / performance_evaluator,ocr_55_books_deep,中国碳排放权交易实务,为碳排放核查，解析了温室气体排放核查的流程和要求，并对已,E:\2026\审计方法&政策文件\_ocr_output\能源\中国碳排放权交易实务.pdf.md,基于《中国碳排放权交易实务》中“为碳排放核查，解析了温室气体排放核查的流程和要求，并对已”相关内容，识别审计对象在合规性、真实性、绩效性和责任链方面的风险，形成可复核的疑点、规则或指标输出。,项目台账；财务收支明细；合同与审批资料；支付凭证；审计发现清单；工程量清单；结算书；签证变更；竣工资料；能耗账单,为碳排放核查，解析了温室气体排放核查的流程和要求，并对已疑点清单、风险等级、命中规则、涉及金额、核查建议,,
OPTCARB-0002,OPTCARB-0002,CARBV6D-015,公共机构能源审计实务-公共机构能源审计程序与内容检测算法,算法候选,P0,L3,99,A,算法候选-严格保留,能源与双碳审计 / 资源环境审计 / 绩效评价,能源/能源与双碳审计,异常性,law_inspector / performance_evaluator,ocr_55_books_deep,公共机构能源审计实务,公共机构能源审计程序与内容,E:\2026\审计方法&政策文件\_ocr_output\能源\公共机构能源审计实务.pdf.md,基于《公共机构能源审计实务》中“公共机构能源审计程序与内容”相关内容，识别审计对象在合规性、真实性、绩效性和责任链方面的风险，形成可复核的疑点、规则或指标输出。,项目台账；财务收支明细；合同与审批资料；支付凭证；审计发现清单；绩效指标表；产出效果数据；满意度问卷；能耗账单；设备台账,公共机构能源审计程序与内容疑点清单、风险等级、命中规则、涉及金额、核查建议,,
OPTCARB-0003,OPTCARB-0003,CARBV6D-028,能源审计原理与实施方法-能源审计原理与实施方法.pdf检测算法,算法候选,P0,L3,99,A,算法候选-严格保留,能源与双碳审计 / 资源环境审计 / 绩效评价,能源/能源与双碳审计,异常性,law_inspector / performance_evaluator,ocr_55_books_deep,能源审计原理与实施方法,能源审计原理与实施方法.pdf,E:\2026\审计方法&政策文件\_ocr_output\能源\能源审计原理与实施方法.pdf.md,基于《能源审计原理与实施方法》中“能源审计原理与实施方法.pdf”相关内容，识别审计对象在合规性、真实性、绩效性和责任链方面的风险，形成可复核的疑点、规则或指标输出。,项目台账；财务收支明细；合同与审批资料；支付凭证；审计发现清单；绩效指标表；产出效果数据；满意度问卷；能耗账单；设备台账,能源审计原理与实施方法.pdf疑点清单、风险等级、命中规则、涉及金额、核查建议,,
OPTCARB-0004,OPTCARB-0004,CARBV6D-004,中国碳排放权交易实务-单位面积能耗对标检测算法,算法候选,P1,L3,89,A,算法候选-严格保留,能源与双碳审计 / 资源环境审计 / 绩效评价,能源/能源与双碳审计,异常性,law_inspector / performance_evaluator,ocr_55_books_deep,中国碳排放权交易实务,单位面积能耗对标,E:\2026\审计方法&政策文件\_ocr_output\能源\中国碳排放权交易实务.pdf.md,基于《中国碳排放权交易实务》中“单位面积能耗对标”相关内容，识别审计对象在合规性、真实性、绩效性和责任链方面的风险，形成可复核的疑点、规则或指标输出。,项目台账；财务收支明细；合同与审批资料；支付凭证；审计发现清单；工程量清单；结算书；签证变更；竣工资料；能耗账单,单位面积能耗对标疑点清单、风险等级、命中规则、涉及金额、核查建议,,
OPTCARB-0005,OPTCARB-0005,CARBV6D-009,公共机构能源审计-能源审计的思路和方法检测算法,算法候选,P1,L3,89,A,算法候选-严格保留,能源与双碳审计 / 资源环境审计 / 绩效评价,能源/能源与双碳审计,异常性,law_inspector / performance_evaluator,ocr_55_books_deep,公共机构能源审计,能源审计的思路和方法,E:\2026\审计方法&政策文件\_ocr_output\能源\公共机构能源审计.pdf.md,基于《公共机构能源审计》中“能源审计的思路和方法”相关内容，识别审计对象在合规性、真实性、绩效性和责任链方面的风险，形成可复核的疑点、规则或指标输出。,项目台账；财务收支明细；合同与审批资料；支付凭证；审计发现清单；绩效指标表；产出效果数据；满意度问卷；能耗账单；设备台账,能源审计的思路和方法疑点清单、风险等级、命中规则、涉及金额、核查建议,,
OPTCARB-0006,OPTCARB-0006,CARBV6D-012,公共机构能源审计-公共机构能源审计.pdf检测算法,算法候选,P1,L3,89,A,算法候选-严格保留,能源与双碳审计 / 资源环境审计 / 绩效评价,能源/能源与双碳审计,异常性,law_inspector / performance_evaluator,ocr_55_books_deep,公共机构能源审计,公共机构能源审计.pdf,E:\2026\审计方法&政策文件\_ocr_output\能源\公共机构能源审计.pdf.md,基于《公共机构能源审计》中“公共机构能源审计.pdf”相关内容，识别审计对象在合规性、真实性、绩效性和责任链方面的风险，形成可复核的疑点、规则或指标输出。,项目台账；财务收支明细；合同与审批资料；支付凭证；审计发现清单；绩效指标表；产出效果数据；满意度问卷；能耗账单；设备台账,公共机构能源审计.pdf疑点清单、风险等级、命中规则、涉及金额、核查建议,,
OPTCARB-0007,OPTCARB-0007,CARBV6D-022,碳达峰与碳中和实施指南-国外碳中和管理政策检测算法,算法候选,P1,L3,89,A,算法候选-严格保留,能源与双碳审计 / 资源环境审计 / 绩效评价,能源/能源与双碳审计,异常性,law_inspector / performance_evaluator,ocr_55_books_deep,碳达峰与碳中和实施指南,国外碳中和管理政策,E:\2026\审计方法&政策文件\_ocr_output\能源\碳达峰与碳中和实施指南.pdf.md,基于《碳达峰与碳中和实施指南》中“国外碳中和管理政策”相关内容，识别审计对象在合规性、真实性、绩效性和责任链方面的风险，形成可复核的疑点、规则或指标输出。,项目台账；财务收支明细；合同与审批资料；支付凭证；审计发现清单；能耗账单；设备台账；碳排放/配额数据；农户信息；土地确权,国外碳中和管理政策疑点清单、风险等级、命中规则、涉及金额、核查建议,,
OPTCARB-0008,OPTCARB-0008,CARBV6D-025,碳达峰与碳中和实施指南-能耗基线异常检测算法,算法候选,P1,L3,89,A,算法候选-严格保留,能源与双碳审计 / 资源环境审计 / 绩效评价,能源/能源与双碳审计,异常性,law_inspector / performance_evaluator,ocr_55_books_deep,碳达峰与碳中和实施指南,能耗基线异常,E:\2026\审计方法&政策文件\_ocr_output\能源\碳达峰与碳中和实施指南.pdf.md,基于《碳达峰与碳中和实施指南》中“能耗基线异常”相关内容，识别审计对象在合规性、真实性、绩效性和责任链方面的风险，形成可复核的疑点、规则或指标输出。,项目台账；财务收支明细；合同与审批资料；支付凭证；审计发现清单；能耗账单；设备台账；碳排放/配额数据；农户信息；土地确权,能耗基线异常疑点清单、风险等级、命中规则、涉及金额、核查建议,,
OPTENV-0001,OPTENV-0001,MAGENV-0001,反垄断法与时俱进护航经济社会高质发展案例检测算法,杂志案例算法,P0,L3,100,A,算法候选-严格保留,资源环境审计 / 绩效评价 / 财政与政府债务,审计观察/资源环境审计,案例规则,law_inspector / data_scout,magazine_435_articles,反垄断法与时俱进护航经济社会高质发展,反垄断法与时俱进护航经济社会高质发展,D:\openclaw-workspace\knowledge\11-杂志文献\审计观察\1.反垄断法与时俱进护航经济社会高质发展.md,基于杂志案例《反垄断法与时俱进护航经济社会高质发展》提炼“反垄断法与时俱进护航经济社会高质发展”审计算法/规则，用于复用审计经验、生成疑点线索和核查程序。,文章案例文本；审计事项清单；问题线索台账；审计证据资料；预算指标表；财政支出明细；项目资金台账；绩效目标表；绩效评价指标；产出效果数据,反垄断法与时俱进护航经济社会高质发展疑点清单、命中规则、风险等级、证据链、核查建议,,
OPTENV-0002,OPTENV-0002,MAGENV-0002,数字法治政府建设中区块链的引入与适用路径案例检测算法,杂志案例算法,P0,L3,100,A,算法候选-严格保留,资源环境审计 / 绩效评价 / 财政与政府债务,审计观察/资源环境审计,案例规则,law_inspector / data_scout,magazine_435_articles,数字法治政府建设中区块链的引入与适用路径,数字法治政府建设中区块链的引入与适用路径,D:\openclaw-workspace\knowledge\11-杂志文献\审计观察\11.数字法治政府建设中区块链的引入与适用路径.md,基于杂志案例《数字法治政府建设中区块链的引入与适用路径》提炼“数字法治政府建设中区块链的引入与适用路径”审计算法/规则，用于复用审计经验、生成疑点线索和核查程序。,文章案例文本；审计事项清单；问题线索台账；审计证据资料；预算指标表；财政支出明细；项目资金台账；绩效目标表；绩效评价指标；产出效果数据,数字法治政府建设中区块链的引入与适用路径疑点清单、命中规则、风险等级、证据链、核查建议,,
OPTENV-0003,OPTENV-0003,MAGENV-0004,立足“严”的主基调构建审计机关容错纠错机制案例检测算法,杂志案例算法,P0,L3,100,A,算法候选-严格保留,资源环境审计 / 绩效评价 / 财政与政府债务,审计观察/资源环境审计,案例规则,law_inspector / data_scout,magazine_435_articles,立足“严”的主基调构建审计机关容错纠错机制,立足“严”的主基调构建审计机关容错纠错机制,D:\openclaw-workspace\knowledge\11-杂志文献\审计观察\8.立足“严”的主基调构建审计机关容错纠错机制.md,基于杂志案例《立足“严”的主基调构建审计机关容错纠错机制》提炼“立足“严”的主基调构建审计机关容错纠错机制”审计算法/规则，用于复用审计经验、生成疑点线索和核查程序。,文章案例文本；审计事项清单；问题线索台账；审计证据资料；预算指标表；财政支出明细；项目资金台账；绩效目标表；绩效评价指标；产出效果数据,立足“严”的主基调构建审计机关容错纠错机制疑点清单、命中规则、风险等级、证据链、核查建议,,
OPTENV-0004,OPTENV-0004,MAGENV-0003,读懂中国的产业革命案例检测算法,杂志案例算法,P1,L3,88,A,算法候选-严格保留,资源环境审计 / 绩效评价 / 财政与政府债务,审计观察/资源环境审计,案例规则,law_inspector / data_scout,magazine_435_articles,读懂中国的产业革命,读懂中国的产业革命,D:\openclaw-workspace\knowledge\11-杂志文献\审计观察\18.读懂中国的产业革命.md,基于杂志案例《读懂中国的产业革命》提炼“读懂中国的产业革命”审计算法/规则，用于复用审计经验、生成疑点线索和核查程序。,文章案例文本；审计事项清单；问题线索台账；审计证据资料；预算指标表；财政支出明细；项目资金台账；绩效目标表；绩效评价指标；产出效果数据,读懂中国的产业革命疑点清单、命中规则、风险等级、证据链、核查建议,,
OPTFIN-0001,OPTFIN-0001,MAGFIN-0011,003中国式现代化进程中财会监督发展历程与展望案例检测算法,杂志案例算法,P0,L3,100,A,算法候选-严格保留,金融审计 / 国企审计 / 监督检查与经费舞弊,财政监督/金融审计,案例规则,data_scout / contract_hound,magazine_435_articles,003中国式现代化进程中财会监督发展历程与展望,003中国式现代化进程中财会监督发展历程与展望,D:\openclaw-workspace\knowledge\11-杂志文献\财政监督\003中国式现代化进程中财会监督发展历程与展望.md,基于杂志案例《003中国式现代化进程中财会监督发展历程与展望》提炼“003中国式现代化进程中财会监督发展历程与展望”审计算法/规则，用于复用审计经验、生成疑点线索和核查程序。,文章案例文本；审计事项清单；问题线索台账；审计证据资料；内控制度；会计凭证；工作底稿；整改台账；合同流水；授信审批,003中国式现代化进程中财会监督发展历程与展望疑点清单、命中规则、风险等级、证据链、核查建议,,
OPTFIN-0002,OPTFIN-0002,MAGFIN-0013,006财政监督论案例检测算法,杂志案例算法,P0,L3,100,A,算法候选-严格保留,金融审计 / 国企审计 / 监督检查与经费舞弊,财政监督/金融审计,案例规则,data_scout / contract_hound,magazine_435_articles,006财政监督论,006财政监督论,D:\openclaw-workspace\knowledge\11-杂志文献\财政监督\006财政监督论.md,基于杂志案例《006财政监督论》提炼“006财政监督论”审计算法/规则，用于复用审计经验、生成疑点线索和核查程序。,文章案例文本；审计事项清单；问题线索台账；审计证据资料；预算指标表；财政支出明细；项目资金台账；内控制度；会计凭证；工作底稿,006财政监督论疑点清单、命中规则、风险等级、证据链、核查建议,,
OPTFIN-0003,OPTFIN-0003,MAGFIN-0014,010推动财政重点绩效评价结果应用的思考案例检测算法,杂志案例算法,P0,L3,100,A,算法候选-严格保留,金融审计 / 国企审计 / 监督检查与经费舞弊,财政监督/金融审计,案例规则,data_scout / contract_hound,magazine_435_articles,010推动财政重点绩效评价结果应用的思考,010推动财政重点绩效评价结果应用的思考,D:\openclaw-workspace\knowledge\11-杂志文献\财政监督\010推动财政重点绩效评价结果应用的思考.md,基于杂志案例《010推动财政重点绩效评价结果应用的思考》提炼“010推动财政重点绩效评价结果应用的思考”审计算法/规则，用于复用审计经验、生成疑点线索和核查程序。,文章案例文本；审计事项清单；问题线索台账；审计证据资料；预算指标表；财政支出明细；项目资金台账；绩效目标表；绩效评价指标；产出效果数据,010推动财政重点绩效评价结果应用的思考疑点清单、命中规则、风险等级、证据链、核查建议,,
OPTFIN-0004,OPTFIN-0004,MAGFIN-0015,019政府引导基金中财政资金的体制性困境与出路案例检测算法,杂志案例算法,P0,L3,100,A,算法候选-严格保留,金融审计 / 国企审计 / 监督检查与经费舞弊,财政监督/金融审计,案例规则,data_scout / contract_hound,magazine_435_articles,019政府引导基金中财政资金的体制性困境与出路,019政府引导基金中财政资金的体制性困境与出路,D:\openclaw-workspace\knowledge\11-杂志文献\财政监督\019政府引导基金中财政资金的体制性困境与出路.md,基于杂志案例《019政府引导基金中财政资金的体制性困境与出路》提炼“019政府引导基金中财政资金的体制性困境与出路”审计算法/规则，用于复用审计经验、生成疑点线索和核查程序。,文章案例文本；审计事项清单；问题线索台账；审计证据资料；预算指标表；财政支出明细；项目资金台账；内控制度；会计凭证；工作底稿,019政府引导基金中财政资金的体制性困境与出路疑点清单、命中规则、风险等级、证据链、核查建议,,
OPTFIN-0005,OPTFIN-0005,MAGFIN-0024,PDCA循环理论在高校资金存放管理中的应用探讨案例检测算法,杂志案例算法,P0,L3,100,A,算法候选-严格保留,金融审计 / 国企审计 / 监督检查与经费舞弊,财政监督/金融审计,案例规则,data_scout / contract_hound,magazine_435_articles,PDCA循环理论在高校资金存放管理中的应用探讨,PDCA循环理论在高校资金存放管理中的应用探讨,D:\openclaw-workspace\knowledge\11-杂志文献\财政监督\17.PDCA循环理论在高校资金存放管理中的应用探讨.md,基于杂志案例《PDCA循环理论在高校资金存放管理中的应用探讨》提炼“PDCA循环理论在高校资金存放管理中的应用探讨”审计算法/规则，用于复用审计经验、生成疑点线索和核查程序。,文章案例文本；审计事项清单；问题线索台账；审计证据资料；内控制度；会计凭证；工作底稿；整改台账；合同流水；授信审批,PDCA循环理论在高校资金存放管理中的应用探讨疑点清单、命中规则、风险等级、证据链、核查建议,,
OPTFIN-0006,OPTFIN-0006,MAGFIN-0027,“大智移云物”新技术背景下企业财务管理的优化案例检测算法,杂志案例算法,P0,L3,100,A,算法候选-严格保留,金融审计 / 国企审计 / 监督检查与经费舞弊,财政监督/金融审计,案例规则,data_scout / contract_hound,magazine_435_articles,“大智移云物”新技术背景下企业财务管理的优化,“大智移云物”新技术背景下企业财务管理的优化,D:\openclaw-workspace\knowledge\11-杂志文献\财政监督\18.“大智移云物”新技术背景下企业财务管理的优化.md,基于杂志案例《“大智移云物”新技术背景下企业财务管理的优化》提炼““大智移云物”新技术背景下企业财务管理的优化”审计算法/规则，用于复用审计经验、生成疑点线索和核查程序。,文章案例文本；审计事项清单；问题线索台账；审计证据资料；内控制度；会计凭证；工作底稿；整改台账；合同流水；授信审批,“大智移云物”新技术背景下企业财务管理的优化疑点清单、命中规则、风险等级、证据链、核查建议,,
OPTFIN-0007,OPTFIN-0007,MAGFIN-0038,从内部控制信息化角度探索财会监督新模式案例检测算法,杂志案例算法,P0,L3,100,A,算法候选-严格保留,金融审计 / 国企审计 / 监督检查与经费舞弊,财政监督/金融审计,案例规则,data_scout / contract_hound,magazine_435_articles,从内部控制信息化角度探索财会监督新模式,从内部控制信息化角度探索财会监督新模式,D:\openclaw-workspace\knowledge\11-杂志文献\财政监督\4.从内部控制信息化角度探索财会监督新模式.md,基于杂志案例《从内部控制信息化角度探索财会监督新模式》提炼“从内部控制信息化角度探索财会监督新模式”审计算法/规则，用于复用审计经验、生成疑点线索和核查程序。,文章案例文本；审计事项清单；问题线索台账；审计证据资料；内控制度；会计凭证；工作底稿；整改台账；合同流水；授信审批,从内部控制信息化角度探索财会监督新模式疑点清单、命中规则、风险等级、证据链、核查建议,,
OPTFIN-0008,OPTFIN-0008,MAGFIN-0028,优化政府投资项目管理对策研究案例检测算法,杂志案例算法,P0,L3,100,A,算法候选-严格保留,金融审计 / 国企审计 / 监督检查与经费舞弊,财政监督/金融审计,案例规则,data_scout / contract_hound,magazine_435_articles,优化政府投资项目管理对策研究,优化政府投资项目管理对策研究,D:\openclaw-workspace\knowledge\11-杂志文献\财政监督\18.优化政府投资项目管理对策研究.md,基于杂志案例《优化政府投资项目管理对策研究》提炼“优化政府投资项目管理对策研究”审计算法/规则，用于复用审计经验、生成疑点线索和核查程序。,文章案例文本；审计事项清单；问题线索台账；审计证据资料；内控制度；会计凭证；工作底稿；整改台账；合同流水；授信审批,优化政府投资项目管理对策研究疑点清单、命中规则、风险等级、证据链、核查建议,,
OPTFIN-0009,OPTFIN-0009,MAGFIN-0032,优化预算执行动态监控体系的思考案例检测算法,杂志案例算法,P0,L3,100,A,算法候选-严格保留,金融审计 / 国企审计 / 监督检查与经费舞弊,财政监督/金融审计,案例规则,data_scout / contract_hound,magazine_435_articles,优化预算执行动态监控体系的思考,优化预算执行动态监控体系的思考,D:\openclaw-workspace\knowledge\11-杂志文献\财政监督\2.优化预算执行动态监控体系的思考.md,基于杂志案例《优化预算执行动态监控体系的思考》提炼“优化预算执行动态监控体系的思考”审计算法/规则，用于复用审计经验、生成疑点线索和核查程序。,文章案例文本；审计事项清单；问题线索台账；审计证据资料；预算指标表；财政支出明细；项目资金台账；内控制度；会计凭证；工作底稿,优化预算执行动态监控体系的思考疑点清单、命中规则、风险等级、证据链、核查建议,,
OPTFIN-0010,OPTFIN-0010,MAGFIN-0020,加强地方预算执行和财政收支管理的思考案例检测算法,杂志案例算法,P0,L3,100,A,算法候选-严格保留,金融审计 / 国企审计 / 监督检查与经费舞弊,财政监督/金融审计,案例规则,data_scout / contract_hound,magazine_435_articles,关于加强地方预算执行和财政收支管理的思考,加强地方预算执行和财政收支管理的思考,D:\openclaw-workspace\knowledge\11-杂志文献\财政监督\13.关于加强地方预算执行和财政收支管理的思考.md,基于杂志案例《关于加强地方预算执行和财政收支管理的思考》提炼“加强地方预算执行和财政收支管理的思考”审计算法/规则，用于复用审计经验、生成疑点线索和核查程序。,文章案例文本；审计事项清单；问题线索台账；审计证据资料；预算指标表；财政支出明细；项目资金台账；内控制度；会计凭证；工作底稿,加强地方预算执行和财政收支管理的思考疑点清单、命中规则、风险等级、证据链、核查建议,,
OPTFIN-0011,OPTFIN-0011,MAGFIN-0039,国内外“漂绿”研究进展比较分析(2002—2022)(上)案例检测算法,杂志案例算法,P0,L3,100,A,算法候选-严格保留,金融审计 / 国企审计 / 监督检查与经费舞弊,财政监督/金融审计,案例规则,data_scout / contract_hound,magazine_435_articles,国内外“漂绿”研究进展比较分析(2002—2022)(上),国内外“漂绿”研究进展比较分析(2002—2022)(上),D:\openclaw-workspace\knowledge\11-杂志文献\财政监督\6.国内外“漂绿”研究进展比较分析(2002—2022)(上).md,基于杂志案例《国内外“漂绿”研究进展比较分析(2002—2022)(上)》提炼“国内外“漂绿”研究进展比较分析(2002—2022)(上)”审计算法/规则，用于复用审计经验、生成疑点线索和核查程序。,文章案例文本；审计事项清单；问题线索台账；审计证据资料；内控制度；会计凭证；工作底稿；整改台账；合同流水；授信审批,国内外“漂绿”研究进展比较分析(2002—2022)(上)疑点清单、命中规则、风险等级、证据链、核查建议,,
OPTFIN-0012,OPTFIN-0012,MAGFIN-0029,大数据时代内部经济责任审计路径探讨案例检测算法,杂志案例算法,P0,L4,100,A,算法候选-严格保留,金融审计 / 国企审计 / 监督检查与经费舞弊,财政监督/金融审计,案例规则,data_scout / contract_hound,magazine_435_articles,大数据时代内部经济责任审计路径探讨,大数据时代内部经济责任审计路径探讨,D:\openclaw-workspace\knowledge\11-杂志文献\财政监督\18.大数据时代内部经济责任审计路径探讨.md,基于杂志案例《大数据时代内部经济责任审计路径探讨》提炼“大数据时代内部经济责任审计路径探讨”审计算法/规则，用于复用审计经验、生成疑点线索和核查程序。,文章案例文本；审计事项清单；问题线索台账；审计证据资料；内控制度；会计凭证；工作底稿；整改台账；合同流水；授信审批,大数据时代内部经济责任审计路径探讨疑点清单、命中规则、风险等级、证据链、核查建议,,
OPTFIN-0013,OPTFIN-0013,MAGFIN-0037,建筑行业货币资金内部控制优化的案例研究案例检测算法,杂志案例算法,P0,L3,100,A,算法候选-严格保留,金融审计 / 国企审计 / 监督检查与经费舞弊,财政监督/金融审计,案例规则,data_scout / contract_hound,magazine_435_articles,建筑行业货币资金内部控制优化的案例研究,建筑行业货币资金内部控制优化的案例研究,D:\openclaw-workspace\knowledge\11-杂志文献\财政监督\25.建筑行业货币资金内部控制优化的案例研究.md,基于杂志案例《建筑行业货币资金内部控制优化的案例研究》提炼“建筑行业货币资金内部控制优化的案例研究”审计算法/规则，用于复用审计经验、生成疑点线索和核查程序。,文章案例文本；审计事项清单；问题线索台账；审计证据资料；内控制度；会计凭证；工作底稿；整改台账；合同流水；授信审批,建筑行业货币资金内部控制优化的案例研究疑点清单、命中规则、风险等级、证据链、核查建议,,
OPTFIN-0014,OPTFIN-0014,MAGFIN-0010,技术产权证券化产品的设计与应用案例检测算法,杂志案例算法,P0,L3,100,A,算法候选-严格保留,金融审计 / 国企审计 / 监督检查与经费舞弊,审计观察/金融审计,案例规则,data_scout / contract_hound,magazine_435_articles,技术产权证券化产品的设计与应用,技术产权证券化产品的设计与应用,D:\openclaw-workspace\knowledge\11-杂志文献\审计观察\17.技术产权证券化产品的 设计与应用.md,基于杂志案例《技术产权证券化产品的设计与应用》提炼“技术产权证券化产品的设计与应用”审计算法/规则，用于复用审计经验、生成疑点线索和核查程序。,文章案例文本；审计事项清单；问题线索台账；审计证据资料；内控制度；会计凭证；工作底稿；整改台账；合同流水；授信审批,技术产权证券化产品的设计与应用疑点清单、命中规则、风险等级、证据链、核查建议,,
OPTFIN-0015,OPTFIN-0015,MAGFIN-0030,提升高校财务管理信息化水平的路径分析案例检测算法,杂志案例算法,P0,L3,100,A,算法候选-严格保留,金融审计 / 国企审计 / 监督检查与经费舞弊,财政监督/金融审计,案例规则,data_scout / contract_hound,magazine_435_articles,提升高校财务管理信息化水平的路径分析,提升高校财务管理信息化水平的路径分析,D:\openclaw-workspace\knowledge\11-杂志文献\财政监督\19.提升高校财务管理信息化水平的路径分析.md,基于杂志案例《提升高校财务管理信息化水平的路径分析》提炼“提升高校财务管理信息化水平的路径分析”审计算法/规则，用于复用审计经验、生成疑点线索和核查程序。,文章案例文本；审计事项清单；问题线索台账；审计证据资料；内控制度；会计凭证；工作底稿；整改台账；合同流水；授信审批,提升高校财务管理信息化水平的路径分析疑点清单、命中规则、风险等级、证据链、核查建议,,
OPTFIN-0016,OPTFIN-0016,MAGFIN-0034,商业汇票风险管控体系构建研究案例检测算法,杂志案例算法,P0,L3,100,A,算法候选-严格保留,金融审计 / 国企审计 / 监督检查与经费舞弊,财政监督/金融审计,异常性,data_scout / contract_hound,magazine_435_articles,新形势下商业汇票风险管控体系构建研究,商业汇票风险管控体系构建研究,D:\openclaw-workspace\knowledge\11-杂志文献\财政监督\21.新形势下商业汇票风险管控体系构建研究.md,基于杂志案例《新形势下商业汇票风险管控体系构建研究》提炼“商业汇票风险管控体系构建研究”审计算法/规则，用于复用审计经验、生成疑点线索和核查程序。,文章案例文本；审计事项清单；问题线索台账；审计证据资料；内控制度；会计凭证；工作底稿；整改台账；合同流水；授信审批,商业汇票风险管控体系构建研究疑点清单、命中规则、风险等级、证据链、核查建议,,
OPTFIN-0017,OPTFIN-0017,MAGFIN-0035,智慧财务建设助力企业财务转型的探讨案例检测算法,杂志案例算法,P0,L3,100,A,算法候选-严格保留,金融审计 / 国企审计 / 监督检查与经费舞弊,财政监督/金融审计,案例规则,data_scout / contract_hound,magazine_435_articles,智慧财务建设助力企业财务转型的探讨,智慧财务建设助力企业财务转型的探讨,D:\openclaw-workspace\knowledge\11-杂志文献\财政监督\21.智慧财务建设助力企业财务转型的探讨.md,基于杂志案例《智慧财务建设助力企业财务转型的探讨》提炼“智慧财务建设助力企业财务转型的探讨”审计算法/规则，用于复用审计经验、生成疑点线索和核查程序。,文章案例文本；审计事项清单；问题线索台账；审计证据资料；内控制度；会计凭证；工作底稿；整改台账；合同流水；授信审批,智慧财务建设助力企业财务转型的探讨疑点清单、命中规则、风险等级、证据链、核查建议,,
OPTFIN-0018,OPTFIN-0018,MAGFIN-0022,法人大户融资风险敏捷审计研究案例检测算法,杂志案例算法,P0,L3,100,A,算法候选-严格保留,金融审计 / 国企审计 / 监督检查与经费舞弊,财政监督/金融审计,异常性,data_scout / contract_hound,magazine_435_articles,法人大户融资风险敏捷审计研究,法人大户融资风险敏捷审计研究,D:\openclaw-workspace\knowledge\11-杂志文献\财政监督\14.法人大户融资风险敏捷审计研究.md,基于杂志案例《法人大户融资风险敏捷审计研究》提炼“法人大户融资风险敏捷审计研究”审计算法/规则，用于复用审计经验、生成疑点线索和核查程序。,文章案例文本；审计事项清单；问题线索台账；审计证据资料；内控制度；会计凭证；工作底稿；整改台账；合同流水；授信审批,法人大户融资风险敏捷审计研究疑点清单、命中规则、风险等级、证据链、核查建议,,
OPTFIN-0019,OPTFIN-0019,MAGFIN-0023,税收优惠、财政补贴与企业绿色技术创新案例检测算法,杂志案例算法,P0,L3,100,A,算法候选-严格保留,金融审计 / 国企审计 / 监督检查与经费舞弊,财政监督/金融审计,案例规则,data_scout / contract_hound,magazine_435_articles,税收优惠、财政补贴与企业绿色技术创新,税收优惠、财政补贴与企业绿色技术创新,D:\openclaw-workspace\knowledge\11-杂志文献\财政监督\16.税收优惠、财政补贴与企业绿色技术创新.md,基于杂志案例《税收优惠、财政补贴与企业绿色技术创新》提炼“税收优惠、财政补贴与企业绿色技术创新”审计算法/规则，用于复用审计经验、生成疑点线索和核查程序。,文章案例文本；审计事项清单；问题线索台账；审计证据资料；预算指标表；财政支出明细；项目资金台账；内控制度；会计凭证；工作底稿,税收优惠、财政补贴与企业绿色技术创新疑点清单、命中规则、风险等级、证据链、核查建议,,
OPTFIN-0020,OPTFIN-0020,MAGFIN-0009,防范化解金融风险的审计实践案例检测算法,杂志案例算法,P0,L3,100,A,算法候选-严格保留,金融审计 / 国企审计 / 监督检查与经费舞弊,审计观察/金融审计,异常性,data_scout / contract_hound,magazine_435_articles,防范化解金融风险的审计实践,防范化解金融风险的审计实践,D:\openclaw-workspace\knowledge\11-杂志文献\审计观察\15.防范化解金融风险的审计实践.md,基于杂志案例《防范化解金融风险的审计实践》提炼“防范化解金融风险的审计实践”审计算法/规则，用于复用审计经验、生成疑点线索和核查程序。,文章案例文本；审计事项清单；问题线索台账；审计证据资料；内控制度；会计凭证；工作底稿；整改台账；合同流水；授信审批,防范化解金融风险的审计实践疑点清单、命中规则、风险等级、证据链、核查建议,,
OPTFIN-0021,OPTFIN-0021,MAGFIN-0008,美国审计署优先建议信函的主要内容及特点案例检测算法,杂志案例算法,P0,L3,97,A,算法候选-严格保留,金融审计 / 国企审计 / 监督检查与经费舞弊,审计观察/金融审计,案例规则,data_scout / contract_hound,magazine_435_articles,美国审计署优先建议信函的主要内容及特点,美国审计署优先建议信函的主要内容及特点,D:\openclaw-workspace\knowledge\11-杂志文献\审计观察\10.美国审计署优先建议信函的 主要内容及特点.md,基于杂志案例《美国审计署优先建议信函的主要内容及特点》提炼“美国审计署优先建议信函的主要内容及特点”审计算法/规则，用于复用审计经验、生成疑点线索和核查程序。,文章案例文本；审计事项清单；问题线索台账；审计证据资料；内控制度；会计凭证；工作底稿；整改台账；合同流水；授信审批,美国审计署优先建议信函的主要内容及特点疑点清单、命中规则、风险等级、证据链、核查建议,,
OPTFIN-0022,OPTFIN-0022,MAGFIN-0019,全面推动债务监管工作提质增效案例检测算法,杂志案例算法,P1,L3,94,A,算法候选-严格保留,金融审计 / 国企审计 / 监督检查与经费舞弊,财政监督/金融审计,案例规则,data_scout / contract_hound,magazine_435_articles,全面推动债务监管工作提质增效,全面推动债务监管工作提质增效,D:\openclaw-workspace\knowledge\11-杂志文献\财政监督\13.全面推动债务监管工作提质增效.md,基于杂志案例《全面推动债务监管工作提质增效》提炼“全面推动债务监管工作提质增效”审计算法/规则，用于复用审计经验、生成疑点线索和核查程序。,文章案例文本；审计事项清单；问题线索台账；审计证据资料；内控制度；会计凭证；工作底稿；整改台账；合同流水；授信审批,全面推动债务监管工作提质增效疑点清单、命中规则、风险等级、证据链、核查建议,,
OPTFIN-0023,OPTFIN-0023,MAGFIN-0021,实际控制人侵占上市公司利益案例检测算法,杂志案例算法,P1,L3,91,A,算法候选-严格保留,金融审计 / 国企审计 / 监督检查与经费舞弊,财政监督/金融审计,案例规则,data_scout / contract_hound,magazine_435_articles,实际控制人侵占上市公司利益,实际控制人侵占上市公司利益,D:\openclaw-workspace\knowledge\11-杂志文献\财政监督\14.实际控制人侵占上市公司利益.md,基于杂志案例《实际控制人侵占上市公司利益》提炼“实际控制人侵占上市公司利益”审计算法/规则，用于复用审计经验、生成疑点线索和核查程序。,文章案例文本；审计事项清单；问题线索台账；审计证据资料；内控制度；会计凭证；工作底稿；整改台账；合同流水；授信审批,实际控制人侵占上市公司利益疑点清单、命中规则、风险等级、证据链、核查建议,,
OPTFIN-0024,OPTFIN-0024,MAGFIN-0006,层次分析法在投资决策中的运用案例检测算法#0006,杂志案例算法,P1,L3,88,A,算法候选-严格保留,金融审计 / 国企审计 / 监督检查与经费舞弊,四川注册会计师/金融审计,案例规则,data_scout / contract_hound,magazine_435_articles,层次分析法在投资决策中的运用,层次分析法在投资决策中的运用,D:\openclaw-workspace\knowledge\11-杂志文献\四川注册会计师\008.层次分析法在投资决策中的运用.md,基于杂志案例《层次分析法在投资决策中的运用》提炼“层次分析法在投资决策中的运用”审计算法/规则，用于复用审计经验、生成疑点线索和核查程序。,文章案例文本；审计事项清单；问题线索台账；审计证据资料；内控制度；会计凭证；工作底稿；整改台账；合同流水；授信审批,层次分析法在投资决策中的运用疑点清单、命中规则、风险等级、证据链、核查建议,1,MAGFIN-0005
OPTFIN-0025,OPTFIN-0025,MAGFIN-0025,抓早抓小抓长抓常深入推动财政内控提质增效案例检测算法,杂志案例算法,P1,L3,86,A,算法候选-严格保留,金融审计 / 国企审计 / 监督检查与经费舞弊,财政监督/金融审计,案例规则,data_scout / contract_hound,magazine_435_articles,抓早抓小抓长抓常深入推动财政内控提质增效,抓早抓小抓长抓常深入推动财政内控提质增效,D:\openclaw-workspace\knowledge\11-杂志文献\财政监督\17.抓早抓小抓长抓常深入推动财政内控提质增效.md,基于杂志案例《抓早抓小抓长抓常深入推动财政内控提质增效》提炼“抓早抓小抓长抓常深入推动财政内控提质增效”审计算法/规则，用于复用审计经验、生成疑点线索和核查程序。,文章案例文本；审计事项清单；问题线索台账；审计证据资料；预算指标表；财政支出明细；项目资金台账；内控制度；会计凭证；工作底稿,抓早抓小抓长抓常深入推动财政内控提质增效疑点清单、命中规则、风险等级、证据链、核查建议,,
OPTFIN-0026,OPTFIN-0026,MAGFIN-0017,创新推动中央收入监管工作提质增效案例检测算法,杂志案例算法,P1,L3,82,B,算法候选-严格保留,金融审计 / 国企审计 / 监督检查与经费舞弊,财政监督/金融审计,案例规则,data_scout / contract_hound,magazine_435_articles,创新推动中央收入监管工作提质增效,创新推动中央收入监管工作提质增效,D:\openclaw-workspace\knowledge\11-杂志文献\财政监督\12.创新推动中央收入监管工作提质增效.md,基于杂志案例《创新推动中央收入监管工作提质增效》提炼“创新推动中央收入监管工作提质增效”审计算法/规则，用于复用审计经验、生成疑点线索和核查程序。,文章案例文本；审计事项清单；问题线索台账；审计证据资料；内控制度；会计凭证；工作底稿；整改台账；合同流水；授信审批,创新推动中央收入监管工作提质增效疑点清单、命中规则、风险等级、证据链、核查建议,,
OPTBUD-0001,OPTBUD-0001,MAGBUD-0007,004财政内控理论、实践与未来展望案例检测算法,杂志案例算法,P0,L3,100,A,算法候选-严格保留,预算执行与财政管理 / 财政与政府债务 / 绩效评价,财政监督/预算执行与财政管理,案例规则,budget_estimator / data_scout,magazine_435_articles,004财政内控理论、实践与未来展望,004财政内控理论、实践与未来展望,D:\openclaw-workspace\knowledge\11-杂志文献\财政监督\004财政内控理论、实践与未来展望.md,基于杂志案例《004财政内控理论、实践与未来展望》提炼“004财政内控理论、实践与未来展望”审计算法/规则，用于复用审计经验、生成疑点线索和核查程序。,文章案例文本；审计事项清单；问题线索台账；审计证据资料；预算指标表；财政支出明细；项目资金台账；绩效目标表；绩效评价指标；产出效果数据,004财政内控理论、实践与未来展望疑点清单、命中规则、风险等级、证据链、核查建议,,
OPTBUD-0002,OPTBUD-0002,MAGBUD-0008,005厚植绩效理念坚持守土尽责，做深做实转移支付资金绩效评价工作案例检测算法,杂志案例算法,P0,L3,100,A,算法候选-严格保留,预算执行与财政管理 / 财政与政府债务 / 绩效评价,财政监督/预算执行与财政管理,案例规则,budget_estimator / data_scout,magazine_435_articles,005厚植绩效理念坚持守土尽责，做深做实转移支付资金绩效评价工作,005厚植绩效理念坚持守土尽责，做深做实转移支付资金绩效评价工作,D:\openclaw-workspace\knowledge\11-杂志文献\财政监督\005厚植绩效理念坚持守土尽责，做深做实转移支付资金绩效评价工作.md,基于杂志案例《005厚植绩效理念坚持守土尽责，做深做实转移支付资金绩效评价工作》提炼“005厚植绩效理念坚持守土尽责，做深做实转移支付资金绩效评价工作”审计算法/规则，用于复用审计经验、生成疑点线索和核查程序。,文章案例文本；审计事项清单；问题线索台账；审计证据资料；预算指标表；财政支出明细；项目资金台账；绩效目标表；绩效评价指标；产出效果数据,005厚植绩效理念坚持守土尽责，做深做实转移支付资金绩效评价工作疑点清单、命中规则、风险等级、证据链、核查建议,,
OPTBUD-0003,OPTBUD-0003,MAGBUD-0012,008中国式现代化是以人为核心的现代化案例检测算法,杂志案例算法,P0,L3,100,A,算法候选-严格保留,预算执行与财政管理 / 财政与政府债务 / 绩效评价,财政监督/预算执行与财政管理,案例规则,budget_estimator / data_scout,magazine_435_articles,008中国式现代化是以人为核心的现代化,008中国式现代化是以人为核心的现代化,D:\openclaw-workspace\knowledge\11-杂志文献\财政监督\008中国式现代化是以人为核心的现代化.md,基于杂志案例《008中国式现代化是以人为核心的现代化》提炼“008中国式现代化是以人为核心的现代化”审计算法/规则，用于复用审计经验、生成疑点线索和核查程序。,文章案例文本；审计事项清单；问题线索台账；审计证据资料；预算指标表；财政支出明细；项目资金台账；绩效目标表；绩效评价指标；产出效果数据,008中国式现代化是以人为核心的现代化疑点清单、命中规则、风险等级、证据链、核查建议,,
OPTBUD-0004,OPTBUD-0004,MAGBUD-0014,008探索构建符合省、市、县、乡镇特点多层次的财政运行综合绩效评价指标体案例检测算法,杂志案例算法,P0,L3,100,A,算法候选-严格保留,预算执行与财政管理 / 财政与政府债务 / 绩效评价,财政监督/预算执行与财政管理,案例规则,budget_estimator / data_scout,magazine_435_articles,008探索构建符合省、市、县、乡镇特点多层次的财政运行综合绩效评价指标体系,008探索构建符合省、市、县、乡镇特点多层次的财政运行综合绩效评价指标体,D:\openclaw-workspace\knowledge\11-杂志文献\财政监督\008探索构建符合省、市、县、乡镇特点多层次的财政运行综合绩效评价指标体系.md,基于杂志案例《008探索构建符合省、市、县、乡镇特点多层次的财政运行综合绩效评价指标体系》提炼“008探索构建符合省、市、县、乡镇特点多层次的财政运行综合绩效评价指标体”审计算法/规则，用于复用审计经验、生成疑点线索和核查程序。,文章案例文本；审计事项清单；问题线索台账；审计证据资料；预算指标表；财政支出明细；项目资金台账；绩效目标表；绩效评价指标；产出效果数据,008探索构建符合省、市、县、乡镇特点多层次的财政运行综合绩效评价指标体疑点清单、命中规则、风险等级、证据链、核查建议,,
OPTBUD-0005,OPTBUD-0005,MAGBUD-0016,010部门整体支出绩效评价框架体系优化设计案例检测算法,杂志案例算法,P0,L3,100,A,算法候选-严格保留,预算执行与财政管理 / 财政与政府债务 / 绩效评价,财政监督/预算执行与财政管理,案例规则,budget_estimator / data_scout,magazine_435_articles,010部门整体支出绩效评价框架体系优化设计,010部门整体支出绩效评价框架体系优化设计,D:\openclaw-workspace\knowledge\11-杂志文献\财政监督\010部门整体支出绩效评价框架体系优化设计.md,基于杂志案例《010部门整体支出绩效评价框架体系优化设计》提炼“010部门整体支出绩效评价框架体系优化设计”审计算法/规则，用于复用审计经验、生成疑点线索和核查程序。,文章案例文本；审计事项清单；问题线索台账；审计证据资料；预算指标表；财政支出明细；项目资金台账；绩效目标表；绩效评价指标；产出效果数据,010部门整体支出绩效评价框架体系优化设计疑点清单、命中规则、风险等级、证据链、核查建议,,
OPTBUD-0006,OPTBUD-0006,MAGBUD-0017,011关于基层出台财政部门预算绩效评价工作实施细则的设想案例检测算法,杂志案例算法,P0,L3,100,A,算法候选-严格保留,预算执行与财政管理 / 财政与政府债务 / 绩效评价,财政监督/预算执行与财政管理,案例规则,budget_estimator / data_scout,magazine_435_articles,011关于基层出台财政部门预算绩效评价工作实施细则的设想,011关于基层出台财政部门预算绩效评价工作实施细则的设想,D:\openclaw-workspace\knowledge\11-杂志文献\财政监督\011关于基层出台财政部门预算绩效评价工作实施细则的设想.md,基于杂志案例《011关于基层出台财政部门预算绩效评价工作实施细则的设想》提炼“011关于基层出台财政部门预算绩效评价工作实施细则的设想”审计算法/规则，用于复用审计经验、生成疑点线索和核查程序。,文章案例文本；审计事项清单；问题线索台账；审计证据资料；预算指标表；财政支出明细；项目资金台账；绩效目标表；绩效评价指标；产出效果数据,011关于基层出台财政部门预算绩效评价工作实施细则的设想疑点清单、命中规则、风险等级、证据链、核查建议,,
OPTBUD-0007,OPTBUD-0007,MAGBUD-0018,013基于业财融合的中央高校预算绩效管理实践探讨案例检测算法,杂志案例算法,P0,L3,100,A,算法候选-严格保留,预算执行与财政管理 / 财政与政府债务 / 绩效评价,财政监督/预算执行与财政管理,案例规则,budget_estimator / data_scout,magazine_435_articles,013基于业财融合的中央高校预算绩效管理实践探讨,013基于业财融合的中央高校预算绩效管理实践探讨,D:\openclaw-workspace\knowledge\11-杂志文献\财政监督\013基于业财融合的中央高校预算绩效管理实践探讨.md,基于杂志案例《013基于业财融合的中央高校预算绩效管理实践探讨》提炼“013基于业财融合的中央高校预算绩效管理实践探讨”审计算法/规则，用于复用审计经验、生成疑点线索和核查程序。,文章案例文本；审计事项清单；问题线索台账；审计证据资料；预算指标表；财政支出明细；项目资金台账；绩效目标表；绩效评价指标；产出效果数据,013基于业财融合的中央高校预算绩效管理实践探讨疑点清单、命中规则、风险等级、证据链、核查建议,,
OPTBUD-0008,OPTBUD-0008,MAGBUD-0020,015高质量推进财会监督人才库建设案例检测算法,杂志案例算法,P0,L3,100,A,算法候选-严格保留,预算执行与财政管理 / 财政与政府债务 / 绩效评价,财政监督/预算执行与财政管理,真实性,budget_estimator / data_scout,magazine_435_articles,015高质量推进财会监督人才库建设,015高质量推进财会监督人才库建设,D:\openclaw-workspace\knowledge\11-杂志文献\财政监督\015高质量推进财会监督人才库建设.md,基于杂志案例《015高质量推进财会监督人才库建设》提炼“015高质量推进财会监督人才库建设”审计算法/规则，用于复用审计经验、生成疑点线索和核查程序。,文章案例文本；审计事项清单；问题线索台账；审计证据资料；预算指标表；财政支出明细；项目资金台账；绩效目标表；绩效评价指标；产出效果数据,015高质量推进财会监督人才库建设疑点清单、命中规则、风险等级、证据链、核查建议,,
OPTBUD-0009,OPTBUD-0009,MAGBUD-0025,020内部模拟市场助力企业提质增效案例检测算法,杂志案例算法,P0,L3,100,A,算法候选-严格保留,预算执行与财政管理 / 财政与政府债务 / 绩效评价,财政监督/预算执行与财政管理,案例规则,budget_estimator / data_scout,magazine_435_articles,020内部模拟市场助力企业提质增效,020内部模拟市场助力企业提质增效,D:\openclaw-workspace\knowledge\11-杂志文献\财政监督\020内部模拟市场助力企业提质增效.md,基于杂志案例《020内部模拟市场助力企业提质增效》提炼“020内部模拟市场助力企业提质增效”审计算法/规则，用于复用审计经验、生成疑点线索和核查程序。,文章案例文本；审计事项清单；问题线索台账；审计证据资料；预算指标表；财政支出明细；项目资金台账；绩效目标表；绩效评价指标；产出效果数据,020内部模拟市场助力企业提质增效疑点清单、命中规则、风险等级、证据链、核查建议,,
OPTBUD-0010,OPTBUD-0010,MAGBUD-0026,021电网信息资本项目全价值链财务数智化管控探索案例检测算法,杂志案例算法,P0,L3,100,A,算法候选-严格保留,预算执行与财政管理 / 财政与政府债务 / 绩效评价,财政监督/预算执行与财政管理,案例规则,budget_estimator / data_scout,magazine_435_articles,021电网信息资本项目全价值链财务数智化管控探索,021电网信息资本项目全价值链财务数智化管控探索,D:\openclaw-workspace\knowledge\11-杂志文献\财政监督\021电网信息资本项目全价值链财务数智化管控探索.md,基于杂志案例《021电网信息资本项目全价值链财务数智化管控探索》提炼“021电网信息资本项目全价值链财务数智化管控探索”审计算法/规则，用于复用审计经验、生成疑点线索和核查程序。,文章案例文本；审计事项清单；问题线索台账；审计证据资料；预算指标表；财政支出明细；项目资金台账；绩效目标表；绩效评价指标；产出效果数据,021电网信息资本项目全价值链财务数智化管控探索疑点清单、命中规则、风险等级、证据链、核查建议,,
OPTBUD-0011,OPTBUD-0011,MAGBUD-0027,022基于哈佛分析框架的Z烟草工业企业财务案例检测算法,杂志案例算法,P0,L3,100,A,算法候选-严格保留,预算执行与财政管理 / 财政与政府债务 / 绩效评价,财政监督/预算执行与财政管理,案例规则,budget_estimator / data_scout,magazine_435_articles,022基于哈佛分析框架的Z烟草工业企业财务,022基于哈佛分析框架的Z烟草工业企业财务,D:\openclaw-workspace\knowledge\11-杂志文献\财政监督\022基于哈佛分析框架的Z 烟草工业企业财务.md,基于杂志案例《022基于哈佛分析框架的Z烟草工业企业财务》提炼“022基于哈佛分析框架的Z烟草工业企业财务”审计算法/规则，用于复用审计经验、生成疑点线索和核查程序。,文章案例文本；审计事项清单；问题线索台账；审计证据资料；预算指标表；财政支出明细；项目资金台账；绩效目标表；绩效评价指标；产出效果数据,022基于哈佛分析框架的Z烟草工业企业财务疑点清单、命中规则、风险等级、证据链、核查建议,,
OPTBUD-0012,OPTBUD-0012,MAGBUD-0028,023新兴产业风险防控体系建设探索与实践案例检测算法,杂志案例算法,P0,L3,100,A,算法候选-严格保留,预算执行与财政管理 / 财政与政府债务 / 绩效评价,财政监督/预算执行与财政管理,异常性,budget_estimator / data_scout,magazine_435_articles,023新兴产业风险防控体系建设探索与实践,023新兴产业风险防控体系建设探索与实践,D:\openclaw-workspace\knowledge\11-杂志文献\财政监督\023新兴产业风险防控体系建设探索与实践.md,基于杂志案例《023新兴产业风险防控体系建设探索与实践》提炼“023新兴产业风险防控体系建设探索与实践”审计算法/规则，用于复用审计经验、生成疑点线索和核查程序。,文章案例文本；审计事项清单；问题线索台账；审计证据资料；预算指标表；财政支出明细；项目资金台账；绩效目标表；绩效评价指标；产出效果数据,023新兴产业风险防控体系建设探索与实践疑点清单、命中规则、风险等级、证据链、核查建议,,
OPTBUD-0013,OPTBUD-0013,MAGBUD-0059,21电网企业“双链协同”预算全域管理体系构建研究案例检测算法,杂志案例算法,P0,L3,100,A,算法候选-严格保留,预算执行与财政管理 / 财政与政府债务 / 绩效评价,财政监督/预算执行与财政管理,案例规则,budget_estimator / data_scout,magazine_435_articles,21电网企业“双链协同”预算全域管理体系构建研究,21电网企业“双链协同”预算全域管理体系构建研究,D:\openclaw-workspace\knowledge\11-杂志文献\财政监督\21电网企业“双链协同”预算全域管理体系构建研究.md,基于杂志案例《21电网企业“双链协同”预算全域管理体系构建研究》提炼“21电网企业“双链协同”预算全域管理体系构建研究”审计算法/规则，用于复用审计经验、生成疑点线索和核查程序。,文章案例文本；审计事项清单；问题线索台账；审计证据资料；预算指标表；财政支出明细；项目资金台账；绩效目标表；绩效评价指标；产出效果数据,21电网企业“双链协同”预算全域管理体系构建研究疑点清单、命中规则、风险等级、证据链、核查建议,,
OPTBUD-0014,OPTBUD-0014,MAGBUD-0073,“业、财、控”融合模式下公用事业财政补贴模式创新研究案例检测算法,杂志案例算法,P0,L3,100,A,算法候选-严格保留,预算执行与财政管理 / 财政与政府债务 / 绩效评价,财政监督/预算执行与财政管理,案例规则,budget_estimator / data_scout,magazine_435_articles,“业、财、控”融合模式下公用事业财政补贴模式创新研究,“业、财、控”融合模式下公用事业财政补贴模式创新研究,D:\openclaw-workspace\knowledge\11-杂志文献\财政监督\9.“业、财、控”融合模式下公用事业财政补贴模式创新研究.md,基于杂志案例《“业、财、控”融合模式下公用事业财政补贴模式创新研究》提炼““业、财、控”融合模式下公用事业财政补贴模式创新研究”审计算法/规则，用于复用审计经验、生成疑点线索和核查程序。,文章案例文本；审计事项清单；问题线索台账；审计证据资料；预算指标表；财政支出明细；项目资金台账；绩效目标表；绩效评价指标；产出效果数据,“业、财、控”融合模式下公用事业财政补贴模式创新研究疑点清单、命中规则、风险等级、证据链、核查建议,,
OPTBUD-0015,OPTBUD-0015,MAGBUD-0069,产业扶持政策绩效评价推进数字政府建设场景初探案例检测算法,杂志案例算法,P0,L3,100,A,算法候选-严格保留,预算执行与财政管理 / 财政与政府债务 / 绩效评价,财政监督/预算执行与财政管理,案例规则,budget_estimator / data_scout,magazine_435_articles,产业扶持政策绩效评价推进数字政府建设场景初探,产业扶持政策绩效评价推进数字政府建设场景初探,D:\openclaw-workspace\knowledge\11-杂志文献\财政监督\8.产业扶持政策绩效评价推进数字政府建设场景初探.md,基于杂志案例《产业扶持政策绩效评价推进数字政府建设场景初探》提炼“产业扶持政策绩效评价推进数字政府建设场景初探”审计算法/规则，用于复用审计经验、生成疑点线索和核查程序。,文章案例文本；审计事项清单；问题线索台账；审计证据资料；预算指标表；财政支出明细；项目资金台账；绩效目标表；绩效评价指标；产出效果数据,产业扶持政策绩效评价推进数字政府建设场景初探疑点清单、命中规则、风险等级、证据链、核查建议,,
OPTBUD-0016,OPTBUD-0016,MAGBUD-0067,准确把握新时代财会监督背景下检查组长履职之责案例检测算法,杂志案例算法,P0,L3,100,A,算法候选-严格保留,预算执行与财政管理 / 财政与政府债务 / 绩效评价,财政监督/预算执行与财政管理,案例规则,budget_estimator / data_scout,magazine_435_articles,准确把握新时代财会监督背景下检查组长履职之责,准确把握新时代财会监督背景下检查组长履职之责,D:\openclaw-workspace\knowledge\11-杂志文献\财政监督\7.准确把握新时代财会监督背景下检查组长履 职之责.md,基于杂志案例《准确把握新时代财会监督背景下检查组长履职之责》提炼“准确把握新时代财会监督背景下检查组长履职之责”审计算法/规则，用于复用审计经验、生成疑点线索和核查程序。,文章案例文本；审计事项清单；问题线索台账；审计证据资料；预算指标表；财政支出明细；项目资金台账；绩效目标表；绩效评价指标；产出效果数据,准确把握新时代财会监督背景下检查组长履职之责疑点清单、命中规则、风险等级、证据链、核查建议,,
OPTBUD-0017,OPTBUD-0017,MAGBUD-0065,加快建构新时代财会监督长效机制的治理路径案例检测算法,杂志案例算法,P0,L3,100,A,算法候选-严格保留,预算执行与财政管理 / 财政与政府债务 / 绩效评价,财政监督/预算执行与财政管理,案例规则,budget_estimator / data_scout,magazine_435_articles,加快建构新时代财会监督长效机制的治理路径,加快建构新时代财会监督长效机制的治理路径,D:\openclaw-workspace\knowledge\11-杂志文献\财政监督\5.加快建构新时代财会监督长效机制的治理路径.md,基于杂志案例《加快建构新时代财会监督长效机制的治理路径》提炼“加快建构新时代财会监督长效机制的治理路径”审计算法/规则，用于复用审计经验、生成疑点线索和核查程序。,文章案例文本；审计事项清单；问题线索台账；审计证据资料；预算指标表；财政支出明细；项目资金台账；绩效目标表；绩效评价指标；产出效果数据,加快建构新时代财会监督长效机制的治理路径疑点清单、命中规则、风险等级、证据链、核查建议,,
OPTBUD-0018,OPTBUD-0018,MAGBUD-0070,县级政府预算绩效管理改革制约因素与优化路径研究案例检测算法,杂志案例算法,P0,L3,100,A,算法候选-严格保留,预算执行与财政管理 / 财政与政府债务 / 绩效评价,财政监督/预算执行与财政管理,案例规则,budget_estimator / data_scout,magazine_435_articles,县级政府预算绩效管理改革制约因素与优化路径研究,县级政府预算绩效管理改革制约因素与优化路径研究,D:\openclaw-workspace\knowledge\11-杂志文献\财政监督\8.县级政府预算绩效管理改革制约因素与优化路径研究.md,基于杂志案例《县级政府预算绩效管理改革制约因素与优化路径研究》提炼“县级政府预算绩效管理改革制约因素与优化路径研究”审计算法/规则，用于复用审计经验、生成疑点线索和核查程序。,文章案例文本；审计事项清单；问题线索台账；审计证据资料；预算指标表；财政支出明细；项目资金台账；绩效目标表；绩效评价指标；产出效果数据,县级政府预算绩效管理改革制约因素与优化路径研究疑点清单、命中规则、风险等级、证据链、核查建议,,
OPTBUD-0019,OPTBUD-0019,MAGBUD-0060,内部模拟市场体系的国网省级营销服务中心预算管理优化探索案例检测算法,杂志案例算法,P0,L3,100,A,算法候选-严格保留,预算执行与财政管理 / 财政与政府债务 / 绩效评价,财政监督/预算执行与财政管理,案例规则,budget_estimator / data_scout,magazine_435_articles,基于内部模拟市场体系的国网省级营销服务中心预算管理优化探索,内部模拟市场体系的国网省级营销服务中心预算管理优化探索,D:\openclaw-workspace\knowledge\11-杂志文献\财政监督\22.基于内部模拟市场体系的国网省级营销服务中心预算管理优化探索.md,基于杂志案例《基于内部模拟市场体系的国网省级营销服务中心预算管理优化探索》提炼“内部模拟市场体系的国网省级营销服务中心预算管理优化探索”审计算法/规则，用于复用审计经验、生成疑点线索和核查程序。,文章案例文本；审计事项清单；问题线索台账；审计证据资料；预算指标表；财政支出明细；项目资金台账；绩效目标表；绩效评价指标；产出效果数据,内部模拟市场体系的国网省级营销服务中心预算管理优化探索疑点清单、命中规则、风险等级、证据链、核查建议,,
OPTBUD-0020,OPTBUD-0020,MAGBUD-0061,多维精益管理体系的地市供电企业案例检测算法,杂志案例算法,P0,L3,100,A,算法候选-严格保留,预算执行与财政管理 / 财政与政府债务 / 绩效评价,财政监督/预算执行与财政管理,案例规则,budget_estimator / data_scout,magazine_435_articles,基于多维精益管理体系的地市供电企业,多维精益管理体系的地市供电企业,D:\openclaw-workspace\knowledge\11-杂志文献\财政监督\23.基于多维精益管理体系的地市供电企业.md,基于杂志案例《基于多维精益管理体系的地市供电企业》提炼“多维精益管理体系的地市供电企业”审计算法/规则，用于复用审计经验、生成疑点线索和核查程序。,文章案例文本；审计事项清单；问题线索台账；审计证据资料；预算指标表；财政支出明细；项目资金台账；绩效目标表；绩效评价指标；产出效果数据,多维精益管理体系的地市供电企业疑点清单、命中规则、风险等级、证据链、核查建议,,
OPTBUD-0021,OPTBUD-0021,MAGBUD-0040,预算绩效内控一体化的高校项目库管理研究案例检测算法,杂志案例算法,P0,L3,100,A,算法候选-严格保留,预算执行与财政管理 / 财政与政府债务 / 绩效评价,财政监督/预算执行与财政管理,案例规则,budget_estimator / data_scout,magazine_435_articles,基于预算绩效内控一体化的高校项目库管理研究,预算绩效内控一体化的高校项目库管理研究,D:\openclaw-workspace\knowledge\11-杂志文献\财政监督\11.基于预算绩效内控一体化的高校项目库管理研究.md,基于杂志案例《基于预算绩效内控一体化的高校项目库管理研究》提炼“预算绩效内控一体化的高校项目库管理研究”审计算法/规则，用于复用审计经验、生成疑点线索和核查程序。,文章案例文本；审计事项清单；问题线索台账；审计证据资料；预算指标表；财政支出明细；项目资金台账；绩效目标表；绩效评价指标；产出效果数据,预算绩效内控一体化的高校项目库管理研究疑点清单、命中规则、风险等级、证据链、核查建议,,
OPTBUD-0022,OPTBUD-0022,MAGBUD-0041,预算绩效管理系统的高校内控机制优化研究案例检测算法,杂志案例算法,P0,L3,100,A,算法候选-严格保留,预算执行与财政管理 / 财政与政府债务 / 绩效评价,财政监督/预算执行与财政管理,案例规则,budget_estimator / data_scout,magazine_435_articles,基于预算绩效管理系统的高校内控机制优化研究,预算绩效管理系统的高校内控机制优化研究,D:\openclaw-workspace\knowledge\11-杂志文献\财政监督\11.基于预算绩效管理系统的高校内控机制优化研究.md,基于杂志案例《基于预算绩效管理系统的高校内控机制优化研究》提炼“预算绩效管理系统的高校内控机制优化研究”审计算法/规则，用于复用审计经验、生成疑点线索和核查程序。,文章案例文本；审计事项清单；问题线索台账；审计证据资料；预算指标表；财政支出明细；项目资金台账；绩效目标表；绩效评价指标；产出效果数据,预算绩效管理系统的高校内控机制优化研究疑点清单、命中规则、风险等级、证据链、核查建议,,
OPTBUD-0023,OPTBUD-0023,MAGBUD-0053,宝钢股份基于“双碳”目标的战略成本管理实践与启示案例检测算法,杂志案例算法,P0,L3,100,A,算法候选-严格保留,预算执行与财政管理 / 财政与政府债务 / 绩效评价,财政监督/预算执行与财政管理,案例规则,budget_estimator / data_scout,magazine_435_articles,宝钢股份基于“双碳”目标的战略成本管理实践与启示,宝钢股份基于“双碳”目标的战略成本管理实践与启示,D:\openclaw-workspace\knowledge\11-杂志文献\财政监督\16.宝钢股份基于“双碳”目标的战略成本管理实践与启示.md,基于杂志案例《宝钢股份基于“双碳”目标的战略成本管理实践与启示》提炼“宝钢股份基于“双碳”目标的战略成本管理实践与启示”审计算法/规则，用于复用审计经验、生成疑点线索和核查程序。,文章案例文本；审计事项清单；问题线索台账；审计证据资料；预算指标表；财政支出明细；项目资金台账；绩效目标表；绩效评价指标；产出效果数据,宝钢股份基于“双碳”目标的战略成本管理实践与启示疑点清单、命中规则、风险等级、证据链、核查建议,,
OPTBUD-0024,OPTBUD-0024,MAGBUD-0037,小议公众评判法在预算绩效管理中的运用案例检测算法,杂志案例算法,P0,L3,100,A,算法候选-严格保留,预算执行与财政管理 / 财政与政府债务 / 绩效评价,财政监督/预算执行与财政管理,案例规则,budget_estimator / data_scout,magazine_435_articles,小议公众评判法在预算绩效管理中的运用,小议公众评判法在预算绩效管理中的运用,D:\openclaw-workspace\knowledge\11-杂志文献\财政监督\10.小议公众评判法在预算绩效管理中的运用.md,基于杂志案例《小议公众评判法在预算绩效管理中的运用》提炼“小议公众评判法在预算绩效管理中的运用”审计算法/规则，用于复用审计经验、生成疑点线索和核查程序。,文章案例文本；审计事项清单；问题线索台账；审计证据资料；预算指标表；财政支出明细；项目资金台账；绩效目标表；绩效评价指标；产出效果数据,小议公众评判法在预算绩效管理中的运用疑点清单、命中规则、风险等级、证据链、核查建议,,
OPTBUD-0025,OPTBUD-0025,MAGBUD-0052,强化内控机制建设提升财政治理能力案例检测算法,杂志案例算法,P0,L3,100,A,算法候选-严格保留,预算执行与财政管理 / 财政与政府债务 / 绩效评价,财政监督/预算执行与财政管理,案例规则,budget_estimator / data_scout,magazine_435_articles,强化内控机制建设提升财政治理能力,强化内控机制建设提升财政治理能力,D:\openclaw-workspace\knowledge\11-杂志文献\财政监督\15.强化内控机制建设提升财政治理能力.md,基于杂志案例《强化内控机制建设提升财政治理能力》提炼“强化内控机制建设提升财政治理能力”审计算法/规则，用于复用审计经验、生成疑点线索和核查程序。,文章案例文本；审计事项清单；问题线索台账；审计证据资料；预算指标表；财政支出明细；项目资金台账；绩效目标表；绩效评价指标；产出效果数据,强化内控机制建设提升财政治理能力疑点清单、命中规则、风险等级、证据链、核查建议,,
OPTBUD-0026,OPTBUD-0026,MAGBUD-0057,拟上市民营企业内控体系建设探析与实践案例检测算法,杂志案例算法,P0,L3,100,A,算法候选-严格保留,预算执行与财政管理 / 财政与政府债务 / 绩效评价,财政监督/预算执行与财政管理,案例规则,budget_estimator / data_scout,magazine_435_articles,拟上市民营企业内控体系建设探析与实践,拟上市民营企业内控体系建设探析与实践,D:\openclaw-workspace\knowledge\11-杂志文献\财政监督\18.拟上市民营企业内控体系建设探析与实践.md,基于杂志案例《拟上市民营企业内控体系建设探析与实践》提炼“拟上市民营企业内控体系建设探析与实践”审计算法/规则，用于复用审计经验、生成疑点线索和核查程序。,文章案例文本；审计事项清单；问题线索台账；审计证据资料；预算指标表；财政支出明细；项目资金台账；绩效目标表；绩效评价指标；产出效果数据,拟上市民营企业内控体系建设探析与实践疑点清单、命中规则、风险等级、证据链、核查建议,,
OPTBUD-0027,OPTBUD-0027,MAGBUD-0071,推行绩效管理加强财会监督：如何落实《行政单位财务规则》新规(上)案例检测算法,杂志案例算法,P0,L3,100,A,算法候选-严格保留,预算执行与财政管理 / 财政与政府债务 / 绩效评价,财政监督/预算执行与财政管理,案例规则,budget_estimator / data_scout,magazine_435_articles,推行绩效管理加强财会监督：如何落实《行政单位财务规则》新规(上),推行绩效管理加强财会监督：如何落实《行政单位财务规则》新规(上),D:\openclaw-workspace\knowledge\11-杂志文献\财政监督\8.推行绩效管理加强财会监督：如何落实《行政单位财务规则》新规(上).md,基于杂志案例《推行绩效管理加强财会监督：如何落实《行政单位财务规则》新规(上)》提炼“推行绩效管理加强财会监督：如何落实《行政单位财务规则》新规(上)”审计算法/规则，用于复用审计经验、生成疑点线索和核查程序。,文章案例文本；审计事项清单；问题线索台账；审计证据资料；预算指标表；财政支出明细；项目资金台账；绩效目标表；绩效评价指标；产出效果数据,推行绩效管理加强财会监督：如何落实《行政单位财务规则》新规(上)疑点清单、命中规则、风险等级、证据链、核查建议,,
OPTBUD-0028,OPTBUD-0028,MAGBUD-0062,政府补贴项目全成本预算绩效管理实践探索案例检测算法,杂志案例算法,P0,L3,100,A,算法候选-严格保留,预算执行与财政管理 / 财政与政府债务 / 绩效评价,财政监督/预算执行与财政管理,案例规则,budget_estimator / data_scout,magazine_435_articles,政府补贴项目全成本预算绩效管理实践探索,政府补贴项目全成本预算绩效管理实践探索,D:\openclaw-workspace\knowledge\11-杂志文献\财政监督\3.政府补贴项目全成本预算绩效管理实践探索.md,基于杂志案例《政府补贴项目全成本预算绩效管理实践探索》提炼“政府补贴项目全成本预算绩效管理实践探索”审计算法/规则，用于复用审计经验、生成疑点线索和核查程序。,文章案例文本；审计事项清单；问题线索台账；审计证据资料；预算指标表；财政支出明细；项目资金台账；绩效目标表；绩效评价指标；产出效果数据,政府补贴项目全成本预算绩效管理实践探索疑点清单、命中规则、风险等级、证据链、核查建议,,
OPTBUD-0029,OPTBUD-0029,MAGBUD-0063,政府采购预算绩效管理实践及建议案例检测算法,杂志案例算法,P0,L3,100,A,算法候选-严格保留,预算执行与财政管理 / 财政与政府债务 / 绩效评价,财政监督/预算执行与财政管理,案例规则,budget_estimator / data_scout,magazine_435_articles,政府采购预算绩效管理实践及建议,政府采购预算绩效管理实践及建议,D:\openclaw-workspace\knowledge\11-杂志文献\财政监督\3.政府采购预算绩效管理实践及建议.md,基于杂志案例《政府采购预算绩效管理实践及建议》提炼“政府采购预算绩效管理实践及建议”审计算法/规则，用于复用审计经验、生成疑点线索和核查程序。,文章案例文本；审计事项清单；问题线索台账；审计证据资料；预算指标表；财政支出明细；项目资金台账；绩效目标表；绩效评价指标；产出效果数据,政府采购预算绩效管理实践及建议疑点清单、命中规则、风险等级、证据链、核查建议,,
OPTBUD-0030,OPTBUD-0030,MAGBUD-0058,电力物资公司全流程预算绩效管理体系研究案例检测算法,杂志案例算法,P0,L3,100,A,算法候选-严格保留,预算执行与财政管理 / 财政与政府债务 / 绩效评价,财政监督/预算执行与财政管理,案例规则,budget_estimator / data_scout,magazine_435_articles,电力物资公司全流程预算绩效管理体系研究,电力物资公司全流程预算绩效管理体系研究,D:\openclaw-workspace\knowledge\11-杂志文献\财政监督\20.电力物资公司全流程预算绩效管理体系研究.md,基于杂志案例《电力物资公司全流程预算绩效管理体系研究》提炼“电力物资公司全流程预算绩效管理体系研究”审计算法/规则，用于复用审计经验、生成疑点线索和核查程序。,文章案例文本；审计事项清单；问题线索台账；审计证据资料；预算指标表；财政支出明细；项目资金台账；绩效目标表；绩效评价指标；产出效果数据,电力物资公司全流程预算绩效管理体系研究疑点清单、命中规则、风险等级、证据链、核查建议,,
OPTBUD-0031,OPTBUD-0031,MAGBUD-0068,行政事业性国有资产监管：如何持续提质增效(上)案例检测算法,杂志案例算法,P0,L3,100,A,算法候选-严格保留,预算执行与财政管理 / 财政与政府债务 / 绩效评价,财政监督/预算执行与财政管理,案例规则,budget_estimator / data_scout,magazine_435_articles,行政事业性国有资产监管：如何持续提质增效(上),行政事业性国有资产监管：如何持续提质增效(上),D:\openclaw-workspace\knowledge\11-杂志文献\财政监督\7.行政事业性国有资产监管：如何持续提质增效(上).md,基于杂志案例《行政事业性国有资产监管：如何持续提质增效(上)》提炼“行政事业性国有资产监管：如何持续提质增效(上)”审计算法/规则，用于复用审计经验、生成疑点线索和核查程序。,文章案例文本；审计事项清单；问题线索台账；审计证据资料；预算指标表；财政支出明细；项目资金台账；绩效目标表；绩效评价指标；产出效果数据,行政事业性国有资产监管：如何持续提质增效(上)疑点清单、命中规则、风险等级、证据链、核查建议,,
OPTBUD-0032,OPTBUD-0032,MAGBUD-0064,财会监督新形势下内控信息化建设路径实践和探讨案例检测算法,杂志案例算法,P0,L3,100,A,算法候选-严格保留,预算执行与财政管理 / 财政与政府债务 / 绩效评价,财政监督/预算执行与财政管理,案例规则,budget_estimator / data_scout,magazine_435_articles,财会监督新形势下内控信息化建设路径实践和探讨,财会监督新形势下内控信息化建设路径实践和探讨,D:\openclaw-workspace\knowledge\11-杂志文献\财政监督\3.财会监督新形势下内控信息化建设路径实践和探讨.md,基于杂志案例《财会监督新形势下内控信息化建设路径实践和探讨》提炼“财会监督新形势下内控信息化建设路径实践和探讨”审计算法/规则，用于复用审计经验、生成疑点线索和核查程序。,文章案例文本；审计事项清单；问题线索台账；审计证据资料；预算指标表；财政支出明细；项目资金台账；绩效目标表；绩效评价指标；产出效果数据,财会监督新形势下内控信息化建设路径实践和探讨疑点清单、命中规则、风险等级、证据链、核查建议,,
OPTBUD-0033,OPTBUD-0033,PERFV6D-086,全面实施预算绩效管理实践指导-预算绩效管理绩效分析方法/250检测算法,算法候选,P0,L3,99,A,算法候选-严格保留,预算执行与财政管理 / 绩效评价 / 财政与政府债务,预算/预算执行与财政管理,绩效偏离,budget_estimator / data_scout,ocr_55_books_deep,全面实施预算绩效管理实践指导,预算绩效管理绩效分析方法/250,E:\2026\审计方法&政策文件\_ocr_output\预算\全面实施预算绩效管理实践指导.pdf.md,基于《全面实施预算绩效管理实践指导》中“预算绩效管理绩效分析方法/250”相关内容，识别审计对象在合规性、真实性、绩效性和责任链方面的风险，形成可复核的疑点、规则或指标输出。,项目台账；财务收支明细；合同与审批资料；支付凭证；审计发现清单；预算批复表；预算调整表；绩效目标表；绩效指标表；产出效果数据,预算绩效管理绩效分析方法/250疑点清单、风险等级、命中规则、涉及金额、核查建议,,
OPTBUD-0034,OPTBUD-0034,BUDV6D-021,全面实施预算绩效管理案例解读-全面实施预算绩效管理案例解读.pdf检测算法,算法候选,P0,L3,99,A,算法候选-严格保留,预算执行与财政管理 / 绩效评价 / 财政与政府债务,预算/预算执行与财政管理,绩效偏离,budget_estimator / data_scout,ocr_55_books_deep,全面实施预算绩效管理案例解读,全面实施预算绩效管理案例解读.pdf,E:\2026\审计方法&政策文件\_ocr_output\预算\全面实施预算绩效管理案例解读.pdf.md,基于《全面实施预算绩效管理案例解读》中“全面实施预算绩效管理案例解读.pdf”相关内容，识别审计对象在合规性、真实性、绩效性和责任链方面的风险，形成可复核的疑点、规则或指标输出。,项目台账；财务收支明细；合同与审批资料；支付凭证；审计发现清单；预算批复表；预算调整表；绩效目标表；绩效指标表；产出效果数据,全面实施预算绩效管理案例解读.pdf疑点清单、风险等级、命中规则、涉及金额、核查建议,,
OPTBUD-0035,OPTBUD-0035,BUDV6D-028,成本预算绩效分析方法与案例-成本预算绩效分析方法与案例.pdf检测算法,算法候选,P0,L3,99,A,算法候选-严格保留,预算执行与财政管理 / 绩效评价 / 财政与政府债务,预算/预算执行与财政管理,绩效偏离,budget_estimator / data_scout,ocr_55_books_deep,成本预算绩效分析方法与案例,成本预算绩效分析方法与案例.pdf,E:\2026\审计方法&政策文件\_ocr_output\预算\成本预算绩效分析方法与案例.pdf.md,基于《成本预算绩效分析方法与案例》中“成本预算绩效分析方法与案例.pdf”相关内容，识别审计对象在合规性、真实性、绩效性和责任链方面的风险，形成可复核的疑点、规则或指标输出。,项目台账；财务收支明细；合同与审批资料；支付凭证；审计发现清单；预算批复表；预算调整表；绩效目标表；绩效指标表；产出效果数据,成本预算绩效分析方法与案例.pdf疑点清单、风险等级、命中规则、涉及金额、核查建议,,
OPTBUD-0036,OPTBUD-0036,SUPVV6D-029,政府审计理论与实务-财政部门组织预算执行情况审计检测算法,算法候选,P0,L3,99,A,算法候选-严格保留,预算执行与财政管理 / 财政与政府债务 / 监督检查与经费舞弊,通用/预算执行与财政管理,异常性,budget_estimator / data_scout,ocr_55_books_deep,政府审计理论与实务,财政部门组织预算执行情况审计,E:\2026\审计方法&政策文件\_ocr_output\通用\政府审计理论与实务.pdf.md,基于《政府审计理论与实务》中“财政部门组织预算执行情况审计”相关内容，识别审计对象在合规性、真实性、绩效性和责任链方面的风险，形成可复核的疑点、规则或指标输出。,项目台账；财务收支明细；合同与审批资料；支付凭证；审计发现清单；预算批复表；预算调整表；绩效目标表；绩效指标表；产出效果数据,财政部门组织预算执行情况审计疑点清单、风险等级、命中规则、涉及金额、核查建议,,
OPTBUD-0037,OPTBUD-0037,BUDV6D-035,政府部门预算管理-政府部门预算管理.pdf检测算法,算法候选,P0,L3,99,A,算法候选-严格保留,预算执行与财政管理 / 绩效评价 / 财政与政府债务,预算/预算执行与财政管理,异常性,budget_estimator / data_scout,ocr_55_books_deep,政府部门预算管理,政府部门预算管理.pdf,E:\2026\审计方法&政策文件\_ocr_output\预算\政府部门预算管理.pdf.md,基于《政府部门预算管理》中“政府部门预算管理.pdf”相关内容，识别审计对象在合规性、真实性、绩效性和责任链方面的风险，形成可复核的疑点、规则或指标输出。,项目台账；财务收支明细；合同与审批资料；支付凭证；审计发现清单；预算批复表；预算调整表；绩效目标表；绩效指标表；产出效果数据,政府部门预算管理.pdf疑点清单、风险等级、命中规则、涉及金额、核查建议,,
OPTBUD-0038,OPTBUD-0038,MAGBUD-0002,政府采购中的财务风险防控与审计监督案例检测算法,杂志案例算法,P0,L3,99,A,算法候选-严格保留,预算执行与财政管理 / 财政与政府债务 / 绩效评价,四川注册会计师/预算执行与财政管理,异常性,budget_estimator / data_scout,magazine_435_articles,政府采购中的财务风险防控与审计监督,政府采购中的财务风险防控与审计监督,D:\openclaw-workspace\knowledge\11-杂志文献\四川注册会计师\009.政府采购中的财务风险防控与审计监督.md,基于杂志案例《政府采购中的财务风险防控与审计监督》提炼“政府采购中的财务风险防控与审计监督”审计算法/规则，用于复用审计经验、生成疑点线索和核查程序。,文章案例文本；审计事项清单；问题线索台账；审计证据资料；预算指标表；财政支出明细；项目资金台账；绩效目标表；绩效评价指标；产出效果数据,政府采购中的财务风险防控与审计监督疑点清单、命中规则、风险等级、证据链、核查建议,,
OPTBUD-0039,OPTBUD-0039,ENGV6D-025,新能源发电工竣工决算编制理论与实务-新能源发电工程建设程序检测算法,算法候选,P0,L3,99,A,算法候选-严格保留,预算执行与财政管理 / 工程与投资审计 / 绩效评价,预算/预算执行与财政管理,异常性,budget_estimator / data_scout,ocr_55_books_deep,新能源发电工竣工决算编制理论与实务,新能源发电工程建设程序,E:\2026\审计方法&政策文件\_ocr_output\预算\新能源发电工竣工决算编制理论与实务.pdf.md,基于《新能源发电工竣工决算编制理论与实务》中“新能源发电工程建设程序”相关内容，识别审计对象在合规性、真实性、绩效性和责任链方面的风险，形成可复核的疑点、规则或指标输出。,项目台账；财务收支明细；合同与审批资料；支付凭证；审计发现清单；绩效指标表；产出效果数据；满意度问卷；工程量清单；结算书,新能源发电工程建设程序疑点清单、风险等级、命中规则、涉及金额、核查建议,,
OPTBUD-0040,OPTBUD-0040,ENGV6D-035,水利基本建设项目竣工财务决算编制教程-预算执行偏离检测算法,算法候选,P0,L3,99,A,算法候选-严格保留,预算执行与财政管理 / 工程与投资审计 / 绩效评价,预算/预算执行与财政管理,异常性,budget_estimator / data_scout,ocr_55_books_deep,水利基本建设项目竣工财务决算编制教程,预算执行偏离,E:\2026\审计方法&政策文件\_ocr_output\预算\水利基本建设项目竣工财务决算编制教程.pdf.md,基于《水利基本建设项目竣工财务决算编制教程》中“预算执行偏离”相关内容，识别审计对象在合规性、真实性、绩效性和责任链方面的风险，形成可复核的疑点、规则或指标输出。,项目台账；财务收支明细；合同与审批资料；支付凭证；审计发现清单；预算批复表；预算调整表；绩效目标表；绩效指标表；产出效果数据,预算执行偏离疑点清单、风险等级、命中规则、涉及金额、核查建议,2,ENGV6D-019；BUDV6D-043
OPTBUD-0041,OPTBUD-0041,BUDV6D-001,财政审计-预算分配管理审计检测算法,算法候选,P0,L3,99,A,算法候选-严格保留,预算执行与财政管理 / 财政与政府债务 / 监督检查与经费舞弊,通用/预算执行与财政管理,异常性,budget_estimator / data_scout,ocr_55_books_deep,财政审计,预算分配管理审计,E:\2026\审计方法&政策文件\_ocr_output\通用\财政审计.pdf.md,基于《财政审计》中“预算分配管理审计”相关内容，识别审计对象在合规性、真实性、绩效性和责任链方面的风险，形成可复核的疑点、规则或指标输出。,项目台账；财务收支明细；合同与审批资料；支付凭证；审计发现清单；预算批复表；预算调整表；绩效目标表,预算分配管理审计疑点清单、风险等级、命中规则、涉及金额、核查建议,,
OPTBUD-0042,OPTBUD-0042,BUDV6D-009,财政审计读本-强化预决算管理的审计监督，促进建立现代预算制度：（11）检测算法,算法候选,P0,L3,99,A,算法候选-严格保留,预算执行与财政管理 / 财政与政府债务 / 监督检查与经费舞弊,通用/预算执行与财政管理,异常性,budget_estimator / data_scout,ocr_55_books_deep,财政审计读本,强化预决算管理的审计监督，促进建立现代预算制度：（11）,E:\2026\审计方法&政策文件\_ocr_output\通用\财政审计读本.pdf.md,基于《财政审计读本》中“强化预决算管理的审计监督，促进建立现代预算制度：（11）”相关内容，识别审计对象在合规性、真实性、绩效性和责任链方面的风险，形成可复核的疑点、规则或指标输出。,项目台账；财务收支明细；合同与审批资料；支付凭证；审计发现清单；预算批复表；预算调整表；绩效目标表,强化预决算管理的审计监督，促进建立现代预算制度：（11）疑点清单、风险等级、命中规则、涉及金额、核查建议,,
OPTBUD-0043,OPTBUD-0043,SUPVV6D-050,财政监督检查实务操作指南-制定专项风险防控管理办法。要根据本部门内部控制基本制度，检测算法,算法候选,P0,L3,99,A,算法候选-严格保留,预算执行与财政管理 / 财政与政府债务 / 监督检查与经费舞弊,通用/预算执行与财政管理,异常性,budget_estimator / data_scout,ocr_55_books_deep,财政监督检查实务操作指南,制定专项风险防控管理办法。要根据本部门内部控制基本制度，,E:\2026\审计方法&政策文件\_ocr_output\通用\财政监督检查实务操作指南.pdf.md,基于《财政监督检查实务操作指南》中“制定专项风险防控管理办法。要根据本部门内部控制基本制度，”相关内容，识别审计对象在合规性、真实性、绩效性和责任链方面的风险，形成可复核的疑点、规则或指标输出。,项目台账；财务收支明细；合同与审批资料；支付凭证；审计发现清单；预算批复表；预算调整表；绩效目标表；绩效指标表；产出效果数据,制定专项风险防控管理办法。要根据本部门内部控制基本制度，疑点清单、风险等级、命中规则、涉及金额、核查建议,,
OPTBUD-0044,OPTBUD-0044,BUDV6D-045,部门整体预算绩效评价研究-推进绩效评价走向预算绩效管理的对策路径检测算法,算法候选,P0,L3,99,A,算法候选-严格保留,预算执行与财政管理 / 绩效评价 / 财政与政府债务,预算/预算执行与财政管理,绩效偏离,budget_estimator / data_scout,ocr_55_books_deep,部门整体预算绩效评价研究,推进绩效评价走向预算绩效管理的对策路径,E:\2026\审计方法&政策文件\_ocr_output\预算\部门整体预算绩效评价研究.pdf.md,基于《部门整体预算绩效评价研究》中“推进绩效评价走向预算绩效管理的对策路径”相关内容，识别审计对象在合规性、真实性、绩效性和责任链方面的风险，形成可复核的疑点、规则或指标输出。,项目台账；财务收支明细；合同与审批资料；支付凭证；审计发现清单；预算批复表；预算调整表；绩效目标表；绩效指标表；产出效果数据,推进绩效评价走向预算绩效管理的对策路径疑点清单、风险等级、命中规则、涉及金额、核查建议,,
OPTBUD-0045,OPTBUD-0045,BUDV6D-053,部门预算执行审计指南-部门预算执行审计的程序和方法检测算法,算法候选,P0,L3,99,A,算法候选-严格保留,预算执行与财政管理 / 绩效评价 / 财政与政府债务,预算/预算执行与财政管理,异常性,budget_estimator / data_scout,ocr_55_books_deep,部门预算执行审计指南,部门预算执行审计的程序和方法,E:\2026\审计方法&政策文件\_ocr_output\预算\部门预算执行审计指南.pdf.md,基于《部门预算执行审计指南》中“部门预算执行审计的程序和方法”相关内容，识别审计对象在合规性、真实性、绩效性和责任链方面的风险，形成可复核的疑点、规则或指标输出。,项目台账；财务收支明细；合同与审批资料；支付凭证；审计发现清单；预算批复表；预算调整表；绩效目标表；绩效指标表；产出效果数据,部门预算执行审计的程序和方法疑点清单、风险等级、命中规则、涉及金额、核查建议,,
OPTBUD-0046,OPTBUD-0046,PERFV6D-099,部门预算绩效管理-部门预算绩效管理的理论与方法检测算法,算法候选,P0,L3,99,A,算法候选-严格保留,预算执行与财政管理 / 绩效评价 / 财政与政府债务,预算/预算执行与财政管理,绩效偏离,budget_estimator / data_scout,ocr_55_books_deep,部门预算绩效管理,部门预算绩效管理的理论与方法,E:\2026\审计方法&政策文件\_ocr_output\预算\部门预算绩效管理.pdf.md,基于《部门预算绩效管理》中“部门预算绩效管理的理论与方法”相关内容，识别审计对象在合规性、真实性、绩效性和责任链方面的风险，形成可复核的疑点、规则或指标输出。,项目台账；财务收支明细；合同与审批资料；支付凭证；审计发现清单；预算批复表；预算调整表；绩效目标表；绩效指标表；产出效果数据,部门预算绩效管理的理论与方法疑点清单、风险等级、命中规则、涉及金额、核查建议,,
OPTBUD-0047,OPTBUD-0047,PERFV6D-107,预算绩效评价方法与指标-预算绩效评价方法与指标.pdf检测算法,算法候选,P0,L3,99,A,算法候选-严格保留,预算执行与财政管理 / 绩效评价 / 财政与政府债务,预算/预算执行与财政管理,绩效偏离,budget_estimator / data_scout,ocr_55_books_deep,预算绩效评价方法与指标,预算绩效评价方法与指标.pdf,E:\2026\审计方法&政策文件\_ocr_output\预算\预算绩效评价方法与指标.pdf.md,基于《预算绩效评价方法与指标》中“预算绩效评价方法与指标.pdf”相关内容，识别审计对象在合规性、真实性、绩效性和责任链方面的风险，形成可复核的疑点、规则或指标输出。,项目台账；财务收支明细；合同与审批资料；支付凭证；审计发现清单；预算批复表；预算调整表；绩效目标表；绩效指标表；产出效果数据,预算绩效评价方法与指标.pdf疑点清单、风险等级、命中规则、涉及金额、核查建议,,
OPTBUD-0048,OPTBUD-0048,MAGBUD-0009,006财政运行综合绩效评价案例检测算法,杂志案例算法,P0,L3,96,A,算法候选-严格保留,预算执行与财政管理 / 财政与政府债务 / 绩效评价,财政监督/预算执行与财政管理,案例规则,budget_estimator / data_scout,magazine_435_articles,006财政运行综合绩效评价,006财政运行综合绩效评价,D:\openclaw-workspace\knowledge\11-杂志文献\财政监督\006财 政 运 行 综 合 绩 效 评 价.md,基于杂志案例《006财政运行综合绩效评价》提炼“006财政运行综合绩效评价”审计算法/规则，用于复用审计经验、生成疑点线索和核查程序。,文章案例文本；审计事项清单；问题线索台账；审计证据资料；预算指标表；财政支出明细；项目资金台账；绩效目标表；绩效评价指标；产出效果数据,006财政运行综合绩效评价疑点清单、命中规则、风险等级、证据链、核查建议,,
OPTBUD-0049,OPTBUD-0049,MAGBUD-0011,007财务运行综合绩效评价：怎么评？如何用？（上）案例检测算法,杂志案例算法,P0,L3,96,A,算法候选-严格保留,预算执行与财政管理 / 财政与政府债务 / 绩效评价,财政监督/预算执行与财政管理,案例规则,budget_estimator / data_scout,magazine_435_articles,007财务运行综合绩效评价：怎么评？如何用？（上）,007财务运行综合绩效评价：怎么评？如何用？（上）,D:\openclaw-workspace\knowledge\11-杂志文献\财政监督\007财务运行综合绩效评价：怎么评？如何用？（上）.md,基于杂志案例《007财务运行综合绩效评价：怎么评？如何用？（上）》提炼“007财务运行综合绩效评价：怎么评？如何用？（上）”审计算法/规则，用于复用审计经验、生成疑点线索和核查程序。,文章案例文本；审计事项清单；问题线索台账；审计证据资料；预算指标表；财政支出明细；项目资金台账；绩效目标表；绩效评价指标；产出效果数据,007财务运行综合绩效评价：怎么评？如何用？（上）疑点清单、命中规则、风险等级、证据链、核查建议,,
OPTBUD-0050,OPTBUD-0050,MAGBUD-0015,009多措并举推进财政运行综合绩效评价结果运用案例检测算法,杂志案例算法,P0,L3,96,A,算法候选-严格保留,预算执行与财政管理 / 财政与政府债务 / 绩效评价,财政监督/预算执行与财政管理,案例规则,budget_estimator / data_scout,magazine_435_articles,009多措并举推进财政运行综合绩效评价结果运用,009多措并举推进财政运行综合绩效评价结果运用,D:\openclaw-workspace\knowledge\11-杂志文献\财政监督\009多措并举推进财政运行综合绩效评价结果运用.md,基于杂志案例《009多措并举推进财政运行综合绩效评价结果运用》提炼“009多措并举推进财政运行综合绩效评价结果运用”审计算法/规则，用于复用审计经验、生成疑点线索和核查程序。,文章案例文本；审计事项清单；问题线索台账；审计证据资料；预算指标表；财政支出明细；项目资金台账；绩效目标表；绩效评价指标；产出效果数据,009多措并举推进财政运行综合绩效评价结果运用疑点清单、命中规则、风险等级、证据链、核查建议,,
OPTBUD-0051,OPTBUD-0051,MAGBUD-0003,国家审计赋能“双碳”目标：内在逻辑与运作机理案例检测算法,杂志案例算法,P1,L3,94,A,算法候选-严格保留,预算执行与财政管理 / 财政与政府债务 / 绩效评价,审计观察/预算执行与财政管理,案例规则,budget_estimator / data_scout,magazine_435_articles,国家审计赋能“双碳”目标：内在逻辑与运作机理,国家审计赋能“双碳”目标：内在逻辑与运作机理,D:\openclaw-workspace\knowledge\11-杂志文献\审计观察\5.国家审计赋能“双碳”目标： 内在逻辑与运作机理.md,基于杂志案例《国家审计赋能“双碳”目标：内在逻辑与运作机理》提炼“国家审计赋能“双碳”目标：内在逻辑与运作机理”审计算法/规则，用于复用审计经验、生成疑点线索和核查程序。,文章案例文本；审计事项清单；问题线索台账；审计证据资料；预算指标表；财政支出明细；项目资金台账；绩效目标表；绩效评价指标；产出效果数据,国家审计赋能“双碳”目标：内在逻辑与运作机理疑点清单、命中规则、风险等级、证据链、核查建议,,
OPTBUD-0052,OPTBUD-0052,MAGBUD-0055,持续推进财政内控建设的实践与思考案例检测算法,杂志案例算法,P1,L3,91,A,算法候选-严格保留,预算执行与财政管理 / 财政与政府债务 / 绩效评价,财政监督/预算执行与财政管理,案例规则,budget_estimator / data_scout,magazine_435_articles,持续推进财政内控建设的实践与思考,持续推进财政内控建设的实践与思考,D:\openclaw-workspace\knowledge\11-杂志文献\财政监督\17.持续推进财政内控建设的实践与思考.md,基于杂志案例《持续推进财政内控建设的实践与思考》提炼“持续推进财政内控建设的实践与思考”审计算法/规则，用于复用审计经验、生成疑点线索和核查程序。,文章案例文本；审计事项清单；问题线索台账；审计证据资料；预算指标表；财政支出明细；项目资金台账；绩效目标表；绩效评价指标；产出效果数据,持续推进财政内控建设的实践与思考疑点清单、命中规则、风险等级、证据链、核查建议,,
OPTBUD-0053,OPTBUD-0053,MAGBUD-0004,编制“六张清单”开展自然资源产离任审计案例检测算法,杂志案例算法,P1,L3,91,A,算法候选-严格保留,预算执行与财政管理 / 财政与政府债务 / 绩效评价,审计观察/预算执行与财政管理,案例规则,budget_estimator / data_scout,magazine_435_articles,编制“六张清单”开展自然资源产离任审计,编制“六张清单”开展自然资源产离任审计,D:\openclaw-workspace\knowledge\11-杂志文献\审计观察\7.编制“六张清单”开展自然资源产离任审计.md,基于杂志案例《编制“六张清单”开展自然资源产离任审计》提炼“编制“六张清单”开展自然资源产离任审计”审计算法/规则，用于复用审计经验、生成疑点线索和核查程序。,文章案例文本；审计事项清单；问题线索台账；审计证据资料；预算指标表；财政支出明细；项目资金台账；绩效目标表；绩效评价指标；产出效果数据,编制“六张清单”开展自然资源产离任审计疑点清单、命中规则、风险等级、证据链、核查建议,,
OPTBUD-0054,OPTBUD-0054,BUDV6D-015,中央部门预算执行审计常用定性表述及适用法规向导-中央部门预算执行审计常用定性表述及适用法规向导.pdf检测算法,算法候选,P1,L3,89,A,算法候选-严格保留,预算执行与财政管理 / 绩效评价 / 财政与政府债务,预算/预算执行与财政管理,异常性,budget_estimator / data_scout,ocr_55_books_deep,中央部门预算执行审计常用定性表述及适用法规向导,中央部门预算执行审计常用定性表述及适用法规向导.pdf,E:\2026\审计方法&政策文件\_ocr_output\预算\中央部门预算执行审计常用定性表述及适用法规向导.pdf.md,基于《中央部门预算执行审计常用定性表述及适用法规向导》中“中央部门预算执行审计常用定性表述及适用法规向导.pdf”相关内容，识别审计对象在合规性、真实性、绩效性和责任链方面的风险，形成可复核的疑点、规则或指标输出。,项目台账；财务收支明细；合同与审批资料；支付凭证；审计发现清单；预算批复表；预算调整表；绩效目标表；绩效指标表；产出效果数据,中央部门预算执行审计常用定性表述及适用法规向导.pdf疑点清单、风险等级、命中规则、涉及金额、核查建议,,
OPTBUD-0055,OPTBUD-0055,BUDV6D-018,中央部门预算执行审计常用定性表述及适用法规向导-预算编制科学性检测算法,算法候选,P1,L3,89,A,算法候选-严格保留,预算执行与财政管理 / 绩效评价 / 财政与政府债务,预算/预算执行与财政管理,异常性,budget_estimator / data_scout,ocr_55_books_deep,中央部门预算执行审计常用定性表述及适用法规向导,预算编制科学性,E:\2026\审计方法&政策文件\_ocr_output\预算\中央部门预算执行审计常用定性表述及适用法规向导.pdf.md,基于《中央部门预算执行审计常用定性表述及适用法规向导》中“预算编制科学性”相关内容，识别审计对象在合规性、真实性、绩效性和责任链方面的风险，形成可复核的疑点、规则或指标输出。,项目台账；财务收支明细；合同与审批资料；支付凭证；审计发现清单；预算批复表；预算调整表；绩效目标表；绩效指标表；产出效果数据,预算编制科学性疑点清单、风险等级、命中规则、涉及金额、核查建议,,
OPTBUD-0056,OPTBUD-0056,BUDV6D-024,全面实施预算绩效管理案例解读-推进难点：县（区）政府预算绩效管理体系建设检测算法,算法候选,P1,L3,89,A,算法候选-严格保留,预算执行与财政管理 / 绩效评价 / 财政与政府债务,预算/预算执行与财政管理,绩效偏离,budget_estimator / data_scout,ocr_55_books_deep,全面实施预算绩效管理案例解读,推进难点：县（区）政府预算绩效管理体系建设,E:\2026\审计方法&政策文件\_ocr_output\预算\全面实施预算绩效管理案例解读.pdf.md,基于《全面实施预算绩效管理案例解读》中“推进难点：县（区）政府预算绩效管理体系建设”相关内容，识别审计对象在合规性、真实性、绩效性和责任链方面的风险，形成可复核的疑点、规则或指标输出。,项目台账；财务收支明细；合同与审批资料；支付凭证；审计发现清单；预算批复表；预算调整表；绩效目标表；绩效指标表；产出效果数据,推进难点：县（区）政府预算绩效管理体系建设疑点清单、风险等级、命中规则、涉及金额、核查建议,,
OPTBUD-0057,OPTBUD-0057,PERFV6D-093,建立全过程预算绩效管理体系-建立全过程预算绩效管理体系.pdf检测算法,算法候选,P1,L3,89,A,算法候选-严格保留,预算执行与财政管理 / 绩效评价 / 财政与政府债务,预算/预算执行与财政管理,绩效偏离,budget_estimator / data_scout,ocr_55_books_deep,建立全过程预算绩效管理体系,建立全过程预算绩效管理体系.pdf,E:\2026\审计方法&政策文件\_ocr_output\预算\建立全过程预算绩效管理体系.pdf.md,基于《建立全过程预算绩效管理体系》中“建立全过程预算绩效管理体系.pdf”相关内容，识别审计对象在合规性、真实性、绩效性和责任链方面的风险，形成可复核的疑点、规则或指标输出。,项目台账；财务收支明细；合同与审批资料；支付凭证；审计发现清单；预算批复表；预算调整表；绩效目标表；绩效指标表；产出效果数据,建立全过程预算绩效管理体系.pdf疑点清单、风险等级、命中规则、涉及金额、核查建议,,
OPTBUD-0058,OPTBUD-0058,BUDV6D-038,政府部门预算管理-政府部门预算管理范围检测算法,算法候选,P1,L3,89,A,算法候选-严格保留,预算执行与财政管理 / 绩效评价 / 财政与政府债务,预算/预算执行与财政管理,异常性,budget_estimator / data_scout,ocr_55_books_deep,政府部门预算管理,政府部门预算管理范围,E:\2026\审计方法&政策文件\_ocr_output\预算\政府部门预算管理.pdf.md,基于《政府部门预算管理》中“政府部门预算管理范围”相关内容，识别审计对象在合规性、真实性、绩效性和责任链方面的风险，形成可复核的疑点、规则或指标输出。,项目台账；财务收支明细；合同与审批资料；支付凭证；审计发现清单；预算批复表；预算调整表；绩效目标表；绩效指标表；产出效果数据,政府部门预算管理范围疑点清单、风险等级、命中规则、涉及金额、核查建议,,
OPTBUD-0059,OPTBUD-0059,ENGV6D-028,新能源发电工竣工决算编制理论与实务-新能源与“双碳”检测算法,算法候选,P1,L3,89,A,算法候选-严格保留,预算执行与财政管理 / 工程与投资审计 / 绩效评价,预算/预算执行与财政管理,异常性,budget_estimator / data_scout,ocr_55_books_deep,新能源发电工竣工决算编制理论与实务,新能源与“双碳”,E:\2026\审计方法&政策文件\_ocr_output\预算\新能源发电工竣工决算编制理论与实务.pdf.md,基于《新能源发电工竣工决算编制理论与实务》中“新能源与“双碳””相关内容，识别审计对象在合规性、真实性、绩效性和责任链方面的风险，形成可复核的疑点、规则或指标输出。,项目台账；财务收支明细；合同与审批资料；支付凭证；审计发现清单；绩效指标表；产出效果数据；满意度问卷；工程量清单；结算书,新能源与“双碳”疑点清单、风险等级、命中规则、涉及金额、核查建议,,
OPTBUD-0060,OPTBUD-0060,ENGV6D-033,新能源发电工竣工决算编制理论与实务-预算绩效指标检测算法,算法候选,P1,L3,89,A,算法候选-严格保留,预算执行与财政管理 / 工程与投资审计 / 绩效评价,预算/预算执行与财政管理,绩效偏离,budget_estimator / data_scout,ocr_55_books_deep,新能源发电工竣工决算编制理论与实务,预算绩效指标,E:\2026\审计方法&政策文件\_ocr_output\预算\新能源发电工竣工决算编制理论与实务.pdf.md,基于《新能源发电工竣工决算编制理论与实务》中“预算绩效指标”相关内容，识别审计对象在合规性、真实性、绩效性和责任链方面的风险，形成可复核的疑点、规则或指标输出。,项目台账；财务收支明细；合同与审批资料；支付凭证；审计发现清单；预算批复表；预算调整表；绩效目标表；绩效指标表；产出效果数据,预算绩效指标疑点清单、风险等级、命中规则、涉及金额、核查建议,,
OPTBUD-0061,OPTBUD-0061,ENGV6D-038,水利基本建设项目竣工财务决算编制教程-支出标准执行检测算法,算法候选,P1,L3,89,A,算法候选-严格保留,预算执行与财政管理 / 工程与投资审计 / 绩效评价,预算/预算执行与财政管理,异常性,budget_estimator / data_scout,ocr_55_books_deep,水利基本建设项目竣工财务决算编制教程,支出标准执行,E:\2026\审计方法&政策文件\_ocr_output\预算\水利基本建设项目竣工财务决算编制教程.pdf.md,基于《水利基本建设项目竣工财务决算编制教程》中“支出标准执行”相关内容，识别审计对象在合规性、真实性、绩效性和责任链方面的风险，形成可复核的疑点、规则或指标输出。,项目台账；财务收支明细；合同与审批资料；支付凭证；审计发现清单；预算批复表；预算调整表；绩效目标表；绩效指标表；产出效果数据,支出标准执行疑点清单、风险等级、命中规则、涉及金额、核查建议,1,ENGV6D-022
OPTBUD-0062,OPTBUD-0062,ENGV6D-043,水利基本建设项目竣工财务决算编制教程-公用经费异常检测算法,算法候选,P1,L3,89,A,算法候选-严格保留,预算执行与财政管理 / 工程与投资审计 / 绩效评价,预算/预算执行与财政管理,异常性,budget_estimator / data_scout,ocr_55_books_deep,水利基本建设项目竣工财务决算编制教程,公用经费异常,E:\2026\审计方法&政策文件\_ocr_output\预算\水利基本建设项目竣工财务决算编制教程.pdf.md,基于《水利基本建设项目竣工财务决算编制教程》中“公用经费异常”相关内容，识别审计对象在合规性、真实性、绩效性和责任链方面的风险，形成可复核的疑点、规则或指标输出。,项目台账；财务收支明细；合同与审批资料；支付凭证；审计发现清单；预算批复表；预算调整表；绩效目标表；绩效指标表；产出效果数据,公用经费异常疑点清单、风险等级、命中规则、涉及金额、核查建议,,
OPTBUD-0063,OPTBUD-0063,MAGBUD-0035,让财政部门内部控制更具智慧案例检测算法,杂志案例算法,P1,L3,89,A,算法候选-严格保留,预算执行与财政管理 / 财政与政府债务 / 绩效评价,财政监督/预算执行与财政管理,案例规则,budget_estimator / data_scout,magazine_435_articles,让财政部门内部控制更具智慧,让财政部门内部控制更具智慧,D:\openclaw-workspace\knowledge\11-杂志文献\财政监督\1.让财政部门内部控制更具智慧.md,基于杂志案例《让财政部门内部控制更具智慧》提炼“让财政部门内部控制更具智慧”审计算法/规则，用于复用审计经验、生成疑点线索和核查程序。,文章案例文本；审计事项清单；问题线索台账；审计证据资料；预算指标表；财政支出明细；项目资金台账；绩效目标表；绩效评价指标；产出效果数据,让财政部门内部控制更具智慧疑点清单、命中规则、风险等级、证据链、核查建议,,
OPTBUD-0064,OPTBUD-0064,BUDV6D-004,财政审计-财政资金管理及其审计目标检测算法,算法候选,P1,L3,89,A,算法候选-严格保留,预算执行与财政管理 / 财政与政府债务 / 监督检查与经费舞弊,通用/预算执行与财政管理,异常性,budget_estimator / data_scout,ocr_55_books_deep,财政审计,财政资金管理及其审计目标,E:\2026\审计方法&政策文件\_ocr_output\通用\财政审计.pdf.md,基于《财政审计》中“财政资金管理及其审计目标”相关内容，识别审计对象在合规性、真实性、绩效性和责任链方面的风险，形成可复核的疑点、规则或指标输出。,项目台账；财务收支明细；合同与审批资料；支付凭证；审计发现清单；预算批复表；预算调整表；绩效目标表,财政资金管理及其审计目标疑点清单、风险等级、命中规则、涉及金额、核查建议,,
OPTBUD-0065,OPTBUD-0065,BUDV6D-012,财政审计读本-重点专项资金审计检测算法,算法候选,P1,L3,89,A,算法候选-严格保留,预算执行与财政管理 / 财政与政府债务 / 监督检查与经费舞弊,通用/预算执行与财政管理,异常性,budget_estimator / data_scout,ocr_55_books_deep,财政审计读本,重点专项资金审计,E:\2026\审计方法&政策文件\_ocr_output\通用\财政审计读本.pdf.md,基于《财政审计读本》中“重点专项资金审计”相关内容，识别审计对象在合规性、真实性、绩效性和责任链方面的风险，形成可复核的疑点、规则或指标输出。,项目台账；财务收支明细；合同与审批资料；支付凭证；审计发现清单；预算批复表；预算调整表；绩效目标表,重点专项资金审计疑点清单、风险等级、命中规则、涉及金额、核查建议,,
OPTBUD-0066,OPTBUD-0066,SUPVV6D-053,"财政监督检查实务操作指南-1.3加强监督问责,推动内部控制制度执行检测算法",算法候选,P1,L3,89,A,算法候选-严格保留,预算执行与财政管理 / 财政与政府债务 / 监督检查与经费舞弊,通用/预算执行与财政管理,异常性,budget_estimator / data_scout,ocr_55_books_deep,财政监督检查实务操作指南,"1.3加强监督问责,推动内部控制制度执行",E:\2026\审计方法&政策文件\_ocr_output\通用\财政监督检查实务操作指南.pdf.md,"基于《财政监督检查实务操作指南》中“1.3加强监督问责,推动内部控制制度执行”相关内容，识别审计对象在合规性、真实性、绩效性和责任链方面的风险，形成可复核的疑点、规则或指标输出。",项目台账；财务收支明细；合同与审批资料；支付凭证；审计发现清单；预算批复表；预算调整表；绩效目标表；绩效指标表；产出效果数据,"1.3加强监督问责,推动内部控制制度执行疑点清单、风险等级、命中规则、涉及金额、核查建议",,
OPTBUD-0067,OPTBUD-0067,BUDV6D-048,部门整体预算绩效评价研究-我国部门整体预算绩效评价存在的问题及完善建议检测算法,算法候选,P1,L3,89,A,算法候选-严格保留,预算执行与财政管理 / 绩效评价 / 财政与政府债务,预算/预算执行与财政管理,绩效偏离,budget_estimator / data_scout,ocr_55_books_deep,部门整体预算绩效评价研究,我国部门整体预算绩效评价存在的问题及完善建议,E:\2026\审计方法&政策文件\_ocr_output\预算\部门整体预算绩效评价研究.pdf.md,基于《部门整体预算绩效评价研究》中“我国部门整体预算绩效评价存在的问题及完善建议”相关内容，识别审计对象在合规性、真实性、绩效性和责任链方面的风险，形成可复核的疑点、规则或指标输出。,项目台账；财务收支明细；合同与审批资料；支付凭证；审计发现清单；预算批复表；预算调整表；绩效目标表；绩效指标表；产出效果数据,我国部门整体预算绩效评价存在的问题及完善建议疑点清单、风险等级、命中规则、涉及金额、核查建议,,
OPTBUD-0068,OPTBUD-0068,PERFV6D-102,部门预算绩效管理-部门预算绩效管理的定位检测算法,算法候选,P1,L3,89,A,算法候选-严格保留,预算执行与财政管理 / 绩效评价 / 财政与政府债务,预算/预算执行与财政管理,绩效偏离,budget_estimator / data_scout,ocr_55_books_deep,部门预算绩效管理,部门预算绩效管理的定位,E:\2026\审计方法&政策文件\_ocr_output\预算\部门预算绩效管理.pdf.md,基于《部门预算绩效管理》中“部门预算绩效管理的定位”相关内容，识别审计对象在合规性、真实性、绩效性和责任链方面的风险，形成可复核的疑点、规则或指标输出。,项目台账；财务收支明细；合同与审批资料；支付凭证；审计发现清单；预算批复表；预算调整表；绩效目标表；绩效指标表；产出效果数据,部门预算绩效管理的定位疑点清单、风险等级、命中规则、涉及金额、核查建议,,
OPTBUD-0069,OPTBUD-0069,PERFV6D-110,预算绩效评价方法与指标-卫生健康领域预算项目绩效评价指标与方法检测算法,算法候选,P1,L3,89,A,算法候选-严格保留,预算执行与财政管理 / 绩效评价 / 财政与政府债务,预算/预算执行与财政管理,绩效偏离,budget_estimator / data_scout,ocr_55_books_deep,预算绩效评价方法与指标,卫生健康领域预算项目绩效评价指标与方法,E:\2026\审计方法&政策文件\_ocr_output\预算\预算绩效评价方法与指标.pdf.md,基于《预算绩效评价方法与指标》中“卫生健康领域预算项目绩效评价指标与方法”相关内容，识别审计对象在合规性、真实性、绩效性和责任链方面的风险，形成可复核的疑点、规则或指标输出。,项目台账；财务收支明细；合同与审批资料；支付凭证；审计发现清单；预算批复表；预算调整表；绩效目标表；绩效指标表；产出效果数据,卫生健康领域预算项目绩效评价指标与方法疑点清单、风险等级、命中规则、涉及金额、核查建议,,
OPTBUD-0070,OPTBUD-0070,PERFV6D-115,预算项目政策绩效评价研究-预算项目政策绩效评价研究.pdf检测算法,算法候选,P1,L3,89,A,算法候选-严格保留,预算执行与财政管理 / 绩效评价 / 财政与政府债务,预算/预算执行与财政管理,绩效偏离,budget_estimator / data_scout,ocr_55_books_deep,预算项目政策绩效评价研究,预算项目政策绩效评价研究.pdf,E:\2026\审计方法&政策文件\_ocr_output\预算\预算项目政策绩效评价研究.pdf.md,基于《预算项目政策绩效评价研究》中“预算项目政策绩效评价研究.pdf”相关内容，识别审计对象在合规性、真实性、绩效性和责任链方面的风险，形成可复核的疑点、规则或指标输出。,项目台账；财务收支明细；合同与审批资料；支付凭证；审计发现清单；预算批复表；预算调整表；绩效目标表；绩效指标表；产出效果数据,预算项目政策绩效评价研究.pdf疑点清单、风险等级、命中规则、涉及金额、核查建议,,
OPTBUD-0071,OPTBUD-0071,PERFV6D-118,预算项目政策绩效评价研究-2预算项目政策绩效评价目的检测算法,算法候选,P1,L3,89,A,算法候选-严格保留,预算执行与财政管理 / 绩效评价 / 财政与政府债务,预算/预算执行与财政管理,绩效偏离,budget_estimator / data_scout,ocr_55_books_deep,预算项目政策绩效评价研究,2预算项目政策绩效评价目的,E:\2026\审计方法&政策文件\_ocr_output\预算\预算项目政策绩效评价研究.pdf.md,基于《预算项目政策绩效评价研究》中“2预算项目政策绩效评价目的”相关内容，识别审计对象在合规性、真实性、绩效性和责任链方面的风险，形成可复核的疑点、规则或指标输出。,项目台账；财务收支明细；合同与审批资料；支付凭证；审计发现清单；预算批复表；预算调整表；绩效目标表；绩效指标表；产出效果数据,2预算项目政策绩效评价目的疑点清单、风险等级、命中规则、涉及金额、核查建议,,
OPTBUD-0072,OPTBUD-0072,MAGBUD-0051,“四举措”做好驻粤中央行政事业单位内部控制报告喝茶工作案例检测算法,杂志案例算法,P1,L3,86,A,算法候选-严格保留,预算执行与财政管理 / 财政与政府债务 / 绩效评价,财政监督/预算执行与财政管理,案例规则,budget_estimator / data_scout,magazine_435_articles,“四举措”做好驻粤中央行政事业单位内部控制报告喝茶工作,“四举措”做好驻粤中央行政事业单位内部控制报告喝茶工作,D:\openclaw-workspace\knowledge\11-杂志文献\财政监督\15.“四举措”做好驻粤中央行政事业单位内部控制报告喝茶工作.md,基于杂志案例《“四举措”做好驻粤中央行政事业单位内部控制报告喝茶工作》提炼““四举措”做好驻粤中央行政事业单位内部控制报告喝茶工作”审计算法/规则，用于复用审计经验、生成疑点线索和核查程序。,文章案例文本；审计事项清单；问题线索台账；审计证据资料；预算指标表；财政支出明细；项目资金台账；绩效目标表；绩效评价指标；产出效果数据,“四举措”做好驻粤中央行政事业单位内部控制报告喝茶工作疑点清单、命中规则、风险等级、证据链、核查建议,,
OPTBUD-0073,OPTBUD-0073,MAGBUD-0049,精准把脉户外资产数字赋能高效监管案例检测算法,杂志案例算法,P1,L3,86,A,算法候选-严格保留,预算执行与财政管理 / 财政与政府债务 / 绩效评价,财政监督/预算执行与财政管理,案例规则,budget_estimator / data_scout,magazine_435_articles,精准把脉户外资产数字赋能高效监管,精准把脉户外资产数字赋能高效监管,D:\openclaw-workspace\knowledge\11-杂志文献\财政监督\14.精准把脉户外资产数字赋能高效监管.md,基于杂志案例《精准把脉户外资产数字赋能高效监管》提炼“精准把脉户外资产数字赋能高效监管”审计算法/规则，用于复用审计经验、生成疑点线索和核查程序。,文章案例文本；审计事项清单；问题线索台账；审计证据资料；预算指标表；财政支出明细；项目资金台账；绩效目标表；绩效评价指标；产出效果数据,精准把脉户外资产数字赋能高效监管疑点清单、命中规则、风险等级、证据链、核查建议,,
