sn,name,type,package_kind,priority,complexity,scene,biz_line,risk_mechanism,assigned_agents,source_folder,source_title,topic,risk_terms,data_terms,method_terms,audit_goal,data_dependencies,output_type,source_file
MAGSUPV-0001,中国注册会计师协会关于做好上市公司2025年年报审计工作的通知内控核查包,杂志内控包,control_pack,P1,L2,监督检查与经费舞弊 / 全场景通用 / 金融审计,中国注册会计师/监督检查与经费舞弊,内控缺陷,review_sentinel / data_scout,中国注册会计师,中国注册会计师协会关于做好上市公司2025年年报审计工作的通知,中国注册会计师协会关于做好上市公司2025年年报审计工作的通知,违规；异常；风险；舞弊；虚假；重复；损失；内控；缺陷；真实性；完整性；违法,数据；样本；报表；结算；资产；税收；资金；会计；审计报告；工作底稿,模型；规则；评价；核查；关联；抽样；识别；分析；研究；体系；机制；方法,基于杂志案例《中国注册会计师协会关于做好上市公司2025年年报审计工作的通知》提炼“中国注册会计师协会关于做好上市公司2025年年报审计工作的通知”审计算法/规则，用于复用审计经验、生成疑点线索和核查程序。,文章案例文本；审计事项清单；问题线索台账；审计证据资料；内控制度；会计凭证；工作底稿；整改台账；合同流水；授信审批,中国注册会计师协会关于做好上市公司2025年年报审计工作的通知控制点、缺陷类型、责任环节、整改建议、复核状态,D:\openclaw-workspace\knowledge\11-杂志文献\中国注册会计师\002.中国注册会计师协会关于做好上市公司2025年年报审计工作的通知.md
MAGSUPV-0002,中国注册会计师协会关于印发《企业内部控制审计指引实施意见》的通知内控核查包,杂志内控包,control_pack,P0,L2,监督检查与经费舞弊 / 全场景通用 / 金融审计,中国注册会计师/监督检查与经费舞弊,内控缺陷,review_sentinel / data_scout,中国注册会计师,中国注册会计师协会关于印发《企业内部控制审计指引实施意见》的通知,中国注册会计师协会关于印发《企业内部控制审计指引实施意见》的通知,异常；风险；舞弊；重复；损失；缺陷；完整性；错报,数据；预算；样本；报表；资产；会计；审计报告；工作底稿,评价；关联；识别；验证；体系；方法,基于杂志案例《中国注册会计师协会关于印发《企业内部控制审计指引实施意见》的通知》提炼“中国注册会计师协会关于印发《企业内部控制审计指引实施意见》的通知”审计算法/规则，用于复用审计经验、生成疑点线索和核查程序。,文章案例文本；审计事项清单；问题线索台账；审计证据资料；内控制度；会计凭证；工作底稿；整改台账；合同流水；授信审批,中国注册会计师协会关于印发《企业内部控制审计指引实施意见》的通知控制点、缺陷类型、责任环节、整改建议、复核状态,D:\openclaw-workspace\knowledge\11-杂志文献\中国注册会计师\002.中国注册会计师协会关于印发《企业内部控制审计指引实施意见》的通知.md
MAGSUPV-0003,中国注册会计师协会关于印发《会计师事务所透明度报告披露指引(试行)》的通内控核查包,杂志内控包,control_pack,P1,L2,监督检查与经费舞弊 / 全场景通用 / 金融审计,中国注册会计师/监督检查与经费舞弊,内控缺陷,review_sentinel / data_scout,中国注册会计师,中国注册会计师协会关于印发《会计师事务所透明度报告披露指引(试行)》的通知,中国注册会计师协会关于印发《会计师事务所透明度报告披露指引(试行)》的通,风险,清单；会计；审计报告,评价；体系；机制；数字化,基于杂志案例《中国注册会计师协会关于印发《会计师事务所透明度报告披露指引(试行)》的通知》提炼“中国注册会计师协会关于印发《会计师事务所透明度报告披露指引(试行)》的通”审计算法/规则，用于复用审计经验、生成疑点线索和核查程序。,文章案例文本；审计事项清单；问题线索台账；审计证据资料；内控制度；会计凭证；工作底稿；整改台账；合同流水；授信审批,中国注册会计师协会关于印发《会计师事务所透明度报告披露指引(试行)》的通控制点、缺陷类型、责任环节、整改建议、复核状态,D:\openclaw-workspace\knowledge\11-杂志文献\中国注册会计师\003.中国注册会计师协会关于印发《会计师事务所透明度报告披露指引(试行)》的通知.md
MAGSUPV-0004,中国注册会计师协会关于印发《会计师事务所基础性标准体系建设指引》的通知证据模板包,杂志证据包,evidence_pack,P1,L2,监督检查与经费舞弊 / 全场景通用 / 金融审计,中国注册会计师/监督检查与经费舞弊,案例证据,review_sentinel / data_scout,中国注册会计师,中国注册会计师协会关于印发《会计师事务所基础性标准体系建设指引》的通知,中国注册会计师协会关于印发《会计师事务所基础性标准体系建设指引》的通知,,会计,体系,基于杂志案例《中国注册会计师协会关于印发《会计师事务所基础性标准体系建设指引》的通知》提炼“中国注册会计师协会关于印发《会计师事务所基础性标准体系建设指引》的通知”审计算法/规则，用于复用审计经验、生成疑点线索和核查程序。,文章案例文本；审计事项清单；问题线索台账；审计证据资料；内控制度；会计凭证；工作底稿；整改台账；合同流水；授信审批,中国注册会计师协会关于印发《会计师事务所基础性标准体系建设指引》的通知案例标签、风险词、数据词、核查程序、底稿证据索引,D:\openclaw-workspace\knowledge\11-杂志文献\中国注册会计师\004.中国注册会计师协会关于印发《会计师事务所基础性标准体系建设指引》的通知.md
MAGSUPV-0005,中国注册会计师行业妇联成立暨行业妇女第一次代表大会在京召开证据模板包,杂志证据包,evidence_pack,P1,L2,监督检查与经费舞弊 / 全场景通用 / 金融审计,中国注册会计师/监督检查与经费舞弊,案例证据,review_sentinel / data_scout,中国注册会计师,中国注册会计师行业妇联成立暨行业妇女第一次代表大会在京召开,中国注册会计师行业妇联成立暨行业妇女第一次代表大会在京召开,,会计,,基于杂志案例《中国注册会计师行业妇联成立暨行业妇女第一次代表大会在京召开》提炼“中国注册会计师行业妇联成立暨行业妇女第一次代表大会在京召开”审计算法/规则，用于复用审计经验、生成疑点线索和核查程序。,文章案例文本；审计事项清单；问题线索台账；审计证据资料；内控制度；会计凭证；工作底稿；整改台账；合同流水；授信审批,中国注册会计师行业妇联成立暨行业妇女第一次代表大会在京召开案例标签、风险词、数据词、核查程序、底稿证据索引,D:\openclaw-workspace\knowledge\11-杂志文献\中国注册会计师\012.中国注册会计师行业妇联成立暨行业妇女第一次代表大会在京召开.md
MAGSUPV-0006,中注协有关负责人就印发《可持续信息鉴证业务准则第6101号一—基本准则内控核查包,杂志内控包,control_pack,P1,L2,监督检查与经费舞弊 / 全场景通用 / 金融审计,四川注册会计师/监督检查与经费舞弊,内控缺陷,review_sentinel / data_scout,四川注册会计师,中注协有关负责人就印发《可持续信息鉴证业务准则第6101号一—基本准则(试行)》答记者问,中注协有关负责人就印发《可持续信息鉴证业务准则第6101号一—基本准则,风险；内控；错报,会计；工作底稿,识别；分析；研究；体系；机制；方法,基于杂志案例《中注协有关负责人就印发《可持续信息鉴证业务准则第6101号一—基本准则(试行)》答记者问》提炼“中注协有关负责人就印发《可持续信息鉴证业务准则第6101号一—基本准则”审计算法/规则，用于复用审计经验、生成疑点线索和核查程序。,文章案例文本；审计事项清单；问题线索台账；审计证据资料；内控制度；会计凭证；工作底稿；整改台账；合同流水；授信审批,中注协有关负责人就印发《可持续信息鉴证业务准则第6101号一—基本准则控制点、缺陷类型、责任环节、整改建议、复核状态,D:\openclaw-workspace\knowledge\11-杂志文献\四川注册会计师\001.中注协有关负责人就印发《可持续信息鉴证 业务准则第6101号一—基本准则(试行)》 答记者问.md
MAGFIN-0001,联合开展《小微企业增信会计数据标准(试行版)》深化试点工作的通知案例规则包,杂志规则包,rule_pack,P1,L2,金融审计 / 国企审计 / 监督检查与经费舞弊,四川注册会计师/金融审计,合规性,data_scout / contract_hound,四川注册会计师,关于联合开展《小微企业增信会计数据标准(试行版)》深化试点工作的通知,联合开展《小微企业增信会计数据标准(试行版)》深化试点工作的通知,真实性；完整性,数据；清单；凭证；审批；会计,模型；验证；研究；路径；机制；方法；数字化；大数据,基于杂志案例《关于联合开展《小微企业增信会计数据标准(试行版)》深化试点工作的通知》提炼“联合开展《小微企业增信会计数据标准(试行版)》深化试点工作的通知”审计算法/规则，用于复用审计经验、生成疑点线索和核查程序。,文章案例文本；审计事项清单；问题线索台账；审计证据资料；内控制度；会计凭证；工作底稿；整改台账；合同流水；授信审批,联合开展《小微企业增信会计数据标准(试行版)》深化试点工作的通知规则编号、触发条件、适用场景、证据资料、处理建议,D:\openclaw-workspace\knowledge\11-杂志文献\四川注册会计师\001.关于联合开展《小微企业增信会计数据标准(试行版)》深化试点工作的通知.md
MAGSUPV-0007,四川省财政厅关于印发《会计师事务所负面积分制管理办法(试行)》的通知内控核查包,杂志内控包,control_pack,P1,L2,监督检查与经费舞弊 / 全场景通用 / 金融审计,四川注册会计师/监督检查与经费舞弊,内控缺陷,review_sentinel / data_scout,四川注册会计师,四川省财政厅关于印发《会计师事务所负面积分制管理办法(试行)》的通知,四川省财政厅关于印发《会计师事务所负面积分制管理办法(试行)》的通知,违规；舞弊；重复；违法,数据；会计；审计报告,分析；机制,基于杂志案例《四川省财政厅关于印发《会计师事务所负面积分制管理办法(试行)》的通知》提炼“四川省财政厅关于印发《会计师事务所负面积分制管理办法(试行)》的通知”审计算法/规则，用于复用审计经验、生成疑点线索和核查程序。,文章案例文本；审计事项清单；问题线索台账；审计证据资料；预算指标表；财政支出明细；项目资金台账；内控制度；会计凭证；工作底稿,四川省财政厅关于印发《会计师事务所负面积分制管理办法(试行)》的通知控制点、缺陷类型、责任环节、整改建议、复核状态,D:\openclaw-workspace\knowledge\11-杂志文献\四川注册会计师\001.四川省财政厅关于印发《会计师事务所负面积分制管理办法(试行)》的通知.md
MAGSUPV-0008,奋力谱写注册会计师行业服务中国式现代化新篇章案例检测算法,杂志案例算法,algorithm,P1,L3,监督检查与经费舞弊 / 全场景通用 / 金融审计,四川注册会计师/监督检查与经费舞弊,案例规则,review_sentinel / data_scout,四川注册会计师,奋力谱写注册会计师行业服务中国式现代化新篇章,奋力谱写注册会计师行业服务中国式现代化新篇章,违规；风险；违法,数据；会计,规则；研究；体系；机制；大数据；人工智能,基于杂志案例《奋力谱写注册会计师行业服务中国式现代化新篇章》提炼“奋力谱写注册会计师行业服务中国式现代化新篇章”审计算法/规则，用于复用审计经验、生成疑点线索和核查程序。,文章案例文本；审计事项清单；问题线索台账；审计证据资料；内控制度；会计凭证；工作底稿；整改台账；合同流水；授信审批,奋力谱写注册会计师行业服务中国式现代化新篇章疑点清单、命中规则、风险等级、证据链、核查建议,D:\openclaw-workspace\knowledge\11-杂志文献\四川注册会计师\001.奋力谱写注册会计师行业服务中国式现代化新篇章.md
MAGSOC-0001,印发《关于进一步加强科学事业单位内部控制建设的指导意见》的通知内控核查包,杂志内控包,control_pack,P1,L2,民生与社保医保 / 预算执行与财政管理 / 招投标与政府采购,四川注册会计师/民生与社保医保,内控缺陷,data_scout / performance_evaluator,四川注册会计师,关于印发《关于进一步加强科学事业单位内部控制建设的指导意见》的通知,印发《关于进一步加强科学事业单位内部控制建设的指导意见》的通知,违规；风险；重复；套取；低效；真实性；绩效；预警；违法；隐患；腐败,数据；台账；清单；合同；支付；预算；决算；指标；项目库；审批；采购；招标,规则；指标；评价；关联；预警；分析；审查；研究；体系；机制；方法,基于杂志案例《关于印发《关于进一步加强科学事业单位内部控制建设的指导意见》的通知》提炼“印发《关于进一步加强科学事业单位内部控制建设的指导意见》的通知”审计算法/规则，用于复用审计经验、生成疑点线索和核查程序。,文章案例文本；审计事项清单；问题线索台账；审计证据资料；预算指标表；财政支出明细；项目资金台账；采购公告；投标文件；供应商信息,印发《关于进一步加强科学事业单位内部控制建设的指导意见》的通知控制点、缺陷类型、责任环节、整改建议、复核状态,D:\openclaw-workspace\knowledge\11-杂志文献\四川注册会计师\002.关于印发《关于进一步加强科学事业单位 内部控制建设的指导意见》的通知.md
MAGAGR-0001,四川省财政厅四川省人力资源和社会保障厅关于印发《四川省会计高级职称申报评内控核查包,杂志内控包,control_pack,P1,L2,农业农村审计 / 金融审计 / 财政与政府债务,四川注册会计师/农业农村审计,内控缺陷,data_scout / law_inspector,四川注册会计师,四川省财政厅四川省人力资源和社会保障厅关于印发《四川省会计高级职称申报评审基本条件》的通知,四川省财政厅四川省人力资源和社会保障厅关于印发《四川省会计高级职称申报评,风险；损失；内控；绩效,预算；指标；报表；资产；申报；资金；会计,指标；评价；分析；研究；体系；机制,基于杂志案例《四川省财政厅四川省人力资源和社会保障厅关于印发《四川省会计高级职称申报评审基本条件》的通知》提炼“四川省财政厅四川省人力资源和社会保障厅关于印发《四川省会计高级职称申报评”审计算法/规则，用于复用审计经验、生成疑点线索和核查程序。,文章案例文本；审计事项清单；问题线索台账；审计证据资料；预算指标表；财政支出明细；项目资金台账；内控制度；会计凭证；工作底稿,四川省财政厅四川省人力资源和社会保障厅关于印发《四川省会计高级职称申报评控制点、缺陷类型、责任环节、整改建议、复核状态,D:\openclaw-workspace\knowledge\11-杂志文献\四川注册会计师\002.四川省财政厅四川省人力资源和社会保障厅关于印发《四川省会计高级职称申报评审基本条件》的通知.md
MAGSUPV-0009,四川省人民政府办公厅关于进一步促进服务业创新突破的实施意见内控核查包,杂志内控包,control_pack,P1,L2,监督检查与经费舞弊 / 全场景通用 / 金融审计,四川注册会计师/监督检查与经费舞弊,内控缺陷,review_sentinel / data_scout,四川注册会计师,四川省人民政府办公厅关于进一步促进服务业创新突破的实施意见,四川省人民政府办公厅关于进一步促进服务业创新突破的实施意见,风险；闲置,数据；清单；结算；资产；碳排放；申报；资金；会计,算法；模型；评价；监测；识别；检测；研究；体系；数字化；大数据；人工智能,基于杂志案例《四川省人民政府办公厅关于进一步促进服务业创新突破的实施意见》提炼“四川省人民政府办公厅关于进一步促进服务业创新突破的实施意见”审计算法/规则，用于复用审计经验、生成疑点线索和核查程序。,文章案例文本；审计事项清单；问题线索台账；审计证据资料；内控制度；会计凭证；工作底稿；整改台账；合同流水；授信审批,四川省人民政府办公厅关于进一步促进服务业创新突破的实施意见控制点、缺陷类型、责任环节、整改建议、复核状态,D:\openclaw-workspace\knowledge\11-杂志文献\四川注册会计师\003.四川省人民政府办公厅关于进一步促进服务业创新突破的实施意见.md
MAGTAX-0001,四川省财政厅关于优化资产评估机构备案管理工作的通知案例规则包,杂志规则包,rule_pack,P1,L2,税务审计,四川注册会计师/税务审计,合规性,data_scout / law_inspector,四川注册会计师,四川省财政厅关于优化资产评估机构备案管理工作的通知,四川省财政厅关于优化资产评估机构备案管理工作的通知,真实性；完整性,资产；会计,审查；机制,基于杂志案例《四川省财政厅关于优化资产评估机构备案管理工作的通知》提炼“四川省财政厅关于优化资产评估机构备案管理工作的通知”审计算法/规则，用于复用审计经验、生成疑点线索和核查程序。,文章案例文本；审计事项清单；问题线索台账；审计证据资料；预算指标表；财政支出明细；项目资金台账；纳税申报表；发票明细；税收优惠台账,四川省财政厅关于优化资产评估机构备案管理工作的通知规则编号、触发条件、适用场景、证据资料、处理建议,D:\openclaw-workspace\knowledge\11-杂志文献\四川注册会计师\003.四川省财政厅关于优化资产评估机构备案管理工作的通知.md
MAGAGR-0002,四川省财政国务院关于深入实施“人工智能+”行动的意见案例规则包,杂志规则包,rule_pack,P1,L4,农业农村审计 / 金融审计 / 财政与政府债务,四川注册会计师/农业农村审计,合规性,data_scout / law_inspector,四川注册会计师,四川省财政国务院关于深入实施“人工智能+”行动的意见,四川省财政国务院关于深入实施“人工智能+”行动的意见,风险；预警,数据；采购；招标；投标；资金；会计,算法；模型；规则；评价；预警；监测；识别；研究；体系；路径；机制；方法,基于杂志案例《四川省财政国务院关于深入实施“人工智能+”行动的意见》提炼“四川省财政国务院关于深入实施“人工智能+”行动的意见”审计算法/规则，用于复用审计经验、生成疑点线索和核查程序。,文章案例文本；审计事项清单；问题线索台账；审计证据资料；预算指标表；财政支出明细；项目资金台账；合同流水；授信审批；还款记录,四川省财政国务院关于深入实施“人工智能+”行动的意见规则编号、触发条件、适用场景、证据资料、处理建议,D:\openclaw-workspace\knowledge\11-杂志文献\四川注册会计师\003.四川省财政国务院关于深入实施“人工智能+”行动的意见.md
MAGSOC-0002,推动解决政府采购异常低价问题的通知案例规则包,杂志规则包,rule_pack,P1,L2,民生与社保医保 / 预算执行与财政管理 / 招投标与政府采购,四川注册会计师/民生与社保医保,合规性,data_scout / performance_evaluator,四川注册会计师,关于推动解决政府采购异常低价问题的通知,推动解决政府采购异常低价问题的通知,异常；重复,合同；支付；预算；采购；投标；会计,评分；测算；审查,基于杂志案例《关于推动解决政府采购异常低价问题的通知》提炼“推动解决政府采购异常低价问题的通知”审计算法/规则，用于复用审计经验、生成疑点线索和核查程序。,文章案例文本；审计事项清单；问题线索台账；审计证据资料；预算指标表；财政支出明细；项目资金台账；采购公告；投标文件；供应商信息,推动解决政府采购异常低价问题的通知规则编号、触发条件、适用场景、证据资料、处理建议,D:\openclaw-workspace\knowledge\11-杂志文献\四川注册会计师\004.关于推动解决政府采购异常低价问题的通知.md
MAGFIN-0002,联合开展《小微企业增信会计数据标准(试行版)》深化试点工作的通知案例规则包#0002,杂志规则包,rule_pack,P1,L2,金融审计 / 国企审计 / 监督检查与经费舞弊,四川注册会计师/金融审计,合规性,data_scout / contract_hound,四川注册会计师,关于联合开展《小微企业增信会计数据标准(试行版)》深化试点工作的通知,联合开展《小微企业增信会计数据标准(试行版)》深化试点工作的通知,真实性；完整性,数据；清单；凭证；审批；会计,模型；验证；研究；路径；机制；方法；数字化；大数据,基于杂志案例《关于联合开展《小微企业增信会计数据标准(试行版)》深化试点工作的通知》提炼“联合开展《小微企业增信会计数据标准(试行版)》深化试点工作的通知”审计算法/规则，用于复用审计经验、生成疑点线索和核查程序。,文章案例文本；审计事项清单；问题线索台账；审计证据资料；内控制度；会计凭证；工作底稿；整改台账；合同流水；授信审批,联合开展《小微企业增信会计数据标准(试行版)》深化试点工作的通知规则编号、触发条件、适用场景、证据资料、处理建议,D:\openclaw-workspace\knowledge\11-杂志文献\四川注册会计师\004.关于联合开展《小微企业增信会计数据标准(试行版)》深化试点工作的通知.md
MAGFIN-0003,国务院办公厅转发财政部《关于规范政府和社会资本合作存量项目建设和运营的指案例规则包,杂志规则包,rule_pack,P1,L2,金融审计 / 国企审计 / 监督检查与经费舞弊,四川注册会计师/金融审计,合规性,data_scout / contract_hound,四川注册会计师,国务院办公厅转发财政部《关于规范政府和社会资本合作存量项目建设和运营的指导意见》的通知,国务院办公厅转发财政部《关于规范政府和社会资本合作存量项目建设和运营的指,风险；挪用；低效；闲置；绩效,合同；支付；预算；决算；指标；审批；资产；缴纳；资金；会计,指标；评价；研究；机制,基于杂志案例《国务院办公厅转发财政部《关于规范政府和社会资本合作存量项目建设和运营的指导意见》的通知》提炼“国务院办公厅转发财政部《关于规范政府和社会资本合作存量项目建设和运营的指”审计算法/规则，用于复用审计经验、生成疑点线索和核查程序。,文章案例文本；审计事项清单；问题线索台账；审计证据资料；预算指标表；财政支出明细；项目资金台账；内控制度；会计凭证；工作底稿,国务院办公厅转发财政部《关于规范政府和社会资本合作存量项目建设和运营的指规则编号、触发条件、适用场景、证据资料、处理建议,D:\openclaw-workspace\knowledge\11-杂志文献\四川注册会计师\004.国务院办公厅转发财政部《关于规范政府和社会资本合作存量项目建设和运营的指导意见》的通知.md
MAGSOC-0003,中华人民共和国国务院令案例规则包,杂志规则包,rule_pack,P1,L2,民生与社保医保 / 预算执行与财政管理 / 招投标与政府采购,四川注册会计师/民生与社保医保,合规性,data_scout / performance_evaluator,四川注册会计师,中华人民共和国国务院令,中华人民共和国国务院令,损失,合同；发票；凭证；支付；结算；资产；申报；缴纳；税收；资金；会计,研究；方法,基于杂志案例《中华人民共和国国务院令》提炼“中华人民共和国国务院令”审计算法/规则，用于复用审计经验、生成疑点线索和核查程序。,文章案例文本；审计事项清单；问题线索台账；审计证据资料；预算指标表；财政支出明细；项目资金台账；采购公告；投标文件；供应商信息,中华人民共和国国务院令规则编号、触发条件、适用场景、证据资料、处理建议,D:\openclaw-workspace\knowledge\11-杂志文献\四川注册会计师\005.中华人民共和国国务院令.md
MAGBUD-0001,印发《支持学前教育发展资金管理办法》的通知（正文扫描不完整）案例规则包,杂志规则包,rule_pack,P1,L2,预算执行与财政管理 / 财政与政府债务 / 绩效评价,四川注册会计师/预算执行与财政管理,合规性,budget_estimator / data_scout,四川注册会计师,关于印发《支持学前教育发展资金管理办法》的通知（正文扫描不完整）,印发《支持学前教育发展资金管理办法》的通知（正文扫描不完整）,风险；重复；真实性；绩效,数据；支付；预算；指标；采购；绩效目标；资产；申报；资金；会计,指标；评价；测算；分析；研究；机制,基于杂志案例《关于印发《支持学前教育发展资金管理办法》的通知（正文扫描不完整）》提炼“印发《支持学前教育发展资金管理办法》的通知（正文扫描不完整）”审计算法/规则，用于复用审计经验、生成疑点线索和核查程序。,文章案例文本；审计事项清单；问题线索台账；审计证据资料；预算指标表；财政支出明细；项目资金台账；绩效目标表；绩效评价指标；产出效果数据,印发《支持学前教育发展资金管理办法》的通知（正文扫描不完整）规则编号、触发条件、适用场景、证据资料、处理建议,D:\openclaw-workspace\knowledge\11-杂志文献\四川注册会计师\005.关于印发《支持学前教育发展资金管理办法》的通知（正文扫描不完整）.md
MAGAGR-0003,实施中小微企业贷款贴息政策的通知案例规则包,杂志规则包,rule_pack,P1,L2,农业农村审计 / 金融审计 / 财政与政府债务,四川注册会计师/农业农村审计,合规性,data_scout / law_inspector,四川注册会计师,关于实施中小微企业贷款贴息政策的通知,实施中小微企业贷款贴息政策的通知,违规；重复；真实性,数据；清单；支付；预算；报表；审批；结算；资产；资金；会计,机制；人工智能,基于杂志案例《关于实施中小微企业贷款贴息政策的通知》提炼“实施中小微企业贷款贴息政策的通知”审计算法/规则，用于复用审计经验、生成疑点线索和核查程序。,文章案例文本；审计事项清单；问题线索台账；审计证据资料；预算指标表；财政支出明细；项目资金台账；合同流水；授信审批；还款记录,实施中小微企业贷款贴息政策的通知规则编号、触发条件、适用场景、证据资料、处理建议,D:\openclaw-workspace\knowledge\11-杂志文献\四川注册会计师\005.关于实施中小微企业贷款贴息政策的通知.md
MAGDATA-0001,权益法下未确认投资净损失会计处理探讨证据模板包,杂志证据包,evidence_pack,P1,L2,全场景通用,四川注册会计师/全场景通用,案例证据,data_scout / workpaper_crafter,四川注册会计师,权益法下未确认投资净损失会计处理探讨,权益法下未确认投资净损失会计处理探讨,损失,明细；报表；资产；会计,分析；方法,基于杂志案例《权益法下未确认投资净损失会计处理探讨》提炼“权益法下未确认投资净损失会计处理探讨”审计算法/规则，用于复用审计经验、生成疑点线索和核查程序。,文章案例文本；审计事项清单；问题线索台账；审计证据资料；内控制度；会计凭证；工作底稿；整改台账；明细相关数据；报表相关数据,权益法下未确认投资净损失会计处理探讨案例标签、风险词、数据词、核查程序、底稿证据索引,D:\openclaw-workspace\knowledge\11-杂志文献\四川注册会计师\005.权益法下未确认投资净损失会计处理探讨.md
MAGSUPV-0010,中国证券监督管理委员会财政部公告内控核查包,杂志内控包,control_pack,P1,L2,监督检查与经费舞弊 / 全场景通用 / 预算执行与财政管理,四川注册会计师/监督检查与经费舞弊,内控缺陷,review_sentinel / data_scout,四川注册会计师,中国证券监督管理委员会财政部公告,中国证券监督管理委员会财政部公告,违规；舞弊；重复；缺陷；违法,合同；预算；资金；会计,核查；识别；测算,基于杂志案例《中国证券监督管理委员会财政部公告》提炼“中国证券监督管理委员会财政部公告”审计算法/规则，用于复用审计经验、生成疑点线索和核查程序。,文章案例文本；审计事项清单；问题线索台账；审计证据资料；预算指标表；财政支出明细；项目资金台账；内控制度；会计凭证；工作底稿,中国证券监督管理委员会财政部公告控制点、缺陷类型、责任环节、整改建议、复核状态,D:\openclaw-workspace\knowledge\11-杂志文献\四川注册会计师\006.中国证券监督管理委员会财政部公告.md
MAGSUPV-0011,全面提升综合专业服务能力赋能经济社会高质量发展案例检测算法,杂志案例算法,algorithm,P0,L3,监督检查与经费舞弊 / 全场景通用 / 金融审计,四川注册会计师/监督检查与经费舞弊,真实性,review_sentinel / data_scout,四川注册会计师,全面提升综合专业服务能力赋能经济社会高质量发展,全面提升综合专业服务能力赋能经济社会高质量发展,风险；舞弊,数据；资产；会计,核查；识别；分析；体系；路径；机制；方法；数字化；大数据,基于杂志案例《全面提升综合专业服务能力赋能经济社会高质量发展》提炼“全面提升综合专业服务能力赋能经济社会高质量发展”审计算法/规则，用于复用审计经验、生成疑点线索和核查程序。,文章案例文本；审计事项清单；问题线索台账；审计证据资料；内控制度；会计凭证；工作底稿；整改台账；合同流水；授信审批,全面提升综合专业服务能力赋能经济社会高质量发展疑点清单、命中规则、风险等级、证据链、核查建议,D:\openclaw-workspace\knowledge\11-杂志文献\四川注册会计师\006.全面提升综合专业服务能力赋能经济社会高质量发展.md
MAGSOC-0004,金融支持新型工业化的指导意见案例规则包,杂志规则包,rule_pack,P1,L2,民生与社保医保 / 预算执行与财政管理 / 招投标与政府采购,四川注册会计师/民生与社保医保,合规性,data_scout / performance_evaluator,四川注册会计师,关于金融支持新型工业化的指导意见,金融支持新型工业化的指导意见,违规；风险；舞弊；挪用；套取；绩效；预警；违法,数据；清单；预算；指标；结算；资产；申报；资金；会计,模型；指标；评价；预警；监测；验证；体系；机制；数字化；大数据；人工智能,基于杂志案例《关于金融支持新型工业化的指导意见》提炼“金融支持新型工业化的指导意见”审计算法/规则，用于复用审计经验、生成疑点线索和核查程序。,文章案例文本；审计事项清单；问题线索台账；审计证据资料；预算指标表；财政支出明细；项目资金台账；合同流水；授信审批；还款记录,金融支持新型工业化的指导意见规则编号、触发条件、适用场景、证据资料、处理建议,D:\openclaw-workspace\knowledge\11-杂志文献\四川注册会计师\006.关于金融支持新型工业化的指导意见.md
MAGSUPV-0012,社会组织评估管理办法内控核查包,杂志内控包,control_pack,P1,L2,监督检查与经费舞弊 / 全场景通用 / 金融审计,四川注册会计师/监督检查与经费舞弊,内控缺陷,review_sentinel / data_scout,四川注册会计师,社会组织评估管理办法,社会组织评估管理办法,违规；舞弊；虚假；绩效；违法,会计,评价；核查；研究；机制,基于杂志案例《社会组织评估管理办法》提炼“社会组织评估管理办法”审计算法/规则，用于复用审计经验、生成疑点线索和核查程序。,文章案例文本；审计事项清单；问题线索台账；审计证据资料；内控制度；会计凭证；工作底稿；整改台账；合同流水；授信审批,社会组织评估管理办法控制点、缺陷类型、责任环节、整改建议、复核状态,D:\openclaw-workspace\knowledge\11-杂志文献\四川注册会计师\006.社会组织评估管理办法.md
MAGTAX-0002,完善增值税期末留抵退税政策的公告案例规则包,杂志规则包,rule_pack,P1,L2,税务审计 / 预算执行与财政管理 / 财政与政府债务,四川注册会计师/税务审计,合规性,data_scout / law_inspector,四川注册会计师,关于完善增值税期末留抵退税政策的公告,完善增值税期末留抵退税政策的公告,虚假；重复,发票；凭证；资产；申报；税收；会计,研究,基于杂志案例《关于完善增值税期末留抵退税政策的公告》提炼“完善增值税期末留抵退税政策的公告”审计算法/规则，用于复用审计经验、生成疑点线索和核查程序。,文章案例文本；审计事项清单；问题线索台账；审计证据资料；预算指标表；财政支出明细；项目资金台账；纳税申报表；发票明细；税收优惠台账,完善增值税期末留抵退税政策的公告规则编号、触发条件、适用场景、证据资料、处理建议,D:\openclaw-workspace\knowledge\11-杂志文献\四川注册会计师\007.关于完善增值税期末留抵退税政策的公告.md
MAGENG-0001,制度升级筑牢防线监督制衡守护公益案例规则包,杂志规则包,rule_pack,P1,L2,工程与投资审计 / 招投标与政府采购 / 财政与政府债务,四川注册会计师/工程与投资审计,合规性,settlement_auditor / budget_estimator,四川注册会计师,制度升级筑牢防线监督制衡守护公益,制度升级筑牢防线监督制衡守护公益,风险；挪用；偏离,数据；支付；审批；资产；资金；会计,关联；分析；体系；机制；方法,基于杂志案例《制度升级筑牢防线监督制衡守护公益》提炼“制度升级筑牢防线监督制衡守护公益”审计算法/规则，用于复用审计经验、生成疑点线索和核查程序。,文章案例文本；审计事项清单；问题线索台账；审计证据资料；预算指标表；财政支出明细；项目资金台账；内控制度；会计凭证；工作底稿,制度升级筑牢防线监督制衡守护公益规则编号、触发条件、适用场景、证据资料、处理建议,D:\openclaw-workspace\knowledge\11-杂志文献\四川注册会计师\007.制度升级筑牢防线监督制衡守护公益.md
MAGFIN-0004,四川省内部审计条例案例指标包,杂志指标包,indicator_pack,P1,L3,金融审计 / 国企审计 / 监督检查与经费舞弊,四川注册会计师/金融审计,绩效偏离,data_scout / contract_hound,四川注册会计师,四川省内部审计条例,四川省内部审计条例,违规；风险；虚假；损失；真实性；完整性；绩效；违法,数据；预算；采购；投标；资产；会计；审计报告；工作底稿,规则；评价；分析；研究；机制,基于杂志案例《四川省内部审计条例》提炼“四川省内部审计条例”审计算法/规则，用于复用审计经验、生成疑点线索和核查程序。,文章案例文本；审计事项清单；问题线索台账；审计证据资料；内控制度；会计凭证；工作底稿；整改台账；合同流水；授信审批,四川省内部审计条例指标、标准值、实际值、偏离率、评分和扣分原因,D:\openclaw-workspace\knowledge\11-杂志文献\四川注册会计师\007.四川省内部审计条例.md
MAGFIN-0005,层次分析法在投资决策中的运用案例检测算法,杂志案例算法,algorithm,P1,L3,金融审计 / 国企审计 / 监督检查与经费舞弊,四川注册会计师/金融审计,案例规则,data_scout / contract_hound,四川注册会计师,层次分析法在投资决策中的运用,层次分析法在投资决策中的运用,风险,数据；指标；采购；资产；资金；会计,模型；指标；评价；评分；分析；验证；研究；体系；路径；方法,基于杂志案例《层次分析法在投资决策中的运用》提炼“层次分析法在投资决策中的运用”审计算法/规则，用于复用审计经验、生成疑点线索和核查程序。,文章案例文本；审计事项清单；问题线索台账；审计证据资料；内控制度；会计凭证；工作底稿；整改台账；合同流水；授信审批,层次分析法在投资决策中的运用疑点清单、命中规则、风险等级、证据链、核查建议,D:\openclaw-workspace\knowledge\11-杂志文献\四川注册会计师\007.层次分析法在投资决策中的运用.md
MAGSUPV-0013,2025年注册会计师行业短视频展播活动结果揭晓证据模板包,杂志证据包,evidence_pack,P1,L2,监督检查与经费舞弊 / 全场景通用 / 金融审计,四川注册会计师/监督检查与经费舞弊,案例证据,review_sentinel / data_scout,四川注册会计师,2025年注册会计师行业短视频展播活动结果揭晓,2025年注册会计师行业短视频展播活动结果揭晓,,会计,,基于杂志案例《2025年注册会计师行业短视频展播活动结果揭晓》提炼“2025年注册会计师行业短视频展播活动结果揭晓”审计算法/规则，用于复用审计经验、生成疑点线索和核查程序。,文章案例文本；审计事项清单；问题线索台账；审计证据资料；内控制度；会计凭证；工作底稿；整改台账；合同流水；授信审批,2025年注册会计师行业短视频展播活动结果揭晓案例标签、风险词、数据词、核查程序、底稿证据索引,D:\openclaw-workspace\knowledge\11-杂志文献\四川注册会计师\008.2025年注册会计师行业短视频展播活动结果揭晓.md
MAGSUPV-0014,从标准出发：会计师事务所基础性标准体系建设的意义和关注点内控核查包,杂志内控包,control_pack,P1,L2,监督检查与经费舞弊 / 全场景通用 / 金融审计,四川注册会计师/监督检查与经费舞弊,内控缺陷,review_sentinel / data_scout,四川注册会计师,从标准出发：会计师事务所基础性标准体系建设的意义和关注点,从标准出发：会计师事务所基础性标准体系建设的意义和关注点,违规；风险；内控；预警；漏洞,数据；清单；指标；会计,模型；规则；指标；评价；评分；穿透；预警；监测；分析；研究；体系；机制,基于杂志案例《从标准出发：会计师事务所基础性标准体系建设的意义和关注点》提炼“从标准出发：会计师事务所基础性标准体系建设的意义和关注点”审计算法/规则，用于复用审计经验、生成疑点线索和核查程序。,文章案例文本；审计事项清单；问题线索台账；审计证据资料；内控制度；会计凭证；工作底稿；整改台账；合同流水；授信审批,从标准出发：会计师事务所基础性标准体系建设的意义和关注点控制点、缺陷类型、责任环节、整改建议、复核状态,D:\openclaw-workspace\knowledge\11-杂志文献\四川注册会计师\008.从标准出发：会计师事务所基础性 标准体系建设的意义和关注点.md
MAGFIN-0006,层次分析法在投资决策中的运用案例检测算法#0006,杂志案例算法,algorithm,P1,L3,金融审计 / 国企审计 / 监督检查与经费舞弊,四川注册会计师/金融审计,案例规则,data_scout / contract_hound,四川注册会计师,层次分析法在投资决策中的运用,层次分析法在投资决策中的运用,风险,数据；指标；采购；资产；资金；会计,模型；指标；评价；评分；测算；分析；验证；研究；体系；路径；方法,基于杂志案例《层次分析法在投资决策中的运用》提炼“层次分析法在投资决策中的运用”审计算法/规则，用于复用审计经验、生成疑点线索和核查程序。,文章案例文本；审计事项清单；问题线索台账；审计证据资料；内控制度；会计凭证；工作底稿；整改台账；合同流水；授信审批,层次分析法在投资决策中的运用疑点清单、命中规则、风险等级、证据链、核查建议,D:\openclaw-workspace\knowledge\11-杂志文献\四川注册会计师\008.层次分析法在投资决策中的运用.md
MAGAGR-0004,浅析地方财税金融发展存在的问题及建议——以Y市为例案例检测算法,杂志案例算法,algorithm,P0,L3,农业农村审计 / 金融审计 / 财政与政府债务,四川注册会计师/农业农村审计,案例规则,data_scout / law_inspector,四川注册会计师,浅析地方财税金融发展存在的问题及建议——以Y市为例,浅析地方财税金融发展存在的问题及建议——以Y市为例,风险；绩效,数据；合同；支付；预算；指标；项目库；审批；绩效目标；资产；碳排放；申报；税收,指标；评价；关联；分析；研究；体系；机制；方法；数字化；大数据；人工智能,基于杂志案例《浅析地方财税金融发展存在的问题及建议——以Y市为例》提炼“浅析地方财税金融发展存在的问题及建议——以Y市为例”审计算法/规则，用于复用审计经验、生成疑点线索和核查程序。,文章案例文本；审计事项清单；问题线索台账；审计证据资料；预算指标表；财政支出明细；项目资金台账；纳税申报表；发票明细；税收优惠台账,浅析地方财税金融发展存在的问题及建议——以Y市为例疑点清单、命中规则、风险等级、证据链、核查建议,D:\openclaw-workspace\knowledge\11-杂志文献\四川注册会计师\008.浅析地方财税金融发展存在的问题及建议 ——以Y市为例.md
MAGENG-0002,对某一时段履行履约义务确认收入审计风险与应对案例检测算法,杂志案例算法,algorithm,P0,L3,工程与投资审计 / 招投标与政府采购 / 财政与政府债务,四川注册会计师/工程与投资审计,异常性,settlement_auditor / budget_estimator,四川注册会计师,对某一时段履行履约义务确认收入审计风险与应对,对某一时段履行履约义务确认收入审计风险与应对,风险；完整性；失真；错报,数据；清单；明细；合同；支付；预算；指标；报表；审批；结算；资产；会计,指标；比对；核查；识别；分析；勾稽；验证；审查；方法,基于杂志案例《对某一时段履行履约义务确认收入审计风险与应对》提炼“对某一时段履行履约义务确认收入审计风险与应对”审计算法/规则，用于复用审计经验、生成疑点线索和核查程序。,文章案例文本；审计事项清单；问题线索台账；审计证据资料；预算指标表；财政支出明细；项目资金台账；采购公告；投标文件；供应商信息,对某一时段履行履约义务确认收入审计风险与应对疑点清单、命中规则、风险等级、证据链、核查建议,D:\openclaw-workspace\knowledge\11-杂志文献\四川注册会计师\009.对某一时段履行履约义务确认收入审计风险与应对.md
MAGBUD-0002,政府采购中的财务风险防控与审计监督案例检测算法,杂志案例算法,algorithm,P0,L3,预算执行与财政管理 / 财政与政府债务 / 绩效评价,四川注册会计师/预算执行与财政管理,异常性,budget_estimator / data_scout,四川注册会计师,政府采购中的财务风险防控与审计监督,政府采购中的财务风险防控与审计监督,异常；风险；舞弊；虚假；重复；损失；串标；围标；内控；绩效；预警；漏洞,数据；台账；合同；凭证；支付；预算；指标；采购；招标；投标；申报；资金,算法；规则；指标；评价；穿透；关联；聚类；抽样；预警；识别；分析；审查,基于杂志案例《政府采购中的财务风险防控与审计监督》提炼“政府采购中的财务风险防控与审计监督”审计算法/规则，用于复用审计经验、生成疑点线索和核查程序。,文章案例文本；审计事项清单；问题线索台账；审计证据资料；预算指标表；财政支出明细；项目资金台账；绩效目标表；绩效评价指标；产出效果数据,政府采购中的财务风险防控与审计监督疑点清单、命中规则、风险等级、证据链、核查建议,D:\openclaw-workspace\knowledge\11-杂志文献\四川注册会计师\009.政府采购中的财务风险防控与审计监督.md
MAGDATA-0002,省注协第六届理事会信息化委员会第一次会议在成都召开证据模板包,杂志证据包,evidence_pack,P1,L2,全场景通用,四川注册会计师/全场景通用,案例证据,data_scout / workpaper_crafter,四川注册会计师,省注协第六届理事会信息化委员会第一次会议在成都召开,省注协第六届理事会信息化委员会第一次会议在成都召开,,数据；会计,分析；研究；路径；数字化,基于杂志案例《省注协第六届理事会信息化委员会第一次会议在成都召开》提炼“省注协第六届理事会信息化委员会第一次会议在成都召开”审计算法/规则，用于复用审计经验、生成疑点线索和核查程序。,文章案例文本；审计事项清单；问题线索台账；审计证据资料；数据相关数据；会计相关数据,省注协第六届理事会信息化委员会第一次会议在成都召开案例标签、风险词、数据词、核查程序、底稿证据索引,D:\openclaw-workspace\knowledge\11-杂志文献\四川注册会计师\009.省注协第六届理事会信息化委员会 第一次会议在成都召开.md
MAGSUPV-0015,社会审计助力国家审计的方法与路径研究案例检测算法,杂志案例算法,algorithm,P0,L3,监督检查与经费舞弊 / 全场景通用 / 金融审计,四川注册会计师/监督检查与经费舞弊,案例规则,review_sentinel / data_scout,四川注册会计师,社会审计助力国家审计的方法与路径研究,社会审计助力国家审计的方法与路径研究,风险；重复；真实性；绩效,数据；支付；预算；问卷；样本；报表；采购；资产；资金；会计；审计报告,模型；评价；评分；穿透；关联；识别；分析；验证；研究；体系；路径；机制,基于杂志案例《社会审计助力国家审计的方法与路径研究》提炼“社会审计助力国家审计的方法与路径研究”审计算法/规则，用于复用审计经验、生成疑点线索和核查程序。,文章案例文本；审计事项清单；问题线索台账；审计证据资料；内控制度；会计凭证；工作底稿；整改台账；合同流水；授信审批,社会审计助力国家审计的方法与路径研究疑点清单、命中规则、风险等级、证据链、核查建议,D:\openclaw-workspace\knowledge\11-杂志文献\四川注册会计师\009.社会审计助力国家审计的方法与路径研究.md
MAGSUPV-0016,2025年“注协杯”四川省大学生会计技能大赛圆满落幕案例检测算法,杂志案例算法,algorithm,P1,L3,监督检查与经费舞弊 / 全场景通用 / 金融审计,四川注册会计师/监督检查与经费舞弊,案例规则,review_sentinel / data_scout,四川注册会计师,2025年“注协杯”四川省大学生会计技能大赛圆满落幕,2025年“注协杯”四川省大学生会计技能大赛圆满落幕,,数据；会计,分析；数字化,基于杂志案例《2025年“注协杯”四川省大学生会计技能大赛圆满落幕》提炼“2025年“注协杯”四川省大学生会计技能大赛圆满落幕”审计算法/规则，用于复用审计经验、生成疑点线索和核查程序。,文章案例文本；审计事项清单；问题线索台账；审计证据资料；内控制度；会计凭证；工作底稿；整改台账；合同流水；授信审批,2025年“注协杯”四川省大学生会计技能大赛圆满落幕疑点清单、命中规则、风险等级、证据链、核查建议,D:\openclaw-workspace\knowledge\11-杂志文献\四川注册会计师\010.2025年“注协杯”四川省大学生会计技能大赛圆满落幕.md
MAGSUPV-0017,以风险为导向以一体化为基石案例检测算法,杂志案例算法,algorithm,P0,L3,监督检查与经费舞弊 / 全场景通用 / 金融审计,四川注册会计师/监督检查与经费舞弊,异常性,review_sentinel / data_scout,四川注册会计师,以风险为导向以一体化为基石,以风险为导向以一体化为基石,异常；风险；舞弊；重复；预警,数据；审批；会计,评价；预警；识别；分析；研究；体系；机制,基于杂志案例《以风险为导向以一体化为基石》提炼“以风险为导向以一体化为基石”审计算法/规则，用于复用审计经验、生成疑点线索和核查程序。,文章案例文本；审计事项清单；问题线索台账；审计证据资料；内控制度；会计凭证；工作底稿；整改台账；合同流水；授信审批,以风险为导向以一体化为基石疑点清单、命中规则、风险等级、证据链、核查建议,D:\openclaw-workspace\knowledge\11-杂志文献\四川注册会计师\010.以风险为导向以一体化为基石.md
MAGSUPV-0018,四川注协做好“五个坚持”全力助推行业高质量发展案例检测算法,杂志案例算法,algorithm,P0,L3,监督检查与经费舞弊 / 全场景通用 / 金融审计,四川注册会计师/监督检查与经费舞弊,真实性,review_sentinel / data_scout,四川注册会计师,四川注协做好“五个坚持”全力助推行业高质量发展,四川注协做好“五个坚持”全力助推行业高质量发展,违规；风险；缺陷,数据；清单；明细；合同；指标；问卷；报表；资产；资金；会计；审计报告,指标；评价；分析；验证；研究；体系；路径；机制；方法；数字化,基于杂志案例《四川注协做好“五个坚持”全力助推行业高质量发展》提炼“四川注协做好“五个坚持”全力助推行业高质量发展”审计算法/规则，用于复用审计经验、生成疑点线索和核查程序。,文章案例文本；审计事项清单；问题线索台账；审计证据资料；内控制度；会计凭证；工作底稿；整改台账；合同流水；授信审批,四川注协做好“五个坚持”全力助推行业高质量发展疑点清单、命中规则、风险等级、证据链、核查建议,D:\openclaw-workspace\knowledge\11-杂志文献\四川注册会计师\010.四川注协做好“五个坚持”全力助推行业高质量发展.md
MAGAGR-0005,深化经济责任审计：筑牢权力运行监督与高质量发展的重要防线案例检测算法,杂志案例算法,algorithm,P0,L3,农业农村审计 / 金融审计 / 财政与政府债务,四川注册会计师/农业农村审计,真实性,data_scout / law_inspector,四川注册会计师,深化经济责任审计：筑牢权力运行监督与高质量发展的重要防线,深化经济责任审计：筑牢权力运行监督与高质量发展的重要防线,违规；异常；风险；超标；挪用；损失；真实性；绩效；预警；违法；漏洞；腐败,数据；清单；支付；预算；采购；资产；税收；资金；会计；审计报告；工作底稿,评价；关联；预警；识别；分析；验证；审查；体系；机制；方法；大数据；人工智能,基于杂志案例《深化经济责任审计：筑牢权力运行监督与高质量发展的重要防线》提炼“深化经济责任审计：筑牢权力运行监督与高质量发展的重要防线”审计算法/规则，用于复用审计经验、生成疑点线索和核查程序。,文章案例文本；审计事项清单；问题线索台账；审计证据资料；预算指标表；财政支出明细；项目资金台账；内控制度；会计凭证；工作底稿,深化经济责任审计：筑牢权力运行监督与高质量发展的重要防线疑点清单、命中规则、风险等级、证据链、核查建议,D:\openclaw-workspace\knowledge\11-杂志文献\四川注册会计师\010.深化经济责任审计：筑牢权力运行监督与高质量发展的重要防线.md
MAGSUPV-0019,中注协提示会计师事务所在2025年年报审计业务中严格遵守独立性要求内控核查包,杂志内控包,control_pack,P1,L2,监督检查与经费舞弊 / 全场景通用 / 金融审计,四川注册会计师/监督检查与经费舞弊,内控缺陷,review_sentinel / data_scout,四川注册会计师,中注协提示会计师事务所在2025年年报审计业务中严格遵守独立性要求,中注协提示会计师事务所在2025年年报审计业务中严格遵守独立性要求,,报表；会计；审计报告,体系；机制,基于杂志案例《中注协提示会计师事务所在2025年年报审计业务中严格遵守独立性要求》提炼“中注协提示会计师事务所在2025年年报审计业务中严格遵守独立性要求”审计算法/规则，用于复用审计经验、生成疑点线索和核查程序。,文章案例文本；审计事项清单；问题线索台账；审计证据资料；内控制度；会计凭证；工作底稿；整改台账；合同流水；授信审批,中注协提示会计师事务所在2025年年报审计业务中严格遵守独立性要求控制点、缺陷类型、责任环节、整改建议、复核状态,D:\openclaw-workspace\knowledge\11-杂志文献\四川注册会计师\011.中注协提示会计师事务所在2025年年报审计业务中严格遵守独立性要求.md
MAGSUPV-0020,四川省注册会计师行业信息化建设现状与对策案例检测算法,杂志案例算法,algorithm,P1,L3,监督检查与经费舞弊 / 全场景通用 / 金融审计,四川注册会计师/监督检查与经费舞弊,案例规则,review_sentinel / data_scout,四川注册会计师,四川省注册会计师行业信息化建设现状与对策,四川省注册会计师行业信息化建设现状与对策,风险；舞弊；重复；预警,数据；凭证；报表；采购；资产；申报；资金；会计,模型；预警；识别；分析；体系；路径；机制；数字化；大数据；人工智能,基于杂志案例《四川省注册会计师行业信息化建设现状与对策》提炼“四川省注册会计师行业信息化建设现状与对策”审计算法/规则，用于复用审计经验、生成疑点线索和核查程序。,文章案例文本；审计事项清单；问题线索台账；审计证据资料；内控制度；会计凭证；工作底稿；整改台账；合同流水；授信审批,四川省注册会计师行业信息化建设现状与对策疑点清单、命中规则、风险等级、证据链、核查建议,D:\openclaw-workspace\knowledge\11-杂志文献\四川注册会计师\011.四川省注册会计师行业 信息化建设现状与对策.md
MAGSUPV-0021,国际会计师联合会理事会会议在北京召开证据模板包,杂志证据包,evidence_pack,P1,L2,监督检查与经费舞弊 / 全场景通用 / 金融审计,四川注册会计师/监督检查与经费舞弊,案例证据,review_sentinel / data_scout,四川注册会计师,国际会计师联合会理事会会议在北京召开,国际会计师联合会理事会会议在北京召开,,会计,研究；人工智能,基于杂志案例《国际会计师联合会理事会会议在北京召开》提炼“国际会计师联合会理事会会议在北京召开”审计算法/规则，用于复用审计经验、生成疑点线索和核查程序。,文章案例文本；审计事项清单；问题线索台账；审计证据资料；内控制度；会计凭证；工作底稿；整改台账；合同流水；授信审批,国际会计师联合会理事会会议在北京召开案例标签、风险词、数据词、核查程序、底稿证据索引,D:\openclaw-workspace\knowledge\11-杂志文献\四川注册会计师\011.国际会计师联合会理事会会议在北京召开.md
MAGFIN-0007,掩盖资金占用实施财务造假后积极主动供述监管对惠伦晶体案拟从轻罚款合计11证据模板包,杂志证据包,evidence_pack,P1,L2,金融审计 / 国企审计 / 监督检查与经费舞弊,四川注册会计师/金融审计,案例证据,data_scout / contract_hound,四川注册会计师,掩盖资金占用实施财务造假后积极主动供述监管对惠伦晶体案拟从轻罚款合计1140万,掩盖资金占用实施财务造假后积极主动供述监管对惠伦晶体案拟从轻罚款合计11,虚假；违法,支付；采购；资产；资金；会计,关联,基于杂志案例《掩盖资金占用实施财务造假后积极主动供述监管对惠伦晶体案拟从轻罚款合计1140万》提炼“掩盖资金占用实施财务造假后积极主动供述监管对惠伦晶体案拟从轻罚款合计11”审计算法/规则，用于复用审计经验、生成疑点线索和核查程序。,文章案例文本；审计事项清单；问题线索台账；审计证据资料；内控制度；会计凭证；工作底稿；整改台账；合同流水；授信审批,掩盖资金占用实施财务造假后积极主动供述监管对惠伦晶体案拟从轻罚款合计11案例标签、风险词、数据词、核查程序、底稿证据索引,D:\openclaw-workspace\knowledge\11-杂志文献\四川注册会计师\011.掩盖资金占用实施财务造假后积极主动供述监管对惠伦晶体案拟从轻罚款合计1140万.md
MAGSUPV-0022,省注协发布2025年会计师事务所综合评价前百家信息及分类情况证据模板包,杂志证据包,evidence_pack,P1,L2,监督检查与经费舞弊 / 全场景通用 / 金融审计,四川注册会计师/监督检查与经费舞弊,案例证据,review_sentinel / data_scout,四川注册会计师,省注协发布2025年会计师事务所综合评价前百家信息及分类情况,省注协发布2025年会计师事务所综合评价前百家信息及分类情况,,数据；指标；会计,指标；评价,基于杂志案例《省注协发布2025年会计师事务所综合评价前百家信息及分类情况》提炼“省注协发布2025年会计师事务所综合评价前百家信息及分类情况”审计算法/规则，用于复用审计经验、生成疑点线索和核查程序。,文章案例文本；审计事项清单；问题线索台账；审计证据资料；内控制度；会计凭证；工作底稿；整改台账；合同流水；授信审批,省注协发布2025年会计师事务所综合评价前百家信息及分类情况案例标签、风险词、数据词、核查程序、底稿证据索引,D:\openclaw-workspace\knowledge\11-杂志文献\四川注册会计师\012.省注协发布2025年会计师事务所综合评价前百家信息及分类情况.md
MAGSUPV-0023,省注协约谈会计师事务所警示印章管理问题证据模板包,杂志证据包,evidence_pack,P1,L2,监督检查与经费舞弊 / 全场景通用 / 金融审计,四川注册会计师/监督检查与经费舞弊,案例证据,review_sentinel / data_scout,四川注册会计师,省注协约谈会计师事务所警示印章管理问题,省注协约谈会计师事务所警示印章管理问题,违规；风险；漏洞,会计；审计报告,,基于杂志案例《省注协约谈会计师事务所警示印章管理问题》提炼“省注协约谈会计师事务所警示印章管理问题”审计算法/规则，用于复用审计经验、生成疑点线索和核查程序。,文章案例文本；审计事项清单；问题线索台账；审计证据资料；内控制度；会计凭证；工作底稿；整改台账；合同流水；授信审批,省注协约谈会计师事务所警示印章管理问题案例标签、风险词、数据词、核查程序、底稿证据索引,D:\openclaw-workspace\knowledge\11-杂志文献\四川注册会计师\012.省注协约谈会计师事务所警示印章管理问题.md
MAGSUPV-0024,筑梦绿茵共育黄般中心小学足球未来证据模板包,杂志证据包,evidence_pack,P1,L2,监督检查与经费舞弊 / 全场景通用 / 金融审计,四川注册会计师/监督检查与经费舞弊,案例证据,review_sentinel / data_scout,四川注册会计师,筑梦绿茵共育黄般中心小学足球未来,筑梦绿茵共育黄般中心小学足球未来,,会计,,基于杂志案例《筑梦绿茵共育黄般中心小学足球未来》提炼“筑梦绿茵共育黄般中心小学足球未来”审计算法/规则，用于复用审计经验、生成疑点线索和核查程序。,文章案例文本；审计事项清单；问题线索台账；审计证据资料；内控制度；会计凭证；工作底稿；整改台账；合同流水；授信审批,筑梦绿茵共育黄般中心小学足球未来案例标签、风险词、数据词、核查程序、底稿证据索引,D:\openclaw-workspace\knowledge\11-杂志文献\四川注册会计师\012.筑梦绿茵共育黄般中心小学足球未来.md
MAGSUPV-0025,信永中和会计师事务所成都分所党委组织开展警示教育主题党日活动证据模板包,杂志证据包,evidence_pack,P1,L2,监督检查与经费舞弊 / 全场景通用 / 金融审计,四川注册会计师/监督检查与经费舞弊,案例证据,review_sentinel / data_scout,四川注册会计师,信永中和会计师事务所成都分所党委组织开展警示教育主题党日活动,信永中和会计师事务所成都分所党委组织开展警示教育主题党日活动,违规；风险,会计,,基于杂志案例《信永中和会计师事务所成都分所党委组织开展警示教育主题党日活动》提炼“信永中和会计师事务所成都分所党委组织开展警示教育主题党日活动”审计算法/规则，用于复用审计经验、生成疑点线索和核查程序。,文章案例文本；审计事项清单；问题线索台账；审计证据资料；内控制度；会计凭证；工作底稿；整改台账；合同流水；授信审批,信永中和会计师事务所成都分所党委组织开展警示教育主题党日活动案例标签、风险词、数据词、核查程序、底稿证据索引,D:\openclaw-workspace\knowledge\11-杂志文献\四川注册会计师\013.信永中和会计师事务所成都分所党委组织开展警示教育主题党日活动.md
MAGSUPV-0026,我省行业会计知识大赛颁奖仪式顺利举办证据模板包,杂志证据包,evidence_pack,P1,L2,监督检查与经费舞弊 / 全场景通用 / 金融审计,四川注册会计师/监督检查与经费舞弊,案例证据,review_sentinel / data_scout,四川注册会计师,我省行业会计知识大赛颁奖仪式顺利举办,我省行业会计知识大赛颁奖仪式顺利举办,,会计,,基于杂志案例《我省行业会计知识大赛颁奖仪式顺利举办》提炼“我省行业会计知识大赛颁奖仪式顺利举办”审计算法/规则，用于复用审计经验、生成疑点线索和核查程序。,文章案例文本；审计事项清单；问题线索台账；审计证据资料；内控制度；会计凭证；工作底稿；整改台账；合同流水；授信审批,我省行业会计知识大赛颁奖仪式顺利举办案例标签、风险词、数据词、核查程序、底稿证据索引,D:\openclaw-workspace\knowledge\11-杂志文献\四川注册会计师\013.我省行业会计知识大赛颁奖仪式顺利举办.md
MAGSUPV-0027,省注会中心不断加强行业数据资产业务能力的提升内控核查包,杂志内控包,control_pack,P1,L2,监督检查与经费舞弊 / 全场景通用 / 金融审计,四川注册会计师/监督检查与经费舞弊,内控缺陷,review_sentinel / data_scout,四川注册会计师,省注会中心不断加强行业数据资产业务能力的提升,省注会中心不断加强行业数据资产业务能力的提升,,数据；资产；会计,体系,基于杂志案例《省注会中心不断加强行业数据资产业务能力的提升》提炼“省注会中心不断加强行业数据资产业务能力的提升”审计算法/规则，用于复用审计经验、生成疑点线索和核查程序。,文章案例文本；审计事项清单；问题线索台账；审计证据资料；内控制度；会计凭证；工作底稿；整改台账；合同流水；授信审批,省注会中心不断加强行业数据资产业务能力的提升控制点、缺陷类型、责任环节、整改建议、复核状态,D:\openclaw-workspace\knowledge\11-杂志文献\四川注册会计师\013.省注会中心不断加强行业数据资产业务能力的提升.md
MAGSOC-0005,省注协与成都锦城学院财会学院开展座谈交流证据模板包,杂志证据包,evidence_pack,P1,L2,民生与社保医保 / 预算执行与财政管理 / 招投标与政府采购,四川注册会计师/民生与社保医保,案例证据,data_scout / performance_evaluator,四川注册会计师,省注协与成都锦城学院财会学院开展座谈交流,省注协与成都锦城学院财会学院开展座谈交流,,会计,研究；数字化,基于杂志案例《省注协与成都锦城学院财会学院开展座谈交流》提炼“省注协与成都锦城学院财会学院开展座谈交流”审计算法/规则，用于复用审计经验、生成疑点线索和核查程序。,文章案例文本；审计事项清单；问题线索台账；审计证据资料；预算指标表；财政支出明细；项目资金台账；采购公告；投标文件；供应商信息,省注协与成都锦城学院财会学院开展座谈交流案例标签、风险词、数据词、核查程序、底稿证据索引,D:\openclaw-workspace\knowledge\11-杂志文献\四川注册会计师\013.省注协与成都锦城学院财会学院开展座谈交流.md
MAGSUPV-0028,以史为鉴守初心廉洁执业担使命证据模板包,杂志证据包,evidence_pack,P1,L2,监督检查与经费舞弊 / 全场景通用 / 金融审计,四川注册会计师/监督检查与经费舞弊,案例证据,review_sentinel / data_scout,四川注册会计师,以史为鉴守初心廉洁执业担使命,以史为鉴守初心廉洁执业担使命,风险,会计,,基于杂志案例《以史为鉴守初心廉洁执业担使命》提炼“以史为鉴守初心廉洁执业担使命”审计算法/规则，用于复用审计经验、生成疑点线索和核查程序。,文章案例文本；审计事项清单；问题线索台账；审计证据资料；内控制度；会计凭证；工作底稿；整改台账；合同流水；授信审批,以史为鉴守初心廉洁执业担使命案例标签、风险词、数据词、核查程序、底稿证据索引,D:\openclaw-workspace\knowledge\11-杂志文献\四川注册会计师\014.以史为鉴守初心廉洁执业担使命.md
MAGAGR-0006,在深化改革开放中激发高质量发展动力活力案例检测算法,杂志案例算法,algorithm,P1,L3,农业农村审计 / 金融审计 / 财政与政府债务,四川注册会计师/农业农村审计,真实性,data_scout / law_inspector,四川注册会计师,在深化改革开放中激发高质量发展动力活力,在深化改革开放中激发高质量发展动力活力,风险；预警；隐患,指标；能耗；会计,规则；指标；预警；审查；研究；体系；路径；机制；方法；数字化；人工智能,基于杂志案例《在深化改革开放中激发高质量发展动力活力》提炼“在深化改革开放中激发高质量发展动力活力”审计算法/规则，用于复用审计经验、生成疑点线索和核查程序。,文章案例文本；审计事项清单；问题线索台账；审计证据资料；预算指标表；财政支出明细；项目资金台账；合同流水；授信审批；还款记录,在深化改革开放中激发高质量发展动力活力疑点清单、命中规则、风险等级、证据链、核查建议,D:\openclaw-workspace\knowledge\11-杂志文献\四川注册会计师\014.在深化改革开放中激发高质量发展动力活力.md
MAGSUPV-0029,省注协一月份主要工作动态案例检测算法,杂志案例算法,algorithm,P1,L3,监督检查与经费舞弊 / 全场景通用 / 金融审计,四川注册会计师/监督检查与经费舞弊,案例规则,review_sentinel / data_scout,四川注册会计师,省注协一月份主要工作动态,省注协一月份主要工作动态,,数据；清单；合同；问卷；申报；会计,数字化,基于杂志案例《省注协一月份主要工作动态》提炼“省注协一月份主要工作动态”审计算法/规则，用于复用审计经验、生成疑点线索和核查程序。,文章案例文本；审计事项清单；问题线索台账；审计证据资料；内控制度；会计凭证；工作底稿；整改台账；合同流水；授信审批,省注协一月份主要工作动态疑点清单、命中规则、风险等级、证据链、核查建议,D:\openclaw-workspace\knowledge\11-杂志文献\四川注册会计师\014.省注协一月份主要工作动态.md
MAGSUPV-0030,省注协召开行业数字化共享平台软件产品推介会证据模板包,杂志证据包,evidence_pack,P1,L4,监督检查与经费舞弊 / 全场景通用 / 金融审计,四川注册会计师/监督检查与经费舞弊,案例证据,review_sentinel / data_scout,四川注册会计师,省注协召开行业数字化共享平台软件产品推介会,省注协召开行业数字化共享平台软件产品推介会,,会计,数字化,基于杂志案例《省注协召开行业数字化共享平台软件产品推介会》提炼“省注协召开行业数字化共享平台软件产品推介会”审计算法/规则，用于复用审计经验、生成疑点线索和核查程序。,文章案例文本；审计事项清单；问题线索台账；审计证据资料；内控制度；会计凭证；工作底稿；整改台账；合同流水；授信审批,省注协召开行业数字化共享平台软件产品推介会案例标签、风险词、数据词、核查程序、底稿证据索引,D:\openclaw-workspace\knowledge\11-杂志文献\四川注册会计师\014.省注协召开行业数字化共享平台软件产品推介会.md
MAGSUPV-0031,三大新态势凸显监管加码打击财务造假案例检测算法,杂志案例算法,algorithm,P1,L3,监督检查与经费舞弊 / 全场景通用 / 金融审计,四川注册会计师/监督检查与经费舞弊,真实性,review_sentinel / data_scout,四川注册会计师,三大新态势凸显监管加码打击财务造假,三大新态势凸显监管加码打击财务造假,违规；异常；风险；虚假；损失；预警；违法,数据；合同；指标；资产；会计,指标；评价；预警；监测；识别；研究；体系；机制；大数据；人工智能,基于杂志案例《三大新态势凸显监管加码打击财务造假》提炼“三大新态势凸显监管加码打击财务造假”审计算法/规则，用于复用审计经验、生成疑点线索和核查程序。,文章案例文本；审计事项清单；问题线索台账；审计证据资料；内控制度；会计凭证；工作底稿；整改台账；合同流水；授信审批,三大新态势凸显监管加码打击财务造假疑点清单、命中规则、风险等级、证据链、核查建议,D:\openclaw-workspace\knowledge\11-杂志文献\四川注册会计师\015.三大新态势凸显监管加码打击财务造假.md
MAGSUPV-0032,以案为鉴知敬畏警钟长鸣筑防线内控核查包,杂志内控包,control_pack,P1,L2,监督检查与经费舞弊 / 全场景通用 / 金融审计,四川注册会计师/监督检查与经费舞弊,内控缺陷,review_sentinel / data_scout,四川注册会计师,以案为鉴知敬畏警钟长鸣筑防线,以案为鉴知敬畏警钟长鸣筑防线,违规；违法,会计,,基于杂志案例《以案为鉴知敬畏警钟长鸣筑防线》提炼“以案为鉴知敬畏警钟长鸣筑防线”审计算法/规则，用于复用审计经验、生成疑点线索和核查程序。,文章案例文本；审计事项清单；问题线索台账；审计证据资料；内控制度；会计凭证；工作底稿；整改台账；合同流水；授信审批,以案为鉴知敬畏警钟长鸣筑防线控制点、缺陷类型、责任环节、整改建议、复核状态,D:\openclaw-workspace\knowledge\11-杂志文献\四川注册会计师\015.以案为鉴知敬畏警钟长鸣筑防线.md
MAGSUPV-0033,注册会计师行业“十四五”规划实施评估报告案例检测算法,杂志案例算法,algorithm,P0,L3,监督检查与经费舞弊 / 全场景通用 / 金融审计,四川注册会计师/监督检查与经费舞弊,案例规则,review_sentinel / data_scout,四川注册会计师,注册会计师行业“十四五”规划实施评估报告,注册会计师行业“十四五”规划实施评估报告,违规；风险；舞弊；虚假；绩效；预警；违法,数据；指标；报表；资产；资金；会计；审计报告,指标；评价；核查；预警；监测；识别；分析；验证；研究；体系；路径；机制,基于杂志案例《注册会计师行业“十四五”规划实施评估报告》提炼“注册会计师行业“十四五”规划实施评估报告”审计算法/规则，用于复用审计经验、生成疑点线索和核查程序。,文章案例文本；审计事项清单；问题线索台账；审计证据资料；内控制度；会计凭证；工作底稿；整改台账；合同流水；授信审批,注册会计师行业“十四五”规划实施评估报告疑点清单、命中规则、风险等级、证据链、核查建议,D:\openclaw-workspace\knowledge\11-杂志文献\四川注册会计师\015.注册会计师行业“十四五”规划实施评估报告.md
MAGDATA-0003,省注协召开二届三次监事会会议证据模板包,杂志证据包,evidence_pack,P1,L2,全场景通用,四川注册会计师/全场景通用,案例证据,data_scout / workpaper_crafter,四川注册会计师,省注协召开二届三次监事会会议,省注协召开二届三次监事会会议,,会计,研究,基于杂志案例《省注协召开二届三次监事会会议》提炼“省注协召开二届三次监事会会议”审计算法/规则，用于复用审计经验、生成疑点线索和核查程序。,文章案例文本；审计事项清单；问题线索台账；审计证据资料；会计相关数据,省注协召开二届三次监事会会议案例标签、风险词、数据词、核查程序、底稿证据索引,D:\openclaw-workspace\knowledge\11-杂志文献\四川注册会计师\015.省注协召开二届三次监事会会议.md
MAGSUPV-0034,中国会计报》会计师事务所透明度建设迈出关键一步案例检测算法,杂志案例算法,algorithm,P1,L3,监督检查与经费舞弊 / 全场景通用 / 金融审计,四川注册会计师/监督检查与经费舞弊,案例规则,review_sentinel / data_scout,四川注册会计师,《中国会计报》会计师事务所透明度建设迈出关键一步,中国会计报》会计师事务所透明度建设迈出关键一步,异常；风险,清单；会计,规则；评价；比对；核查；识别；分析；验证；研究；体系；路径；机制；数字化,基于杂志案例《《中国会计报》会计师事务所透明度建设迈出关键一步》提炼“中国会计报》会计师事务所透明度建设迈出关键一步”审计算法/规则，用于复用审计经验、生成疑点线索和核查程序。,文章案例文本；审计事项清单；问题线索台账；审计证据资料；内控制度；会计凭证；工作底稿；整改台账；合同流水；授信审批,中国会计报》会计师事务所透明度建设迈出关键一步疑点清单、命中规则、风险等级、证据链、核查建议,D:\openclaw-workspace\knowledge\11-杂志文献\四川注册会计师\016.《中国会计报》会计师事务所透明度建设迈出关键一步.md
MAGSUPV-0035,寻访先贤故居浸润廉洁初心证据模板包,杂志证据包,evidence_pack,P1,L2,监督检查与经费舞弊 / 全场景通用 / 金融审计,四川注册会计师/监督检查与经费舞弊,案例证据,review_sentinel / data_scout,四川注册会计师,寻访先贤故居浸润廉洁初心,寻访先贤故居浸润廉洁初心,风险,会计,穿透；路径,基于杂志案例《寻访先贤故居浸润廉洁初心》提炼“寻访先贤故居浸润廉洁初心”审计算法/规则，用于复用审计经验、生成疑点线索和核查程序。,文章案例文本；审计事项清单；问题线索台账；审计证据资料；内控制度；会计凭证；工作底稿；整改台账；合同流水；授信审批,寻访先贤故居浸润廉洁初心案例标签、风险词、数据词、核查程序、底稿证据索引,D:\openclaw-workspace\knowledge\11-杂志文献\四川注册会计师\016.寻访先贤故居浸润廉洁初心.md
MAGDATA-0004,盛世阅兵展风采抗战精神永流传证据模板包,杂志证据包,evidence_pack,P1,L2,全场景通用,四川注册会计师/全场景通用,案例证据,data_scout / workpaper_crafter,四川注册会计师,盛世阅兵展风采抗战精神永流传,盛世阅兵展风采抗战精神永流传,,会计,,基于杂志案例《盛世阅兵展风采抗战精神永流传》提炼“盛世阅兵展风采抗战精神永流传”审计算法/规则，用于复用审计经验、生成疑点线索和核查程序。,文章案例文本；审计事项清单；问题线索台账；审计证据资料；会计相关数据,盛世阅兵展风采抗战精神永流传案例标签、风险词、数据词、核查程序、底稿证据索引,D:\openclaw-workspace\knowledge\11-杂志文献\四川注册会计师\016.盛世阅兵展风采抗战精神永流传.md
MAGTAX-0003,省注协监事会与省税协监事会开展座谈交流证据模板包,杂志证据包,evidence_pack,P1,L2,税务审计 / 预算执行与财政管理 / 财政与政府债务,四川注册会计师/税务审计,案例证据,data_scout / law_inspector,四川注册会计师,省注协监事会与省税协监事会开展座谈交流,省注协监事会与省税协监事会开展座谈交流,,会计,体系；机制,基于杂志案例《省注协监事会与省税协监事会开展座谈交流》提炼“省注协监事会与省税协监事会开展座谈交流”审计算法/规则，用于复用审计经验、生成疑点线索和核查程序。,文章案例文本；审计事项清单；问题线索台账；审计证据资料；预算指标表；财政支出明细；项目资金台账；纳税申报表；发票明细；税收优惠台账,省注协监事会与省税协监事会开展座谈交流案例标签、风险词、数据词、核查程序、底稿证据索引,D:\openclaw-workspace\knowledge\11-杂志文献\四川注册会计师\016.省注协监事会与省税协监事会开展座谈交流.md
MAGSUPV-0036,四川华光会计师事务所赴米易廉政文化主题公园开展警示教育活动证据模板包,杂志证据包,evidence_pack,P1,L2,监督检查与经费舞弊 / 全场景通用 / 金融审计,四川注册会计师/监督检查与经费舞弊,案例证据,review_sentinel / data_scout,四川注册会计师,四川华光会计师事务所赴米易廉政文化主题公园开展警示教育活动,四川华光会计师事务所赴米易廉政文化主题公园开展警示教育活动,违规；风险；损失,资产；会计,,基于杂志案例《四川华光会计师事务所赴米易廉政文化主题公园开展警示教育活动》提炼“四川华光会计师事务所赴米易廉政文化主题公园开展警示教育活动”审计算法/规则，用于复用审计经验、生成疑点线索和核查程序。,文章案例文本；审计事项清单；问题线索台账；审计证据资料；内控制度；会计凭证；工作底稿；整改台账；合同流水；授信审批,四川华光会计师事务所赴米易廉政文化主题公园开展警示教育活动案例标签、风险词、数据词、核查程序、底稿证据索引,D:\openclaw-workspace\knowledge\11-杂志文献\四川注册会计师\017.四川华光会计师事务所赴米易廉政文化主题公园开展警示教育活动.md
MAGSUPV-0037,四川省注册会计师行业组织观看阅兵仪式集锦内控核查包,杂志内控包,control_pack,P1,L2,监督检查与经费舞弊 / 全场景通用 / 金融审计,四川注册会计师/监督检查与经费舞弊,内控缺陷,review_sentinel / data_scout,四川注册会计师,四川省注册会计师行业组织观看阅兵仪式集锦,四川省注册会计师行业组织观看阅兵仪式集锦,,数据；会计,,基于杂志案例《四川省注册会计师行业组织观看阅兵仪式集锦》提炼“四川省注册会计师行业组织观看阅兵仪式集锦”审计算法/规则，用于复用审计经验、生成疑点线索和核查程序。,文章案例文本；审计事项清单；问题线索台账；审计证据资料；内控制度；会计凭证；工作底稿；整改台账；合同流水；授信审批,四川省注册会计师行业组织观看阅兵仪式集锦控制点、缺陷类型、责任环节、整改建议、复核状态,D:\openclaw-workspace\knowledge\11-杂志文献\四川注册会计师\017.四川省注册会计师行业组织观看阅兵仪式集锦.md
MAGSOC-0006,德阳市注会行业党总支组织开展“传承家珍精神以红色教育助发展”主题党日活动证据模板包,杂志证据包,evidence_pack,P1,L2,民生与社保医保 / 预算执行与财政管理 / 招投标与政府采购,四川注册会计师/民生与社保医保,案例证据,data_scout / performance_evaluator,四川注册会计师,德阳市注会行业党总支组织开展“传承家珍精神以红色教育助发展”主题党日活动,德阳市注会行业党总支组织开展“传承家珍精神以红色教育助发展”主题党日活动,,会计,路径,基于杂志案例《德阳市注会行业党总支组织开展“传承家珍精神以红色教育助发展”主题党日活动》提炼“德阳市注会行业党总支组织开展“传承家珍精神以红色教育助发展”主题党日活动”审计算法/规则，用于复用审计经验、生成疑点线索和核查程序。,文章案例文本；审计事项清单；问题线索台账；审计证据资料；预算指标表；财政支出明细；项目资金台账；采购公告；投标文件；供应商信息,德阳市注会行业党总支组织开展“传承家珍精神以红色教育助发展”主题党日活动案例标签、风险词、数据词、核查程序、底稿证据索引,D:\openclaw-workspace\knowledge\11-杂志文献\四川注册会计师\017.德阳市注会行业党总支组织开展“传承家珍精神以红色教育助发展”主题党日活动.md
MAGDATA-0005,017巾帼聚力担使命行业妇联绽芳华证据模板包,杂志证据包,evidence_pack,P1,L2,全场景通用,四川注册会计师/全场景通用,案例证据,data_scout / workpaper_crafter,四川注册会计师,017巾帼聚力担使命行业妇联绽芳华,017巾帼聚力担使命行业妇联绽芳华,,会计,体系；机制,基于杂志案例《017巾帼聚力担使命行业妇联绽芳华》提炼“017巾帼聚力担使命行业妇联绽芳华”审计算法/规则，用于复用审计经验、生成疑点线索和核查程序。,文章案例文本；审计事项清单；问题线索台账；审计证据资料；会计相关数据,017巾帼聚力担使命行业妇联绽芳华案例标签、风险词、数据词、核查程序、底稿证据索引,D:\openclaw-workspace\knowledge\11-杂志文献\四川注册会计师\017巾帼聚力担使命行业妇联绽芳华.md
MAGSUPV-0038,党建引领聚合力校企共建促发展内控核查包,杂志内控包,control_pack,P1,L2,监督检查与经费舞弊 / 全场景通用 / 金融审计,四川注册会计师/监督检查与经费舞弊,内控缺陷,review_sentinel / data_scout,四川注册会计师,党建引领聚合力校企共建促发展,党建引领聚合力校企共建促发展,违规；风险；损失,资产；会计,,基于杂志案例《党建引领聚合力校企共建促发展》提炼“党建引领聚合力校企共建促发展”审计算法/规则，用于复用审计经验、生成疑点线索和核查程序。,文章案例文本；审计事项清单；问题线索台账；审计证据资料；内控制度；会计凭证；工作底稿；整改台账；合同流水；授信审批,党建引领聚合力校企共建促发展控制点、缺陷类型、责任环节、整改建议、复核状态,D:\openclaw-workspace\knowledge\11-杂志文献\四川注册会计师\018.党建引领聚合力校企共建促发展.md
MAGSUPV-0039,四川众益会计师事务所开展从业人员应知应会专业知识考试证据模板包,杂志证据包,evidence_pack,P1,L2,监督检查与经费舞弊 / 全场景通用 / 金融审计,四川注册会计师/监督检查与经费舞弊,案例证据,review_sentinel / data_scout,四川注册会计师,四川众益会计师事务所开展从业人员应知应会专业知识考试,四川众益会计师事务所开展从业人员应知应会专业知识考试,,会计,分析,基于杂志案例《四川众益会计师事务所开展从业人员应知应会专业知识考试》提炼“四川众益会计师事务所开展从业人员应知应会专业知识考试”审计算法/规则，用于复用审计经验、生成疑点线索和核查程序。,文章案例文本；审计事项清单；问题线索台账；审计证据资料；内控制度；会计凭证；工作底稿；整改台账；合同流水；授信审批,四川众益会计师事务所开展从业人员应知应会专业知识考试案例标签、风险词、数据词、核查程序、底稿证据索引,D:\openclaw-workspace\knowledge\11-杂志文献\四川注册会计师\018.四川众益会计师事务所开展从业人员应知应会专业知识考试.md
MAGSUPV-0040,天健会计师事务所四川分所举办九三阅兵直播暨科技与军工行业财税专题研讨会内控核查包,杂志内控包,control_pack,P1,L2,监督检查与经费舞弊 / 全场景通用 / 金融审计,四川注册会计师/监督检查与经费舞弊,内控缺陷,review_sentinel / data_scout,四川注册会计师,天健会计师事务所四川分所举办九三阅兵直播暨科技与军工行业财税专题研讨会,天健会计师事务所四川分所举办九三阅兵直播暨科技与军工行业财税专题研讨会,风险；内控,会计,分析,基于杂志案例《天健会计师事务所四川分所举办九三阅兵直播暨科技与军工行业财税专题研讨会》提炼“天健会计师事务所四川分所举办九三阅兵直播暨科技与军工行业财税专题研讨会”审计算法/规则，用于复用审计经验、生成疑点线索和核查程序。,文章案例文本；审计事项清单；问题线索台账；审计证据资料；内控制度；会计凭证；工作底稿；整改台账；纳税申报表；发票明细,天健会计师事务所四川分所举办九三阅兵直播暨科技与军工行业财税专题研讨会控制点、缺陷类型、责任环节、整改建议、复核状态,D:\openclaw-workspace\knowledge\11-杂志文献\四川注册会计师\018.天健会计师事务所四川分所举办九三阅兵直播暨科技与军工行业财税专题研讨会.md
MAGSUPV-0041,锦旗寄深情服务暖人心证据模板包,杂志证据包,evidence_pack,P1,L2,监督检查与经费舞弊 / 全场景通用 / 金融审计,四川注册会计师/监督检查与经费舞弊,案例证据,review_sentinel / data_scout,四川注册会计师,锦旗寄深情服务暖人心,锦旗寄深情服务暖人心,,会计,,基于杂志案例《锦旗寄深情服务暖人心》提炼“锦旗寄深情服务暖人心”审计算法/规则，用于复用审计经验、生成疑点线索和核查程序。,文章案例文本；审计事项清单；问题线索台账；审计证据资料；内控制度；会计凭证；工作底稿；整改台账；合同流水；授信审批,锦旗寄深情服务暖人心案例标签、风险词、数据词、核查程序、底稿证据索引,D:\openclaw-workspace\knowledge\11-杂志文献\四川注册会计师\018.锦旗寄深情服务暖人心.md
MAGSUPV-0042,党建引领聚合力校企共建促发展内控核查包#0042,杂志内控包,control_pack,P1,L2,监督检查与经费舞弊 / 全场景通用 / 金融审计,四川注册会计师/监督检查与经费舞弊,内控缺陷,review_sentinel / data_scout,四川注册会计师,党建引领聚合力校企共建促发展,党建引领聚合力校企共建促发展,,会计,研究；路径,基于杂志案例《党建引领聚合力校企共建促发展》提炼“党建引领聚合力校企共建促发展”审计算法/规则，用于复用审计经验、生成疑点线索和核查程序。,文章案例文本；审计事项清单；问题线索台账；审计证据资料；内控制度；会计凭证；工作底稿；整改台账；合同流水；授信审批,党建引领聚合力校企共建促发展控制点、缺陷类型、责任环节、整改建议、复核状态,D:\openclaw-workspace\knowledge\11-杂志文献\四川注册会计师\019.党建引领聚合力校企共建促发展.md
MAGSUPV-0043,四川省注册会计师行业扎实开展警示教育活动证据模板包,杂志证据包,evidence_pack,P1,L2,监督检查与经费舞弊 / 全场景通用 / 金融审计,四川注册会计师/监督检查与经费舞弊,案例证据,review_sentinel / data_scout,四川注册会计师,四川省注册会计师行业扎实开展警示教育活动,四川省注册会计师行业扎实开展警示教育活动,违规；风险；腐败,会计,机制,基于杂志案例《四川省注册会计师行业扎实开展警示教育活动》提炼“四川省注册会计师行业扎实开展警示教育活动”审计算法/规则，用于复用审计经验、生成疑点线索和核查程序。,文章案例文本；审计事项清单；问题线索台账；审计证据资料；内控制度；会计凭证；工作底稿；整改台账；合同流水；授信审批,四川省注册会计师行业扎实开展警示教育活动案例标签、风险词、数据词、核查程序、底稿证据索引,D:\openclaw-workspace\knowledge\11-杂志文献\四川注册会计师\019.四川省注册会计师行业扎实开展警示教育活动.md
MAGSUPV-0044,瑞马迎新启新章凝心聚力向未来内控核查包,杂志内控包,control_pack,P1,L2,监督检查与经费舞弊 / 全场景通用 / 金融审计,四川注册会计师/监督检查与经费舞弊,内控缺陷,review_sentinel / data_scout,四川注册会计师,瑞马迎新启新章凝心聚力向未来,瑞马迎新启新章凝心聚力向未来,,清单；资产；会计,,基于杂志案例《瑞马迎新启新章凝心聚力向未来》提炼“瑞马迎新启新章凝心聚力向未来”审计算法/规则，用于复用审计经验、生成疑点线索和核查程序。,文章案例文本；审计事项清单；问题线索台账；审计证据资料；内控制度；会计凭证；工作底稿；整改台账；合同流水；授信审批,瑞马迎新启新章凝心聚力向未来控制点、缺陷类型、责任环节、整改建议、复核状态,D:\openclaw-workspace\knowledge\11-杂志文献\四川注册会计师\019.瑞马迎新启新章凝心聚力向未来.md
MAGSUPV-0045,筑牢信仰之基弘扬爱国情怀证据模板包,杂志证据包,evidence_pack,P1,L2,监督检查与经费舞弊 / 全场景通用 / 金融审计,四川注册会计师/监督检查与经费舞弊,案例证据,review_sentinel / data_scout,四川注册会计师,筑牢信仰之基弘扬爱国情怀,筑牢信仰之基弘扬爱国情怀,,会计,,基于杂志案例《筑牢信仰之基弘扬爱国情怀》提炼“筑牢信仰之基弘扬爱国情怀”审计算法/规则，用于复用审计经验、生成疑点线索和核查程序。,文章案例文本；审计事项清单；问题线索台账；审计证据资料；内控制度；会计凭证；工作底稿；整改台账；合同流水；授信审批,筑牢信仰之基弘扬爱国情怀案例标签、风险词、数据词、核查程序、底稿证据索引,D:\openclaw-workspace\knowledge\11-杂志文献\四川注册会计师\019.筑牢信仰之基弘扬爱国情怀.md
MAGSUPV-0046,信永中和会计师事务所成都分所妇联成立暨第一次代表大会顺利召开证据模板包,杂志证据包,evidence_pack,P1,L2,监督检查与经费舞弊 / 全场景通用 / 金融审计,四川注册会计师/监督检查与经费舞弊,案例证据,review_sentinel / data_scout,四川注册会计师,信永中和会计师事务所成都分所妇联成立暨第一次代表大会顺利召开,信永中和会计师事务所成都分所妇联成立暨第一次代表大会顺利召开,,会计,体系；机制,基于杂志案例《信永中和会计师事务所成都分所妇联成立暨第一次代表大会顺利召开》提炼“信永中和会计师事务所成都分所妇联成立暨第一次代表大会顺利召开”审计算法/规则，用于复用审计经验、生成疑点线索和核查程序。,文章案例文本；审计事项清单；问题线索台账；审计证据资料；内控制度；会计凭证；工作底稿；整改台账；合同流水；授信审批,信永中和会计师事务所成都分所妇联成立暨第一次代表大会顺利召开案例标签、风险词、数据词、核查程序、底稿证据索引,D:\openclaw-workspace\knowledge\11-杂志文献\四川注册会计师\020.信永中和会计师事务所成都分所妇联成立暨第一次代表大会顺利召开.md
MAGSUPV-0047,四川录永维诚会计师事务所荣获川联中小企业商会两项荣誉证据模板包,杂志证据包,evidence_pack,P1,L2,监督检查与经费舞弊 / 全场景通用 / 金融审计,四川注册会计师/监督检查与经费舞弊,案例证据,review_sentinel / data_scout,四川注册会计师,四川录永维诚会计师事务所荣获川联中小企业商会两项荣誉,四川录永维诚会计师事务所荣获川联中小企业商会两项荣誉,,会计,,基于杂志案例《四川录永维诚会计师事务所荣获川联中小企业商会两项荣誉》提炼“四川录永维诚会计师事务所荣获川联中小企业商会两项荣誉”审计算法/规则，用于复用审计经验、生成疑点线索和核查程序。,文章案例文本；审计事项清单；问题线索台账；审计证据资料；内控制度；会计凭证；工作底稿；整改台账；合同流水；授信审批,四川录永维诚会计师事务所荣获川联中小企业商会两项荣誉案例标签、风险词、数据词、核查程序、底稿证据索引,D:\openclaw-workspace\knowledge\11-杂志文献\四川注册会计师\020.四川录永维诚会计师事务所荣获川联中小企业商会两项荣誉.md
MAGSUPV-0048,弘扬家风树诚信心存敬畏守底线证据模板包,杂志证据包,evidence_pack,P1,L2,监督检查与经费舞弊 / 全场景通用 / 金融审计,四川注册会计师/监督检查与经费舞弊,案例证据,review_sentinel / data_scout,四川注册会计师,弘扬家风树诚信心存敬畏守底线,弘扬家风树诚信心存敬畏守底线,风险,会计,研究,基于杂志案例《弘扬家风树诚信心存敬畏守底线》提炼“弘扬家风树诚信心存敬畏守底线”审计算法/规则，用于复用审计经验、生成疑点线索和核查程序。,文章案例文本；审计事项清单；问题线索台账；审计证据资料；内控制度；会计凭证；工作底稿；整改台账；合同流水；授信审批,弘扬家风树诚信心存敬畏守底线案例标签、风险词、数据词、核查程序、底稿证据索引,D:\openclaw-workspace\knowledge\11-杂志文献\四川注册会计师\020.弘扬家风树诚信心存敬畏守底线.md
MAGSUPV-0049,铭记血泪历史汲取奋进力量证据模板包,杂志证据包,evidence_pack,P1,L2,监督检查与经费舞弊 / 全场景通用 / 金融审计,四川注册会计师/监督检查与经费舞弊,案例证据,review_sentinel / data_scout,四川注册会计师,铭记血泪历史汲取奋进力量,铭记血泪历史汲取奋进力量,,会计,,基于杂志案例《铭记血泪历史汲取奋进力量》提炼“铭记血泪历史汲取奋进力量”审计算法/规则，用于复用审计经验、生成疑点线索和核查程序。,文章案例文本；审计事项清单；问题线索台账；审计证据资料；内控制度；会计凭证；工作底稿；整改台账；合同流水；授信审批,铭记血泪历史汲取奋进力量案例标签、风险词、数据词、核查程序、底稿证据索引,D:\openclaw-workspace\knowledge\11-杂志文献\四川注册会计师\020.铭记血泪历史汲取奋进力量.md
MAGSUPV-0050,光影铭记历史初心照耀未来证据模板包,杂志证据包,evidence_pack,P1,L2,监督检查与经费舞弊 / 全场景通用 / 金融审计,四川注册会计师/监督检查与经费舞弊,案例证据,review_sentinel / data_scout,四川注册会计师,光影铭记历史初心照耀未来,光影铭记历史初心照耀未来,,数据；会计,,基于杂志案例《光影铭记历史初心照耀未来》提炼“光影铭记历史初心照耀未来”审计算法/规则，用于复用审计经验、生成疑点线索和核查程序。,文章案例文本；审计事项清单；问题线索台账；审计证据资料；内控制度；会计凭证；工作底稿；整改台账；合同流水；授信审批,光影铭记历史初心照耀未来案例标签、风险词、数据词、核查程序、底稿证据索引,D:\openclaw-workspace\knowledge\11-杂志文献\四川注册会计师\021.光影铭记历史初心照耀未来.md
MAGSUPV-0051,多维联动强警示廉洁护航执业路证据模板包,杂志证据包,evidence_pack,P1,L2,监督检查与经费舞弊 / 全场景通用 / 金融审计,四川注册会计师/监督检查与经费舞弊,案例证据,review_sentinel / data_scout,四川注册会计师,多维联动强警示廉洁护航执业路,多维联动强警示廉洁护航执业路,风险,会计,路径,基于杂志案例《多维联动强警示廉洁护航执业路》提炼“多维联动强警示廉洁护航执业路”审计算法/规则，用于复用审计经验、生成疑点线索和核查程序。,文章案例文本；审计事项清单；问题线索台账；审计证据资料；内控制度；会计凭证；工作底稿；整改台账；合同流水；授信审批,多维联动强警示廉洁护航执业路案例标签、风险词、数据词、核查程序、底稿证据索引,D:\openclaw-workspace\knowledge\11-杂志文献\四川注册会计师\021.多维联动强警示廉洁护航执业路.md
MAGSUPV-0052,拥抱AI驱动未来案例检测算法,杂志案例算法,algorithm,P1,L3,监督检查与经费舞弊 / 全场景通用 / 金融审计,四川注册会计师/监督检查与经费舞弊,案例规则,review_sentinel / data_scout,四川注册会计师,拥抱AI驱动未来,拥抱AI驱动未来,风险,数据；报表；资产；会计,算法；模型；核查；分析；机制；方法,基于杂志案例《拥抱AI驱动未来》提炼“拥抱AI驱动未来”审计算法/规则，用于复用审计经验、生成疑点线索和核查程序。,文章案例文本；审计事项清单；问题线索台账；审计证据资料；内控制度；会计凭证；工作底稿；整改台账；合同流水；授信审批,拥抱AI驱动未来疑点清单、命中规则、风险等级、证据链、核查建议,D:\openclaw-workspace\knowledge\11-杂志文献\四川注册会计师\021.拥抱AI驱动未来.md
MAGSUPV-0053,四川德文会计师事务所开展2025年度注册会计师诚信宣誓活动证据模板包,杂志证据包,evidence_pack,P1,L2,监督检查与经费舞弊 / 全场景通用 / 金融审计,四川注册会计师/监督检查与经费舞弊,案例证据,review_sentinel / data_scout,四川注册会计师,四川德文会计师事务所开展2025年度注册会计师诚信宣誓活动,四川德文会计师事务所开展2025年度注册会计师诚信宣誓活动,违规；异常；风险,数据；会计,核查；体系,基于杂志案例《四川德文会计师事务所开展2025年度注册会计师诚信宣誓活动》提炼“四川德文会计师事务所开展2025年度注册会计师诚信宣誓活动”审计算法/规则，用于复用审计经验、生成疑点线索和核查程序。,文章案例文本；审计事项清单；问题线索台账；审计证据资料；内控制度；会计凭证；工作底稿；整改台账；合同流水；授信审批,四川德文会计师事务所开展2025年度注册会计师诚信宣誓活动案例标签、风险词、数据词、核查程序、底稿证据索引,D:\openclaw-workspace\knowledge\11-杂志文献\四川注册会计师\022.四川德文会计师事务所开展2025年度注册会计师诚信宣誓活动.md
MAGSUPV-0054,天健会计师事务所四川、重庆分所党组织联合四川长虹财务管理部党支部联合开展证据模板包,杂志证据包,evidence_pack,P1,L2,监督检查与经费舞弊 / 全场景通用 / 金融审计,四川注册会计师/监督检查与经费舞弊,案例证据,review_sentinel / data_scout,四川注册会计师,天健会计师事务所四川、重庆分所党组织联合四川长虹财务管理部党支部联合开展主题党日活动,天健会计师事务所四川、重庆分所党组织联合四川长虹财务管理部党支部联合开展,,会计,,基于杂志案例《天健会计师事务所四川、重庆分所党组织联合四川长虹财务管理部党支部联合开展主题党日活动》提炼“天健会计师事务所四川、重庆分所党组织联合四川长虹财务管理部党支部联合开展”审计算法/规则，用于复用审计经验、生成疑点线索和核查程序。,文章案例文本；审计事项清单；问题线索台账；审计证据资料；内控制度；会计凭证；工作底稿；整改台账；合同流水；授信审批,天健会计师事务所四川、重庆分所党组织联合四川长虹财务管理部党支部联合开展案例标签、风险词、数据词、核查程序、底稿证据索引,D:\openclaw-workspace\knowledge\11-杂志文献\四川注册会计师\022.天健会计师事务所四川、重庆分所党组织 联合四川长虹财务管理部党支部联合开展主题党日活动.md
MAGSUPV-0055,筑牢廉洁防线护航执业之路证据模板包,杂志证据包,evidence_pack,P1,L2,监督检查与经费舞弊 / 全场景通用 / 金融审计,四川注册会计师/监督检查与经费舞弊,案例证据,review_sentinel / data_scout,四川注册会计师,筑牢廉洁防线护航执业之路,筑牢廉洁防线护航执业之路,违规；风险,会计,,基于杂志案例《筑牢廉洁防线护航执业之路》提炼“筑牢廉洁防线护航执业之路”审计算法/规则，用于复用审计经验、生成疑点线索和核查程序。,文章案例文本；审计事项清单；问题线索台账；审计证据资料；内控制度；会计凭证；工作底稿；整改台账；合同流水；授信审批,筑牢廉洁防线护航执业之路案例标签、风险词、数据词、核查程序、底稿证据索引,D:\openclaw-workspace\knowledge\11-杂志文献\四川注册会计师\022.筑牢廉洁防线护航执业之路.md
MAGSUPV-0056,履职尽责显担当专业赋能助发展证据模板包,杂志证据包,evidence_pack,P1,L2,监督检查与经费舞弊 / 全场景通用 / 金融审计,四川注册会计师/监督检查与经费舞弊,案例证据,review_sentinel / data_scout,四川注册会计师,履职尽责显担当专业赋能助发展,履职尽责显担当专业赋能助发展,风险,会计,,基于杂志案例《履职尽责显担当专业赋能助发展》提炼“履职尽责显担当专业赋能助发展”审计算法/规则，用于复用审计经验、生成疑点线索和核查程序。,文章案例文本；审计事项清单；问题线索台账；审计证据资料；内控制度；会计凭证；工作底稿；整改台账；合同流水；授信审批,履职尽责显担当专业赋能助发展案例标签、风险词、数据词、核查程序、底稿证据索引,D:\openclaw-workspace\knowledge\11-杂志文献\四川注册会计师\023.履职尽责显担当专业赋能助发展.md
MAGSUPV-0057,聚焦赛事直播促学砺行共进证据模板包,杂志证据包,evidence_pack,P1,L2,监督检查与经费舞弊 / 全场景通用 / 金融审计,四川注册会计师/监督检查与经费舞弊,案例证据,review_sentinel / data_scout,四川注册会计师,聚焦赛事直播促学砺行共进,聚焦赛事直播促学砺行共进,,会计,,基于杂志案例《聚焦赛事直播促学砺行共进》提炼“聚焦赛事直播促学砺行共进”审计算法/规则，用于复用审计经验、生成疑点线索和核查程序。,文章案例文本；审计事项清单；问题线索台账；审计证据资料；内控制度；会计凭证；工作底稿；整改台账；合同流水；授信审批,聚焦赛事直播促学砺行共进案例标签、风险词、数据词、核查程序、底稿证据索引,D:\openclaw-workspace\knowledge\11-杂志文献\四川注册会计师\023.聚焦赛事直播促学砺行共进.md
MAGSUPV-0058,警示教育守底线诚信执业有担当证据模板包,杂志证据包,evidence_pack,P1,L2,监督检查与经费舞弊 / 全场景通用 / 金融审计,四川注册会计师/监督检查与经费舞弊,案例证据,review_sentinel / data_scout,四川注册会计师,警示教育守底线诚信执业有担当,警示教育守底线诚信执业有担当,违规；风险；腐败,会计,,基于杂志案例《警示教育守底线诚信执业有担当》提炼“警示教育守底线诚信执业有担当”审计算法/规则，用于复用审计经验、生成疑点线索和核查程序。,文章案例文本；审计事项清单；问题线索台账；审计证据资料；内控制度；会计凭证；工作底稿；整改台账；合同流水；授信审批,警示教育守底线诚信执业有担当案例标签、风险词、数据词、核查程序、底稿证据索引,D:\openclaw-workspace\knowledge\11-杂志文献\四川注册会计师\023.警示教育守底线诚信执业有担当.md
MAGSUPV-0059,专业护航情暖人心证据模板包,杂志证据包,evidence_pack,P1,L2,监督检查与经费舞弊 / 全场景通用 / 金融审计,四川注册会计师/监督检查与经费舞弊,案例证据,review_sentinel / data_scout,四川注册会计师,专业护航情暖人心,专业护航情暖人心,,会计,评价,基于杂志案例《专业护航情暖人心》提炼“专业护航情暖人心”审计算法/规则，用于复用审计经验、生成疑点线索和核查程序。,文章案例文本；审计事项清单；问题线索台账；审计证据资料；内控制度；会计凭证；工作底稿；整改台账；合同流水；授信审批,专业护航情暖人心案例标签、风险词、数据词、核查程序、底稿证据索引,D:\openclaw-workspace\knowledge\11-杂志文献\四川注册会计师\024.专业护航情暖人心.md
MAGSUPV-0060,凝心聚力向未来协作共赢谱新篇内控核查包,杂志内控包,control_pack,P1,L2,监督检查与经费舞弊 / 全场景通用 / 金融审计,四川注册会计师/监督检查与经费舞弊,内控缺陷,review_sentinel / data_scout,四川注册会计师,凝心聚力向未来协作共赢谱新篇,凝心聚力向未来协作共赢谱新篇,风险,资金；会计,,基于杂志案例《凝心聚力向未来协作共赢谱新篇》提炼“凝心聚力向未来协作共赢谱新篇”审计算法/规则，用于复用审计经验、生成疑点线索和核查程序。,文章案例文本；审计事项清单；问题线索台账；审计证据资料；内控制度；会计凭证；工作底稿；整改台账；合同流水；授信审批,凝心聚力向未来协作共赢谱新篇控制点、缺陷类型、责任环节、整改建议、复核状态,D:\openclaw-workspace\knowledge\11-杂志文献\四川注册会计师\024.凝心聚力向未来协作共赢谱新篇.md
MAGDATA-0006,凝心聚力启新程砥砺奋进谱新篇证据模板包,杂志证据包,evidence_pack,P1,L2,全场景通用,四川注册会计师/全场景通用,案例证据,data_scout / workpaper_crafter,四川注册会计师,凝心聚力启新程砥砺奋进谱新篇,凝心聚力启新程砥砺奋进谱新篇,,会计,,基于杂志案例《凝心聚力启新程砥砺奋进谱新篇》提炼“凝心聚力启新程砥砺奋进谱新篇”审计算法/规则，用于复用审计经验、生成疑点线索和核查程序。,文章案例文本；审计事项清单；问题线索台账；审计证据资料；会计相关数据,凝心聚力启新程砥砺奋进谱新篇案例标签、风险词、数据词、核查程序、底稿证据索引,D:\openclaw-workspace\knowledge\11-杂志文献\四川注册会计师\024.凝心聚力启新程砥砺奋进谱新篇.md
MAGSUPV-0061,一名老审计人的自白：我为什么要亲手开发一套管理系统案例检测算法,杂志案例算法,algorithm,P1,L3,监督检查与经费舞弊 / 全场景通用 / 金融审计,四川注册会计师/监督检查与经费舞弊,案例规则,review_sentinel / data_scout,四川注册会计师,一名老审计人的自白：我为什么要亲手开发一套管理系统,一名老审计人的自白：我为什么要亲手开发一套管理系统,异常；风险；低效；绩效；预警,数据；凭证；报表；投标；资产；会计,关联；抽样；预警；识别；分析；验证；体系；路径；方法；数字化,基于杂志案例《一名老审计人的自白：我为什么要亲手开发一套管理系统》提炼“一名老审计人的自白：我为什么要亲手开发一套管理系统”审计算法/规则，用于复用审计经验、生成疑点线索和核查程序。,文章案例文本；审计事项清单；问题线索台账；审计证据资料；内控制度；会计凭证；工作底稿；整改台账；合同流水；授信审批,一名老审计人的自白：我为什么要亲手开发一套管理系统疑点清单、命中规则、风险等级、证据链、核查建议,D:\openclaw-workspace\knowledge\11-杂志文献\四川注册会计师\025.一名老审计人的自白：我为什么要亲手开发一套管理系统.md
MAGSUPV-0062,缅怀先烈砺初心红色基因永传承内控核查包,杂志内控包,control_pack,P1,L2,监督检查与经费舞弊 / 全场景通用 / 金融审计,四川注册会计师/监督检查与经费舞弊,内控缺陷,review_sentinel / data_scout,四川注册会计师,缅怀先烈砺初心红色基因永传承,缅怀先烈砺初心红色基因永传承,,会计,,基于杂志案例《缅怀先烈砺初心红色基因永传承》提炼“缅怀先烈砺初心红色基因永传承”审计算法/规则，用于复用审计经验、生成疑点线索和核查程序。,文章案例文本；审计事项清单；问题线索台账；审计证据资料；内控制度；会计凭证；工作底稿；整改台账；合同流水；授信审批,缅怀先烈砺初心红色基因永传承控制点、缺陷类型、责任环节、整改建议、复核状态,D:\openclaw-workspace\knowledge\11-杂志文献\四川注册会计师\025.缅怀先烈砺初心红色基因永传承.md
MAGSUPV-0063,聚焦风险护航年报案例检测算法,杂志案例算法,algorithm,P0,L3,监督检查与经费舞弊 / 全场景通用 / 金融审计,四川注册会计师/监督检查与经费舞弊,异常性,review_sentinel / data_scout,四川注册会计师,聚焦风险护航年报,聚焦风险护航年报,风险；内控；缺陷；真实性；完整性,数据；合同；报表；资产；会计,规则；评价；核查；穿透；关联；研究,基于杂志案例《聚焦风险护航年报》提炼“聚焦风险护航年报”审计算法/规则，用于复用审计经验、生成疑点线索和核查程序。,文章案例文本；审计事项清单；问题线索台账；审计证据资料；内控制度；会计凭证；工作底稿；整改台账；合同流水；授信审批,聚焦风险护航年报疑点清单、命中规则、风险等级、证据链、核查建议,D:\openclaw-workspace\knowledge\11-杂志文献\四川注册会计师\026.聚焦风险护航年报.md
MAGSUPV-0064,赋能审计提质增效筑牢合规发展证据模板包,杂志证据包,evidence_pack,P1,L2,监督检查与经费舞弊 / 全场景通用 / 金融审计,四川注册会计师/监督检查与经费舞弊,案例证据,review_sentinel / data_scout,四川注册会计师,赋能审计提质增效筑牢合规发展,赋能审计提质增效筑牢合规发展,风险,会计,分析；路径；数字化,基于杂志案例《赋能审计提质增效筑牢合规发展》提炼“赋能审计提质增效筑牢合规发展”审计算法/规则，用于复用审计经验、生成疑点线索和核查程序。,文章案例文本；审计事项清单；问题线索台账；审计证据资料；内控制度；会计凭证；工作底稿；整改台账；合同流水；授信审批,赋能审计提质增效筑牢合规发展案例标签、风险词、数据词、核查程序、底稿证据索引,D:\openclaw-workspace\knowledge\11-杂志文献\四川注册会计师\027.赋能审计提质增效筑牢合规发展.md
MAGSUPV-0065,9案例检测算法,杂志案例算法,algorithm,P0,L3,监督检查与经费舞弊 / 全场景通用 / 金融审计,四川注册会计师/监督检查与经费舞弊,案例规则,review_sentinel / data_scout,四川注册会计师,9,9,违规；异常；风险；舞弊；虚假；重复；挪用；套取；损失；低效；闲置；内控,数据；清单；明细；合同；发票；凭证；支付；预算；决算；指标；报表；审批,算法；模型；规则；指标；评价；评分；比对；核查；穿透；预警；监测；识别,基于杂志案例《9》提炼“9”审计算法/规则，用于复用审计经验、生成疑点线索和核查程序。,文章案例文本；审计事项清单；问题线索台账；审计证据资料；内控制度；会计凭证；工作底稿；整改台账；合同流水；授信审批,9疑点清单、命中规则、风险等级、证据链、核查建议,D:\openclaw-workspace\knowledge\11-杂志文献\四川注册会计师\2025.9.md
MAGSUPV-0066,1案例检测算法,杂志案例算法,algorithm,P0,L3,监督检查与经费舞弊 / 全场景通用 / 金融审计,四川注册会计师/监督检查与经费舞弊,案例规则,review_sentinel / data_scout,四川注册会计师,1,1,违规；异常；风险；舞弊；虚假；重复；超标；挪用；损失；内控；缺陷；真实性,数据；清单；合同；发票；凭证；支付；预算；指标；问卷；样本；报表；审批,模型；规则；指标；评价；评分；核查；穿透；关联；抽样；预警；识别；测算,基于杂志案例《1》提炼“1”审计算法/规则，用于复用审计经验、生成疑点线索和核查程序。,文章案例文本；审计事项清单；问题线索台账；审计证据资料；内控制度；会计凭证；工作底稿；整改台账；合同流水；授信审批,1疑点清单、命中规则、风险等级、证据链、核查建议,D:\openclaw-workspace\knowledge\11-杂志文献\四川注册会计师\2026.1.md
MAGSUPV-0067,2案例检测算法,杂志案例算法,algorithm,P0,L3,监督检查与经费舞弊 / 全场景通用 / 金融审计,四川注册会计师/监督检查与经费舞弊,案例规则,review_sentinel / data_scout,四川注册会计师,2,2,违规；异常；风险；舞弊；虚假；重复；损失；闲置；串标；围标；内控；缺陷,数据；台账；清单；明细；合同；凭证；支付；预算；指标；问卷；样本；报表,算法；模型；规则；指标；评价；评分；比对；核查；穿透；关联；聚类；抽样,基于杂志案例《2》提炼“2”审计算法/规则，用于复用审计经验、生成疑点线索和核查程序。,文章案例文本；审计事项清单；问题线索台账；审计证据资料；内控制度；会计凭证；工作底稿；整改台账；合同流水；授信审批,2疑点清单、命中规则、风险等级、证据链、核查建议,D:\openclaw-workspace\knowledge\11-杂志文献\四川注册会计师\2026.2.md
MAGENV-0001,反垄断法与时俱进护航经济社会高质发展案例检测算法,杂志案例算法,algorithm,P0,L3,资源环境审计 / 绩效评价 / 财政与政府债务,审计观察/资源环境审计,案例规则,law_inspector / data_scout,审计观察,反垄断法与时俱进护航经济社会高质发展,反垄断法与时俱进护航经济社会高质发展,虚假；违法；漏洞,数据；清单；资产；申报,算法；规则；评价；监测；审查；体系；机制,基于杂志案例《反垄断法与时俱进护航经济社会高质发展》提炼“反垄断法与时俱进护航经济社会高质发展”审计算法/规则，用于复用审计经验、生成疑点线索和核查程序。,文章案例文本；审计事项清单；问题线索台账；审计证据资料；预算指标表；财政支出明细；项目资金台账；绩效目标表；绩效评价指标；产出效果数据,反垄断法与时俱进护航经济社会高质发展疑点清单、命中规则、风险等级、证据链、核查建议,D:\openclaw-workspace\knowledge\11-杂志文献\审计观察\1.反垄断法与时俱进护航经济社会高质发展.md
MAGFIN-0008,美国审计署优先建议信函的主要内容及特点案例检测算法,杂志案例算法,algorithm,P0,L3,金融审计 / 国企审计 / 监督检查与经费舞弊,审计观察/金融审计,案例规则,data_scout / contract_hound,审计观察,美国审计署优先建议信函的主要内容及特点,美国审计署优先建议信函的主要内容及特点,风险；绩效,数据；清单；合同；预算；税收；资金；审计报告,检测；审查；体系；方法,基于杂志案例《美国审计署优先建议信函的主要内容及特点》提炼“美国审计署优先建议信函的主要内容及特点”审计算法/规则，用于复用审计经验、生成疑点线索和核查程序。,文章案例文本；审计事项清单；问题线索台账；审计证据资料；内控制度；会计凭证；工作底稿；整改台账；合同流水；授信审批,美国审计署优先建议信函的主要内容及特点疑点清单、命中规则、风险等级、证据链、核查建议,D:\openclaw-workspace\knowledge\11-杂志文献\审计观察\10.美国审计署优先建议信函的 主要内容及特点.md
MAGENV-0002,数字法治政府建设中区块链的引入与适用路径案例检测算法,杂志案例算法,algorithm,P0,L3,资源环境审计 / 绩效评价 / 财政与政府债务,审计观察/资源环境审计,案例规则,law_inspector / data_scout,审计观察,数字法治政府建设中区块链的引入与适用路径,数字法治政府建设中区块链的引入与适用路径,真实性；完整性；违法；腐败,数据；清单；发票；资金,算法；规则；关联；监测；分析；研究；体系；路径；机制；方法；数字化；大数据,基于杂志案例《数字法治政府建设中区块链的引入与适用路径》提炼“数字法治政府建设中区块链的引入与适用路径”审计算法/规则，用于复用审计经验、生成疑点线索和核查程序。,文章案例文本；审计事项清单；问题线索台账；审计证据资料；预算指标表；财政支出明细；项目资金台账；绩效目标表；绩效评价指标；产出效果数据,数字法治政府建设中区块链的引入与适用路径疑点清单、命中规则、风险等级、证据链、核查建议,D:\openclaw-workspace\knowledge\11-杂志文献\审计观察\11.数字法治政府建设中区块链的引入与适用路径.md
MAGSOC-0007,加强出版学科建设推动出版业高质量发展案例检测算法,杂志案例算法,algorithm,P0,L3,民生与社保医保 / 预算执行与财政管理 / 招投标与政府采购,审计观察/民生与社保医保,真实性,data_scout / performance_evaluator,审计观察,加强出版学科建设推动出版业高质量发展,加强出版学科建设推动出版业高质量发展,,数据,研究；体系；路径；机制；大数据；人工智能,基于杂志案例《加强出版学科建设推动出版业高质量发展》提炼“加强出版学科建设推动出版业高质量发展”审计算法/规则，用于复用审计经验、生成疑点线索和核查程序。,文章案例文本；审计事项清单；问题线索台账；审计证据资料；预算指标表；财政支出明细；项目资金台账；采购公告；投标文件；供应商信息,加强出版学科建设推动出版业高质量发展疑点清单、命中规则、风险等级、证据链、核查建议,D:\openclaw-workspace\knowledge\11-杂志文献\审计观察\12.加强出版学科建设推动出版业高质量发展.md
MAGAGR-0007,勇担审计职责使命奋力推进浙江“两个先行”案例检测算法,杂志案例算法,algorithm,P0,L3,农业农村审计 / 金融审计 / 财政与政府债务,审计观察/农业农村审计,案例规则,data_scout / law_inspector,审计观察,勇担审计职责使命奋力推进浙江“两个先行”,勇担审计职责使命奋力推进浙江“两个先行”,风险；闲置；绩效；违法；隐患；腐败,数据；清单；指标；采购；招标；资产；资金；审计报告,指标；评价；评分；识别；分析；研究；体系；路径；机制；方法；数字化；大数据,基于杂志案例《勇担审计职责使命奋力推进浙江“两个先行”》提炼“勇担审计职责使命奋力推进浙江“两个先行””审计算法/规则，用于复用审计经验、生成疑点线索和核查程序。,文章案例文本；审计事项清单；问题线索台账；审计证据资料；预算指标表；财政支出明细；项目资金台账；合同流水；授信审批；还款记录,勇担审计职责使命奋力推进浙江“两个先行”疑点清单、命中规则、风险等级、证据链、核查建议,D:\openclaw-workspace\knowledge\11-杂志文献\审计观察\13.勇担审计职责使命奋力推进浙江“两个先行”.md
MAGSUPV-0068,数字治理时代我国审计法治发展研究案例检测算法,杂志案例算法,algorithm,P0,L3,监督检查与经费舞弊 / 全场景通用 / 金融审计,审计观察/监督检查与经费舞弊,案例规则,review_sentinel / data_scout,审计观察,数字治理时代我国审计法治发展研究,数字治理时代我国审计法治发展研究,风险,数据；预算；会计,模型；规则；评价；分析；审查；研究；体系；机制；方法；数字化；大数据,基于杂志案例《数字治理时代我国审计法治发展研究》提炼“数字治理时代我国审计法治发展研究”审计算法/规则，用于复用审计经验、生成疑点线索和核查程序。,文章案例文本；审计事项清单；问题线索台账；审计证据资料；内控制度；会计凭证；工作底稿；整改台账；合同流水；授信审批,数字治理时代我国审计法治发展研究疑点清单、命中规则、风险等级、证据链、核查建议,D:\openclaw-workspace\knowledge\11-杂志文献\审计观察\14.数字治理时代我国审计法治发展研究.md
MAGFIN-0009,防范化解金融风险的审计实践案例检测算法,杂志案例算法,algorithm,P0,L3,金融审计 / 国企审计 / 监督检查与经费舞弊,审计观察/金融审计,异常性,data_scout / contract_hound,审计观察,防范化解金融风险的审计实践,防范化解金融风险的审计实践,违规；风险；套取；损失；闲置；缺陷；偏离；预警；违法；隐患；漏洞；腐败,明细；预算；资产；资金；审计报告,评价；预警；监测；识别；分析；审查；研究；体系；机制,基于杂志案例《防范化解金融风险的审计实践》提炼“防范化解金融风险的审计实践”审计算法/规则，用于复用审计经验、生成疑点线索和核查程序。,文章案例文本；审计事项清单；问题线索台账；审计证据资料；内控制度；会计凭证；工作底稿；整改台账；合同流水；授信审批,防范化解金融风险的审计实践疑点清单、命中规则、风险等级、证据链、核查建议,D:\openclaw-workspace\knowledge\11-杂志文献\审计观察\15.防范化解金融风险的审计实践.md
MAGSUPV-0069,走出不限于内部审计的后续审计误区案例规则包,杂志规则包,rule_pack,P1,L2,监督检查与经费舞弊 / 资源环境审计 / 经济责任审计,审计观察/监督检查与经费舞弊,合规性,review_sentinel / data_scout,审计观察,走出不限于内部审计的后续审计误区,走出不限于内部审计的后续审计误区,重复；不合规；完整性,审计报告,分析；机制,基于杂志案例《走出不限于内部审计的后续审计误区》提炼“走出不限于内部审计的后续审计误区”审计算法/规则，用于复用审计经验、生成疑点线索和核查程序。,文章案例文本；审计事项清单；问题线索台账；审计证据资料；内控制度；会计凭证；工作底稿；整改台账；审计报告相关数据,走出不限于内部审计的后续审计误区规则编号、触发条件、适用场景、证据资料、处理建议,D:\openclaw-workspace\knowledge\11-杂志文献\审计观察\16.走出不限于内部审计的 后续审计误区.md
MAGFIN-0010,技术产权证券化产品的设计与应用案例检测算法,杂志案例算法,algorithm,P0,L3,金融审计 / 国企审计 / 监督检查与经费舞弊,审计观察/金融审计,案例规则,data_scout / contract_hound,审计观察,技术产权证券化产品的设计与应用,技术产权证券化产品的设计与应用,风险；损失,数据；合同；凭证；支付；指标；样本；资产；资金,模型；指标；评价；回归；分析；研究；体系；路径；机制,基于杂志案例《技术产权证券化产品的设计与应用》提炼“技术产权证券化产品的设计与应用”审计算法/规则，用于复用审计经验、生成疑点线索和核查程序。,文章案例文本；审计事项清单；问题线索台账；审计证据资料；内控制度；会计凭证；工作底稿；整改台账；合同流水；授信审批,技术产权证券化产品的设计与应用疑点清单、命中规则、风险等级、证据链、核查建议,D:\openclaw-workspace\knowledge\11-杂志文献\审计观察\17.技术产权证券化产品的 设计与应用.md
MAGENV-0003,读懂中国的产业革命案例检测算法,杂志案例算法,algorithm,P1,L3,资源环境审计 / 绩效评价 / 财政与政府债务,审计观察/资源环境审计,案例规则,law_inspector / data_scout,审计观察,读懂中国的产业革命,读懂中国的产业革命,重复,数据；采购,研究；体系；机制；大数据；人工智能,基于杂志案例《读懂中国的产业革命》提炼“读懂中国的产业革命”审计算法/规则，用于复用审计经验、生成疑点线索和核查程序。,文章案例文本；审计事项清单；问题线索台账；审计证据资料；预算指标表；财政支出明细；项目资金台账；绩效目标表；绩效评价指标；产出效果数据,读懂中国的产业革命疑点清单、命中规则、风险等级、证据链、核查建议,D:\openclaw-workspace\knowledge\11-杂志文献\审计观察\18.读懂中国的产业革命.md
MAGSUPV-0070,“双碳”目标下碳审计的本质、由来与推进策略案例指标包,杂志指标包,indicator_pack,P1,L3,监督检查与经费舞弊 / 全场景通用 / 金融审计,审计观察/监督检查与经费舞弊,绩效偏离,review_sentinel / data_scout,审计观察,“双碳”目标下碳审计的本质、由来与推进策略,“双碳”目标下碳审计的本质、由来与推进策略,违规；异常；风险；真实性；绩效；违法,数据；合同；资产；碳排放；税收；资金；会计；审计报告,评价；研究；体系；路径；机制；方法,基于杂志案例《“双碳”目标下碳审计的本质、由来与推进策略》提炼““双碳”目标下碳审计的本质、由来与推进策略”审计算法/规则，用于复用审计经验、生成疑点线索和核查程序。,文章案例文本；审计事项清单；问题线索台账；审计证据资料；内控制度；会计凭证；工作底稿；整改台账；合同流水；授信审批,“双碳”目标下碳审计的本质、由来与推进策略指标、标准值、实际值、偏离率、评分和扣分原因,D:\openclaw-workspace\knowledge\11-杂志文献\审计观察\2.“双碳”目标下碳审计的本质、 由来与推进策略.md
MAGAGR-0008,深入研究“双碳”审计服务国家发展战略案例检测算法,杂志案例算法,algorithm,P1,L3,农业农村审计 / 金融审计 / 财政与政府债务,审计观察/农业农村审计,案例规则,data_scout / law_inspector,审计观察,深入研究“双碳”审计服务国家发展战略,深入研究“双碳”审计服务国家发展战略,异常；风险；真实性；完整性；错报,数据；指标；资产；能耗；碳排放；资金；会计；审计报告,模型；规则；指标；评价；核查；监测；识别；分析；审查；研究；体系；路径,基于杂志案例《深入研究“双碳”审计服务国家发展战略》提炼“深入研究“双碳”审计服务国家发展战略”审计算法/规则，用于复用审计经验、生成疑点线索和核查程序。,文章案例文本；审计事项清单；问题线索台账；审计证据资料；预算指标表；财政支出明细；项目资金台账；合同流水；授信审批；还款记录,深入研究“双碳”审计服务国家发展战略疑点清单、命中规则、风险等级、证据链、核查建议,D:\openclaw-workspace\knowledge\11-杂志文献\审计观察\3.深入研究“双碳”审计服务国家发展战略.md
MAGENG-0003,我国碳审计的发展现状及技术路径分析案例检测算法,杂志案例算法,algorithm,P1,L3,工程与投资审计 / 招投标与政府采购 / 财政与政府债务,审计观察/工程与投资审计,案例规则,settlement_auditor / budget_estimator,审计观察,我国碳审计的发展现状及技术路径分析,我国碳审计的发展现状及技术路径分析,绩效,数据；遥感；碳排放；资金；会计；审计报告,算法；规则；评价；核查；监测；识别；分析；验证；审查；研究；体系；路径,基于杂志案例《我国碳审计的发展现状及技术路径分析》提炼“我国碳审计的发展现状及技术路径分析”审计算法/规则，用于复用审计经验、生成疑点线索和核查程序。,文章案例文本；审计事项清单；问题线索台账；审计证据资料；预算指标表；财政支出明细；项目资金台账；采购公告；投标文件；供应商信息,我国碳审计的发展现状及技术路径分析疑点清单、命中规则、风险等级、证据链、核查建议,D:\openclaw-workspace\knowledge\11-杂志文献\审计观察\4.我国碳审计的发展现状及 技术路径分析.md
MAGBUD-0003,国家审计赋能“双碳”目标：内在逻辑与运作机理案例检测算法,杂志案例算法,algorithm,P1,L3,预算执行与财政管理 / 财政与政府债务 / 绩效评价,审计观察/预算执行与财政管理,案例规则,budget_estimator / data_scout,审计观察,国家审计赋能“双碳”目标：内在逻辑与运作机理,国家审计赋能“双碳”目标：内在逻辑与运作机理,违规；风险；挪用；套取；低效；截留；真实性；绩效；偏离；预警,支付；预算；指标；招标；投标；碳排放；资金,指标；评价；回归；预警；分析；审查；研究；体系；路径；机制；方法,基于杂志案例《国家审计赋能“双碳”目标：内在逻辑与运作机理》提炼“国家审计赋能“双碳”目标：内在逻辑与运作机理”审计算法/规则，用于复用审计经验、生成疑点线索和核查程序。,文章案例文本；审计事项清单；问题线索台账；审计证据资料；预算指标表；财政支出明细；项目资金台账；绩效目标表；绩效评价指标；产出效果数据,国家审计赋能“双碳”目标：内在逻辑与运作机理疑点清单、命中规则、风险等级、证据链、核查建议,D:\openclaw-workspace\knowledge\11-杂志文献\审计观察\5.国家审计赋能“双碳”目标： 内在逻辑与运作机理.md
MAGENG-0004,“双碳”目标下烟酒型审计的探索与实践案例检测算法,杂志案例算法,algorithm,P1,L3,工程与投资审计 / 招投标与政府采购 / 财政与政府债务,审计观察/工程与投资审计,案例规则,settlement_auditor / budget_estimator,审计观察,“双碳”目标下烟酒型审计的探索与实践,“双碳”目标下烟酒型审计的探索与实践,违规；风险；缺陷；预警；漏洞,数据；清单；审批；采购；审计报告；工作底稿,预警；分析；研究；体系；路径；机制；方法；大数据,基于杂志案例《“双碳”目标下烟酒型审计的探索与实践》提炼““双碳”目标下烟酒型审计的探索与实践”审计算法/规则，用于复用审计经验、生成疑点线索和核查程序。,文章案例文本；审计事项清单；问题线索台账；审计证据资料；预算指标表；财政支出明细；项目资金台账；采购公告；投标文件；供应商信息,“双碳”目标下烟酒型审计的探索与实践疑点清单、命中规则、风险等级、证据链、核查建议,D:\openclaw-workspace\knowledge\11-杂志文献\审计观察\6.“双碳”目标下烟酒型审计的探索与实践.md
MAGBUD-0004,编制“六张清单”开展自然资源产离任审计案例检测算法,杂志案例算法,algorithm,P1,L3,预算执行与财政管理 / 财政与政府债务 / 绩效评价,审计观察/预算执行与财政管理,案例规则,budget_estimator / data_scout,审计观察,编制“六张清单”开展自然资源产离任审计,编制“六张清单”开展自然资源产离任审计,风险；重复；绩效；预警,数据；清单；图斑；报表；资产；资金；审计报告,评价；核查；预警；分析；验证；研究；体系；机制；方法；数字化；大数据,基于杂志案例《编制“六张清单”开展自然资源产离任审计》提炼“编制“六张清单”开展自然资源产离任审计”审计算法/规则，用于复用审计经验、生成疑点线索和核查程序。,文章案例文本；审计事项清单；问题线索台账；审计证据资料；预算指标表；财政支出明细；项目资金台账；绩效目标表；绩效评价指标；产出效果数据,编制“六张清单”开展自然资源产离任审计疑点清单、命中规则、风险等级、证据链、核查建议,D:\openclaw-workspace\knowledge\11-杂志文献\审计观察\7.编制“六张清单”开展自然资源产离任审计.md
MAGENV-0004,立足“严”的主基调构建审计机关容错纠错机制案例检测算法,杂志案例算法,algorithm,P0,L3,资源环境审计 / 绩效评价 / 财政与政府债务,审计观察/资源环境审计,案例规则,law_inspector / data_scout,审计观察,立足“严”的主基调构建审计机关容错纠错机制,立足“严”的主基调构建审计机关容错纠错机制,违规；风险；损失；绩效；违法,资产；资金；审计报告,评价；关联；识别；分析；审查；研究；机制；方法,基于杂志案例《立足“严”的主基调构建审计机关容错纠错机制》提炼“立足“严”的主基调构建审计机关容错纠错机制”审计算法/规则，用于复用审计经验、生成疑点线索和核查程序。,文章案例文本；审计事项清单；问题线索台账；审计证据资料；预算指标表；财政支出明细；项目资金台账；绩效目标表；绩效评价指标；产出效果数据,立足“严”的主基调构建审计机关容错纠错机制疑点清单、命中规则、风险等级、证据链、核查建议,D:\openclaw-workspace\knowledge\11-杂志文献\审计观察\8.立足“严”的主基调构建审计机关容错纠错机制.md
MAGSUPV-0071,审计期望差距对注册会计师法律责任的影响分析案例检测算法,杂志案例算法,algorithm,P0,L3,监督检查与经费舞弊 / 全场景通用 / 金融审计,审计观察/监督检查与经费舞弊,案例规则,review_sentinel / data_scout,审计观察,审计期望差距对注册会计师法律责任的影响分析,审计期望差距对注册会计师法律责任的影响分析,风险；舞弊；损失；真实性；违法；错报,数据；报表；会计；审计报告,模型；评价；抽样；识别；分析；研究；体系；人工智能,基于杂志案例《审计期望差距对注册会计师法律责任的影响分析》提炼“审计期望差距对注册会计师法律责任的影响分析”审计算法/规则，用于复用审计经验、生成疑点线索和核查程序。,文章案例文本；审计事项清单；问题线索台账；审计证据资料；内控制度；会计凭证；工作底稿；整改台账；合同流水；授信审批,审计期望差距对注册会计师法律责任的影响分析疑点清单、命中规则、风险等级、证据链、核查建议,D:\openclaw-workspace\knowledge\11-杂志文献\审计观察\9.审计期望差距对注册会计师法律责任的影响分析.md
MAGBUD-0005,0001财政内部控制案例指标包,杂志指标包,indicator_pack,P1,L3,预算执行与财政管理 / 财政与政府债务 / 绩效评价,财政监督/预算执行与财政管理,绩效偏离,budget_estimator / data_scout,财政监督,0001财政内部控制,0001财政内部控制,风险；舞弊；内控；绩效；漏洞；腐败,预算；资金,体系；机制；方法,基于杂志案例《0001财政内部控制》提炼“0001财政内部控制”审计算法/规则，用于复用审计经验、生成疑点线索和核查程序。,文章案例文本；审计事项清单；问题线索台账；审计证据资料；预算指标表；财政支出明细；项目资金台账；绩效目标表；绩效评价指标；产出效果数据,0001财政内部控制指标、标准值、实际值、偏离率、评分和扣分原因,D:\openclaw-workspace\knowledge\11-杂志文献\财政监督\0001财政内部控制.md
MAGSUPV-0072,主题教育成果要转化成财会监督“物质的力量案例检测算法,杂志案例算法,algorithm,P0,L3,监督检查与经费舞弊 / 全场景通用 / 金融审计,财政监督/监督检查与经费舞弊,案例规则,review_sentinel / data_scout,财政监督,主题教育成果要转化成财会监督“物质的力量,主题教育成果要转化成财会监督“物质的力量,违规；异常；风险；重复；超预算；挪用；损失；低效；闲置；截留；内控；缺陷,数据；台账；清单；合同；发票；支付；流水；预算；决算；指标；项目库；问卷,算法；模型；规则；指标；评价；核查；穿透；关联；抽样；预警；监测；识别,基于杂志案例《主题教育成果要转化成财会监督“物质的力量》提炼“主题教育成果要转化成财会监督“物质的力量”审计算法/规则，用于复用审计经验、生成疑点线索和核查程序。,文章案例文本；审计事项清单；问题线索台账；审计证据资料；内控制度；会计凭证；工作底稿；整改台账；合同流水；授信审批,主题教育成果要转化成财会监督“物质的力量疑点清单、命中规则、风险等级、证据链、核查建议,D:\openclaw-workspace\knowledge\11-杂志文献\财政监督\001.主题教育成果要转化成财会监督“物质的力量.md
MAGSOC-0008,001呵护我们共有“生态”案例规则包,杂志规则包,rule_pack,P1,L2,民生与社保医保 / 预算执行与财政管理 / 招投标与政府采购,财政监督/民生与社保医保,合规性,data_scout / performance_evaluator,财政监督,001呵护我们共有“生态”,001呵护我们共有“生态”,风险；违法,,体系,基于杂志案例《001呵护我们共有“生态”》提炼“001呵护我们共有“生态””审计算法/规则，用于复用审计经验、生成疑点线索和核查程序。,文章案例文本；审计事项清单；问题线索台账；审计证据资料；预算指标表；财政支出明细；项目资金台账；采购公告；投标文件；供应商信息,001呵护我们共有“生态”规则编号、触发条件、适用场景、证据资料、处理建议,D:\openclaw-workspace\knowledge\11-杂志文献\财政监督\001呵护我们共有“生态”.md
MAGBUD-0006,001财政“自我持续增长”的治理之路案例指标包,杂志指标包,indicator_pack,P1,L3,预算执行与财政管理 / 财政与政府债务 / 绩效评价,财政监督/预算执行与财政管理,绩效偏离,budget_estimator / data_scout,财政监督,001财政“自我持续增长”的治理之路,001财政“自我持续增长”的治理之路,风险；绩效；腐败,支付；预算,体系,基于杂志案例《001财政“自我持续增长”的治理之路》提炼“001财政“自我持续增长”的治理之路”审计算法/规则，用于复用审计经验、生成疑点线索和核查程序。,文章案例文本；审计事项清单；问题线索台账；审计证据资料；预算指标表；财政支出明细；项目资金台账；绩效目标表；绩效评价指标；产出效果数据,001财政“自我持续增长”的治理之路指标、标准值、实际值、偏离率、评分和扣分原因,D:\openclaw-workspace\knowledge\11-杂志文献\财政监督\001财政“自我持续增长”的治理之路.md
MAGAGR-0009,002中国式现代化引领财政现代化的历史脉络与展望案例检测算法,杂志案例算法,algorithm,P0,L3,农业农村审计 / 金融审计 / 财政与政府债务,财政监督/农业农村审计,案例规则,data_scout / law_inspector,财政监督,002中国式现代化引领财政现代化的历史脉络与展望,002中国式现代化引领财政现代化的历史脉络与展望,风险；绩效,数据；支付；预算；决算；采购；资产；申报；税收；资金；会计,算法；规则；评价；分析；研究；体系；路径；机制；方法；大数据,基于杂志案例《002中国式现代化引领财政现代化的历史脉络与展望》提炼“002中国式现代化引领财政现代化的历史脉络与展望”审计算法/规则，用于复用审计经验、生成疑点线索和核查程序。,文章案例文本；审计事项清单；问题线索台账；审计证据资料；预算指标表；财政支出明细；项目资金台账；合同流水；授信审批；还款记录,002中国式现代化引领财政现代化的历史脉络与展望疑点清单、命中规则、风险等级、证据链、核查建议,D:\openclaw-workspace\knowledge\11-杂志文献\财政监督\002中国式现代化引领财政现代化的历史脉络与展望.md
MAGSUPV-0073,002努力做到三个“紧紧跟随”以主题教育推动财政监管事业高质量发展案例检测算法,杂志案例算法,algorithm,P0,L3,监督检查与经费舞弊 / 全场景通用 / 金融审计,财政监督/监督检查与经费舞弊,真实性,review_sentinel / data_scout,财政监督,002努力做到三个“紧紧跟随”以主题教育推动财政监管事业高质量发展,002努力做到三个“紧紧跟随”以主题教育推动财政监管事业高质量发展,风险；低效；闲置；内控；真实性；绩效,数据；支付；预算；决算；资产；资金；会计；工作底稿,评价；核查；穿透；监测；分析；研究；体系；机制；方法；大数据,基于杂志案例《002努力做到三个“紧紧跟随”以主题教育推动财政监管事业高质量发展》提炼“002努力做到三个“紧紧跟随”以主题教育推动财政监管事业高质量发展”审计算法/规则，用于复用审计经验、生成疑点线索和核查程序。,文章案例文本；审计事项清单；问题线索台账；审计证据资料；预算指标表；财政支出明细；项目资金台账；内控制度；会计凭证；工作底稿,002努力做到三个“紧紧跟随”以主题教育推动财政监管事业高质量发展疑点清单、命中规则、风险等级、证据链、核查建议,D:\openclaw-workspace\knowledge\11-杂志文献\财政监督\002努力做到三个“紧紧跟随”以主题教育推动财政监管事业高质量发展.md
MAGSUPV-0074,002多措并举持续推动绩效评价提质增效案例检测算法,杂志案例算法,algorithm,P0,L3,监督检查与经费舞弊 / 全场景通用 / 金融审计,财政监督/监督检查与经费舞弊,案例规则,review_sentinel / data_scout,财政监督,002多措并举持续推动绩效评价提质增效,002多措并举持续推动绩效评价提质增效,真实性；绩效；偏离,数据；清单；支付；预算；指标；样本；报表；采购；绩效目标；资产；资金；会计,规则；指标；评价；评分；比对；核查；关联；监测；分析；审查；研究；体系,基于杂志案例《002多措并举持续推动绩效评价提质增效》提炼“002多措并举持续推动绩效评价提质增效”审计算法/规则，用于复用审计经验、生成疑点线索和核查程序。,文章案例文本；审计事项清单；问题线索台账；审计证据资料；绩效目标表；绩效评价指标；产出效果数据；内控制度；会计凭证；工作底稿,002多措并举持续推动绩效评价提质增效疑点清单、命中规则、风险等级、证据链、核查建议,D:\openclaw-workspace\knowledge\11-杂志文献\财政监督\002多措并举持续推动绩效评价提质增效.md
MAGTAX-0004,002系统推进财政内控制度建设的脉络、维度与进路内控核查包,杂志内控包,control_pack,P0,L2,税务审计 / 预算执行与财政管理 / 财政与政府债务,财政监督/税务审计,内控缺陷,data_scout / law_inspector,财政监督,002系统推进财政内控制度建设的脉络、维度与进路,002系统推进财政内控制度建设的脉络、维度与进路,违规；风险；内控；绩效；预警；违法,数据；合同；支付；预算；决算；指标；采购；资产；税收；资金；会计,算法；规则；指标；评价；核查；穿透；关联；预警；分析；研究；体系；路径,基于杂志案例《002系统推进财政内控制度建设的脉络、维度与进路》提炼“002系统推进财政内控制度建设的脉络、维度与进路”审计算法/规则，用于复用审计经验、生成疑点线索和核查程序。,文章案例文本；审计事项清单；问题线索台账；审计证据资料；预算指标表；财政支出明细；项目资金台账；内控制度；会计凭证；工作底稿,002系统推进财政内控制度建设的脉络、维度与进路控制点、缺陷类型、责任环节、整改建议、复核状态,D:\openclaw-workspace\knowledge\11-杂志文献\财政监督\002系统推进财政内控制度建设的脉络、维度与进路.md
MAGFIN-0011,003中国式现代化进程中财会监督发展历程与展望案例检测算法,杂志案例算法,algorithm,P0,L3,金融审计 / 国企审计 / 监督检查与经费舞弊,财政监督/金融审计,案例规则,data_scout / contract_hound,财政监督,003中国式现代化进程中财会监督发展历程与展望,003中国式现代化进程中财会监督发展历程与展望,违规；风险；挪用；损失；内控；绩效；漏洞,数据；预算；指标；采购；税收；资金；会计,算法；规则；指标；评价；核查；分析；研究；体系；机制；方法；大数据；人工智能,基于杂志案例《003中国式现代化进程中财会监督发展历程与展望》提炼“003中国式现代化进程中财会监督发展历程与展望”审计算法/规则，用于复用审计经验、生成疑点线索和核查程序。,文章案例文本；审计事项清单；问题线索台账；审计证据资料；内控制度；会计凭证；工作底稿；整改台账；合同流水；授信审批,003中国式现代化进程中财会监督发展历程与展望疑点清单、命中规则、风险等级、证据链、核查建议,D:\openclaw-workspace\knowledge\11-杂志文献\财政监督\003中国式现代化进程中财会监督发展历程与展望.md
MAGSUPV-0075,003充分发挥绩效评价“手术刀”作用，为财政经济高质量发展提供坚强保障案例指标包,杂志指标包,indicator_pack,P1,L3,监督检查与经费舞弊 / 全场景通用 / 金融审计,财政监督/监督检查与经费舞弊,绩效偏离,review_sentinel / data_scout,财政监督,003充分发挥绩效评价“手术刀”作用，为财政经济高质量发展提供坚强保障,003充分发挥绩效评价“手术刀”作用，为财政经济高质量发展提供坚强保障,风险；低效；绩效；偏离,台账；支付；预算；指标；样本；采购；资产；资金；会计,规则；指标；评价；评分；分析；研究；体系；路径；机制,基于杂志案例《003充分发挥绩效评价“手术刀”作用，为财政经济高质量发展提供坚强保障》提炼“003充分发挥绩效评价“手术刀”作用，为财政经济高质量发展提供坚强保障”审计算法/规则，用于复用审计经验、生成疑点线索和核查程序。,文章案例文本；审计事项清单；问题线索台账；审计证据资料；预算指标表；财政支出明细；项目资金台账；绩效目标表；绩效评价指标；产出效果数据,003充分发挥绩效评价“手术刀”作用，为财政经济高质量发展提供坚强保障指标、标准值、实际值、偏离率、评分和扣分原因,D:\openclaw-workspace\knowledge\11-杂志文献\财政监督\003充分发挥绩效评价“手术刀”作用，为财政经济高质量发展提供坚强保障.md
MAGAGR-0010,003财政中心工作以主题教育开展成效推动财政监管工作高质量发展案例检测算法,杂志案例算法,algorithm,P0,L3,农业农村审计 / 金融审计 / 财政与政府债务,财政监督/农业农村审计,真实性,data_scout / law_inspector,财政监督,003财政中心工作以主题教育开展成效推动财政监管工作高质量发展,003财政中心工作以主题教育开展成效推动财政监管工作高质量发展,风险；内控；腐败,清单；支付；预算；问卷；资产,评价；分析；研究；体系；机制；方法,基于杂志案例《003财政中心工作以主题教育开展成效推动财政监管工作高质量发展》提炼“003财政中心工作以主题教育开展成效推动财政监管工作高质量发展”审计算法/规则，用于复用审计经验、生成疑点线索和核查程序。,文章案例文本；审计事项清单；问题线索台账；审计证据资料；预算指标表；财政支出明细；项目资金台账；合同流水；授信审批；还款记录,003财政中心工作以主题教育开展成效推动财政监管工作高质量发展疑点清单、命中规则、风险等级、证据链、核查建议,D:\openclaw-workspace\knowledge\11-杂志文献\财政监督\003财政中心工作以主题教育开展成效推动财政监管工作高质量发展.md
MAGTAX-0005,003适应新时代财政治理需要扎实推进监管局内控工作案例指标包,杂志指标包,indicator_pack,P1,L3,税务审计 / 预算执行与财政管理 / 财政与政府债务,财政监督/税务审计,绩效偏离,data_scout / law_inspector,财政监督,003适应新时代财政治理需要扎实推进监管局内控工作,003适应新时代财政治理需要扎实推进监管局内控工作,风险；内控；绩效,数据；预算；审批；税收；会计,核查；分析；研究；体系；路径；机制；方法,基于杂志案例《003适应新时代财政治理需要扎实推进监管局内控工作》提炼“003适应新时代财政治理需要扎实推进监管局内控工作”审计算法/规则，用于复用审计经验、生成疑点线索和核查程序。,文章案例文本；审计事项清单；问题线索台账；审计证据资料；预算指标表；财政支出明细；项目资金台账；内控制度；会计凭证；工作底稿,003适应新时代财政治理需要扎实推进监管局内控工作指标、标准值、实际值、偏离率、评分和扣分原因,D:\openclaw-workspace\knowledge\11-杂志文献\财政监督\003适应新时代财政治理需要扎实推进监管局内控工作.md
MAGSOC-0009,004中国式现代化预算绩效管理改革之路案例检测算法,杂志案例算法,algorithm,P0,L3,民生与社保医保 / 预算执行与财政管理 / 招投标与政府采购,财政监督/民生与社保医保,案例规则,data_scout / performance_evaluator,财政监督,004中国式现代化预算绩效管理改革之路,004中国式现代化预算绩效管理改革之路,风险；低效；闲置；绩效,支付；预算；指标；采购；绩效目标；资产；碳排放；税收；资金,算法；规则；指标；评价；识别；分析；审查；研究；体系；路径；机制；方法,基于杂志案例《004中国式现代化预算绩效管理改革之路》提炼“004中国式现代化预算绩效管理改革之路”审计算法/规则，用于复用审计经验、生成疑点线索和核查程序。,文章案例文本；审计事项清单；问题线索台账；审计证据资料；预算指标表；财政支出明细；项目资金台账；绩效目标表；绩效评价指标；产出效果数据,004中国式现代化预算绩效管理改革之路疑点清单、命中规则、风险等级、证据链、核查建议,D:\openclaw-workspace\knowledge\11-杂志文献\财政监督\004中国式现代化预算绩效管理改革之路.md
MAGSUPV-0076,004学思践悟正风促干以主题教育推动财会监督事业高质量发展案例检测算法,杂志案例算法,algorithm,P0,L3,监督检查与经费舞弊 / 全场景通用 / 金融审计,财政监督/监督检查与经费舞弊,真实性,review_sentinel / data_scout,财政监督,004学思践悟正风促干以主题教育推动财会监督事业高质量发展,004学思践悟正风促干以主题教育推动财会监督事业高质量发展,风险；内控；绩效,数据；台账；支付；预算；决算；税收；资金；会计,规则；评价；核查；监测；分析；研究；体系；机制；方法,基于杂志案例《004学思践悟正风促干以主题教育推动财会监督事业高质量发展》提炼“004学思践悟正风促干以主题教育推动财会监督事业高质量发展”审计算法/规则，用于复用审计经验、生成疑点线索和核查程序。,文章案例文本；审计事项清单；问题线索台账；审计证据资料；内控制度；会计凭证；工作底稿；整改台账；合同流水；授信审批,004学思践悟正风促干以主题教育推动财会监督事业高质量发展疑点清单、命中规则、风险等级、证据链、核查建议,D:\openclaw-workspace\knowledge\11-杂志文献\财政监督\004学思践悟正风促干以主题教育推动财会监督事业高质量发展.md
MAGSOC-0010,004秉持四字原则注重实效实绩，打造全链条绩效评价闭环管理体系案例指标包,杂志指标包,indicator_pack,P1,L3,民生与社保医保 / 预算执行与财政管理 / 招投标与政府采购,财政监督/民生与社保医保,绩效偏离,data_scout / performance_evaluator,财政监督,004秉持四字原则注重实效实绩，打造全链条绩效评价闭环管理体系,004秉持四字原则注重实效实绩，打造全链条绩效评价闭环管理体系,风险；内控；完整性；绩效；失真；错报,数据；清单；支付；预算；指标；项目库；问卷；绩效目标；申报；资金,规则；指标；评价；评分；测算；分析；研究；体系；路径；机制；方法,基于杂志案例《004秉持四字原则注重实效实绩，打造全链条绩效评价闭环管理体系》提炼“004秉持四字原则注重实效实绩，打造全链条绩效评价闭环管理体系”审计算法/规则，用于复用审计经验、生成疑点线索和核查程序。,文章案例文本；审计事项清单；问题线索台账；审计证据资料；预算指标表；财政支出明细；项目资金台账；绩效目标表；绩效评价指标；产出效果数据,004秉持四字原则注重实效实绩，打造全链条绩效评价闭环管理体系指标、标准值、实际值、偏离率、评分和扣分原因,D:\openclaw-workspace\knowledge\11-杂志文献\财政监督\004秉持四字原则注重实效实绩，打造全链条绩效评价闭环管理体系.md
MAGBUD-0007,004财政内控理论、实践与未来展望案例检测算法,杂志案例算法,algorithm,P0,L3,预算执行与财政管理 / 财政与政府债务 / 绩效评价,财政监督/预算执行与财政管理,案例规则,budget_estimator / data_scout,财政监督,004财政内控理论、实践与未来展望,004财政内控理论、实践与未来展望,异常；风险；虚假；内控；绩效；预警,数据；预算；指标；采购；资产；资金；会计,模型；规则；指标；评价；预警；识别；分析；研究；体系；路径；机制；方法,基于杂志案例《004财政内控理论、实践与未来展望》提炼“004财政内控理论、实践与未来展望”审计算法/规则，用于复用审计经验、生成疑点线索和核查程序。,文章案例文本；审计事项清单；问题线索台账；审计证据资料；预算指标表；财政支出明细；项目资金台账；绩效目标表；绩效评价指标；产出效果数据,004财政内控理论、实践与未来展望疑点清单、命中规则、风险等级、证据链、核查建议,D:\openclaw-workspace\knowledge\11-杂志文献\财政监督\004财政内控理论、实践与未来展望.md
MAGBUD-0008,005厚植绩效理念坚持守土尽责，做深做实转移支付资金绩效评价工作案例检测算法,杂志案例算法,algorithm,P0,L3,预算执行与财政管理 / 财政与政府债务 / 绩效评价,财政监督/预算执行与财政管理,案例规则,budget_estimator / data_scout,财政监督,005厚植绩效理念坚持守土尽责，做深做实转移支付资金绩效评价工作,005厚植绩效理念坚持守土尽责，做深做实转移支付资金绩效评价工作,违规；套取；损失；内控；真实性；绩效；偏离,台账；清单；凭证；支付；预算；指标；申报；资金,规则；指标；评价；核查；分析；研究；体系；机制；方法,基于杂志案例《005厚植绩效理念坚持守土尽责，做深做实转移支付资金绩效评价工作》提炼“005厚植绩效理念坚持守土尽责，做深做实转移支付资金绩效评价工作”审计算法/规则，用于复用审计经验、生成疑点线索和核查程序。,文章案例文本；审计事项清单；问题线索台账；审计证据资料；预算指标表；财政支出明细；项目资金台账；绩效目标表；绩效评价指标；产出效果数据,005厚植绩效理念坚持守土尽责，做深做实转移支付资金绩效评价工作疑点清单、命中规则、风险等级、证据链、核查建议,D:\openclaw-workspace\knowledge\11-杂志文献\财政监督\005厚植绩效理念坚持守土尽责，做深做实转移支付资金绩效评价工作.md
MAGSOC-0011,005新时代人大预算监督改革回顾与展望案例检测算法,杂志案例算法,algorithm,P0,L3,民生与社保医保 / 预算执行与财政管理 / 招投标与政府采购,财政监督/民生与社保医保,案例规则,data_scout / performance_evaluator,财政监督,005新时代人大预算监督改革回顾与展望,005新时代人大预算监督改革回顾与展望,风险；真实性；绩效；违法,数据；支付；预算；决算；招标；绩效目标；资产；资金,算法；评价；分析；审查；研究；体系；路径；机制；方法；大数据；人工智能,基于杂志案例《005新时代人大预算监督改革回顾与展望》提炼“005新时代人大预算监督改革回顾与展望”审计算法/规则，用于复用审计经验、生成疑点线索和核查程序。,文章案例文本；审计事项清单；问题线索台账；审计证据资料；预算指标表；财政支出明细；项目资金台账；内控制度；会计凭证；工作底稿,005新时代人大预算监督改革回顾与展望疑点清单、命中规则、风险等级、证据链、核查建议,D:\openclaw-workspace\knowledge\11-杂志文献\财政监督\005新时代人大预算监督改革回顾与展望.md
MAGAGR-0011,005紧紧围绕主题教育总要求推动财会监督高质量发展案例检测算法,杂志案例算法,algorithm,P0,L3,农业农村审计 / 金融审计 / 财政与政府债务,财政监督/农业农村审计,真实性,data_scout / law_inspector,财政监督,005紧紧围绕主题教育总要求推动财会监督高质量发展,005紧紧围绕主题教育总要求推动财会监督高质量发展,违规；风险；违法,支付；预算；指标；资产；税收；资金；会计,算法；指标；核查；监测；分析；研究；体系；机制；方法,基于杂志案例《005紧紧围绕主题教育总要求推动财会监督高质量发展》提炼“005紧紧围绕主题教育总要求推动财会监督高质量发展”审计算法/规则，用于复用审计经验、生成疑点线索和核查程序。,文章案例文本；审计事项清单；问题线索台账；审计证据资料；预算指标表；财政支出明细；项目资金台账；内控制度；会计凭证；工作底稿,005紧紧围绕主题教育总要求推动财会监督高质量发展疑点清单、命中规则、风险等级、证据链、核查建议,D:\openclaw-workspace\knowledge\11-杂志文献\财政监督\005紧紧围绕主题教育总要求推动财会监督高质量发展.md
MAGTAX-0006,005财政内部控制建设述评与展望案例检测算法,杂志案例算法,algorithm,P0,L3,税务审计 / 预算执行与财政管理 / 财政与政府债务,财政监督/税务审计,案例规则,data_scout / law_inspector,财政监督,005财政内部控制建设述评与展望,005财政内部控制建设述评与展望,违规；风险；舞弊；内控；绩效；预警；腐败,数据；预算；指标；审批；采购；资产；税收；资金；会计,指标；评价；预警；监测；识别；分析；审查；研究；体系；机制；方法；大数据,基于杂志案例《005财政内部控制建设述评与展望》提炼“005财政内部控制建设述评与展望”审计算法/规则，用于复用审计经验、生成疑点线索和核查程序。,文章案例文本；审计事项清单；问题线索台账；审计证据资料；预算指标表；财政支出明细；项目资金台账；纳税申报表；发票明细；税收优惠台账,005财政内部控制建设述评与展望疑点清单、命中规则、风险等级、证据链、核查建议,D:\openclaw-workspace\knowledge\11-杂志文献\财政监督\005财政内部控制建设述评与展望.md
MAGFIN-0012,006把“两个结合”融人财政工作中案例指标包,杂志指标包,indicator_pack,P1,L3,金融审计 / 国企审计 / 监督检查与经费舞弊,财政监督/金融审计,绩效偏离,data_scout / contract_hound,财政监督,006把“两个结合”融人财政工作中,006把“两个结合”融人财政工作中,风险,税收；会计,评价；研究；体系；方法,基于杂志案例《006把“两个结合”融人财政工作中》提炼“006把“两个结合”融人财政工作中”审计算法/规则，用于复用审计经验、生成疑点线索和核查程序。,文章案例文本；审计事项清单；问题线索台账；审计证据资料；预算指标表；财政支出明细；项目资金台账；内控制度；会计凭证；工作底稿,006把“两个结合”融人财政工作中指标、标准值、实际值、偏离率、评分和扣分原因,D:\openclaw-workspace\knowledge\11-杂志文献\财政监督\006把“两个结合”融人财政工作中.md
MAGBUD-0009,006财政运行综合绩效评价案例检测算法,杂志案例算法,algorithm,P0,L3,预算执行与财政管理 / 财政与政府债务 / 绩效评价,财政监督/预算执行与财政管理,案例规则,budget_estimator / data_scout,财政监督,006财政运行综合绩效评价,006财政运行综合绩效评价,风险；绩效,支付；预算；指标,指标；评价；监测；分析；研究；体系；路径；方法,基于杂志案例《006财政运行综合绩效评价》提炼“006财政运行综合绩效评价”审计算法/规则，用于复用审计经验、生成疑点线索和核查程序。,文章案例文本；审计事项清单；问题线索台账；审计证据资料；预算指标表；财政支出明细；项目资金台账；绩效目标表；绩效评价指标；产出效果数据,006财政运行综合绩效评价疑点清单、命中规则、风险等级、证据链、核查建议,D:\openclaw-workspace\knowledge\11-杂志文献\财政监督\006财 政 运 行 综 合 绩 效 评 价.md
MAGFIN-0013,006财政监督论案例检测算法,杂志案例算法,algorithm,P0,L3,金融审计 / 国企审计 / 监督检查与经费舞弊,财政监督/金融审计,案例规则,data_scout / contract_hound,财政监督,006财政监督论,006财政监督论,挪用；违法,支付；预算；决算；审批；税收；资金；会计,算法；分析；审查；研究；体系；机制；方法,基于杂志案例《006财政监督论》提炼“006财政监督论”审计算法/规则，用于复用审计经验、生成疑点线索和核查程序。,文章案例文本；审计事项清单；问题线索台账；审计证据资料；预算指标表；财政支出明细；项目资金台账；内控制度；会计凭证；工作底稿,006财政监督论疑点清单、命中规则、风险等级、证据链、核查建议,D:\openclaw-workspace\knowledge\11-杂志文献\财政监督\006财政监督论.md
MAGSUPV-0077,006预算绩效评价理念嬗变及基本问题案例检测算法,杂志案例算法,algorithm,P0,L3,监督检查与经费舞弊 / 全场景通用 / 金融审计,财政监督/监督检查与经费舞弊,案例规则,review_sentinel / data_scout,财政监督,006预算绩效评价理念嬗变及基本问题,006预算绩效评价理念嬗变及基本问题,风险；缺陷；绩效；偏离；预警；形式主义,数据；凭证；支付；预算；指标；审批；绩效目标；税收；资金；会计,算法；模型；指标；评价；关联；预警；监测；分析；审查；研究；体系；路径,基于杂志案例《006预算绩效评价理念嬗变及基本问题》提炼“006预算绩效评价理念嬗变及基本问题”审计算法/规则，用于复用审计经验、生成疑点线索和核查程序。,文章案例文本；审计事项清单；问题线索台账；审计证据资料；预算指标表；财政支出明细；项目资金台账；绩效目标表；绩效评价指标；产出效果数据,006预算绩效评价理念嬗变及基本问题疑点清单、命中规则、风险等级、证据链、核查建议,D:\openclaw-workspace\knowledge\11-杂志文献\财政监督\006预算绩效评价理念嬗变及基本问题.md
MAGSOC-0012,007如何进一步强化财政暂付款监管案例检测算法,杂志案例算法,algorithm,P0,L3,民生与社保医保 / 预算执行与财政管理 / 招投标与政府采购,财政监督/民生与社保医保,案例规则,data_scout / performance_evaluator,财政监督,007如何进一步强化财政暂付款监管,007如何进一步强化财政暂付款监管,违规；异常；风险；超预算；挪用；损失；低效；闲置；绩效；预警；违法；隐患,数据；台账；清单；支付；预算；审批；结算；绩效目标；资产；资金；会计,算法；评价；核查；预警；监测；测算；分析；审查；研究；体系；路径；机制,基于杂志案例《007如何进一步强化财政暂付款监管》提炼“007如何进一步强化财政暂付款监管”审计算法/规则，用于复用审计经验、生成疑点线索和核查程序。,文章案例文本；审计事项清单；问题线索台账；审计证据资料；预算指标表；财政支出明细；项目资金台账；采购公告；投标文件；供应商信息,007如何进一步强化财政暂付款监管疑点清单、命中规则、风险等级、证据链、核查建议,D:\openclaw-workspace\knowledge\11-杂志文献\财政监督\007如何进一步强化财政暂付款监管.md
MAGBUD-0010,007把握重点突破难点逐步推进财政运行综合绩效评价全覆盖案例指标包,杂志指标包,indicator_pack,P1,L3,预算执行与财政管理 / 财政与政府债务 / 绩效评价,财政监督/预算执行与财政管理,绩效偏离,budget_estimator / data_scout,财政监督,007把握重点突破难点逐步推进财政运行综合绩效评价全覆盖,007把握重点突破难点逐步推进财政运行综合绩效评价全覆盖,违规；完整性；绩效；违法,数据；支付；预算；指标；资金,指标；评价；关联；分析；研究；体系；机制；方法,基于杂志案例《007把握重点突破难点逐步推进财政运行综合绩效评价全覆盖》提炼“007把握重点突破难点逐步推进财政运行综合绩效评价全覆盖”审计算法/规则，用于复用审计经验、生成疑点线索和核查程序。,文章案例文本；审计事项清单；问题线索台账；审计证据资料；预算指标表；财政支出明细；项目资金台账；绩效目标表；绩效评价指标；产出效果数据,007把握重点突破难点逐步推进财政运行综合绩效评价全覆盖指标、标准值、实际值、偏离率、评分和扣分原因,D:\openclaw-workspace\knowledge\11-杂志文献\财政监督\007把握重点突破难点逐步推进财政运行综合绩效评价全覆盖.md
MAGSUPV-0078,007新时代政府预算绩效管理的现实与前瞻案例检测算法,杂志案例算法,algorithm,P0,L3,监督检查与经费舞弊 / 全场景通用 / 金融审计,财政监督/监督检查与经费舞弊,案例规则,review_sentinel / data_scout,财政监督,007新时代政府预算绩效管理的现实与前瞻,007新时代政府预算绩效管理的现实与前瞻,风险；绩效,数据；明细；预算；指标；绩效目标；资产；资金；会计,指标；评价；识别；分析；审查；研究；体系；路径；机制；方法；数字化；大数据,基于杂志案例《007新时代政府预算绩效管理的现实与前瞻》提炼“007新时代政府预算绩效管理的现实与前瞻”审计算法/规则，用于复用审计经验、生成疑点线索和核查程序。,文章案例文本；审计事项清单；问题线索台账；审计证据资料；预算指标表；财政支出明细；项目资金台账；绩效目标表；绩效评价指标；产出效果数据,007新时代政府预算绩效管理的现实与前瞻疑点清单、命中规则、风险等级、证据链、核查建议,D:\openclaw-workspace\knowledge\11-杂志文献\财政监督\007新时代政府预算绩效管理的现实与前瞻.md
MAGBUD-0011,007财务运行综合绩效评价：怎么评？如何用？（上）案例检测算法,杂志案例算法,algorithm,P0,L3,预算执行与财政管理 / 财政与政府债务 / 绩效评价,财政监督/预算执行与财政管理,案例规则,budget_estimator / data_scout,财政监督,007财务运行综合绩效评价：怎么评？如何用？（上）,007财务运行综合绩效评价：怎么评？如何用？（上）,风险；绩效,数据；支付；预算；指标,指标；评价；监测；分析；研究；体系；路径；方法,基于杂志案例《007财务运行综合绩效评价：怎么评？如何用？（上）》提炼“007财务运行综合绩效评价：怎么评？如何用？（上）”审计算法/规则，用于复用审计经验、生成疑点线索和核查程序。,文章案例文本；审计事项清单；问题线索台账；审计证据资料；预算指标表；财政支出明细；项目资金台账；绩效目标表；绩效评价指标；产出效果数据,007财务运行综合绩效评价：怎么评？如何用？（上）疑点清单、命中规则、风险等级、证据链、核查建议,D:\openclaw-workspace\knowledge\11-杂志文献\财政监督\007财务运行综合绩效评价：怎么评？如何用？（上）.md
MAGBUD-0012,008中国式现代化是以人为核心的现代化案例检测算法,杂志案例算法,algorithm,P0,L3,预算执行与财政管理 / 财政与政府债务 / 绩效评价,财政监督/预算执行与财政管理,案例规则,budget_estimator / data_scout,财政监督,008中国式现代化是以人为核心的现代化,008中国式现代化是以人为核心的现代化,偏离,指标,指标；关联；研究；路径；数字化,基于杂志案例《008中国式现代化是以人为核心的现代化》提炼“008中国式现代化是以人为核心的现代化”审计算法/规则，用于复用审计经验、生成疑点线索和核查程序。,文章案例文本；审计事项清单；问题线索台账；审计证据资料；预算指标表；财政支出明细；项目资金台账；绩效目标表；绩效评价指标；产出效果数据,008中国式现代化是以人为核心的现代化疑点清单、命中规则、风险等级、证据链、核查建议,D:\openclaw-workspace\knowledge\11-杂志文献\财政监督\008中国式现代化是以人为核心的现代化.md
MAGBUD-0013,008成本预算绩效分析中的成本标准核定方法分析案例规则包,杂志规则包,rule_pack,P1,L2,预算执行与财政管理 / 财政与政府债务 / 绩效评价,财政监督/预算执行与财政管理,合规性,budget_estimator / data_scout,财政监督,008成本预算绩效分析中的成本标准核定方法分析,008成本预算绩效分析中的成本标准核定方法分析,绩效,数据；预算；指标；绩效目标；缴纳；资金,指标；分析；检测；研究；体系；方法,基于杂志案例《008成本预算绩效分析中的成本标准核定方法分析》提炼“008成本预算绩效分析中的成本标准核定方法分析”审计算法/规则，用于复用审计经验、生成疑点线索和核查程序。,文章案例文本；审计事项清单；问题线索台账；审计证据资料；预算指标表；财政支出明细；项目资金台账；绩效目标表；绩效评价指标；产出效果数据,008成本预算绩效分析中的成本标准核定方法分析规则编号、触发条件、适用场景、证据资料、处理建议,D:\openclaw-workspace\knowledge\11-杂志文献\财政监督\008成本预算绩效分析中的成本标准核定方法分析.md
MAGBUD-0014,008探索构建符合省、市、县、乡镇特点多层次的财政运行综合绩效评价指标体案例检测算法,杂志案例算法,algorithm,P0,L3,预算执行与财政管理 / 财政与政府债务 / 绩效评价,财政监督/预算执行与财政管理,案例规则,budget_estimator / data_scout,财政监督,008探索构建符合省、市、县、乡镇特点多层次的财政运行综合绩效评价指标体系,008探索构建符合省、市、县、乡镇特点多层次的财政运行综合绩效评价指标体,风险；绩效；失真,数据；指标；绩效目标,指标；评价；分析；研究；体系；机制；数字化,基于杂志案例《008探索构建符合省、市、县、乡镇特点多层次的财政运行综合绩效评价指标体系》提炼“008探索构建符合省、市、县、乡镇特点多层次的财政运行综合绩效评价指标体”审计算法/规则，用于复用审计经验、生成疑点线索和核查程序。,文章案例文本；审计事项清单；问题线索台账；审计证据资料；预算指标表；财政支出明细；项目资金台账；绩效目标表；绩效评价指标；产出效果数据,008探索构建符合省、市、县、乡镇特点多层次的财政运行综合绩效评价指标体疑点清单、命中规则、风险等级、证据链、核查建议,D:\openclaw-workspace\knowledge\11-杂志文献\财政监督\008探索构建符合省、市、县、乡镇特点多层次的财政运行综合绩效评价指标体系.md
MAGTAX-0007,008构建“三全”预算绩效管理体系做实财政运行综合绩效评价案例检测算法,杂志案例算法,algorithm,P0,L3,税务审计 / 预算执行与财政管理 / 财政与政府债务,财政监督/税务审计,案例规则,data_scout / law_inspector,财政监督,008构建“三全”预算绩效管理体系做实财政运行综合绩效评价,008构建“三全”预算绩效管理体系做实财政运行综合绩效评价,风险；绩效；预警,数据；支付；预算；决算；指标；绩效目标；资产；税收；资金；会计,指标；评价；关联；预警；监测；分析；研究；体系；机制；方法,基于杂志案例《008构建“三全”预算绩效管理体系做实财政运行综合绩效评价》提炼“008构建“三全”预算绩效管理体系做实财政运行综合绩效评价”审计算法/规则，用于复用审计经验、生成疑点线索和核查程序。,文章案例文本；审计事项清单；问题线索台账；审计证据资料；预算指标表；财政支出明细；项目资金台账；绩效目标表；绩效评价指标；产出效果数据,008构建“三全”预算绩效管理体系做实财政运行综合绩效评价疑点清单、命中规则、风险等级、证据链、核查建议,D:\openclaw-workspace\knowledge\11-杂志文献\财政监督\008构建“三全”预算绩效管理体系做实财政运行综 合绩效评价.md
MAGAGR-0012,009因地制宜探索创新财政运行综合绩效评价实践案例检测算法,杂志案例算法,algorithm,P0,L3,农业农村审计 / 金融审计 / 财政与政府债务,财政监督/农业农村审计,案例规则,data_scout / law_inspector,财政监督,009因地制宜探索创新财政运行综合绩效评价实践,009因地制宜探索创新财政运行综合绩效评价实践,风险；完整性；绩效；腐败,数据；预算；指标；样本；结算；税收；资金,模型；指标；评价；评分；分析；研究；体系；路径；机制；方法；数字化,基于杂志案例《009因地制宜探索创新财政运行综合绩效评价实践》提炼“009因地制宜探索创新财政运行综合绩效评价实践”审计算法/规则，用于复用审计经验、生成疑点线索和核查程序。,文章案例文本；审计事项清单；问题线索台账；审计证据资料；预算指标表；财政支出明细；项目资金台账；绩效目标表；绩效评价指标；产出效果数据,009因地制宜探索创新财政运行综合绩效评价实践疑点清单、命中规则、风险等级、证据链、核查建议,D:\openclaw-workspace\knowledge\11-杂志文献\财政监督\009因地制宜探索创新财政运行综合绩效评价实践.md
MAGBUD-0015,009多措并举推进财政运行综合绩效评价结果运用案例检测算法,杂志案例算法,algorithm,P0,L3,预算执行与财政管理 / 财政与政府债务 / 绩效评价,财政监督/预算执行与财政管理,案例规则,budget_estimator / data_scout,财政监督,009多措并举推进财政运行综合绩效评价结果运用,009多措并举推进财政运行综合绩效评价结果运用,风险；绩效,数据；支付；预算；指标；报表；资金,指标；评价；监测；识别；分析；体系；机制；大数据,基于杂志案例《009多措并举推进财政运行综合绩效评价结果运用》提炼“009多措并举推进财政运行综合绩效评价结果运用”审计算法/规则，用于复用审计经验、生成疑点线索和核查程序。,文章案例文本；审计事项清单；问题线索台账；审计证据资料；预算指标表；财政支出明细；项目资金台账；绩效目标表；绩效评价指标；产出效果数据,009多措并举推进财政运行综合绩效评价结果运用疑点清单、命中规则、风险等级、证据链、核查建议,D:\openclaw-workspace\knowledge\11-杂志文献\财政监督\009多措并举推进财政运行综合绩效评价结果运用.md
MAGSUPV-0079,009牢基础、强监管：新时代改进代理记账工作再加力(上)案例检测算法,杂志案例算法,algorithm,P0,L3,监督检查与经费舞弊 / 全场景通用 / 金融审计,财政监督/监督检查与经费舞弊,案例规则,review_sentinel / data_scout,财政监督,009牢基础、强监管：新时代改进代理记账工作再加力(上),009牢基础、强监管：新时代改进代理记账工作再加力(上),违规；风险；虚假；重复；真实性；完整性；绩效；违法；漏洞,数据；支付；报表；审批；招标；申报；会计,核查；分析；研究；体系；机制；方法；数字化；大数据,基于杂志案例《009牢基础、强监管：新时代改进代理记账工作再加力(上)》提炼“009牢基础、强监管：新时代改进代理记账工作再加力(上)”审计算法/规则，用于复用审计经验、生成疑点线索和核查程序。,文章案例文本；审计事项清单；问题线索台账；审计证据资料；内控制度；会计凭证；工作底稿；整改台账；合同流水；授信审批,009牢基础、强监管：新时代改进代理记账工作再加力(上)疑点清单、命中规则、风险等级、证据链、核查建议,D:\openclaw-workspace\knowledge\11-杂志文献\财政监督\009牢基础、强监管：新时代改进代理记 账工作再加力(上).md
MAGSOC-0013,010关于数字化转型背景下政务信息化项目事前绩效评估的思考案例检测算法,杂志案例算法,algorithm,P0,L4,民生与社保医保 / 预算执行与财政管理 / 招投标与政府采购,财政监督/民生与社保医保,案例规则,data_scout / performance_evaluator,财政监督,010关于数字化转型背景下政务信息化项目事前绩效评估的思考,010关于数字化转型背景下政务信息化项目事前绩效评估的思考,风险；重复；闲置；完整性；绩效；偏离,数据；清单；预算；指标；项目库；审批；招标；绩效目标；资金,规则；指标；评价；关联；测算；研究；体系；机制；方法；数字化；大数据；人工智能,基于杂志案例《010关于数字化转型背景下政务信息化项目事前绩效评估的思考》提炼“010关于数字化转型背景下政务信息化项目事前绩效评估的思考”审计算法/规则，用于复用审计经验、生成疑点线索和核查程序。,文章案例文本；审计事项清单；问题线索台账；审计证据资料；预算指标表；财政支出明细；项目资金台账；绩效目标表；绩效评价指标；产出效果数据,010关于数字化转型背景下政务信息化项目事前绩效评估的思考疑点清单、命中规则、风险等级、证据链、核查建议,D:\openclaw-workspace\knowledge\11-杂志文献\财政监督\010关于数字化转型背景下政务信息化项目事前绩效评估的思考.md
MAGFIN-0014,010推动财政重点绩效评价结果应用的思考案例检测算法,杂志案例算法,algorithm,P0,L3,金融审计 / 国企审计 / 监督检查与经费舞弊,财政监督/金融审计,案例规则,data_scout / contract_hound,财政监督,010推动财政重点绩效评价结果应用的思考,010推动财政重点绩效评价结果应用的思考,违规；风险；重复；低效；完整性；绩效,数据；台账；清单；支付；预算；决算；指标；项目库；采购；绩效目标；资金；会计,算法；规则；指标；评价；评分；核查；关联；测算；分析；审查；研究；体系,基于杂志案例《010推动财政重点绩效评价结果应用的思考》提炼“010推动财政重点绩效评价结果应用的思考”审计算法/规则，用于复用审计经验、生成疑点线索和核查程序。,文章案例文本；审计事项清单；问题线索台账；审计证据资料；预算指标表；财政支出明细；项目资金台账；绩效目标表；绩效评价指标；产出效果数据,010推动财政重点绩效评价结果应用的思考疑点清单、命中规则、风险等级、证据链、核查建议,D:\openclaw-workspace\knowledge\11-杂志文献\财政监督\010推动财政重点绩效评价结果应用的思考.md
MAGBUD-0016,010部门整体支出绩效评价框架体系优化设计案例检测算法,杂志案例算法,algorithm,P0,L3,预算执行与财政管理 / 财政与政府债务 / 绩效评价,财政监督/预算执行与财政管理,案例规则,budget_estimator / data_scout,财政监督,010部门整体支出绩效评价框架体系优化设计,010部门整体支出绩效评价框架体系优化设计,缺陷；完整性；绩效；偏离,数据；清单；预算；决算；指标；报表；审批；采购；绩效目标；资产；申报；资金,模型；指标；评价；关联；分析；审查；研究；体系；机制；方法；大数据,基于杂志案例《010部门整体支出绩效评价框架体系优化设计》提炼“010部门整体支出绩效评价框架体系优化设计”审计算法/规则，用于复用审计经验、生成疑点线索和核查程序。,文章案例文本；审计事项清单；问题线索台账；审计证据资料；预算指标表；财政支出明细；项目资金台账；绩效目标表；绩效评价指标；产出效果数据,010部门整体支出绩效评价框架体系优化设计疑点清单、命中规则、风险等级、证据链、核查建议,D:\openclaw-workspace\knowledge\11-杂志文献\财政监督\010部门整体支出绩效评价框架体系优化设计.md
MAGBUD-0017,011关于基层出台财政部门预算绩效评价工作实施细则的设想案例检测算法,杂志案例算法,algorithm,P0,L3,预算执行与财政管理 / 财政与政府债务 / 绩效评价,财政监督/预算执行与财政管理,案例规则,budget_estimator / data_scout,财政监督,011关于基层出台财政部门预算绩效评价工作实施细则的设想,011关于基层出台财政部门预算绩效评价工作实施细则的设想,重复；超预算；内控；绩效；偏离；预警；漏洞；形式主义,数据；预算；指标；审批；绩效目标；资金,指标；评价；核查；预警；测算；分析；研究；体系；机制；方法,基于杂志案例《011关于基层出台财政部门预算绩效评价工作实施细则的设想》提炼“011关于基层出台财政部门预算绩效评价工作实施细则的设想”审计算法/规则，用于复用审计经验、生成疑点线索和核查程序。,文章案例文本；审计事项清单；问题线索台账；审计证据资料；预算指标表；财政支出明细；项目资金台账；绩效目标表；绩效评价指标；产出效果数据,011关于基层出台财政部门预算绩效评价工作实施细则的设想疑点清单、命中规则、风险等级、证据链、核查建议,D:\openclaw-workspace\knowledge\11-杂志文献\财政监督\011关于基层出台财政部门预算绩效评价工作实施细则的设想.md
MAGSOC-0014,011打造政策绩效评估新模式助力实体经济高质量发展案例检测算法,杂志案例算法,algorithm,P0,L3,民生与社保医保 / 预算执行与财政管理 / 招投标与政府采购,财政监督/民生与社保医保,真实性,data_scout / performance_evaluator,财政监督,011打造政策绩效评估新模式助力实体经济高质量发展,011打造政策绩效评估新模式助力实体经济高质量发展,风险；重复；不合规；绩效,数据；清单；预算；指标；问卷；申报；税收；资金,规则；指标；评价；评分；比对；关联；测算；分析；审查；研究；体系；路径,基于杂志案例《011打造政策绩效评估新模式助力实体经济高质量发展》提炼“011打造政策绩效评估新模式助力实体经济高质量发展”审计算法/规则，用于复用审计经验、生成疑点线索和核查程序。,文章案例文本；审计事项清单；问题线索台账；审计证据资料；预算指标表；财政支出明细；项目资金台账；绩效目标表；绩效评价指标；产出效果数据,011打造政策绩效评估新模式助力实体经济高质量发展疑点清单、命中规则、风险等级、证据链、核查建议,D:\openclaw-workspace\knowledge\11-杂志文献\财政监督\011打造政策绩效评估新模式助力实体经济高质量发展.md
MAGSUPV-0080,011深化结果应用推进财政“大绩效”管理提质增效案例指标包,杂志指标包,indicator_pack,P1,L3,监督检查与经费舞弊 / 全场景通用 / 金融审计,财政监督/监督检查与经费舞弊,绩效偏离,review_sentinel / data_scout,财政监督,011深化结果应用推进财政“大绩效”管理提质增效,011深化结果应用推进财政“大绩效”管理提质增效,重复；低效；绩效；隐患,数据；清单；合同；预算；指标；审批；采购；绩效目标；资产；申报；资金；会计,指标；评价；关联；分析；审查；研究；体系；路径；机制；方法,基于杂志案例《011深化结果应用推进财政“大绩效”管理提质增效》提炼“011深化结果应用推进财政“大绩效”管理提质增效”审计算法/规则，用于复用审计经验、生成疑点线索和核查程序。,文章案例文本；审计事项清单；问题线索台账；审计证据资料；预算指标表；财政支出明细；项目资金台账；绩效目标表；绩效评价指标；产出效果数据,011深化结果应用推进财政“大绩效”管理提质增效指标、标准值、实际值、偏离率、评分和扣分原因,D:\openclaw-workspace\knowledge\11-杂志文献\财政监督\011深化结果应用推进财政“大绩效”管理提质增效.md
MAGSOC-0015,012全面实施预算绩效管理的地方实践案例检测算法,杂志案例算法,algorithm,P0,L3,民生与社保医保 / 预算执行与财政管理 / 招投标与政府采购,财政监督/民生与社保医保,案例规则,data_scout / performance_evaluator,财政监督,012全面实施预算绩效管理的地方实践,012全面实施预算绩效管理的地方实践,绩效；偏离；预警,数据；台账；预算；决算；指标；项目库；绩效目标；申报；资金,指标；评价；预警；分析；审查；研究；体系；路径；机制；方法,基于杂志案例《012全面实施预算绩效管理的地方实践》提炼“012全面实施预算绩效管理的地方实践”审计算法/规则，用于复用审计经验、生成疑点线索和核查程序。,文章案例文本；审计事项清单；问题线索台账；审计证据资料；预算指标表；财政支出明细；项目资金台账；绩效目标表；绩效评价指标；产出效果数据,012全面实施预算绩效管理的地方实践疑点清单、命中规则、风险等级、证据链、核查建议,D:\openclaw-workspace\knowledge\11-杂志文献\财政监督\012全面实施预算绩效管理的地方实践.md
MAGSOC-0016,012绩效管理导向下派出所经费保障的全成本分析案例检测算法,杂志案例算法,algorithm,P0,L3,民生与社保医保 / 预算执行与财政管理 / 招投标与政府采购,财政监督/民生与社保医保,案例规则,data_scout / performance_evaluator,财政监督,012绩效管理导向下派出所经费保障的全成本分析,012绩效管理导向下派出所经费保障的全成本分析,异常；低效；绩效,数据；合同；预算；采购；资产；资金,模型；测算；分析；研究；体系；路径；机制；方法；大数据,基于杂志案例《012绩效管理导向下派出所经费保障的全成本分析》提炼“012绩效管理导向下派出所经费保障的全成本分析”审计算法/规则，用于复用审计经验、生成疑点线索和核查程序。,文章案例文本；审计事项清单；问题线索台账；审计证据资料；预算指标表；财政支出明细；项目资金台账；绩效目标表；绩效评价指标；产出效果数据,012绩效管理导向下派出所经费保障的全成本分析疑点清单、命中规则、风险等级、证据链、核查建议,D:\openclaw-workspace\knowledge\11-杂志文献\财政监督\012绩效管理导向下派出所经费保障的全成本分析.md
MAGAGR-0013,012衔接推进乡村振兴补助资金绩效评价实践探索案例检测算法,杂志案例算法,algorithm,P0,L3,农业农村审计 / 金融审计 / 财政与政府债务,财政监督/农业农村审计,案例规则,data_scout / law_inspector,财政监督,012衔接推进乡村振兴补助资金绩效评价实践探索,012衔接推进乡村振兴补助资金绩效评价实践探索,违规；风险；真实性；绩效；隐患,数据；明细；合同；凭证；流水；预算；指标；项目库；问卷；报表；采购；结算,指标；评价；核查；监测；分析；验证；体系；机制,基于杂志案例《012衔接推进乡村振兴补助资金绩效评价实践探索》提炼“012衔接推进乡村振兴补助资金绩效评价实践探索”审计算法/规则，用于复用审计经验、生成疑点线索和核查程序。,文章案例文本；审计事项清单；问题线索台账；审计证据资料；预算指标表；财政支出明细；项目资金台账；绩效目标表；绩效评价指标；产出效果数据,012衔接推进乡村振兴补助资金绩效评价实践探索疑点清单、命中规则、风险等级、证据链、核查建议,D:\openclaw-workspace\knowledge\11-杂志文献\财政监督\012衔接推进乡村振兴补助资金绩效评价实践探索.md
MAGBUD-0018,013基于业财融合的中央高校预算绩效管理实践探讨案例检测算法,杂志案例算法,algorithm,P0,L3,预算执行与财政管理 / 财政与政府债务 / 绩效评价,财政监督/预算执行与财政管理,案例规则,budget_estimator / data_scout,财政监督,013基于业财融合的中央高校预算绩效管理实践探讨,013基于业财融合的中央高校预算绩效管理实践探讨,违规；风险；重复；内控；绩效,数据；预算；决算；指标；审批；绩效目标；资产；申报；资金,算法；模型；规则；指标；评价；分析；审查；研究；体系；路径；机制；方法,基于杂志案例《013基于业财融合的中央高校预算绩效管理实践探讨》提炼“013基于业财融合的中央高校预算绩效管理实践探讨”审计算法/规则，用于复用审计经验、生成疑点线索和核查程序。,文章案例文本；审计事项清单；问题线索台账；审计证据资料；预算指标表；财政支出明细；项目资金台账；绩效目标表；绩效评价指标；产出效果数据,013基于业财融合的中央高校预算绩效管理实践探讨疑点清单、命中规则、风险等级、证据链、核查建议,D:\openclaw-workspace\knowledge\11-杂志文献\财政监督\013基于业财融合的中央高校预算绩效管理实践探讨.md
MAGTAX-0008,013巩固深化主题教育成果推动财政监管工作走深走实案例检测算法,杂志案例算法,algorithm,P1,L3,税务审计 / 预算执行与财政管理 / 财政与政府债务,财政监督/税务审计,案例规则,data_scout / law_inspector,财政监督,013巩固深化主题教育成果推动财政监管工作走深走实,013巩固深化主题教育成果推动财政监管工作走深走实,违规；绩效,数据；台账；清单；凭证；支付；预算；报表；资产；资金,比对；核查；分析；研究；机制；方法；大数据,基于杂志案例《013巩固深化主题教育成果推动财政监管工作走深走实》提炼“013巩固深化主题教育成果推动财政监管工作走深走实”审计算法/规则，用于复用审计经验、生成疑点线索和核查程序。,文章案例文本；审计事项清单；问题线索台账；审计证据资料；预算指标表；财政支出明细；项目资金台账；纳税申报表；发票明细；税收优惠台账,013巩固深化主题教育成果推动财政监管工作走深走实疑点清单、命中规则、风险等级、证据链、核查建议,D:\openclaw-workspace\knowledge\11-杂志文献\财政监督\013巩固深化主题教育成果推动财政监管工作走深走实.md
MAGSUPV-0081,013深化绩效改革与财会监督贯通协调的探讨案例检测算法,杂志案例算法,algorithm,P0,L3,监督检查与经费舞弊 / 全场景通用 / 金融审计,财政监督/监督检查与经费舞弊,案例规则,review_sentinel / data_scout,财政监督,013深化绩效改革与财会监督贯通协调的探讨,013深化绩效改革与财会监督贯通协调的探讨,违规；绩效；预警；违法,支付；预算；指标；报表；采购；绩效目标；资产；资金；会计,指标；评价；预警；分析；体系；机制；方法,基于杂志案例《013深化绩效改革与财会监督贯通协调的探讨》提炼“013深化绩效改革与财会监督贯通协调的探讨”审计算法/规则，用于复用审计经验、生成疑点线索和核查程序。,文章案例文本；审计事项清单；问题线索台账；审计证据资料；绩效目标表；绩效评价指标；产出效果数据；内控制度；会计凭证；工作底稿,013深化绩效改革与财会监督贯通协调的探讨疑点清单、命中规则、风险等级、证据链、核查建议,D:\openclaw-workspace\knowledge\11-杂志文献\财政监督\013深化绩效改革与财会监督贯通协调的探讨.md
MAGSOC-0017,014提升政府购买服务监管质效案例检测算法,杂志案例算法,algorithm,P0,L3,民生与社保医保 / 预算执行与财政管理 / 招投标与政府采购,财政监督/民生与社保医保,案例规则,data_scout / performance_evaluator,财政监督,014提升政府购买服务监管质效,014提升政府购买服务监管质效,违规；风险；重复；超标；内控；绩效；预警,数据；清单；明细；合同；支付；预算；决算；指标；采购；招标；绩效目标；申报,指标；评价；核查；预警；测算；分析；机制,基于杂志案例《014提升政府购买服务监管质效》提炼“014提升政府购买服务监管质效”审计算法/规则，用于复用审计经验、生成疑点线索和核查程序。,文章案例文本；审计事项清单；问题线索台账；审计证据资料；预算指标表；财政支出明细；项目资金台账；采购公告；投标文件；供应商信息,014提升政府购买服务监管质效疑点清单、命中规则、风险等级、证据链、核查建议,D:\openclaw-workspace\knowledge\11-杂志文献\财政监督\014提升政府购买服务监管质效.md
MAGBUD-0019,014提升行政事业单位财会监督质效的思考案例指标包,杂志指标包,indicator_pack,P1,L3,预算执行与财政管理 / 财政与政府债务 / 绩效评价,财政监督/预算执行与财政管理,绩效偏离,budget_estimator / data_scout,财政监督,014提升行政事业单位财会监督质效的思考,014提升行政事业单位财会监督质效的思考,违规；风险；内控；真实性；完整性；绩效；违法,数据；清单；合同；凭证；预算；指标；报表；审批；采购；资产；资金；会计,指标；评价；分析；体系；路径；机制；方法,基于杂志案例《014提升行政事业单位财会监督质效的思考》提炼“014提升行政事业单位财会监督质效的思考”审计算法/规则，用于复用审计经验、生成疑点线索和核查程序。,文章案例文本；审计事项清单；问题线索台账；审计证据资料；预算指标表；财政支出明细；项目资金台账；绩效目标表；绩效评价指标；产出效果数据,014提升行政事业单位财会监督质效的思考指标、标准值、实际值、偏离率、评分和扣分原因,D:\openclaw-workspace\knowledge\11-杂志文献\财政监督\014提升行政事业单位财会监督质效的思考.md
MAGSOC-0018,014数智化赋能财会监督人才培养研究案例检测算法,杂志案例算法,algorithm,P0,L3,民生与社保医保 / 预算执行与财政管理 / 招投标与政府采购,财政监督/民生与社保医保,案例规则,data_scout / performance_evaluator,财政监督,014数智化赋能财会监督人才培养研究,014数智化赋能财会监督人才培养研究,风险；重复；缺陷；预警,数据；预算；资金；会计,评价；抽样；预警；识别；分析；研究；体系；路径；机制；方法；数字化；大数据,基于杂志案例《014数智化赋能财会监督人才培养研究》提炼“014数智化赋能财会监督人才培养研究”审计算法/规则，用于复用审计经验、生成疑点线索和核查程序。,文章案例文本；审计事项清单；问题线索台账；审计证据资料；预算指标表；财政支出明细；项目资金台账；内控制度；会计凭证；工作底稿,014数智化赋能财会监督人才培养研究疑点清单、命中规则、风险等级、证据链、核查建议,D:\openclaw-workspace\knowledge\11-杂志文献\财政监督\014数智化赋能财会监督人才培养研究.md
MAGSUPV-0082,015应用“区块链”提升财会监督能力的探讨案例检测算法,杂志案例算法,algorithm,P0,L3,监督检查与经费舞弊 / 全场景通用 / 金融审计,财政监督/监督检查与经费舞弊,案例规则,review_sentinel / data_scout,财政监督,015应用“区块链”提升财会监督能力的探讨,015应用“区块链”提升财会监督能力的探讨,违规；异常；风险；重复；挪用；损失；截留；真实性；绩效；预警；漏洞,数据；合同；发票；支付；流水；预算；决算；指标；审批；采购；绩效目标；资产,算法；模型；规则；指标；评价；核查；穿透；关联；抽样；预警；识别；分析,基于杂志案例《015应用“区块链”提升财会监督能力的探讨》提炼“015应用“区块链”提升财会监督能力的探讨”审计算法/规则，用于复用审计经验、生成疑点线索和核查程序。,文章案例文本；审计事项清单；问题线索台账；审计证据资料；内控制度；会计凭证；工作底稿；整改台账；合同流水；授信审批,015应用“区块链”提升财会监督能力的探讨疑点清单、命中规则、风险等级、证据链、核查建议,D:\openclaw-workspace\knowledge\11-杂志文献\财政监督\015应用“区块链”提升财会监督能力的探讨.md
MAGSUPV-0083,015财会监督横向协同与纵向联动实践探索案例检测算法,杂志案例算法,algorithm,P0,L3,监督检查与经费舞弊 / 全场景通用 / 金融审计,财政监督/监督检查与经费舞弊,案例规则,review_sentinel / data_scout,财政监督,015财会监督横向协同与纵向联动实践探索,015财会监督横向协同与纵向联动实践探索,违规；风险；低效；内控；不合规；绩效；预警；违法；漏洞,数据；凭证；支付；预算；指标；报表；采购；绩效目标；资产；申报；缴纳；资金,规则；指标；评价；核查；关联；预警；识别；分析；审查；研究；体系；机制,基于杂志案例《015财会监督横向协同与纵向联动实践探索》提炼“015财会监督横向协同与纵向联动实践探索”审计算法/规则，用于复用审计经验、生成疑点线索和核查程序。,文章案例文本；审计事项清单；问题线索台账；审计证据资料；内控制度；会计凭证；工作底稿；整改台账；合同流水；授信审批,015财会监督横向协同与纵向联动实践探索疑点清单、命中规则、风险等级、证据链、核查建议,D:\openclaw-workspace\knowledge\11-杂志文献\财政监督\015财会监督横向协同与纵向联动实践探索.md
MAGBUD-0020,015高质量推进财会监督人才库建设案例检测算法,杂志案例算法,algorithm,P0,L3,预算执行与财政管理 / 财政与政府债务 / 绩效评价,财政监督/预算执行与财政管理,真实性,budget_estimator / data_scout,财政监督,015高质量推进财会监督人才库建设,015高质量推进财会监督人才库建设,风险；内控；绩效；预警；违法,数据；凭证；预算；指标；采购；资产；资金；会计,指标；评价；关联；预警；分析；研究；体系；机制；方法；数字化；大数据,基于杂志案例《015高质量推进财会监督人才库建设》提炼“015高质量推进财会监督人才库建设”审计算法/规则，用于复用审计经验、生成疑点线索和核查程序。,文章案例文本；审计事项清单；问题线索台账；审计证据资料；预算指标表；财政支出明细；项目资金台账；绩效目标表；绩效评价指标；产出效果数据,015高质量推进财会监督人才库建设疑点清单、命中规则、风险等级、证据链、核查建议,D:\openclaw-workspace\knowledge\11-杂志文献\财政监督\015高质量推进财会监督人才库建设.md
MAGTAX-0009,016基于预算管理一体化的内控信息化路径探索案例检测算法,杂志案例算法,algorithm,P1,L3,税务审计 / 预算执行与财政管理 / 财政与政府债务,财政监督/税务审计,案例规则,data_scout / law_inspector,财政监督,016基于预算管理一体化的内控信息化路径探索,016基于预算管理一体化的内控信息化路径探索,违规；异常；风险；内控；缺陷；绩效；预警；隐患；漏洞,数据；支付；预算；决算；指标；项目库；报表；采购；税收；资金,规则；指标；评价；预警；分析；研究；体系；路径；机制；大数据；人工智能,基于杂志案例《016基于预算管理一体化的内控信息化路径探索》提炼“016基于预算管理一体化的内控信息化路径探索”审计算法/规则，用于复用审计经验、生成疑点线索和核查程序。,文章案例文本；审计事项清单；问题线索台账；审计证据资料；预算指标表；财政支出明细；项目资金台账；内控制度；会计凭证；工作底稿,016基于预算管理一体化的内控信息化路径探索疑点清单、命中规则、风险等级、证据链、核查建议,D:\openclaw-workspace\knowledge\11-杂志文献\财政监督\016基于预算管理一体化的内控信息化路径探索.md
MAGBUD-0021,016推进内控考评深化内控管理案例指标包,杂志指标包,indicator_pack,P1,L3,预算执行与财政管理 / 财政与政府债务 / 绩效评价,财政监督/预算执行与财政管理,绩效偏离,budget_estimator / data_scout,财政监督,016推进内控考评深化内控管理,016推进内控考评深化内控管理,风险；内控；隐患；漏洞,台账；支付；预算；决算；指标；审批；资金,指标；评价；体系；机制；方法,基于杂志案例《016推进内控考评深化内控管理》提炼“016推进内控考评深化内控管理”审计算法/规则，用于复用审计经验、生成疑点线索和核查程序。,文章案例文本；审计事项清单；问题线索台账；审计证据资料；预算指标表；财政支出明细；项目资金台账；绩效目标表；绩效评价指标；产出效果数据,016推进内控考评深化内控管理指标、标准值、实际值、偏离率、评分和扣分原因,D:\openclaw-workspace\knowledge\11-杂志文献\财政监督\016推进内控考评深化内控管理.md
MAGAGR-0014,016财政部宁波监管局案例指标包,杂志指标包,indicator_pack,P1,L3,农业农村审计 / 金融审计 / 财政与政府债务,财政监督/农业农村审计,绩效偏离,data_scout / law_inspector,财政监督,016财政部宁波监管局,016财政部宁波监管局,完整性；绩效,预算；指标；绩效目标；申报；资金,指标；评价；测算；分析；研究；体系；机制；方法,基于杂志案例《016财政部宁波监管局》提炼“016财政部宁波监管局”审计算法/规则，用于复用审计经验、生成疑点线索和核查程序。,文章案例文本；审计事项清单；问题线索台账；审计证据资料；预算指标表；财政支出明细；项目资金台账；合同流水；授信审批；还款记录,016财政部宁波监管局指标、标准值、实际值、偏离率、评分和扣分原因,D:\openclaw-workspace\knowledge\11-杂志文献\财政监督\016财政部宁波监管局.md
MAGSOC-0019,017医疗保障经办机构内控制度建设的实践困境与路径优化内控核查包,杂志内控包,control_pack,P1,L2,民生与社保医保 / 预算执行与财政管理 / 招投标与政府采购,财政监督/民生与社保医保,内控缺陷,data_scout / performance_evaluator,财政监督,017医疗保障经办机构内控制度建设的实践困境与路径优化,017医疗保障经办机构内控制度建设的实践困境与路径优化,违规；异常；风险；重复；内控；不合规；真实性；绩效；预警；违法；漏洞,数据；台账；支付；决算；指标；保单；审批；结算；申报；缴纳；税收；资金,指标；评价；核查；预警；审查；研究；体系；路径；机制；方法；数字化,基于杂志案例《017医疗保障经办机构内控制度建设的实践困境与路径优化》提炼“017医疗保障经办机构内控制度建设的实践困境与路径优化”审计算法/规则，用于复用审计经验、生成疑点线索和核查程序。,文章案例文本；审计事项清单；问题线索台账；审计证据资料；预算指标表；财政支出明细；项目资金台账；内控制度；会计凭证；工作底稿,017医疗保障经办机构内控制度建设的实践困境与路径优化控制点、缺陷类型、责任环节、整改建议、复核状态,D:\openclaw-workspace\knowledge\11-杂志文献\财政监督\017医疗保障经办机构内控制度建设的实践困境与路径优化.md
MAGBUD-0022,017抓纲举目促规范积厚成势启新程内控核查包,杂志内控包,control_pack,P1,L2,预算执行与财政管理 / 财政与政府债务 / 绩效评价,财政监督/预算执行与财政管理,内控缺陷,budget_estimator / data_scout,财政监督,017抓纲举目促规范积厚成势启新程,017抓纲举目促规范积厚成势启新程,违规；风险；内控；缺陷；真实性；完整性；预警；隐患；漏洞,数据；清单；合同；凭证；预算；决算；报表；审批；采购；资产；会计,预警；分析；审查；体系；机制,基于杂志案例《017抓纲举目促规范积厚成势启新程》提炼“017抓纲举目促规范积厚成势启新程”审计算法/规则，用于复用审计经验、生成疑点线索和核查程序。,文章案例文本；审计事项清单；问题线索台账；审计证据资料；预算指标表；财政支出明细；项目资金台账；绩效目标表；绩效评价指标；产出效果数据,017抓纲举目促规范积厚成势启新程控制点、缺陷类型、责任环节、整改建议、复核状态,D:\openclaw-workspace\knowledge\11-杂志文献\财政监督\017抓纲举目促规范积厚成势启新程.md
MAGAGR-0015,017省直管县后财政转移支付问题研究案例检测算法,杂志案例算法,algorithm,P0,L3,农业农村审计 / 金融审计 / 财政与政府债务,财政监督/农业农村审计,案例规则,data_scout / law_inspector,财政监督,017省直管县后财政转移支付问题研究,017省直管县后财政转移支付问题研究,风险；绩效；偏离,数据；支付；预算；指标；项目库；审批；绩效目标；资产；申报；税收；资金,算法；指标；评价；监测；测算；分析；研究；体系；路径；机制；方法,基于杂志案例《017省直管县后财政转移支付问题研究》提炼“017省直管县后财政转移支付问题研究”审计算法/规则，用于复用审计经验、生成疑点线索和核查程序。,文章案例文本；审计事项清单；问题线索台账；审计证据资料；预算指标表；财政支出明细；项目资金台账；合同流水；授信审批；还款记录,017省直管县后财政转移支付问题研究疑点清单、命中规则、风险等级、证据链、核查建议,D:\openclaw-workspace\knowledge\11-杂志文献\财政监督\017省直管县后财政转移支付问题研究.md
MAGAGR-0016,018人人充当监督员助力县域经济高质量发展案例检测算法,杂志案例算法,algorithm,P0,L3,农业农村审计 / 金融审计 / 财政与政府债务,财政监督/农业农村审计,真实性,data_scout / law_inspector,财政监督,018人人充当监督员助力县域经济高质量发展,018人人充当监督员助力县域经济高质量发展,违规；风险；重复；不合规；真实性；完整性；绩效；预警；漏洞,数据；支付；预算；决算；指标；项目库；报表；审批；采购；投标；结算；绩效目标,算法；指标；评价；预警；测算；分析；研究；体系；机制,基于杂志案例《018人人充当监督员助力县域经济高质量发展》提炼“018人人充当监督员助力县域经济高质量发展”审计算法/规则，用于复用审计经验、生成疑点线索和核查程序。,文章案例文本；审计事项清单；问题线索台账；审计证据资料；预算指标表；财政支出明细；项目资金台账；内控制度；会计凭证；工作底稿,018人人充当监督员助力县域经济高质量发展疑点清单、命中规则、风险等级、证据链、核查建议,D:\openclaw-workspace\knowledge\11-杂志文献\财政监督\018人人充当监督员助力县域经济高质量发展.md
MAGSOC-0020,018按效付费下的PPP项目物有所值目标研究案例检测算法,杂志案例算法,algorithm,P0,L3,民生与社保医保 / 预算执行与财政管理 / 招投标与政府采购,财政监督/民生与社保医保,案例规则,data_scout / performance_evaluator,财政监督,018按效付费下的PPP项目物有所值目标研究,018按效付费下的PPP项目物有所值目标研究,风险；真实性；完整性；绩效,数据；合同；支付；指标；报表；审批；招标；绩效目标；资金；会计,指标；评价；评分；比对；监测；识别；测算；分析；检测；研究；体系；机制,基于杂志案例《018按效付费下的PPP项目物有所值目标研究》提炼“018按效付费下的PPP项目物有所值目标研究”审计算法/规则，用于复用审计经验、生成疑点线索和核查程序。,文章案例文本；审计事项清单；问题线索台账；审计证据资料；预算指标表；财政支出明细；项目资金台账；采购公告；投标文件；供应商信息,018按效付费下的PPP项目物有所值目标研究疑点清单、命中规则、风险等级、证据链、核查建议,D:\openclaw-workspace\knowledge\11-杂志文献\财政监督\018按效付费下的PPP 项目物有所值目标研究.md
MAGAGR-0017,018碳中和目标下德国绿色预算实践的审视与借鉴案例检测算法,杂志案例算法,algorithm,P0,L3,农业农村审计 / 金融审计 / 财政与政府债务,财政监督/农业农村审计,案例规则,data_scout / law_inspector,财政监督,018碳中和目标下德国绿色预算实践的审视与借鉴,018碳中和目标下德国绿色预算实践的审视与借鉴,风险；绩效,支付；预算；采购；能耗；碳排放；税收；资金；审计报告,评价；监测；测算；分析；审查；研究；体系；路径；机制；方法；数字化,基于杂志案例《018碳中和目标下德国绿色预算实践的审视与借鉴》提炼“018碳中和目标下德国绿色预算实践的审视与借鉴”审计算法/规则，用于复用审计经验、生成疑点线索和核查程序。,文章案例文本；审计事项清单；问题线索台账；审计证据资料；预算指标表；财政支出明细；项目资金台账；合同流水；授信审批；还款记录,018碳中和目标下德国绿色预算实践的审视与借鉴疑点清单、命中规则、风险等级、证据链、核查建议,D:\openclaw-workspace\knowledge\11-杂志文献\财政监督\018碳中和目标下德国绿色预算实践的审视与借鉴.md
MAGFIN-0015,019政府引导基金中财政资金的体制性困境与出路案例检测算法,杂志案例算法,algorithm,P0,L3,金融审计 / 国企审计 / 监督检查与经费舞弊,财政监督/金融审计,案例规则,data_scout / contract_hound,财政监督,019政府引导基金中财政资金的体制性困境与出路,019政府引导基金中财政资金的体制性困境与出路,风险；损失；低效；闲置；缺陷；绩效；偏离,数据；指标；资产；资金,指标；评价；监测；分析；研究；体系；路径；机制,基于杂志案例《019政府引导基金中财政资金的体制性困境与出路》提炼“019政府引导基金中财政资金的体制性困境与出路”审计算法/规则，用于复用审计经验、生成疑点线索和核查程序。,文章案例文本；审计事项清单；问题线索台账；审计证据资料；预算指标表；财政支出明细；项目资金台账；内控制度；会计凭证；工作底稿,019政府引导基金中财政资金的体制性困境与出路疑点清单、命中规则、风险等级、证据链、核查建议,D:\openclaw-workspace\knowledge\11-杂志文献\财政监督\019政府引导基金中财政资金的体制性困境与出路.md
MAGBUD-0023,019新政府会计制度下事业单位固定资产管理问题及优化研究内控核查包,杂志内控包,control_pack,P0,L2,预算执行与财政管理 / 财政与政府债务 / 绩效评价,财政监督/预算执行与财政管理,内控缺陷,budget_estimator / data_scout,财政监督,019新政府会计制度下事业单位固定资产管理问题及优化研究,019新政府会计制度下事业单位固定资产管理问题及优化研究,风险；重复；损失；闲置；绩效；偏离,数据；清单；预算；指标；报表；审批；采购；资产；申报；资金；会计,模型；指标；评价；监测；识别；分析；研究；体系；机制；方法,基于杂志案例《019新政府会计制度下事业单位固定资产管理问题及优化研究》提炼“019新政府会计制度下事业单位固定资产管理问题及优化研究”审计算法/规则，用于复用审计经验、生成疑点线索和核查程序。,文章案例文本；审计事项清单；问题线索台账；审计证据资料；预算指标表；财政支出明细；项目资金台账；绩效目标表；绩效评价指标；产出效果数据,019新政府会计制度下事业单位固定资产管理问题及优化研究控制点、缺陷类型、责任环节、整改建议、复核状态,D:\openclaw-workspace\knowledge\11-杂志文献\财政监督\019新政府会计制度下事业单位固定资产管理 问题及优化研究.md
MAGBUD-0024,019浅析科学事业单位基本建设经费管理案例规则包,杂志规则包,rule_pack,P1,L2,预算执行与财政管理 / 财政与政府债务 / 绩效评价,财政监督/预算执行与财政管理,合规性,budget_estimator / data_scout,财政监督,019浅析科学事业单位基本建设经费管理,019浅析科学事业单位基本建设经费管理,风险；内控；不合规；真实性；腐败,数据；台账；明细；合同；发票；凭证；支付；预算；决算；报表；审批；采购,规则；分析；研究；体系；路径；机制,基于杂志案例《019浅析科学事业单位基本建设经费管理》提炼“019浅析科学事业单位基本建设经费管理”审计算法/规则，用于复用审计经验、生成疑点线索和核查程序。,文章案例文本；审计事项清单；问题线索台账；审计证据资料；预算指标表；财政支出明细；项目资金台账；绩效目标表；绩效评价指标；产出效果数据,019浅析科学事业单位基本建设经费管理规则编号、触发条件、适用场景、证据资料、处理建议,D:\openclaw-workspace\knowledge\11-杂志文献\财政监督\019浅析科学事业单位基本建设经费管理.md
MAGTAX-0010,020企业构建世界一流财务管理体系的实践探索案例检测算法,杂志案例算法,algorithm,P0,L3,税务审计 / 预算执行与财政管理 / 财政与政府债务,财政监督/税务审计,案例规则,data_scout / law_inspector,财政监督,020企业构建世界一流财务管理体系的实践探索,020企业构建世界一流财务管理体系的实践探索,风险；重复；低效；真实性；完整性；绩效,数据；支付；预算；指标；审批；结算；资金；会计,指标；穿透；关联；分析；研究；体系；路径；机制；方法；数字化；大数据；人工智能,基于杂志案例《020企业构建世界一流财务管理体系的实践探索》提炼“020企业构建世界一流财务管理体系的实践探索”审计算法/规则，用于复用审计经验、生成疑点线索和核查程序。,文章案例文本；审计事项清单；问题线索台账；审计证据资料；预算指标表；财政支出明细；项目资金台账；纳税申报表；发票明细；税收优惠台账,020企业构建世界一流财务管理体系的实践探索疑点清单、命中规则、风险等级、证据链、核查建议,D:\openclaw-workspace\knowledge\11-杂志文献\财政监督\020企业构建世界一流财务管理体系的实践探索.md
MAGBUD-0025,020内部模拟市场助力企业提质增效案例检测算法,杂志案例算法,algorithm,P0,L3,预算执行与财政管理 / 财政与政府债务 / 绩效评价,财政监督/预算执行与财政管理,案例规则,budget_estimator / data_scout,财政监督,020内部模拟市场助力企业提质增效,020内部模拟市场助力企业提质增效,重复；绩效,数据；清单；明细；预算；指标；采购；结算；资产,模型；规则；指标；评价；比对；关联；识别；测算；分析；研究；体系；路径,基于杂志案例《020内部模拟市场助力企业提质增效》提炼“020内部模拟市场助力企业提质增效”审计算法/规则，用于复用审计经验、生成疑点线索和核查程序。,文章案例文本；审计事项清单；问题线索台账；审计证据资料；预算指标表；财政支出明细；项目资金台账；绩效目标表；绩效评价指标；产出效果数据,020内部模拟市场助力企业提质增效疑点清单、命中规则、风险等级、证据链、核查建议,D:\openclaw-workspace\knowledge\11-杂志文献\财政监督\020内部模拟市场助力企业提质增效.md
MAGSOC-0021,020防范地方政府性债务风险的对策建议案例检测算法,杂志案例算法,algorithm,P0,L3,民生与社保医保 / 预算执行与财政管理 / 招投标与政府采购,财政监督/民生与社保医保,异常性,data_scout / performance_evaluator,财政监督,020防范地方政府性债务风险的对策建议,020防范地方政府性债务风险的对策建议,违规；风险；预警；违法,数据；支付；预算；指标；资产；税收；资金；会计,算法；指标；评价；关联；预警；识别；测算；分析；研究；体系；大数据,基于杂志案例《020防范地方政府性债务风险的对策建议》提炼“020防范地方政府性债务风险的对策建议”审计算法/规则，用于复用审计经验、生成疑点线索和核查程序。,文章案例文本；审计事项清单；问题线索台账；审计证据资料；预算指标表；财政支出明细；项目资金台账；采购公告；投标文件；供应商信息,020防范地方政府性债务风险的对策建议疑点清单、命中规则、风险等级、证据链、核查建议,D:\openclaw-workspace\knowledge\11-杂志文献\财政监督\020防范地方政府性债务风险的对策建议.md
MAGSUPV-0084,021ERP审计模块在大型企业内部审计中的应用探析案例检测算法,杂志案例算法,algorithm,P0,L3,监督检查与经费舞弊 / 全场景通用 / 金融审计,财政监督/监督检查与经费舞弊,案例规则,review_sentinel / data_scout,财政监督,021ERP审计模块在大型企业内部审计中的应用探析,021ERP审计模块在大型企业内部审计中的应用探析,违规；异常；风险；完整性；预警,数据；台账；清单；明细；合同；发票；凭证；支付；决算；指标；样本；报表,模型；指标；评价；核查；关联；抽样；预警；监测；识别；分析；验证；研究,基于杂志案例《021ERP审计模块在大型企业内部审计中的应用探析》提炼“021ERP审计模块在大型企业内部审计中的应用探析”审计算法/规则，用于复用审计经验、生成疑点线索和核查程序。,文章案例文本；审计事项清单；问题线索台账；审计证据资料；内控制度；会计凭证；工作底稿；整改台账；合同流水；授信审批,021ERP审计模块在大型企业内部审计中的应用探析疑点清单、命中规则、风险等级、证据链、核查建议,D:\openclaw-workspace\knowledge\11-杂志文献\财政监督\021ERP审计模块在大型企业内部审计中的应用探析.md
MAGTAX-0011,021基于平衡记分卡的Z烟草工业企业综合绩效管理体系构建案例检测算法,杂志案例算法,algorithm,P0,L3,税务审计 / 预算执行与财政管理 / 财政与政府债务,财政监督/税务审计,案例规则,data_scout / law_inspector,财政监督,021基于平衡记分卡的Z烟草工业企业综合绩效管理体系构建,021基于平衡记分卡的Z烟草工业企业综合绩效管理体系构建,风险；缺陷；绩效,数据；明细；指标；绩效目标；资产；税收；资金,模型；指标；评价；评分；分析；研究；体系；机制；方法；数字化,基于杂志案例《021基于平衡记分卡的Z烟草工业企业综合绩效管理体系构建》提炼“021基于平衡记分卡的Z烟草工业企业综合绩效管理体系构建”审计算法/规则，用于复用审计经验、生成疑点线索和核查程序。,文章案例文本；审计事项清单；问题线索台账；审计证据资料；预算指标表；财政支出明细；项目资金台账；绩效目标表；绩效评价指标；产出效果数据,021基于平衡记分卡的Z烟草工业企业综合绩效管理体系构建疑点清单、命中规则、风险等级、证据链、核查建议,D:\openclaw-workspace\knowledge\11-杂志文献\财政监督\021基于平衡记分卡的Z 烟草工业企业综合绩效管理体系构建.md
MAGBUD-0026,021电网信息资本项目全价值链财务数智化管控探索案例检测算法,杂志案例算法,algorithm,P0,L3,预算执行与财政管理 / 财政与政府债务 / 绩效评价,财政监督/预算执行与财政管理,案例规则,budget_estimator / data_scout,财政监督,021电网信息资本项目全价值链财务数智化管控探索,021电网信息资本项目全价值链财务数智化管控探索,异常；风险；重复；低效；缺陷；预警,数据；清单；明细；合同；支付；预算；决算；指标；项目库；报表；采购；结算,模型；规则；指标；评价；穿透；关联；预警；监测；识别；测算；分析；审查,基于杂志案例《021电网信息资本项目全价值链财务数智化管控探索》提炼“021电网信息资本项目全价值链财务数智化管控探索”审计算法/规则，用于复用审计经验、生成疑点线索和核查程序。,文章案例文本；审计事项清单；问题线索台账；审计证据资料；预算指标表；财政支出明细；项目资金台账；绩效目标表；绩效评价指标；产出效果数据,021电网信息资本项目全价值链财务数智化管控探索疑点清单、命中规则、风险等级、证据链、核查建议,D:\openclaw-workspace\knowledge\11-杂志文献\财政监督\021电网信息资本项目全价值链财务数智化管控探索.md
MAGBUD-0027,022基于哈佛分析框架的Z烟草工业企业财务案例检测算法,杂志案例算法,algorithm,P0,L3,预算执行与财政管理 / 财政与政府债务 / 绩效评价,财政监督/预算执行与财政管理,案例规则,budget_estimator / data_scout,财政监督,022基于哈佛分析框架的Z烟草工业企业财务,022基于哈佛分析框架的Z烟草工业企业财务,风险；绩效；预警,数据；清单；指标；报表；采购；资产；资金；会计,算法；模型；指标；评价；关联；预警；监测；识别；测算；分析；验证；研究,基于杂志案例《022基于哈佛分析框架的Z烟草工业企业财务》提炼“022基于哈佛分析框架的Z烟草工业企业财务”审计算法/规则，用于复用审计经验、生成疑点线索和核查程序。,文章案例文本；审计事项清单；问题线索台账；审计证据资料；预算指标表；财政支出明细；项目资金台账；绩效目标表；绩效评价指标；产出效果数据,022基于哈佛分析框架的Z烟草工业企业财务疑点清单、命中规则、风险等级、证据链、核查建议,D:\openclaw-workspace\knowledge\11-杂志文献\财政监督\022基于哈佛分析框架的Z 烟草工业企业财务.md
MAGBUD-0028,023新兴产业风险防控体系建设探索与实践案例检测算法,杂志案例算法,algorithm,P0,L3,预算执行与财政管理 / 财政与政府债务 / 绩效评价,财政监督/预算执行与财政管理,异常性,budget_estimator / data_scout,财政监督,023新兴产业风险防控体系建设探索与实践,023新兴产业风险防控体系建设探索与实践,风险；损失；闲置；内控；绩效；预警；隐患,数据；合同；指标；问卷；结算；资产,模型；规则；指标；评价；关联；预警；监测；识别；测算；分析；研究；体系,基于杂志案例《023新兴产业风险防控体系建设探索与实践》提炼“023新兴产业风险防控体系建设探索与实践”审计算法/规则，用于复用审计经验、生成疑点线索和核查程序。,文章案例文本；审计事项清单；问题线索台账；审计证据资料；预算指标表；财政支出明细；项目资金台账；绩效目标表；绩效评价指标；产出效果数据,023新兴产业风险防控体系建设探索与实践疑点清单、命中规则、风险等级、证据链、核查建议,D:\openclaw-workspace\knowledge\11-杂志文献\财政监督\023新兴产业风险防控体系建设探索与实践.md
MAGAGR-0018,中国式现代化进程中省以下财政体制改革探讨案例指标包,杂志指标包,indicator_pack,P1,L3,农业农村审计 / 金融审计 / 财政与政府债务,财政监督/农业农村审计,绩效偏离,data_scout / law_inspector,财政监督,中国式现代化进程中省以下财政体制改革探讨,中国式现代化进程中省以下财政体制改革探讨,违规；风险；绩效,支付；预算；决算；指标；税收；资金,规则；指标；关联；测算；分析；研究；体系；路径；机制；方法,基于杂志案例《中国式现代化进程中省以下财政体制改革探讨》提炼“中国式现代化进程中省以下财政体制改革探讨”审计算法/规则，用于复用审计经验、生成疑点线索和核查程序。,文章案例文本；审计事项清单；问题线索台账；审计证据资料；预算指标表；财政支出明细；项目资金台账；合同流水；授信审批；还款记录,中国式现代化进程中省以下财政体制改革探讨指标、标准值、实际值、偏离率、评分和扣分原因,D:\openclaw-workspace\knowledge\11-杂志文献\财政监督\1.中国式现代化进程中省以下财政体制改革探讨.md
MAGBUD-0029,借专项行动东风寻常态化预算执行监督之道案例指标包,杂志指标包,indicator_pack,P1,L3,预算执行与财政管理 / 财政与政府债务 / 绩效评价,财政监督/预算执行与财政管理,绩效偏离,budget_estimator / data_scout,财政监督,借专项行动东风寻常态化预算执行监督之道,借专项行动东风寻常态化预算执行监督之道,风险；绩效,支付；预算,评价；审查；研究；路径；机制；方法,基于杂志案例《借专项行动东风寻常态化预算执行监督之道》提炼“借专项行动东风寻常态化预算执行监督之道”审计算法/规则，用于复用审计经验、生成疑点线索和核查程序。,文章案例文本；审计事项清单；问题线索台账；审计证据资料；预算指标表；财政支出明细；项目资金台账；绩效目标表；绩效评价指标；产出效果数据,借专项行动东风寻常态化预算执行监督之道指标、标准值、实际值、偏离率、评分和扣分原因,D:\openclaw-workspace\knowledge\11-杂志文献\财政监督\1.借专项行动东风寻常态化预算执行监督之道.md
MAGSUPV-0085,进一步加强财会监督工作的意见内控核查包,杂志内控包,control_pack,P1,L2,监督检查与经费舞弊 / 全场景通用 / 金融审计,财政监督/监督检查与经费舞弊,内控缺陷,review_sentinel / data_scout,财政监督,关于进一步加强财会监督工作的意见,进一步加强财会监督工作的意见,违规；风险；舞弊；虚假；不合规；真实性；完整性；绩效；预警；违法；漏洞；腐败,数据；预算；采购；资产；税收；资金；会计,算法；评价；核查；穿透；预警；监测；识别；审查；研究；体系；路径；机制,基于杂志案例《关于进一步加强财会监督工作的意见》提炼“进一步加强财会监督工作的意见”审计算法/规则，用于复用审计经验、生成疑点线索和核查程序。,文章案例文本；审计事项清单；问题线索台账；审计证据资料；内控制度；会计凭证；工作底稿；整改台账；合同流水；授信审批,进一步加强财会监督工作的意见控制点、缺陷类型、责任环节、整改建议、复核状态,D:\openclaw-workspace\knowledge\11-杂志文献\财政监督\1.关于进一步加强财会监督工作的意见.md
MAGBUD-0030,切实保障政府采购绩效评价脱虚向实案例指标包,杂志指标包,indicator_pack,P1,L3,预算执行与财政管理 / 财政与政府债务 / 绩效评价,财政监督/预算执行与财政管理,绩效偏离,budget_estimator / data_scout,财政监督,切实保障政府采购绩效评价脱虚向实,切实保障政府采购绩效评价脱虚向实,风险；真实性；绩效；形式主义,数据；预算；指标；采购；投标；绩效目标,规则；指标；评价；分析；验证；体系；机制,基于杂志案例《切实保障政府采购绩效评价脱虚向实》提炼“切实保障政府采购绩效评价脱虚向实”审计算法/规则，用于复用审计经验、生成疑点线索和核查程序。,文章案例文本；审计事项清单；问题线索台账；审计证据资料；预算指标表；财政支出明细；项目资金台账；绩效目标表；绩效评价指标；产出效果数据,切实保障政府采购绩效评价脱虚向实指标、标准值、实际值、偏离率、评分和扣分原因,D:\openclaw-workspace\knowledge\11-杂志文献\财政监督\1.切实保障政府采购绩效评价脱虚向实.md
MAGBUD-0031,建立财会监督长效机制需要坚定对制度的信念案例规则包,杂志规则包,rule_pack,P1,L2,预算执行与财政管理 / 财政与政府债务 / 绩效评价,财政监督/预算执行与财政管理,合规性,budget_estimator / data_scout,财政监督,建立财会监督长效机制需要坚定对制度的信念,建立财会监督长效机制需要坚定对制度的信念,风险；漏洞；形式主义,,体系；机制,基于杂志案例《建立财会监督长效机制需要坚定对制度的信念》提炼“建立财会监督长效机制需要坚定对制度的信念”审计算法/规则，用于复用审计经验、生成疑点线索和核查程序。,文章案例文本；审计事项清单；问题线索台账；审计证据资料；预算指标表；财政支出明细；项目资金台账；绩效目标表；绩效评价指标；产出效果数据,建立财会监督长效机制需要坚定对制度的信念规则编号、触发条件、适用场景、证据资料、处理建议,D:\openclaw-workspace\knowledge\11-杂志文献\财政监督\1.建立财会监督长效机制需要坚定对制度的信念.md
MAGBUD-0032,控制政务成本：城管制服舆情的启示案例指标包,杂志指标包,indicator_pack,P1,L3,预算执行与财政管理 / 财政与政府债务 / 绩效评价,财政监督/预算执行与财政管理,绩效偏离,budget_estimator / data_scout,财政监督,控制政务成本：城管制服舆情的启示,控制政务成本：城管制服舆情的启示,舞弊,采购；资金,评价；机制,基于杂志案例《控制政务成本：城管制服舆情的启示》提炼“控制政务成本：城管制服舆情的启示”审计算法/规则，用于复用审计经验、生成疑点线索和核查程序。,文章案例文本；审计事项清单；问题线索台账；审计证据资料；预算指标表；财政支出明细；项目资金台账；绩效目标表；绩效评价指标；产出效果数据,控制政务成本：城管制服舆情的启示指标、标准值、实际值、偏离率、评分和扣分原因,D:\openclaw-workspace\knowledge\11-杂志文献\财政监督\1.控制政务成本：城管制服舆情的启示.md
MAGBUD-0033,提高人大预算审查监督的针对性和有效性案例指标包,杂志指标包,indicator_pack,P1,L3,预算执行与财政管理 / 财政与政府债务 / 绩效评价,财政监督/预算执行与财政管理,绩效偏离,budget_estimator / data_scout,财政监督,提高人大预算审查监督的针对性和有效性,提高人大预算审查监督的针对性和有效性,违规；风险；舞弊；绩效；违法,支付；预算；项目库；资金,评价；审查；机制,基于杂志案例《提高人大预算审查监督的针对性和有效性》提炼“提高人大预算审查监督的针对性和有效性”审计算法/规则，用于复用审计经验、生成疑点线索和核查程序。,文章案例文本；审计事项清单；问题线索台账；审计证据资料；预算指标表；财政支出明细；项目资金台账；绩效目标表；绩效评价指标；产出效果数据,提高人大预算审查监督的针对性和有效性指标、标准值、实际值、偏离率、评分和扣分原因,D:\openclaw-workspace\knowledge\11-杂志文献\财政监督\1.提高人大预算审查监督的针对性和有效性.md
MAGSUPV-0086,浙江特色“三位一体”财会监督体系为助力共同富裕“打样”案例检测算法,杂志案例算法,algorithm,P0,L3,监督检查与经费舞弊 / 全场景通用 / 金融审计,财政监督/监督检查与经费舞弊,案例规则,review_sentinel / data_scout,财政监督,浙江特色“三位一体”财会监督体系为助力共同富裕“打样”,浙江特色“三位一体”财会监督体系为助力共同富裕“打样”,违规；异常；风险；舞弊；虚假；重复；损失；低效；内控；真实性；完整性；绩效,数据；台账；清单；明细；合同；凭证；支付；预算；决算；指标；项目库；问卷,规则；指标；评价；比对；核查；关联；预警；监测；识别；测算；分析；审查,基于杂志案例《浙江特色“三位一体”财会监督体系为助力共同富裕“打样”》提炼“浙江特色“三位一体”财会监督体系为助力共同富裕“打样””审计算法/规则，用于复用审计经验、生成疑点线索和核查程序。,文章案例文本；审计事项清单；问题线索台账；审计证据资料；内控制度；会计凭证；工作底稿；整改台账；合同流水；授信审批,浙江特色“三位一体”财会监督体系为助力共同富裕“打样”疑点清单、命中规则、风险等级、证据链、核查建议,D:\openclaw-workspace\knowledge\11-杂志文献\财政监督\1.浙江特色“三位一体”财会监督体系 为助力共同富裕“打样”.md
MAGSOC-0022,用好财政政策工具进一步推进经济回升向好案例指标包,杂志指标包,indicator_pack,P1,L3,民生与社保医保 / 预算执行与财政管理 / 招投标与政府采购,财政监督/民生与社保医保,绩效偏离,data_scout / performance_evaluator,财政监督,用好财政政策工具进一步推进经济回升向好,用好财政政策工具进一步推进经济回升向好,风险；隐患,支付；采购；资金,分析,基于杂志案例《用好财政政策工具进一步推进经济回升向好》提炼“用好财政政策工具进一步推进经济回升向好”审计算法/规则，用于复用审计经验、生成疑点线索和核查程序。,文章案例文本；审计事项清单；问题线索台账；审计证据资料；预算指标表；财政支出明细；项目资金台账；采购公告；投标文件；供应商信息,用好财政政策工具进一步推进经济回升向好指标、标准值、实际值、偏离率、评分和扣分原因,D:\openclaw-workspace\knowledge\11-杂志文献\财政监督\1.用好财政政策工具进一步推进经济回升向好.md
MAGAGR-0019,砥砺奋进谱写新时代财政改革发展新篇章案例检测算法,杂志案例算法,algorithm,P0,L3,农业农村审计 / 金融审计 / 财政与政府债务,财政监督/农业农村审计,案例规则,data_scout / law_inspector,财政监督,砥砺奋进谱写新时代财政改革发展新篇章,砥砺奋进谱写新时代财政改革发展新篇章,风险；内控；绩效；预警,清单；支付；预算；资产；税收；资金；会计,算法；预警；监测；分析；研究；体系；机制,基于杂志案例《砥砺奋进谱写新时代财政改革发展新篇章》提炼“砥砺奋进谱写新时代财政改革发展新篇章”审计算法/规则，用于复用审计经验、生成疑点线索和核查程序。,文章案例文本；审计事项清单；问题线索台账；审计证据资料；预算指标表；财政支出明细；项目资金台账；合同流水；授信审批；还款记录,砥砺奋进谱写新时代财政改革发展新篇章疑点清单、命中规则、风险等级、证据链、核查建议,D:\openclaw-workspace\knowledge\11-杂志文献\财政监督\1.砥砺奋进谱写新时代财政改革发展新篇章.md
MAGBUD-0034,绩效评价的群众路线案例指标包,杂志指标包,indicator_pack,P1,L3,预算执行与财政管理 / 财政与政府债务 / 绩效评价,财政监督/预算执行与财政管理,绩效偏离,budget_estimator / data_scout,财政监督,绩效评价的群众路线,绩效评价的群众路线,绩效,预算；资金,评价；体系,基于杂志案例《绩效评价的群众路线》提炼“绩效评价的群众路线”审计算法/规则，用于复用审计经验、生成疑点线索和核查程序。,文章案例文本；审计事项清单；问题线索台账；审计证据资料；预算指标表；财政支出明细；项目资金台账；绩效目标表；绩效评价指标；产出效果数据,绩效评价的群众路线指标、标准值、实际值、偏离率、评分和扣分原因,D:\openclaw-workspace\knowledge\11-杂志文献\财政监督\1.绩效评价的群众路线.md
MAGBUD-0035,让财政部门内部控制更具智慧案例检测算法,杂志案例算法,algorithm,P1,L3,预算执行与财政管理 / 财政与政府债务 / 绩效评价,财政监督/预算执行与财政管理,案例规则,budget_estimator / data_scout,财政监督,让财政部门内部控制更具智慧,让财政部门内部控制更具智慧,风险；舞弊；内控；绩效；预警,数据；预算；资金；会计,预警；监测；识别；分析；体系,基于杂志案例《让财政部门内部控制更具智慧》提炼“让财政部门内部控制更具智慧”审计算法/规则，用于复用审计经验、生成疑点线索和核查程序。,文章案例文本；审计事项清单；问题线索台账；审计证据资料；预算指标表；财政支出明细；项目资金台账；绩效目标表；绩效评价指标；产出效果数据,让财政部门内部控制更具智慧疑点清单、命中规则、风险等级、证据链、核查建议,D:\openclaw-workspace\knowledge\11-杂志文献\财政监督\1.让财政部门内部控制更具智慧.md
MAGTAX-0012,财政政策评价的基本逻辑案例指标包,杂志指标包,indicator_pack,P1,L3,税务审计 / 预算执行与财政管理 / 财政与政府债务,财政监督/税务审计,绩效偏离,data_scout / law_inspector,财政监督,财政政策评价的基本逻辑,财政政策评价的基本逻辑,风险；绩效；腐败,支付；预算；税收；资金,评价；机制,基于杂志案例《财政政策评价的基本逻辑》提炼“财政政策评价的基本逻辑”审计算法/规则，用于复用审计经验、生成疑点线索和核查程序。,文章案例文本；审计事项清单；问题线索台账；审计证据资料；预算指标表；财政支出明细；项目资金台账；纳税申报表；发票明细；税收优惠台账,财政政策评价的基本逻辑指标、标准值、实际值、偏离率、评分和扣分原因,D:\openclaw-workspace\knowledge\11-杂志文献\财政监督\1.财政政策评价的基本逻辑.md
MAGAGR-0020,下级政府财政运行综合绩效评价的问题及优化思路案例检测算法,杂志案例算法,algorithm,P0,L3,农业农村审计 / 金融审计 / 财政与政府债务,财政监督/农业农村审计,案例规则,data_scout / law_inspector,财政监督,下级政府财政运行综合绩效评价的问题及优化思路,下级政府财政运行综合绩效评价的问题及优化思路,违规；风险；闲置；截留；完整性；绩效,数据；支付；预算；决算；指标；采购；绩效目标；税收；资金；会计,模型；指标；评价；关联；分析；体系；机制；方法,基于杂志案例《下级政府财政运行综合绩效评价的问题及优化思路》提炼“下级政府财政运行综合绩效评价的问题及优化思路”审计算法/规则，用于复用审计经验、生成疑点线索和核查程序。,文章案例文本；审计事项清单；问题线索台账；审计证据资料；预算指标表；财政支出明细；项目资金台账；绩效目标表；绩效评价指标；产出效果数据,下级政府财政运行综合绩效评价的问题及优化思路疑点清单、命中规则、风险等级、证据链、核查建议,D:\openclaw-workspace\knowledge\11-杂志文献\财政监督\10.下级政府财政运行综合绩效评价的问题及优化思路.md
MAGSOC-0023,共同富裕背景下财政促进就业政策绩效分析案例检测算法,杂志案例算法,algorithm,P0,L3,民生与社保医保 / 预算执行与财政管理 / 招投标与政府采购,财政监督/民生与社保医保,案例规则,data_scout / performance_evaluator,财政监督,共同富裕背景下财政促进就业政策绩效分析,共同富裕背景下财政促进就业政策绩效分析,重复；低效；绩效,数据；预算；指标；问卷；审批；申报；资金,指标；评价；抽样；识别；测算；分析；研究；体系；路径；机制,基于杂志案例《共同富裕背景下财政促进就业政策绩效分析》提炼“共同富裕背景下财政促进就业政策绩效分析”审计算法/规则，用于复用审计经验、生成疑点线索和核查程序。,文章案例文本；审计事项清单；问题线索台账；审计证据资料；预算指标表；财政支出明细；项目资金台账；绩效目标表；绩效评价指标；产出效果数据,共同富裕背景下财政促进就业政策绩效分析疑点清单、命中规则、风险等级、证据链、核查建议,D:\openclaw-workspace\knowledge\11-杂志文献\财政监督\10.共同富裕背景下财政促进就业政策绩效分析.md
MAGSOC-0024,全面深化预算绩效管理改革的实践与探索案例指标包,杂志指标包,indicator_pack,P1,L3,民生与社保医保 / 预算执行与财政管理 / 招投标与政府采购,财政监督/民生与社保医保,绩效偏离,data_scout / performance_evaluator,财政监督,关于全面深化预算绩效管理改革的实践与探索,全面深化预算绩效管理改革的实践与探索,风险；重复；绩效；隐患,支付；预算；指标；采购；招标；绩效目标；税收；资金,指标；评价；测算；分析；研究；体系；路径；机制；方法；人工智能,基于杂志案例《关于全面深化预算绩效管理改革的实践与探索》提炼“全面深化预算绩效管理改革的实践与探索”审计算法/规则，用于复用审计经验、生成疑点线索和核查程序。,文章案例文本；审计事项清单；问题线索台账；审计证据资料；预算指标表；财政支出明细；项目资金台账；绩效目标表；绩效评价指标；产出效果数据,全面深化预算绩效管理改革的实践与探索指标、标准值、实际值、偏离率、评分和扣分原因,D:\openclaw-workspace\knowledge\11-杂志文献\财政监督\10.关于全面深化预算绩效管理改革的实践与探索.md
MAGBUD-0036,事前绩效评估的预算绩效管理实践与思考案例指标包,杂志指标包,indicator_pack,P1,L3,预算执行与财政管理 / 财政与政府债务 / 绩效评价,财政监督/预算执行与财政管理,绩效偏离,budget_estimator / data_scout,财政监督,基于事前绩效评估的预算绩效管理实践与思考,事前绩效评估的预算绩效管理实践与思考,绩效；隐患,明细；支付；预算；指标；项目库；审批；绩效目标；申报；资金,指标；评价；测算；分析；体系；机制；方法,基于杂志案例《基于事前绩效评估的预算绩效管理实践与思考》提炼“事前绩效评估的预算绩效管理实践与思考”审计算法/规则，用于复用审计经验、生成疑点线索和核查程序。,文章案例文本；审计事项清单；问题线索台账；审计证据资料；预算指标表；财政支出明细；项目资金台账；绩效目标表；绩效评价指标；产出效果数据,事前绩效评估的预算绩效管理实践与思考指标、标准值、实际值、偏离率、评分和扣分原因,D:\openclaw-workspace\knowledge\11-杂志文献\财政监督\10.基于事前绩效评估的预算绩效管理实践与思考.md
MAGBUD-0037,小议公众评判法在预算绩效管理中的运用案例检测算法,杂志案例算法,algorithm,P0,L3,预算执行与财政管理 / 财政与政府债务 / 绩效评价,财政监督/预算执行与财政管理,案例规则,budget_estimator / data_scout,财政监督,小议公众评判法在预算绩效管理中的运用,小议公众评判法在预算绩效管理中的运用,真实性；完整性；绩效,数据；预算；指标；问卷；样本；绩效目标；资金,指标；评价；比对；抽样；分析；验证；检测；研究；机制；方法,基于杂志案例《小议公众评判法在预算绩效管理中的运用》提炼“小议公众评判法在预算绩效管理中的运用”审计算法/规则，用于复用审计经验、生成疑点线索和核查程序。,文章案例文本；审计事项清单；问题线索台账；审计证据资料；预算指标表；财政支出明细；项目资金台账；绩效目标表；绩效评价指标；产出效果数据,小议公众评判法在预算绩效管理中的运用疑点清单、命中规则、风险等级、证据链、核查建议,D:\openclaw-workspace\knowledge\11-杂志文献\财政监督\10.小议公众评判法在预算绩效管理中的运用.md
MAGBUD-0038,推进预算绩效管理的现实途径与实践探索案例指标包,杂志指标包,indicator_pack,P1,L3,预算执行与财政管理 / 财政与政府债务 / 绩效评价,财政监督/预算执行与财政管理,绩效偏离,budget_estimator / data_scout,财政监督,推进预算绩效管理的现实途径与实践探索,推进预算绩效管理的现实途径与实践探索,风险；低效；绩效,数据；台账；支付；预算；决算；指标；绩效目标；申报；资金,指标；评价；测算；分析；体系；路径；机制；方法,基于杂志案例《推进预算绩效管理的现实途径与实践探索》提炼“推进预算绩效管理的现实途径与实践探索”审计算法/规则，用于复用审计经验、生成疑点线索和核查程序。,文章案例文本；审计事项清单；问题线索台账；审计证据资料；预算指标表；财政支出明细；项目资金台账；绩效目标表；绩效评价指标；产出效果数据,推进预算绩效管理的现实途径与实践探索指标、标准值、实际值、偏离率、评分和扣分原因,D:\openclaw-workspace\knowledge\11-杂志文献\财政监督\10.推进预算绩效管理的现实途径与实践探索.md
MAGBUD-0039,政府项目全生命周期管理流程标准化的可行路径内控核查包,杂志内控包,control_pack,P1,L2,预算执行与财政管理 / 财政与政府债务 / 绩效评价,财政监督/预算执行与财政管理,内控缺陷,budget_estimator / data_scout,财政监督,政府项目全生命周期管理流程标准化的可行路径,政府项目全生命周期管理流程标准化的可行路径,风险；内控；绩效；形式主义,数据；清单；明细；预算；指标；审批；采购；绩效目标；资产；申报；资金,规则；指标；评价；关联；测算；分析；研究；体系；路径；机制,基于杂志案例《政府项目全生命周期管理流程标准化的可行路径》提炼“政府项目全生命周期管理流程标准化的可行路径”审计算法/规则，用于复用审计经验、生成疑点线索和核查程序。,文章案例文本；审计事项清单；问题线索台账；审计证据资料；预算指标表；财政支出明细；项目资金台账；绩效目标表；绩效评价指标；产出效果数据,政府项目全生命周期管理流程标准化的可行路径控制点、缺陷类型、责任环节、整改建议、复核状态,D:\openclaw-workspace\knowledge\11-杂志文献\财政监督\10.政府项目全生命周期管理流程标准化的可行路径.md
MAGAGR-0021,粮食主产区财政支农项目绩效评价探索案例检测算法,杂志案例算法,algorithm,P0,L3,农业农村审计 / 金融审计 / 财政与政府债务,财政监督/农业农村审计,案例规则,data_scout / law_inspector,财政监督,粮食主产区财政支农项目绩效评价探索,粮食主产区财政支农项目绩效评价探索,损失；绩效,数据；清单；合同；预算；指标；问卷；采购；招标；投标；绩效目标；资产；申报,指标；评价；评分；核查；监测；分析；审查；研究；体系；机制；方法,基于杂志案例《粮食主产区财政支农项目绩效评价探索》提炼“粮食主产区财政支农项目绩效评价探索”审计算法/规则，用于复用审计经验、生成疑点线索和核查程序。,文章案例文本；审计事项清单；问题线索台账；审计证据资料；预算指标表；财政支出明细；项目资金台账；绩效目标表；绩效评价指标；产出效果数据,粮食主产区财政支农项目绩效评价探索疑点清单、命中规则、风险等级、证据链、核查建议,D:\openclaw-workspace\knowledge\11-杂志文献\财政监督\10.粮食主产区财政支农项目绩效评价探索.md
MAGAGR-0022,衔接推进乡村振兴补助资金省级评价体系构建路径探索案例检测算法,杂志案例算法,algorithm,P0,L3,农业农村审计 / 金融审计 / 财政与政府债务,财政监督/农业农村审计,案例规则,data_scout / law_inspector,财政监督,衔接推进乡村振兴补助资金省级评价体系构建路径探索,衔接推进乡村振兴补助资金省级评价体系构建路径探索,违规；绩效；偏离,支付；预算；指标；项目库；绩效目标；资产；申报；资金,指标；评价；评分；比对；监测；研究；体系；路径；机制,基于杂志案例《衔接推进乡村振兴补助资金省级评价体系构建路径探索》提炼“衔接推进乡村振兴补助资金省级评价体系构建路径探索”审计算法/规则，用于复用审计经验、生成疑点线索和核查程序。,文章案例文本；审计事项清单；问题线索台账；审计证据资料；预算指标表；财政支出明细；项目资金台账；合同流水；授信审批；还款记录,衔接推进乡村振兴补助资金省级评价体系构建路径探索疑点清单、命中规则、风险等级、证据链、核查建议,D:\openclaw-workspace\knowledge\11-杂志文献\财政监督\10.衔接推进乡村振兴补助资金省级 评价体系构建路径探索.md
MAGSUPV-0087,论政府采购框架协议采购监督机制的完善案例检测算法,杂志案例算法,algorithm,P0,L3,监督检查与经费舞弊 / 全场景通用 / 金融审计,财政监督/监督检查与经费舞弊,案例规则,review_sentinel / data_scout,财政监督,论政府采购框架协议采购监督机制的完善,论政府采购框架协议采购监督机制的完善,违规；风险；内控；绩效；违法；腐败,合同；预算；采购；招标；资产；税收；资金；会计,规则；评价；分析；检测；研究；体系；路径；机制；方法,基于杂志案例《论政府采购框架协议采购监督机制的完善》提炼“论政府采购框架协议采购监督机制的完善”审计算法/规则，用于复用审计经验、生成疑点线索和核查程序。,文章案例文本；审计事项清单；问题线索台账；审计证据资料；内控制度；会计凭证；工作底稿；整改台账；合同流水；授信审批,论政府采购框架协议采购监督机制的完善疑点清单、命中规则、风险等级、证据链、核查建议,D:\openclaw-workspace\knowledge\11-杂志文献\财政监督\10.论政府采购框架协议采购监督机制的完善.md
MAGFIN-0016,金融企业绩效评价指标体系回顾及展望案例指标包,杂志指标包,indicator_pack,P1,L3,金融审计 / 国企审计 / 监督检查与经费舞弊,财政监督/金融审计,绩效偏离,data_scout / contract_hound,财政监督,金融企业绩效评价指标体系回顾及展望,金融企业绩效评价指标体系回顾及展望,违规；风险；绩效；漏洞,数据；凭证；预算；指标；报表；资产；碳排放；资金；会计,规则；指标；评价；分析；审查；研究；体系；路径；机制；方法,基于杂志案例《金融企业绩效评价指标体系回顾及展望》提炼“金融企业绩效评价指标体系回顾及展望”审计算法/规则，用于复用审计经验、生成疑点线索和核查程序。,文章案例文本；审计事项清单；问题线索台账；审计证据资料；绩效目标表；绩效评价指标；产出效果数据；内控制度；会计凭证；工作底稿,金融企业绩效评价指标体系回顾及展望指标、标准值、实际值、偏离率、评分和扣分原因,D:\openclaw-workspace\knowledge\11-杂志文献\财政监督\10.金融企业绩效评价指标体系回顾及展望.md
MAGSOC-0025,项目资金绩效指标体系建设思路分析案例检测算法,杂志案例算法,algorithm,P0,L3,民生与社保医保 / 预算执行与财政管理 / 招投标与政府采购,财政监督/民生与社保医保,案例规则,data_scout / performance_evaluator,财政监督,项目资金绩效指标体系建设思路分析,项目资金绩效指标体系建设思路分析,风险；缺陷；绩效,数据；支付；预算；指标；问卷；样本；绩效目标；资金,模型；指标；评价；评分；监测；分析；研究；体系；机制；方法,基于杂志案例《项目资金绩效指标体系建设思路分析》提炼“项目资金绩效指标体系建设思路分析”审计算法/规则，用于复用审计经验、生成疑点线索和核查程序。,文章案例文本；审计事项清单；问题线索台账；审计证据资料；预算指标表；财政支出明细；项目资金台账；绩效目标表；绩效评价指标；产出效果数据,项目资金绩效指标体系建设思路分析疑点清单、命中规则、风险等级、证据链、核查建议,D:\openclaw-workspace\knowledge\11-杂志文献\财政监督\10.项目资金绩效指标体系建设思路分析.md
MAGAGR-0023,乡村振兴背景下加强财政涉农资金绩效管理的探究案例指标包,杂志指标包,indicator_pack,P1,L3,农业农村审计 / 金融审计 / 财政与政府债务,财政监督/农业农村审计,绩效偏离,data_scout / law_inspector,财政监督,乡村振兴背景下加强财政涉农资金绩效管理的探究,乡村振兴背景下加强财政涉农资金绩效管理的探究,重复；绩效；形式主义,数据；清单；合同；预算；指标；采购；绩效目标；资产；申报；资金,指标；评价；核查；测算；分析；研究；体系；路径；机制；方法,基于杂志案例《乡村振兴背景下加强财政涉农资金绩效管理的探究》提炼“乡村振兴背景下加强财政涉农资金绩效管理的探究”审计算法/规则，用于复用审计经验、生成疑点线索和核查程序。,文章案例文本；审计事项清单；问题线索台账；审计证据资料；预算指标表；财政支出明细；项目资金台账；绩效目标表；绩效评价指标；产出效果数据,乡村振兴背景下加强财政涉农资金绩效管理的探究指标、标准值、实际值、偏离率、评分和扣分原因,D:\openclaw-workspace\knowledge\11-杂志文献\财政监督\11.乡村振兴背景下加强财政涉农资金绩效管理的探究.md
MAGSOC-0026,人才政策绩效评价及分析案例检测算法,杂志案例算法,algorithm,P0,L3,民生与社保医保 / 预算执行与财政管理 / 招投标与政府采购,财政监督/民生与社保医保,案例规则,data_scout / performance_evaluator,财政监督,人才政策绩效评价及分析,人才政策绩效评价及分析,绩效,数据；合同；预算；指标；问卷；绩效目标；资金,模型；指标；评价；比对；关联；回归；分析；验证；研究；体系；路径；机制,基于杂志案例《人才政策绩效评价及分析》提炼“人才政策绩效评价及分析”审计算法/规则，用于复用审计经验、生成疑点线索和核查程序。,文章案例文本；审计事项清单；问题线索台账；审计证据资料；预算指标表；财政支出明细；项目资金台账；绩效目标表；绩效评价指标；产出效果数据,人才政策绩效评价及分析疑点清单、命中规则、风险等级、证据链、核查建议,D:\openclaw-workspace\knowledge\11-杂志文献\财政监督\11.人才政策绩效评价及分析.md
MAGTAX-0013,国际航线补助绩效评价研究案例检测算法,杂志案例算法,algorithm,P0,L3,税务审计 / 预算执行与财政管理 / 财政与政府债务,财政监督/税务审计,案例规则,data_scout / law_inspector,财政监督,国际航线补助绩效评价研究,国际航线补助绩效评价研究,绩效,数据；预算；指标；问卷；审批；投标；绩效目标；申报；税收；资金,指标；评价；关联；分析；研究；体系；路径；机制,基于杂志案例《国际航线补助绩效评价研究》提炼“国际航线补助绩效评价研究”审计算法/规则，用于复用审计经验、生成疑点线索和核查程序。,文章案例文本；审计事项清单；问题线索台账；审计证据资料；预算指标表；财政支出明细；项目资金台账；绩效目标表；绩效评价指标；产出效果数据,国际航线补助绩效评价研究疑点清单、命中规则、风险等级、证据链、核查建议,D:\openclaw-workspace\knowledge\11-杂志文献\财政监督\11.国际航线补助绩效评价研究.md
MAGBUD-0040,预算绩效内控一体化的高校项目库管理研究案例检测算法,杂志案例算法,algorithm,P0,L3,预算执行与财政管理 / 财政与政府债务 / 绩效评价,财政监督/预算执行与财政管理,案例规则,budget_estimator / data_scout,财政监督,基于预算绩效内控一体化的高校项目库管理研究,预算绩效内控一体化的高校项目库管理研究,风险；滞留；内控；绩效；预警；错报,数据；合同；预算；决算；指标；项目库；审批；采购；招标；投标；结算；绩效目标,指标；评价；预警；分析；研究；体系；路径；机制；方法；数字化,基于杂志案例《基于预算绩效内控一体化的高校项目库管理研究》提炼“预算绩效内控一体化的高校项目库管理研究”审计算法/规则，用于复用审计经验、生成疑点线索和核查程序。,文章案例文本；审计事项清单；问题线索台账；审计证据资料；预算指标表；财政支出明细；项目资金台账；绩效目标表；绩效评价指标；产出效果数据,预算绩效内控一体化的高校项目库管理研究疑点清单、命中规则、风险等级、证据链、核查建议,D:\openclaw-workspace\knowledge\11-杂志文献\财政监督\11.基于预算绩效内控一体化的高校项目库管理研究.md
MAGBUD-0041,预算绩效管理系统的高校内控机制优化研究案例检测算法,杂志案例算法,algorithm,P0,L3,预算执行与财政管理 / 财政与政府债务 / 绩效评价,财政监督/预算执行与财政管理,案例规则,budget_estimator / data_scout,财政监督,基于预算绩效管理系统的高校内控机制优化研究,预算绩效管理系统的高校内控机制优化研究,异常；风险；内控；绩效；偏离；预警,数据；支付；预算；指标；项目库；采购；绩效目标；资产；申报；资金,模型；指标；评价；关联；预警；监测；识别；分析；研究；体系；路径；机制,基于杂志案例《基于预算绩效管理系统的高校内控机制优化研究》提炼“预算绩效管理系统的高校内控机制优化研究”审计算法/规则，用于复用审计经验、生成疑点线索和核查程序。,文章案例文本；审计事项清单；问题线索台账；审计证据资料；预算指标表；财政支出明细；项目资金台账；绩效目标表；绩效评价指标；产出效果数据,预算绩效管理系统的高校内控机制优化研究疑点清单、命中规则、风险等级、证据链、核查建议,D:\openclaw-workspace\knowledge\11-杂志文献\财政监督\11.基于预算绩效管理系统的高校内控机制优化研究.md
MAGBUD-0042,打造“1+2”内控管理体系赋能财政监管高质量发展内控核查包,杂志内控包,control_pack,P1,L2,预算执行与财政管理 / 财政与政府债务 / 绩效评价,财政监督/预算执行与财政管理,内控缺陷,budget_estimator / data_scout,财政监督,打造“1+2”内控管理体系赋能财政监管高质量发展,打造“1+2”内控管理体系赋能财政监管高质量发展,风险；内控；违法；隐患；漏洞,台账；清单,分析；研究；体系；机制,基于杂志案例《打造“1+2”内控管理体系赋能财政监管高质量发展》提炼“打造“1+2”内控管理体系赋能财政监管高质量发展”审计算法/规则，用于复用审计经验、生成疑点线索和核查程序。,文章案例文本；审计事项清单；问题线索台账；审计证据资料；预算指标表；财政支出明细；项目资金台账；绩效目标表；绩效评价指标；产出效果数据,打造“1+2”内控管理体系赋能财政监管高质量发展控制点、缺陷类型、责任环节、整改建议、复核状态,D:\openclaw-workspace\knowledge\11-杂志文献\财政监督\11.打造“1+2”内控管理体系赋能财政监管高质量发展.md
MAGSUPV-0088,探索共建联合监管机制助推上市公司高质量发展内控核查包,杂志内控包,control_pack,P1,L2,监督检查与经费舞弊 / 全场景通用 / 金融审计,财政监督/监督检查与经费舞弊,内控缺陷,review_sentinel / data_scout,财政监督,探索共建联合监管机制助推上市公司高质量发展,探索共建联合监管机制助推上市公司高质量发展,风险；重复,数据；会计,关联；研究；体系；机制,基于杂志案例《探索共建联合监管机制助推上市公司高质量发展》提炼“探索共建联合监管机制助推上市公司高质量发展”审计算法/规则，用于复用审计经验、生成疑点线索和核查程序。,文章案例文本；审计事项清单；问题线索台账；审计证据资料；内控制度；会计凭证；工作底稿；整改台账；合同流水；授信审批,探索共建联合监管机制助推上市公司高质量发展控制点、缺陷类型、责任环节、整改建议、复核状态,D:\openclaw-workspace\knowledge\11-杂志文献\财政监督\11.探索共建联合监管机制助推上市公司高质量发展.md
MAGSOC-0027,探索新型研发机构绩效评价指标体系设计新思路案例指标包,杂志指标包,indicator_pack,P1,L3,民生与社保医保 / 预算执行与财政管理 / 招投标与政府采购,财政监督/民生与社保医保,绩效偏离,data_scout / performance_evaluator,财政监督,探索新型研发机构绩效评价指标体系设计新思路,探索新型研发机构绩效评价指标体系设计新思路,风险；绩效,数据；清单；合同；预算；指标；审批；绩效目标；资产；缴纳；资金,规则；指标；评价；关联；分析；研究；体系；机制,基于杂志案例《探索新型研发机构绩效评价指标体系设计新思路》提炼“探索新型研发机构绩效评价指标体系设计新思路”审计算法/规则，用于复用审计经验、生成疑点线索和核查程序。,文章案例文本；审计事项清单；问题线索台账；审计证据资料；预算指标表；财政支出明细；项目资金台账；绩效目标表；绩效评价指标；产出效果数据,探索新型研发机构绩效评价指标体系设计新思路指标、标准值、实际值、偏离率、评分和扣分原因,D:\openclaw-workspace\knowledge\11-杂志文献\财政监督\11.探索新型研发机构绩效评价指标体系设计新思路.md
MAGSOC-0028,浅析绩效管理在政府投资数字化项目管理上的运用和优化案例检测算法,杂志案例算法,algorithm,P0,L4,民生与社保医保 / 预算执行与财政管理 / 招投标与政府采购,财政监督/民生与社保医保,案例规则,data_scout / performance_evaluator,财政监督,浅析绩效管理在政府投资数字化项目管理上的运用和优化,浅析绩效管理在政府投资数字化项目管理上的运用和优化,重复；低效；绩效；预警,数据；清单；合同；支付；预算；指标；项目库；审批；采购；投标；绩效目标；申报,算法；模型；规则；指标；评价；评分；预警；监测；分析；审查；体系；路径,基于杂志案例《浅析绩效管理在政府投资数字化项目管理上的运用和优化》提炼“浅析绩效管理在政府投资数字化项目管理上的运用和优化”审计算法/规则，用于复用审计经验、生成疑点线索和核查程序。,文章案例文本；审计事项清单；问题线索台账；审计证据资料；预算指标表；财政支出明细；项目资金台账；绩效目标表；绩效评价指标；产出效果数据,浅析绩效管理在政府投资数字化项目管理上的运用和优化疑点清单、命中规则、风险等级、证据链、核查建议,D:\openclaw-workspace\knowledge\11-杂志文献\财政监督\11.浅析绩效管理在政府投资数字化项目管理上的运用和优化.md
MAGBUD-0043,科研机构财会监督制度建设的思路与方法内控核查包,杂志内控包,control_pack,P1,L2,预算执行与财政管理 / 财政与政府债务 / 绩效评价,财政监督/预算执行与财政管理,内控缺陷,budget_estimator / data_scout,财政监督,科研机构财会监督制度建设的思路与方法,科研机构财会监督制度建设的思路与方法,风险；内控；真实性；绩效；违法,数据；预算；资产；资金；会计,评价；关联；分析；研究；体系；机制；方法,基于杂志案例《科研机构财会监督制度建设的思路与方法》提炼“科研机构财会监督制度建设的思路与方法”审计算法/规则，用于复用审计经验、生成疑点线索和核查程序。,文章案例文本；审计事项清单；问题线索台账；审计证据资料；预算指标表；财政支出明细；项目资金台账；绩效目标表；绩效评价指标；产出效果数据,科研机构财会监督制度建设的思路与方法控制点、缺陷类型、责任环节、整改建议、复核状态,D:\openclaw-workspace\knowledge\11-杂志文献\财政监督\11.科研机构财会监督制度建设的思路与方法.md
MAGBUD-0044,财务审查在绩效评价中的作用与应用案例指标包,杂志指标包,indicator_pack,P1,L3,预算执行与财政管理 / 财政与政府债务 / 绩效评价,财政监督/预算执行与财政管理,绩效偏离,budget_estimator / data_scout,财政监督,财务审查在绩效评价中的作用与应用,财务审查在绩效评价中的作用与应用,违规；异常；风险；超标；滞留；不合规；真实性；绩效,数据；台账；明细；合同；发票；凭证；预算；指标；审批；采购；绩效目标；资产,指标；评价；评分；核查；分析；审查；方法,基于杂志案例《财务审查在绩效评价中的作用与应用》提炼“财务审查在绩效评价中的作用与应用”审计算法/规则，用于复用审计经验、生成疑点线索和核查程序。,文章案例文本；审计事项清单；问题线索台账；审计证据资料；预算指标表；财政支出明细；项目资金台账；绩效目标表；绩效评价指标；产出效果数据,财务审查在绩效评价中的作用与应用指标、标准值、实际值、偏离率、评分和扣分原因,D:\openclaw-workspace\knowledge\11-杂志文献\财政监督\11.财务审查在绩效评价中的作用与应用.md
MAGBUD-0045,高校预算绩效管理一体化系统应用研究案例指标包,杂志指标包,indicator_pack,P1,L3,预算执行与财政管理 / 财政与政府债务 / 绩效评价,财政监督/预算执行与财政管理,绩效偏离,budget_estimator / data_scout,财政监督,高校预算绩效管理一体化系统应用研究,高校预算绩效管理一体化系统应用研究,风险；超预算；内控；完整性；绩效,数据；清单；明细；合同；预算；决算；指标；项目库；报表；审批；采购；绩效目标,规则；指标；评价；关联；测算；分析；审查；研究；体系；路径；机制；方法,基于杂志案例《高校预算绩效管理一体化系统应用研究》提炼“高校预算绩效管理一体化系统应用研究”审计算法/规则，用于复用审计经验、生成疑点线索和核查程序。,文章案例文本；审计事项清单；问题线索台账；审计证据资料；预算指标表；财政支出明细；项目资金台账；绩效目标表；绩效评价指标；产出效果数据,高校预算绩效管理一体化系统应用研究指标、标准值、实际值、偏离率、评分和扣分原因,D:\openclaw-workspace\knowledge\11-杂志文献\财政监督\11.高校预算绩效管理一体化系统应用研究.md
MAGTAX-0014,个人所得税促进科技创新：作用路径与政策优化案例指标包,杂志指标包,indicator_pack,P1,L3,税务审计 / 预算执行与财政管理 / 财政与政府债务,财政监督/税务审计,绩效偏离,data_scout / law_inspector,财政监督,个人所得税促进科技创新：作用路径与政策优化,个人所得税促进科技创新：作用路径与政策优化,风险；重复,支付；指标；资产；缴纳；税收；资金,指标；分析；研究；路径；机制；方法,基于杂志案例《个人所得税促进科技创新：作用路径与政策优化》提炼“个人所得税促进科技创新：作用路径与政策优化”审计算法/规则，用于复用审计经验、生成疑点线索和核查程序。,文章案例文本；审计事项清单；问题线索台账；审计证据资料；预算指标表；财政支出明细；项目资金台账；纳税申报表；发票明细；税收优惠台账,个人所得税促进科技创新：作用路径与政策优化指标、标准值、实际值、偏离率、评分和扣分原因,D:\openclaw-workspace\knowledge\11-杂志文献\财政监督\12.个人所得税促进科技创新：作用路径与政策优化.md
MAGTAX-0015,产业扶持政策绩效评价难点及对策探析案例检测算法,杂志案例算法,algorithm,P0,L3,税务审计 / 预算执行与财政管理 / 财政与政府债务,财政监督/税务审计,案例规则,data_scout / law_inspector,财政监督,产业扶持政策绩效评价难点及对策探析,产业扶持政策绩效评价难点及对策探析,风险；重复；完整性；绩效,数据；预算；指标；问卷；样本；申报；税收；资金,规则；指标；评价；评分；关联；分析；研究；体系；机制；方法；数字化；大数据,基于杂志案例《产业扶持政策绩效评价难点及对策探析》提炼“产业扶持政策绩效评价难点及对策探析”审计算法/规则，用于复用审计经验、生成疑点线索和核查程序。,文章案例文本；审计事项清单；问题线索台账；审计证据资料；预算指标表；财政支出明细；项目资金台账；绩效目标表；绩效评价指标；产出效果数据,产业扶持政策绩效评价难点及对策探析疑点清单、命中规则、风险等级、证据链、核查建议,D:\openclaw-workspace\knowledge\11-杂志文献\财政监督\12.产业扶持政策绩效评价难点及对策探析.md
MAGFIN-0017,创新推动中央收入监管工作提质增效案例检测算法,杂志案例算法,algorithm,P1,L3,金融审计 / 国企审计 / 监督检查与经费舞弊,财政监督/金融审计,案例规则,data_scout / contract_hound,财政监督,创新推动中央收入监管工作提质增效,创新推动中央收入监管工作提质增效,风险；重复；内控,数据；预算；报表；审批；申报；税收,监测；分析；研究；机制,基于杂志案例《创新推动中央收入监管工作提质增效》提炼“创新推动中央收入监管工作提质增效”审计算法/规则，用于复用审计经验、生成疑点线索和核查程序。,文章案例文本；审计事项清单；问题线索台账；审计证据资料；内控制度；会计凭证；工作底稿；整改台账；合同流水；授信审批,创新推动中央收入监管工作提质增效疑点清单、命中规则、风险等级、证据链、核查建议,D:\openclaw-workspace\knowledge\11-杂志文献\财政监督\12.创新推动中央收入监管工作提质增效.md
MAGTAX-0016,利用关联交易控制转让定价避税案例指标包,杂志指标包,indicator_pack,P1,L3,税务审计 / 预算执行与财政管理 / 财政与政府债务,财政监督/税务审计,绩效偏离,data_scout / law_inspector,财政监督,利用关联交易控制转让定价避税,利用关联交易控制转让定价避税,违规；风险；重复,支付；采购；税收；资金；会计,规则；核查；关联；分析；研究；机制；方法,基于杂志案例《利用关联交易控制转让定价避税》提炼“利用关联交易控制转让定价避税”审计算法/规则，用于复用审计经验、生成疑点线索和核查程序。,文章案例文本；审计事项清单；问题线索台账；审计证据资料；预算指标表；财政支出明细；项目资金台账；纳税申报表；发票明细；税收优惠台账,利用关联交易控制转让定价避税指标、标准值、实际值、偏离率、评分和扣分原因,D:\openclaw-workspace\knowledge\11-杂志文献\财政监督\12.利用关联交易控制转让定价避税.md
MAGSUPV-0089,司法会计鉴定的行政监管问题探析案例检测算法,杂志案例算法,algorithm,P0,L3,监督检查与经费舞弊 / 全场景通用 / 金融审计,财政监督/监督检查与经费舞弊,案例规则,review_sentinel / data_scout,财政监督,司法会计鉴定的行政监管问题探析,司法会计鉴定的行政监管问题探析,违规；违法,报表；审批；会计；审计报告,评价；核查；监测；分析；验证；审查；研究；体系；路径；方法,基于杂志案例《司法会计鉴定的行政监管问题探析》提炼“司法会计鉴定的行政监管问题探析”审计算法/规则，用于复用审计经验、生成疑点线索和核查程序。,文章案例文本；审计事项清单；问题线索台账；审计证据资料；内控制度；会计凭证；工作底稿；整改台账；合同流水；授信审批,司法会计鉴定的行政监管问题探析疑点清单、命中规则、风险等级、证据链、核查建议,D:\openclaw-workspace\knowledge\11-杂志文献\财政监督\12.司法会计鉴定的行政监管问题探析.md
MAGSUPV-0090,BSC与KPI理论视角下的财政支出绩效评价案例检测算法,杂志案例算法,algorithm,P0,L3,监督检查与经费舞弊 / 全场景通用 / 金融审计,财政监督/监督检查与经费舞弊,案例规则,review_sentinel / data_scout,财政监督,基于BSC与KPI理论视角下的财政支出绩效评价,BSC与KPI理论视角下的财政支出绩效评价,损失；绩效,数据；明细；预算；指标；问卷；采购；结算；资金；会计,指标；评价；关联；监测；分析；研究；体系；机制；方法,基于杂志案例《基于BSC与KPI理论视角下的财政支出绩效评价》提炼“BSC与KPI理论视角下的财政支出绩效评价”审计算法/规则，用于复用审计经验、生成疑点线索和核查程序。,文章案例文本；审计事项清单；问题线索台账；审计证据资料；预算指标表；财政支出明细；项目资金台账；绩效目标表；绩效评价指标；产出效果数据,BSC与KPI理论视角下的财政支出绩效评价疑点清单、命中规则、风险等级、证据链、核查建议,D:\openclaw-workspace\knowledge\11-杂志文献\财政监督\12.基于BSC 与KPI 理论视角下的财政支出绩效评价.md
MAGSOC-0029,强化中央部门预算执行监管案例检测算法,杂志案例算法,algorithm,P1,L3,民生与社保医保 / 预算执行与财政管理 / 招投标与政府采购,财政监督/民生与社保医保,案例规则,data_scout / performance_evaluator,财政监督,强化中央部门预算执行监管,强化中央部门预算执行监管,违规；风险；绩效；预警,数据；台账；合同；凭证；支付；预算；决算；指标；采购；资金；会计,指标；核查；预警；分析；研究；机制,基于杂志案例《强化中央部门预算执行监管》提炼“强化中央部门预算执行监管”审计算法/规则，用于复用审计经验、生成疑点线索和核查程序。,文章案例文本；审计事项清单；问题线索台账；审计证据资料；预算指标表；财政支出明细；项目资金台账；采购公告；投标文件；供应商信息,强化中央部门预算执行监管疑点清单、命中规则、风险等级、证据链、核查建议,D:\openclaw-workspace\knowledge\11-杂志文献\财政监督\12.强化中央部门预算执行监管.md
MAGSOC-0030,技术改造专项资金绩效评价实践探索案例检测算法,杂志案例算法,algorithm,P0,L3,民生与社保医保 / 预算执行与财政管理 / 招投标与政府采购,财政监督/民生与社保医保,案例规则,data_scout / performance_evaluator,财政监督,技术改造专项资金绩效评价实践探索,技术改造专项资金绩效评价实践探索,重复；绩效,数据；预算；指标；问卷；样本；报表；绩效目标；申报；税收；资金,指标；评价；评分；核查；抽样；分析；体系；机制；数字化,基于杂志案例《技术改造专项资金绩效评价实践探索》提炼“技术改造专项资金绩效评价实践探索”审计算法/规则，用于复用审计经验、生成疑点线索和核查程序。,文章案例文本；审计事项清单；问题线索台账；审计证据资料；预算指标表；财政支出明细；项目资金台账；绩效目标表；绩效评价指标；产出效果数据,技术改造专项资金绩效评价实践探索疑点清单、命中规则、风险等级、证据链、核查建议,D:\openclaw-workspace\knowledge\11-杂志文献\财政监督\12.技术改造专项资金绩效评价实践探索.md
MAGSUPV-0091,探索构建财会监督常态化协同联动机制案例检测算法,杂志案例算法,algorithm,P0,L3,监督检查与经费舞弊 / 全场景通用 / 金融审计,财政监督/监督检查与经费舞弊,案例规则,review_sentinel / data_scout,财政监督,探索构建财会监督常态化协同联动机制,探索构建财会监督常态化协同联动机制,违规；风险；虚假；真实性；完整性；违法；漏洞,数据；资产；会计,穿透；监测；机制,基于杂志案例《探索构建财会监督常态化协同联动机制》提炼“探索构建财会监督常态化协同联动机制”审计算法/规则，用于复用审计经验、生成疑点线索和核查程序。,文章案例文本；审计事项清单；问题线索台账；审计证据资料；内控制度；会计凭证；工作底稿；整改台账；合同流水；授信审批,探索构建财会监督常态化协同联动机制疑点清单、命中规则、风险等级、证据链、核查建议,D:\openclaw-workspace\knowledge\11-杂志文献\财政监督\12.探索构建财会监督常态化协同联动机制.md
MAGBUD-0046,国有媒体单位预算绩效评价指标体系研究案例指标包,杂志指标包,indicator_pack,P1,L3,预算执行与财政管理 / 财政与政府债务 / 绩效评价,财政监督/预算执行与财政管理,绩效偏离,budget_estimator / data_scout,财政监督,新时代国有媒体单位预算绩效评价指标体系研究,国有媒体单位预算绩效评价指标体系研究,虚假；低效；绩效,数据；预算；指标；采购；绩效目标；资产；资金；会计,指标；评价；评分；分析；验证；审查；研究；体系；路径；机制；方法,基于杂志案例《新时代国有媒体单位预算绩效评价指标体系研究》提炼“国有媒体单位预算绩效评价指标体系研究”审计算法/规则，用于复用审计经验、生成疑点线索和核查程序。,文章案例文本；审计事项清单；问题线索台账；审计证据资料；预算指标表；财政支出明细；项目资金台账；绩效目标表；绩效评价指标；产出效果数据,国有媒体单位预算绩效评价指标体系研究指标、标准值、实际值、偏离率、评分和扣分原因,D:\openclaw-workspace\knowledge\11-杂志文献\财政监督\12.新时代国有媒体单位预算绩效评价指标体系研究.md
MAGSUPV-0092,编制虚假财务报告骗取高新技术资格案例指标包,杂志指标包,indicator_pack,P1,L3,监督检查与经费舞弊 / 全场景通用 / 金融审计,财政监督/监督检查与经费舞弊,绩效偏离,review_sentinel / data_scout,财政监督,编制虚假财务报告骗取高新技术资格,编制虚假财务报告骗取高新技术资格,违规；舞弊；虚假；违法,凭证；流水；指标；报表；资产；申报；税收；会计；审计报告,指标；分析；验证；审查；研究；方法,基于杂志案例《编制虚假财务报告骗取高新技术资格》提炼“编制虚假财务报告骗取高新技术资格”审计算法/规则，用于复用审计经验、生成疑点线索和核查程序。,文章案例文本；审计事项清单；问题线索台账；审计证据资料；内控制度；会计凭证；工作底稿；整改台账；合同流水；授信审批,编制虚假财务报告骗取高新技术资格指标、标准值、实际值、偏离率、评分和扣分原因,D:\openclaw-workspace\knowledge\11-杂志文献\财政监督\12.编制虚假财务报告骗取高新技术资格.md
MAGSUPV-0093,虚构采购业务虚增营业成本案例检测算法,杂志案例算法,algorithm,P1,L3,监督检查与经费舞弊 / 全场景通用 / 金融审计,财政监督/监督检查与经费舞弊,案例规则,review_sentinel / data_scout,财政监督,虚构采购业务虚增营业成本,虚构采购业务虚增营业成本,违规；风险；虚假；内控；真实性；完整性；违法；漏洞,数据；合同；支付；流水；审批；采购；结算；资金；会计,穿透；关联；验证；体系；机制；方法,基于杂志案例《虚构采购业务虚增营业成本》提炼“虚构采购业务虚增营业成本”审计算法/规则，用于复用审计经验、生成疑点线索和核查程序。,文章案例文本；审计事项清单；问题线索台账；审计证据资料；内控制度；会计凭证；工作底稿；整改台账；合同流水；授信审批,虚构采购业务虚增营业成本疑点清单、命中规则、风险等级、证据链、核查建议,D:\openclaw-workspace\knowledge\11-杂志文献\财政监督\12.虚构采购业务虚增营业成本.md
MAGFIN-0018,“资产减值准备”成为企业利润的“调节器”案例指标包,杂志指标包,indicator_pack,P1,L3,金融审计 / 国企审计 / 监督检查与经费舞弊,财政监督/金融审计,绩效偏离,data_scout / contract_hound,财政监督,“资产减值准备”成为企业利润的“调节器”,“资产减值准备”成为企业利润的“调节器”,违规；风险；虚假；缺陷；真实性；绩效；失真,指标；报表；审批；资产；会计,指标；关联；分析；审查,基于杂志案例《“资产减值准备”成为企业利润的“调节器”》提炼““资产减值准备”成为企业利润的“调节器””审计算法/规则，用于复用审计经验、生成疑点线索和核查程序。,文章案例文本；审计事项清单；问题线索台账；审计证据资料；内控制度；会计凭证；工作底稿；整改台账；合同流水；授信审批,“资产减值准备”成为企业利润的“调节器”指标、标准值、实际值、偏离率、评分和扣分原因,D:\openclaw-workspace\knowledge\11-杂志文献\财政监督\13.“资产减值准备”成为企业利润的“调节器”.md
MAGAGR-0024,乡镇财政资金监管问题及策略探究案例检测算法,杂志案例算法,algorithm,P1,L3,农业农村审计 / 金融审计 / 财政与政府债务,财政监督/农业农村审计,案例规则,data_scout / law_inspector,财政监督,乡镇财政资金监管问题及策略探究,乡镇财政资金监管问题及策略探究,风险；超标；超预算；闲置；内控；绩效；预警；腐败,数据；支付；预算；项目库；审批；申报；资金,比对；预警；研究；机制；大数据,基于杂志案例《乡镇财政资金监管问题及策略探究》提炼“乡镇财政资金监管问题及策略探究”审计算法/规则，用于复用审计经验、生成疑点线索和核查程序。,文章案例文本；审计事项清单；问题线索台账；审计证据资料；预算指标表；财政支出明细；项目资金台账；合同流水；授信审批；还款记录,乡镇财政资金监管问题及策略探究疑点清单、命中规则、风险等级、证据链、核查建议,D:\openclaw-workspace\knowledge\11-杂志文献\财政监督\13.乡镇财政资金监管问题及策略探究.md
MAGSUPV-0094,从《注册会计师法修订草案(征求意见稿)》看财会监督变化内控核查包,杂志内控包,control_pack,P1,L2,监督检查与经费舞弊 / 全场景通用 / 金融审计,财政监督/监督检查与经费舞弊,内控缺陷,review_sentinel / data_scout,财政监督,从《注册会计师法修订草案(征求意见稿)》看财会监督变化,从《注册会计师法修订草案(征求意见稿)》看财会监督变化,违规；风险；舞弊；虚假；损失；真实性；完整性；违法,数据；合同；报表；审批；资产；会计；审计报告,规则；评价；监测；分析；审查；研究；体系；机制,基于杂志案例《从《注册会计师法修订草案(征求意见稿)》看财会监督变化》提炼“从《注册会计师法修订草案(征求意见稿)》看财会监督变化”审计算法/规则，用于复用审计经验、生成疑点线索和核查程序。,文章案例文本；审计事项清单；问题线索台账；审计证据资料；内控制度；会计凭证；工作底稿；整改台账；合同流水；授信审批,从《注册会计师法修订草案(征求意见稿)》看财会监督变化控制点、缺陷类型、责任环节、整改建议、复核状态,D:\openclaw-workspace\knowledge\11-杂志文献\财政监督\13.从《注册会计师法修订草案(征求意见稿)》 看财会监督变化.md
MAGAGR-0025,健全我国财政资金直达监管机制的思考案例检测算法,杂志案例算法,algorithm,P0,L3,农业农村审计 / 金融审计 / 财政与政府债务,财政监督/农业农村审计,案例规则,data_scout / law_inspector,财政监督,健全我国财政资金直达监管机制的思考,健全我国财政资金直达监管机制的思考,违规；挪用；低效；闲置；截留；完整性；绩效；预警,数据；台账；明细；支付；预算；决算；指标；项目库；保单；审批；采购；招标,规则；指标；评价；核查；预警；识别；分析；研究；体系；机制；方法；大数据,基于杂志案例《健全我国财政资金直达监管机制的思考》提炼“健全我国财政资金直达监管机制的思考”审计算法/规则，用于复用审计经验、生成疑点线索和核查程序。,文章案例文本；审计事项清单；问题线索台账；审计证据资料；预算指标表；财政支出明细；项目资金台账；合同流水；授信审批；还款记录,健全我国财政资金直达监管机制的思考疑点清单、命中规则、风险等级、证据链、核查建议,D:\openclaw-workspace\knowledge\11-杂志文献\财政监督\13.健全我国财政资金直达监管机制的思考.md
MAGSUPV-0095,儒家文化与审计质量研究案例检测算法,杂志案例算法,algorithm,P0,L3,监督检查与经费舞弊 / 全场景通用 / 金融审计,财政监督/监督检查与经费舞弊,真实性,review_sentinel / data_scout,财政监督,儒家文化与审计质量研究,儒家文化与审计质量研究,异常；风险；重复；真实性；错报,数据；支付；指标；样本；报表；资产；会计；审计报告,模型；指标；回归；识别；分析；验证；研究；体系；路径；机制；方法,基于杂志案例《儒家文化与审计质量研究》提炼“儒家文化与审计质量研究”审计算法/规则，用于复用审计经验、生成疑点线索和核查程序。,文章案例文本；审计事项清单；问题线索台账；审计证据资料；内控制度；会计凭证；工作底稿；整改台账；合同流水；授信审批,儒家文化与审计质量研究疑点清单、命中规则、风险等级、证据链、核查建议,D:\openclaw-workspace\knowledge\11-杂志文献\财政监督\13.儒家文化与审计质量研究.md
MAGFIN-0019,全面推动债务监管工作提质增效案例检测算法,杂志案例算法,algorithm,P1,L3,金融审计 / 国企审计 / 监督检查与经费舞弊,财政监督/金融审计,案例规则,data_scout / contract_hound,财政监督,全面推动债务监管工作提质增效,全面推动债务监管工作提质增效,违规；风险；闲置；绩效；预警；违法,数据；清单；预算；指标；报表；审批；资金,指标；核查；穿透；预警；监测；分析；研究；体系；机制；大数据,基于杂志案例《全面推动债务监管工作提质增效》提炼“全面推动债务监管工作提质增效”审计算法/规则，用于复用审计经验、生成疑点线索和核查程序。,文章案例文本；审计事项清单；问题线索台账；审计证据资料；内控制度；会计凭证；工作底稿；整改台账；合同流水；授信审批,全面推动债务监管工作提质增效疑点清单、命中规则、风险等级、证据链、核查建议,D:\openclaw-workspace\knowledge\11-杂志文献\财政监督\13.全面推动债务监管工作提质增效.md
MAGFIN-0020,加强地方预算执行和财政收支管理的思考案例检测算法,杂志案例算法,algorithm,P0,L3,金融审计 / 国企审计 / 监督检查与经费舞弊,财政监督/金融审计,案例规则,data_scout / contract_hound,财政监督,关于加强地方预算执行和财政收支管理的思考,加强地方预算执行和财政收支管理的思考,违规；风险；重复；低效；闲置；滞留；内控；不合规；完整性；绩效；偏离；预警,数据；清单；合同；支付；预算；决算；指标；项目库；审批；采购；绩效目标；资产,算法；指标；评价；核查；穿透；预警；监测；测算；分析；审查；研究；机制,基于杂志案例《关于加强地方预算执行和财政收支管理的思考》提炼“加强地方预算执行和财政收支管理的思考”审计算法/规则，用于复用审计经验、生成疑点线索和核查程序。,文章案例文本；审计事项清单；问题线索台账；审计证据资料；预算指标表；财政支出明细；项目资金台账；内控制度；会计凭证；工作底稿,加强地方预算执行和财政收支管理的思考疑点清单、命中规则、风险等级、证据链、核查建议,D:\openclaw-workspace\knowledge\11-杂志文献\财政监督\13.关于加强地方预算执行和财政收支管理的思考.md
MAGTAX-0017,钢铁企业绿色创新绩效评价体系的探讨与应用案例检测算法,杂志案例算法,algorithm,P0,L3,税务审计 / 预算执行与财政管理 / 财政与政府债务,财政监督/税务审计,案例规则,data_scout / law_inspector,财政监督,关于钢铁企业绿色创新绩效评价体系的探讨与应用,钢铁企业绿色创新绩效评价体系的探讨与应用,重复；绩效,数据；指标；报表；资产；能耗；税收；资金,规则；指标；评价；分析；研究；体系；机制；方法；数字化,基于杂志案例《关于钢铁企业绿色创新绩效评价体系的探讨与应用》提炼“钢铁企业绿色创新绩效评价体系的探讨与应用”审计算法/规则，用于复用审计经验、生成疑点线索和核查程序。,文章案例文本；审计事项清单；问题线索台账；审计证据资料；预算指标表；财政支出明细；项目资金台账；绩效目标表；绩效评价指标；产出效果数据,钢铁企业绿色创新绩效评价体系的探讨与应用疑点清单、命中规则、风险等级、证据链、核查建议,D:\openclaw-workspace\knowledge\11-杂志文献\财政监督\13.关于钢铁企业绿色创新绩效评价体系的探讨与应用.md
MAGSOC-0031,基层预算绩效管理改革的创新实践案例检测算法,杂志案例算法,algorithm,P0,L3,民生与社保医保 / 预算执行与财政管理 / 招投标与政府采购,财政监督/民生与社保医保,案例规则,data_scout / performance_evaluator,财政监督,基层预算绩效管理改革的创新实践,基层预算绩效管理改革的创新实践,风险；损失；低效；闲置；完整性；绩效,数据；预算；决算；指标；项目库；报表；采购；绩效目标；资产；申报；资金,规则；指标；评价；核查；关联；测算；分析；体系；路径；机制；方法；数字化,基于杂志案例《基层预算绩效管理改革的创新实践》提炼“基层预算绩效管理改革的创新实践”审计算法/规则，用于复用审计经验、生成疑点线索和核查程序。,文章案例文本；审计事项清单；问题线索台账；审计证据资料；预算指标表；财政支出明细；项目资金台账；绩效目标表；绩效评价指标；产出效果数据,基层预算绩效管理改革的创新实践疑点清单、命中规则、风险等级、证据链、核查建议,D:\openclaw-workspace\knowledge\11-杂志文献\财政监督\13.基层预算绩效管理改革的创新实践.md
MAGTAX-0018,基建延期“转固”隐匿经营亏损案例指标包,杂志指标包,indicator_pack,P1,L3,税务审计 / 预算执行与财政管理 / 财政与政府债务,财政监督/税务审计,绩效偏离,data_scout / law_inspector,财政监督,基建延期“转固”隐匿经营亏损,基建延期“转固”隐匿经营亏损,违规；舞弊；超概算；绩效；失真,数据；明细；预算；决算；指标；报表；审批；结算；资产；税收；资金；会计,指标；核查；分析；审查；体系；机制；方法,基于杂志案例《基建延期“转固”隐匿经营亏损》提炼“基建延期“转固”隐匿经营亏损”审计算法/规则，用于复用审计经验、生成疑点线索和核查程序。,文章案例文本；审计事项清单；问题线索台账；审计证据资料；预算指标表；财政支出明细；项目资金台账；纳税申报表；发票明细；税收优惠台账,基建延期“转固”隐匿经营亏损指标、标准值、实际值、偏离率、评分和扣分原因,D:\openclaw-workspace\knowledge\11-杂志文献\财政监督\13.基建延期“转固”隐匿经营亏损.md
MAGSUPV-0096,构建协同高效财会监督机制的理论思维与路径研究案例检测算法,杂志案例算法,algorithm,P0,L3,监督检查与经费舞弊 / 全场景通用 / 金融审计,财政监督/监督检查与经费舞弊,案例规则,review_sentinel / data_scout,财政监督,构建协同高效财会监督机制的理论思维与路径研究,构建协同高效财会监督机制的理论思维与路径研究,违规；异常；风险；舞弊；重复；超标；超预算；低效；内控；缺陷；真实性；完整性,数据；清单；支付；预算；决算；指标；项目库；审批；采购；投标；绩效目标；资产,算法；规则；指标；评价；比对；关联；预警；监测；识别；分析；验证；审查,基于杂志案例《构建协同高效财会监督机制的理论思维与路径研究》提炼“构建协同高效财会监督机制的理论思维与路径研究”审计算法/规则，用于复用审计经验、生成疑点线索和核查程序。,文章案例文本；审计事项清单；问题线索台账；审计证据资料；内控制度；会计凭证；工作底稿；整改台账；合同流水；授信审批,构建协同高效财会监督机制的理论思维与路径研究疑点清单、命中规则、风险等级、证据链、核查建议,D:\openclaw-workspace\knowledge\11-杂志文献\财政监督\13.构建协同高效财会监督机制的理论思维与路径研究.md
MAGSUPV-0097,进一步提升财政部门财会监督效能的思考案例检测算法,杂志案例算法,algorithm,P0,L3,监督检查与经费舞弊 / 全场景通用 / 金融审计,财政监督/监督检查与经费舞弊,案例规则,review_sentinel / data_scout,财政监督,进一步提升财政部门财会监督效能的思考,进一步提升财政部门财会监督效能的思考,违规；异常；风险；舞弊；虚假；重复；内控；不合规；真实性；完整性；绩效；预警,数据；清单；支付；预算；决算；指标；审批；采购；资产；税收；资金；会计,算法；规则；指标；评价；比对；核查；穿透；预警；监测；识别；分析；研究,基于杂志案例《进一步提升财政部门财会监督效能的思考》提炼“进一步提升财政部门财会监督效能的思考”审计算法/规则，用于复用审计经验、生成疑点线索和核查程序。,文章案例文本；审计事项清单；问题线索台账；审计证据资料；预算指标表；财政支出明细；项目资金台账；内控制度；会计凭证；工作底稿,进一步提升财政部门财会监督效能的思考疑点清单、命中规则、风险等级、证据链、核查建议,D:\openclaw-workspace\knowledge\11-杂志文献\财政监督\13.进一步提升财政部门财会监督效能的思考.md
MAGAGR-0026,以跟踪评价模式探索提升财会监督工作质效案例检测算法,杂志案例算法,algorithm,P0,L3,农业农村审计 / 金融审计 / 财政与政府债务,财政监督/农业农村审计,案例规则,data_scout / law_inspector,财政监督,以跟踪评价模式探索提升财会监督工作质效,以跟踪评价模式探索提升财会监督工作质效,违规；风险；挪用；损失；闲置；截留；内控；完整性；绩效；偏离；预警；隐患,数据；台账；清单；凭证；支付；预算；指标；保单；样本；审批；采购；绩效目标,算法；规则；指标；评价；比对；核查；穿透；预警；分析；审查；研究；体系,基于杂志案例《以跟踪评价模式探索提升财会监督工作质效》提炼“以跟踪评价模式探索提升财会监督工作质效”审计算法/规则，用于复用审计经验、生成疑点线索和核查程序。,文章案例文本；审计事项清单；问题线索台账；审计证据资料；预算指标表；财政支出明细；项目资金台账；内控制度；会计凭证；工作底稿,以跟踪评价模式探索提升财会监督工作质效疑点清单、命中规则、风险等级、证据链、核查建议,D:\openclaw-workspace\knowledge\11-杂志文献\财政监督\14.以跟踪评价模式探索提升财会监督工作质效.md
MAGSUPV-0098,吉林省财政厅：预算绩效管理建设跑出“加速度”案例检测算法,杂志案例算法,algorithm,P0,L3,监督检查与经费舞弊 / 全场景通用 / 金融审计,财政监督/监督检查与经费舞弊,案例规则,review_sentinel / data_scout,财政监督,吉林省财政厅：预算绩效管理建设跑出“加速度”,吉林省财政厅：预算绩效管理建设跑出“加速度”,违规；风险；内控；完整性；绩效；偏离；预警；违法,数据；清单；预算；决算；指标；报表；采购；结算；绩效目标；资产；申报；资金,算法；指标；评价；核查；预警；测算；分析；研究；体系；路径；机制；方法,基于杂志案例《吉林省财政厅：预算绩效管理建设跑出“加速度”》提炼“吉林省财政厅：预算绩效管理建设跑出“加速度””审计算法/规则，用于复用审计经验、生成疑点线索和核查程序。,文章案例文本；审计事项清单；问题线索台账；审计证据资料；预算指标表；财政支出明细；项目资金台账；绩效目标表；绩效评价指标；产出效果数据,吉林省财政厅：预算绩效管理建设跑出“加速度”疑点清单、命中规则、风险等级、证据链、核查建议,D:\openclaw-workspace\knowledge\11-杂志文献\财政监督\14.吉林省财政厅：预算绩效管理 建设跑出“加速度”.md
MAGSUPV-0099,多个账户长期未纳入法定账簿核算案例检测算法,杂志案例算法,algorithm,P1,L3,监督检查与经费舞弊 / 全场景通用 / 金融审计,财政监督/监督检查与经费舞弊,案例规则,review_sentinel / data_scout,财政监督,多个账户长期未纳入法定账簿核算,多个账户长期未纳入法定账簿核算,违规；闲置；内控；真实性；完整性；预警；违法；隐患；漏洞；腐败,支付；流水；结算；缴纳；资金；会计,预警；识别；分析；体系；机制；方法,基于杂志案例《多个账户长期未纳入法定账簿核算》提炼“多个账户长期未纳入法定账簿核算”审计算法/规则，用于复用审计经验、生成疑点线索和核查程序。,文章案例文本；审计事项清单；问题线索台账；审计证据资料；内控制度；会计凭证；工作底稿；整改台账；合同流水；授信审批,多个账户长期未纳入法定账簿核算疑点清单、命中规则、风险等级、证据链、核查建议,D:\openclaw-workspace\knowledge\11-杂志文献\财政监督\14.多个账户长期未纳入法定账簿核算.md
MAGFIN-0021,实际控制人侵占上市公司利益案例检测算法,杂志案例算法,algorithm,P1,L3,金融审计 / 国企审计 / 监督检查与经费舞弊,财政监督/金融审计,案例规则,data_scout / contract_hound,财政监督,实际控制人侵占上市公司利益,实际控制人侵占上市公司利益,违规；风险；违法,数据；清单；合同；发票；凭证；支付；报表；采购；结算；资产；资金；会计,核查；关联；识别；测算；分析；体系；机制；方法,基于杂志案例《实际控制人侵占上市公司利益》提炼“实际控制人侵占上市公司利益”审计算法/规则，用于复用审计经验、生成疑点线索和核查程序。,文章案例文本；审计事项清单；问题线索台账；审计证据资料；内控制度；会计凭证；工作底稿；整改台账；合同流水；授信审批,实际控制人侵占上市公司利益疑点清单、命中规则、风险等级、证据链、核查建议,D:\openclaw-workspace\knowledge\11-杂志文献\财政监督\14.实际控制人侵占上市公司利益.md
MAGTAX-0019,山东威海火炬高技术产业开发区：稳步推进预算绩效管理工作案例指标包,杂志指标包,indicator_pack,P1,L3,税务审计 / 预算执行与财政管理 / 财政与政府债务,财政监督/税务审计,绩效偏离,data_scout / law_inspector,财政监督,山东威海火炬高技术产业开发区：稳步推进预算绩效管理工作,山东威海火炬高技术产业开发区：稳步推进预算绩效管理工作,违规；风险；内控；绩效；偏离；违法；隐患,数据；清单；支付；预算；指标；项目库；采购；绩效目标；资产；申报；资金；会计,指标；评价；核查；分析；研究；体系；机制,基于杂志案例《山东威海火炬高技术产业开发区：稳步推进预算绩效管理工作》提炼“山东威海火炬高技术产业开发区：稳步推进预算绩效管理工作”审计算法/规则，用于复用审计经验、生成疑点线索和核查程序。,文章案例文本；审计事项清单；问题线索台账；审计证据资料；预算指标表；财政支出明细；项目资金台账；绩效目标表；绩效评价指标；产出效果数据,山东威海火炬高技术产业开发区：稳步推进预算绩效管理工作指标、标准值、实际值、偏离率、评分和扣分原因,D:\openclaw-workspace\knowledge\11-杂志文献\财政监督\14.山东威海火炬高技术产业开发 区：稳步推进预算绩效管理工作.md
MAGBUD-0047,山东青岛：打造“四三二一”模式案例指标包,杂志指标包,indicator_pack,P1,L3,预算执行与财政管理 / 财政与政府债务 / 绩效评价,财政监督/预算执行与财政管理,绩效偏离,budget_estimator / data_scout,财政监督,山东青岛：打造“四三二一”模式,山东青岛：打造“四三二一”模式,违规；异常；绩效；漏洞；腐败,数据；清单；预算；决算；指标；采购；绩效目标；资金；会计,指标；评价；核查；体系；机制,基于杂志案例《山东青岛：打造“四三二一”模式》提炼“山东青岛：打造“四三二一”模式”审计算法/规则，用于复用审计经验、生成疑点线索和核查程序。,文章案例文本；审计事项清单；问题线索台账；审计证据资料；预算指标表；财政支出明细；项目资金台账；绩效目标表；绩效评价指标；产出效果数据,山东青岛：打造“四三二一”模式指标、标准值、实际值、偏离率、评分和扣分原因,D:\openclaw-workspace\knowledge\11-杂志文献\财政监督\14.山东青岛：打造“四三二一”模式.md
MAGBUD-0048,江苏苏州：正式建立财政监督基层联系点制度内控核查包,杂志内控包,control_pack,P1,L2,预算执行与财政管理 / 财政与政府债务 / 绩效评价,财政监督/预算执行与财政管理,内控缺陷,budget_estimator / data_scout,财政监督,江苏苏州：正式建立财政监督基层联系点制度,江苏苏州：正式建立财政监督基层联系点制度,违规；风险；闲置；缺陷；绩效；隐患；漏洞,数据；预算；指标；结算；资金,规则；指标；评价；分析；研究；体系；机制；方法,基于杂志案例《江苏苏州：正式建立财政监督基层联系点制度》提炼“江苏苏州：正式建立财政监督基层联系点制度”审计算法/规则，用于复用审计经验、生成疑点线索和核查程序。,文章案例文本；审计事项清单；问题线索台账；审计证据资料；预算指标表；财政支出明细；项目资金台账；绩效目标表；绩效评价指标；产出效果数据,江苏苏州：正式建立财政监督基层联系点制度控制点、缺陷类型、责任环节、整改建议、复核状态,D:\openclaw-workspace\knowledge\11-杂志文献\财政监督\14.江苏苏州：正式建立财政监督 基层联系点制度.md
MAGFIN-0022,法人大户融资风险敏捷审计研究案例检测算法,杂志案例算法,algorithm,P0,L3,金融审计 / 国企审计 / 监督检查与经费舞弊,财政监督/金融审计,异常性,data_scout / contract_hound,财政监督,法人大户融资风险敏捷审计研究,法人大户融资风险敏捷审计研究,违规；异常；风险；损失；不合规；完整性；预警；违法；失真；隐患,数据；清单；明细；指标；样本；审批；资产；资金；审计报告,模型；指标；评价；核查；关联；抽样；预警；监测；识别；分析；勾稽；验证,基于杂志案例《法人大户融资风险敏捷审计研究》提炼“法人大户融资风险敏捷审计研究”审计算法/规则，用于复用审计经验、生成疑点线索和核查程序。,文章案例文本；审计事项清单；问题线索台账；审计证据资料；内控制度；会计凭证；工作底稿；整改台账；合同流水；授信审批,法人大户融资风险敏捷审计研究疑点清单、命中规则、风险等级、证据链、核查建议,D:\openclaw-workspace\knowledge\11-杂志文献\财政监督\14.法人大户融资风险敏捷审计研究.md
MAGBUD-0049,精准把脉户外资产数字赋能高效监管案例检测算法,杂志案例算法,algorithm,P1,L3,预算执行与财政管理 / 财政与政府债务 / 绩效评价,财政监督/预算执行与财政管理,案例规则,budget_estimator / data_scout,财政监督,精准把脉户外资产数字赋能高效监管,精准把脉户外资产数字赋能高效监管,异常；预警；违法,数据；资产；资金,预警；监测；识别；检测；体系；数字化,基于杂志案例《精准把脉户外资产数字赋能高效监管》提炼“精准把脉户外资产数字赋能高效监管”审计算法/规则，用于复用审计经验、生成疑点线索和核查程序。,文章案例文本；审计事项清单；问题线索台账；审计证据资料；预算指标表；财政支出明细；项目资金台账；绩效目标表；绩效评价指标；产出效果数据,精准把脉户外资产数字赋能高效监管疑点清单、命中规则、风险等级、证据链、核查建议,D:\openclaw-workspace\knowledge\11-杂志文献\财政监督\14.精准把脉户外资产数字赋能高效监管.md
MAGSOC-0032,肃清“微腐败”强化惠民惠农财政补贴资金监管案例检测算法,杂志案例算法,algorithm,P1,L3,民生与社保医保 / 预算执行与财政管理 / 招投标与政府采购,财政监督/民生与社保医保,案例规则,data_scout / performance_evaluator,财政监督,肃清“微腐败”强化惠民惠农财政补贴资金监管,肃清“微腐败”强化惠民惠农财政补贴资金监管,违规；风险；重复；挪用；损失；截留；违法；错报；漏洞；腐败,数据；台账；明细；凭证；报表；审批；资金；会计,规则；比对；核查；分析；审查；机制；方法；大数据,基于杂志案例《肃清“微腐败”强化惠民惠农财政补贴资金监管》提炼“肃清“微腐败”强化惠民惠农财政补贴资金监管”审计算法/规则，用于复用审计经验、生成疑点线索和核查程序。,文章案例文本；审计事项清单；问题线索台账；审计证据资料；预算指标表；财政支出明细；项目资金台账；采购公告；投标文件；供应商信息,肃清“微腐败”强化惠民惠农财政补贴资金监管疑点清单、命中规则、风险等级、证据链、核查建议,D:\openclaw-workspace\knowledge\11-杂志文献\财政监督\14.肃清“微腐败”强化惠民惠农财政补贴资金监管.md
MAGSOC-0033,财政支出培训项目绩效评价指标体系构建研究案例检测算法,杂志案例算法,algorithm,P0,L3,民生与社保医保 / 预算执行与财政管理 / 招投标与政府采购,财政监督/民生与社保医保,案例规则,data_scout / performance_evaluator,财政监督,财政支出培训项目绩效评价指标体系构建研究,财政支出培训项目绩效评价指标体系构建研究,真实性；完整性；绩效,数据；预算；指标；问卷；资金；会计,模型；指标；评价；评分；核查；分析；研究；体系；机制；方法；数字化,基于杂志案例《财政支出培训项目绩效评价指标体系构建研究》提炼“财政支出培训项目绩效评价指标体系构建研究”审计算法/规则，用于复用审计经验、生成疑点线索和核查程序。,文章案例文本；审计事项清单；问题线索台账；审计证据资料；预算指标表；财政支出明细；项目资金台账；绩效目标表；绩效评价指标；产出效果数据,财政支出培训项目绩效评价指标体系构建研究疑点清单、命中规则、风险等级、证据链、核查建议,D:\openclaw-workspace\knowledge\11-杂志文献\财政监督\14.财政支出培训项目绩效评价指标体系构建研究.md
MAGSUPV-0100,财政部宁波监管局：“五步法”督促会计师事务所提升执业质案例检测算法,杂志案例算法,algorithm,P1,L3,监督检查与经费舞弊 / 全场景通用 / 金融审计,财政监督/监督检查与经费舞弊,案例规则,review_sentinel / data_scout,财政监督,财政部宁波监管局：“五步法”督促会计师事务所提升执业质,财政部宁波监管局：“五步法”督促会计师事务所提升执业质,风险；低效；内控；完整性；绩效,预算；项目库；样本；审批；绩效目标；资产；资金；会计,评价；关联；识别；测算；体系；机制；方法,基于杂志案例《财政部宁波监管局：“五步法”督促会计师事务所提升执业质》提炼“财政部宁波监管局：“五步法”督促会计师事务所提升执业质”审计算法/规则，用于复用审计经验、生成疑点线索和核查程序。,文章案例文本；审计事项清单；问题线索台账；审计证据资料；预算指标表；财政支出明细；项目资金台账；内控制度；会计凭证；工作底稿,财政部宁波监管局：“五步法”督促会计师事务所提升执业质疑点清单、命中规则、风险等级、证据链、核查建议,D:\openclaw-workspace\knowledge\11-杂志文献\财政监督\14.财政部宁波监管局：“五步法” 督促会计师事务所提升执业质.md
MAGBUD-0050,“三高三全”推进内控建设加力提升财政监管质效内控核查包,杂志内控包,control_pack,P1,L2,预算执行与财政管理 / 财政与政府债务 / 绩效评价,财政监督/预算执行与财政管理,内控缺陷,budget_estimator / data_scout,财政监督,“三高三全”推进内控建设加力提升财政监管质效,“三高三全”推进内控建设加力提升财政监管质效,风险；损失；内控；隐患；漏洞,合同；预算；采购；资产,核查；研究；体系；机制,基于杂志案例《“三高三全”推进内控建设加力提升财政监管质效》提炼““三高三全”推进内控建设加力提升财政监管质效”审计算法/规则，用于复用审计经验、生成疑点线索和核查程序。,文章案例文本；审计事项清单；问题线索台账；审计证据资料；预算指标表；财政支出明细；项目资金台账；绩效目标表；绩效评价指标；产出效果数据,“三高三全”推进内控建设加力提升财政监管质效控制点、缺陷类型、责任环节、整改建议、复核状态,D:\openclaw-workspace\knowledge\11-杂志文献\财政监督\15.“三高三全”推进内控建设加力提升财政监管质效.md
MAGBUD-0051,“四举措”做好驻粤中央行政事业单位内部控制报告喝茶工作案例检测算法,杂志案例算法,algorithm,P1,L3,预算执行与财政管理 / 财政与政府债务 / 绩效评价,财政监督/预算执行与财政管理,案例规则,budget_estimator / data_scout,财政监督,“四举措”做好驻粤中央行政事业单位内部控制报告喝茶工作,“四举措”做好驻粤中央行政事业单位内部控制报告喝茶工作,风险；完整性；漏洞,数据；台账；清单；合同；凭证；预算；指标；报表；采购；资产；资金；会计,指标；评价；比对；核查；分析；验证；体系；机制,基于杂志案例《“四举措”做好驻粤中央行政事业单位内部控制报告喝茶工作》提炼““四举措”做好驻粤中央行政事业单位内部控制报告喝茶工作”审计算法/规则，用于复用审计经验、生成疑点线索和核查程序。,文章案例文本；审计事项清单；问题线索台账；审计证据资料；预算指标表；财政支出明细；项目资金台账；绩效目标表；绩效评价指标；产出效果数据,“四举措”做好驻粤中央行政事业单位内部控制报告喝茶工作疑点清单、命中规则、风险等级、证据链、核查建议,D:\openclaw-workspace\knowledge\11-杂志文献\财政监督\15.“四举措”做好驻粤中央行政事业单位内部控制报告喝茶工作.md
MAGSOC-0034,公立医院内部控制信息化体系研究案例检测算法,杂志案例算法,algorithm,P0,L3,民生与社保医保 / 预算执行与财政管理 / 招投标与政府采购,财政监督/民生与社保医保,案例规则,data_scout / performance_evaluator,财政监督,公立医院内部控制信息化体系研究,公立医院内部控制信息化体系研究,违规；风险；舞弊；超标；损失；内控；缺陷；真实性；绩效；腐败,数据；明细；合同；凭证；支付；预算；决算；指标；审批；采购；结算；资产,指标；评价；关联；识别；分析；验证；研究；体系；路径；机制；方法；数字化,基于杂志案例《公立医院内部控制信息化体系研究》提炼“公立医院内部控制信息化体系研究”审计算法/规则，用于复用审计经验、生成疑点线索和核查程序。,文章案例文本；审计事项清单；问题线索台账；审计证据资料；预算指标表；财政支出明细；项目资金台账；采购公告；投标文件；供应商信息,公立医院内部控制信息化体系研究疑点清单、命中规则、风险等级、证据链、核查建议,D:\openclaw-workspace\knowledge\11-杂志文献\财政监督\15.公立医院内部控制信息化体系研究.md
MAGAGR-0027,县级财政支持乡村振兴面临的困难及建议案例检测算法,杂志案例算法,algorithm,P0,L3,农业农村审计 / 金融审计 / 财政与政府债务,财政监督/农业农村审计,案例规则,data_scout / law_inspector,财政监督,县级财政支持乡村振兴面临的困难及建议,县级财政支持乡村振兴面临的困难及建议,违规；异常；风险；重复；超预算；挪用；损失；低效；闲置；截留；内控；绩效,数据；台账；清单；明细；支付；预算；决算；指标；项目库；审批；采购；投标,指标；评价；核查；预警；监测；分析；研究；体系；路径；机制,基于杂志案例《县级财政支持乡村振兴面临的困难及建议》提炼“县级财政支持乡村振兴面临的困难及建议”审计算法/规则，用于复用审计经验、生成疑点线索和核查程序。,文章案例文本；审计事项清单；问题线索台账；审计证据资料；预算指标表；财政支出明细；项目资金台账；合同流水；授信审批；还款记录,县级财政支持乡村振兴面临的困难及建议疑点清单、命中规则、风险等级、证据链、核查建议,D:\openclaw-workspace\knowledge\11-杂志文献\财政监督\15.县级财政支持乡村振兴面临的困难及建议.md
MAGSOC-0035,基层财政监督促共富路径探索案例检测算法,杂志案例算法,algorithm,P0,L3,民生与社保医保 / 预算执行与财政管理 / 招投标与政府采购,财政监督/民生与社保医保,案例规则,data_scout / performance_evaluator,财政监督,基层财政监督促共富路径探索,基层财政监督促共富路径探索,风险；重复；内控；绩效；预警,数据；清单；支付；预算；指标；审批；采购；绩效目标；申报；资金；会计,算法；规则；指标；评价；核查；预警；监测；识别；分析；研究；体系；路径,基于杂志案例《基层财政监督促共富路径探索》提炼“基层财政监督促共富路径探索”审计算法/规则，用于复用审计经验、生成疑点线索和核查程序。,文章案例文本；审计事项清单；问题线索台账；审计证据资料；预算指标表；财政支出明细；项目资金台账；内控制度；会计凭证；工作底稿,基层财政监督促共富路径探索疑点清单、命中规则、风险等级、证据链、核查建议,D:\openclaw-workspace\knowledge\11-杂志文献\财政监督\15.基层财政监督促共富路径探索.md
MAGBUD-0052,强化内控机制建设提升财政治理能力案例检测算法,杂志案例算法,algorithm,P0,L3,预算执行与财政管理 / 财政与政府债务 / 绩效评价,财政监督/预算执行与财政管理,案例规则,budget_estimator / data_scout,财政监督,强化内控机制建设提升财政治理能力,强化内控机制建设提升财政治理能力,违规；风险；舞弊；内控；缺陷；绩效；预警；违法；漏洞,数据；台账；清单；合同；凭证；支付；预算；决算；指标；报表；审批；采购,指标；评价；比对；关联；预警；研究；体系；机制；方法；数字化,基于杂志案例《强化内控机制建设提升财政治理能力》提炼“强化内控机制建设提升财政治理能力”审计算法/规则，用于复用审计经验、生成疑点线索和核查程序。,文章案例文本；审计事项清单；问题线索台账；审计证据资料；预算指标表；财政支出明细；项目资金台账；绩效目标表；绩效评价指标；产出效果数据,强化内控机制建设提升财政治理能力疑点清单、命中规则、风险等级、证据链、核查建议,D:\openclaw-workspace\knowledge\11-杂志文献\财政监督\15.强化内控机制建设提升财政治理能力.md
MAGAGR-0028,流转税税收优惠政策的激励效果案例检测算法,杂志案例算法,algorithm,P0,L3,农业农村审计 / 金融审计 / 财政与政府债务,财政监督/农业农村审计,案例规则,data_scout / law_inspector,财政监督,流转税税收优惠政策的激励效果,流转税税收优惠政策的激励效果,,数据；明细；指标；样本；资产；税收；资金,模型；指标；比对；回归；识别；分析；验证；研究；体系；机制；方法,基于杂志案例《流转税税收优惠政策的激励效果》提炼“流转税税收优惠政策的激励效果”审计算法/规则，用于复用审计经验、生成疑点线索和核查程序。,文章案例文本；审计事项清单；问题线索台账；审计证据资料；预算指标表；财政支出明细；项目资金台账；纳税申报表；发票明细；税收优惠台账,流转税税收优惠政策的激励效果疑点清单、命中规则、风险等级、证据链、核查建议,D:\openclaw-workspace\knowledge\11-杂志文献\财政监督\15.流转税税收优惠政策的激励效果.md
MAGSOC-0036,相对贫困视域下我国转移支付资金监管问题研究案例检测算法,杂志案例算法,algorithm,P0,L3,民生与社保医保 / 预算执行与财政管理 / 招投标与政府采购,财政监督/民生与社保医保,案例规则,data_scout / performance_evaluator,财政监督,相对贫困视域下我国转移支付资金监管问题研究,相对贫困视域下我国转移支付资金监管问题研究,损失；绩效；偏离；漏洞；腐败,数据；支付；预算；决算；指标；绩效目标；资金,算法；指标；评价；分析；研究；体系；路径；机制；方法；大数据,基于杂志案例《相对贫困视域下我国转移支付资金监管问题研究》提炼“相对贫困视域下我国转移支付资金监管问题研究”审计算法/规则，用于复用审计经验、生成疑点线索和核查程序。,文章案例文本；审计事项清单；问题线索台账；审计证据资料；预算指标表；财政支出明细；项目资金台账；采购公告；投标文件；供应商信息,相对贫困视域下我国转移支付资金监管问题研究疑点清单、命中规则、风险等级、证据链、核查建议,D:\openclaw-workspace\knowledge\11-杂志文献\财政监督\15.相对贫困视域下我国转移支付资金监管问题研究.md
MAGSUPV-0101,统筹规划“规定+自选”动作建立“专项+日常”财会监督工作机制内控核查包,杂志内控包,control_pack,P1,L2,监督检查与经费舞弊 / 全场景通用 / 金融审计,财政监督/监督检查与经费舞弊,内控缺陷,review_sentinel / data_scout,财政监督,统筹规划“规定+自选”动作建立“专项+日常”财会监督工作机制,统筹规划“规定+自选”动作建立“专项+日常”财会监督工作机制,异常；风险；骗补；内控；绩效,数据；明细；支付；预算；决算；资产；资金；会计,评价；核查；监测；分析；机制,基于杂志案例《统筹规划“规定+自选”动作建立“专项+日常”财会监督工作机制》提炼“统筹规划“规定+自选”动作建立“专项+日常”财会监督工作机制”审计算法/规则，用于复用审计经验、生成疑点线索和核查程序。,文章案例文本；审计事项清单；问题线索台账；审计证据资料；内控制度；会计凭证；工作底稿；整改台账；合同流水；授信审批,统筹规划“规定+自选”动作建立“专项+日常”财会监督工作机制控制点、缺陷类型、责任环节、整改建议、复核状态,D:\openclaw-workspace\knowledge\11-杂志文献\财政监督\15.统筹规划“规定+自选”动作建立 “专项+日常”财会监督工作机制.md
MAGSUPV-0102,调节成本操控业绩案例检测算法,杂志案例算法,algorithm,P1,L3,监督检查与经费舞弊 / 全场景通用 / 金融审计,财政监督/监督检查与经费舞弊,案例规则,review_sentinel / data_scout,财政监督,调节成本操控业绩,调节成本操控业绩,违规；风险；舞弊；内控；绩效,合同；支付；指标；报表；采购；结算；资产；缴纳；税收；会计,指标；比对；核查；关联；测算；分析；研究；体系；机制；方法,基于杂志案例《调节成本操控业绩》提炼“调节成本操控业绩”审计算法/规则，用于复用审计经验、生成疑点线索和核查程序。,文章案例文本；审计事项清单；问题线索台账；审计证据资料；内控制度；会计凭证；工作底稿；整改台账；合同流水；授信审批,调节成本操控业绩疑点清单、命中规则、风险等级、证据链、核查建议,D:\openclaw-workspace\knowledge\11-杂志文献\财政监督\15.调节成本操控业绩.md
MAGAGR-0029,财政部辽宁监管局：前移监管关口提早介入项目以全流程监管精准护航国债资金案例检测算法,杂志案例算法,algorithm,P1,L3,农业农村审计 / 金融审计 / 财政与政府债务,财政监督/农业农村审计,案例规则,data_scout / law_inspector,财政监督,财政部辽宁监管局：前移监管关口提早介入项目以全流程监管精准护航国债资金,财政部辽宁监管局：前移监管关口提早介入项目以全流程监管精准护航国债资金,绩效；偏离；预警,支付；预算；决算；指标；报表；采购；绩效目标；资金,指标；评价；预警；测算；分析；审查；研究；体系；机制,基于杂志案例《财政部辽宁监管局：前移监管关口提早介入项目以全流程监管精准护航国债资金》提炼“财政部辽宁监管局：前移监管关口提早介入项目以全流程监管精准护航国债资金”审计算法/规则，用于复用审计经验、生成疑点线索和核查程序。,文章案例文本；审计事项清单；问题线索台账；审计证据资料；预算指标表；财政支出明细；项目资金台账；合同流水；授信审批；还款记录,财政部辽宁监管局：前移监管关口提早介入项目以全流程监管精准护航国债资金疑点清单、命中规则、风险等级、证据链、核查建议,D:\openclaw-workspace\knowledge\11-杂志文献\财政监督\15.财政部辽宁监管局：前移监管 关 口 提 早 介 入 项 目 以全流 程监管精准护航国债资金.md
MAGSOC-0037,以预算管理改革提升财政资金使用绩效案例检测算法,杂志案例算法,algorithm,P0,L3,民生与社保医保 / 预算执行与财政管理 / 招投标与政府采购,财政监督/民生与社保医保,案例规则,data_scout / performance_evaluator,财政监督,以预算管理改革提升财政资金使用绩效,以预算管理改革提升财政资金使用绩效,风险；虚假；超标；低效；闲置；绩效；偏离；预警,数据；台账；清单；支付；预算；指标；项目库；审批；采购；结算；绩效目标；资产,指标；评价；核查；关联；预警；监测；测算；分析；审查；研究；体系；机制,基于杂志案例《以预算管理改革提升财政资金使用绩效》提炼“以预算管理改革提升财政资金使用绩效”审计算法/规则，用于复用审计经验、生成疑点线索和核查程序。,文章案例文本；审计事项清单；问题线索台账；审计证据资料；预算指标表；财政支出明细；项目资金台账；绩效目标表；绩效评价指标；产出效果数据,以预算管理改革提升财政资金使用绩效疑点清单、命中规则、风险等级、证据链、核查建议,D:\openclaw-workspace\knowledge\11-杂志文献\财政监督\16.以预算管理改革提升财政资金使用绩效.md
MAGAGR-0030,农业保险中的利益需求风险及对策探析案例检测算法,杂志案例算法,algorithm,P0,L3,农业农村审计 / 金融审计 / 财政与政府债务,财政监督/农业农村审计,异常性,data_scout / law_inspector,财政监督,农业保险中的利益需求风险及对策探析,农业保险中的利益需求风险及对策探析,违规；风险；挪用；骗保；损失；漏洞,数据；支付；指标；保单；理赔；申报；缴纳；资金,指标；分析；研究；机制；方法,基于杂志案例《农业保险中的利益需求风险及对策探析》提炼“农业保险中的利益需求风险及对策探析”审计算法/规则，用于复用审计经验、生成疑点线索和核查程序。,文章案例文本；审计事项清单；问题线索台账；审计证据资料；预算指标表；财政支出明细；项目资金台账；合同流水；授信审批；还款记录,农业保险中的利益需求风险及对策探析疑点清单、命中规则、风险等级、证据链、核查建议,D:\openclaw-workspace\knowledge\11-杂志文献\财政监督\16.农业保险中的利益需求风险及对策探析.md
MAGAGR-0031,农田建设补助资金管理探讨案例检测算法,杂志案例算法,algorithm,P0,L3,农业农村审计 / 金融审计 / 财政与政府债务,财政监督/农业农村审计,案例规则,data_scout / law_inspector,财政监督,农田建设补助资金管理探讨,农田建设补助资金管理探讨,,支付；预算；决算；指标；审批；招标；资金,指标；评价；测算；分析；检测；体系；机制；方法；数字化,基于杂志案例《农田建设补助资金管理探讨》提炼“农田建设补助资金管理探讨”审计算法/规则，用于复用审计经验、生成疑点线索和核查程序。,文章案例文本；审计事项清单；问题线索台账；审计证据资料；预算指标表；财政支出明细；项目资金台账；合同流水；授信审批；还款记录,农田建设补助资金管理探讨疑点清单、命中规则、风险等级、证据链、核查建议,D:\openclaw-workspace\knowledge\11-杂志文献\财政监督\16.农田建设补助资金管理探讨.md
MAGBUD-0053,宝钢股份基于“双碳”目标的战略成本管理实践与启示案例检测算法,杂志案例算法,algorithm,P0,L3,预算执行与财政管理 / 财政与政府债务 / 绩效评价,财政监督/预算执行与财政管理,案例规则,budget_estimator / data_scout,财政监督,宝钢股份基于“双碳”目标的战略成本管理实践与启示,宝钢股份基于“双碳”目标的战略成本管理实践与启示,风险；损失；绩效,数据；预算；指标；采购；资产；能耗；碳排放,模型；指标；评价；关联；分析；研究；体系；机制；方法；数字化；人工智能,基于杂志案例《宝钢股份基于“双碳”目标的战略成本管理实践与启示》提炼“宝钢股份基于“双碳”目标的战略成本管理实践与启示”审计算法/规则，用于复用审计经验、生成疑点线索和核查程序。,文章案例文本；审计事项清单；问题线索台账；审计证据资料；预算指标表；财政支出明细；项目资金台账；绩效目标表；绩效评价指标；产出效果数据,宝钢股份基于“双碳”目标的战略成本管理实践与启示疑点清单、命中规则、风险等级、证据链、核查建议,D:\openclaw-workspace\knowledge\11-杂志文献\财政监督\16.宝钢股份基于“双碳”目标的战略成本管理实践与启示.md
MAGSOC-0038,将公益性资产列入固定资产虚增资产规模案例指标包,杂志指标包,indicator_pack,P1,L3,民生与社保医保 / 预算执行与财政管理 / 招投标与政府采购,财政监督/民生与社保医保,绩效偏离,data_scout / performance_evaluator,财政监督,将公益性资产列入固定资产虚增资产规模,将公益性资产列入固定资产虚增资产规模,违规；风险,指标；报表；审批；资产；资金；会计,指标；方法,基于杂志案例《将公益性资产列入固定资产虚增资产规模》提炼“将公益性资产列入固定资产虚增资产规模”审计算法/规则，用于复用审计经验、生成疑点线索和核查程序。,文章案例文本；审计事项清单；问题线索台账；审计证据资料；预算指标表；财政支出明细；项目资金台账；采购公告；投标文件；供应商信息,将公益性资产列入固定资产虚增资产规模指标、标准值、实际值、偏离率、评分和扣分原因,D:\openclaw-workspace\knowledge\11-杂志文献\财政监督\16.将公益性资产列入固定资产虚增资产规模.md
MAGTAX-0020,强化“三个抓手”推进内控管理走深走实案例检测算法,杂志案例算法,algorithm,P1,L3,税务审计 / 预算执行与财政管理 / 财政与政府债务,财政监督/税务审计,案例规则,data_scout / law_inspector,财政监督,强化“三个抓手”推进内控管理走深走实,强化“三个抓手”推进内控管理走深走实,风险；内控,数据；清单；预算；审批；资产；资金,核查；分析；研究；体系；机制；大数据,基于杂志案例《强化“三个抓手”推进内控管理走深走实》提炼“强化“三个抓手”推进内控管理走深走实”审计算法/规则，用于复用审计经验、生成疑点线索和核查程序。,文章案例文本；审计事项清单；问题线索台账；审计证据资料；预算指标表；财政支出明细；项目资金台账；内控制度；会计凭证；工作底稿,强化“三个抓手”推进内控管理走深走实疑点清单、命中规则、风险等级、证据链、核查建议,D:\openclaw-workspace\knowledge\11-杂志文献\财政监督\16.强化“三个抓手”推进内控管理走深走实.md
MAGAGR-0032,更足的“监督分量”更多的“民生含量”案例检测算法,杂志案例算法,algorithm,P0,L3,农业农村审计 / 金融审计 / 财政与政府债务,财政监督/农业农村审计,案例规则,data_scout / law_inspector,财政监督,更足的“监督分量”更多的“民生含量”,更足的“监督分量”更多的“民生含量”,违规；异常；挪用；套取；截留；内控；绩效；预警；腐败,数据；台账；清单；支付；审批；资产；申报；资金,模型；评价；比对；核查；预警；分析；体系；机制；大数据,基于杂志案例《更足的“监督分量”更多的“民生含量”》提炼“更足的“监督分量”更多的“民生含量””审计算法/规则，用于复用审计经验、生成疑点线索和核查程序。,文章案例文本；审计事项清单；问题线索台账；审计证据资料；预算指标表；财政支出明细；项目资金台账；内控制度；会计凭证；工作底稿,更足的“监督分量”更多的“民生含量”疑点清单、命中规则、风险等级、证据链、核查建议,D:\openclaw-workspace\knowledge\11-杂志文献\财政监督\16.更足的“监督分量”更多的“民生含量”.md
MAGAGR-0033,监督动态案例指标包,杂志指标包,indicator_pack,P1,L3,农业农村审计 / 金融审计 / 财政与政府债务,财政监督/农业农村审计,绩效偏离,data_scout / law_inspector,财政监督,监督动态,监督动态,绩效；漏洞；腐败,台账；清单；预算；决算；指标；采购；绩效目标；资产；申报；资金；会计,指标；评价；评分；分析；研究；体系；机制；方法,基于杂志案例《监督动态》提炼“监督动态”审计算法/规则，用于复用审计经验、生成疑点线索和核查程序。,文章案例文本；审计事项清单；问题线索台账；审计证据资料；预算指标表；财政支出明细；项目资金台账；内控制度；会计凭证；工作底稿,监督动态指标、标准值、实际值、偏离率、评分和扣分原因,D:\openclaw-workspace\knowledge\11-杂志文献\财政监督\16.监督动态.md
MAGFIN-0023,税收优惠、财政补贴与企业绿色技术创新案例检测算法,杂志案例算法,algorithm,P0,L3,金融审计 / 国企审计 / 监督检查与经费舞弊,财政监督/金融审计,案例规则,data_scout / contract_hound,财政监督,税收优惠、财政补贴与企业绿色技术创新,税收优惠、财政补贴与企业绿色技术创新,风险；损失,数据；清单；指标；样本；资产；税收；资金,模型；指标；回归；分析；验证；研究；体系；机制；方法,基于杂志案例《税收优惠、财政补贴与企业绿色技术创新》提炼“税收优惠、财政补贴与企业绿色技术创新”审计算法/规则，用于复用审计经验、生成疑点线索和核查程序。,文章案例文本；审计事项清单；问题线索台账；审计证据资料；预算指标表；财政支出明细；项目资金台账；内控制度；会计凭证；工作底稿,税收优惠、财政补贴与企业绿色技术创新疑点清单、命中规则、风险等级、证据链、核查建议,D:\openclaw-workspace\knowledge\11-杂志文献\财政监督\16.税收优惠、财政补贴与企业绿色技术创新.md
MAGBUD-0054,黑龙江省财政厅：召开地方预决算公开检查工作培训会证据模板包,杂志证据包,evidence_pack,P1,L2,预算执行与财政管理 / 财政与政府债务 / 绩效评价,财政监督/预算执行与财政管理,案例证据,budget_estimator / data_scout,财政监督,黑龙江省财政厅：召开地方预决算公开检查工作培训会,黑龙江省财政厅：召开地方预决算公开检查工作培训会,违规；风险；骗补；内控；真实性；绩效；违法；隐患；漏洞,数据；台账；清单；支付；预算；决算；指标；绩效目标；资金；会计,规则；指标；评价；比对；核查；监测；测算；分析；审查；研究；体系；机制,基于杂志案例《黑龙江省财政厅：召开地方预决算公开检查工作培训会》提炼“黑龙江省财政厅：召开地方预决算公开检查工作培训会”审计算法/规则，用于复用审计经验、生成疑点线索和核查程序。,文章案例文本；审计事项清单；问题线索台账；审计证据资料；预算指标表；财政支出明细；项目资金台账；绩效目标表；绩效评价指标；产出效果数据,黑龙江省财政厅：召开地方预决算公开检查工作培训会案例标签、风险词、数据词、核查程序、底稿证据索引,D:\openclaw-workspace\knowledge\11-杂志文献\财政监督\16.黑龙江省财政厅：召开地方预 决算公开检查工作培训会.md
MAGFIN-0024,PDCA循环理论在高校资金存放管理中的应用探讨案例检测算法,杂志案例算法,algorithm,P0,L3,金融审计 / 国企审计 / 监督检查与经费舞弊,财政监督/金融审计,案例规则,data_scout / contract_hound,财政监督,PDCA循环理论在高校资金存放管理中的应用探讨,PDCA循环理论在高校资金存放管理中的应用探讨,违规；风险；重复；损失；闲置；内控；真实性；绩效；违法；隐患,数据；明细；合同；发票；支付；预算；指标；项目库；审批；采购；招标；投标,指标；评价；评分；关联；识别；测算；分析；审查；研究；体系；机制；方法,基于杂志案例《PDCA循环理论在高校资金存放管理中的应用探讨》提炼“PDCA循环理论在高校资金存放管理中的应用探讨”审计算法/规则，用于复用审计经验、生成疑点线索和核查程序。,文章案例文本；审计事项清单；问题线索台账；审计证据资料；内控制度；会计凭证；工作底稿；整改台账；合同流水；授信审批,PDCA循环理论在高校资金存放管理中的应用探讨疑点清单、命中规则、风险等级、证据链、核查建议,D:\openclaw-workspace\knowledge\11-杂志文献\财政监督\17.PDCA循环理论在高校资金存放管理中的应用探讨.md
MAGSUPV-0103,从浑水做空瑞幸和欢聚集团看新经济对审计的新要求案例检测算法,杂志案例算法,algorithm,P0,L3,监督检查与经费舞弊 / 全场景通用 / 金融审计,财政监督/监督检查与经费舞弊,案例规则,review_sentinel / data_scout,财政监督,从浑水做空瑞幸和欢聚集团看新经济对审计的新要求,从浑水做空瑞幸和欢聚集团看新经济对审计的新要求,风险；舞弊；虚假；损失；缺陷,数据；凭证；支付；样本；报表；资产；申报；资金；会计；审计报告,模型；评价；比对；关联；抽样；识别；分析；验证；审查；研究；体系；机制,基于杂志案例《从浑水做空瑞幸和欢聚集团看新经济对审计的新要求》提炼“从浑水做空瑞幸和欢聚集团看新经济对审计的新要求”审计算法/规则，用于复用审计经验、生成疑点线索和核查程序。,文章案例文本；审计事项清单；问题线索台账；审计证据资料；内控制度；会计凭证；工作底稿；整改台账；合同流水；授信审批,从浑水做空瑞幸和欢聚集团看新经济对审计的新要求疑点清单、命中规则、风险等级、证据链、核查建议,D:\openclaw-workspace\knowledge\11-杂志文献\财政监督\17.从浑水做空瑞幸和欢聚集团看新经济对审计的新要求.md
MAGSOC-0039,内部控制视域下加强地方政府债务风险管理的对策案例检测算法,杂志案例算法,algorithm,P0,L3,民生与社保医保 / 预算执行与财政管理 / 招投标与政府采购,财政监督/民生与社保医保,异常性,data_scout / performance_evaluator,财政监督,内部控制视域下加强地方政府债务风险管理的对策,内部控制视域下加强地方政府债务风险管理的对策,违规；风险；舞弊；重复；损失；低效；内控；绩效；预警；违法；隐患,数据；预算；指标；审批；资产；资金；会计,算法；指标；评价；预警；监测；识别；分析；体系；路径；机制；方法；大数据,基于杂志案例《内部控制视域下加强地方政府债务风险管理的对策》提炼“内部控制视域下加强地方政府债务风险管理的对策”审计算法/规则，用于复用审计经验、生成疑点线索和核查程序。,文章案例文本；审计事项清单；问题线索台账；审计证据资料；预算指标表；财政支出明细；项目资金台账；采购公告；投标文件；供应商信息,内部控制视域下加强地方政府债务风险管理的对策疑点清单、命中规则、风险等级、证据链、核查建议,D:\openclaw-workspace\knowledge\11-杂志文献\财政监督\17.内部控制视域下加强地方政府债务风险管理的对策.md
MAGFIN-0025,抓早抓小抓长抓常深入推动财政内控提质增效案例检测算法,杂志案例算法,algorithm,P1,L3,金融审计 / 国企审计 / 监督检查与经费舞弊,财政监督/金融审计,案例规则,data_scout / contract_hound,财政监督,抓早抓小抓长抓常深入推动财政内控提质增效,抓早抓小抓长抓常深入推动财政内控提质增效,风险；内控；预警；隐患,支付；税收；资金,评价；关联；预警；研究；体系,基于杂志案例《抓早抓小抓长抓常深入推动财政内控提质增效》提炼“抓早抓小抓长抓常深入推动财政内控提质增效”审计算法/规则，用于复用审计经验、生成疑点线索和核查程序。,文章案例文本；审计事项清单；问题线索台账；审计证据资料；预算指标表；财政支出明细；项目资金台账；内控制度；会计凭证；工作底稿,抓早抓小抓长抓常深入推动财政内控提质增效疑点清单、命中规则、风险等级、证据链、核查建议,D:\openclaw-workspace\knowledge\11-杂志文献\财政监督\17.抓早抓小抓长抓常深入推动财政内控提质增效.md
MAGBUD-0055,持续推进财政内控建设的实践与思考案例检测算法,杂志案例算法,algorithm,P1,L3,预算执行与财政管理 / 财政与政府债务 / 绩效评价,财政监督/预算执行与财政管理,案例规则,budget_estimator / data_scout,财政监督,持续推进财政内控建设的实践与思考,持续推进财政内控建设的实践与思考,风险；内控；预警；漏洞,数据；清单；预算；指标；采购；资产；资金；会计,指标；预警；监测；分析；研究；体系；路径；机制；方法,基于杂志案例《持续推进财政内控建设的实践与思考》提炼“持续推进财政内控建设的实践与思考”审计算法/规则，用于复用审计经验、生成疑点线索和核查程序。,文章案例文本；审计事项清单；问题线索台账；审计证据资料；预算指标表；财政支出明细；项目资金台账；绩效目标表；绩效评价指标；产出效果数据,持续推进财政内控建设的实践与思考疑点清单、命中规则、风险等级、证据链、核查建议,D:\openclaw-workspace\knowledge\11-杂志文献\财政监督\17.持续推进财政内控建设的实践与思考.md
MAGTAX-0021,监督动态内控核查包,杂志内控包,control_pack,P1,L2,税务审计 / 预算执行与财政管理 / 财政与政府债务,财政监督/税务审计,内控缺陷,data_scout / law_inspector,财政监督,监督动态,监督动态,违规；内控；违法,数据；预算；资产；会计,分析；研究；体系；机制；方法,基于杂志案例《监督动态》提炼“监督动态”审计算法/规则，用于复用审计经验、生成疑点线索和核查程序。,文章案例文本；审计事项清单；问题线索台账；审计证据资料；预算指标表；财政支出明细；项目资金台账；内控制度；会计凭证；工作底稿,监督动态控制点、缺陷类型、责任环节、整改建议、复核状态,D:\openclaw-workspace\knowledge\11-杂志文献\财政监督\17.监督动态.md
MAGSOC-0040,税款滞纳金能否超过本金案例规则包,杂志规则包,rule_pack,P0,L2,民生与社保医保 / 预算执行与财政管理 / 招投标与政府采购,财政监督/民生与社保医保,合规性,data_scout / performance_evaluator,财政监督,税款滞纳金能否超过本金,税款滞纳金能否超过本金,风险；违法,数据；发票；支付；指标；审批；申报；缴纳；税收,规则；指标；分析；审查；研究；机制,基于杂志案例《税款滞纳金能否超过本金》提炼“税款滞纳金能否超过本金”审计算法/规则，用于复用审计经验、生成疑点线索和核查程序。,文章案例文本；审计事项清单；问题线索台账；审计证据资料；预算指标表；财政支出明细；项目资金台账；纳税申报表；发票明细；税收优惠台账,税款滞纳金能否超过本金规则编号、触发条件、适用场景、证据资料、处理建议,D:\openclaw-workspace\knowledge\11-杂志文献\财政监督\17.税款滞纳金能否超过本金.md
MAGTAX-0022,绩效审计的功能定位与推进路径：基于三种比较视角案例指标包,杂志指标包,indicator_pack,P1,L3,税务审计 / 预算执行与财政管理 / 财政与政府债务,财政监督/税务审计,绩效偏离,data_scout / law_inspector,财政监督,绩效审计的功能定位与推进路径：基于三种比较视角,绩效审计的功能定位与推进路径：基于三种比较视角,风险；损失；缺陷；完整性；绩效；隐患,数据；合同；预算；指标；问卷；绩效目标；资产；税收；资金；会计；审计报告,指标；评价；评分；分析；审查；研究；体系；路径；机制；方法,基于杂志案例《绩效审计的功能定位与推进路径：基于三种比较视角》提炼“绩效审计的功能定位与推进路径：基于三种比较视角”审计算法/规则，用于复用审计经验、生成疑点线索和核查程序。,文章案例文本；审计事项清单；问题线索台账；审计证据资料；预算指标表；财政支出明细；项目资金台账；绩效目标表；绩效评价指标；产出效果数据,绩效审计的功能定位与推进路径：基于三种比较视角指标、标准值、实际值、偏离率、评分和扣分原因,D:\openclaw-workspace\knowledge\11-杂志文献\财政监督\17.绩效审计的功能定位与推进路径：基于三种比较视角.md
MAGSUPV-0104,罔顾独立客观必担审计风险案例检测算法,杂志案例算法,algorithm,P0,L3,监督检查与经费舞弊 / 全场景通用 / 金融审计,财政监督/监督检查与经费舞弊,异常性,review_sentinel / data_scout,财政监督,罔顾独立客观必担审计风险,罔顾独立客观必担审计风险,违规；风险；损失；预警；违法,数据；指标；报表；招标；投标；资产；申报；会计；审计报告；工作底稿,规则；指标；比对；预警；分析；方法,基于杂志案例《罔顾独立客观必担审计风险》提炼“罔顾独立客观必担审计风险”审计算法/规则，用于复用审计经验、生成疑点线索和核查程序。,文章案例文本；审计事项清单；问题线索台账；审计证据资料；内控制度；会计凭证；工作底稿；整改台账；合同流水；授信审批,罔顾独立客观必担审计风险疑点清单、命中规则、风险等级、证据链、核查建议,D:\openclaw-workspace\knowledge\11-杂志文献\财政监督\17.罔顾独立客观必担审计风险.md
MAGFIN-0026,财政政策支持碳减排的路径探析案例指标包,杂志指标包,indicator_pack,P1,L3,金融审计 / 国企审计 / 监督检查与经费舞弊,财政监督/金融审计,绩效偏离,data_scout / contract_hound,财政监督,财政政策支持碳减排的路径探析,财政政策支持碳减排的路径探析,风险；重复；损失；绩效,清单；预算；指标；采购；资产；碳排放；申报；缴纳；税收；资金,指标；分析；体系；路径；机制,基于杂志案例《财政政策支持碳减排的路径探析》提炼“财政政策支持碳减排的路径探析”审计算法/规则，用于复用审计经验、生成疑点线索和核查程序。,文章案例文本；审计事项清单；问题线索台账；审计证据资料；预算指标表；财政支出明细；项目资金台账；内控制度；会计凭证；工作底稿,财政政策支持碳减排的路径探析指标、标准值、实际值、偏离率、评分和扣分原因,D:\openclaw-workspace\knowledge\11-杂志文献\财政监督\17.财政政策支持碳减排的路径探析.md
MAGSUPV-0105,PPP项目税收风险评价研究案例检测算法,杂志案例算法,algorithm,P0,L3,监督检查与经费舞弊 / 全场景通用 / 金融审计,财政监督/监督检查与经费舞弊,异常性,review_sentinel / data_scout,财政监督,PPP项目税收风险评价研究,PPP项目税收风险评价研究,风险；重复；损失；违法,数据；清单；合同；发票；支付；指标；项目库；问卷；投标；资产；缴纳；税收,模型；指标；评价；评分；关联；识别；测算；分析；验证；研究；体系；机制,基于杂志案例《PPP项目税收风险评价研究》提炼“PPP项目税收风险评价研究”审计算法/规则，用于复用审计经验、生成疑点线索和核查程序。,文章案例文本；审计事项清单；问题线索台账；审计证据资料；内控制度；会计凭证；工作底稿；整改台账；纳税申报表；发票明细,PPP项目税收风险评价研究疑点清单、命中规则、风险等级、证据链、核查建议,D:\openclaw-workspace\knowledge\11-杂志文献\财政监督\18.PPP 项目税收风险评价研究.md
MAGBUD-0056,“四个突出”深化财政内控建设案例指标包,杂志指标包,indicator_pack,P1,L3,预算执行与财政管理 / 财政与政府债务 / 绩效评价,财政监督/预算执行与财政管理,绩效偏离,budget_estimator / data_scout,财政监督,“四个突出”深化财政内控建设,“四个突出”深化财政内控建设,风险；内控；绩效,合同；预算；审批；资金,规则；评价；核查；研究；体系；机制,基于杂志案例《“四个突出”深化财政内控建设》提炼““四个突出”深化财政内控建设”审计算法/规则，用于复用审计经验、生成疑点线索和核查程序。,文章案例文本；审计事项清单；问题线索台账；审计证据资料；预算指标表；财政支出明细；项目资金台账；绩效目标表；绩效评价指标；产出效果数据,“四个突出”深化财政内控建设指标、标准值、实际值、偏离率、评分和扣分原因,D:\openclaw-workspace\knowledge\11-杂志文献\财政监督\18.“四个突出”深化财政内控建设.md
MAGFIN-0027,“大智移云物”新技术背景下企业财务管理的优化案例检测算法,杂志案例算法,algorithm,P0,L3,金融审计 / 国企审计 / 监督检查与经费舞弊,财政监督/金融审计,案例规则,data_scout / contract_hound,财政监督,“大智移云物”新技术背景下企业财务管理的优化,“大智移云物”新技术背景下企业财务管理的优化,风险；舞弊；损失；真实性；绩效；预警；失真；隐患,数据；支付；预算；报表；审批；资产；税收；资金；会计,关联；预警；识别；分析；勾稽；机制；数字化；大数据；人工智能,基于杂志案例《“大智移云物”新技术背景下企业财务管理的优化》提炼““大智移云物”新技术背景下企业财务管理的优化”审计算法/规则，用于复用审计经验、生成疑点线索和核查程序。,文章案例文本；审计事项清单；问题线索台账；审计证据资料；内控制度；会计凭证；工作底稿；整改台账；合同流水；授信审批,“大智移云物”新技术背景下企业财务管理的优化疑点清单、命中规则、风险等级、证据链、核查建议,D:\openclaw-workspace\knowledge\11-杂志文献\财政监督\18.“大智移云物”新技术背景下企业财务管理的优化.md
MAGFIN-0028,优化政府投资项目管理对策研究案例检测算法,杂志案例算法,algorithm,P0,L3,金融审计 / 国企审计 / 监督检查与经费舞弊,财政监督/金融审计,案例规则,data_scout / contract_hound,财政监督,优化政府投资项目管理对策研究,优化政府投资项目管理对策研究,违规；风险；重复；超概算；损失；低效；闲置；滞留；绩效；预警；违法；失真,数据；明细；合同；支付；预算；决算；指标；项目库；问卷；样本；审批；采购,指标；评价；预警；监测；分析；审查；研究；体系；机制；大数据,基于杂志案例《优化政府投资项目管理对策研究》提炼“优化政府投资项目管理对策研究”审计算法/规则，用于复用审计经验、生成疑点线索和核查程序。,文章案例文本；审计事项清单；问题线索台账；审计证据资料；内控制度；会计凭证；工作底稿；整改台账；合同流水；授信审批,优化政府投资项目管理对策研究疑点清单、命中规则、风险等级、证据链、核查建议,D:\openclaw-workspace\knowledge\11-杂志文献\财政监督\18.优化政府投资项目管理对策研究.md
MAGTAX-0023,医药企业境内分拆上市动因及绩效研究案例检测算法,杂志案例算法,algorithm,P0,L3,税务审计 / 预算执行与财政管理 / 财政与政府债务,财政监督/税务审计,案例规则,data_scout / law_inspector,财政监督,医药企业境内分拆上市动因及绩效研究,医药企业境内分拆上市动因及绩效研究,风险；闲置；内控；绩效,指标；样本；报表；资产；资金；会计,模型；指标；评价；关联；分析；研究；体系；路径；机制；方法,基于杂志案例《医药企业境内分拆上市动因及绩效研究》提炼“医药企业境内分拆上市动因及绩效研究”审计算法/规则，用于复用审计经验、生成疑点线索和核查程序。,文章案例文本；审计事项清单；问题线索台账；审计证据资料；预算指标表；财政支出明细；项目资金台账；绩效目标表；绩效评价指标；产出效果数据,医药企业境内分拆上市动因及绩效研究疑点清单、命中规则、风险等级、证据链、核查建议,D:\openclaw-workspace\knowledge\11-杂志文献\财政监督\18.医药企业境内分拆上市动因及绩效研究.md
MAGSOC-0041,多维度改革创新惠民惠农财政补贴资金“一卡通”监管模式案例检测算法,杂志案例算法,algorithm,P1,L3,民生与社保医保 / 预算执行与财政管理 / 招投标与政府采购,财政监督/民生与社保医保,案例规则,data_scout / performance_evaluator,财政监督,多维度改革创新惠民惠农财政补贴资金“一卡通”监管模式,多维度改革创新惠民惠农财政补贴资金“一卡通”监管模式,风险；不合规；绩效；预警；腐败,数据；清单；预算；指标；资金,指标；比对；预警；分析；研究；体系；机制；大数据,基于杂志案例《多维度改革创新惠民惠农财政补贴资金“一卡通”监管模式》提炼“多维度改革创新惠民惠农财政补贴资金“一卡通”监管模式”审计算法/规则，用于复用审计经验、生成疑点线索和核查程序。,文章案例文本；审计事项清单；问题线索台账；审计证据资料；预算指标表；财政支出明细；项目资金台账；采购公告；投标文件；供应商信息,多维度改革创新惠民惠农财政补贴资金“一卡通”监管模式疑点清单、命中规则、风险等级、证据链、核查建议,D:\openclaw-workspace\knowledge\11-杂志文献\财政监督\18.多维度改革创新惠民惠农财政补贴资金 “一卡通”监管模式.md
MAGFIN-0029,大数据时代内部经济责任审计路径探讨案例检测算法,杂志案例算法,algorithm,P0,L4,金融审计 / 国企审计 / 监督检查与经费舞弊,财政监督/金融审计,案例规则,data_scout / contract_hound,财政监督,大数据时代内部经济责任审计路径探讨,大数据时代内部经济责任审计路径探讨,违规；异常；风险；损失；闲置；内控；绩效,数据；明细；合同；发票；凭证；支付；指标；报表；审批；采购；招标；投标,模型；指标；评价；穿透；关联；抽样；分析；路径；方法；大数据,基于杂志案例《大数据时代内部经济责任审计路径探讨》提炼“大数据时代内部经济责任审计路径探讨”审计算法/规则，用于复用审计经验、生成疑点线索和核查程序。,文章案例文本；审计事项清单；问题线索台账；审计证据资料；内控制度；会计凭证；工作底稿；整改台账；合同流水；授信审批,大数据时代内部经济责任审计路径探讨疑点清单、命中规则、风险等级、证据链、核查建议,D:\openclaw-workspace\knowledge\11-杂志文献\财政监督\18.大数据时代内部经济责任审计路径探讨.md
MAGSOC-0042,平台经济下个人所得税征管问题研究案例检测算法,杂志案例算法,algorithm,P0,L3,民生与社保医保 / 预算执行与财政管理 / 招投标与政府采购,财政监督/民生与社保医保,案例规则,data_scout / performance_evaluator,财政监督,平台经济下个人所得税征管问题研究,平台经济下个人所得税征管问题研究,风险,数据；合同；发票；凭证；支付；流水；结算；资产；申报；缴纳；税收；资金,关联；识别；分析；研究；体系；路径；机制；方法；数字化,基于杂志案例《平台经济下个人所得税征管问题研究》提炼“平台经济下个人所得税征管问题研究”审计算法/规则，用于复用审计经验、生成疑点线索和核查程序。,文章案例文本；审计事项清单；问题线索台账；审计证据资料；预算指标表；财政支出明细；项目资金台账；纳税申报表；发票明细；税收优惠台账,平台经济下个人所得税征管问题研究疑点清单、命中规则、风险等级、证据链、核查建议,D:\openclaw-workspace\knowledge\11-杂志文献\财政监督\18.平台经济下个人所得税征管问题研究.md
MAGBUD-0057,拟上市民营企业内控体系建设探析与实践案例检测算法,杂志案例算法,algorithm,P0,L3,预算执行与财政管理 / 财政与政府债务 / 绩效评价,财政监督/预算执行与财政管理,案例规则,budget_estimator / data_scout,财政监督,拟上市民营企业内控体系建设探析与实践,拟上市民营企业内控体系建设探析与实践,异常；风险；舞弊；重复；损失；内控；缺陷；真实性；绩效；预警,数据；合同；指标；保单；报表；审批；采购；资产；资金,指标；评价；预警；识别；分析；审查；体系；路径；机制；方法,基于杂志案例《拟上市民营企业内控体系建设探析与实践》提炼“拟上市民营企业内控体系建设探析与实践”审计算法/规则，用于复用审计经验、生成疑点线索和核查程序。,文章案例文本；审计事项清单；问题线索台账；审计证据资料；预算指标表；财政支出明细；项目资金台账；绩效目标表；绩效评价指标；产出效果数据,拟上市民营企业内控体系建设探析与实践疑点清单、命中规则、风险等级、证据链、核查建议,D:\openclaw-workspace\knowledge\11-杂志文献\财政监督\18.拟上市民营企业内控体系建设探析与实践.md
MAGTAX-0024,行政事业单位内部控制问题研究案例指标包,杂志指标包,indicator_pack,P1,L3,税务审计 / 预算执行与财政管理 / 财政与政府债务,财政监督/税务审计,绩效偏离,data_scout / law_inspector,财政监督,行政事业单位内部控制问题研究,行政事业单位内部控制问题研究,风险；内控；绩效；隐患；漏洞,数据；清单；合同；凭证；预算；决算；指标；审批；采购；资产；税收；资金,指标；评价；核查；研究；体系；机制,基于杂志案例《行政事业单位内部控制问题研究》提炼“行政事业单位内部控制问题研究”审计算法/规则，用于复用审计经验、生成疑点线索和核查程序。,文章案例文本；审计事项清单；问题线索台账；审计证据资料；预算指标表；财政支出明细；项目资金台账；纳税申报表；发票明细；税收优惠台账,行政事业单位内部控制问题研究指标、标准值、实际值、偏离率、评分和扣分原因,D:\openclaw-workspace\knowledge\11-杂志文献\财政监督\18.行政事业单位内部控制问题研究.md
MAGSOC-0043,PPP发展水平与地方财政承受力研究案例检测算法,杂志案例算法,algorithm,P0,L3,民生与社保医保 / 预算执行与财政管理 / 招投标与政府采购,财政监督/民生与社保医保,案例规则,data_scout / performance_evaluator,财政监督,PPP发展水平与地方财政承受力研究,PPP发展水平与地方财政承受力研究,风险；真实性；预警,数据；合同；预算；决算；指标；项目库；样本；报表；税收；资金,模型；指标；评价；关联；回归；预警；监测；分析；验证；研究；体系；路径,基于杂志案例《PPP发展水平与地方财政承受力研究》提炼“PPP发展水平与地方财政承受力研究”审计算法/规则，用于复用审计经验、生成疑点线索和核查程序。,文章案例文本；审计事项清单；问题线索台账；审计证据资料；预算指标表；财政支出明细；项目资金台账；采购公告；投标文件；供应商信息,PPP发展水平与地方财政承受力研究疑点清单、命中规则、风险等级、证据链、核查建议,D:\openclaw-workspace\knowledge\11-杂志文献\财政监督\19.PPP 发展水平与地方财政承受力研究.md
MAGSOC-0044,地方政府产业投资基金审计质量提升路径探讨案例检测算法,杂志案例算法,algorithm,P0,L3,民生与社保医保 / 预算执行与财政管理 / 招投标与政府采购,财政监督/民生与社保医保,真实性,data_scout / performance_evaluator,财政监督,地方政府产业投资基金审计质量提升路径探讨,地方政府产业投资基金审计质量提升路径探讨,违规；风险；套取；损失；闲置；真实性；绩效；偏离；违法,数据；预算；指标；资产；资金,算法；模型；指标；评价；关联；识别；测算；分析；审查；研究；体系；路径,基于杂志案例《地方政府产业投资基金审计质量提升路径探讨》提炼“地方政府产业投资基金审计质量提升路径探讨”审计算法/规则，用于复用审计经验、生成疑点线索和核查程序。,文章案例文本；审计事项清单；问题线索台账；审计证据资料；预算指标表；财政支出明细；项目资金台账；采购公告；投标文件；供应商信息,地方政府产业投资基金审计质量提升路径探讨疑点清单、命中规则、风险等级、证据链、核查建议,D:\openclaw-workspace\knowledge\11-杂志文献\财政监督\19.地方政府产业投资基金审计质量提升路径探讨.md
MAGSOC-0045,建筑企业数字化转型的动因与路径研究案例检测算法,杂志案例算法,algorithm,P0,L4,民生与社保医保 / 预算执行与财政管理 / 招投标与政府采购,财政监督/民生与社保医保,案例规则,data_scout / performance_evaluator,财政监督,建筑企业数字化转型的动因与路径研究,建筑企业数字化转型的动因与路径研究,风险；损失；绩效；预警,数据；合同；预算；指标；报表；资产；资金,模型；规则；指标；评价；预警；监测；测算；分析；研究；体系；路径；机制,基于杂志案例《建筑企业数字化转型的动因与路径研究》提炼“建筑企业数字化转型的动因与路径研究”审计算法/规则，用于复用审计经验、生成疑点线索和核查程序。,文章案例文本；审计事项清单；问题线索台账；审计证据资料；预算指标表；财政支出明细；项目资金台账；采购公告；投标文件；供应商信息,建筑企业数字化转型的动因与路径研究疑点清单、命中规则、风险等级、证据链、核查建议,D:\openclaw-workspace\knowledge\11-杂志文献\财政监督\19.建筑企业数字化转型的动因与路径研究.md
MAGSOC-0046,我国房地产企业成本控制问题研究案例检测算法,杂志案例算法,algorithm,P0,L3,民生与社保医保 / 预算执行与财政管理 / 招投标与政府采购,财政监督/民生与社保医保,案例规则,data_scout / performance_evaluator,财政监督,我国房地产企业成本控制问题研究,我国房地产企业成本控制问题研究,风险；超标；损失；完整性；漏洞,数据；合同；支付；预算；决算；指标；报表；审批；采购；招标；投标；结算,算法；指标；评价；比对；测算；分析；研究；体系；机制；方法,基于杂志案例《我国房地产企业成本控制问题研究》提炼“我国房地产企业成本控制问题研究”审计算法/规则，用于复用审计经验、生成疑点线索和核查程序。,文章案例文本；审计事项清单；问题线索台账；审计证据资料；预算指标表；财政支出明细；项目资金台账；采购公告；投标文件；供应商信息,我国房地产企业成本控制问题研究疑点清单、命中规则、风险等级、证据链、核查建议,D:\openclaw-workspace\knowledge\11-杂志文献\财政监督\19.我国房地产企业成本控制问题研究.md
MAGFIN-0030,提升高校财务管理信息化水平的路径分析案例检测算法,杂志案例算法,algorithm,P0,L3,金融审计 / 国企审计 / 监督检查与经费舞弊,财政监督/金融审计,案例规则,data_scout / contract_hound,财政监督,提升高校财务管理信息化水平的路径分析,提升高校财务管理信息化水平的路径分析,风险；重复；损失；低效；内控；真实性；完整性；绩效；隐患,数据；清单；明细；合同；发票；凭证；支付；预算；决算；报表；审批；采购,比对；关联；识别；分析；研究；体系；路径；机制；方法；数字化；大数据,基于杂志案例《提升高校财务管理信息化水平的路径分析》提炼“提升高校财务管理信息化水平的路径分析”审计算法/规则，用于复用审计经验、生成疑点线索和核查程序。,文章案例文本；审计事项清单；问题线索台账；审计证据资料；内控制度；会计凭证；工作底稿；整改台账；合同流水；授信审批,提升高校财务管理信息化水平的路径分析疑点清单、命中规则、风险等级、证据链、核查建议,D:\openclaw-workspace\knowledge\11-杂志文献\财政监督\19.提升高校财务管理信息化水平的路径分析.md
MAGFIN-0031,新租赁准则在建筑企业的实施及管理升级案例规则包,杂志规则包,rule_pack,P1,L2,金融审计 / 国企审计 / 监督检查与经费舞弊,财政监督/金融审计,合规性,data_scout / contract_hound,财政监督,新租赁准则在建筑企业的实施及管理升级,新租赁准则在建筑企业的实施及管理升级,风险；真实性；预警,数据；明细；合同；支付；指标；报表；资产；资金；会计,模型；指标；关联；预警；识别；体系；机制；方法,基于杂志案例《新租赁准则在建筑企业的实施及管理升级》提炼“新租赁准则在建筑企业的实施及管理升级”审计算法/规则，用于复用审计经验、生成疑点线索和核查程序。,文章案例文本；审计事项清单；问题线索台账；审计证据资料；内控制度；会计凭证；工作底稿；整改台账；合同流水；授信审批,新租赁准则在建筑企业的实施及管理升级规则编号、触发条件、适用场景、证据资料、处理建议,D:\openclaw-workspace\knowledge\11-杂志文献\财政监督\19.新租赁准则在建筑企业的实施及管理升级.md
MAGTAX-0025,智慧校园视域下高校财务信息化建设路径探究案例检测算法,杂志案例算法,algorithm,P0,L3,税务审计 / 预算执行与财政管理 / 财政与政府债务,财政监督/税务审计,案例规则,data_scout / law_inspector,财政监督,智慧校园视域下高校财务信息化建设路径探究,智慧校园视域下高校财务信息化建设路径探究,风险；重复；闲置；内控；真实性；完整性,数据；发票；凭证；预算；决算；报表；审批；资金；会计,分析；体系；路径；机制；大数据；人工智能,基于杂志案例《智慧校园视域下高校财务信息化建设路径探究》提炼“智慧校园视域下高校财务信息化建设路径探究”审计算法/规则，用于复用审计经验、生成疑点线索和核查程序。,文章案例文本；审计事项清单；问题线索台账；审计证据资料；预算指标表；财政支出明细；项目资金台账；纳税申报表；发票明细；税收优惠台账,智慧校园视域下高校财务信息化建设路径探究疑点清单、命中规则、风险等级、证据链、核查建议,D:\openclaw-workspace\knowledge\11-杂志文献\财政监督\19.智慧校园视域下高校财务信息化建设路径探究.md
MAGSUPV-0106,论高质量发展下的企业管理会计升级案例检测算法,杂志案例算法,algorithm,P0,L3,监督检查与经费舞弊 / 全场景通用 / 金融审计,财政监督/监督检查与经费舞弊,真实性,review_sentinel / data_scout,财政监督,论高质量发展下的企业管理会计升级,论高质量发展下的企业管理会计升级,风险；绩效；预警；隐患；漏洞,数据；台账；清单；合同；预算；指标；采购；结算；资产；资金；会计,模型；规则；指标；评价；预警；监测；识别；分析；研究；体系；机制；方法,基于杂志案例《论高质量发展下的企业管理会计升级》提炼“论高质量发展下的企业管理会计升级”审计算法/规则，用于复用审计经验、生成疑点线索和核查程序。,文章案例文本；审计事项清单；问题线索台账；审计证据资料；内控制度；会计凭证；工作底稿；整改台账；合同流水；授信审批,论高质量发展下的企业管理会计升级疑点清单、命中规则、风险等级、证据链、核查建议,D:\openclaw-workspace\knowledge\11-杂志文献\财政监督\19.论高质量发展下的企业管理会计升级.md
MAGSUPV-0107,财政部福建监管局：推动中介机构充分发挥执业监督作用案例检测算法,杂志案例算法,algorithm,P0,L3,监督检查与经费舞弊 / 全场景通用 / 金融审计,财政监督/监督检查与经费舞弊,案例规则,review_sentinel / data_scout,财政监督,财政部福建监管局：推动中介机构充分发挥执业监督作用,财政部福建监管局：推动中介机构充分发挥执业监督作用,风险；绩效,数据；审批；采购；结算；资产；资金；会计,比对；分析；体系；机制；方法；大数据,基于杂志案例《财政部福建监管局：推动中介机构充分发挥执业监督作用》提炼“财政部福建监管局：推动中介机构充分发挥执业监督作用”审计算法/规则，用于复用审计经验、生成疑点线索和核查程序。,文章案例文本；审计事项清单；问题线索台账；审计证据资料；预算指标表；财政支出明细；项目资金台账；内控制度；会计凭证；工作底稿,财政部福建监管局：推动中介机构充分发挥执业监督作用疑点清单、命中规则、风险等级、证据链、核查建议,D:\openclaw-workspace\knowledge\11-杂志文献\财政监督\19.财政部福建监管局：推动中介 机构充分发挥执业监督作用.md
MAGFIN-0032,优化预算执行动态监控体系的思考案例检测算法,杂志案例算法,algorithm,P0,L3,金融审计 / 国企审计 / 监督检查与经费舞弊,财政监督/金融审计,案例规则,data_scout / contract_hound,财政监督,优化预算执行动态监控体系的思考,优化预算执行动态监控体系的思考,违规；风险；内控；绩效；预警；漏洞；腐败,数据；清单；支付；预算；指标；报表；采购；招标；资产；资金；会计,算法；规则；指标；核查；预警；监测；分析；审查；体系；路径；机制；大数据,基于杂志案例《优化预算执行动态监控体系的思考》提炼“优化预算执行动态监控体系的思考”审计算法/规则，用于复用审计经验、生成疑点线索和核查程序。,文章案例文本；审计事项清单；问题线索台账；审计证据资料；预算指标表；财政支出明细；项目资金台账；内控制度；会计凭证；工作底稿,优化预算执行动态监控体系的思考疑点清单、命中规则、风险等级、证据链、核查建议,D:\openclaw-workspace\knowledge\11-杂志文献\财政监督\2.优化预算执行动态监控体系的思考.md
MAGSOC-0047,全成本预算绩效管理优化路径分析案例检测算法,杂志案例算法,algorithm,P0,L3,民生与社保医保 / 预算执行与财政管理 / 招投标与政府采购,财政监督/民生与社保医保,案例规则,data_scout / performance_evaluator,财政监督,全成本预算绩效管理优化路径分析,全成本预算绩效管理优化路径分析,风险；低效；完整性；绩效,数据；台账；支付；预算；指标；项目库；采购；绩效目标；税收；资金；会计,算法；规则；指标；评价；核查；监测；识别；测算；分析；验证；审查；体系,基于杂志案例《全成本预算绩效管理优化路径分析》提炼“全成本预算绩效管理优化路径分析”审计算法/规则，用于复用审计经验、生成疑点线索和核查程序。,文章案例文本；审计事项清单；问题线索台账；审计证据资料；预算指标表；财政支出明细；项目资金台账；绩效目标表；绩效评价指标；产出效果数据,全成本预算绩效管理优化路径分析疑点清单、命中规则、风险等级、证据链、核查建议,D:\openclaw-workspace\knowledge\11-杂志文献\财政监督\2.全成本预算绩效管理优化路径分析.md
MAGAGR-0034,农业领域财政支出项目绩效评价思路探析案例指标包,杂志指标包,indicator_pack,P1,L3,农业农村审计 / 金融审计 / 财政与政府债务,财政监督/农业农村审计,绩效偏离,data_scout / law_inspector,财政监督,农业领域财政支出项目绩效评价思路探析,农业领域财政支出项目绩效评价思路探析,违规；风险；挪用；低效；滞留；截留；完整性；绩效,数据；明细；预算；指标；问卷；绩效目标；申报；资金,指标；评价；测算；分析；研究；体系；机制；方法,基于杂志案例《农业领域财政支出项目绩效评价思路探析》提炼“农业领域财政支出项目绩效评价思路探析”审计算法/规则，用于复用审计经验、生成疑点线索和核查程序。,文章案例文本；审计事项清单；问题线索台账；审计证据资料；预算指标表；财政支出明细；项目资金台账；绩效目标表；绩效评价指标；产出效果数据,农业领域财政支出项目绩效评价思路探析指标、标准值、实际值、偏离率、评分和扣分原因,D:\openclaw-workspace\knowledge\11-杂志文献\财政监督\2.农业领域财政支出项目绩效评价思路探析.md
MAGTAX-0026,地方财政内控信息化建设实践与探索案例检测算法,杂志案例算法,algorithm,P0,L3,税务审计 / 预算执行与财政管理 / 财政与政府债务,财政监督/税务审计,案例规则,data_scout / law_inspector,财政监督,地方财政内控信息化建设实践与探索,地方财政内控信息化建设实践与探索,风险；内控；缺陷；绩效；预警；隐患；漏洞,数据；台账；清单；合同；支付；预算；指标；项目库；报表；审批；采购；绩效目标,规则；指标；评价；评分；比对；核查；关联；预警；监测；识别；分析；检测,基于杂志案例《地方财政内控信息化建设实践与探索》提炼“地方财政内控信息化建设实践与探索”审计算法/规则，用于复用审计经验、生成疑点线索和核查程序。,文章案例文本；审计事项清单；问题线索台账；审计证据资料；预算指标表；财政支出明细；项目资金台账；内控制度；会计凭证；工作底稿,地方财政内控信息化建设实践与探索疑点清单、命中规则、风险等级、证据链、核查建议,D:\openclaw-workspace\knowledge\11-杂志文献\财政监督\2.地方财政内控信息化建设实践与探索.md
MAGTAX-0027,完善省以下政府间收入划分的研究案例规则包,杂志规则包,rule_pack,P0,L2,税务审计 / 预算执行与财政管理 / 财政与政府债务,财政监督/税务审计,合规性,data_scout / law_inspector,财政监督,完善省以下政府间收入划分的研究,完善省以下政府间收入划分的研究,风险,数据；支付；预算；缴纳；税收；资金,测算；分析；研究；体系；方法,基于杂志案例《完善省以下政府间收入划分的研究》提炼“完善省以下政府间收入划分的研究”审计算法/规则，用于复用审计经验、生成疑点线索和核查程序。,文章案例文本；审计事项清单；问题线索台账；审计证据资料；预算指标表；财政支出明细；项目资金台账；纳税申报表；发票明细；税收优惠台账,完善省以下政府间收入划分的研究规则编号、触发条件、适用场景、证据资料、处理建议,D:\openclaw-workspace\knowledge\11-杂志文献\财政监督\2.完善省以下政府间收入划分的研究.md
MAGSUPV-0108,探索采购与绩效融合全过程推动预算绩效管理工作脱虚向实案例检测算法,杂志案例算法,algorithm,P0,L3,监督检查与经费舞弊 / 全场景通用 / 金融审计,财政监督/监督检查与经费舞弊,案例规则,review_sentinel / data_scout,财政监督,探索采购与绩效融合全过程推动预算绩效管理工作脱虚向实,探索采购与绩效融合全过程推动预算绩效管理工作脱虚向实,缺陷；真实性；完整性；绩效；偏离；预警；失真,数据；合同；支付；预算；指标；采购；招标；绩效目标；资产；申报；资金；会计,指标；评价；评分；关联；回归；预警；分析；体系；路径；机制；方法,基于杂志案例《探索采购与绩效融合全过程推动预算绩效管理工作脱虚向实》提炼“探索采购与绩效融合全过程推动预算绩效管理工作脱虚向实”审计算法/规则，用于复用审计经验、生成疑点线索和核查程序。,文章案例文本；审计事项清单；问题线索台账；审计证据资料；预算指标表；财政支出明细；项目资金台账；绩效目标表；绩效评价指标；产出效果数据,探索采购与绩效融合全过程推动预算绩效管理工作脱虚向实疑点清单、命中规则、风险等级、证据链、核查建议,D:\openclaw-workspace\knowledge\11-杂志文献\财政监督\2.探索采购与绩效融合全过程推动预算绩效管理工作脱虚向实.md
MAGSOC-0048,人大预算审查监督工作创新发展探讨案例检测算法,杂志案例算法,algorithm,P0,L3,民生与社保医保 / 预算执行与财政管理 / 招投标与政府采购,财政监督/民生与社保医保,案例规则,data_scout / performance_evaluator,财政监督,新时代人大预算审查监督工作创新发展探讨,人大预算审查监督工作创新发展探讨,违规；风险；真实性；绩效；违法；腐败,数据；清单；支付；预算；决算；指标；绩效目标；资产；税收；资金,算法；指标；穿透；分析；审查；研究；体系；路径；机制；方法；大数据；人工智能,基于杂志案例《新时代人大预算审查监督工作创新发展探讨》提炼“人大预算审查监督工作创新发展探讨”审计算法/规则，用于复用审计经验、生成疑点线索和核查程序。,文章案例文本；审计事项清单；问题线索台账；审计证据资料；预算指标表；财政支出明细；项目资金台账；内控制度；会计凭证；工作底稿,人大预算审查监督工作创新发展探讨疑点清单、命中规则、风险等级、证据链、核查建议,D:\openclaw-workspace\knowledge\11-杂志文献\财政监督\2.新时代人大预算审查监督工作创新发展探讨.md
MAGTAX-0028,深学细悟习近平新时代中国特色社会主义思想走好新时代新征程财政改革发展之路案例检测算法,杂志案例算法,algorithm,P1,L3,税务审计 / 预算执行与财政管理 / 财政与政府债务,财政监督/税务审计,案例规则,data_scout / law_inspector,财政监督,深学细悟习近平新时代中国特色社会主义思想走好新时代新征程财政改革发展之路,深学细悟习近平新时代中国特色社会主义思想走好新时代新征程财政改革发展之路,风险；绩效；隐患；形式主义,清单；支付；预算；税收；资金,研究；体系；机制；方法；数字化,基于杂志案例《深学细悟习近平新时代中国特色社会主义思想走好新时代新征程财政改革发展之路》提炼“深学细悟习近平新时代中国特色社会主义思想走好新时代新征程财政改革发展之路”审计算法/规则，用于复用审计经验、生成疑点线索和核查程序。,文章案例文本；审计事项清单；问题线索台账；审计证据资料；预算指标表；财政支出明细；项目资金台账；纳税申报表；发票明细；税收优惠台账,深学细悟习近平新时代中国特色社会主义思想走好新时代新征程财政改革发展之路疑点清单、命中规则、风险等级、证据链、核查建议,D:\openclaw-workspace\knowledge\11-杂志文献\财政监督\2.深学细悟习近平新时代中国特色社会主义思想走好新时代新征程财政改革发展之路.md
MAGSUPV-0109,稳中求进扎实做好2023年财政工作案例检测算法,杂志案例算法,algorithm,P0,L3,监督检查与经费舞弊 / 全场景通用 / 金融审计,财政监督/监督检查与经费舞弊,案例规则,review_sentinel / data_scout,财政监督,稳中求进扎实做好2023年财政工作,稳中求进扎实做好2023年财政工作,违规；风险；舞弊；绩效；预警；违法；隐患,数据；清单；凭证；支付；预算；采购；资产；税收；资金；会计,规则；评价；预警；监测；研究；体系；机制；数字化；大数据,基于杂志案例《稳中求进扎实做好2023年财政工作》提炼“稳中求进扎实做好2023年财政工作”审计算法/规则，用于复用审计经验、生成疑点线索和核查程序。,文章案例文本；审计事项清单；问题线索台账；审计证据资料；预算指标表；财政支出明细；项目资金台账；内控制度；会计凭证；工作底稿,稳中求进扎实做好2023年财政工作疑点清单、命中规则、风险等级、证据链、核查建议,D:\openclaw-workspace\knowledge\11-杂志文献\财政监督\2.稳中求进扎实做好2023年财政工作.md
MAGSUPV-0110,财会监督的历史维度与现实维度案例检测算法,杂志案例算法,algorithm,P0,L3,监督检查与经费舞弊 / 全场景通用 / 金融审计,财政监督/监督检查与经费舞弊,案例规则,review_sentinel / data_scout,财政监督,财会监督的历史维度与现实维度,财会监督的历史维度与现实维度,违规；风险；低效；内控；绩效；漏洞；腐败,预算；决算；资产；税收；资金；会计,算法；评价；核查；审查；研究；体系；机制,基于杂志案例《财会监督的历史维度与现实维度》提炼“财会监督的历史维度与现实维度”审计算法/规则，用于复用审计经验、生成疑点线索和核查程序。,文章案例文本；审计事项清单；问题线索台账；审计证据资料；内控制度；会计凭证；工作底稿；整改台账；合同流水；授信审批,财会监督的历史维度与现实维度疑点清单、命中规则、风险等级、证据链、核查建议,D:\openclaw-workspace\knowledge\11-杂志文献\财政监督\2.财会监督的历史维度与现实维度.md
MAGSOC-0049,财政监督与共同富裕案例指标包,杂志指标包,indicator_pack,P1,L3,民生与社保医保 / 预算执行与财政管理 / 招投标与政府采购,财政监督/民生与社保医保,绩效偏离,data_scout / performance_evaluator,财政监督,财政监督与共同富裕,财政监督与共同富裕,缺陷,支付；预算；缴纳；税收；资金,规则；评价；分析；研究；体系；路径；机制；方法,基于杂志案例《财政监督与共同富裕》提炼“财政监督与共同富裕”审计算法/规则，用于复用审计经验、生成疑点线索和核查程序。,文章案例文本；审计事项清单；问题线索台账；审计证据资料；预算指标表；财政支出明细；项目资金台账；内控制度；会计凭证；工作底稿,财政监督与共同富裕指标、标准值、实际值、偏离率、评分和扣分原因,D:\openclaw-workspace\knowledge\11-杂志文献\财政监督\2.财政监督与共同富裕.md
MAGSUPV-0111,财政部负责人就《关于进一步加强财会监督工作的意见》答记者问内控核查包,杂志内控包,control_pack,P1,L2,监督检查与经费舞弊 / 全场景通用 / 金融审计,财政监督/监督检查与经费舞弊,内控缺陷,review_sentinel / data_scout,财政监督,财政部负责人就《关于进一步加强财会监督工作的意见》答记者问,财政部负责人就《关于进一步加强财会监督工作的意见》答记者问,违规；舞弊；违法；失真,资产；资金；会计,体系；机制,基于杂志案例《财政部负责人就《关于进一步加强财会监督工作的意见》答记者问》提炼“财政部负责人就《关于进一步加强财会监督工作的意见》答记者问”审计算法/规则，用于复用审计经验、生成疑点线索和核查程序。,文章案例文本；审计事项清单；问题线索台账；审计证据资料；预算指标表；财政支出明细；项目资金台账；内控制度；会计凭证；工作底稿,财政部负责人就《关于进一步加强财会监督工作的意见》答记者问控制点、缺陷类型、责任环节、整改建议、复核状态,D:\openclaw-workspace\knowledge\11-杂志文献\财政监督\2.财政部负责人就《关于进一步加强财会监督 工作的意见》答记者问.md
MAGSOC-0050,重大政策和项目全周期跟踪问效的探索与实践案例检测算法,杂志案例算法,algorithm,P0,L3,民生与社保医保 / 预算执行与财政管理 / 招投标与政府采购,财政监督/民生与社保医保,案例规则,data_scout / performance_evaluator,财政监督,重大政策和项目全周期跟踪问效的探索与实践,重大政策和项目全周期跟踪问效的探索与实践,重复；低效；绩效；偏离；预警；漏洞,清单；预算；资金,评价；预警；分析；研究；体系；路径；机制,基于杂志案例《重大政策和项目全周期跟踪问效的探索与实践》提炼“重大政策和项目全周期跟踪问效的探索与实践”审计算法/规则，用于复用审计经验、生成疑点线索和核查程序。,文章案例文本；审计事项清单；问题线索台账；审计证据资料；预算指标表；财政支出明细；项目资金台账；采购公告；投标文件；供应商信息,重大政策和项目全周期跟踪问效的探索与实践疑点清单、命中规则、风险等级、证据链、核查建议,D:\openclaw-workspace\knowledge\11-杂志文献\财政监督\2.重大政策和项目全周期跟踪问效的探索与实践.md
MAGSOC-0051,事业单位财务数智化转型路径研究案例检测算法,杂志案例算法,algorithm,P0,L3,民生与社保医保 / 预算执行与财政管理 / 招投标与政府采购,财政监督/民生与社保医保,案例规则,data_scout / performance_evaluator,财政监督,事业单位财务数智化转型路径研究,事业单位财务数智化转型路径研究,风险；重复；完整性；绩效；预警；隐患,数据；预算；决算；审批；采购；结算；资产；资金；会计,规则；评价；关联；预警；识别；测算；分析；研究；体系；路径；机制；方法,基于杂志案例《事业单位财务数智化转型路径研究》提炼“事业单位财务数智化转型路径研究”审计算法/规则，用于复用审计经验、生成疑点线索和核查程序。,文章案例文本；审计事项清单；问题线索台账；审计证据资料；预算指标表；财政支出明细；项目资金台账；采购公告；投标文件；供应商信息,事业单位财务数智化转型路径研究疑点清单、命中规则、风险等级、证据链、核查建议,D:\openclaw-workspace\knowledge\11-杂志文献\财政监督\20.事业单位财务数智化转型路径研究.md
MAGAGR-0035,农业科研单位生物育种项目资金管理问题研究案例检测算法,杂志案例算法,algorithm,P0,L3,农业农村审计 / 金融审计 / 财政与政府债务,财政监督/农业农村审计,案例规则,data_scout / law_inspector,财政监督,农业科研单位生物育种项目资金管理问题研究,农业科研单位生物育种项目资金管理问题研究,风险；重复；超预算；挪用；套取；闲置；内控；完整性；绩效；隐患；漏洞,数据；台账；明细；合同；支付；预算；决算；指标；问卷；报表；审批；绩效目标,指标；评价；穿透；分析；审查；研究；体系；路径；机制；方法,基于杂志案例《农业科研单位生物育种项目资金管理问题研究》提炼“农业科研单位生物育种项目资金管理问题研究”审计算法/规则，用于复用审计经验、生成疑点线索和核查程序。,文章案例文本；审计事项清单；问题线索台账；审计证据资料；预算指标表；财政支出明细；项目资金台账；合同流水；授信审批；还款记录,农业科研单位生物育种项目资金管理问题研究疑点清单、命中规则、风险等级、证据链、核查建议,D:\openclaw-workspace\knowledge\11-杂志文献\财政监督\20.农业科研单位生物育种项目资金管理问题研究.md
MAGSUPV-0112,制造业虚拟价值创造的模式研究案例指标包,杂志指标包,indicator_pack,P1,L3,监督检查与经费舞弊 / 全场景通用 / 金融审计,财政监督/监督检查与经费舞弊,绩效偏离,review_sentinel / data_scout,财政监督,制造业虚拟价值创造的模式研究,制造业虚拟价值创造的模式研究,风险,数据；能耗；资金；会计,分析；研究；体系；路径；方法,基于杂志案例《制造业虚拟价值创造的模式研究》提炼“制造业虚拟价值创造的模式研究”审计算法/规则，用于复用审计经验、生成疑点线索和核查程序。,文章案例文本；审计事项清单；问题线索台账；审计证据资料；内控制度；会计凭证；工作底稿；整改台账；合同流水；授信审批,制造业虚拟价值创造的模式研究指标、标准值、实际值、偏离率、评分和扣分原因,D:\openclaw-workspace\knowledge\11-杂志文献\财政监督\20.制造业虚拟价值创造的模式研究.md
MAGFIN-0033,“实质重于形式”原则的现金及现金等价物核算边界问题研究案例指标包,杂志指标包,indicator_pack,P1,L3,金融审计 / 国企审计 / 监督检查与经费舞弊,财政监督/金融审计,绩效偏离,data_scout / contract_hound,财政监督,基于“实质重于形式”原则的现金及现金等价物核算边界问题研究,“实质重于形式”原则的现金及现金等价物核算边界问题研究,风险；挪用；套取；损失；完整性；失真,数据；凭证；支付；指标；报表；采购；结算；资产；资金；会计,规则；指标；分析；研究；体系；机制,基于杂志案例《基于“实质重于形式”原则的现金及现金等价物核算边界问题研究》提炼““实质重于形式”原则的现金及现金等价物核算边界问题研究”审计算法/规则，用于复用审计经验、生成疑点线索和核查程序。,文章案例文本；审计事项清单；问题线索台账；审计证据资料；内控制度；会计凭证；工作底稿；整改台账；合同流水；授信审批,“实质重于形式”原则的现金及现金等价物核算边界问题研究指标、标准值、实际值、偏离率、评分和扣分原因,D:\openclaw-workspace\knowledge\11-杂志文献\财政监督\20.基于“实质重于形式”原则的现金及 现金等价物核算边界问题研究.md
MAGTAX-0029,强化财政内控建设的实践与思考案例检测算法,杂志案例算法,algorithm,P0,L3,税务审计 / 预算执行与财政管理 / 财政与政府债务,财政监督/税务审计,案例规则,data_scout / law_inspector,财政监督,强化财政内控建设的实践与思考,强化财政内控建设的实践与思考,违规；风险；内控；绩效；预警；隐患,数据；台账；预算；指标；采购；税收；资金；会计,指标；评价；比对；关联；预警；识别；分析；审查；研究；体系；机制；方法,基于杂志案例《强化财政内控建设的实践与思考》提炼“强化财政内控建设的实践与思考”审计算法/规则，用于复用审计经验、生成疑点线索和核查程序。,文章案例文本；审计事项清单；问题线索台账；审计证据资料；预算指标表；财政支出明细；项目资金台账；内控制度；会计凭证；工作底稿,强化财政内控建设的实践与思考疑点清单、命中规则、风险等级、证据链、核查建议,D:\openclaw-workspace\knowledge\11-杂志文献\财政监督\20.强化财政内控建设的实践与思考.md
MAGSOC-0052,政策助力县域经济发展案例检测算法,杂志案例算法,algorithm,P0,L3,民生与社保医保 / 预算执行与财政管理 / 招投标与政府采购,财政监督/民生与社保医保,案例规则,data_scout / performance_evaluator,财政监督,政策助力县域经济发展,政策助力县域经济发展,风险,数据；清单；发票；指标；审批；资产；申报；缴纳；税收；资金,指标；评价；比对；核查；测算；分析；检测；审查；研究；体系,基于杂志案例《政策助力县域经济发展》提炼“政策助力县域经济发展”审计算法/规则，用于复用审计经验、生成疑点线索和核查程序。,文章案例文本；审计事项清单；问题线索台账；审计证据资料；预算指标表；财政支出明细；项目资金台账；采购公告；投标文件；供应商信息,政策助力县域经济发展疑点清单、命中规则、风险等级、证据链、核查建议,D:\openclaw-workspace\knowledge\11-杂志文献\财政监督\20.政策助力县域经济发展.md
MAGSOC-0053,数智时代企业的业务转型及财务创新案例检测算法,杂志案例算法,algorithm,P0,L3,民生与社保医保 / 预算执行与财政管理 / 招投标与政府采购,财政监督/民生与社保医保,案例规则,data_scout / performance_evaluator,财政监督,数智时代企业的业务转型及财务创新,数智时代企业的业务转型及财务创新,风险；重复；损失；不合规；绩效；预警,数据；预算；指标；报表；采购；结算；资产；碳排放；资金；会计,算法；模型；规则；指标；评价；预警；监测；识别；分析；研究；体系；路径,基于杂志案例《数智时代企业的业务转型及财务创新》提炼“数智时代企业的业务转型及财务创新”审计算法/规则，用于复用审计经验、生成疑点线索和核查程序。,文章案例文本；审计事项清单；问题线索台账；审计证据资料；预算指标表；财政支出明细；项目资金台账；采购公告；投标文件；供应商信息,数智时代企业的业务转型及财务创新疑点清单、命中规则、风险等级、证据链、核查建议,D:\openclaw-workspace\knowledge\11-杂志文献\财政监督\20.数智时代企业的业务转型及财务创新.md
MAGBUD-0058,电力物资公司全流程预算绩效管理体系研究案例检测算法,杂志案例算法,algorithm,P0,L3,预算执行与财政管理 / 财政与政府债务 / 绩效评价,财政监督/预算执行与财政管理,案例规则,budget_estimator / data_scout,财政监督,电力物资公司全流程预算绩效管理体系研究,电力物资公司全流程预算绩效管理体系研究,异常；风险；重复；低效；闲置；绩效；偏离；预警,数据；清单；明细；合同；支付；预算；指标；采购；招标；结算；绩效目标；申报,模型；规则；指标；评价；评分；比对；预警；识别；测算；分析；研究；体系,基于杂志案例《电力物资公司全流程预算绩效管理体系研究》提炼“电力物资公司全流程预算绩效管理体系研究”审计算法/规则，用于复用审计经验、生成疑点线索和核查程序。,文章案例文本；审计事项清单；问题线索台账；审计证据资料；预算指标表；财政支出明细；项目资金台账；绩效目标表；绩效评价指标；产出效果数据,电力物资公司全流程预算绩效管理体系研究疑点清单、命中规则、风险等级、证据链、核查建议,D:\openclaw-workspace\knowledge\11-杂志文献\财政监督\20.电力物资公司全流程预算绩效管理体系研究.md
MAGTAX-0030,“大数据”背景下提升税式支出管理水平的研究证据模板包,杂志证据包,evidence_pack,P1,L4,税务审计 / 预算执行与财政管理 / 财政与政府债务,财政监督/税务审计,案例证据,data_scout / law_inspector,财政监督,“大数据”背景下提升税式支出管理水平的研究,“大数据”背景下提升税式支出管理水平的研究,,数据,研究；大数据,基于杂志案例《“大数据”背景下提升税式支出管理水平的研究》提炼““大数据”背景下提升税式支出管理水平的研究”审计算法/规则，用于复用审计经验、生成疑点线索和核查程序。,文章案例文本；审计事项清单；问题线索台账；审计证据资料；预算指标表；财政支出明细；项目资金台账；纳税申报表；发票明细；税收优惠台账,“大数据”背景下提升税式支出管理水平的研究案例标签、风险词、数据词、核查程序、底稿证据索引,D:\openclaw-workspace\knowledge\11-杂志文献\财政监督\21.“大数据”背景下提升税式支出管理水平的研究.md
MAGSOC-0054,基层央行数字人民币应用的财务问题研究案例检测算法,杂志案例算法,algorithm,P0,L3,民生与社保医保 / 预算执行与财政管理 / 招投标与政府采购,财政监督/民生与社保医保,案例规则,data_scout / performance_evaluator,财政监督,基层央行数字人民币应用的财务问题研究,基层央行数字人民币应用的财务问题研究,风险；内控；完整性；隐患,数据；明细；合同；凭证；支付；预算；问卷；审批；结算；资产；缴纳；资金,算法；规则；分析；验证；研究；体系；机制；方法；数字化；大数据；人工智能,基于杂志案例《基层央行数字人民币应用的财务问题研究》提炼“基层央行数字人民币应用的财务问题研究”审计算法/规则，用于复用审计经验、生成疑点线索和核查程序。,文章案例文本；审计事项清单；问题线索台账；审计证据资料；预算指标表；财政支出明细；项目资金台账；采购公告；投标文件；供应商信息,基层央行数字人民币应用的财务问题研究疑点清单、命中规则、风险等级、证据链、核查建议,D:\openclaw-workspace\knowledge\11-杂志文献\财政监督\21.基层央行数字人民币应用的财务问题研究.md
MAGFIN-0034,商业汇票风险管控体系构建研究案例检测算法,杂志案例算法,algorithm,P0,L3,金融审计 / 国企审计 / 监督检查与经费舞弊,财政监督/金融审计,异常性,data_scout / contract_hound,财政监督,新形势下商业汇票风险管控体系构建研究,商业汇票风险管控体系构建研究,异常；风险；损失；内控；真实性；完整性；预警,数据；清单；合同；发票；凭证；支付；指标；问卷；报表；采购；结算；资产,模型；指标；评价；评分；预警；识别；测算；分析；检测；研究；体系；方法,基于杂志案例《新形势下商业汇票风险管控体系构建研究》提炼“商业汇票风险管控体系构建研究”审计算法/规则，用于复用审计经验、生成疑点线索和核查程序。,文章案例文本；审计事项清单；问题线索台账；审计证据资料；内控制度；会计凭证；工作底稿；整改台账；合同流水；授信审批,商业汇票风险管控体系构建研究疑点清单、命中规则、风险等级、证据链、核查建议,D:\openclaw-workspace\knowledge\11-杂志文献\财政监督\21.新形势下商业汇票风险管控体系构建研究.md
MAGFIN-0035,智慧财务建设助力企业财务转型的探讨案例检测算法,杂志案例算法,algorithm,P0,L3,金融审计 / 国企审计 / 监督检查与经费舞弊,财政监督/金融审计,案例规则,data_scout / contract_hound,财政监督,智慧财务建设助力企业财务转型的探讨,智慧财务建设助力企业财务转型的探讨,风险；重复；完整性；预警,数据；台账；发票；凭证；支付；流水；预算；指标；报表；审批；采购；结算,算法；模型；规则；指标；评价；比对；核查；预警；监测；识别；分析；验证,基于杂志案例《智慧财务建设助力企业财务转型的探讨》提炼“智慧财务建设助力企业财务转型的探讨”审计算法/规则，用于复用审计经验、生成疑点线索和核查程序。,文章案例文本；审计事项清单；问题线索台账；审计证据资料；内控制度；会计凭证；工作底稿；整改台账；合同流水；授信审批,智慧财务建设助力企业财务转型的探讨疑点清单、命中规则、风险等级、证据链、核查建议,D:\openclaw-workspace\knowledge\11-杂志文献\财政监督\21.智慧财务建设助力企业财务转型的探讨.md
MAGTAX-0031,社会公众参与预算监督的现状及影响因素分析案例检测算法,杂志案例算法,algorithm,P0,L3,税务审计 / 预算执行与财政管理 / 财政与政府债务,财政监督/税务审计,案例规则,data_scout / law_inspector,财政监督,社会公众参与预算监督的现状及影响因素分析,社会公众参与预算监督的现状及影响因素分析,风险；完整性；绩效；违法,数据；预算；决算；指标；问卷；样本；报表；审批；采购；税收,算法；模型；规则；指标；评价；关联；回归；分析；验证；审查；研究；体系,基于杂志案例《社会公众参与预算监督的现状及影响因素分析》提炼“社会公众参与预算监督的现状及影响因素分析”审计算法/规则，用于复用审计经验、生成疑点线索和核查程序。,文章案例文本；审计事项清单；问题线索台账；审计证据资料；预算指标表；财政支出明细；项目资金台账；内控制度；会计凭证；工作底稿,社会公众参与预算监督的现状及影响因素分析疑点清单、命中规则、风险等级、证据链、核查建议,D:\openclaw-workspace\knowledge\11-杂志文献\财政监督\21.社会公众参与预算监督的现状及影响因素分析.md
MAGBUD-0059,21电网企业“双链协同”预算全域管理体系构建研究案例检测算法,杂志案例算法,algorithm,P0,L3,预算执行与财政管理 / 财政与政府债务 / 绩效评价,财政监督/预算执行与财政管理,案例规则,budget_estimator / data_scout,财政监督,21电网企业“双链协同”预算全域管理体系构建研究,21电网企业“双链协同”预算全域管理体系构建研究,异常；风险；不合规；绩效；预警,数据；清单；明细；合同；支付；预算；决算；指标；报表；结算；资产；资金,模型；规则；指标；评价；穿透；关联；预警；监测；识别；测算；分析；研究,基于杂志案例《21电网企业“双链协同”预算全域管理体系构建研究》提炼“21电网企业“双链协同”预算全域管理体系构建研究”审计算法/规则，用于复用审计经验、生成疑点线索和核查程序。,文章案例文本；审计事项清单；问题线索台账；审计证据资料；预算指标表；财政支出明细；项目资金台账；绩效目标表；绩效评价指标；产出效果数据,21电网企业“双链协同”预算全域管理体系构建研究疑点清单、命中规则、风险等级、证据链、核查建议,D:\openclaw-workspace\knowledge\11-杂志文献\财政监督\21电网企业“双链协同”预算全域管理体系构建研究.md
MAGSOC-0055,中国税制改革的十年(2012—2022)回顾与前瞻案例检测算法,杂志案例算法,algorithm,P0,L3,民生与社保医保 / 预算执行与财政管理 / 招投标与政府采购,财政监督/民生与社保医保,案例规则,data_scout / performance_evaluator,财政监督,中国税制改革的十年(2012—2022)回顾与前瞻,中国税制改革的十年(2012—2022)回顾与前瞻,风险；重复；绩效；违法,数据；预算；指标；审批；资产；碳排放；申报；缴纳；税收,规则；指标；监测；识别；分析；体系；路径；机制；方法；大数据；人工智能,基于杂志案例《中国税制改革的十年(2012—2022)回顾与前瞻》提炼“中国税制改革的十年(2012—2022)回顾与前瞻”审计算法/规则，用于复用审计经验、生成疑点线索和核查程序。,文章案例文本；审计事项清单；问题线索台账；审计证据资料；预算指标表；财政支出明细；项目资金台账；纳税申报表；发票明细；税收优惠台账,中国税制改革的十年(2012—2022)回顾与前瞻疑点清单、命中规则、风险等级、证据链、核查建议,D:\openclaw-workspace\knowledge\11-杂志文献\财政监督\22.中国税制改革的十年(2012—2022)回顾与前瞻.md
MAGBUD-0060,内部模拟市场体系的国网省级营销服务中心预算管理优化探索案例检测算法,杂志案例算法,algorithm,P0,L3,预算执行与财政管理 / 财政与政府债务 / 绩效评价,财政监督/预算执行与财政管理,案例规则,budget_estimator / data_scout,财政监督,基于内部模拟市场体系的国网省级营销服务中心预算管理优化探索,内部模拟市场体系的国网省级营销服务中心预算管理优化探索,风险；预警,数据；预算；指标；结算；资产；资金；会计,规则；指标；评价；预警；测算；分析；勾稽；检测；审查；研究；体系；路径,基于杂志案例《基于内部模拟市场体系的国网省级营销服务中心预算管理优化探索》提炼“内部模拟市场体系的国网省级营销服务中心预算管理优化探索”审计算法/规则，用于复用审计经验、生成疑点线索和核查程序。,文章案例文本；审计事项清单；问题线索台账；审计证据资料；预算指标表；财政支出明细；项目资金台账；绩效目标表；绩效评价指标；产出效果数据,内部模拟市场体系的国网省级营销服务中心预算管理优化探索疑点清单、命中规则、风险等级、证据链、核查建议,D:\openclaw-workspace\knowledge\11-杂志文献\财政监督\22.基于内部模拟市场体系的国网省级营销服务中心预算管理优化探索.md
MAGTAX-0032,财政补贴对高技术行业企业创新意愿的影响研究案例检测算法,杂志案例算法,algorithm,P0,L3,税务审计 / 预算执行与财政管理 / 财政与政府债务,财政监督/税务审计,案例规则,data_scout / law_inspector,财政监督,财政补贴对高技术行业企业创新意愿的影响研究,财政补贴对高技术行业企业创新意愿的影响研究,风险；挪用；损失；低效；缺陷；偏离,数据；预算；指标；样本；资产；税收；资金,模型；指标；关联；回归；分析；研究；体系；机制；数字化,基于杂志案例《财政补贴对高技术行业企业创新意愿的影响研究》提炼“财政补贴对高技术行业企业创新意愿的影响研究”审计算法/规则，用于复用审计经验、生成疑点线索和核查程序。,文章案例文本；审计事项清单；问题线索台账；审计证据资料；预算指标表；财政支出明细；项目资金台账；纳税申报表；发票明细；税收优惠台账,财政补贴对高技术行业企业创新意愿的影响研究疑点清单、命中规则、风险等级、证据链、核查建议,D:\openclaw-workspace\knowledge\11-杂志文献\财政监督\22.财政补贴对高技术行业企业创新意愿的影响研究.md
MAGFIN-0036,内控视角的高校所属单位财务监管问题研究案例指标包,杂志指标包,indicator_pack,P1,L3,金融审计 / 国企审计 / 监督检查与经费舞弊,财政监督/金融审计,绩效偏离,data_scout / contract_hound,财政监督,基于内控视角的高校所属单位财务监管问题研究,内控视角的高校所属单位财务监管问题研究,异常；风险；内控；绩效；违法；腐败,清单；支付；预算；决算；问卷；样本；报表；结算；资产；资金；会计,规则；评价；分析；研究；体系；机制；方法,基于杂志案例《基于内控视角的高校所属单位财务监管问题研究》提炼“内控视角的高校所属单位财务监管问题研究”审计算法/规则，用于复用审计经验、生成疑点线索和核查程序。,文章案例文本；审计事项清单；问题线索台账；审计证据资料；内控制度；会计凭证；工作底稿；整改台账；合同流水；授信审批,内控视角的高校所属单位财务监管问题研究指标、标准值、实际值、偏离率、评分和扣分原因,D:\openclaw-workspace\knowledge\11-杂志文献\财政监督\23.基于内控视角的高校所属单位财务监管问题研究.md
MAGBUD-0061,多维精益管理体系的地市供电企业案例检测算法,杂志案例算法,algorithm,P0,L3,预算执行与财政管理 / 财政与政府债务 / 绩效评价,财政监督/预算执行与财政管理,案例规则,budget_estimator / data_scout,财政监督,基于多维精益管理体系的地市供电企业,多维精益管理体系的地市供电企业,重复；绩效,数据；清单；预算；指标；结算；资产；会计,模型；规则；指标；评价；关联；识别；测算；分析；勾稽；验证；研究；体系,基于杂志案例《基于多维精益管理体系的地市供电企业》提炼“多维精益管理体系的地市供电企业”审计算法/规则，用于复用审计经验、生成疑点线索和核查程序。,文章案例文本；审计事项清单；问题线索台账；审计证据资料；预算指标表；财政支出明细；项目资金台账；绩效目标表；绩效评价指标；产出效果数据,多维精益管理体系的地市供电企业疑点清单、命中规则、风险等级、证据链、核查建议,D:\openclaw-workspace\knowledge\11-杂志文献\财政监督\23.基于多维精益管理体系的地市供电企业.md
MAGSOC-0056,企业财务管理转型目标探讨案例检测算法,杂志案例算法,algorithm,P0,L4,民生与社保医保 / 预算执行与财政管理 / 招投标与政府采购,财政监督/民生与社保医保,案例规则,data_scout / performance_evaluator,财政监督,数字化背景下企业财务管理转型目标探讨,企业财务管理转型目标探讨,风险；重复；内控；真实性；预警,数据；支付；流水；预算；指标；报表；采购；资产；资金；会计,指标；预警；分析；研究；体系；路径；机制；数字化；大数据；人工智能,基于杂志案例《数字化背景下企业财务管理转型目标探讨》提炼“企业财务管理转型目标探讨”审计算法/规则，用于复用审计经验、生成疑点线索和核查程序。,文章案例文本；审计事项清单；问题线索台账；审计证据资料；预算指标表；财政支出明细；项目资金台账；采购公告；投标文件；供应商信息,企业财务管理转型目标探讨疑点清单、命中规则、风险等级、证据链、核查建议,D:\openclaw-workspace\knowledge\11-杂志文献\财政监督\24.数字化背景下企业财务管理转型目标探讨.md
MAGTAX-0033,数字经济时代企业财务管理变革研究案例检测算法,杂志案例算法,algorithm,P0,L3,税务审计 / 预算执行与财政管理 / 财政与政府债务,财政监督/税务审计,案例规则,data_scout / law_inspector,财政监督,数字经济时代企业财务管理变革研究,数字经济时代企业财务管理变革研究,风险；重复；损失；内控；绩效；偏离；预警；失真；隐患,数据；合同；支付；预算；指标；报表；审批；采购；资产；税收；资金；会计,指标；关联；预警；识别；分析；研究；体系；路径；机制；数字化；大数据；人工智能,基于杂志案例《数字经济时代企业财务管理变革研究》提炼“数字经济时代企业财务管理变革研究”审计算法/规则，用于复用审计经验、生成疑点线索和核查程序。,文章案例文本；审计事项清单；问题线索台账；审计证据资料；预算指标表；财政支出明细；项目资金台账；纳税申报表；发票明细；税收优惠台账,数字经济时代企业财务管理变革研究疑点清单、命中规则、风险等级、证据链、核查建议,D:\openclaw-workspace\knowledge\11-杂志文献\财政监督\24.数字经济时代企业财务管理变革研究.md
MAGFIN-0037,建筑行业货币资金内部控制优化的案例研究案例检测算法,杂志案例算法,algorithm,P0,L3,金融审计 / 国企审计 / 监督检查与经费舞弊,财政监督/金融审计,案例规则,data_scout / contract_hound,财政监督,建筑行业货币资金内部控制优化的案例研究,建筑行业货币资金内部控制优化的案例研究,违规；风险；舞弊；重复；挪用；套取；损失；截留；内控；缺陷；预警；违法,数据；清单；明细；发票；凭证；支付；预算；审批；结算；资金；会计,预警；识别；分析；审查；研究；体系；机制；数字化；大数据,基于杂志案例《建筑行业货币资金内部控制优化的案例研究》提炼“建筑行业货币资金内部控制优化的案例研究”审计算法/规则，用于复用审计经验、生成疑点线索和核查程序。,文章案例文本；审计事项清单；问题线索台账；审计证据资料；内控制度；会计凭证；工作底稿；整改台账；合同流水；授信审批,建筑行业货币资金内部控制优化的案例研究疑点清单、命中规则、风险等级、证据链、核查建议,D:\openclaw-workspace\knowledge\11-杂志文献\财政监督\25.建筑行业货币资金内部控制优化的案例研究.md
MAGSOC-0057,依法审查监督开拓人大预算审查监督新局面案例检测算法,杂志案例算法,algorithm,P0,L3,民生与社保医保 / 预算执行与财政管理 / 招投标与政府采购,财政监督/民生与社保医保,案例规则,data_scout / performance_evaluator,财政监督,依法审查监督开拓人大预算审查监督新局面,依法审查监督开拓人大预算审查监督新局面,风险；绩效,支付；预算；决算；指标；申报；资金；审计报告,算法；指标；评价；分析；审查；研究；体系；机制；方法,基于杂志案例《依法审查监督开拓人大预算审查监督新局面》提炼“依法审查监督开拓人大预算审查监督新局面”审计算法/规则，用于复用审计经验、生成疑点线索和核查程序。,文章案例文本；审计事项清单；问题线索台账；审计证据资料；预算指标表；财政支出明细；项目资金台账；内控制度；会计凭证；工作底稿,依法审查监督开拓人大预算审查监督新局面疑点清单、命中规则、风险等级、证据链、核查建议,D:\openclaw-workspace\knowledge\11-杂志文献\财政监督\3.依法审查监督开拓人大预算审查监督新局面.md
MAGSUPV-0113,健全现代预算制度助力经济高质量发展内控核查包,杂志内控包,control_pack,P1,L2,监督检查与经费舞弊 / 全场景通用 / 金融审计,财政监督/监督检查与经费舞弊,内控缺陷,review_sentinel / data_scout,财政监督,健全现代预算制度助力经济高质量发展,健全现代预算制度助力经济高质量发展,违规；风险；重复；低效；闲置；真实性；绩效；预警；违法；隐患,数据；支付；预算；决算；审批；采购；绩效目标；资产；申报；资金；会计,算法；规则；评价；预警；监测；勾稽；研究；体系；机制；方法；大数据,基于杂志案例《健全现代预算制度助力经济高质量发展》提炼“健全现代预算制度助力经济高质量发展”审计算法/规则，用于复用审计经验、生成疑点线索和核查程序。,文章案例文本；审计事项清单；问题线索台账；审计证据资料；预算指标表；财政支出明细；项目资金台账；内控制度；会计凭证；工作底稿,健全现代预算制度助力经济高质量发展控制点、缺陷类型、责任环节、整改建议、复核状态,D:\openclaw-workspace\knowledge\11-杂志文献\财政监督\3.健全现代预算制度助力经济高质量发展.md
MAGSUPV-0114,共同富裕背景下完善分配制度的财会监督体系优化研究内控核查包,杂志内控包,control_pack,P1,L2,监督检查与经费舞弊 / 全场景通用 / 金融审计,财政监督/监督检查与经费舞弊,内控缺陷,review_sentinel / data_scout,财政监督,共同富裕背景下完善分配制度的财会监督体系优化研究,共同富裕背景下完善分配制度的财会监督体系优化研究,风险；虚假；损失；闲置；偏离；预警；违法,数据；支付；预算；采购；资产；税收；资金；会计；审计报告,算法；预警；分析；研究；体系；路径；机制；大数据,基于杂志案例《共同富裕背景下完善分配制度的财会监督体系优化研究》提炼“共同富裕背景下完善分配制度的财会监督体系优化研究”审计算法/规则，用于复用审计经验、生成疑点线索和核查程序。,文章案例文本；审计事项清单；问题线索台账；审计证据资料；内控制度；会计凭证；工作底稿；整改台账；合同流水；授信审批,共同富裕背景下完善分配制度的财会监督体系优化研究控制点、缺陷类型、责任环节、整改建议、复核状态,D:\openclaw-workspace\knowledge\11-杂志文献\财政监督\3.共同富裕背景下完善分配制度的财会监督体系优化研究.md
MAGSUPV-0115,凝心聚力以财政新作为新担当推动高质量发展案例检测算法,杂志案例算法,algorithm,P1,L3,监督检查与经费舞弊 / 全场景通用 / 金融审计,财政监督/监督检查与经费舞弊,真实性,review_sentinel / data_scout,财政监督,凝心聚力以财政新作为新担当推动高质量发展,凝心聚力以财政新作为新担当推动高质量发展,风险；内控；绩效；预警,支付；预算；资产；税收；资金；会计,规则；评价；预警；监测；分析；研究；体系；机制；方法；数字化,基于杂志案例《凝心聚力以财政新作为新担当推动高质量发展》提炼“凝心聚力以财政新作为新担当推动高质量发展”审计算法/规则，用于复用审计经验、生成疑点线索和核查程序。,文章案例文本；审计事项清单；问题线索台账；审计证据资料；预算指标表；财政支出明细；项目资金台账；内控制度；会计凭证；工作底稿,凝心聚力以财政新作为新担当推动高质量发展疑点清单、命中规则、风险等级、证据链、核查建议,D:\openclaw-workspace\knowledge\11-杂志文献\财政监督\3.凝心聚力以财政新作为新担当推动高质量发展.md
MAGSUPV-0116,加快推进我国新型财会监督体系建设的对策研究案例检测算法,杂志案例算法,algorithm,P0,L3,监督检查与经费舞弊 / 全场景通用 / 金融审计,财政监督/监督检查与经费舞弊,案例规则,review_sentinel / data_scout,财政监督,加快推进我国新型财会监督体系建设的对策研究,加快推进我国新型财会监督体系建设的对策研究,违规；异常；风险；虚假；重复；串标；围标；内控；完整性；绩效；预警；违法,数据；凭证；支付；预算；决算；问卷；报表；采购；招标；投标；绩效目标；资产,算法；规则；评价；关联；预警；分析；研究；体系；机制；大数据,基于杂志案例《加快推进我国新型财会监督体系建设的对策研究》提炼“加快推进我国新型财会监督体系建设的对策研究”审计算法/规则，用于复用审计经验、生成疑点线索和核查程序。,文章案例文本；审计事项清单；问题线索台账；审计证据资料；内控制度；会计凭证；工作底稿；整改台账；合同流水；授信审批,加快推进我国新型财会监督体系建设的对策研究疑点清单、命中规则、风险等级、证据链、核查建议,D:\openclaw-workspace\knowledge\11-杂志文献\财政监督\3.加快推进我国新型财会监督体系建设的对策研究.md
MAGSUPV-0117,完善重大财政政策绩效评价机制探索案例检测算法,杂志案例算法,algorithm,P0,L3,监督检查与经费舞弊 / 全场景通用 / 金融审计,财政监督/监督检查与经费舞弊,案例规则,review_sentinel / data_scout,财政监督,完善重大财政政策绩效评价机制探索,完善重大财政政策绩效评价机制探索,挪用；截留；绩效,数据；清单；预算；指标；问卷；采购；招标；投标；绩效目标；资金；会计,指标；评价；评分；核查；分析；验证；研究；体系；机制；方法；数字化,基于杂志案例《完善重大财政政策绩效评价机制探索》提炼“完善重大财政政策绩效评价机制探索”审计算法/规则，用于复用审计经验、生成疑点线索和核查程序。,文章案例文本；审计事项清单；问题线索台账；审计证据资料；预算指标表；财政支出明细；项目资金台账；绩效目标表；绩效评价指标；产出效果数据,完善重大财政政策绩效评价机制探索疑点清单、命中规则、风险等级、证据链、核查建议,D:\openclaw-workspace\knowledge\11-杂志文献\财政监督\3.完善重大财政政策绩效评价机制探索.md
MAGSUPV-0118,强化预算执行监督推进财政预算与绩效管理一体化案例检测算法,杂志案例算法,algorithm,P0,L3,监督检查与经费舞弊 / 全场景通用 / 金融审计,财政监督/监督检查与经费舞弊,案例规则,review_sentinel / data_scout,财政监督,强化预算执行监督推进财政预算与绩效管理一体化,强化预算执行监督推进财政预算与绩效管理一体化,风险；损失；绩效；隐患,数据；支付；预算；指标；问卷；审批；结算；绩效目标；资金,指标；评价；核查；分析；研究；体系；机制；方法；大数据,基于杂志案例《强化预算执行监督推进财政预算与绩效管理一体化》提炼“强化预算执行监督推进财政预算与绩效管理一体化”审计算法/规则，用于复用审计经验、生成疑点线索和核查程序。,文章案例文本；审计事项清单；问题线索台账；审计证据资料；预算指标表；财政支出明细；项目资金台账；绩效目标表；绩效评价指标；产出效果数据,强化预算执行监督推进财政预算与绩效管理一体化疑点清单、命中规则、风险等级、证据链、核查建议,D:\openclaw-workspace\knowledge\11-杂志文献\财政监督\3.强化预算执行监督推进财政预算与绩效管理一体化.md
MAGBUD-0062,政府补贴项目全成本预算绩效管理实践探索案例检测算法,杂志案例算法,algorithm,P0,L3,预算执行与财政管理 / 财政与政府债务 / 绩效评价,财政监督/预算执行与财政管理,案例规则,budget_estimator / data_scout,财政监督,政府补贴项目全成本预算绩效管理实践探索,政府补贴项目全成本预算绩效管理实践探索,异常；损失；低效；绩效,数据；合同；预算；决算；指标；项目库；采购；绩效目标；申报；资金,指标；评价；关联；监测；测算；分析；审查；研究；体系；机制；方法,基于杂志案例《政府补贴项目全成本预算绩效管理实践探索》提炼“政府补贴项目全成本预算绩效管理实践探索”审计算法/规则，用于复用审计经验、生成疑点线索和核查程序。,文章案例文本；审计事项清单；问题线索台账；审计证据资料；预算指标表；财政支出明细；项目资金台账；绩效目标表；绩效评价指标；产出效果数据,政府补贴项目全成本预算绩效管理实践探索疑点清单、命中规则、风险等级、证据链、核查建议,D:\openclaw-workspace\knowledge\11-杂志文献\财政监督\3.政府补贴项目全成本预算绩效管理实践探索.md
MAGBUD-0063,政府采购预算绩效管理实践及建议案例检测算法,杂志案例算法,algorithm,P0,L3,预算执行与财政管理 / 财政与政府债务 / 绩效评价,财政监督/预算执行与财政管理,案例规则,budget_estimator / data_scout,财政监督,政府采购预算绩效管理实践及建议,政府采购预算绩效管理实践及建议,串标；围标；绩效,数据；合同；支付；预算；指标；项目库；审批；采购；招标；投标；绩效目标；资金,算法；指标；评价；研究；体系；路径；机制；方法,基于杂志案例《政府采购预算绩效管理实践及建议》提炼“政府采购预算绩效管理实践及建议”审计算法/规则，用于复用审计经验、生成疑点线索和核查程序。,文章案例文本；审计事项清单；问题线索台账；审计证据资料；预算指标表；财政支出明细；项目资金台账；绩效目标表；绩效评价指标；产出效果数据,政府采购预算绩效管理实践及建议疑点清单、命中规则、风险等级、证据链、核查建议,D:\openclaw-workspace\knowledge\11-杂志文献\财政监督\3.政府采购预算绩效管理实践及建议.md
MAGAGR-0036,涉农整合类项目绩效重点评价的难点及解决思路案例指标包,杂志指标包,indicator_pack,P1,L3,农业农村审计 / 金融审计 / 财政与政府债务,财政监督/农业农村审计,绩效偏离,data_scout / law_inspector,财政监督,涉农整合类项目绩效重点评价的难点及解决思路,涉农整合类项目绩效重点评价的难点及解决思路,重复；绩效,数据；预算；指标；问卷；绩效目标；资金,指标；评价；评分；关联；抽样；分析；研究；体系；路径；机制；方法,基于杂志案例《涉农整合类项目绩效重点评价的难点及解决思路》提炼“涉农整合类项目绩效重点评价的难点及解决思路”审计算法/规则，用于复用审计经验、生成疑点线索和核查程序。,文章案例文本；审计事项清单；问题线索台账；审计证据资料；预算指标表；财政支出明细；项目资金台账；绩效目标表；绩效评价指标；产出效果数据,涉农整合类项目绩效重点评价的难点及解决思路指标、标准值、实际值、偏离率、评分和扣分原因,D:\openclaw-workspace\knowledge\11-杂志文献\财政监督\3.涉农整合类项目绩效重点评价的难点及解决思路.md
MAGSUPV-0119,积极打造财会监督“山东特色”服务保障经济社会高质量发展案例检测算法,杂志案例算法,algorithm,P0,L3,监督检查与经费舞弊 / 全场景通用 / 金融审计,财政监督/监督检查与经费舞弊,真实性,review_sentinel / data_scout,财政监督,积极打造财会监督“山东特色”服务保障经济社会高质量发展,积极打造财会监督“山东特色”服务保障经济社会高质量发展,违规；风险；内控；绩效；预警；违法,数据；预算；指标；采购；资产；资金；会计,指标；核查；预警；体系；机制；大数据,基于杂志案例《积极打造财会监督“山东特色”服务保障经济社会高质量发展》提炼“积极打造财会监督“山东特色”服务保障经济社会高质量发展”审计算法/规则，用于复用审计经验、生成疑点线索和核查程序。,文章案例文本；审计事项清单；问题线索台账；审计证据资料；内控制度；会计凭证；工作底稿；整改台账；合同流水；授信审批,积极打造财会监督“山东特色”服务保障经济社会高质量发展疑点清单、命中规则、风险等级、证据链、核查建议,D:\openclaw-workspace\knowledge\11-杂志文献\财政监督\3.积极打造财会监督“山东特色” 服务保障经济社会高质量发展.md
MAGAGR-0037,规范省以下财政管理的困境及建议案例规则包,杂志规则包,rule_pack,P1,L2,农业农村审计 / 金融审计 / 财政与政府债务,财政监督/农业农村审计,合规性,data_scout / law_inspector,财政监督,规范省以下财政管理的困境及建议,规范省以下财政管理的困境及建议,违规；风险；隐患,数据；清单；合同；支付；预算；审批；结算；资产；税收；资金,算法；分析；研究；机制；方法；大数据,基于杂志案例《规范省以下财政管理的困境及建议》提炼“规范省以下财政管理的困境及建议”审计算法/规则，用于复用审计经验、生成疑点线索和核查程序。,文章案例文本；审计事项清单；问题线索台账；审计证据资料；预算指标表；财政支出明细；项目资金台账；合同流水；授信审批；还款记录,规范省以下财政管理的困境及建议规则编号、触发条件、适用场景、证据资料、处理建议,D:\openclaw-workspace\knowledge\11-杂志文献\财政监督\3.规范省以下财政管理的困境及建议.md
MAGBUD-0064,财会监督新形势下内控信息化建设路径实践和探讨案例检测算法,杂志案例算法,algorithm,P0,L3,预算执行与财政管理 / 财政与政府债务 / 绩效评价,财政监督/预算执行与财政管理,案例规则,budget_estimator / data_scout,财政监督,财会监督新形势下内控信息化建设路径实践和探讨,财会监督新形势下内控信息化建设路径实践和探讨,违规；风险；内控；缺陷；绩效；预警；漏洞,数据；清单；支付；预算；指标；项目库；资产；资金,规则；指标；评价；核查；预警；分析；研究；体系；路径；机制,基于杂志案例《财会监督新形势下内控信息化建设路径实践和探讨》提炼“财会监督新形势下内控信息化建设路径实践和探讨”审计算法/规则，用于复用审计经验、生成疑点线索和核查程序。,文章案例文本；审计事项清单；问题线索台账；审计证据资料；预算指标表；财政支出明细；项目资金台账；绩效目标表；绩效评价指标；产出效果数据,财会监督新形势下内控信息化建设路径实践和探讨疑点清单、命中规则、风险等级、证据链、核查建议,D:\openclaw-workspace\knowledge\11-杂志文献\财政监督\3.财会监督新形势下内控信息化建设路径实践和探讨.md
MAGFIN-0038,从内部控制信息化角度探索财会监督新模式案例检测算法,杂志案例算法,algorithm,P0,L3,金融审计 / 国企审计 / 监督检查与经费舞弊,财政监督/金融审计,案例规则,data_scout / contract_hound,财政监督,从内部控制信息化角度探索财会监督新模式,从内部控制信息化角度探索财会监督新模式,违规；风险；内控；不合规；真实性；偏离；失真；漏洞,数据；清单；明细；合同；发票；凭证；支付；预算；问卷；审批；采购；投标,规则；评价；核查；测算；分析；研究；体系；机制；大数据,基于杂志案例《从内部控制信息化角度探索财会监督新模式》提炼“从内部控制信息化角度探索财会监督新模式”审计算法/规则，用于复用审计经验、生成疑点线索和核查程序。,文章案例文本；审计事项清单；问题线索台账；审计证据资料；内控制度；会计凭证；工作底稿；整改台账；合同流水；授信审批,从内部控制信息化角度探索财会监督新模式疑点清单、命中规则、风险等级、证据链、核查建议,D:\openclaw-workspace\knowledge\11-杂志文献\财政监督\4.从内部控制信息化角度探索财会监督新模式.md
MAGSOC-0058,全成本预算绩效管理实例分析案例检测算法,杂志案例算法,algorithm,P0,L3,民生与社保医保 / 预算执行与财政管理 / 招投标与政府采购,财政监督/民生与社保医保,案例规则,data_scout / performance_evaluator,财政监督,全成本预算绩效管理实例分析,全成本预算绩效管理实例分析,损失；低效；闲置；绩效,数据；清单；合同；发票；凭证；支付；预算；指标；问卷；采购；招标；绩效目标,指标；评价；测算；分析；验证；审查；研究；体系；路径；机制；方法,基于杂志案例《全成本预算绩效管理实例分析》提炼“全成本预算绩效管理实例分析”审计算法/规则，用于复用审计经验、生成疑点线索和核查程序。,文章案例文本；审计事项清单；问题线索台账；审计证据资料；预算指标表；财政支出明细；项目资金台账；绩效目标表；绩效评价指标；产出效果数据,全成本预算绩效管理实例分析疑点清单、命中规则、风险等级、证据链、核查建议,D:\openclaw-workspace\knowledge\11-杂志文献\财政监督\4.全成本预算绩效管理实例分析.md
MAGAGR-0038,共同富裕目标下财会监督的重要使命探讨案例检测算法,杂志案例算法,algorithm,P0,L3,农业农村审计 / 金融审计 / 财政与政府债务,财政监督/农业农村审计,案例规则,data_scout / law_inspector,财政监督,共同富裕目标下财会监督的重要使命探讨,共同富裕目标下财会监督的重要使命探讨,违规；风险；损失；违法；隐患；漏洞,支付；预算；资产；申报；税收；资金,规则；关联；分析；体系；机制；数字化,基于杂志案例《共同富裕目标下财会监督的重要使命探讨》提炼“共同富裕目标下财会监督的重要使命探讨”审计算法/规则，用于复用审计经验、生成疑点线索和核查程序。,文章案例文本；审计事项清单；问题线索台账；审计证据资料；预算指标表；财政支出明细；项目资金台账；内控制度；会计凭证；工作底稿,共同富裕目标下财会监督的重要使命探讨疑点清单、命中规则、风险等级、证据链、核查建议,D:\openclaw-workspace\knowledge\11-杂志文献\财政监督\4.共同富裕目标下财会监督的重要使命探讨.md
MAGAGR-0039,完善省以下转移支付制度的思考案例规则包,杂志规则包,rule_pack,P1,L2,农业农村审计 / 金融审计 / 财政与政府债务,财政监督/农业农村审计,合规性,data_scout / law_inspector,财政监督,关于完善省以下转移支付制度的思考,完善省以下转移支付制度的思考,违规；风险；挪用；闲置；滞留；绩效；偏离,数据；合同；支付；预算；指标；项目库；投标；绩效目标；申报；税收；资金,算法；指标；评价；核查；分析；研究；体系；机制,基于杂志案例《关于完善省以下转移支付制度的思考》提炼“完善省以下转移支付制度的思考”审计算法/规则，用于复用审计经验、生成疑点线索和核查程序。,文章案例文本；审计事项清单；问题线索台账；审计证据资料；预算指标表；财政支出明细；项目资金台账；合同流水；授信审批；还款记录,完善省以下转移支付制度的思考规则编号、触发条件、适用场景、证据资料、处理建议,D:\openclaw-workspace\knowledge\11-杂志文献\财政监督\4.关于完善省以下转移支付制度的思考.md
MAGSOC-0059,完善预算执行动态监控机制探索案例检测算法,杂志案例算法,algorithm,P0,L4,民生与社保医保 / 预算执行与财政管理 / 招投标与政府采购,财政监督/民生与社保医保,案例规则,data_scout / performance_evaluator,财政监督,大数据背景下完善预算执行动态监控机制探索,完善预算执行动态监控机制探索,违规；异常；风险；虚假；低效；不合规；绩效；预警；违法；漏洞,数据；支付；预算；决算；审批；绩效目标；资金,算法；规则；核查；预警；监测；识别；分析；审查；体系；机制；方法；大数据,基于杂志案例《大数据背景下完善预算执行动态监控机制探索》提炼“完善预算执行动态监控机制探索”审计算法/规则，用于复用审计经验、生成疑点线索和核查程序。,文章案例文本；审计事项清单；问题线索台账；审计证据资料；预算指标表；财政支出明细；项目资金台账；采购公告；投标文件；供应商信息,完善预算执行动态监控机制探索疑点清单、命中规则、风险等级、证据链、核查建议,D:\openclaw-workspace\knowledge\11-杂志文献\财政监督\4.大数据背景下完善预算执行动态监控机制探索.md
MAGSOC-0060,完善地方人大预算绩效监督的思考案例检测算法,杂志案例算法,algorithm,P0,L3,民生与社保医保 / 预算执行与财政管理 / 招投标与政府采购,财政监督/民生与社保医保,案例规则,data_scout / performance_evaluator,财政监督,完善地方人大预算绩效监督的思考,完善地方人大预算绩效监督的思考,风险；内控；绩效；偏离；预警,数据；支付；预算；决算；指标；审批；绩效目标；资产；资金；审计报告,算法；模型；指标；评价；预警；分析；检测；审查；研究；体系；机制；方法,基于杂志案例《完善地方人大预算绩效监督的思考》提炼“完善地方人大预算绩效监督的思考”审计算法/规则，用于复用审计经验、生成疑点线索和核查程序。,文章案例文本；审计事项清单；问题线索台账；审计证据资料；预算指标表；财政支出明细；项目资金台账；绩效目标表；绩效评价指标；产出效果数据,完善地方人大预算绩效监督的思考疑点清单、命中规则、风险等级、证据链、核查建议,D:\openclaw-workspace\knowledge\11-杂志文献\财政监督\4.完善地方人大预算绩效监督的思考.md
MAGSOC-0061,强化重大财政政策评价全面推进预算绩效管理案例指标包,杂志指标包,indicator_pack,P1,L3,民生与社保医保 / 预算执行与财政管理 / 招投标与政府采购,财政监督/民生与社保医保,绩效偏离,data_scout / performance_evaluator,财政监督,强化重大财政政策评价全面推进预算绩效管理,强化重大财政政策评价全面推进预算绩效管理,完整性；绩效,数据；支付；预算；决算；指标；资金,指标；评价；关联；分析；研究；体系；机制,基于杂志案例《强化重大财政政策评价全面推进预算绩效管理》提炼“强化重大财政政策评价全面推进预算绩效管理”审计算法/规则，用于复用审计经验、生成疑点线索和核查程序。,文章案例文本；审计事项清单；问题线索台账；审计证据资料；预算指标表；财政支出明细；项目资金台账；绩效目标表；绩效评价指标；产出效果数据,强化重大财政政策评价全面推进预算绩效管理指标、标准值、实际值、偏离率、评分和扣分原因,D:\openclaw-workspace\knowledge\11-杂志文献\财政监督\4.强化重大财政政策评价全面推进预算绩效管理.md
MAGAGR-0040,接续奋进有力保障全面推进中国式现代化案例检测算法,杂志案例算法,algorithm,P0,L3,农业农村审计 / 金融审计 / 财政与政府债务,财政监督/农业农村审计,案例规则,data_scout / law_inspector,财政监督,接续奋进有力保障全面推进中国式现代化,接续奋进有力保障全面推进中国式现代化,违规；风险；损失；绩效；预警；违法；隐患；漏洞,清单；支付；预算；指标；审批；采购；资产；税收；资金；会计,指标；穿透；预警；监测；研究；体系；路径；机制；数字化,基于杂志案例《接续奋进有力保障全面推进中国式现代化》提炼“接续奋进有力保障全面推进中国式现代化”审计算法/规则，用于复用审计经验、生成疑点线索和核查程序。,文章案例文本；审计事项清单；问题线索台账；审计证据资料；预算指标表；财政支出明细；项目资金台账；合同流水；授信审批；还款记录,接续奋进有力保障全面推进中国式现代化疑点清单、命中规则、风险等级、证据链、核查建议,D:\openclaw-workspace\knowledge\11-杂志文献\财政监督\4.接续奋进有力保障全面推进中国式现代化.md
MAGAGR-0041,新历史起点上积极的财政政策案例检测算法,杂志案例算法,algorithm,P0,L3,农业农村审计 / 金融审计 / 财政与政府债务,财政监督/农业农村审计,案例规则,data_scout / law_inspector,财政监督,新历史起点上积极的财政政策,新历史起点上积极的财政政策,风险；截留；绩效,数据；支付；预算；指标；资产；税收；资金,规则；指标；评价；关联；回归；监测；分析；研究；体系；路径；机制；数字化,基于杂志案例《新历史起点上积极的财政政策》提炼“新历史起点上积极的财政政策”审计算法/规则，用于复用审计经验、生成疑点线索和核查程序。,文章案例文本；审计事项清单；问题线索台账；审计证据资料；预算指标表；财政支出明细；项目资金台账；合同流水；授信审批；还款记录,新历史起点上积极的财政政策疑点清单、命中规则、风险等级、证据链、核查建议,D:\openclaw-workspace\knowledge\11-杂志文献\财政监督\4.新历史起点上积极的财政政策.md
MAGSUPV-0120,加强财会监督的应然之义、方向及举措案例检测算法,杂志案例算法,algorithm,P0,L3,监督检查与经费舞弊 / 全场景通用 / 金融审计,财政监督/监督检查与经费舞弊,案例规则,review_sentinel / data_scout,财政监督,新时代加强财会监督的应然之义、方向及举措,加强财会监督的应然之义、方向及举措,违规；风险；舞弊；违法；失真,数据；台账；预算；资产；资金；会计,算法；评价；分析；研究；体系；机制；方法；数字化,基于杂志案例《新时代加强财会监督的应然之义、方向及举措》提炼“加强财会监督的应然之义、方向及举措”审计算法/规则，用于复用审计经验、生成疑点线索和核查程序。,文章案例文本；审计事项清单；问题线索台账；审计证据资料；内控制度；会计凭证；工作底稿；整改台账；合同流水；授信审批,加强财会监督的应然之义、方向及举措疑点清单、命中规则、风险等级、证据链、核查建议,D:\openclaw-workspace\knowledge\11-杂志文献\财政监督\4.新时代加强财会监督的应然之义、方向及举措.md
MAGTAX-0034,服务类政府采购项目绩效评价研究案例检测算法,杂志案例算法,algorithm,P0,L3,税务审计 / 预算执行与财政管理 / 财政与政府债务,财政监督/税务审计,案例规则,data_scout / law_inspector,财政监督,服务类政府采购项目绩效评价研究,服务类政府采购项目绩效评价研究,重复；内控；绩效,合同；支付；预算；指标；审批；采购；招标；投标；结算；绩效目标；资产；申报,算法；指标；评价；穿透；测算；分析；研究；体系；机制；方法,基于杂志案例《服务类政府采购项目绩效评价研究》提炼“服务类政府采购项目绩效评价研究”审计算法/规则，用于复用审计经验、生成疑点线索和核查程序。,文章案例文本；审计事项清单；问题线索台账；审计证据资料；预算指标表；财政支出明细；项目资金台账；绩效目标表；绩效评价指标；产出效果数据,服务类政府采购项目绩效评价研究疑点清单、命中规则、风险等级、证据链、核查建议,D:\openclaw-workspace\knowledge\11-杂志文献\财政监督\4.服务类政府采购项目绩效评价研究.md
MAGAGR-0042,构建农业科技成果转化交易效果评价指标体系案例检测算法,杂志案例算法,algorithm,P0,L3,农业农村审计 / 金融审计 / 财政与政府债务,财政监督/农业农村审计,案例规则,data_scout / law_inspector,财政监督,构建农业科技成果转化交易效果评价指标体系,构建农业科技成果转化交易效果评价指标体系,绩效,数据；合同；指标；申报；资金,模型；指标；评价；评分；分析；研究；体系；机制,基于杂志案例《构建农业科技成果转化交易效果评价指标体系》提炼“构建农业科技成果转化交易效果评价指标体系”审计算法/规则，用于复用审计经验、生成疑点线索和核查程序。,文章案例文本；审计事项清单；问题线索台账；审计证据资料；预算指标表；财政支出明细；项目资金台账；合同流水；授信审批；还款记录,构建农业科技成果转化交易效果评价指标体系疑点清单、命中规则、风险等级、证据链、核查建议,D:\openclaw-workspace\knowledge\11-杂志文献\财政监督\4.构建农业科技成果转化交易效果评价指标体系.md
MAGSUPV-0121,着力“四个强化”推动四川财会监督工作再上新台阶案例检测算法,杂志案例算法,algorithm,P0,L3,监督检查与经费舞弊 / 全场景通用 / 金融审计,财政监督/监督检查与经费舞弊,案例规则,review_sentinel / data_scout,财政监督,着力“四个强化”推动四川财会监督工作再上新台阶,着力“四个强化”推动四川财会监督工作再上新台阶,违规；风险；舞弊；虚假；挪用；截留；内控；绩效；预警；失真；漏洞,数据；清单；预算；决算；审批；采购；绩效目标；资产；申报；缴纳；税收；资金,核查；穿透；关联；预警；分析；研究；机制,基于杂志案例《着力“四个强化”推动四川财会监督工作再上新台阶》提炼“着力“四个强化”推动四川财会监督工作再上新台阶”审计算法/规则，用于复用审计经验、生成疑点线索和核查程序。,文章案例文本；审计事项清单；问题线索台账；审计证据资料；内控制度；会计凭证；工作底稿；整改台账；合同流水；授信审批,着力“四个强化”推动四川财会监督工作再上新台阶疑点清单、命中规则、风险等级、证据链、核查建议,D:\openclaw-workspace\knowledge\11-杂志文献\财政监督\4.着力“四个强化”推动四川财会监督工作 再上新台阶.md
MAGTAX-0035,中国增值税制度的演进和展望(上)案例规则包,杂志规则包,rule_pack,P1,L2,税务审计 / 预算执行与财政管理 / 财政与政府债务,财政监督/税务审计,合规性,data_scout / law_inspector,财政监督,中国增值税制度的演进和展望(上),中国增值税制度的演进和展望(上),重复,发票；支付；预算；决算；采购；资产；缴纳；税收；会计,测算；研究；机制；方法,基于杂志案例《中国增值税制度的演进和展望(上)》提炼“中国增值税制度的演进和展望(上)”审计算法/规则，用于复用审计经验、生成疑点线索和核查程序。,文章案例文本；审计事项清单；问题线索台账；审计证据资料；预算指标表；财政支出明细；项目资金台账；纳税申报表；发票明细；税收优惠台账,中国增值税制度的演进和展望(上)规则编号、触发条件、适用场景、证据资料、处理建议,D:\openclaw-workspace\knowledge\11-杂志文献\财政监督\5.中国增值税制度的演进和展望(上).md
MAGSOC-0062,以人大预算审查监督防范地方财政风险案例检测算法,杂志案例算法,algorithm,P0,L3,民生与社保医保 / 预算执行与财政管理 / 招投标与政府采购,财政监督/民生与社保医保,异常性,data_scout / performance_evaluator,财政监督,以人大预算审查监督防范地方财政风险,以人大预算审查监督防范地方财政风险,违规；风险；低效；绩效；偏离；预警,数据；支付；预算；决算；指标；项目库；样本；审批；绩效目标；资产；申报；资金,指标；评价；预警；监测；测算；分析；审查；体系；路径；方法,基于杂志案例《以人大预算审查监督防范地方财政风险》提炼“以人大预算审查监督防范地方财政风险”审计算法/规则，用于复用审计经验、生成疑点线索和核查程序。,文章案例文本；审计事项清单；问题线索台账；审计证据资料；预算指标表；财政支出明细；项目资金台账；内控制度；会计凭证；工作底稿,以人大预算审查监督防范地方财政风险疑点清单、命中规则、风险等级、证据链、核查建议,D:\openclaw-workspace\knowledge\11-杂志文献\财政监督\5.以人大预算审查监督防范地方财政风险.md
MAGTAX-0036,以内控信息化加快推进财政数字化改革的探索案例检测算法,杂志案例算法,algorithm,P0,L4,税务审计 / 预算执行与财政管理 / 财政与政府债务,财政监督/税务审计,案例规则,data_scout / law_inspector,财政监督,以内控信息化加快推进财政数字化改革的探索,以内控信息化加快推进财政数字化改革的探索,风险；舞弊；重复；损失；内控；完整性；绩效；预警；漏洞；腐败,数据；清单；支付；预算；指标；问卷；报表；审批；采购；资产；税收；资金,规则；指标；评价；穿透；预警；监测；识别；分析；审查；研究；体系；路径,基于杂志案例《以内控信息化加快推进财政数字化改革的探索》提炼“以内控信息化加快推进财政数字化改革的探索”审计算法/规则，用于复用审计经验、生成疑点线索和核查程序。,文章案例文本；审计事项清单；问题线索台账；审计证据资料；预算指标表；财政支出明细；项目资金台账；内控制度；会计凭证；工作底稿,以内控信息化加快推进财政数字化改革的探索疑点清单、命中规则、风险等级、证据链、核查建议,D:\openclaw-workspace\knowledge\11-杂志文献\财政监督\5.以内控信息化加快推进财政数字化改革的探索.md
MAGAGR-0043,加力提效统筹合力助推中国式现代化开局起步案例检测算法,杂志案例算法,algorithm,P0,L3,农业农村审计 / 金融审计 / 财政与政府债务,财政监督/农业农村审计,案例规则,data_scout / law_inspector,财政监督,加力提效统筹合力助推中国式现代化开局起步,加力提效统筹合力助推中国式现代化开局起步,违规；风险；闲置,数据；支付；预算；样本；资产；税收；资金,分析；研究；体系；机制；大数据,基于杂志案例《加力提效统筹合力助推中国式现代化开局起步》提炼“加力提效统筹合力助推中国式现代化开局起步”审计算法/规则，用于复用审计经验、生成疑点线索和核查程序。,文章案例文本；审计事项清单；问题线索台账；审计证据资料；预算指标表；财政支出明细；项目资金台账；合同流水；授信审批；还款记录,加力提效统筹合力助推中国式现代化开局起步疑点清单、命中规则、风险等级、证据链、核查建议,D:\openclaw-workspace\knowledge\11-杂志文献\财政监督\5.加力提效统筹合力助推中国式现代化开局起步.md
MAGBUD-0065,加快建构新时代财会监督长效机制的治理路径案例检测算法,杂志案例算法,algorithm,P0,L3,预算执行与财政管理 / 财政与政府债务 / 绩效评价,财政监督/预算执行与财政管理,案例规则,budget_estimator / data_scout,财政监督,加快建构新时代财会监督长效机制的治理路径,加快建构新时代财会监督长效机制的治理路径,违规；风险；舞弊；重复；绩效；违法,数据；预算；指标；采购；资产；资金；会计,算法；规则；指标；评价；关联；识别；审查；研究；体系；路径；机制；数字化,基于杂志案例《加快建构新时代财会监督长效机制的治理路径》提炼“加快建构新时代财会监督长效机制的治理路径”审计算法/规则，用于复用审计经验、生成疑点线索和核查程序。,文章案例文本；审计事项清单；问题线索台账；审计证据资料；预算指标表；财政支出明细；项目资金台账；绩效目标表；绩效评价指标；产出效果数据,加快建构新时代财会监督长效机制的治理路径疑点清单、命中规则、风险等级、证据链、核查建议,D:\openclaw-workspace\knowledge\11-杂志文献\财政监督\5.加快建构新时代财会监督长效机制的治理路径.md
MAGAGR-0044,回顾与展望：新时代财税改革助推中国式现代化案例检测算法,杂志案例算法,algorithm,P0,L3,农业农村审计 / 金融审计 / 财政与政府债务,财政监督/农业农村审计,案例规则,data_scout / law_inspector,财政监督,回顾与展望：新时代财税改革助推中国式现代化,回顾与展望：新时代财税改革助推中国式现代化,违规；风险；违法,支付；预算；采购；碳排放；缴纳；税收；资金；会计,规则；研究；体系；路径；机制；数字化,基于杂志案例《回顾与展望：新时代财税改革助推中国式现代化》提炼“回顾与展望：新时代财税改革助推中国式现代化”审计算法/规则，用于复用审计经验、生成疑点线索和核查程序。,文章案例文本；审计事项清单；问题线索台账；审计证据资料；预算指标表；财政支出明细；项目资金台账；纳税申报表；发票明细；税收优惠台账,回顾与展望：新时代财税改革助推中国式现代化疑点清单、命中规则、风险等级、证据链、核查建议,D:\openclaw-workspace\knowledge\11-杂志文献\财政监督\5.回顾与展望：新时代财税改革助推中国式现代化.md
MAGSUPV-0122,围绕中心任务聚焦核心职能推动财会监督工作高质量发展案例检测算法,杂志案例算法,algorithm,P0,L3,监督检查与经费舞弊 / 全场景通用 / 金融审计,财政监督/监督检查与经费舞弊,真实性,review_sentinel / data_scout,财政监督,围绕中心任务聚焦核心职能推动财会监督工作高质量发展,围绕中心任务聚焦核心职能推动财会监督工作高质量发展,违规；风险；绩效；隐患,数据；台账；支付；预算；决算；指标；会计；审计报告,指标；评价；比对；关联；监测；分析；体系；机制,基于杂志案例《围绕中心任务聚焦核心职能推动财会监督工作高质量发展》提炼“围绕中心任务聚焦核心职能推动财会监督工作高质量发展”审计算法/规则，用于复用审计经验、生成疑点线索和核查程序。,文章案例文本；审计事项清单；问题线索台账；审计证据资料；内控制度；会计凭证；工作底稿；整改台账；合同流水；授信审批,围绕中心任务聚焦核心职能推动财会监督工作高质量发展疑点清单、命中规则、风险等级、证据链、核查建议,D:\openclaw-workspace\knowledge\11-杂志文献\财政监督\5.围绕中心任务聚焦核心职能推动财会监督工作高质量发展.md
MAGAGR-0045,“当下改”和“长久立”的常态化预算执行监控机制研究案例检测算法,杂志案例算法,algorithm,P0,L3,农业农村审计 / 金融审计 / 财政与政府债务,财政监督/农业农村审计,案例规则,data_scout / law_inspector,财政监督,基于“当下改”和“长久立”的常态化预算执行监控机制研究,“当下改”和“长久立”的常态化预算执行监控机制研究,异常；损失；真实性；绩效；预警；违法；漏洞；腐败,数据；支付；预算；决算；采购；资金,算法；规则；关联；预警；分析；研究；体系；机制；大数据；人工智能,基于杂志案例《基于“当下改”和“长久立”的常态化预算执行监控机制研究》提炼““当下改”和“长久立”的常态化预算执行监控机制研究”审计算法/规则，用于复用审计经验、生成疑点线索和核查程序。,文章案例文本；审计事项清单；问题线索台账；审计证据资料；预算指标表；财政支出明细；项目资金台账；合同流水；授信审批；还款记录,“当下改”和“长久立”的常态化预算执行监控机制研究疑点清单、命中规则、风险等级、证据链、核查建议,D:\openclaw-workspace\knowledge\11-杂志文献\财政监督\5.基于“当下改”和“长久立”的常态化预算执行监控机制研究.md
MAGAGR-0046,现代农业产业技术体系创新团队建设项目绩效评价指标体系构建案例检测算法,杂志案例算法,algorithm,P0,L3,农业农村审计 / 金融审计 / 财政与政府债务,财政监督/农业农村审计,案例规则,data_scout / law_inspector,财政监督,现代农业产业技术体系创新团队建设项目绩效评价指标体系构建,现代农业产业技术体系创新团队建设项目绩效评价指标体系构建,完整性；绩效；预警,数据；指标；问卷；绩效目标；资金,模型；指标；评价；回归；预警；监测；分析；研究；体系；路径；机制,基于杂志案例《现代农业产业技术体系创新团队建设项目绩效评价指标体系构建》提炼“现代农业产业技术体系创新团队建设项目绩效评价指标体系构建”审计算法/规则，用于复用审计经验、生成疑点线索和核查程序。,文章案例文本；审计事项清单；问题线索台账；审计证据资料；预算指标表；财政支出明细；项目资金台账；绩效目标表；绩效评价指标；产出效果数据,现代农业产业技术体系创新团队建设项目绩效评价指标体系构建疑点清单、命中规则、风险等级、证据链、核查建议,D:\openclaw-workspace\knowledge\11-杂志文献\财政监督\5.现代农业产业技术体系创新团队建设项目绩效评价指标体系构建.md
MAGSOC-0063,财政分权、审计监督与区域绿色创新(下)案例检测算法,杂志案例算法,algorithm,P0,L3,民生与社保医保 / 预算执行与财政管理 / 招投标与政府采购,财政监督/民生与社保医保,案例规则,data_scout / performance_evaluator,财政监督,财政分权、审计监督与区域绿色创新(下),财政分权、审计监督与区域绿色创新(下),腐败,数据；预算；指标；样本；资金,模型；规则；指标；回归；分析；验证；研究；体系；机制；方法,基于杂志案例《财政分权、审计监督与区域绿色创新(下)》提炼“财政分权、审计监督与区域绿色创新(下)”审计算法/规则，用于复用审计经验、生成疑点线索和核查程序。,文章案例文本；审计事项清单；问题线索台账；审计证据资料；预算指标表；财政支出明细；项目资金台账；内控制度；会计凭证；工作底稿,财政分权、审计监督与区域绿色创新(下)疑点清单、命中规则、风险等级、证据链、核查建议,D:\openclaw-workspace\knowledge\11-杂志文献\财政监督\5.财政分权、审计监督与区域绿色创新(下).md
MAGSOC-0064,财政支出政策绩效评价思路研究与应用案例指标包,杂志指标包,indicator_pack,P1,L3,民生与社保医保 / 预算执行与财政管理 / 招投标与政府采购,财政监督/民生与社保医保,绩效偏离,data_scout / performance_evaluator,财政监督,财政支出政策绩效评价思路研究与应用,财政支出政策绩效评价思路研究与应用,绩效,支付；预算；指标；采购；招标；绩效目标；资产；碳排放；资金,指标；评价；评分；关联；分析；研究；体系；机制；方法,基于杂志案例《财政支出政策绩效评价思路研究与应用》提炼“财政支出政策绩效评价思路研究与应用”审计算法/规则，用于复用审计经验、生成疑点线索和核查程序。,文章案例文本；审计事项清单；问题线索台账；审计证据资料；预算指标表；财政支出明细；项目资金台账；绩效目标表；绩效评价指标；产出效果数据,财政支出政策绩效评价思路研究与应用指标、标准值、实际值、偏离率、评分和扣分原因,D:\openclaw-workspace\knowledge\11-杂志文献\财政监督\5.财政支出政策绩效评价思路研究与应用.md
MAGSOC-0065,财政资金采购医疗设备绩效管理探讨案例检测算法,杂志案例算法,algorithm,P0,L3,民生与社保医保 / 预算执行与财政管理 / 招投标与政府采购,财政监督/民生与社保医保,案例规则,data_scout / performance_evaluator,财政监督,财政资金采购医疗设备绩效管理探讨,财政资金采购医疗设备绩效管理探讨,风险；低效；闲置；真实性；绩效；漏洞,数据；合同；预算；决算；指标；审批；采购；招标；投标；绩效目标；资产；申报,指标；评价；评分；分析；研究；体系；机制；方法,基于杂志案例《财政资金采购医疗设备绩效管理探讨》提炼“财政资金采购医疗设备绩效管理探讨”审计算法/规则，用于复用审计经验、生成疑点线索和核查程序。,文章案例文本；审计事项清单；问题线索台账；审计证据资料；预算指标表；财政支出明细；项目资金台账；绩效目标表；绩效评价指标；产出效果数据,财政资金采购医疗设备绩效管理探讨疑点清单、命中规则、风险等级、证据链、核查建议,D:\openclaw-workspace\knowledge\11-杂志文献\财政监督\5.财政资金采购医疗设备绩效管理探讨.md
MAGSOC-0066,部门整体成本预算绩效分析思路研究案例检测算法,杂志案例算法,algorithm,P0,L3,民生与社保医保 / 预算执行与财政管理 / 招投标与政府采购,财政监督/民生与社保医保,案例规则,data_scout / performance_evaluator,财政监督,部门整体成本预算绩效分析思路研究,部门整体成本预算绩效分析思路研究,异常；绩效,数据；明细；凭证；预算；决算；资产；申报；资金,评价；关联；识别；测算；分析；研究；体系；机制；方法；大数据,基于杂志案例《部门整体成本预算绩效分析思路研究》提炼“部门整体成本预算绩效分析思路研究”审计算法/规则，用于复用审计经验、生成疑点线索和核查程序。,文章案例文本；审计事项清单；问题线索台账；审计证据资料；预算指标表；财政支出明细；项目资金台账；绩效目标表；绩效评价指标；产出效果数据,部门整体成本预算绩效分析思路研究疑点清单、命中规则、风险等级、证据链、核查建议,D:\openclaw-workspace\knowledge\11-杂志文献\财政监督\5.部门整体成本预算绩效分析思路研究.md
MAGSUPV-0123,不断深化认识努力提升财会监督质效案例检测算法,杂志案例算法,algorithm,P0,L3,监督检查与经费舞弊 / 全场景通用 / 金融审计,财政监督/监督检查与经费舞弊,案例规则,review_sentinel / data_scout,财政监督,不断深化认识努力提升财会监督质效,不断深化认识努力提升财会监督质效,异常；风险；闲置,数据；预算；决算；指标；报表；资产；缴纳；资金；会计,指标；核查；监测；分析；研究；体系；路径；机制；方法,基于杂志案例《不断深化认识努力提升财会监督质效》提炼“不断深化认识努力提升财会监督质效”审计算法/规则，用于复用审计经验、生成疑点线索和核查程序。,文章案例文本；审计事项清单；问题线索台账；审计证据资料；内控制度；会计凭证；工作底稿；整改台账；合同流水；授信审批,不断深化认识努力提升财会监督质效疑点清单、命中规则、风险等级、证据链、核查建议,D:\openclaw-workspace\knowledge\11-杂志文献\财政监督\6.不断深化认识努力提升财会监督质效.md
MAGSUPV-0124,乡村振兴背景下财政支农资金绩效评价指标优化研究案例指标包,杂志指标包,indicator_pack,P1,L3,监督检查与经费舞弊 / 全场景通用 / 金融审计,财政监督/监督检查与经费舞弊,绩效偏离,review_sentinel / data_scout,财政监督,乡村振兴背景下财政支农资金绩效评价指标优化研究,乡村振兴背景下财政支农资金绩效评价指标优化研究,重复；绩效,数据；预算；决算；指标；问卷；审批；采购；投标；绩效目标；申报；资金；会计,指标；评价；评分；核查；测算；分析；研究；体系；机制；方法,基于杂志案例《乡村振兴背景下财政支农资金绩效评价指标优化研究》提炼“乡村振兴背景下财政支农资金绩效评价指标优化研究”审计算法/规则，用于复用审计经验、生成疑点线索和核查程序。,文章案例文本；审计事项清单；问题线索台账；审计证据资料；预算指标表；财政支出明细；项目资金台账；绩效目标表；绩效评价指标；产出效果数据,乡村振兴背景下财政支农资金绩效评价指标优化研究指标、标准值、实际值、偏离率、评分和扣分原因,D:\openclaw-workspace\knowledge\11-杂志文献\财政监督\6.乡村振兴背景下财政支农资金绩效评价指标优化研究。.md
MAGSOC-0067,关注地方预决算公开度排行榜案例检测算法,杂志案例算法,algorithm,P0,L3,民生与社保医保 / 预算执行与财政管理 / 招投标与政府采购,财政监督/民生与社保医保,案例规则,data_scout / performance_evaluator,财政监督,关注地方预决算公开度排行榜,关注地方预决算公开度排行榜,违规；风险；真实性；完整性；绩效；违法；隐患,数据；支付；预算；决算；指标；报表；审批；采购；绩效目标；税收；资金；会计,算法；指标；评价；核查；穿透；关联；分析；勾稽；研究；体系；路径；机制,基于杂志案例《关注地方预决算公开度排行榜》提炼“关注地方预决算公开度排行榜”审计算法/规则，用于复用审计经验、生成疑点线索和核查程序。,文章案例文本；审计事项清单；问题线索台账；审计证据资料；预算指标表；财政支出明细；项目资金台账；采购公告；投标文件；供应商信息,关注地方预决算公开度排行榜疑点清单、命中规则、风险等级、证据链、核查建议,D:\openclaw-workspace\knowledge\11-杂志文献\财政监督\6.关注地方预决算公开度排行榜.md
MAGAGR-0047,商鞅变法的国家治理意义与儒法合流的公共经济内涵（上）案例指标包,杂志指标包,indicator_pack,P1,L3,农业农村审计 / 金融审计 / 财政与政府债务,财政监督/农业农村审计,绩效偏离,data_scout / law_inspector,财政监督,商鞅变法的国家治理意义与儒法合流的公共经济内涵（上）,商鞅变法的国家治理意义与儒法合流的公共经济内涵（上）,风险；缺陷；绩效,合同；税收,回归；分析；研究；体系；路径；机制,基于杂志案例《商鞅变法的国家治理意义与儒法合流的公共经济内涵（上）》提炼“商鞅变法的国家治理意义与儒法合流的公共经济内涵（上）”审计算法/规则，用于复用审计经验、生成疑点线索和核查程序。,文章案例文本；审计事项清单；问题线索台账；审计证据资料；预算指标表；财政支出明细；项目资金台账；合同流水；授信审批；还款记录,商鞅变法的国家治理意义与儒法合流的公共经济内涵（上）指标、标准值、实际值、偏离率、评分和扣分原因,D:\openclaw-workspace\knowledge\11-杂志文献\财政监督\6.商鞅变法的国家治理意义与儒法合流的公共经济内涵（上）.md
MAGBUD-0066,商鞅变法的国家治理意义与儒法合流的公共经济内涵（下）案例指标包,杂志指标包,indicator_pack,P1,L3,预算执行与财政管理 / 财政与政府债务 / 绩效评价,财政监督/预算执行与财政管理,绩效偏离,budget_estimator / data_scout,财政监督,商鞅变法的国家治理意义与儒法合流的公共经济内涵（下）,商鞅变法的国家治理意义与儒法合流的公共经济内涵（下）,绩效；腐败,,规则；分析；研究；体系；路径；机制,基于杂志案例《商鞅变法的国家治理意义与儒法合流的公共经济内涵（下）》提炼“商鞅变法的国家治理意义与儒法合流的公共经济内涵（下）”审计算法/规则，用于复用审计经验、生成疑点线索和核查程序。,文章案例文本；审计事项清单；问题线索台账；审计证据资料；预算指标表；财政支出明细；项目资金台账；绩效目标表；绩效评价指标；产出效果数据,商鞅变法的国家治理意义与儒法合流的公共经济内涵（下）指标、标准值、实际值、偏离率、评分和扣分原因,D:\openclaw-workspace\knowledge\11-杂志文献\财政监督\6.商鞅变法的国家治理意义与儒法合流的公共经济内涵（下）.md
MAGFIN-0039,国内外“漂绿”研究进展比较分析(2002—2022)(上)案例检测算法,杂志案例算法,algorithm,P0,L3,金融审计 / 国企审计 / 监督检查与经费舞弊,财政监督/金融审计,案例规则,data_scout / contract_hound,财政监督,国内外“漂绿”研究进展比较分析(2002—2022)(上),国内外“漂绿”研究进展比较分析(2002—2022)(上),风险；虚假；绩效,数据；资产；税收；资金；会计,模型；聚类；分析；审查；研究；体系；路径；机制,基于杂志案例《国内外“漂绿”研究进展比较分析(2002—2022)(上)》提炼“国内外“漂绿”研究进展比较分析(2002—2022)(上)”审计算法/规则，用于复用审计经验、生成疑点线索和核查程序。,文章案例文本；审计事项清单；问题线索台账；审计证据资料；内控制度；会计凭证；工作底稿；整改台账；合同流水；授信审批,国内外“漂绿”研究进展比较分析(2002—2022)(上)疑点清单、命中规则、风险等级、证据链、核查建议,D:\openclaw-workspace\knowledge\11-杂志文献\财政监督\6.国内外“漂绿”研究进展比较分析(2002—2022)(上).md
MAGSUPV-0125,我国财政机构设置基本架构的内在逻辑探析(上)案例指标包,杂志指标包,indicator_pack,P1,L3,监督检查与经费舞弊 / 全场景通用 / 金融审计,财政监督/监督检查与经费舞弊,绩效偏离,review_sentinel / data_scout,财政监督,我国财政机构设置基本架构的内在逻辑探析(上),我国财政机构设置基本架构的内在逻辑探析(上),绩效；违法,预算；决算；审批；采购；资产；申报；税收；资金；会计,评价；分析；研究；体系；机制,基于杂志案例《我国财政机构设置基本架构的内在逻辑探析(上)》提炼“我国财政机构设置基本架构的内在逻辑探析(上)”审计算法/规则，用于复用审计经验、生成疑点线索和核查程序。,文章案例文本；审计事项清单；问题线索台账；审计证据资料；预算指标表；财政支出明细；项目资金台账；内控制度；会计凭证；工作底稿,我国财政机构设置基本架构的内在逻辑探析(上)指标、标准值、实际值、偏离率、评分和扣分原因,D:\openclaw-workspace\knowledge\11-杂志文献\财政监督\6.我国财政机构设置基本架构的内在逻辑探析(上).md
MAGSOC-0068,推行绩效管理加强财会监督：如何落实《行政单位财务规则》新规(下)案例检测算法,杂志案例算法,algorithm,P0,L3,民生与社保医保 / 预算执行与财政管理 / 招投标与政府采购,财政监督/民生与社保医保,案例规则,data_scout / performance_evaluator,财政监督,推行绩效管理加强财会监督：如何落实《行政单位财务规则》新规(下),推行绩效管理加强财会监督：如何落实《行政单位财务规则》新规(下),违规；风险；损失；内控；缺陷；绩效；预警；违法；失真；漏洞；腐败,数据；清单；合同；预算；决算；指标；保单；报表；审批；采购；绩效目标；资产,算法；模型；规则；指标；评价；预警；分析；审查；研究；体系；路径；机制,基于杂志案例《推行绩效管理加强财会监督：如何落实《行政单位财务规则》新规(下)》提炼“推行绩效管理加强财会监督：如何落实《行政单位财务规则》新规(下)”审计算法/规则，用于复用审计经验、生成疑点线索和核查程序。,文章案例文本；审计事项清单；问题线索台账；审计证据资料；预算指标表；财政支出明细；项目资金台账；绩效目标表；绩效评价指标；产出效果数据,推行绩效管理加强财会监督：如何落实《行政单位财务规则》新规(下)疑点清单、命中规则、风险等级、证据链、核查建议,D:\openclaw-workspace\knowledge\11-杂志文献\财政监督\6.推行绩效管理加强财会监督：如何落实《行政单位财务规则》新规(下).md
MAGFIN-0040,财税政策支持绿色低碳转型研究(上)案例指标包,杂志指标包,indicator_pack,P1,L3,金融审计 / 国企审计 / 监督检查与经费舞弊,财政监督/金融审计,绩效偏离,data_scout / contract_hound,财政监督,新形势下财税政策支持绿色低碳转型研究(上),财税政策支持绿色低碳转型研究(上),损失,数据；清单；合同；支付；预算；指标；采购；能耗；碳排放；税收；资金,指标；研究；体系；路径；机制,基于杂志案例《新形势下财税政策支持绿色低碳转型研究(上)》提炼“财税政策支持绿色低碳转型研究(上)”审计算法/规则，用于复用审计经验、生成疑点线索和核查程序。,文章案例文本；审计事项清单；问题线索台账；审计证据资料；内控制度；会计凭证；工作底稿；整改台账；纳税申报表；发票明细,财税政策支持绿色低碳转型研究(上)指标、标准值、实际值、偏离率、评分和扣分原因,D:\openclaw-workspace\knowledge\11-杂志文献\财政监督\6.新形势下财税政策支持绿色低碳转型研究(上).md
MAGSOC-0069,聚焦积极财政政策的“三个着力点”案例指标包,杂志指标包,indicator_pack,P1,L3,民生与社保医保 / 预算执行与财政管理 / 招投标与政府采购,财政监督/民生与社保医保,绩效偏离,data_scout / performance_evaluator,财政监督,聚焦积极财政政策的“三个着力点”,聚焦积极财政政策的“三个着力点”,违规；风险；绩效,数据；支付；预算；采购；税收；资金,规则；分析；研究；体系；机制,基于杂志案例《聚焦积极财政政策的“三个着力点”》提炼“聚焦积极财政政策的“三个着力点””审计算法/规则，用于复用审计经验、生成疑点线索和核查程序。,文章案例文本；审计事项清单；问题线索台账；审计证据资料；预算指标表；财政支出明细；项目资金台账；采购公告；投标文件；供应商信息,聚焦积极财政政策的“三个着力点”指标、标准值、实际值、偏离率、评分和扣分原因,D:\openclaw-workspace\knowledge\11-杂志文献\财政监督\6.聚焦积极财政政策的“三个着力点”.md
MAGSOC-0070,财政预备费绩效管理的现实挑战与路径选择案例检测算法,杂志案例算法,algorithm,P0,L3,民生与社保医保 / 预算执行与财政管理 / 招投标与政府采购,财政监督/民生与社保医保,案例规则,data_scout / performance_evaluator,财政监督,财政预备费绩效管理的现实挑战与路径选择,财政预备费绩效管理的现实挑战与路径选择,风险；挪用；损失；不合规；绩效,数据；支付；预算；决算；指标；报表；审批；绩效目标；税收；资金；会计,算法；指标；评价；分析；审查；体系；路径；机制；方法,基于杂志案例《财政预备费绩效管理的现实挑战与路径选择》提炼“财政预备费绩效管理的现实挑战与路径选择”审计算法/规则，用于复用审计经验、生成疑点线索和核查程序。,文章案例文本；审计事项清单；问题线索台账；审计证据资料；预算指标表；财政支出明细；项目资金台账；绩效目标表；绩效评价指标；产出效果数据,财政预备费绩效管理的现实挑战与路径选择疑点清单、命中规则、风险等级、证据链、核查建议,D:\openclaw-workspace\knowledge\11-杂志文献\财政监督\6.财政预备费绩效管理的现实挑战与路径选择.md
MAGTAX-0037,预算绩效管理激励约束机制的国际比较与启示案例检测算法,杂志案例算法,algorithm,P0,L3,税务审计 / 预算执行与财政管理 / 财政与政府债务,财政监督/税务审计,案例规则,data_scout / law_inspector,财政监督,预算绩效管理激励约束机制的国际比较与启示,预算绩效管理激励约束机制的国际比较与启示,违规；缺陷；绩效,数据；合同；支付；预算；决算；指标；问卷；绩效目标；资金；审计报告,模型；规则；指标；评价；评分；识别；分析；审查；研究；体系；机制,基于杂志案例《预算绩效管理激励约束机制的国际比较与启示》提炼“预算绩效管理激励约束机制的国际比较与启示”审计算法/规则，用于复用审计经验、生成疑点线索和核查程序。,文章案例文本；审计事项清单；问题线索台账；审计证据资料；预算指标表；财政支出明细；项目资金台账；绩效目标表；绩效评价指标；产出效果数据,预算绩效管理激励约束机制的国际比较与启示疑点清单、命中规则、风险等级、证据链、核查建议,D:\openclaw-workspace\knowledge\11-杂志文献\财政监督\6.预算绩效管理激励约束机制的国际比较与启示.md
MAGTAX-0038,世界一流财务管理体系建设助力企业高质量发展案例指标包,杂志指标包,indicator_pack,P1,L3,税务审计 / 预算执行与财政管理 / 财政与政府债务,财政监督/税务审计,绩效偏离,data_scout / law_inspector,财政监督,世界一流财务管理体系建设助力企业高质量发展,世界一流财务管理体系建设助力企业高质量发展,风险；损失,凭证；预算；资产；资金；会计,评价；研究；体系；方法,基于杂志案例《世界一流财务管理体系建设助力企业高质量发展》提炼“世界一流财务管理体系建设助力企业高质量发展”审计算法/规则，用于复用审计经验、生成疑点线索和核查程序。,文章案例文本；审计事项清单；问题线索台账；审计证据资料；预算指标表；财政支出明细；项目资金台账；纳税申报表；发票明细；税收优惠台账,世界一流财务管理体系建设助力企业高质量发展指标、标准值、实际值、偏离率、评分和扣分原因,D:\openclaw-workspace\knowledge\11-杂志文献\财政监督\7.世界一流财务管理体系建设助力企业高 质量发展.md
MAGSOC-0071,以成本效益分析法推动财政支出标准体系建设初探案例规则包,杂志规则包,rule_pack,P1,L2,民生与社保医保 / 预算执行与财政管理 / 招投标与政府采购,财政监督/民生与社保医保,合规性,data_scout / performance_evaluator,财政监督,以成本效益分析法推动财政支出标准体系建设初探,以成本效益分析法推动财政支出标准体系建设初探,超标；绩效；偏离,数据；清单；明细；支付；预算；指标；项目库；审批；绩效目标；申报；资金,算法；指标；评价；测算；分析；研究；体系；路径；机制；方法,基于杂志案例《以成本效益分析法推动财政支出标准体系建设初探》提炼“以成本效益分析法推动财政支出标准体系建设初探”审计算法/规则，用于复用审计经验、生成疑点线索和核查程序。,文章案例文本；审计事项清单；问题线索台账；审计证据资料；预算指标表；财政支出明细；项目资金台账；采购公告；投标文件；供应商信息,以成本效益分析法推动财政支出标准体系建设初探规则编号、触发条件、适用场景、证据资料、处理建议,D:\openclaw-workspace\knowledge\11-杂志文献\财政监督\7.以成本效益分析法推动财政支出标准体系建设初探.md
MAGBUD-0067,准确把握新时代财会监督背景下检查组长履职之责案例检测算法,杂志案例算法,algorithm,P0,L3,预算执行与财政管理 / 财政与政府债务 / 绩效评价,财政监督/预算执行与财政管理,案例规则,budget_estimator / data_scout,财政监督,准确把握新时代财会监督背景下检查组长履职之责,准确把握新时代财会监督背景下检查组长履职之责,违规；风险；舞弊；内控；预警；违法；漏洞,数据；预算；会计,穿透；预警；分析；体系；机制；方法；大数据,基于杂志案例《准确把握新时代财会监督背景下检查组长履职之责》提炼“准确把握新时代财会监督背景下检查组长履职之责”审计算法/规则，用于复用审计经验、生成疑点线索和核查程序。,文章案例文本；审计事项清单；问题线索台账；审计证据资料；预算指标表；财政支出明细；项目资金台账；绩效目标表；绩效评价指标；产出效果数据,准确把握新时代财会监督背景下检查组长履职之责疑点清单、命中规则、风险等级、证据链、核查建议,D:\openclaw-workspace\knowledge\11-杂志文献\财政监督\7.准确把握新时代财会监督背景下检查组长履 职之责.md
MAGSUPV-0126,切实提升财会监督工作质效案例检测算法,杂志案例算法,algorithm,P0,L3,监督检查与经费舞弊 / 全场景通用 / 金融审计,财政监督/监督检查与经费舞弊,案例规则,review_sentinel / data_scout,财政监督,切实提升财会监督工作质效,切实提升财会监督工作质效,违规；风险；舞弊；虚假；重复；挪用；套取；内控；不合规；真实性；完整性；绩效,清单；支付；预算；采购；资产；税收；资金；会计；审计报告,算法；评价；核查；穿透；预警；监测；识别；审查；研究；体系；机制；方法,基于杂志案例《切实提升财会监督工作质效》提炼“切实提升财会监督工作质效”审计算法/规则，用于复用审计经验、生成疑点线索和核查程序。,文章案例文本；审计事项清单；问题线索台账；审计证据资料；内控制度；会计凭证；工作底稿；整改台账；合同流水；授信审批,切实提升财会监督工作质效疑点清单、命中规则、风险等级、证据链、核查建议,D:\openclaw-workspace\knowledge\11-杂志文献\财政监督\7.切实提升财会监督工作质效.md
MAGSOC-0072,加强民生支出财政监督切实提升民生福祉案例检测算法,杂志案例算法,algorithm,P0,L3,民生与社保医保 / 预算执行与财政管理 / 招投标与政府采购,财政监督/民生与社保医保,案例规则,data_scout / performance_evaluator,财政监督,加强民生支出财政监督切实提升民生福祉,加强民生支出财政监督切实提升民生福祉,缺陷；绩效；预警,数据；预算；采购；资产；资金,算法；比对；关联；预警；分析；体系；机制；数字化；大数据；人工智能,基于杂志案例《加强民生支出财政监督切实提升民生福祉》提炼“加强民生支出财政监督切实提升民生福祉”审计算法/规则，用于复用审计经验、生成疑点线索和核查程序。,文章案例文本；审计事项清单；问题线索台账；审计证据资料；预算指标表；财政支出明细；项目资金台账；内控制度；会计凭证；工作底稿,加强民生支出财政监督切实提升民生福祉疑点清单、命中规则、风险等级、证据链、核查建议,D:\openclaw-workspace\knowledge\11-杂志文献\财政监督\7.加强民生支出财政监督切实提升民生福祉.md
MAGSUPV-0127,强化审计报告查验加力注会行业信息化监管案例检测算法,杂志案例算法,algorithm,P0,L3,监督检查与经费舞弊 / 全场景通用 / 金融审计,财政监督/监督检查与经费舞弊,案例规则,review_sentinel / data_scout,财政监督,强化审计报告查验加力注会行业信息化监管,强化审计报告查验加力注会行业信息化监管,违规；异常；风险；舞弊；虚假；重复；真实性；绩效；预警；违法；失真,数据；清单；发票；支付；指标；报表；审批；资产；申报；资金；会计；审计报告,模型；规则；指标；评价；比对；核查；穿透；关联；预警；监测；识别；分析,基于杂志案例《强化审计报告查验加力注会行业信息化监管》提炼“强化审计报告查验加力注会行业信息化监管”审计算法/规则，用于复用审计经验、生成疑点线索和核查程序。,文章案例文本；审计事项清单；问题线索台账；审计证据资料；内控制度；会计凭证；工作底稿；整改台账；合同流水；授信审批,强化审计报告查验加力注会行业信息化监管疑点清单、命中规则、风险等级、证据链、核查建议,D:\openclaw-workspace\knowledge\11-杂志文献\财政监督\7.强化审计报告查验加力注会行业 信息化监管.md
MAGAGR-0048,我国地方政府债务现状、原因分析与因应对策案例检测算法,杂志案例算法,algorithm,P0,L3,农业农村审计 / 金融审计 / 财政与政府债务,财政监督/农业农村审计,案例规则,data_scout / law_inspector,财政监督,我国地方政府债务现状、原因分析与因应对策,我国地方政府债务现状、原因分析与因应对策,风险；损失；低效；预警；隐患；漏洞,数据；支付；预算；指标；资产；申报；税收；资金,指标；评价；穿透；预警；监测；分析；审查；研究；体系；机制,基于杂志案例《我国地方政府债务现状、原因分析与因应对策》提炼“我国地方政府债务现状、原因分析与因应对策”审计算法/规则，用于复用审计经验、生成疑点线索和核查程序。,文章案例文本；审计事项清单；问题线索台账；审计证据资料；预算指标表；财政支出明细；项目资金台账；合同流水；授信审批；还款记录,我国地方政府债务现状、原因分析与因应对策疑点清单、命中规则、风险等级、证据链、核查建议,D:\openclaw-workspace\knowledge\11-杂志文献\财政监督\7.我国地方政府债务现状、原因分析与因应对策.md
MAGAGR-0049,持续纠治形式主义让财政资金花出最大效益案例检测算法,杂志案例算法,algorithm,P0,L3,农业农村审计 / 金融审计 / 财政与政府债务,财政监督/农业农村审计,案例规则,data_scout / law_inspector,财政监督,持续纠治形式主义让财政资金花出最大效益,持续纠治形式主义让财政资金花出最大效益,违规；风险；损失；闲置；缺陷；绩效；偏离；违法；漏洞；腐败；形式主义,数据；清单；支付；预算；指标；问卷；采购；绩效目标；资产；资金；会计,算法；指标；评价；核查；测算；分析；审查；研究；体系；机制；方法；大数据,基于杂志案例《持续纠治形式主义让财政资金花出最大效益》提炼“持续纠治形式主义让财政资金花出最大效益”审计算法/规则，用于复用审计经验、生成疑点线索和核查程序。,文章案例文本；审计事项清单；问题线索台账；审计证据资料；预算指标表；财政支出明细；项目资金台账；合同流水；授信审批；还款记录,持续纠治形式主义让财政资金花出最大效益疑点清单、命中规则、风险等级、证据链、核查建议,D:\openclaw-workspace\knowledge\11-杂志文献\财政监督\7.持续纠治形式主义让财政资金花出最大效益.md
MAGSOC-0073,浅析政府购买公共服务绩效管理案例指标包,杂志指标包,indicator_pack,P1,L3,民生与社保医保 / 预算执行与财政管理 / 招投标与政府采购,财政监督/民生与社保医保,绩效偏离,data_scout / performance_evaluator,财政监督,浅析政府购买公共服务绩效管理,浅析政府购买公共服务绩效管理,绩效；偏离,清单；明细；合同；预算；指标；采购；绩效目标；资金,指标；评价；评分；核查；测算；分析；研究；体系；路径；机制,基于杂志案例《浅析政府购买公共服务绩效管理》提炼“浅析政府购买公共服务绩效管理”审计算法/规则，用于复用审计经验、生成疑点线索和核查程序。,文章案例文本；审计事项清单；问题线索台账；审计证据资料；预算指标表；财政支出明细；项目资金台账；绩效目标表；绩效评价指标；产出效果数据,浅析政府购买公共服务绩效管理指标、标准值、实际值、偏离率、评分和扣分原因,D:\openclaw-workspace\knowledge\11-杂志文献\财政监督\7.浅析政府购买公共服务绩效管理.md
MAGSUPV-0128,深入学习贯彻《意见》精神全面提升财会监督绩效内控核查包,杂志内控包,control_pack,P1,L2,监督检查与经费舞弊 / 全场景通用 / 金融审计,财政监督/监督检查与经费舞弊,内控缺陷,review_sentinel / data_scout,财政监督,深入学习贯彻《意见》精神全面提升财会监督绩效,深入学习贯彻《意见》精神全面提升财会监督绩效,违规；风险；重复；内控；绩效；预警；违法；失真,数据；合同；预算；资产；资金；会计,评价；比对；核查；穿透；预警；监测；体系；机制；方法,基于杂志案例《深入学习贯彻《意见》精神全面提升财会监督绩效》提炼“深入学习贯彻《意见》精神全面提升财会监督绩效”审计算法/规则，用于复用审计经验、生成疑点线索和核查程序。,文章案例文本；审计事项清单；问题线索台账；审计证据资料；绩效目标表；绩效评价指标；产出效果数据；内控制度；会计凭证；工作底稿,深入学习贯彻《意见》精神全面提升财会监督绩效控制点、缺陷类型、责任环节、整改建议、复核状态,D:\openclaw-workspace\knowledge\11-杂志文献\财政监督\7.深入学习贯彻《意见》精神全面提升财会监督绩效.md
MAGSUPV-0129,牢基础、强监管：新时代改进代理记账工作再加力(下)案例检测算法,杂志案例算法,algorithm,P0,L3,监督检查与经费舞弊 / 全场景通用 / 金融审计,财政监督/监督检查与经费舞弊,案例规则,review_sentinel / data_scout,财政监督,牢基础、强监管：新时代改进代理记账工作再加力(下),牢基础、强监管：新时代改进代理记账工作再加力(下),违规；风险；预警；违法,数据；凭证；指标；项目库；审批；申报；资金；会计,模型；指标；评价；核查；预警；分析；研究；体系；路径；机制；数字化；大数据,基于杂志案例《牢基础、强监管：新时代改进代理记账工作再加力(下)》提炼“牢基础、强监管：新时代改进代理记账工作再加力(下)”审计算法/规则，用于复用审计经验、生成疑点线索和核查程序。,文章案例文本；审计事项清单；问题线索台账；审计证据资料；内控制度；会计凭证；工作底稿；整改台账；合同流水；授信审批,牢基础、强监管：新时代改进代理记账工作再加力(下)疑点清单、命中规则、风险等级、证据链、核查建议,D:\openclaw-workspace\knowledge\11-杂志文献\财政监督\7.牢基础、强监管：新时代改进代理记 账工作再加力(下).md
MAGBUD-0068,行政事业性国有资产监管：如何持续提质增效(上)案例检测算法,杂志案例算法,algorithm,P0,L3,预算执行与财政管理 / 财政与政府债务 / 绩效评价,财政监督/预算执行与财政管理,案例规则,budget_estimator / data_scout,财政监督,行政事业性国有资产监管：如何持续提质增效(上),行政事业性国有资产监管：如何持续提质增效(上),风险；超标；损失；低效；闲置；绩效；隐患,数据；支付；预算；审批；资产；资金,规则；评价；研究；体系；路径；机制；方法；数字化；大数据,基于杂志案例《行政事业性国有资产监管：如何持续提质增效(上)》提炼“行政事业性国有资产监管：如何持续提质增效(上)”审计算法/规则，用于复用审计经验、生成疑点线索和核查程序。,文章案例文本；审计事项清单；问题线索台账；审计证据资料；预算指标表；财政支出明细；项目资金台账；绩效目标表；绩效评价指标；产出效果数据,行政事业性国有资产监管：如何持续提质增效(上)疑点清单、命中规则、风险等级、证据链、核查建议,D:\openclaw-workspace\knowledge\11-杂志文献\财政监督\7.行政事业性国有资产监管：如何持续提质增效(上).md
MAGBUD-0069,产业扶持政策绩效评价推进数字政府建设场景初探案例检测算法,杂志案例算法,algorithm,P0,L3,预算执行与财政管理 / 财政与政府债务 / 绩效评价,财政监督/预算执行与财政管理,案例规则,budget_estimator / data_scout,财政监督,产业扶持政策绩效评价推进数字政府建设场景初探,产业扶持政策绩效评价推进数字政府建设场景初探,异常；风险；重复；绩效；偏离；预警；漏洞,数据；预算；指标；资产；资金,算法；模型；指标；评价；比对；核查；关联；预警；监测；识别；分析；审查,基于杂志案例《产业扶持政策绩效评价推进数字政府建设场景初探》提炼“产业扶持政策绩效评价推进数字政府建设场景初探”审计算法/规则，用于复用审计经验、生成疑点线索和核查程序。,文章案例文本；审计事项清单；问题线索台账；审计证据资料；预算指标表；财政支出明细；项目资金台账；绩效目标表；绩效评价指标；产出效果数据,产业扶持政策绩效评价推进数字政府建设场景初探疑点清单、命中规则、风险等级、证据链、核查建议,D:\openclaw-workspace\knowledge\11-杂志文献\财政监督\8.产业扶持政策绩效评价推进数字政府建设场景初探.md
MAGAGR-0050,全面乡村振兴战略促进了农村基本公共服务均等化吗案例检测算法,杂志案例算法,algorithm,P0,L3,农业农村审计 / 金融审计 / 财政与政府债务,财政监督/农业农村审计,案例规则,data_scout / law_inspector,财政监督,全面乡村振兴战略促进了农村基本公共服务均等化吗,全面乡村振兴战略促进了农村基本公共服务均等化吗,异常；风险,数据；支付；预算；指标；样本；税收；资金,模型；指标；评价；回归；监测；分析；验证；研究；体系；机制；方法；数字化,基于杂志案例《全面乡村振兴战略促进了农村基本公共服务均等化吗》提炼“全面乡村振兴战略促进了农村基本公共服务均等化吗”审计算法/规则，用于复用审计经验、生成疑点线索和核查程序。,文章案例文本；审计事项清单；问题线索台账；审计证据资料；预算指标表；财政支出明细；项目资金台账；合同流水；授信审批；还款记录,全面乡村振兴战略促进了农村基本公共服务均等化吗疑点清单、命中规则、风险等级、证据链、核查建议,D:\openclaw-workspace\knowledge\11-杂志文献\财政监督\8.全面乡村振兴战略促进了农村基本公共服务均等化吗.md
MAGFIN-0041,公共部门战略与绩效的匹配性研究案例指标包,杂志指标包,indicator_pack,P1,L3,金融审计 / 国企审计 / 监督检查与经费舞弊,财政监督/金融审计,绩效偏离,data_scout / contract_hound,财政监督,公共部门战略与绩效的匹配性研究,公共部门战略与绩效的匹配性研究,风险；截留；绩效；腐败,数据；明细；发票；支付；预算；审批；采购；绩效目标；税收；资金；会计,评价；分析；审查；研究；体系；机制；方法,基于杂志案例《公共部门战略与绩效的匹配性研究》提炼“公共部门战略与绩效的匹配性研究”审计算法/规则，用于复用审计经验、生成疑点线索和核查程序。,文章案例文本；审计事项清单；问题线索台账；审计证据资料；绩效目标表；绩效评价指标；产出效果数据；内控制度；会计凭证；工作底稿,公共部门战略与绩效的匹配性研究指标、标准值、实际值、偏离率、评分和扣分原因,D:\openclaw-workspace\knowledge\11-杂志文献\财政监督\8.公共部门战略与绩效的匹配性研究.md
MAGTAX-0039,准确把握财会监督定位持续发挥基础支撑功能案例指标包,杂志指标包,indicator_pack,P1,L3,税务审计 / 预算执行与财政管理 / 财政与政府债务,财政监督/税务审计,绩效偏离,data_scout / law_inspector,财政监督,准确把握财会监督定位持续发挥基础支撑功能,准确把握财会监督定位持续发挥基础支撑功能,风险；不合规,指标；资产；会计,指标；分析；体系；机制,基于杂志案例《准确把握财会监督定位持续发挥基础支撑功能》提炼“准确把握财会监督定位持续发挥基础支撑功能”审计算法/规则，用于复用审计经验、生成疑点线索和核查程序。,文章案例文本；审计事项清单；问题线索台账；审计证据资料；预算指标表；财政支出明细；项目资金台账；内控制度；会计凭证；工作底稿,准确把握财会监督定位持续发挥基础支撑功能指标、标准值、实际值、偏离率、评分和扣分原因,D:\openclaw-workspace\knowledge\11-杂志文献\财政监督\8.准确把握财会监督定位持续发挥基础支撑功能.md
MAGSOC-0074,区县财政运行综合绩效评价探索案例检测算法,杂志案例算法,algorithm,P0,L3,民生与社保医保 / 预算执行与财政管理 / 招投标与政府采购,财政监督/民生与社保医保,案例规则,data_scout / performance_evaluator,财政监督,区县财政运行综合绩效评价探索,区县财政运行综合绩效评价探索,风险；重复；完整性；绩效,数据；支付；预算；决算；指标；项目库；采购；资产；缴纳；税收；资金；会计,算法；指标；评价；测算；分析；研究；体系；机制；方法,基于杂志案例《区县财政运行综合绩效评价探索》提炼“区县财政运行综合绩效评价探索”审计算法/规则，用于复用审计经验、生成疑点线索和核查程序。,文章案例文本；审计事项清单；问题线索台账；审计证据资料；预算指标表；财政支出明细；项目资金台账；绩效目标表；绩效评价指标；产出效果数据,区县财政运行综合绩效评价探索疑点清单、命中规则、风险等级、证据链、核查建议,D:\openclaw-workspace\knowledge\11-杂志文献\财政监督\8.区县财政运行综合绩效评价探索.md
MAGBUD-0070,县级政府预算绩效管理改革制约因素与优化路径研究案例检测算法,杂志案例算法,algorithm,P0,L3,预算执行与财政管理 / 财政与政府债务 / 绩效评价,财政监督/预算执行与财政管理,案例规则,budget_estimator / data_scout,财政监督,县级政府预算绩效管理改革制约因素与优化路径研究,县级政府预算绩效管理改革制约因素与优化路径研究,虚假；绩效,数据；预算；决算；指标；问卷；绩效目标；资金,模型；规则；指标；评价；识别；分析；研究；体系；路径；机制；方法；大数据,基于杂志案例《县级政府预算绩效管理改革制约因素与优化路径研究》提炼“县级政府预算绩效管理改革制约因素与优化路径研究”审计算法/规则，用于复用审计经验、生成疑点线索和核查程序。,文章案例文本；审计事项清单；问题线索台账；审计证据资料；预算指标表；财政支出明细；项目资金台账；绩效目标表；绩效评价指标；产出效果数据,县级政府预算绩效管理改革制约因素与优化路径研究疑点清单、命中规则、风险等级、证据链、核查建议,D:\openclaw-workspace\knowledge\11-杂志文献\财政监督\8.县级政府预算绩效管理改革制约因素与优化路径研究.md
MAGSUPV-0130,国外贷款项目绩效评价实践研究案例检测算法,杂志案例算法,algorithm,P0,L3,监督检查与经费舞弊 / 全场景通用 / 金融审计,财政监督/监督检查与经费舞弊,案例规则,review_sentinel / data_scout,财政监督,国外贷款项目绩效评价实践研究,国外贷款项目绩效评价实践研究,违规；风险；内控；不合规；绩效,数据；清单；合同；支付；预算；指标；问卷；样本；审批；采购；招标；投标,规则；指标；评价；评分；比对；抽样；监测；分析；验证；研究；体系；机制,基于杂志案例《国外贷款项目绩效评价实践研究》提炼“国外贷款项目绩效评价实践研究”审计算法/规则，用于复用审计经验、生成疑点线索和核查程序。,文章案例文本；审计事项清单；问题线索台账；审计证据资料；绩效目标表；绩效评价指标；产出效果数据；内控制度；会计凭证；工作底稿,国外贷款项目绩效评价实践研究疑点清单、命中规则、风险等级、证据链、核查建议,D:\openclaw-workspace\knowledge\11-杂志文献\财政监督\8.国外贷款项目绩效评价实践研究.md
MAGSUPV-0131,如何提升预算绩效信息公开质量案例指标包,杂志指标包,indicator_pack,P1,L3,监督检查与经费舞弊 / 全场景通用 / 金融审计,财政监督/监督检查与经费舞弊,绩效偏离,review_sentinel / data_scout,财政监督,如何提升预算绩效信息公开质量,如何提升预算绩效信息公开质量,真实性；完整性；绩效,数据；预算；决算；指标；绩效目标；资金,指标；评价；关联；分析；审查；研究；体系；路径；机制；方法,基于杂志案例《如何提升预算绩效信息公开质量》提炼“如何提升预算绩效信息公开质量”审计算法/规则，用于复用审计经验、生成疑点线索和核查程序。,文章案例文本；审计事项清单；问题线索台账；审计证据资料；预算指标表；财政支出明细；项目资金台账；绩效目标表；绩效评价指标；产出效果数据,如何提升预算绩效信息公开质量指标、标准值、实际值、偏离率、评分和扣分原因,D:\openclaw-workspace\knowledge\11-杂志文献\财政监督\8.如何提升预算绩效信息公开质量.md
MAGSUPV-0132,强穿透、用重典：财会监督正加力(下)案例检测算法,杂志案例算法,algorithm,P0,L3,监督检查与经费舞弊 / 全场景通用 / 金融审计,财政监督/监督检查与经费舞弊,案例规则,review_sentinel / data_scout,财政监督,强穿透、用重典：财会监督正加力(下),强穿透、用重典：财会监督正加力(下),违规；异常；风险；舞弊；虚假；损失；内控；缺陷；真实性；完整性；预警；违法,数据；预算；指标；报表；审批；采购；资产；资金；会计；审计报告,模型；规则；指标；评价；穿透；预警；识别；分析；审查；研究；体系；路径,基于杂志案例《强穿透、用重典：财会监督正加力(下)》提炼“强穿透、用重典：财会监督正加力(下)”审计算法/规则，用于复用审计经验、生成疑点线索和核查程序。,文章案例文本；审计事项清单；问题线索台账；审计证据资料；内控制度；会计凭证；工作底稿；整改台账；合同流水；授信审批,强穿透、用重典：财会监督正加力(下)疑点清单、命中规则、风险等级、证据链、核查建议,D:\openclaw-workspace\knowledge\11-杂志文献\财政监督\8.强穿透、用重典：财会监督正加力(下).md
MAGBUD-0071,推行绩效管理加强财会监督：如何落实《行政单位财务规则》新规(上)案例检测算法,杂志案例算法,algorithm,P0,L3,预算执行与财政管理 / 财政与政府债务 / 绩效评价,财政监督/预算执行与财政管理,案例规则,budget_estimator / data_scout,财政监督,推行绩效管理加强财会监督：如何落实《行政单位财务规则》新规(上),推行绩效管理加强财会监督：如何落实《行政单位财务规则》新规(上),违规；风险；舞弊；重复；损失；低效；缺陷；绩效,数据；台账；清单；预算；决算；指标；项目库；审批；采购；绩效目标；资产；资金,算法；规则；指标；评价；评分；监测；分析；审查；体系；机制；方法,基于杂志案例《推行绩效管理加强财会监督：如何落实《行政单位财务规则》新规(上)》提炼“推行绩效管理加强财会监督：如何落实《行政单位财务规则》新规(上)”审计算法/规则，用于复用审计经验、生成疑点线索和核查程序。,文章案例文本；审计事项清单；问题线索台账；审计证据资料；预算指标表；财政支出明细；项目资金台账；绩效目标表；绩效评价指标；产出效果数据,推行绩效管理加强财会监督：如何落实《行政单位财务规则》新规(上)疑点清单、命中规则、风险等级、证据链、核查建议,D:\openclaw-workspace\knowledge\11-杂志文献\财政监督\8.推行绩效管理加强财会监督：如何落实《行政单位财务规则》新规(上).md
MAGSOC-0075,新型研发机构绩效评价研究案例检测算法,杂志案例算法,algorithm,P0,L3,民生与社保医保 / 预算执行与财政管理 / 招投标与政府采购,财政监督/民生与社保医保,案例规则,data_scout / performance_evaluator,财政监督,新型研发机构绩效评价研究,新型研发机构绩效评价研究,风险；虚假；缺陷；绩效,数据；支付；指标；资产；能耗；碳排放；资金,算法；模型；指标；评价；关联；识别；分析；研究；体系；路径；机制；方法,基于杂志案例《新型研发机构绩效评价研究》提炼“新型研发机构绩效评价研究”审计算法/规则，用于复用审计经验、生成疑点线索和核查程序。,文章案例文本；审计事项清单；问题线索台账；审计证据资料；预算指标表；财政支出明细；项目资金台账；绩效目标表；绩效评价指标；产出效果数据,新型研发机构绩效评价研究疑点清单、命中规则、风险等级、证据链、核查建议,D:\openclaw-workspace\knowledge\11-杂志文献\财政监督\8.新型研发机构绩效评价研究.md
MAGBUD-0072,规范监督检查工作流程高质量完成财会监内控核查包,杂志内控包,control_pack,P1,L2,预算执行与财政管理 / 财政与政府债务 / 绩效评价,财政监督/预算执行与财政管理,内控缺陷,budget_estimator / data_scout,财政监督,规范监督检查工作流程高质量完成财会监,规范监督检查工作流程高质量完成财会监,风险；内控；真实性；完整性；形式主义,数据；清单；合同；凭证；审批；工作底稿,分析；审查；方法,基于杂志案例《规范监督检查工作流程高质量完成财会监》提炼“规范监督检查工作流程高质量完成财会监”审计算法/规则，用于复用审计经验、生成疑点线索和核查程序。,文章案例文本；审计事项清单；问题线索台账；审计证据资料；预算指标表；财政支出明细；项目资金台账；绩效目标表；绩效评价指标；产出效果数据,规范监督检查工作流程高质量完成财会监控制点、缺陷类型、责任环节、整改建议、复核状态,D:\openclaw-workspace\knowledge\11-杂志文献\财政监督\8.规范监督检查工作流程高质量完成财会监.md
MAGBUD-0073,“业、财、控”融合模式下公用事业财政补贴模式创新研究案例检测算法,杂志案例算法,algorithm,P0,L3,预算执行与财政管理 / 财政与政府债务 / 绩效评价,财政监督/预算执行与财政管理,案例规则,budget_estimator / data_scout,财政监督,“业、财、控”融合模式下公用事业财政补贴模式创新研究,“业、财、控”融合模式下公用事业财政补贴模式创新研究,风险；挪用；损失；截留；绩效,数据；预算；指标；采购；资产；资金；会计,模型；指标；评价；监测；分析；研究；体系；机制,基于杂志案例《“业、财、控”融合模式下公用事业财政补贴模式创新研究》提炼““业、财、控”融合模式下公用事业财政补贴模式创新研究”审计算法/规则，用于复用审计经验、生成疑点线索和核查程序。,文章案例文本；审计事项清单；问题线索台账；审计证据资料；预算指标表；财政支出明细；项目资金台账；绩效目标表；绩效评价指标；产出效果数据,“业、财、控”融合模式下公用事业财政补贴模式创新研究疑点清单、命中规则、风险等级、证据链、核查建议,D:\openclaw-workspace\knowledge\11-杂志文献\财政监督\9.“业、财、控”融合模式下公用事业财政补贴模式创新研究.md
MAGSUPV-0133,事前绩效评估机制完善与优化探讨案例检测算法,杂志案例算法,algorithm,P0,L3,监督检查与经费舞弊 / 全场景通用 / 金融审计,财政监督/监督检查与经费舞弊,案例规则,review_sentinel / data_scout,财政监督,事前绩效评估机制完善与优化探讨,事前绩效评估机制完善与优化探讨,风险；完整性；绩效；预警,数据；清单；支付；预算；指标；项目库；审批；绩效目标；申报；资金,模型；指标；评价；评分；预警；测算；分析；研究；体系；机制；方法；数字化,基于杂志案例《事前绩效评估机制完善与优化探讨》提炼“事前绩效评估机制完善与优化探讨”审计算法/规则，用于复用审计经验、生成疑点线索和核查程序。,文章案例文本；审计事项清单；问题线索台账；审计证据资料；绩效目标表；绩效评价指标；产出效果数据；内控制度；会计凭证；工作底稿,事前绩效评估机制完善与优化探讨疑点清单、命中规则、风险等级、证据链、核查建议,D:\openclaw-workspace\knowledge\11-杂志文献\财政监督\9.事前绩效评估机制完善与优化探讨.md
MAGSOC-0076,人才专项资金绩效评价实践探索案例指标包,杂志指标包,indicator_pack,P1,L3,民生与社保医保 / 预算执行与财政管理 / 招投标与政府采购,财政监督/民生与社保医保,绩效偏离,data_scout / performance_evaluator,财政监督,人才专项资金绩效评价实践探索,人才专项资金绩效评价实践探索,风险；重复；完整性；绩效,数据；合同；预算；指标；问卷；招标；绩效目标；资产；申报；缴纳；税收；资金,指标；评价；核查；关联；回归；测算；分析；体系；机制；方法,基于杂志案例《人才专项资金绩效评价实践探索》提炼“人才专项资金绩效评价实践探索”审计算法/规则，用于复用审计经验、生成疑点线索和核查程序。,文章案例文本；审计事项清单；问题线索台账；审计证据资料；预算指标表；财政支出明细；项目资金台账；绩效目标表；绩效评价指标；产出效果数据,人才专项资金绩效评价实践探索指标、标准值、实际值、偏离率、评分和扣分原因,D:\openclaw-workspace\knowledge\11-杂志文献\财政监督\9.人才专项资金绩效评价实践探索.md
MAGSOC-0077,全成本预算绩效管理的实践及思考案例检测算法,杂志案例算法,algorithm,P0,L3,民生与社保医保 / 预算执行与财政管理 / 招投标与政府采购,财政监督/民生与社保医保,案例规则,data_scout / performance_evaluator,财政监督,全成本预算绩效管理的实践及思考,全成本预算绩效管理的实践及思考,绩效,数据；预算；指标；报表；绩效目标；资产；资金,指标；评价；监测；测算；分析；研究；体系；路径；机制；方法,基于杂志案例《全成本预算绩效管理的实践及思考》提炼“全成本预算绩效管理的实践及思考”审计算法/规则，用于复用审计经验、生成疑点线索和核查程序。,文章案例文本；审计事项清单；问题线索台账；审计证据资料；预算指标表；财政支出明细；项目资金台账；绩效目标表；绩效评价指标；产出效果数据,全成本预算绩效管理的实践及思考疑点清单、命中规则、风险等级、证据链、核查建议,D:\openclaw-workspace\knowledge\11-杂志文献\财政监督\9.全成本预算绩效管理的实践及思考.md
MAGSOC-0078,关注国有资本经营预算绩效管理案例指标包,杂志指标包,indicator_pack,P1,L3,民生与社保医保 / 预算执行与财政管理 / 招投标与政府采购,财政监督/民生与社保医保,绩效偏离,data_scout / performance_evaluator,财政监督,关注国有资本经营预算绩效管理,关注国有资本经营预算绩效管理,风险；低效；闲置；绩效,数据；支付；预算；决算；指标；项目库；审批；绩效目标；资产；申报；税收；资金,指标；评价；关联；监测；分析；审查；研究；体系；机制；方法；数字化,基于杂志案例《关注国有资本经营预算绩效管理》提炼“关注国有资本经营预算绩效管理”审计算法/规则，用于复用审计经验、生成疑点线索和核查程序。,文章案例文本；审计事项清单；问题线索台账；审计证据资料；预算指标表；财政支出明细；项目资金台账；绩效目标表；绩效评价指标；产出效果数据,关注国有资本经营预算绩效管理指标、标准值、实际值、偏离率、评分和扣分原因,D:\openclaw-workspace\knowledge\11-杂志文献\财政监督\9.关注国有资本经营预算绩效管理.md
MAGTAX-0040,创造价值，管控风险：财务管理变革中的央企实践案例检测算法,杂志案例算法,algorithm,P0,L3,税务审计 / 预算执行与财政管理 / 财政与政府债务,财政监督/税务审计,异常性,data_scout / law_inspector,财政监督,创造价值，管控风险：财务管理变革中的央企实践,创造价值，管控风险：财务管理变革中的央企实践,违规；风险；损失；内控；绩效；预警,数据；合同；预算；指标；投标；结算；资金；会计,模型；指标；评价；穿透；预警；分析；体系；机制；数字化,基于杂志案例《创造价值，管控风险：财务管理变革中的央企实践》提炼“创造价值，管控风险：财务管理变革中的央企实践”审计算法/规则，用于复用审计经验、生成疑点线索和核查程序。,文章案例文本；审计事项清单；问题线索台账；审计证据资料；预算指标表；财政支出明细；项目资金台账；纳税申报表；发票明细；税收优惠台账,创造价值，管控风险：财务管理变革中的央企实践疑点清单、命中规则、风险等级、证据链、核查建议,D:\openclaw-workspace\knowledge\11-杂志文献\财政监督\9.创造价值，管控风险：财务管理变革中的央企 实践.md
MAGAGR-0051,县(市、区)级财政运行综合绩效评价的实践探讨案例指标包,杂志指标包,indicator_pack,P1,L3,农业农村审计 / 金融审计 / 财政与政府债务,财政监督/农业农村审计,绩效偏离,data_scout / law_inspector,财政监督,县(市、区)级财政运行综合绩效评价的实践探讨,县(市、区)级财政运行综合绩效评价的实践探讨,风险；完整性；绩效,数据；支付；预算；决算；指标；采购；绩效目标；资产；申报；税收；资金,指标；评价；关联；分析；研究；体系；路径；机制；方法,基于杂志案例《县(市、区)级财政运行综合绩效评价的实践探讨》提炼“县(市、区)级财政运行综合绩效评价的实践探讨”审计算法/规则，用于复用审计经验、生成疑点线索和核查程序。,文章案例文本；审计事项清单；问题线索台账；审计证据资料；预算指标表；财政支出明细；项目资金台账；绩效目标表；绩效评价指标；产出效果数据,县(市、区)级财政运行综合绩效评价的实践探讨指标、标准值、实际值、偏离率、评分和扣分原因,D:\openclaw-workspace\knowledge\11-杂志文献\财政监督\9.县(市、区)级财政运行综合绩效评价的实践探讨.md
MAGAGR-0052,县级预算绩效管理创新性实践的探索与思考案例检测算法,杂志案例算法,algorithm,P0,L3,农业农村审计 / 金融审计 / 财政与政府债务,财政监督/农业农村审计,案例规则,data_scout / law_inspector,财政监督,县级预算绩效管理创新性实践的探索与思考,县级预算绩效管理创新性实践的探索与思考,风险；低效；内控；绩效,数据；清单；预算；指标；结算；绩效目标；申报；资金,算法；模型；指标；评价；关联；测算；分析；审查；研究；体系；路径；机制,基于杂志案例《县级预算绩效管理创新性实践的探索与思考》提炼“县级预算绩效管理创新性实践的探索与思考”审计算法/规则，用于复用审计经验、生成疑点线索和核查程序。,文章案例文本；审计事项清单；问题线索台账；审计证据资料；预算指标表；财政支出明细；项目资金台账；绩效目标表；绩效评价指标；产出效果数据,县级预算绩效管理创新性实践的探索与思考疑点清单、命中规则、风险等级、证据链、核查建议,D:\openclaw-workspace\knowledge\11-杂志文献\财政监督\9.县级预算绩效管理创新性实践的探索与思考.md
MAGSOC-0079,基本公共卫生服务项目绩效评价指标体系优化研究案例指标包,杂志指标包,indicator_pack,P1,L3,民生与社保医保 / 预算执行与财政管理 / 招投标与政府采购,财政监督/民生与社保医保,绩效偏离,data_scout / performance_evaluator,财政监督,基本公共卫生服务项目绩效评价指标体系优化研究,基本公共卫生服务项目绩效评价指标体系优化研究,重复；绩效,数据；预算；决算；指标；结算；绩效目标；资金,指标；评价；测算；分析；审查；研究；体系；机制,基于杂志案例《基本公共卫生服务项目绩效评价指标体系优化研究》提炼“基本公共卫生服务项目绩效评价指标体系优化研究”审计算法/规则，用于复用审计经验、生成疑点线索和核查程序。,文章案例文本；审计事项清单；问题线索台账；审计证据资料；预算指标表；财政支出明细；项目资金台账；绩效目标表；绩效评价指标；产出效果数据,基本公共卫生服务项目绩效评价指标体系优化研究指标、标准值、实际值、偏离率、评分和扣分原因,D:\openclaw-workspace\knowledge\11-杂志文献\财政监督\9.基本公共卫生服务项目绩效评价指标体系优化研究.md
MAGFIN-0042,扶贫小额信贷资金会计信息失真内控核查包,杂志内控包,control_pack,P1,L2,金融审计 / 国企审计 / 监督检查与经费舞弊,财政监督/金融审计,内控缺陷,data_scout / contract_hound,财政监督,扶贫小额信贷资金会计信息失真,扶贫小额信贷资金会计信息失真,违规；风险；虚假；内控；违法；失真,数据；台账；明细；合同；发票；凭证；支付；报表；审批；资产；资金；会计,分析；研究；机制,基于杂志案例《扶贫小额信贷资金会计信息失真》提炼“扶贫小额信贷资金会计信息失真”审计算法/规则，用于复用审计经验、生成疑点线索和核查程序。,文章案例文本；审计事项清单；问题线索台账；审计证据资料；内控制度；会计凭证；工作底稿；整改台账；合同流水；授信审批,扶贫小额信贷资金会计信息失真控制点、缺陷类型、责任环节、整改建议、复核状态,D:\openclaw-workspace\knowledge\11-杂志文献\财政监督\9.扶贫小额信贷资金会计信息失真.md
MAGSOC-0080,浅谈“大数据”在预算绩效评价中的探索与运用案例检测算法,杂志案例算法,algorithm,P0,L4,民生与社保医保 / 预算执行与财政管理 / 招投标与政府采购,财政监督/民生与社保医保,案例规则,data_scout / performance_evaluator,财政监督,浅谈“大数据”在预算绩效评价中的探索与运用,浅谈“大数据”在预算绩效评价中的探索与运用,虚假；重复；套取；真实性；绩效；预警,数据；预算；决算；指标；问卷；绩效目标；申报；资金,指标；评价；评分；比对；关联；抽样；预警；监测；识别；分析；检测；体系,基于杂志案例《浅谈“大数据”在预算绩效评价中的探索与运用》提炼“浅谈“大数据”在预算绩效评价中的探索与运用”审计算法/规则，用于复用审计经验、生成疑点线索和核查程序。,文章案例文本；审计事项清单；问题线索台账；审计证据资料；预算指标表；财政支出明细；项目资金台账；绩效目标表；绩效评价指标；产出效果数据,浅谈“大数据”在预算绩效评价中的探索与运用疑点清单、命中规则、风险等级、证据链、核查建议,D:\openclaw-workspace\knowledge\11-杂志文献\财政监督\9.浅谈“大数据”在预算绩效评价中的探索与运用.md
MAGSUPV-0134,绩效目标与指标设置的重要性剖析案例检测算法,杂志案例算法,algorithm,P0,L3,监督检查与经费舞弊 / 全场景通用 / 金融审计,财政监督/监督检查与经费舞弊,案例规则,review_sentinel / data_scout,财政监督,绩效目标与指标设置的重要性剖析,绩效目标与指标设置的重要性剖析,风险；低效；滞留；绩效；偏离,数据；明细；预算；决算；指标；问卷；绩效目标；资产；资金；会计,指标；评价；分析；研究；体系；机制；方法；大数据,基于杂志案例《绩效目标与指标设置的重要性剖析》提炼“绩效目标与指标设置的重要性剖析”审计算法/规则，用于复用审计经验、生成疑点线索和核查程序。,文章案例文本；审计事项清单；问题线索台账；审计证据资料；绩效目标表；绩效评价指标；产出效果数据；内控制度；会计凭证；工作底稿,绩效目标与指标设置的重要性剖析疑点清单、命中规则、风险等级、证据链、核查建议,D:\openclaw-workspace\knowledge\11-杂志文献\财政监督\9.绩效目标与指标设置的重要性剖析.md
