sn,name,type,package_kind,priority,complexity,scene,biz_line,risk_mechanism,assigned_agents,source_kind,source_top,source_title,topic,merge_action,audit_goal,data_dependencies,output_type,source_file
ENGV6D-001,工程总承包政策精要-推行工程总承包和工程项目管理的重要性和必要性检测算法,算法候选,algorithm,P0,L3,工程与投资审计 / 招投标与政府采购 / 财政与政府债务,工程/工程与投资审计,异常性,settlement_auditor / budget_estimator,book,工程,工程总承包政策精要,推行工程总承包和工程项目管理的重要性和必要性,新增,基于《工程总承包政策精要》中“推行工程总承包和工程项目管理的重要性和必要性”相关内容，识别审计对象在合规性、真实性、绩效性和责任链方面的风险，形成可复核的疑点、规则或指标输出。,项目台账；财务收支明细；合同与审批资料；支付凭证；审计发现清单；工程量清单；结算书；签证变更；竣工资料；采购公告,推行工程总承包和工程项目管理的重要性和必要性疑点清单、风险等级、命中规则、涉及金额、核查建议,E:\2026\审计方法&政策文件\_ocr_output\工程\工程总承包政策精要.pdf.md
ENGV6D-002,工程总承包政策精要-EPC政策合规规则包,规则包,rule_pack,P1,L2,工程与投资审计 / 招投标与政府采购 / 财政与政府债务,工程/工程与投资审计,合规性,settlement_auditor / budget_estimator,book,工程,工程总承包政策精要,EPC政策合规,新增,基于《工程总承包政策精要》中“EPC政策合规”相关内容，固化审计对象在合规性、真实性、绩效性和责任链方面的风险，形成可复核的疑点、规则或指标输出。,项目台账；财务收支明细；合同与审批资料；支付凭证；审计发现清单；工程量清单；结算书；签证变更；竣工资料；采购公告,EPC政策合规规则编号、规则说明、触发条件、证据资料、处理建议,E:\2026\审计方法&政策文件\_ocr_output\工程\工程总承包政策精要.pdf.md
ENGV6D-003,工程总承包政策精要-工程造价异常指标包,指标包,indicator_pack,P1,L3,工程与投资审计 / 招投标与政府采购 / 财政与政府债务,工程/工程与投资审计,异常性,settlement_auditor / budget_estimator,book,工程,工程总承包政策精要,工程造价异常,新增,基于《工程总承包政策精要》中“工程造价异常”相关内容，量化评价审计对象在合规性、真实性、绩效性和责任链方面的风险，形成可复核的疑点、规则或指标输出。,项目台账；财务收支明细；合同与审批资料；支付凭证；审计发现清单；工程量清单；结算书；签证变更；竣工资料；采购公告,工程造价异常指标名称、指标值、标准值、偏离率、评分和扣分原因,E:\2026\审计方法&政策文件\_ocr_output\工程\工程总承包政策精要.pdf.md
ENGV6D-004,工程总承包政策精要-工程量真实性检测算法,算法候选,algorithm,P1,L3,工程与投资审计 / 招投标与政府采购 / 财政与政府债务,工程/工程与投资审计,异常性,settlement_auditor / budget_estimator,book,工程,工程总承包政策精要,工程量真实性,新增,基于《工程总承包政策精要》中“工程量真实性”相关内容，识别审计对象在合规性、真实性、绩效性和责任链方面的风险，形成可复核的疑点、规则或指标输出。,项目台账；财务收支明细；合同与审批资料；支付凭证；审计发现清单；工程量清单；结算书；签证变更；竣工资料；采购公告,工程量真实性疑点清单、风险等级、命中规则、涉及金额、核查建议,E:\2026\审计方法&政策文件\_ocr_output\工程\工程总承包政策精要.pdf.md
ENGV6D-005,工程总承包政策精要-签证变更异常内控核查包,内控包,control_pack,P1,L2,工程与投资审计 / 招投标与政府采购 / 财政与政府债务,工程/工程与投资审计,合规性,settlement_auditor / budget_estimator,book,工程,工程总承包政策精要,签证变更异常,新增,基于《工程总承包政策精要》中“签证变更异常”相关内容，核查审计对象在合规性、真实性、绩效性和责任链方面的风险，形成可复核的疑点、规则或指标输出。,项目台账；财务收支明细；合同与审批资料；支付凭证；审计发现清单；工程量清单；结算书；签证变更；竣工资料；采购公告,签证变更异常控制点、缺陷类型、责任环节、整改任务、复核状态,E:\2026\审计方法&政策文件\_ocr_output\工程\工程总承包政策精要.pdf.md
ENGV6D-006,工程总承包政策精要-竣工决算费用归集规则包,规则包,rule_pack,P1,L2,工程与投资审计 / 招投标与政府采购 / 财政与政府债务,工程/工程与投资审计,合规性,settlement_auditor / budget_estimator,book,工程,工程总承包政策精要,竣工决算费用归集,新增,基于《工程总承包政策精要》中“竣工决算费用归集”相关内容，固化审计对象在合规性、真实性、绩效性和责任链方面的风险，形成可复核的疑点、规则或指标输出。,项目台账；财务收支明细；合同与审批资料；支付凭证；审计发现清单；工程量清单；结算书；签证变更；竣工资料；采购公告,竣工决算费用归集规则编号、规则说明、触发条件、证据资料、处理建议,E:\2026\审计方法&政策文件\_ocr_output\工程\工程总承包政策精要.pdf.md
ENGV6D-007,工程总承包政策精要-分包采购联动指标包,指标包,indicator_pack,P1,L3,工程与投资审计 / 招投标与政府采购 / 财政与政府债务,工程/工程与投资审计,异常性,settlement_auditor / budget_estimator,book,工程,工程总承包政策精要,分包采购联动,新增,基于《工程总承包政策精要》中“分包采购联动”相关内容，量化评价审计对象在合规性、真实性、绩效性和责任链方面的风险，形成可复核的疑点、规则或指标输出。,项目台账；财务收支明细；合同与审批资料；支付凭证；审计发现清单；工程量清单；结算书；签证变更；竣工资料；采购公告,分包采购联动指标名称、指标值、标准值、偏离率、评分和扣分原因,E:\2026\审计方法&政策文件\_ocr_output\工程\工程总承包政策精要.pdf.md
ENGV6D-008,工程总承包政策精要-隐蔽工程检测证据链包,证据包,evidence_pack,P1,L3,工程与投资审计 / 招投标与政府采购 / 财政与政府债务,工程/工程与投资审计,异常性,settlement_auditor / budget_estimator,book,工程,工程总承包政策精要,隐蔽工程检测,新增,基于《工程总承包政策精要》中“隐蔽工程检测”相关内容，贯通审计对象在合规性、真实性、绩效性和责任链方面的风险，形成可复核的疑点、规则或指标输出。,项目台账；财务收支明细；合同与审批资料；支付凭证；审计发现清单；工程量清单；结算书；签证变更；竣工资料；采购公告,隐蔽工程检测证据链节点、证据缺口、访谈对象、底稿索引、结论边界,E:\2026\审计方法&政策文件\_ocr_output\工程\工程总承包政策精要.pdf.md
ENGV6D-009,工程项目利润创造与造价风险控制-工程项目利润创造与造价风险控制.pdf检测算法,算法候选,algorithm,P0,L3,工程与投资审计 / 招投标与政府采购 / 财政与政府债务,工程/工程与投资审计,异常性,settlement_auditor / budget_estimator,book,工程,工程项目利润创造与造价风险控制,工程项目利润创造与造价风险控制.pdf,新增,基于《工程项目利润创造与造价风险控制》中“工程项目利润创造与造价风险控制.pdf”相关内容，识别审计对象在合规性、真实性、绩效性和责任链方面的风险，形成可复核的疑点、规则或指标输出。,项目台账；财务收支明细；合同与审批资料；支付凭证；审计发现清单；绩效指标表；产出效果数据；满意度问卷；工程量清单；结算书,工程项目利润创造与造价风险控制.pdf疑点清单、风险等级、命中规则、涉及金额、核查建议,E:\2026\审计方法&政策文件\_ocr_output\工程\工程项目利润创造与造价风险控制.pdf.md
ENGV6D-010,工程项目利润创造与造价风险控制-6商务管理上的风险规则包,规则包,rule_pack,P1,L2,工程与投资审计 / 招投标与政府采购 / 财政与政府债务,工程/工程与投资审计,合规性,settlement_auditor / budget_estimator,book,工程,工程项目利润创造与造价风险控制,6商务管理上的风险,新增,基于《工程项目利润创造与造价风险控制》中“6商务管理上的风险”相关内容，固化审计对象在合规性、真实性、绩效性和责任链方面的风险，形成可复核的疑点、规则或指标输出。,项目台账；财务收支明细；合同与审批资料；支付凭证；审计发现清单；绩效指标表；产出效果数据；满意度问卷；工程量清单；结算书,6商务管理上的风险规则编号、规则说明、触发条件、证据资料、处理建议,E:\2026\审计方法&政策文件\_ocr_output\工程\工程项目利润创造与造价风险控制.pdf.md
ENGV6D-011,工程项目利润创造与造价风险控制-EPC政策合规指标包,指标包,indicator_pack,P1,L3,工程与投资审计 / 招投标与政府采购 / 财政与政府债务,工程/工程与投资审计,异常性,settlement_auditor / budget_estimator,book,工程,工程项目利润创造与造价风险控制,EPC政策合规,新增,基于《工程项目利润创造与造价风险控制》中“EPC政策合规”相关内容，量化评价审计对象在合规性、真实性、绩效性和责任链方面的风险，形成可复核的疑点、规则或指标输出。,项目台账；财务收支明细；合同与审批资料；支付凭证；审计发现清单；绩效指标表；产出效果数据；满意度问卷；工程量清单；结算书,EPC政策合规指标名称、指标值、标准值、偏离率、评分和扣分原因,E:\2026\审计方法&政策文件\_ocr_output\工程\工程项目利润创造与造价风险控制.pdf.md
ENGV6D-012,工程项目利润创造与造价风险控制-工程造价异常检测算法,算法候选,algorithm,P1,L3,工程与投资审计 / 招投标与政府采购 / 财政与政府债务,工程/工程与投资审计,异常性,settlement_auditor / budget_estimator,book,工程,工程项目利润创造与造价风险控制,工程造价异常,新增,基于《工程项目利润创造与造价风险控制》中“工程造价异常”相关内容，识别审计对象在合规性、真实性、绩效性和责任链方面的风险，形成可复核的疑点、规则或指标输出。,项目台账；财务收支明细；合同与审批资料；支付凭证；审计发现清单；绩效指标表；产出效果数据；满意度问卷；工程量清单；结算书,工程造价异常疑点清单、风险等级、命中规则、涉及金额、核查建议,E:\2026\审计方法&政策文件\_ocr_output\工程\工程项目利润创造与造价风险控制.pdf.md
ENGV6D-013,工程项目利润创造与造价风险控制-工程量真实性内控核查包,内控包,control_pack,P1,L2,工程与投资审计 / 招投标与政府采购 / 财政与政府债务,工程/工程与投资审计,合规性,settlement_auditor / budget_estimator,book,工程,工程项目利润创造与造价风险控制,工程量真实性,新增,基于《工程项目利润创造与造价风险控制》中“工程量真实性”相关内容，核查审计对象在合规性、真实性、绩效性和责任链方面的风险，形成可复核的疑点、规则或指标输出。,项目台账；财务收支明细；合同与审批资料；支付凭证；审计发现清单；绩效指标表；产出效果数据；满意度问卷；工程量清单；结算书,工程量真实性控制点、缺陷类型、责任环节、整改任务、复核状态,E:\2026\审计方法&政策文件\_ocr_output\工程\工程项目利润创造与造价风险控制.pdf.md
ENGV6D-014,工程项目利润创造与造价风险控制-签证变更异常规则包,规则包,rule_pack,P1,L2,工程与投资审计 / 招投标与政府采购 / 财政与政府债务,工程/工程与投资审计,合规性,settlement_auditor / budget_estimator,book,工程,工程项目利润创造与造价风险控制,签证变更异常,新增,基于《工程项目利润创造与造价风险控制》中“签证变更异常”相关内容，固化审计对象在合规性、真实性、绩效性和责任链方面的风险，形成可复核的疑点、规则或指标输出。,项目台账；财务收支明细；合同与审批资料；支付凭证；审计发现清单；绩效指标表；产出效果数据；满意度问卷；工程量清单；结算书,签证变更异常规则编号、规则说明、触发条件、证据资料、处理建议,E:\2026\审计方法&政策文件\_ocr_output\工程\工程项目利润创造与造价风险控制.pdf.md
ENGV6D-015,工程项目利润创造与造价风险控制-竣工决算费用归集指标包,指标包,indicator_pack,P1,L3,工程与投资审计 / 招投标与政府采购 / 财政与政府债务,工程/工程与投资审计,异常性,settlement_auditor / budget_estimator,book,工程,工程项目利润创造与造价风险控制,竣工决算费用归集,新增,基于《工程项目利润创造与造价风险控制》中“竣工决算费用归集”相关内容，量化评价审计对象在合规性、真实性、绩效性和责任链方面的风险，形成可复核的疑点、规则或指标输出。,项目台账；财务收支明细；合同与审批资料；支付凭证；审计发现清单；绩效指标表；产出效果数据；满意度问卷；工程量清单；结算书,竣工决算费用归集指标名称、指标值、标准值、偏离率、评分和扣分原因,E:\2026\审计方法&政策文件\_ocr_output\工程\工程项目利润创造与造价风险控制.pdf.md
ENGV6D-016,工程项目利润创造与造价风险控制-分包采购联动证据链包,证据包,evidence_pack,P1,L3,工程与投资审计 / 招投标与政府采购 / 财政与政府债务,工程/工程与投资审计,异常性,settlement_auditor / budget_estimator,book,工程,工程项目利润创造与造价风险控制,分包采购联动,新增,基于《工程项目利润创造与造价风险控制》中“分包采购联动”相关内容，贯通审计对象在合规性、真实性、绩效性和责任链方面的风险，形成可复核的疑点、规则或指标输出。,项目台账；财务收支明细；合同与审批资料；支付凭证；审计发现清单；绩效指标表；产出效果数据；满意度问卷；工程量清单；结算书,分包采购联动证据链节点、证据缺口、访谈对象、底稿索引、结论边界,E:\2026\审计方法&政策文件\_ocr_output\工程\工程项目利润创造与造价风险控制.pdf.md
ENGV6D-017,工程项目利润创造与造价风险控制-隐蔽工程检测检测算法,算法候选,algorithm,P1,L3,工程与投资审计 / 招投标与政府采购 / 财政与政府债务,工程/工程与投资审计,异常性,settlement_auditor / budget_estimator,book,工程,工程项目利润创造与造价风险控制,隐蔽工程检测,新增,基于《工程项目利润创造与造价风险控制》中“隐蔽工程检测”相关内容，识别审计对象在合规性、真实性、绩效性和责任链方面的风险，形成可复核的疑点、规则或指标输出。,项目台账；财务收支明细；合同与审批资料；支付凭证；审计发现清单；绩效指标表；产出效果数据；满意度问卷；工程量清单；结算书,隐蔽工程检测疑点清单、风险等级、命中规则、涉及金额、核查建议,E:\2026\审计方法&政策文件\_ocr_output\工程\工程项目利润创造与造价风险控制.pdf.md
ENGV6D-018,工程项目利润创造与造价风险控制-项目利润异常规则包,规则包,rule_pack,P1,L2,工程与投资审计 / 招投标与政府采购 / 财政与政府债务,工程/工程与投资审计,合规性,settlement_auditor / budget_estimator,book,工程,工程项目利润创造与造价风险控制,项目利润异常,新增,基于《工程项目利润创造与造价风险控制》中“项目利润异常”相关内容，固化审计对象在合规性、真实性、绩效性和责任链方面的风险，形成可复核的疑点、规则或指标输出。,项目台账；财务收支明细；合同与审批资料；支付凭证；审计发现清单；绩效指标表；产出效果数据；满意度问卷；工程量清单；结算书,项目利润异常规则编号、规则说明、触发条件、证据资料、处理建议,E:\2026\审计方法&政策文件\_ocr_output\工程\工程项目利润创造与造价风险控制.pdf.md
ECONV6D-001,内部经济责任审计-内部经济责任审计的程序与方法检测算法,算法候选,algorithm,P0,L3,经济责任审计 / 监督检查与经费舞弊,经责/经济责任审计,异常性,fiscal_reviewer / review_sentinel,book,经责,内部经济责任审计,内部经济责任审计的程序与方法,新增,基于《内部经济责任审计》中“内部经济责任审计的程序与方法”相关内容，识别审计对象在合规性、真实性、绩效性和责任链方面的风险，形成可复核的疑点、规则或指标输出。,项目台账；财务收支明细；合同与审批资料；支付凭证；审计发现清单；绩效指标表；产出效果数据；满意度问卷；会议纪要；三重一大事项,内部经济责任审计的程序与方法疑点清单、风险等级、命中规则、涉及金额、核查建议,E:\2026\审计方法&政策文件\_ocr_output\经责\内部经济责任审计.pdf.md
ECONV6D-002,内部经济责任审计-内部经济责任审计特有的调查和分析方法规则包,规则包,rule_pack,P1,L2,经济责任审计 / 监督检查与经费舞弊,经责/经济责任审计,合规性,fiscal_reviewer / review_sentinel,book,经责,内部经济责任审计,内部经济责任审计特有的调查和分析方法,新增,基于《内部经济责任审计》中“内部经济责任审计特有的调查和分析方法”相关内容，固化审计对象在合规性、真实性、绩效性和责任链方面的风险，形成可复核的疑点、规则或指标输出。,项目台账；财务收支明细；合同与审批资料；支付凭证；审计发现清单；绩效指标表；产出效果数据；满意度问卷；会议纪要；三重一大事项,内部经济责任审计特有的调查和分析方法规则编号、规则说明、触发条件、证据资料、处理建议,E:\2026\审计方法&政策文件\_ocr_output\经责\内部经济责任审计.pdf.md
ECONV6D-003,内部经济责任审计-内部经济责任审计评价与责任界定指标包,指标包,indicator_pack,P1,L3,经济责任审计 / 监督检查与经费舞弊,经责/经济责任审计,异常性,fiscal_reviewer / review_sentinel,book,经责,内部经济责任审计,内部经济责任审计评价与责任界定,新增,基于《内部经济责任审计》中“内部经济责任审计评价与责任界定”相关内容，量化评价审计对象在合规性、真实性、绩效性和责任链方面的风险，形成可复核的疑点、规则或指标输出。,项目台账；财务收支明细；合同与审批资料；支付凭证；审计发现清单；绩效指标表；产出效果数据；满意度问卷；会议纪要；三重一大事项,内部经济责任审计评价与责任界定指标名称、指标值、标准值、偏离率、评分和扣分原因,E:\2026\审计方法&政策文件\_ocr_output\经责\内部经济责任审计.pdf.md
ECONV6D-004,内部经济责任审计-内部经济责任审计程序检测算法,算法候选,algorithm,P1,L3,经济责任审计 / 监督检查与经费舞弊,经责/经济责任审计,异常性,fiscal_reviewer / review_sentinel,book,经责,内部经济责任审计,内部经济责任审计程序,新增,基于《内部经济责任审计》中“内部经济责任审计程序”相关内容，识别审计对象在合规性、真实性、绩效性和责任链方面的风险，形成可复核的疑点、规则或指标输出。,项目台账；财务收支明细；合同与审批资料；支付凭证；审计发现清单；绩效指标表；产出效果数据；满意度问卷；会议纪要；三重一大事项,内部经济责任审计程序疑点清单、风险等级、命中规则、涉及金额、核查建议,E:\2026\审计方法&政策文件\_ocr_output\经责\内部经济责任审计.pdf.md
ECONV6D-005,内部经济责任审计-内部经济责任审计总体评价内控核查包,内控包,control_pack,P1,L2,经济责任审计 / 监督检查与经费舞弊,经责/经济责任审计,合规性,fiscal_reviewer / review_sentinel,book,经责,内部经济责任审计,内部经济责任审计总体评价,新增,基于《内部经济责任审计》中“内部经济责任审计总体评价”相关内容，核查审计对象在合规性、真实性、绩效性和责任链方面的风险，形成可复核的疑点、规则或指标输出。,项目台账；财务收支明细；合同与审批资料；支付凭证；审计发现清单；绩效指标表；产出效果数据；满意度问卷；会议纪要；三重一大事项,内部经济责任审计总体评价控制点、缺陷类型、责任环节、整改任务、复核状态,E:\2026\审计方法&政策文件\_ocr_output\经责\内部经济责任审计.pdf.md
ECONV6D-006,内部经济责任审计-内部经济责任审计.pdf规则包,规则包,rule_pack,P1,L2,经济责任审计 / 监督检查与经费舞弊,经责/经济责任审计,合规性,fiscal_reviewer / review_sentinel,book,经责,内部经济责任审计,内部经济责任审计.pdf,新增,基于《内部经济责任审计》中“内部经济责任审计.pdf”相关内容，固化审计对象在合规性、真实性、绩效性和责任链方面的风险，形成可复核的疑点、规则或指标输出。,项目台账；财务收支明细；合同与审批资料；支付凭证；审计发现清单；绩效指标表；产出效果数据；满意度问卷；会议纪要；三重一大事项,内部经济责任审计.pdf规则编号、规则说明、触发条件、证据资料、处理建议,E:\2026\审计方法&政策文件\_ocr_output\经责\内部经济责任审计.pdf.md
ECONV6D-007,内部经济责任审计-内部经济责任审计概述指标包,指标包,indicator_pack,P1,L3,经济责任审计 / 监督检查与经费舞弊,经责/经济责任审计,异常性,fiscal_reviewer / review_sentinel,book,经责,内部经济责任审计,内部经济责任审计概述,新增,基于《内部经济责任审计》中“内部经济责任审计概述”相关内容，量化评价审计对象在合规性、真实性、绩效性和责任链方面的风险，形成可复核的疑点、规则或指标输出。,项目台账；财务收支明细；合同与审批资料；支付凭证；审计发现清单；绩效指标表；产出效果数据；满意度问卷；会议纪要；三重一大事项,内部经济责任审计概述指标名称、指标值、标准值、偏离率、评分和扣分原因,E:\2026\审计方法&政策文件\_ocr_output\经责\内部经济责任审计.pdf.md
ECONV6D-008,内部经济责任审计-内部经济责任审计的必要性与特点证据链包,证据包,evidence_pack,P1,L3,经济责任审计 / 监督检查与经费舞弊,经责/经济责任审计,异常性,fiscal_reviewer / review_sentinel,book,经责,内部经济责任审计,内部经济责任审计的必要性与特点,新增,基于《内部经济责任审计》中“内部经济责任审计的必要性与特点”相关内容，贯通审计对象在合规性、真实性、绩效性和责任链方面的风险，形成可复核的疑点、规则或指标输出。,项目台账；财务收支明细；合同与审批资料；支付凭证；审计发现清单；绩效指标表；产出效果数据；满意度问卷；会议纪要；三重一大事项,内部经济责任审计的必要性与特点证据链节点、证据缺口、访谈对象、底稿索引、结论边界,E:\2026\审计方法&政策文件\_ocr_output\经责\内部经济责任审计.pdf.md
ECONV6D-009,国有企业经济责任审计实务指南-审计评价与责任界定57检测算法,算法候选,algorithm,P0,L3,经济责任审计 / 国企审计 / 监督检查与经费舞弊,经责/经济责任审计,异常性,fiscal_reviewer / review_sentinel,book,经责,国有企业经济责任审计实务指南,审计评价与责任界定57,新增,基于《国有企业经济责任审计实务指南》中“审计评价与责任界定57”相关内容，识别审计对象在合规性、真实性、绩效性和责任链方面的风险，形成可复核的疑点、规则或指标输出。,项目台账；财务收支明细；合同与审批资料；支付凭证；审计发现清单；绩效指标表；产出效果数据；满意度问卷；会议纪要；三重一大事项,审计评价与责任界定57疑点清单、风险等级、命中规则、涉及金额、核查建议,E:\2026\审计方法&政策文件\_ocr_output\经责\国有企业经济责任审计实务指南.pdf.md
ECONV6D-010,国有企业经济责任审计实务指南-审计评价与责任界定66规则包,规则包,rule_pack,P1,L2,经济责任审计 / 国企审计 / 监督检查与经费舞弊,经责/经济责任审计,合规性,fiscal_reviewer / review_sentinel,book,经责,国有企业经济责任审计实务指南,审计评价与责任界定66,新增,基于《国有企业经济责任审计实务指南》中“审计评价与责任界定66”相关内容，固化审计对象在合规性、真实性、绩效性和责任链方面的风险，形成可复核的疑点、规则或指标输出。,项目台账；财务收支明细；合同与审批资料；支付凭证；审计发现清单；绩效指标表；产出效果数据；满意度问卷；会议纪要；三重一大事项,审计评价与责任界定66规则编号、规则说明、触发条件、证据资料、处理建议,E:\2026\审计方法&政策文件\_ocr_output\经责\国有企业经济责任审计实务指南.pdf.md
ECONV6D-011,国有企业经济责任审计实务指南-国有企业经济责任审计实务指南.pdf指标包,指标包,indicator_pack,P1,L3,经济责任审计 / 国企审计 / 监督检查与经费舞弊,经责/经济责任审计,异常性,fiscal_reviewer / review_sentinel,book,经责,国有企业经济责任审计实务指南,国有企业经济责任审计实务指南.pdf,新增,基于《国有企业经济责任审计实务指南》中“国有企业经济责任审计实务指南.pdf”相关内容，量化评价审计对象在合规性、真实性、绩效性和责任链方面的风险，形成可复核的疑点、规则或指标输出。,项目台账；财务收支明细；合同与审批资料；支付凭证；审计发现清单；绩效指标表；产出效果数据；满意度问卷；会议纪要；三重一大事项,国有企业经济责任审计实务指南.pdf指标名称、指标值、标准值、偏离率、评分和扣分原因,E:\2026\审计方法&政策文件\_ocr_output\经责\国有企业经济责任审计实务指南.pdf.md
ECONV6D-012,国有企业经济责任审计实务指南-一般事项审计操作程序23检测算法,算法候选,algorithm,P1,L3,经济责任审计 / 国企审计 / 监督检查与经费舞弊,经责/经济责任审计,异常性,fiscal_reviewer / review_sentinel,book,经责,国有企业经济责任审计实务指南,一般事项审计操作程序23,新增,基于《国有企业经济责任审计实务指南》中“一般事项审计操作程序23”相关内容，识别审计对象在合规性、真实性、绩效性和责任链方面的风险，形成可复核的疑点、规则或指标输出。,项目台账；财务收支明细；合同与审批资料；支付凭证；审计发现清单；绩效指标表；产出效果数据；满意度问卷；会议纪要；三重一大事项,一般事项审计操作程序23疑点清单、风险等级、命中规则、涉及金额、核查建议,E:\2026\审计方法&政策文件\_ocr_output\经责\国有企业经济责任审计实务指南.pdf.md
ECONV6D-013,国有企业经济责任审计实务指南-审计评价内控核查包,内控包,control_pack,P1,L2,经济责任审计 / 国企审计 / 监督检查与经费舞弊,经责/经济责任审计,合规性,fiscal_reviewer / review_sentinel,book,经责,国有企业经济责任审计实务指南,审计评价,新增,基于《国有企业经济责任审计实务指南》中“审计评价”相关内容，核查审计对象在合规性、真实性、绩效性和责任链方面的风险，形成可复核的疑点、规则或指标输出。,项目台账；财务收支明细；合同与审批资料；支付凭证；审计发现清单；绩效指标表；产出效果数据；满意度问卷；会议纪要；三重一大事项,审计评价控制点、缺陷类型、责任环节、整改任务、复核状态,E:\2026\审计方法&政策文件\_ocr_output\经责\国有企业经济责任审计实务指南.pdf.md
ECONV6D-014,国有企业经济责任审计实务指南-审计程序规则包,规则包,rule_pack,P1,L2,经济责任审计 / 国企审计 / 监督检查与经费舞弊,经责/经济责任审计,合规性,fiscal_reviewer / review_sentinel,book,经责,国有企业经济责任审计实务指南,审计程序,新增,基于《国有企业经济责任审计实务指南》中“审计程序”相关内容，固化审计对象在合规性、真实性、绩效性和责任链方面的风险，形成可复核的疑点、规则或指标输出。,项目台账；财务收支明细；合同与审批资料；支付凭证；审计发现清单；绩效指标表；产出效果数据；满意度问卷；会议纪要；三重一大事项,审计程序规则编号、规则说明、触发条件、证据资料、处理建议,E:\2026\审计方法&政策文件\_ocr_output\经责\国有企业经济责任审计实务指南.pdf.md
ECONV6D-015,国有企业经济责任审计实务指南-审计程序64指标包,指标包,indicator_pack,P1,L3,经济责任审计 / 国企审计 / 监督检查与经费舞弊,经责/经济责任审计,异常性,fiscal_reviewer / review_sentinel,book,经责,国有企业经济责任审计实务指南,审计程序64,新增,基于《国有企业经济责任审计实务指南》中“审计程序64”相关内容，量化评价审计对象在合规性、真实性、绩效性和责任链方面的风险，形成可复核的疑点、规则或指标输出。,项目台账；财务收支明细；合同与审批资料；支付凭证；审计发现清单；绩效指标表；产出效果数据；满意度问卷；会议纪要；三重一大事项,审计程序64指标名称、指标值、标准值、偏离率、评分和扣分原因,E:\2026\审计方法&政策文件\_ocr_output\经责\国有企业经济责任审计实务指南.pdf.md
ECONV6D-016,经济责任审计实务-A市国土资源与房屋管理局原局长离任经济责任审计检测算法,算法候选,algorithm,P1,L3,经济责任审计 / 监督检查与经费舞弊,经责/经济责任审计,异常性,fiscal_reviewer / review_sentinel,book,经责,经济责任审计实务,A市国土资源与房屋管理局原局长离任经济责任审计,新增,基于《经济责任审计实务》中“A市国土资源与房屋管理局原局长离任经济责任审计”相关内容，识别审计对象在合规性、真实性、绩效性和责任链方面的风险，形成可复核的疑点、规则或指标输出。,项目台账；财务收支明细；合同与审批资料；支付凭证；审计发现清单；绩效指标表；产出效果数据；满意度问卷；会议纪要；三重一大事项,A市国土资源与房屋管理局原局长离任经济责任审计疑点清单、风险等级、命中规则、涉及金额、核查建议,E:\2026\审计方法&政策文件\_ocr_output\经责\经济责任审计实务.md
ECONV6D-017,经济责任审计实务-b区机关事务管理局局长任期经济责任审计规则包,规则包,rule_pack,P1,L2,经济责任审计 / 监督检查与经费舞弊,经责/经济责任审计,合规性,fiscal_reviewer / review_sentinel,book,经责,经济责任审计实务,b区机关事务管理局局长任期经济责任审计,新增,基于《经济责任审计实务》中“b区机关事务管理局局长任期经济责任审计”相关内容，固化审计对象在合规性、真实性、绩效性和责任链方面的风险，形成可复核的疑点、规则或指标输出。,项目台账；财务收支明细；合同与审批资料；支付凭证；审计发现清单；绩效指标表；产出效果数据；满意度问卷；会议纪要；三重一大事项,b区机关事务管理局局长任期经济责任审计规则编号、规则说明、触发条件、证据资料、处理建议,E:\2026\审计方法&政策文件\_ocr_output\经责\经济责任审计实务.md
ECONV6D-018,经济责任审计实务-d区风景管理局所属6个管理处原处长离任经济责任审计指标包,指标包,indicator_pack,P1,L3,经济责任审计 / 监督检查与经费舞弊,经责/经济责任审计,异常性,fiscal_reviewer / review_sentinel,book,经责,经济责任审计实务,d区风景管理局所属6个管理处原处长离任经济责任审计,新增,基于《经济责任审计实务》中“d区风景管理局所属6个管理处原处长离任经济责任审计”相关内容，量化评价审计对象在合规性、真实性、绩效性和责任链方面的风险，形成可复核的疑点、规则或指标输出。,项目台账；财务收支明细；合同与审批资料；支付凭证；审计发现清单；绩效指标表；产出效果数据；满意度问卷；会议纪要；三重一大事项,d区风景管理局所属6个管理处原处长离任经济责任审计指标名称、指标值、标准值、偏离率、评分和扣分原因,E:\2026\审计方法&政策文件\_ocr_output\经责\经济责任审计实务.md
ECONV6D-019,经济责任审计实务-经济责任审计实务检测算法,算法候选,algorithm,P1,L3,经济责任审计 / 监督检查与经费舞弊,经责/经济责任审计,异常性,fiscal_reviewer / review_sentinel,book,经责,经济责任审计实务,经济责任审计实务,新增,基于《经济责任审计实务》中“经济责任审计实务”相关内容，识别审计对象在合规性、真实性、绩效性和责任链方面的风险，形成可复核的疑点、规则或指标输出。,项目台账；财务收支明细；合同与审批资料；支付凭证；审计发现清单；绩效指标表；产出效果数据；满意度问卷；会议纪要；三重一大事项,经济责任审计实务疑点清单、风险等级、命中规则、涉及金额、核查建议,E:\2026\审计方法&政策文件\_ocr_output\经责\经济责任审计实务.md
ECONV6D-020,经济责任审计实务-A市某区党政主要领导干部经济责任同步审计内控核查包,内控包,control_pack,P1,L2,经济责任审计 / 监督检查与经费舞弊,经责/经济责任审计,合规性,fiscal_reviewer / review_sentinel,book,经责,经济责任审计实务,A市某区党政主要领导干部经济责任同步审计,新增,基于《经济责任审计实务》中“A市某区党政主要领导干部经济责任同步审计”相关内容，核查审计对象在合规性、真实性、绩效性和责任链方面的风险，形成可复核的疑点、规则或指标输出。,项目台账；财务收支明细；合同与审批资料；支付凭证；审计发现清单；绩效指标表；产出效果数据；满意度问卷；会议纪要；三重一大事项,A市某区党政主要领导干部经济责任同步审计控制点、缺陷类型、责任环节、整改任务、复核状态,E:\2026\审计方法&政策文件\_ocr_output\经责\经济责任审计实务.md
ECONV6D-021,经济责任审计实务-A市国土资源与房屋管理局原局长离任经济责任审计检测算法#经责,算法候选,algorithm,P1,L3,经济责任审计 / 监督检查与经费舞弊,经责/经济责任审计,异常性,fiscal_reviewer / review_sentinel,book,经责,经济责任审计实务,A市国土资源与房屋管理局原局长离任经济责任审计,新增,基于《经济责任审计实务》中“A市国土资源与房屋管理局原局长离任经济责任审计”相关内容，识别审计对象在合规性、真实性、绩效性和责任链方面的风险，形成可复核的疑点、规则或指标输出。,项目台账；财务收支明细；合同与审批资料；支付凭证；审计发现清单；绩效指标表；产出效果数据；满意度问卷；会议纪要；三重一大事项,A市国土资源与房屋管理局原局长离任经济责任审计疑点清单、风险等级、命中规则、涉及金额、核查建议,E:\2026\审计方法&政策文件\_ocr_output\经责\经济责任审计实务.pdf.md
ECONV6D-022,经济责任审计实务-b区机关事务管理局局长任期经济责任审计规则包#经责,规则包,rule_pack,P1,L2,经济责任审计 / 监督检查与经费舞弊,经责/经济责任审计,合规性,fiscal_reviewer / review_sentinel,book,经责,经济责任审计实务,b区机关事务管理局局长任期经济责任审计,新增,基于《经济责任审计实务》中“b区机关事务管理局局长任期经济责任审计”相关内容，固化审计对象在合规性、真实性、绩效性和责任链方面的风险，形成可复核的疑点、规则或指标输出。,项目台账；财务收支明细；合同与审批资料；支付凭证；审计发现清单；绩效指标表；产出效果数据；满意度问卷；会议纪要；三重一大事项,b区机关事务管理局局长任期经济责任审计规则编号、规则说明、触发条件、证据资料、处理建议,E:\2026\审计方法&政策文件\_ocr_output\经责\经济责任审计实务.pdf.md
ECONV6D-023,经济责任审计实务-d区风景管理局所属6个管理处原处长离任经济责任审计指标包#经责,指标包,indicator_pack,P1,L3,经济责任审计 / 监督检查与经费舞弊,经责/经济责任审计,异常性,fiscal_reviewer / review_sentinel,book,经责,经济责任审计实务,d区风景管理局所属6个管理处原处长离任经济责任审计,新增,基于《经济责任审计实务》中“d区风景管理局所属6个管理处原处长离任经济责任审计”相关内容，量化评价审计对象在合规性、真实性、绩效性和责任链方面的风险，形成可复核的疑点、规则或指标输出。,项目台账；财务收支明细；合同与审批资料；支付凭证；审计发现清单；绩效指标表；产出效果数据；满意度问卷；会议纪要；三重一大事项,d区风景管理局所属6个管理处原处长离任经济责任审计指标名称、指标值、标准值、偏离率、评分和扣分原因,E:\2026\审计方法&政策文件\_ocr_output\经责\经济责任审计实务.pdf.md
ECONV6D-024,经济责任审计实务-经济责任审计实务.pdf检测算法,算法候选,algorithm,P1,L3,经济责任审计 / 监督检查与经费舞弊,经责/经济责任审计,异常性,fiscal_reviewer / review_sentinel,book,经责,经济责任审计实务,经济责任审计实务.pdf,新增,基于《经济责任审计实务》中“经济责任审计实务.pdf”相关内容，识别审计对象在合规性、真实性、绩效性和责任链方面的风险，形成可复核的疑点、规则或指标输出。,项目台账；财务收支明细；合同与审批资料；支付凭证；审计发现清单；绩效指标表；产出效果数据；满意度问卷；会议纪要；三重一大事项,经济责任审计实务.pdf疑点清单、风险等级、命中规则、涉及金额、核查建议,E:\2026\审计方法&政策文件\_ocr_output\经责\经济责任审计实务.pdf.md
ECONV6D-025,经济责任审计实务-A市某区党政主要领导干部经济责任同步审计内控核查包#经责,内控包,control_pack,P1,L2,经济责任审计 / 监督检查与经费舞弊,经责/经济责任审计,合规性,fiscal_reviewer / review_sentinel,book,经责,经济责任审计实务,A市某区党政主要领导干部经济责任同步审计,新增,基于《经济责任审计实务》中“A市某区党政主要领导干部经济责任同步审计”相关内容，核查审计对象在合规性、真实性、绩效性和责任链方面的风险，形成可复核的疑点、规则或指标输出。,项目台账；财务收支明细；合同与审批资料；支付凭证；审计发现清单；绩效指标表；产出效果数据；满意度问卷；会议纪要；三重一大事项,A市某区党政主要领导干部经济责任同步审计控制点、缺陷类型、责任环节、整改任务、复核状态,E:\2026\审计方法&政策文件\_ocr_output\经责\经济责任审计实务.pdf.md
ECONV6D-026,行政单位经济责任审计实务指南-审计评价与责任界定47检测算法,算法候选,algorithm,P0,L3,经济责任审计 / 预算执行与财政管理 / 监督检查与经费舞弊,经责/经济责任审计,异常性,fiscal_reviewer / review_sentinel,book,经责,行政单位经济责任审计实务指南,审计评价与责任界定47,新增,基于《行政单位经济责任审计实务指南》中“审计评价与责任界定47”相关内容，识别审计对象在合规性、真实性、绩效性和责任链方面的风险，形成可复核的疑点、规则或指标输出。,项目台账；财务收支明细；合同与审批资料；支付凭证；审计发现清单；绩效指标表；产出效果数据；满意度问卷；会议纪要；三重一大事项,审计评价与责任界定47疑点清单、风险等级、命中规则、涉及金额、核查建议,E:\2026\审计方法&政策文件\_ocr_output\经责\行政单位经济责任审计实务指南.pdf.md
ECONV6D-027,行政单位经济责任审计实务指南-审计评价与责任界定规则包,规则包,rule_pack,P1,L2,经济责任审计 / 预算执行与财政管理 / 监督检查与经费舞弊,经责/经济责任审计,合规性,fiscal_reviewer / review_sentinel,book,经责,行政单位经济责任审计实务指南,审计评价与责任界定,新增,基于《行政单位经济责任审计实务指南》中“审计评价与责任界定”相关内容，固化审计对象在合规性、真实性、绩效性和责任链方面的风险，形成可复核的疑点、规则或指标输出。,项目台账；财务收支明细；合同与审批资料；支付凭证；审计发现清单；绩效指标表；产出效果数据；满意度问卷；会议纪要；三重一大事项,审计评价与责任界定规则编号、规则说明、触发条件、证据资料、处理建议,E:\2026\审计方法&政策文件\_ocr_output\经责\行政单位经济责任审计实务指南.pdf.md
ECONV6D-028,行政单位经济责任审计实务指南-行政单位经济责任审计实务指南.pdf指标包,指标包,indicator_pack,P1,L3,经济责任审计 / 预算执行与财政管理 / 监督检查与经费舞弊,经责/经济责任审计,异常性,fiscal_reviewer / review_sentinel,book,经责,行政单位经济责任审计实务指南,行政单位经济责任审计实务指南.pdf,新增,基于《行政单位经济责任审计实务指南》中“行政单位经济责任审计实务指南.pdf”相关内容，量化评价审计对象在合规性、真实性、绩效性和责任链方面的风险，形成可复核的疑点、规则或指标输出。,项目台账；财务收支明细；合同与审批资料；支付凭证；审计发现清单；绩效指标表；产出效果数据；满意度问卷；会议纪要；三重一大事项,行政单位经济责任审计实务指南.pdf指标名称、指标值、标准值、偏离率、评分和扣分原因,E:\2026\审计方法&政策文件\_ocr_output\经责\行政单位经济责任审计实务指南.pdf.md
ECONV6D-029,行政单位经济责任审计实务指南-一般事项审计操作程序检测算法,算法候选,algorithm,P1,L3,经济责任审计 / 预算执行与财政管理 / 监督检查与经费舞弊,经责/经济责任审计,异常性,fiscal_reviewer / review_sentinel,book,经责,行政单位经济责任审计实务指南,一般事项审计操作程序,新增,基于《行政单位经济责任审计实务指南》中“一般事项审计操作程序”相关内容，识别审计对象在合规性、真实性、绩效性和责任链方面的风险，形成可复核的疑点、规则或指标输出。,项目台账；财务收支明细；合同与审批资料；支付凭证；审计发现清单；绩效指标表；产出效果数据；满意度问卷；会议纪要；三重一大事项,一般事项审计操作程序疑点清单、风险等级、命中规则、涉及金额、核查建议,E:\2026\审计方法&政策文件\_ocr_output\经责\行政单位经济责任审计实务指南.pdf.md
ECONV6D-030,行政单位经济责任审计实务指南-审计评价32内控核查包,内控包,control_pack,P1,L2,经济责任审计 / 预算执行与财政管理 / 监督检查与经费舞弊,经责/经济责任审计,合规性,fiscal_reviewer / review_sentinel,book,经责,行政单位经济责任审计实务指南,审计评价32,新增,基于《行政单位经济责任审计实务指南》中“审计评价32”相关内容，核查审计对象在合规性、真实性、绩效性和责任链方面的风险，形成可复核的疑点、规则或指标输出。,项目台账；财务收支明细；合同与审批资料；支付凭证；审计发现清单；绩效指标表；产出效果数据；满意度问卷；会议纪要；三重一大事项,审计评价32控制点、缺陷类型、责任环节、整改任务、复核状态,E:\2026\审计方法&政策文件\_ocr_output\经责\行政单位经济责任审计实务指南.pdf.md
ECONV6D-031,行政单位经济责任审计实务指南-审计内容和方法规则包,规则包,rule_pack,P1,L2,经济责任审计 / 预算执行与财政管理 / 监督检查与经费舞弊,经责/经济责任审计,合规性,fiscal_reviewer / review_sentinel,book,经责,行政单位经济责任审计实务指南,审计内容和方法,新增,基于《行政单位经济责任审计实务指南》中“审计内容和方法”相关内容，固化审计对象在合规性、真实性、绩效性和责任链方面的风险，形成可复核的疑点、规则或指标输出。,项目台账；财务收支明细；合同与审批资料；支付凭证；审计发现清单；绩效指标表；产出效果数据；满意度问卷；会议纪要；三重一大事项,审计内容和方法规则编号、规则说明、触发条件、证据资料、处理建议,E:\2026\审计方法&政策文件\_ocr_output\经责\行政单位经济责任审计实务指南.pdf.md
ENVV6D-001,领导干部自然资源资产离任审计实务与操作指引-大数据审计方法检测算法,算法候选,algorithm,P0,L3,经济责任审计 / 资源环境审计 / 监督检查与经费舞弊,经责/经济责任审计,异常性,fiscal_reviewer / review_sentinel,book,经责,领导干部自然资源资产离任审计实务与操作指引,大数据审计方法,新增,基于《领导干部自然资源资产离任审计实务与操作指引》中“大数据审计方法”相关内容，识别审计对象在合规性、真实性、绩效性和责任链方面的风险，形成可复核的疑点、规则或指标输出。,项目台账；财务收支明细；合同与审批资料；支付凭证；审计发现清单；会议纪要；三重一大事项；责任人岗位信息；遥感图斑；自然资源审批,大数据审计方法疑点清单、风险等级、命中规则、涉及金额、核查建议,E:\2026\审计方法&政策文件\_ocr_output\经责\领导干部自然资源资产离任审计实务与操作指引.pdf.md
ENVV6D-002,领导干部自然资源资产离任审计实务与操作指引-自然资源资产质量的评价方法规则包,规则包,rule_pack,P1,L2,经济责任审计 / 资源环境审计 / 监督检查与经费舞弊,经责/经济责任审计,合规性,fiscal_reviewer / review_sentinel,book,经责,领导干部自然资源资产离任审计实务与操作指引,自然资源资产质量的评价方法,新增,基于《领导干部自然资源资产离任审计实务与操作指引》中“自然资源资产质量的评价方法”相关内容，固化审计对象在合规性、真实性、绩效性和责任链方面的风险，形成可复核的疑点、规则或指标输出。,项目台账；财务收支明细；合同与审批资料；支付凭证；审计发现清单；会议纪要；三重一大事项；责任人岗位信息；遥感图斑；自然资源审批,自然资源资产质量的评价方法规则编号、规则说明、触发条件、证据资料、处理建议,E:\2026\审计方法&政策文件\_ocr_output\经责\领导干部自然资源资产离任审计实务与操作指引.pdf.md
ENVV6D-003,领导干部自然资源资产离任审计实务与操作指引-资金及项目审计操作指引…指标包,指标包,indicator_pack,P1,L3,经济责任审计 / 资源环境审计 / 监督检查与经费舞弊,经责/经济责任审计,异常性,fiscal_reviewer / review_sentinel,book,经责,领导干部自然资源资产离任审计实务与操作指引,资金及项目审计操作指引…,新增,基于《领导干部自然资源资产离任审计实务与操作指引》中“资金及项目审计操作指引…”相关内容，量化评价审计对象在合规性、真实性、绩效性和责任链方面的风险，形成可复核的疑点、规则或指标输出。,项目台账；财务收支明细；合同与审批资料；支付凭证；审计发现清单；会议纪要；三重一大事项；责任人岗位信息；遥感图斑；自然资源审批,资金及项目审计操作指引…指标名称、指标值、标准值、偏离率、评分和扣分原因,E:\2026\审计方法&政策文件\_ocr_output\经责\领导干部自然资源资产离任审计实务与操作指引.pdf.md
ENVV6D-004,领导干部自然资源资产离任审计实务与操作指引-指标评价法检测算法,算法候选,algorithm,P1,L3,经济责任审计 / 资源环境审计 / 监督检查与经费舞弊,经责/经济责任审计,异常性,fiscal_reviewer / review_sentinel,book,经责,领导干部自然资源资产离任审计实务与操作指引,指标评价法,新增,基于《领导干部自然资源资产离任审计实务与操作指引》中“指标评价法”相关内容，识别审计对象在合规性、真实性、绩效性和责任链方面的风险，形成可复核的疑点、规则或指标输出。,项目台账；财务收支明细；合同与审批资料；支付凭证；审计发现清单；会议纪要；三重一大事项；责任人岗位信息；遥感图斑；自然资源审批,指标评价法疑点清单、风险等级、命中规则、涉及金额、核查建议,E:\2026\审计方法&政策文件\_ocr_output\经责\领导干部自然资源资产离任审计实务与操作指引.pdf.md
ENVV6D-005,领导干部自然资源资产离任审计实务与操作指引-权责事项矩阵内控核查包,内控包,control_pack,P1,L2,经济责任审计 / 资源环境审计 / 监督检查与经费舞弊,经责/经济责任审计,合规性,fiscal_reviewer / review_sentinel,book,经责,领导干部自然资源资产离任审计实务与操作指引,权责事项矩阵,新增,基于《领导干部自然资源资产离任审计实务与操作指引》中“权责事项矩阵”相关内容，核查审计对象在合规性、真实性、绩效性和责任链方面的风险，形成可复核的疑点、规则或指标输出。,项目台账；财务收支明细；合同与审批资料；支付凭证；审计发现清单；会议纪要；三重一大事项；责任人岗位信息；遥感图斑；自然资源审批,权责事项矩阵控制点、缺陷类型、责任环节、整改任务、复核状态,E:\2026\审计方法&政策文件\_ocr_output\经责\领导干部自然资源资产离任审计实务与操作指引.pdf.md
ENVV6D-006,领导干部自然资源资产离任审计实务与操作指引-重大决策程序规则包,规则包,rule_pack,P1,L2,经济责任审计 / 资源环境审计 / 监督检查与经费舞弊,经责/经济责任审计,合规性,fiscal_reviewer / review_sentinel,book,经责,领导干部自然资源资产离任审计实务与操作指引,重大决策程序,新增,基于《领导干部自然资源资产离任审计实务与操作指引》中“重大决策程序”相关内容，固化审计对象在合规性、真实性、绩效性和责任链方面的风险，形成可复核的疑点、规则或指标输出。,项目台账；财务收支明细；合同与审批资料；支付凭证；审计发现清单；会议纪要；三重一大事项；责任人岗位信息；遥感图斑；自然资源审批,重大决策程序规则编号、规则说明、触发条件、证据资料、处理建议,E:\2026\审计方法&政策文件\_ocr_output\经责\领导干部自然资源资产离任审计实务与操作指引.pdf.md
ENVV6D-007,领导干部自然资源资产离任审计实务与操作指引-自然资源资产离任指标包,指标包,indicator_pack,P1,L3,经济责任审计 / 资源环境审计 / 监督检查与经费舞弊,经责/经济责任审计,异常性,fiscal_reviewer / review_sentinel,book,经责,领导干部自然资源资产离任审计实务与操作指引,自然资源资产离任,新增,基于《领导干部自然资源资产离任审计实务与操作指引》中“自然资源资产离任”相关内容，量化评价审计对象在合规性、真实性、绩效性和责任链方面的风险，形成可复核的疑点、规则或指标输出。,项目台账；财务收支明细；合同与审批资料；支付凭证；审计发现清单；会议纪要；三重一大事项；责任人岗位信息；遥感图斑；自然资源审批,自然资源资产离任指标名称、指标值、标准值、偏离率、评分和扣分原因,E:\2026\审计方法&政策文件\_ocr_output\经责\领导干部自然资源资产离任审计实务与操作指引.pdf.md
ENVV6D-008,领导干部自然资源资产离任审计实务与操作指引-国企经责损失责任证据链包,证据包,evidence_pack,P1,L3,经济责任审计 / 资源环境审计 / 监督检查与经费舞弊,经责/经济责任审计,异常性,fiscal_reviewer / review_sentinel,book,经责,领导干部自然资源资产离任审计实务与操作指引,国企经责损失责任,新增,基于《领导干部自然资源资产离任审计实务与操作指引》中“国企经责损失责任”相关内容，贯通审计对象在合规性、真实性、绩效性和责任链方面的风险，形成可复核的疑点、规则或指标输出。,项目台账；财务收支明细；合同与审批资料；支付凭证；审计发现清单；会议纪要；三重一大事项；责任人岗位信息；遥感图斑；自然资源审批,国企经责损失责任证据链节点、证据缺口、访谈对象、底稿索引、结论边界,E:\2026\审计方法&政策文件\_ocr_output\经责\领导干部自然资源资产离任审计实务与操作指引.pdf.md
ENVV6D-009,领导干部自然资源资产离任审计常见问题定性与评价指南-领导干部自然资源资产离任审计常见问题定性与评价指南.pd检测算法,算法候选,algorithm,P1,L3,经济责任审计 / 资源环境审计 / 监督检查与经费舞弊,经责/经济责任审计,异常性,fiscal_reviewer / review_sentinel,book,经责,领导干部自然资源资产离任审计常见问题定性与评价指南,领导干部自然资源资产离任审计常见问题定性与评价指南.pd,新增,基于《领导干部自然资源资产离任审计常见问题定性与评价指南》中“领导干部自然资源资产离任审计常见问题定性与评价指南.pd”相关内容，识别审计对象在合规性、真实性、绩效性和责任链方面的风险，形成可复核的疑点、规则或指标输出。,项目台账；财务收支明细；合同与审批资料；支付凭证；审计发现清单；绩效指标表；产出效果数据；满意度问卷；会议纪要；三重一大事项,领导干部自然资源资产离任审计常见问题定性与评价指南.pd疑点清单、风险等级、命中规则、涉及金额、核查建议,E:\2026\审计方法&政策文件\_ocr_output\经责\领导干部自然资源资产离任审计常见问题定性与评价指南.pdf.md
ENVV6D-010,领导干部自然资源资产离任审计常见问题定性与评价指南-保障性安居工程用地指标常见问题规则包,规则包,rule_pack,P1,L2,经济责任审计 / 资源环境审计 / 监督检查与经费舞弊,经责/经济责任审计,合规性,fiscal_reviewer / review_sentinel,book,经责,领导干部自然资源资产离任审计常见问题定性与评价指南,保障性安居工程用地指标常见问题,新增,基于《领导干部自然资源资产离任审计常见问题定性与评价指南》中“保障性安居工程用地指标常见问题”相关内容，固化审计对象在合规性、真实性、绩效性和责任链方面的风险，形成可复核的疑点、规则或指标输出。,项目台账；财务收支明细；合同与审批资料；支付凭证；审计发现清单；绩效指标表；产出效果数据；满意度问卷；工程量清单；结算书,保障性安居工程用地指标常见问题规则编号、规则说明、触发条件、证据资料、处理建议,E:\2026\审计方法&政策文件\_ocr_output\经责\领导干部自然资源资产离任审计常见问题定性与评价指南.pdf.md
ENVV6D-011,领导干部自然资源资产离任审计常见问题定性与评价指南-监督考核常见问题指标包,指标包,indicator_pack,P1,L3,经济责任审计 / 资源环境审计 / 监督检查与经费舞弊,经责/经济责任审计,异常性,fiscal_reviewer / review_sentinel,book,经责,领导干部自然资源资产离任审计常见问题定性与评价指南,监督考核常见问题,新增,基于《领导干部自然资源资产离任审计常见问题定性与评价指南》中“监督考核常见问题”相关内容，量化评价审计对象在合规性、真实性、绩效性和责任链方面的风险，形成可复核的疑点、规则或指标输出。,项目台账；财务收支明细；合同与审批资料；支付凭证；审计发现清单；绩效指标表；产出效果数据；满意度问卷；会议纪要；三重一大事项,监督考核常见问题指标名称、指标值、标准值、偏离率、评分和扣分原因,E:\2026\审计方法&政策文件\_ocr_output\经责\领导干部自然资源资产离任审计常见问题定性与评价指南.pdf.md
ENVV6D-012,领导干部自然资源资产离任审计常见问题定性与评价指南-土地资源资产管理、节约资源和生态环境保护约束性指标及目标检测算法,算法候选,algorithm,P1,L3,经济责任审计 / 资源环境审计 / 监督检查与经费舞弊,经责/经济责任审计,异常性,fiscal_reviewer / review_sentinel,book,经责,领导干部自然资源资产离任审计常见问题定性与评价指南,土地资源资产管理、节约资源和生态环境保护约束性指标及目标,新增,基于《领导干部自然资源资产离任审计常见问题定性与评价指南》中“土地资源资产管理、节约资源和生态环境保护约束性指标及目标”相关内容，识别审计对象在合规性、真实性、绩效性和责任链方面的风险，形成可复核的疑点、规则或指标输出。,项目台账；财务收支明细；合同与审批资料；支付凭证；审计发现清单；绩效指标表；产出效果数据；满意度问卷；会议纪要；三重一大事项,土地资源资产管理、节约资源和生态环境保护约束性指标及目标疑点清单、风险等级、命中规则、涉及金额、核查建议,E:\2026\审计方法&政策文件\_ocr_output\经责\领导干部自然资源资产离任审计常见问题定性与评价指南.pdf.md
ENVV6D-013,领导干部自然资源资产离任审计常见问题定性与评价指南-耕地保有量指标常见问题内控核查包,内控包,control_pack,P1,L2,经济责任审计 / 资源环境审计 / 监督检查与经费舞弊,经责/经济责任审计,合规性,fiscal_reviewer / review_sentinel,book,经责,领导干部自然资源资产离任审计常见问题定性与评价指南,耕地保有量指标常见问题,新增,基于《领导干部自然资源资产离任审计常见问题定性与评价指南》中“耕地保有量指标常见问题”相关内容，核查审计对象在合规性、真实性、绩效性和责任链方面的风险，形成可复核的疑点、规则或指标输出。,项目台账；财务收支明细；合同与审批资料；支付凭证；审计发现清单；绩效指标表；产出效果数据；满意度问卷；会议纪要；三重一大事项,耕地保有量指标常见问题控制点、缺陷类型、责任环节、整改任务、复核状态,E:\2026\审计方法&政策文件\_ocr_output\经责\领导干部自然资源资产离任审计常见问题定性与评价指南.pdf.md
ENVV6D-014,领导干部自然资源资产离任审计常见问题定性与评价指南-基本农田保护面积指标常见问题规则包,规则包,rule_pack,P1,L2,经济责任审计 / 资源环境审计 / 监督检查与经费舞弊,经责/经济责任审计,合规性,fiscal_reviewer / review_sentinel,book,经责,领导干部自然资源资产离任审计常见问题定性与评价指南,基本农田保护面积指标常见问题,新增,基于《领导干部自然资源资产离任审计常见问题定性与评价指南》中“基本农田保护面积指标常见问题”相关内容，固化审计对象在合规性、真实性、绩效性和责任链方面的风险，形成可复核的疑点、规则或指标输出。,项目台账；财务收支明细；合同与审批资料；支付凭证；审计发现清单；绩效指标表；产出效果数据；满意度问卷；会议纪要；三重一大事项,基本农田保护面积指标常见问题规则编号、规则说明、触发条件、证据资料、处理建议,E:\2026\审计方法&政策文件\_ocr_output\经责\领导干部自然资源资产离任审计常见问题定性与评价指南.pdf.md
ECONV6D-032,高校领导干部经济责任审计指南-审计程序与方法检测算法,算法候选,algorithm,P0,L3,经济责任审计 / 预算执行与财政管理 / 监督检查与经费舞弊,经责/经济责任审计,异常性,fiscal_reviewer / review_sentinel,book,经责,高校领导干部经济责任审计指南,审计程序与方法,新增,基于《高校领导干部经济责任审计指南》中“审计程序与方法”相关内容，识别审计对象在合规性、真实性、绩效性和责任链方面的风险，形成可复核的疑点、规则或指标输出。,项目台账；财务收支明细；合同与审批资料；支付凭证；审计发现清单；预算批复表；预算调整表；绩效目标表；会议纪要；三重一大事项,审计程序与方法疑点清单、风险等级、命中规则、涉及金额、核查建议,E:\2026\审计方法&政策文件\_ocr_output\经责\高校领导干部经济责任审计指南.pdf.md
ECONV6D-033,高校领导干部经济责任审计指南-高校领导干部经济责任审计指南.pdf规则包,规则包,rule_pack,P1,L2,经济责任审计 / 预算执行与财政管理 / 监督检查与经费舞弊,经责/经济责任审计,合规性,fiscal_reviewer / review_sentinel,book,经责,高校领导干部经济责任审计指南,高校领导干部经济责任审计指南.pdf,新增,基于《高校领导干部经济责任审计指南》中“高校领导干部经济责任审计指南.pdf”相关内容，固化审计对象在合规性、真实性、绩效性和责任链方面的风险，形成可复核的疑点、规则或指标输出。,项目台账；财务收支明细；合同与审批资料；支付凭证；审计发现清单；预算批复表；预算调整表；绩效目标表；会议纪要；三重一大事项,高校领导干部经济责任审计指南.pdf规则编号、规则说明、触发条件、证据资料、处理建议,E:\2026\审计方法&政策文件\_ocr_output\经责\高校领导干部经济责任审计指南.pdf.md
ECONV6D-034,高校领导干部经济责任审计指南-高校领导干部经济责任审计概述指标包,指标包,indicator_pack,P1,L3,经济责任审计 / 预算执行与财政管理 / 监督检查与经费舞弊,经责/经济责任审计,异常性,fiscal_reviewer / review_sentinel,book,经责,高校领导干部经济责任审计指南,高校领导干部经济责任审计概述,新增,基于《高校领导干部经济责任审计指南》中“高校领导干部经济责任审计概述”相关内容，量化评价审计对象在合规性、真实性、绩效性和责任链方面的风险，形成可复核的疑点、规则或指标输出。,项目台账；财务收支明细；合同与审批资料；支付凭证；审计发现清单；预算批复表；预算调整表；绩效目标表；会议纪要；三重一大事项,高校领导干部经济责任审计概述指标名称、指标值、标准值、偏离率、评分和扣分原因,E:\2026\审计方法&政策文件\_ocr_output\经责\高校领导干部经济责任审计指南.pdf.md
ECONV6D-035,高校领导干部经济责任审计指南-高校领导干部经济责任审计背景检测算法,算法候选,algorithm,P1,L3,经济责任审计 / 预算执行与财政管理 / 监督检查与经费舞弊,经责/经济责任审计,异常性,fiscal_reviewer / review_sentinel,book,经责,高校领导干部经济责任审计指南,高校领导干部经济责任审计背景,新增,基于《高校领导干部经济责任审计指南》中“高校领导干部经济责任审计背景”相关内容，识别审计对象在合规性、真实性、绩效性和责任链方面的风险，形成可复核的疑点、规则或指标输出。,项目台账；财务收支明细；合同与审批资料；支付凭证；审计发现清单；预算批复表；预算调整表；绩效目标表；会议纪要；三重一大事项,高校领导干部经济责任审计背景疑点清单、风险等级、命中规则、涉及金额、核查建议,E:\2026\审计方法&政策文件\_ocr_output\经责\高校领导干部经济责任审计指南.pdf.md
ECONV6D-036,高校领导干部经济责任审计指南-领导干部经济责任审计开展情况·内控核查包,内控包,control_pack,P1,L2,经济责任审计 / 预算执行与财政管理 / 监督检查与经费舞弊,经责/经济责任审计,合规性,fiscal_reviewer / review_sentinel,book,经责,高校领导干部经济责任审计指南,领导干部经济责任审计开展情况·,新增,基于《高校领导干部经济责任审计指南》中“领导干部经济责任审计开展情况·”相关内容，核查审计对象在合规性、真实性、绩效性和责任链方面的风险，形成可复核的疑点、规则或指标输出。,项目台账；财务收支明细；合同与审批资料；支付凭证；审计发现清单；预算批复表；预算调整表；绩效目标表；会议纪要；三重一大事项,领导干部经济责任审计开展情况·控制点、缺陷类型、责任环节、整改任务、复核状态,E:\2026\审计方法&政策文件\_ocr_output\经责\高校领导干部经济责任审计指南.pdf.md
ECONV6D-037,高校领导干部经济责任审计指南-高校领导干部经济责任审计的必要性·…·规则包,规则包,rule_pack,P1,L2,经济责任审计 / 预算执行与财政管理 / 监督检查与经费舞弊,经责/经济责任审计,合规性,fiscal_reviewer / review_sentinel,book,经责,高校领导干部经济责任审计指南,高校领导干部经济责任审计的必要性·…·,新增,基于《高校领导干部经济责任审计指南》中“高校领导干部经济责任审计的必要性·…·”相关内容，固化审计对象在合规性、真实性、绩效性和责任链方面的风险，形成可复核的疑点、规则或指标输出。,项目台账；财务收支明细；合同与审批资料；支付凭证；审计发现清单；预算批复表；预算调整表；绩效目标表；会议纪要；三重一大事项,高校领导干部经济责任审计的必要性·…·规则编号、规则说明、触发条件、证据资料、处理建议,E:\2026\审计方法&政策文件\_ocr_output\经责\高校领导干部经济责任审计指南.pdf.md
ECONV6D-038,高校领导干部经济责任审计指南-高校领导干部经济责任审计指标包,指标包,indicator_pack,P1,L3,经济责任审计 / 预算执行与财政管理 / 监督检查与经费舞弊,经责/经济责任审计,异常性,fiscal_reviewer / review_sentinel,book,经责,高校领导干部经济责任审计指南,高校领导干部经济责任审计,新增,基于《高校领导干部经济责任审计指南》中“高校领导干部经济责任审计”相关内容，量化评价审计对象在合规性、真实性、绩效性和责任链方面的风险，形成可复核的疑点、规则或指标输出。,项目台账；财务收支明细；合同与审批资料；支付凭证；审计发现清单；预算批复表；预算调整表；绩效目标表；会议纪要；三重一大事项,高校领导干部经济责任审计指标名称、指标值、标准值、偏离率、评分和扣分原因,E:\2026\审计方法&政策文件\_ocr_output\经责\高校领导干部经济责任审计指南.pdf.md
PERFV6D-001,中国财政支出政策绩效评价体系研究-财政支出政策绩效评价的现实意义与理论分析检测算法,算法候选,algorithm,P0,L3,绩效评价 / 预算执行与财政管理 / 财政与政府债务,绩效/绩效评价,绩效偏离,performance_evaluator / budget_estimator,book,绩效,中国财政支出政策绩效评价体系研究,财政支出政策绩效评价的现实意义与理论分析,新增,基于《中国财政支出政策绩效评价体系研究》中“财政支出政策绩效评价的现实意义与理论分析”相关内容，识别审计对象在合规性、真实性、绩效性和责任链方面的风险，形成可复核的疑点、规则或指标输出。,项目台账；财务收支明细；合同与审批资料；支付凭证；审计发现清单；预算批复表；预算调整表；绩效目标表；绩效指标表；产出效果数据,财政支出政策绩效评价的现实意义与理论分析疑点清单、风险等级、命中规则、涉及金额、核查建议,E:\2026\审计方法&政策文件\_ocr_output\绩效\中国财政支出政策绩效评价体系研究.pdf.md
PERFV6D-002,中国财政支出政策绩效评价体系研究-中国财政支出政策绩效评价的成效与问题规则包,规则包,rule_pack,P1,L2,绩效评价 / 预算执行与财政管理 / 财政与政府债务,绩效/绩效评价,合规性,performance_evaluator / budget_estimator,book,绩效,中国财政支出政策绩效评价体系研究,中国财政支出政策绩效评价的成效与问题,新增,基于《中国财政支出政策绩效评价体系研究》中“中国财政支出政策绩效评价的成效与问题”相关内容，固化审计对象在合规性、真实性、绩效性和责任链方面的风险，形成可复核的疑点、规则或指标输出。,项目台账；财务收支明细；合同与审批资料；支付凭证；审计发现清单；预算批复表；预算调整表；绩效目标表；绩效指标表；产出效果数据,中国财政支出政策绩效评价的成效与问题规则编号、规则说明、触发条件、证据资料、处理建议,E:\2026\审计方法&政策文件\_ocr_output\绩效\中国财政支出政策绩效评价体系研究.pdf.md
PERFV6D-003,中国财政支出政策绩效评价体系研究-中国财政支出政策绩效评价的方法体系指标包,指标包,indicator_pack,P1,L3,绩效评价 / 预算执行与财政管理 / 财政与政府债务,绩效/绩效评价,绩效偏离,performance_evaluator / budget_estimator,book,绩效,中国财政支出政策绩效评价体系研究,中国财政支出政策绩效评价的方法体系,新增,基于《中国财政支出政策绩效评价体系研究》中“中国财政支出政策绩效评价的方法体系”相关内容，量化评价审计对象在合规性、真实性、绩效性和责任链方面的风险，形成可复核的疑点、规则或指标输出。,项目台账；财务收支明细；合同与审批资料；支付凭证；审计发现清单；预算批复表；预算调整表；绩效目标表；绩效指标表；产出效果数据,中国财政支出政策绩效评价的方法体系指标名称、指标值、标准值、偏离率、评分和扣分原因,E:\2026\审计方法&政策文件\_ocr_output\绩效\中国财政支出政策绩效评价体系研究.pdf.md
PERFV6D-004,中国财政支出政策绩效评价体系研究-财政支出政策绩效评价的现实意义与理论分析|5检测算法,算法候选,algorithm,P1,L3,绩效评价 / 预算执行与财政管理 / 财政与政府债务,绩效/绩效评价,绩效偏离,performance_evaluator / budget_estimator,book,绩效,中国财政支出政策绩效评价体系研究,财政支出政策绩效评价的现实意义与理论分析|5,新增,基于《中国财政支出政策绩效评价体系研究》中“财政支出政策绩效评价的现实意义与理论分析|5”相关内容，识别审计对象在合规性、真实性、绩效性和责任链方面的风险，形成可复核的疑点、规则或指标输出。,项目台账；财务收支明细；合同与审批资料；支付凭证；审计发现清单；预算批复表；预算调整表；绩效目标表；绩效指标表；产出效果数据,财政支出政策绩效评价的现实意义与理论分析|5疑点清单、风险等级、命中规则、涉及金额、核查建议,E:\2026\审计方法&政策文件\_ocr_output\绩效\中国财政支出政策绩效评价体系研究.pdf.md
PERFV6D-005,中国财政支出政策绩效评价体系研究-中国财政支出政策绩效评价体系研究.pdf内控核查包,内控包,control_pack,P1,L2,绩效评价 / 预算执行与财政管理 / 财政与政府债务,绩效/绩效评价,合规性,performance_evaluator / budget_estimator,book,绩效,中国财政支出政策绩效评价体系研究,中国财政支出政策绩效评价体系研究.pdf,新增,基于《中国财政支出政策绩效评价体系研究》中“中国财政支出政策绩效评价体系研究.pdf”相关内容，核查审计对象在合规性、真实性、绩效性和责任链方面的风险，形成可复核的疑点、规则或指标输出。,项目台账；财务收支明细；合同与审批资料；支付凭证；审计发现清单；预算批复表；预算调整表；绩效目标表；绩效指标表；产出效果数据,中国财政支出政策绩效评价体系研究.pdf控制点、缺陷类型、责任环节、整改任务、复核状态,E:\2026\审计方法&政策文件\_ocr_output\绩效\中国财政支出政策绩效评价体系研究.pdf.md
PERFV6D-006,中国财政支出政策绩效评价体系研究-财政支出政策绩效评价的国际经验借鉴规则包,规则包,rule_pack,P1,L2,绩效评价 / 预算执行与财政管理 / 财政与政府债务,绩效/绩效评价,合规性,performance_evaluator / budget_estimator,book,绩效,中国财政支出政策绩效评价体系研究,财政支出政策绩效评价的国际经验借鉴,新增,基于《中国财政支出政策绩效评价体系研究》中“财政支出政策绩效评价的国际经验借鉴”相关内容，固化审计对象在合规性、真实性、绩效性和责任链方面的风险，形成可复核的疑点、规则或指标输出。,项目台账；财务收支明细；合同与审批资料；支付凭证；审计发现清单；预算批复表；预算调整表；绩效目标表；绩效指标表；产出效果数据,财政支出政策绩效评价的国际经验借鉴规则编号、规则说明、触发条件、证据资料、处理建议,E:\2026\审计方法&政策文件\_ocr_output\绩效\中国财政支出政策绩效评价体系研究.pdf.md
PERFV6D-007,中国财政支出政策绩效评价体系研究-中国财政支出政策绩效评价框架体系指标包,指标包,indicator_pack,P1,L3,绩效评价 / 预算执行与财政管理 / 财政与政府债务,绩效/绩效评价,绩效偏离,performance_evaluator / budget_estimator,book,绩效,中国财政支出政策绩效评价体系研究,中国财政支出政策绩效评价框架体系,新增,基于《中国财政支出政策绩效评价体系研究》中“中国财政支出政策绩效评价框架体系”相关内容，量化评价审计对象在合规性、真实性、绩效性和责任链方面的风险，形成可复核的疑点、规则或指标输出。,项目台账；财务收支明细；合同与审批资料；支付凭证；审计发现清单；预算批复表；预算调整表；绩效目标表；绩效指标表；产出效果数据,中国财政支出政策绩效评价框架体系指标名称、指标值、标准值、偏离率、评分和扣分原因,E:\2026\审计方法&政策文件\_ocr_output\绩效\中国财政支出政策绩效评价体系研究.pdf.md
PERFV6D-008,抽样调查设计导论-社会网络模型：区分“关系数据”和“属性数据”，是把分析重检测算法,算法候选,algorithm,P0,L3,绩效评价 / 预算执行与财政管理 / 财政与政府债务,绩效/绩效评价,绩效偏离,performance_evaluator / budget_estimator,book,绩效,抽样调查设计导论,社会网络模型：区分“关系数据”和“属性数据”，是把分析重,新增,基于《抽样调查设计导论》中“社会网络模型：区分“关系数据”和“属性数据”，是把分析重”相关内容，识别审计对象在合规性、真实性、绩效性和责任链方面的风险，形成可复核的疑点、规则或指标输出。,项目台账；财务收支明细；合同与审批资料；支付凭证；审计发现清单；绩效指标表；产出效果数据；满意度问卷；工程量清单；结算书,社会网络模型：区分“关系数据”和“属性数据”，是把分析重疑点清单、风险等级、命中规则、涉及金额、核查建议,E:\2026\审计方法&政策文件\_ocr_output\绩效\抽样调查设计导论.pdf.md
PERFV6D-009,抽样调查设计导论-分析方法更加多样：定性方法的种类在最近的二十多年中，更是规则包,规则包,rule_pack,P1,L2,绩效评价 / 预算执行与财政管理 / 财政与政府债务,绩效/绩效评价,合规性,performance_evaluator / budget_estimator,book,绩效,抽样调查设计导论,分析方法更加多样：定性方法的种类在最近的二十多年中，更是,新增,基于《抽样调查设计导论》中“分析方法更加多样：定性方法的种类在最近的二十多年中，更是”相关内容，固化审计对象在合规性、真实性、绩效性和责任链方面的风险，形成可复核的疑点、规则或指标输出。,项目台账；财务收支明细；合同与审批资料；支付凭证；审计发现清单；绩效指标表；产出效果数据；满意度问卷；工程量清单；结算书,分析方法更加多样：定性方法的种类在最近的二十多年中，更是规则编号、规则说明、触发条件、证据资料、处理建议,E:\2026\审计方法&政策文件\_ocr_output\绩效\抽样调查设计导论.pdf.md
PERFV6D-010,抽样调查设计导论-研究过程更加客观规范：定性分析的一个主要问题在于阐释过程指标包,指标包,indicator_pack,P1,L3,绩效评价 / 预算执行与财政管理 / 财政与政府债务,绩效/绩效评价,绩效偏离,performance_evaluator / budget_estimator,book,绩效,抽样调查设计导论,研究过程更加客观规范：定性分析的一个主要问题在于阐释过程,新增,基于《抽样调查设计导论》中“研究过程更加客观规范：定性分析的一个主要问题在于阐释过程”相关内容，量化评价审计对象在合规性、真实性、绩效性和责任链方面的风险，形成可复核的疑点、规则或指标输出。,项目台账；财务收支明细；合同与审批资料；支付凭证；审计发现清单；绩效指标表；产出效果数据；满意度问卷；工程量清单；结算书,研究过程更加客观规范：定性分析的一个主要问题在于阐释过程指标名称、指标值、标准值、偏离率、评分和扣分原因,E:\2026\审计方法&政策文件\_ocr_output\绩效\抽样调查设计导论.pdf.md
PERFV6D-011,抽样调查设计导论-定性研究和定量研究的结合更加紧密：在定量分析方法的教材中检测算法,算法候选,algorithm,P1,L3,绩效评价 / 预算执行与财政管理 / 财政与政府债务,绩效/绩效评价,绩效偏离,performance_evaluator / budget_estimator,book,绩效,抽样调查设计导论,定性研究和定量研究的结合更加紧密：在定量分析方法的教材中,新增,基于《抽样调查设计导论》中“定性研究和定量研究的结合更加紧密：在定量分析方法的教材中”相关内容，识别审计对象在合规性、真实性、绩效性和责任链方面的风险，形成可复核的疑点、规则或指标输出。,项目台账；财务收支明细；合同与审批资料；支付凭证；审计发现清单；绩效指标表；产出效果数据；满意度问卷；工程量清单；结算书,定性研究和定量研究的结合更加紧密：在定量分析方法的教材中疑点清单、风险等级、命中规则、涉及金额、核查建议,E:\2026\审计方法&政策文件\_ocr_output\绩效\抽样调查设计导论.pdf.md
PERFV6D-012,抽样调查设计导论-选择数据收集的方法内控核查包,内控包,control_pack,P1,L2,绩效评价 / 预算执行与财政管理 / 财政与政府债务,绩效/绩效评价,合规性,performance_evaluator / budget_estimator,book,绩效,抽样调查设计导论,选择数据收集的方法,新增,基于《抽样调查设计导论》中“选择数据收集的方法”相关内容，核查审计对象在合规性、真实性、绩效性和责任链方面的风险，形成可复核的疑点、规则或指标输出。,项目台账；财务收支明细；合同与审批资料；支付凭证；审计发现清单；绩效指标表；产出效果数据；满意度问卷；工程量清单；结算书,选择数据收集的方法控制点、缺陷类型、责任环节、整改任务、复核状态,E:\2026\审计方法&政策文件\_ocr_output\绩效\抽样调查设计导论.pdf.md
PERFV6D-013,抽样调查设计导论-绩效目标合理性规则包,规则包,rule_pack,P1,L2,绩效评价 / 预算执行与财政管理 / 财政与政府债务,绩效/绩效评价,合规性,performance_evaluator / budget_estimator,book,绩效,抽样调查设计导论,绩效目标合理性,新增,基于《抽样调查设计导论》中“绩效目标合理性”相关内容，固化审计对象在合规性、真实性、绩效性和责任链方面的风险，形成可复核的疑点、规则或指标输出。,项目台账；财务收支明细；合同与审批资料；支付凭证；审计发现清单；绩效指标表；产出效果数据；满意度问卷；工程量清单；结算书,绩效目标合理性规则编号、规则说明、触发条件、证据资料、处理建议,E:\2026\审计方法&政策文件\_ocr_output\绩效\抽样调查设计导论.pdf.md
PERFV6D-014,抽样调查设计导论-绩效指标偏离指标包,指标包,indicator_pack,P1,L3,绩效评价 / 预算执行与财政管理 / 财政与政府债务,绩效/绩效评价,绩效偏离,performance_evaluator / budget_estimator,book,绩效,抽样调查设计导论,绩效指标偏离,新增,基于《抽样调查设计导论》中“绩效指标偏离”相关内容，量化评价审计对象在合规性、真实性、绩效性和责任链方面的风险，形成可复核的疑点、规则或指标输出。,项目台账；财务收支明细；合同与审批资料；支付凭证；审计发现清单；绩效指标表；产出效果数据；满意度问卷；工程量清单；结算书,绩效指标偏离指标名称、指标值、标准值、偏离率、评分和扣分原因,E:\2026\审计方法&政策文件\_ocr_output\绩效\抽样调查设计导论.pdf.md
PERFV6D-015,水利系统部门整体支出绩效评价的思考与探索-水利系统部门整体支出绩效评价的思考与探索.pdf检测算法,算法候选,algorithm,P1,L3,绩效评价 / 预算执行与财政管理 / 财政与政府债务,绩效/绩效评价,绩效偏离,performance_evaluator / budget_estimator,book,绩效,水利系统部门整体支出绩效评价的思考与探索,水利系统部门整体支出绩效评价的思考与探索.pdf,新增,基于《水利系统部门整体支出绩效评价的思考与探索》中“水利系统部门整体支出绩效评价的思考与探索.pdf”相关内容，识别审计对象在合规性、真实性、绩效性和责任链方面的风险，形成可复核的疑点、规则或指标输出。,项目台账；财务收支明细；合同与审批资料；支付凭证；审计发现清单；预算批复表；预算调整表；绩效目标表；绩效指标表；产出效果数据,水利系统部门整体支出绩效评价的思考与探索.pdf疑点清单、风险等级、命中规则、涉及金额、核查建议,E:\2026\审计方法&政策文件\_ocr_output\绩效\水利系统部门整体支出绩效评价的思考与探索.pdf.md
PERFV6D-016,水利系统部门整体支出绩效评价的思考与探索-部门预算管理制度建规则包,规则包,rule_pack,P1,L2,绩效评价 / 预算执行与财政管理 / 财政与政府债务,绩效/绩效评价,合规性,performance_evaluator / budget_estimator,book,绩效,水利系统部门整体支出绩效评价的思考与探索,部门预算管理制度建,新增,基于《水利系统部门整体支出绩效评价的思考与探索》中“部门预算管理制度建”相关内容，固化审计对象在合规性、真实性、绩效性和责任链方面的风险，形成可复核的疑点、规则或指标输出。,项目台账；财务收支明细；合同与审批资料；支付凭证；审计发现清单；预算批复表；预算调整表；绩效目标表；绩效指标表；产出效果数据,部门预算管理制度建规则编号、规则说明、触发条件、证据资料、处理建议,E:\2026\审计方法&政策文件\_ocr_output\绩效\水利系统部门整体支出绩效评价的思考与探索.pdf.md
PERFV6D-017,水利系统部门整体支出绩效评价的思考与探索-评价情况分析及综指标包,指标包,indicator_pack,P1,L3,绩效评价 / 预算执行与财政管理 / 财政与政府债务,绩效/绩效评价,绩效偏离,performance_evaluator / budget_estimator,book,绩效,水利系统部门整体支出绩效评价的思考与探索,评价情况分析及综,新增,基于《水利系统部门整体支出绩效评价的思考与探索》中“评价情况分析及综”相关内容，量化评价审计对象在合规性、真实性、绩效性和责任链方面的风险，形成可复核的疑点、规则或指标输出。,项目台账；财务收支明细；合同与审批资料；支付凭证；审计发现清单；预算批复表；预算调整表；绩效目标表；绩效指标表；产出效果数据,评价情况分析及综指标名称、指标值、标准值、偏离率、评分和扣分原因,E:\2026\审计方法&政策文件\_ocr_output\绩效\水利系统部门整体支出绩效评价的思考与探索.pdf.md
PERFV6D-018,水利系统部门整体支出绩效评价的思考与探索-国内外绩效管理实践检测算法,算法候选,algorithm,P1,L3,绩效评价 / 预算执行与财政管理 / 财政与政府债务,绩效/绩效评价,绩效偏离,performance_evaluator / budget_estimator,book,绩效,水利系统部门整体支出绩效评价的思考与探索,国内外绩效管理实践,新增,基于《水利系统部门整体支出绩效评价的思考与探索》中“国内外绩效管理实践”相关内容，识别审计对象在合规性、真实性、绩效性和责任链方面的风险，形成可复核的疑点、规则或指标输出。,项目台账；财务收支明细；合同与审批资料；支付凭证；审计发现清单；预算批复表；预算调整表；绩效目标表；绩效指标表；产出效果数据,国内外绩效管理实践疑点清单、风险等级、命中规则、涉及金额、核查建议,E:\2026\审计方法&政策文件\_ocr_output\绩效\水利系统部门整体支出绩效评价的思考与探索.pdf.md
PERFV6D-019,水利系统部门整体支出绩效评价的思考与探索-绩效目标合理性内控核查包,内控包,control_pack,P1,L2,绩效评价 / 预算执行与财政管理 / 财政与政府债务,绩效/绩效评价,合规性,performance_evaluator / budget_estimator,book,绩效,水利系统部门整体支出绩效评价的思考与探索,绩效目标合理性,新增,基于《水利系统部门整体支出绩效评价的思考与探索》中“绩效目标合理性”相关内容，核查审计对象在合规性、真实性、绩效性和责任链方面的风险，形成可复核的疑点、规则或指标输出。,项目台账；财务收支明细；合同与审批资料；支付凭证；审计发现清单；预算批复表；预算调整表；绩效目标表；绩效指标表；产出效果数据,绩效目标合理性控制点、缺陷类型、责任环节、整改任务、复核状态,E:\2026\审计方法&政策文件\_ocr_output\绩效\水利系统部门整体支出绩效评价的思考与探索.pdf.md
PERFV6D-020,环境绩效审计实务指南-环境绩效审计实务指南.pdf检测算法,算法候选,algorithm,P1,L3,绩效评价 / 资源环境审计 / 预算执行与财政管理,绩效/绩效评价,绩效偏离,performance_evaluator / budget_estimator,book,绩效,环境绩效审计实务指南,环境绩效审计实务指南.pdf,新增,基于《环境绩效审计实务指南》中“环境绩效审计实务指南.pdf”相关内容，识别审计对象在合规性、真实性、绩效性和责任链方面的风险，形成可复核的疑点、规则或指标输出。,项目台账；财务收支明细；合同与审批资料；支付凭证；审计发现清单；绩效指标表；产出效果数据；满意度问卷；工程量清单；结算书,环境绩效审计实务指南.pdf疑点清单、风险等级、命中规则、涉及金额、核查建议,E:\2026\审计方法&政策文件\_ocr_output\绩效\环境绩效审计实务指南.pdf.md
PERFV6D-021,环境绩效审计实务指南-审计内容和方法规则包,规则包,rule_pack,P1,L2,绩效评价 / 资源环境审计 / 预算执行与财政管理,绩效/绩效评价,合规性,performance_evaluator / budget_estimator,book,绩效,环境绩效审计实务指南,审计内容和方法,新增,基于《环境绩效审计实务指南》中“审计内容和方法”相关内容，固化审计对象在合规性、真实性、绩效性和责任链方面的风险，形成可复核的疑点、规则或指标输出。,项目台账；财务收支明细；合同与审批资料；支付凭证；审计发现清单；绩效指标表；产出效果数据；满意度问卷；工程量清单；结算书,审计内容和方法规则编号、规则说明、触发条件、证据资料、处理建议,E:\2026\审计方法&政策文件\_ocr_output\绩效\环境绩效审计实务指南.pdf.md
PERFV6D-022,环境绩效审计实务指南-审计方法指标包,指标包,indicator_pack,P1,L3,绩效评价 / 资源环境审计 / 预算执行与财政管理,绩效/绩效评价,绩效偏离,performance_evaluator / budget_estimator,book,绩效,环境绩效审计实务指南,审计方法,新增,基于《环境绩效审计实务指南》中“审计方法”相关内容，量化评价审计对象在合规性、真实性、绩效性和责任链方面的风险，形成可复核的疑点、规则或指标输出。,项目台账；财务收支明细；合同与审批资料；支付凭证；审计发现清单；绩效指标表；产出效果数据；满意度问卷；工程量清单；结算书,审计方法指标名称、指标值、标准值、偏离率、评分和扣分原因,E:\2026\审计方法&政策文件\_ocr_output\绩效\环境绩效审计实务指南.pdf.md
PERFV6D-023,环境绩效审计实务指南-饮用水保护工程项目资金投入情况检测算法,算法候选,algorithm,P1,L3,绩效评价 / 资源环境审计 / 预算执行与财政管理,绩效/绩效评价,绩效偏离,performance_evaluator / budget_estimator,book,绩效,环境绩效审计实务指南,饮用水保护工程项目资金投入情况,新增,基于《环境绩效审计实务指南》中“饮用水保护工程项目资金投入情况”相关内容，识别审计对象在合规性、真实性、绩效性和责任链方面的风险，形成可复核的疑点、规则或指标输出。,项目台账；财务收支明细；合同与审批资料；支付凭证；审计发现清单；绩效指标表；产出效果数据；满意度问卷；工程量清单；结算书,饮用水保护工程项目资金投入情况疑点清单、风险等级、命中规则、涉及金额、核查建议,E:\2026\审计方法&政策文件\_ocr_output\绩效\环境绩效审计实务指南.pdf.md
PERFV6D-024,环境绩效审计实务指南-审计发现的主要问题举例内控核查包,内控包,control_pack,P1,L2,绩效评价 / 资源环境审计 / 预算执行与财政管理,绩效/绩效评价,合规性,performance_evaluator / budget_estimator,book,绩效,环境绩效审计实务指南,审计发现的主要问题举例,新增,基于《环境绩效审计实务指南》中“审计发现的主要问题举例”相关内容，核查审计对象在合规性、真实性、绩效性和责任链方面的风险，形成可复核的疑点、规则或指标输出。,项目台账；财务收支明细；合同与审批资料；支付凭证；审计发现清单；绩效指标表；产出效果数据；满意度问卷；工程量清单；结算书,审计发现的主要问题举例控制点、缺陷类型、责任环节、整改任务、复核状态,E:\2026\审计方法&政策文件\_ocr_output\绩效\环境绩效审计实务指南.pdf.md
PERFV6D-025,环境绩效审计实务指南-绩效目标合理性规则包,规则包,rule_pack,P1,L2,绩效评价 / 资源环境审计 / 预算执行与财政管理,绩效/绩效评价,合规性,performance_evaluator / budget_estimator,book,绩效,环境绩效审计实务指南,绩效目标合理性,新增,基于《环境绩效审计实务指南》中“绩效目标合理性”相关内容，固化审计对象在合规性、真实性、绩效性和责任链方面的风险，形成可复核的疑点、规则或指标输出。,项目台账；财务收支明细；合同与审批资料；支付凭证；审计发现清单；绩效指标表；产出效果数据；满意度问卷；工程量清单；结算书,绩效目标合理性规则编号、规则说明、触发条件、证据资料、处理建议,E:\2026\审计方法&政策文件\_ocr_output\绩效\环境绩效审计实务指南.pdf.md
PERFV6D-026,绩效审计一个计量的过程和方法-绩效审计一个计量的过程和方法.pdf检测算法,算法候选,algorithm,P0,L3,绩效评价 / 预算执行与财政管理 / 财政与政府债务,绩效/绩效评价,绩效偏离,performance_evaluator / budget_estimator,book,绩效,绩效审计一个计量的过程和方法,绩效审计一个计量的过程和方法.pdf,新增,基于《绩效审计一个计量的过程和方法》中“绩效审计一个计量的过程和方法.pdf”相关内容，识别审计对象在合规性、真实性、绩效性和责任链方面的风险，形成可复核的疑点、规则或指标输出。,项目台账；财务收支明细；合同与审批资料；支付凭证；审计发现清单；绩效指标表；产出效果数据；满意度问卷；工程量清单；结算书,绩效审计一个计量的过程和方法.pdf疑点清单、风险等级、命中规则、涉及金额、核查建议,E:\2026\审计方法&政策文件\_ocr_output\绩效\绩效审计一个计量的过程和方法.pdf.md
PERFV6D-027,绩效审计一个计量的过程和方法-审计的分类和绩效审计的类型规则包,规则包,rule_pack,P1,L2,绩效评价 / 预算执行与财政管理 / 财政与政府债务,绩效/绩效评价,合规性,performance_evaluator / budget_estimator,book,绩效,绩效审计一个计量的过程和方法,审计的分类和绩效审计的类型,新增,基于《绩效审计一个计量的过程和方法》中“审计的分类和绩效审计的类型”相关内容，固化审计对象在合规性、真实性、绩效性和责任链方面的风险，形成可复核的疑点、规则或指标输出。,项目台账；财务收支明细；合同与审批资料；支付凭证；审计发现清单；绩效指标表；产出效果数据；满意度问卷；工程量清单；结算书,审计的分类和绩效审计的类型规则编号、规则说明、触发条件、证据资料、处理建议,E:\2026\审计方法&政策文件\_ocr_output\绩效\绩效审计一个计量的过程和方法.pdf.md
PERFV6D-028,绩效审计一个计量的过程和方法-证据与审计文档指标包,指标包,indicator_pack,P1,L3,绩效评价 / 预算执行与财政管理 / 财政与政府债务,绩效/绩效评价,绩效偏离,performance_evaluator / budget_estimator,book,绩效,绩效审计一个计量的过程和方法,证据与审计文档,新增,基于《绩效审计一个计量的过程和方法》中“证据与审计文档”相关内容，量化评价审计对象在合规性、真实性、绩效性和责任链方面的风险，形成可复核的疑点、规则或指标输出。,项目台账；财务收支明细；合同与审批资料；支付凭证；审计发现清单；绩效指标表；产出效果数据；满意度问卷；工程量清单；结算书,证据与审计文档指标名称、指标值、标准值、偏离率、评分和扣分原因,E:\2026\审计方法&政策文件\_ocr_output\绩效\绩效审计一个计量的过程和方法.pdf.md
PERFV6D-029,绩效审计一个计量的过程和方法-在年度计划中选择绩效审计项目检测算法,算法候选,algorithm,P1,L3,绩效评价 / 预算执行与财政管理 / 财政与政府债务,绩效/绩效评价,绩效偏离,performance_evaluator / budget_estimator,book,绩效,绩效审计一个计量的过程和方法,在年度计划中选择绩效审计项目,新增,基于《绩效审计一个计量的过程和方法》中“在年度计划中选择绩效审计项目”相关内容，识别审计对象在合规性、真实性、绩效性和责任链方面的风险，形成可复核的疑点、规则或指标输出。,项目台账；财务收支明细；合同与审批资料；支付凭证；审计发现清单；绩效指标表；产出效果数据；满意度问卷；工程量清单；结算书,在年度计划中选择绩效审计项目疑点清单、风险等级、命中规则、涉及金额、核查建议,E:\2026\审计方法&政策文件\_ocr_output\绩效\绩效审计一个计量的过程和方法.pdf.md
PERFV6D-030,绩效审计一个计量的过程和方法-选择范围和方法：审计计划阶段的第三步内控核查包,内控包,control_pack,P1,L2,绩效评价 / 预算执行与财政管理 / 财政与政府债务,绩效/绩效评价,合规性,performance_evaluator / budget_estimator,book,绩效,绩效审计一个计量的过程和方法,选择范围和方法：审计计划阶段的第三步,新增,基于《绩效审计一个计量的过程和方法》中“选择范围和方法：审计计划阶段的第三步”相关内容，核查审计对象在合规性、真实性、绩效性和责任链方面的风险，形成可复核的疑点、规则或指标输出。,项目台账；财务收支明细；合同与审批资料；支付凭证；审计发现清单；绩效指标表；产出效果数据；满意度问卷；工程量清单；结算书,选择范围和方法：审计计划阶段的第三步控制点、缺陷类型、责任环节、整改任务、复核状态,E:\2026\审计方法&政策文件\_ocr_output\绩效\绩效审计一个计量的过程和方法.pdf.md
PERFV6D-031,绩效审计一个计量的过程和方法-以标杆对比法开展的绩效审计规则包,规则包,rule_pack,P1,L2,绩效评价 / 预算执行与财政管理 / 财政与政府债务,绩效/绩效评价,合规性,performance_evaluator / budget_estimator,book,绩效,绩效审计一个计量的过程和方法,以标杆对比法开展的绩效审计,新增,基于《绩效审计一个计量的过程和方法》中“以标杆对比法开展的绩效审计”相关内容，固化审计对象在合规性、真实性、绩效性和责任链方面的风险，形成可复核的疑点、规则或指标输出。,项目台账；财务收支明细；合同与审批资料；支付凭证；审计发现清单；绩效指标表；产出效果数据；满意度问卷；工程量清单；结算书,以标杆对比法开展的绩效审计规则编号、规则说明、触发条件、证据资料、处理建议,E:\2026\审计方法&政策文件\_ocr_output\绩效\绩效审计一个计量的过程和方法.pdf.md
PERFV6D-032,绩效审计一个计量的过程和方法-政府审计的演变：处于前沿的绩效审计指标包,指标包,indicator_pack,P1,L3,绩效评价 / 预算执行与财政管理 / 财政与政府债务,绩效/绩效评价,绩效偏离,performance_evaluator / budget_estimator,book,绩效,绩效审计一个计量的过程和方法,政府审计的演变：处于前沿的绩效审计,新增,基于《绩效审计一个计量的过程和方法》中“政府审计的演变：处于前沿的绩效审计”相关内容，量化评价审计对象在合规性、真实性、绩效性和责任链方面的风险，形成可复核的疑点、规则或指标输出。,项目台账；财务收支明细；合同与审批资料；支付凭证；审计发现清单；绩效指标表；产出效果数据；满意度问卷；工程量清单；结算书,政府审计的演变：处于前沿的绩效审计指标名称、指标值、标准值、偏离率、评分和扣分原因,E:\2026\审计方法&政策文件\_ocr_output\绩效\绩效审计一个计量的过程和方法.pdf.md
PERFV6D-033,绩效审计一个计量的过程和方法-审计人员值得信赖的一个方面是他们只利用可靠和相关的证据，证据链包,证据包,evidence_pack,P1,L3,绩效评价 / 预算执行与财政管理 / 财政与政府债务,绩效/绩效评价,绩效偏离,performance_evaluator / budget_estimator,book,绩效,绩效审计一个计量的过程和方法,审计人员值得信赖的一个方面是他们只利用可靠和相关的证据，,新增,基于《绩效审计一个计量的过程和方法》中“审计人员值得信赖的一个方面是他们只利用可靠和相关的证据，”相关内容，贯通审计对象在合规性、真实性、绩效性和责任链方面的风险，形成可复核的疑点、规则或指标输出。,项目台账；财务收支明细；合同与审批资料；支付凭证；审计发现清单；绩效指标表；产出效果数据；满意度问卷；工程量清单；结算书,审计人员值得信赖的一个方面是他们只利用可靠和相关的证据，证据链节点、证据缺口、访谈对象、底稿索引、结论边界,E:\2026\审计方法&政策文件\_ocr_output\绩效\绩效审计一个计量的过程和方法.pdf.md
PERFV6D-034,绩效审计方法-绩效审计分析和评价方法·检测算法,算法候选,algorithm,P0,L3,绩效评价 / 预算执行与财政管理 / 财政与政府债务,绩效/绩效评价,绩效偏离,performance_evaluator / budget_estimator,book,绩效,绩效审计方法,绩效审计分析和评价方法·,新增,基于《绩效审计方法》中“绩效审计分析和评价方法·”相关内容，识别审计对象在合规性、真实性、绩效性和责任链方面的风险，形成可复核的疑点、规则或指标输出。,项目台账；财务收支明细；合同与审批资料；支付凭证；审计发现清单；预算批复表；预算调整表；绩效目标表；绩效指标表；产出效果数据,绩效审计分析和评价方法·疑点清单、风险等级、命中规则、涉及金额、核查建议,E:\2026\审计方法&政策文件\_ocr_output\绩效\绩效审计方法.pdf.md
PERFV6D-035,绩效审计方法-绩效审计分析方法规则包,规则包,rule_pack,P1,L2,绩效评价 / 预算执行与财政管理 / 财政与政府债务,绩效/绩效评价,合规性,performance_evaluator / budget_estimator,book,绩效,绩效审计方法,绩效审计分析方法,新增,基于《绩效审计方法》中“绩效审计分析方法”相关内容，固化审计对象在合规性、真实性、绩效性和责任链方面的风险，形成可复核的疑点、规则或指标输出。,项目台账；财务收支明细；合同与审批资料；支付凭证；审计发现清单；预算批复表；预算调整表；绩效目标表；绩效指标表；产出效果数据,绩效审计分析方法规则编号、规则说明、触发条件、证据资料、处理建议,E:\2026\审计方法&政策文件\_ocr_output\绩效\绩效审计方法.pdf.md
PERFV6D-036,绩效审计方法-绩效审计评价方法指标包,指标包,indicator_pack,P1,L3,绩效评价 / 预算执行与财政管理 / 财政与政府债务,绩效/绩效评价,绩效偏离,performance_evaluator / budget_estimator,book,绩效,绩效审计方法,绩效审计评价方法,新增,基于《绩效审计方法》中“绩效审计评价方法”相关内容，量化评价审计对象在合规性、真实性、绩效性和责任链方面的风险，形成可复核的疑点、规则或指标输出。,项目台账；财务收支明细；合同与审批资料；支付凭证；审计发现清单；预算批复表；预算调整表；绩效目标表；绩效指标表；产出效果数据,绩效审计评价方法指标名称、指标值、标准值、偏离率、评分和扣分原因,E:\2026\审计方法&政策文件\_ocr_output\绩效\绩效审计方法.pdf.md
PERFV6D-037,绩效审计方法-绩效审计方法.pdf检测算法,算法候选,algorithm,P1,L3,绩效评价 / 预算执行与财政管理 / 财政与政府债务,绩效/绩效评价,绩效偏离,performance_evaluator / budget_estimator,book,绩效,绩效审计方法,绩效审计方法.pdf,新增,基于《绩效审计方法》中“绩效审计方法.pdf”相关内容，识别审计对象在合规性、真实性、绩效性和责任链方面的风险，形成可复核的疑点、规则或指标输出。,项目台账；财务收支明细；合同与审批资料；支付凭证；审计发现清单；预算批复表；预算调整表；绩效目标表；绩效指标表；产出效果数据,绩效审计方法.pdf疑点清单、风险等级、命中规则、涉及金额、核查建议,E:\2026\审计方法&政策文件\_ocr_output\绩效\绩效审计方法.pdf.md
PERFV6D-038,绩效审计方法-绩效审计步骤及技术方法概览内控核查包,内控包,control_pack,P1,L2,绩效评价 / 预算执行与财政管理 / 财政与政府债务,绩效/绩效评价,合规性,performance_evaluator / budget_estimator,book,绩效,绩效审计方法,绩效审计步骤及技术方法概览,新增,基于《绩效审计方法》中“绩效审计步骤及技术方法概览”相关内容，核查审计对象在合规性、真实性、绩效性和责任链方面的风险，形成可复核的疑点、规则或指标输出。,项目台账；财务收支明细；合同与审批资料；支付凭证；审计发现清单；预算批复表；预算调整表；绩效目标表；绩效指标表；产出效果数据,绩效审计步骤及技术方法概览控制点、缺陷类型、责任环节、整改任务、复核状态,E:\2026\审计方法&政策文件\_ocr_output\绩效\绩效审计方法.pdf.md
PERFV6D-039,绩效审计方法-绩效审计准则、绩效审计标准和绩效审计证据规则包,规则包,rule_pack,P1,L2,绩效评价 / 预算执行与财政管理 / 财政与政府债务,绩效/绩效评价,合规性,performance_evaluator / budget_estimator,book,绩效,绩效审计方法,绩效审计准则、绩效审计标准和绩效审计证据,新增,基于《绩效审计方法》中“绩效审计准则、绩效审计标准和绩效审计证据”相关内容，固化审计对象在合规性、真实性、绩效性和责任链方面的风险，形成可复核的疑点、规则或指标输出。,项目台账；财务收支明细；合同与审批资料；支付凭证；审计发现清单；预算批复表；预算调整表；绩效目标表；绩效指标表；产出效果数据,绩效审计准则、绩效审计标准和绩效审计证据规则编号、规则说明、触发条件、证据资料、处理建议,E:\2026\审计方法&政策文件\_ocr_output\绩效\绩效审计方法.pdf.md
PERFV6D-040,绩效审计方法-绩效审计项目选择方法和计划编制方法指标包,指标包,indicator_pack,P1,L3,绩效评价 / 预算执行与财政管理 / 财政与政府债务,绩效/绩效评价,绩效偏离,performance_evaluator / budget_estimator,book,绩效,绩效审计方法,绩效审计项目选择方法和计划编制方法,新增,基于《绩效审计方法》中“绩效审计项目选择方法和计划编制方法”相关内容，量化评价审计对象在合规性、真实性、绩效性和责任链方面的风险，形成可复核的疑点、规则或指标输出。,项目台账；财务收支明细；合同与审批资料；支付凭证；审计发现清单；预算批复表；预算调整表；绩效目标表；绩效指标表；产出效果数据,绩效审计项目选择方法和计划编制方法指标名称、指标值、标准值、偏离率、评分和扣分原因,E:\2026\审计方法&政策文件\_ocr_output\绩效\绩效审计方法.pdf.md
ENVV6D-015,调查问卷设计与处理分析-调查数据分析检测算法,算法候选,algorithm,P1,L3,绩效评价 / 预算执行与财政管理 / 财政与政府债务,绩效/绩效评价,异常性,performance_evaluator / budget_estimator,book,绩效,调查问卷设计与处理分析,调查数据分析,新增,基于《调查问卷设计与处理分析》中“调查数据分析”相关内容，识别审计对象在合规性、真实性、绩效性和责任链方面的风险，形成可复核的疑点、规则或指标输出。,项目台账；财务收支明细；合同与审批资料；支付凭证；审计发现清单；绩效指标表；产出效果数据；满意度问卷；农户信息；土地确权,调查数据分析疑点清单、风险等级、命中规则、涉及金额、核查建议,E:\2026\审计方法&政策文件\_ocr_output\绩效\调查问卷设计与处理分析.pdf.md
ENVV6D-016,调查问卷设计与处理分析-绩效目标合理性规则包,规则包,rule_pack,P1,L2,绩效评价 / 预算执行与财政管理 / 财政与政府债务,绩效/绩效评价,合规性,performance_evaluator / budget_estimator,book,绩效,调查问卷设计与处理分析,绩效目标合理性,新增,基于《调查问卷设计与处理分析》中“绩效目标合理性”相关内容，固化审计对象在合规性、真实性、绩效性和责任链方面的风险，形成可复核的疑点、规则或指标输出。,项目台账；财务收支明细；合同与审批资料；支付凭证；审计发现清单；绩效指标表；产出效果数据；满意度问卷；农户信息；土地确权,绩效目标合理性规则编号、规则说明、触发条件、证据资料、处理建议,E:\2026\审计方法&政策文件\_ocr_output\绩效\调查问卷设计与处理分析.pdf.md
ENVV6D-017,调查问卷设计与处理分析-绩效指标偏离指标包,指标包,indicator_pack,P1,L3,绩效评价 / 预算执行与财政管理 / 财政与政府债务,绩效/绩效评价,绩效偏离,performance_evaluator / budget_estimator,book,绩效,调查问卷设计与处理分析,绩效指标偏离,新增,基于《调查问卷设计与处理分析》中“绩效指标偏离”相关内容，量化评价审计对象在合规性、真实性、绩效性和责任链方面的风险，形成可复核的疑点、规则或指标输出。,项目台账；财务收支明细；合同与审批资料；支付凭证；审计发现清单；绩效指标表；产出效果数据；满意度问卷；农户信息；土地确权,绩效指标偏离指标名称、指标值、标准值、偏离率、评分和扣分原因,E:\2026\审计方法&政策文件\_ocr_output\绩效\调查问卷设计与处理分析.pdf.md
ENVV6D-018,调查问卷设计与处理分析-成本效益分析检测算法,算法候选,algorithm,P1,L3,绩效评价 / 预算执行与财政管理 / 财政与政府债务,绩效/绩效评价,异常性,performance_evaluator / budget_estimator,book,绩效,调查问卷设计与处理分析,成本效益分析,新增,基于《调查问卷设计与处理分析》中“成本效益分析”相关内容，识别审计对象在合规性、真实性、绩效性和责任链方面的风险，形成可复核的疑点、规则或指标输出。,项目台账；财务收支明细；合同与审批资料；支付凭证；审计发现清单；绩效指标表；产出效果数据；满意度问卷；农户信息；土地确权,成本效益分析疑点清单、风险等级、命中规则、涉及金额、核查建议,E:\2026\审计方法&政策文件\_ocr_output\绩效\调查问卷设计与处理分析.pdf.md
ENVV6D-019,调查问卷设计与处理分析-样本代表性内控核查包,内控包,control_pack,P1,L2,绩效评价 / 预算执行与财政管理 / 财政与政府债务,绩效/绩效评价,合规性,performance_evaluator / budget_estimator,book,绩效,调查问卷设计与处理分析,样本代表性,新增,基于《调查问卷设计与处理分析》中“样本代表性”相关内容，核查审计对象在合规性、真实性、绩效性和责任链方面的风险，形成可复核的疑点、规则或指标输出。,项目台账；财务收支明细；合同与审批资料；支付凭证；审计发现清单；绩效指标表；产出效果数据；满意度问卷；农户信息；土地确权,样本代表性控制点、缺陷类型、责任环节、整改任务、复核状态,E:\2026\审计方法&政策文件\_ocr_output\绩效\调查问卷设计与处理分析.pdf.md
ENVV6D-020,调查问卷设计与处理分析-满意度异常规则包,规则包,rule_pack,P1,L2,绩效评价 / 预算执行与财政管理 / 财政与政府债务,绩效/绩效评价,合规性,performance_evaluator / budget_estimator,book,绩效,调查问卷设计与处理分析,满意度异常,新增,基于《调查问卷设计与处理分析》中“满意度异常”相关内容，固化审计对象在合规性、真实性、绩效性和责任链方面的风险，形成可复核的疑点、规则或指标输出。,项目台账；财务收支明细；合同与审批资料；支付凭证；审计发现清单；绩效指标表；产出效果数据；满意度问卷；农户信息；土地确权,满意度异常规则编号、规则说明、触发条件、证据资料、处理建议,E:\2026\审计方法&政策文件\_ocr_output\绩效\调查问卷设计与处理分析.pdf.md
PERFV6D-041,财政支出绩效评价研究-财政支出绩效评价分类方法的比较选择检测算法,算法候选,algorithm,P0,L3,绩效评价 / 预算执行与财政管理 / 财政与政府债务,绩效/绩效评价,绩效偏离,performance_evaluator / budget_estimator,book,绩效,财政支出绩效评价研究,财政支出绩效评价分类方法的比较选择,新增,基于《财政支出绩效评价研究》中“财政支出绩效评价分类方法的比较选择”相关内容，识别审计对象在合规性、真实性、绩效性和责任链方面的风险，形成可复核的疑点、规则或指标输出。,项目台账；财务收支明细；合同与审批资料；支付凭证；审计发现清单；预算批复表；预算调整表；绩效目标表；绩效指标表；产出效果数据,财政支出绩效评价分类方法的比较选择疑点清单、风险等级、命中规则、涉及金额、核查建议,E:\2026\审计方法&政策文件\_ocr_output\绩效\财政支出绩效评价研究.pdf.md
PERFV6D-042,财政支出绩效评价研究-财政支出绩效评价的指标体系…规则包,规则包,rule_pack,P1,L2,绩效评价 / 预算执行与财政管理 / 财政与政府债务,绩效/绩效评价,合规性,performance_evaluator / budget_estimator,book,绩效,财政支出绩效评价研究,财政支出绩效评价的指标体系…,新增,基于《财政支出绩效评价研究》中“财政支出绩效评价的指标体系…”相关内容，固化审计对象在合规性、真实性、绩效性和责任链方面的风险，形成可复核的疑点、规则或指标输出。,项目台账；财务收支明细；合同与审批资料；支付凭证；审计发现清单；预算批复表；预算调整表；绩效目标表；绩效指标表；产出效果数据,财政支出绩效评价的指标体系…规则编号、规则说明、触发条件、证据资料、处理建议,E:\2026\审计方法&政策文件\_ocr_output\绩效\财政支出绩效评价研究.pdf.md
PERFV6D-043,财政支出绩效评价研究-财政支出绩效评价研究.pdf指标包,指标包,indicator_pack,P1,L3,绩效评价 / 预算执行与财政管理 / 财政与政府债务,绩效/绩效评价,绩效偏离,performance_evaluator / budget_estimator,book,绩效,财政支出绩效评价研究,财政支出绩效评价研究.pdf,新增,基于《财政支出绩效评价研究》中“财政支出绩效评价研究.pdf”相关内容，量化评价审计对象在合规性、真实性、绩效性和责任链方面的风险，形成可复核的疑点、规则或指标输出。,项目台账；财务收支明细；合同与审批资料；支付凭证；审计发现清单；预算批复表；预算调整表；绩效目标表；绩效指标表；产出效果数据,财政支出绩效评价研究.pdf指标名称、指标值、标准值、偏离率、评分和扣分原因,E:\2026\审计方法&政策文件\_ocr_output\绩效\财政支出绩效评价研究.pdf.md
PERFV6D-044,财政支出绩效评价研究-中国开展财政支出绩效评价的背检测算法,算法候选,algorithm,P1,L3,绩效评价 / 预算执行与财政管理 / 财政与政府债务,绩效/绩效评价,绩效偏离,performance_evaluator / budget_estimator,book,绩效,财政支出绩效评价研究,中国开展财政支出绩效评价的背,新增,基于《财政支出绩效评价研究》中“中国开展财政支出绩效评价的背”相关内容，识别审计对象在合规性、真实性、绩效性和责任链方面的风险，形成可复核的疑点、规则或指标输出。,项目台账；财务收支明细；合同与审批资料；支付凭证；审计发现清单；预算批复表；预算调整表；绩效目标表；绩效指标表；产出效果数据,中国开展财政支出绩效评价的背疑点清单、风险等级、命中规则、涉及金额、核查建议,E:\2026\审计方法&政策文件\_ocr_output\绩效\财政支出绩效评价研究.pdf.md
PERFV6D-045,财政支出绩效评价研究-财政支出绩效评价的基本理论内控核查包,内控包,control_pack,P1,L2,绩效评价 / 预算执行与财政管理 / 财政与政府债务,绩效/绩效评价,合规性,performance_evaluator / budget_estimator,book,绩效,财政支出绩效评价研究,财政支出绩效评价的基本理论,新增,基于《财政支出绩效评价研究》中“财政支出绩效评价的基本理论”相关内容，核查审计对象在合规性、真实性、绩效性和责任链方面的风险，形成可复核的疑点、规则或指标输出。,项目台账；财务收支明细；合同与审批资料；支付凭证；审计发现清单；预算批复表；预算调整表；绩效目标表；绩效指标表；产出效果数据,财政支出绩效评价的基本理论控制点、缺陷类型、责任环节、整改任务、复核状态,E:\2026\审计方法&政策文件\_ocr_output\绩效\财政支出绩效评价研究.pdf.md
PERFV6D-046,财政支出绩效评价研究-财政支出绩效评价的基本概念规则包,规则包,rule_pack,P1,L2,绩效评价 / 预算执行与财政管理 / 财政与政府债务,绩效/绩效评价,合规性,performance_evaluator / budget_estimator,book,绩效,财政支出绩效评价研究,财政支出绩效评价的基本概念,新增,基于《财政支出绩效评价研究》中“财政支出绩效评价的基本概念”相关内容，固化审计对象在合规性、真实性、绩效性和责任链方面的风险，形成可复核的疑点、规则或指标输出。,项目台账；财务收支明细；合同与审批资料；支付凭证；审计发现清单；预算批复表；预算调整表；绩效目标表；绩效指标表；产出效果数据,财政支出绩效评价的基本概念规则编号、规则说明、触发条件、证据资料、处理建议,E:\2026\审计方法&政策文件\_ocr_output\绩效\财政支出绩效评价研究.pdf.md
PERFV6D-047,财政支出绩效评价研究-财政支出绩效评价的理论基础和指标包,指标包,indicator_pack,P1,L3,绩效评价 / 预算执行与财政管理 / 财政与政府债务,绩效/绩效评价,绩效偏离,performance_evaluator / budget_estimator,book,绩效,财政支出绩效评价研究,财政支出绩效评价的理论基础和,新增,基于《财政支出绩效评价研究》中“财政支出绩效评价的理论基础和”相关内容，量化评价审计对象在合规性、真实性、绩效性和责任链方面的风险，形成可复核的疑点、规则或指标输出。,项目台账；财务收支明细；合同与审批资料；支付凭证；审计发现清单；预算批复表；预算调整表；绩效目标表；绩效指标表；产出效果数据,财政支出绩效评价的理论基础和指标名称、指标值、标准值、偏离率、评分和扣分原因,E:\2026\审计方法&政策文件\_ocr_output\绩效\财政支出绩效评价研究.pdf.md
CARBV6D-001,中国碳排放权交易实务-为碳排放核查，解析了温室气体排放核查的流程和要求，并对已检测算法,算法候选,algorithm,P0,L3,能源与双碳审计 / 资源环境审计 / 绩效评价,能源/能源与双碳审计,异常性,law_inspector / performance_evaluator,book,能源,中国碳排放权交易实务,为碳排放核查，解析了温室气体排放核查的流程和要求，并对已,新增,基于《中国碳排放权交易实务》中“为碳排放核查，解析了温室气体排放核查的流程和要求，并对已”相关内容，识别审计对象在合规性、真实性、绩效性和责任链方面的风险，形成可复核的疑点、规则或指标输出。,项目台账；财务收支明细；合同与审批资料；支付凭证；审计发现清单；工程量清单；结算书；签证变更；竣工资料；能耗账单,为碳排放核查，解析了温室气体排放核查的流程和要求，并对已疑点清单、风险等级、命中规则、涉及金额、核查建议,E:\2026\审计方法&政策文件\_ocr_output\能源\中国碳排放权交易实务.pdf.md
CARBV6D-002,中国碳排放权交易实务-为碳资产管理，介绍了企业如何实施碳资产管理、进行碳资产交规则包,规则包,rule_pack,P1,L2,能源与双碳审计 / 资源环境审计 / 绩效评价,能源/能源与双碳审计,合规性,law_inspector / performance_evaluator,book,能源,中国碳排放权交易实务,为碳资产管理，介绍了企业如何实施碳资产管理、进行碳资产交,新增,基于《中国碳排放权交易实务》中“为碳资产管理，介绍了企业如何实施碳资产管理、进行碳资产交”相关内容，固化审计对象在合规性、真实性、绩效性和责任链方面的风险，形成可复核的疑点、规则或指标输出。,项目台账；财务收支明细；合同与审批资料；支付凭证；审计发现清单；工程量清单；结算书；签证变更；竣工资料；能耗账单,为碳资产管理，介绍了企业如何实施碳资产管理、进行碳资产交规则编号、规则说明、触发条件、证据资料、处理建议,E:\2026\审计方法&政策文件\_ocr_output\能源\中国碳排放权交易实务.pdf.md
CARBV6D-003,中国碳排放权交易实务-能耗基线异常指标包,指标包,indicator_pack,P1,L3,能源与双碳审计 / 资源环境审计 / 绩效评价,能源/能源与双碳审计,异常性,law_inspector / performance_evaluator,book,能源,中国碳排放权交易实务,能耗基线异常,新增,基于《中国碳排放权交易实务》中“能耗基线异常”相关内容，量化评价审计对象在合规性、真实性、绩效性和责任链方面的风险，形成可复核的疑点、规则或指标输出。,项目台账；财务收支明细；合同与审批资料；支付凭证；审计发现清单；工程量清单；结算书；签证变更；竣工资料；能耗账单,能耗基线异常指标名称、指标值、标准值、偏离率、评分和扣分原因,E:\2026\审计方法&政策文件\_ocr_output\能源\中国碳排放权交易实务.pdf.md
CARBV6D-004,中国碳排放权交易实务-单位面积能耗对标检测算法,算法候选,algorithm,P1,L3,能源与双碳审计 / 资源环境审计 / 绩效评价,能源/能源与双碳审计,异常性,law_inspector / performance_evaluator,book,能源,中国碳排放权交易实务,单位面积能耗对标,新增,基于《中国碳排放权交易实务》中“单位面积能耗对标”相关内容，识别审计对象在合规性、真实性、绩效性和责任链方面的风险，形成可复核的疑点、规则或指标输出。,项目台账；财务收支明细；合同与审批资料；支付凭证；审计发现清单；工程量清单；结算书；签证变更；竣工资料；能耗账单,单位面积能耗对标疑点清单、风险等级、命中规则、涉及金额、核查建议,E:\2026\审计方法&政策文件\_ocr_output\能源\中国碳排放权交易实务.pdf.md
CARBV6D-005,中国碳排放权交易实务-节能率真实性内控核查包,内控包,control_pack,P1,L2,能源与双碳审计 / 资源环境审计 / 绩效评价,能源/能源与双碳审计,合规性,law_inspector / performance_evaluator,book,能源,中国碳排放权交易实务,节能率真实性,新增,基于《中国碳排放权交易实务》中“节能率真实性”相关内容，核查审计对象在合规性、真实性、绩效性和责任链方面的风险，形成可复核的疑点、规则或指标输出。,项目台账；财务收支明细；合同与审批资料；支付凭证；审计发现清单；工程量清单；结算书；签证变更；竣工资料；能耗账单,节能率真实性控制点、缺陷类型、责任环节、整改任务、复核状态,E:\2026\审计方法&政策文件\_ocr_output\能源\中国碳排放权交易实务.pdf.md
CARBV6D-006,中国碳排放权交易实务-碳配额履约一致性规则包,规则包,rule_pack,P1,L2,能源与双碳审计 / 资源环境审计 / 绩效评价,能源/能源与双碳审计,合规性,law_inspector / performance_evaluator,book,能源,中国碳排放权交易实务,碳配额履约一致性,新增,基于《中国碳排放权交易实务》中“碳配额履约一致性”相关内容，固化审计对象在合规性、真实性、绩效性和责任链方面的风险，形成可复核的疑点、规则或指标输出。,项目台账；财务收支明细；合同与审批资料；支付凭证；审计发现清单；工程量清单；结算书；签证变更；竣工资料；能耗账单,碳配额履约一致性规则编号、规则说明、触发条件、证据资料、处理建议,E:\2026\审计方法&政策文件\_ocr_output\能源\中国碳排放权交易实务.pdf.md
CARBV6D-007,中国碳排放权交易实务-碳交易异常指标包,指标包,indicator_pack,P1,L4,能源与双碳审计 / 资源环境审计 / 绩效评价,能源/能源与双碳审计,异常性,law_inspector / performance_evaluator,book,能源,中国碳排放权交易实务,碳交易异常,新增,基于《中国碳排放权交易实务》中“碳交易异常”相关内容，量化评价审计对象在合规性、真实性、绩效性和责任链方面的风险，形成可复核的疑点、规则或指标输出。,项目台账；财务收支明细；合同与审批资料；支付凭证；审计发现清单；工程量清单；结算书；签证变更；竣工资料；能耗账单,碳交易异常指标名称、指标值、标准值、偏离率、评分和扣分原因,E:\2026\审计方法&政策文件\_ocr_output\能源\中国碳排放权交易实务.pdf.md
CARBV6D-008,中国碳排放权交易实务-减排量真实性证据链包,证据包,evidence_pack,P1,L3,能源与双碳审计 / 资源环境审计 / 绩效评价,能源/能源与双碳审计,异常性,law_inspector / performance_evaluator,book,能源,中国碳排放权交易实务,减排量真实性,新增,基于《中国碳排放权交易实务》中“减排量真实性”相关内容，贯通审计对象在合规性、真实性、绩效性和责任链方面的风险，形成可复核的疑点、规则或指标输出。,项目台账；财务收支明细；合同与审批资料；支付凭证；审计发现清单；工程量清单；结算书；签证变更；竣工资料；能耗账单,减排量真实性证据链节点、证据缺口、访谈对象、底稿索引、结论边界,E:\2026\审计方法&政策文件\_ocr_output\能源\中国碳排放权交易实务.pdf.md
CARBV6D-009,公共机构能源审计-能源审计的思路和方法检测算法,算法候选,algorithm,P1,L3,能源与双碳审计 / 资源环境审计 / 绩效评价,能源/能源与双碳审计,异常性,law_inspector / performance_evaluator,book,能源,公共机构能源审计,能源审计的思路和方法,新增,基于《公共机构能源审计》中“能源审计的思路和方法”相关内容，识别审计对象在合规性、真实性、绩效性和责任链方面的风险，形成可复核的疑点、规则或指标输出。,项目台账；财务收支明细；合同与审批资料；支付凭证；审计发现清单；绩效指标表；产出效果数据；满意度问卷；能耗账单；设备台账,能源审计的思路和方法疑点清单、风险等级、命中规则、涉及金额、核查建议,E:\2026\审计方法&政策文件\_ocr_output\能源\公共机构能源审计.pdf.md
CARBV6D-010,公共机构能源审计-简单能源审计及其能耗分析规则包,规则包,rule_pack,P1,L2,能源与双碳审计 / 资源环境审计 / 绩效评价,能源/能源与双碳审计,合规性,law_inspector / performance_evaluator,book,能源,公共机构能源审计,简单能源审计及其能耗分析,新增,基于《公共机构能源审计》中“简单能源审计及其能耗分析”相关内容，固化审计对象在合规性、真实性、绩效性和责任链方面的风险，形成可复核的疑点、规则或指标输出。,项目台账；财务收支明细；合同与审批资料；支付凭证；审计发现清单；绩效指标表；产出效果数据；满意度问卷；能耗账单；设备台账,简单能源审计及其能耗分析规则编号、规则说明、触发条件、证据资料、处理建议,E:\2026\审计方法&政策文件\_ocr_output\能源\公共机构能源审计.pdf.md
CARBV6D-011,公共机构能源审计-能源管理状况审计指标包,指标包,indicator_pack,P1,L3,能源与双碳审计 / 资源环境审计 / 绩效评价,能源/能源与双碳审计,异常性,law_inspector / performance_evaluator,book,能源,公共机构能源审计,能源管理状况审计,新增,基于《公共机构能源审计》中“能源管理状况审计”相关内容，量化评价审计对象在合规性、真实性、绩效性和责任链方面的风险，形成可复核的疑点、规则或指标输出。,项目台账；财务收支明细；合同与审批资料；支付凭证；审计发现清单；绩效指标表；产出效果数据；满意度问卷；能耗账单；设备台账,能源管理状况审计指标名称、指标值、标准值、偏离率、评分和扣分原因,E:\2026\审计方法&政策文件\_ocr_output\能源\公共机构能源审计.pdf.md
CARBV6D-012,公共机构能源审计-公共机构能源审计.pdf检测算法,算法候选,algorithm,P1,L3,能源与双碳审计 / 资源环境审计 / 绩效评价,能源/能源与双碳审计,异常性,law_inspector / performance_evaluator,book,能源,公共机构能源审计,公共机构能源审计.pdf,新增,基于《公共机构能源审计》中“公共机构能源审计.pdf”相关内容，识别审计对象在合规性、真实性、绩效性和责任链方面的风险，形成可复核的疑点、规则或指标输出。,项目台账；财务收支明细；合同与审批资料；支付凭证；审计发现清单；绩效指标表；产出效果数据；满意度问卷；能耗账单；设备台账,公共机构能源审计.pdf疑点清单、风险等级、命中规则、涉及金额、核查建议,E:\2026\审计方法&政策文件\_ocr_output\能源\公共机构能源审计.pdf.md
CARBV6D-013,公共机构能源审计-认真落实公共机构节能管理制度，加强公共机构节能管理和监督内控核查包,内控包,control_pack,P1,L2,能源与双碳审计 / 资源环境审计 / 绩效评价,能源/能源与双碳审计,合规性,law_inspector / performance_evaluator,book,能源,公共机构能源审计,认真落实公共机构节能管理制度，加强公共机构节能管理和监督,新增,基于《公共机构能源审计》中“认真落实公共机构节能管理制度，加强公共机构节能管理和监督”相关内容，核查审计对象在合规性、真实性、绩效性和责任链方面的风险，形成可复核的疑点、规则或指标输出。,项目台账；财务收支明细；合同与审批资料；支付凭证；审计发现清单；绩效指标表；产出效果数据；满意度问卷；能耗账单；设备台账,认真落实公共机构节能管理制度，加强公共机构节能管理和监督控制点、缺陷类型、责任环节、整改任务、复核状态,E:\2026\审计方法&政策文件\_ocr_output\能源\公共机构能源审计.pdf.md
CARBV6D-014,公共机构能源审计-能源审计基本知识规则包,规则包,rule_pack,P1,L2,能源与双碳审计 / 资源环境审计 / 绩效评价,能源/能源与双碳审计,合规性,law_inspector / performance_evaluator,book,能源,公共机构能源审计,能源审计基本知识,新增,基于《公共机构能源审计》中“能源审计基本知识”相关内容，固化审计对象在合规性、真实性、绩效性和责任链方面的风险，形成可复核的疑点、规则或指标输出。,项目台账；财务收支明细；合同与审批资料；支付凭证；审计发现清单；绩效指标表；产出效果数据；满意度问卷；能耗账单；设备台账,能源审计基本知识规则编号、规则说明、触发条件、证据资料、处理建议,E:\2026\审计方法&政策文件\_ocr_output\能源\公共机构能源审计.pdf.md
CARBV6D-015,公共机构能源审计实务-公共机构能源审计程序与内容检测算法,算法候选,algorithm,P0,L3,能源与双碳审计 / 资源环境审计 / 绩效评价,能源/能源与双碳审计,异常性,law_inspector / performance_evaluator,book,能源,公共机构能源审计实务,公共机构能源审计程序与内容,新增,基于《公共机构能源审计实务》中“公共机构能源审计程序与内容”相关内容，识别审计对象在合规性、真实性、绩效性和责任链方面的风险，形成可复核的疑点、规则或指标输出。,项目台账；财务收支明细；合同与审批资料；支付凭证；审计发现清单；绩效指标表；产出效果数据；满意度问卷；能耗账单；设备台账,公共机构能源审计程序与内容疑点清单、风险等级、命中规则、涉及金额、核查建议,E:\2026\审计方法&政策文件\_ocr_output\能源\公共机构能源审计实务.pdf.md
CARBV6D-016,公共机构能源审计实务-公共机构能源审计程序规则包,规则包,rule_pack,P1,L2,能源与双碳审计 / 资源环境审计 / 绩效评价,能源/能源与双碳审计,合规性,law_inspector / performance_evaluator,book,能源,公共机构能源审计实务,公共机构能源审计程序,新增,基于《公共机构能源审计实务》中“公共机构能源审计程序”相关内容，固化审计对象在合规性、真实性、绩效性和责任链方面的风险，形成可复核的疑点、规则或指标输出。,项目台账；财务收支明细；合同与审批资料；支付凭证；审计发现清单；绩效指标表；产出效果数据；满意度问卷；能耗账单；设备台账,公共机构能源审计程序规则编号、规则说明、触发条件、证据资料、处理建议,E:\2026\审计方法&政策文件\_ocr_output\能源\公共机构能源审计实务.pdf.md
CARBV6D-017,公共机构能源审计实务-公共机构能源审计实务.pdf指标包,指标包,indicator_pack,P1,L3,能源与双碳审计 / 资源环境审计 / 绩效评价,能源/能源与双碳审计,异常性,law_inspector / performance_evaluator,book,能源,公共机构能源审计实务,公共机构能源审计实务.pdf,新增,基于《公共机构能源审计实务》中“公共机构能源审计实务.pdf”相关内容，量化评价审计对象在合规性、真实性、绩效性和责任链方面的风险，形成可复核的疑点、规则或指标输出。,项目台账；财务收支明细；合同与审批资料；支付凭证；审计发现清单；绩效指标表；产出效果数据；满意度问卷；能耗账单；设备台账,公共机构能源审计实务.pdf指标名称、指标值、标准值、偏离率、评分和扣分原因,E:\2026\审计方法&政策文件\_ocr_output\能源\公共机构能源审计实务.pdf.md
CARBV6D-018,公共机构能源审计实务-公共机构能源审计概述检测算法,算法候选,algorithm,P1,L3,能源与双碳审计 / 资源环境审计 / 绩效评价,能源/能源与双碳审计,异常性,law_inspector / performance_evaluator,book,能源,公共机构能源审计实务,公共机构能源审计概述,新增,基于《公共机构能源审计实务》中“公共机构能源审计概述”相关内容，识别审计对象在合规性、真实性、绩效性和责任链方面的风险，形成可复核的疑点、规则或指标输出。,项目台账；财务收支明细；合同与审批资料；支付凭证；审计发现清单；绩效指标表；产出效果数据；满意度问卷；能耗账单；设备台账,公共机构能源审计概述疑点清单、风险等级、命中规则、涉及金额、核查建议,E:\2026\审计方法&政策文件\_ocr_output\能源\公共机构能源审计实务.pdf.md
CARBV6D-019,公共机构能源审计实务-公共机构能源审计工作要求内控核查包,内控包,control_pack,P1,L2,能源与双碳审计 / 资源环境审计 / 绩效评价,能源/能源与双碳审计,合规性,law_inspector / performance_evaluator,book,能源,公共机构能源审计实务,公共机构能源审计工作要求,新增,基于《公共机构能源审计实务》中“公共机构能源审计工作要求”相关内容，核查审计对象在合规性、真实性、绩效性和责任链方面的风险，形成可复核的疑点、规则或指标输出。,项目台账；财务收支明细；合同与审批资料；支付凭证；审计发现清单；绩效指标表；产出效果数据；满意度问卷；能耗账单；设备台账,公共机构能源审计工作要求控制点、缺陷类型、责任环节、整改任务、复核状态,E:\2026\审计方法&政策文件\_ocr_output\能源\公共机构能源审计实务.pdf.md
CARBV6D-020,公共机构能源审计实务-公共机构能源审计分类和工作流程规则包,规则包,rule_pack,P1,L2,能源与双碳审计 / 资源环境审计 / 绩效评价,能源/能源与双碳审计,合规性,law_inspector / performance_evaluator,book,能源,公共机构能源审计实务,公共机构能源审计分类和工作流程,新增,基于《公共机构能源审计实务》中“公共机构能源审计分类和工作流程”相关内容，固化审计对象在合规性、真实性、绩效性和责任链方面的风险，形成可复核的疑点、规则或指标输出。,项目台账；财务收支明细；合同与审批资料；支付凭证；审计发现清单；绩效指标表；产出效果数据；满意度问卷；能耗账单；设备台账,公共机构能源审计分类和工作流程规则编号、规则说明、触发条件、证据资料、处理建议,E:\2026\审计方法&政策文件\_ocr_output\能源\公共机构能源审计实务.pdf.md
CARBV6D-021,公共机构能源审计实务-公共机构能源审计基础知识指标包,指标包,indicator_pack,P1,L3,能源与双碳审计 / 资源环境审计 / 绩效评价,能源/能源与双碳审计,异常性,law_inspector / performance_evaluator,book,能源,公共机构能源审计实务,公共机构能源审计基础知识,新增,基于《公共机构能源审计实务》中“公共机构能源审计基础知识”相关内容，量化评价审计对象在合规性、真实性、绩效性和责任链方面的风险，形成可复核的疑点、规则或指标输出。,项目台账；财务收支明细；合同与审批资料；支付凭证；审计发现清单；绩效指标表；产出效果数据；满意度问卷；能耗账单；设备台账,公共机构能源审计基础知识指标名称、指标值、标准值、偏离率、评分和扣分原因,E:\2026\审计方法&政策文件\_ocr_output\能源\公共机构能源审计实务.pdf.md
CARBV6D-022,碳达峰与碳中和实施指南-国外碳中和管理政策检测算法,算法候选,algorithm,P1,L3,能源与双碳审计 / 资源环境审计 / 绩效评价,能源/能源与双碳审计,异常性,law_inspector / performance_evaluator,book,能源,碳达峰与碳中和实施指南,国外碳中和管理政策,新增,基于《碳达峰与碳中和实施指南》中“国外碳中和管理政策”相关内容，识别审计对象在合规性、真实性、绩效性和责任链方面的风险，形成可复核的疑点、规则或指标输出。,项目台账；财务收支明细；合同与审批资料；支付凭证；审计发现清单；能耗账单；设备台账；碳排放/配额数据；农户信息；土地确权,国外碳中和管理政策疑点清单、风险等级、命中规则、涉及金额、核查建议,E:\2026\审计方法&政策文件\_ocr_output\能源\碳达峰与碳中和实施指南.pdf.md
CARBV6D-023,碳达峰与碳中和实施指南-国内碳中和管理政策规则包,规则包,rule_pack,P1,L2,能源与双碳审计 / 资源环境审计 / 绩效评价,能源/能源与双碳审计,合规性,law_inspector / performance_evaluator,book,能源,碳达峰与碳中和实施指南,国内碳中和管理政策,新增,基于《碳达峰与碳中和实施指南》中“国内碳中和管理政策”相关内容，固化审计对象在合规性、真实性、绩效性和责任链方面的风险，形成可复核的疑点、规则或指标输出。,项目台账；财务收支明细；合同与审批资料；支付凭证；审计发现清单；能耗账单；设备台账；碳排放/配额数据；农户信息；土地确权,国内碳中和管理政策规则编号、规则说明、触发条件、证据资料、处理建议,E:\2026\审计方法&政策文件\_ocr_output\能源\碳达峰与碳中和实施指南.pdf.md
CARBV6D-024,碳达峰与碳中和实施指南-公布“碳排放管理员”指标包,指标包,indicator_pack,P1,L3,能源与双碳审计 / 资源环境审计 / 绩效评价,能源/能源与双碳审计,异常性,law_inspector / performance_evaluator,book,能源,碳达峰与碳中和实施指南,公布“碳排放管理员”,新增,基于《碳达峰与碳中和实施指南》中“公布“碳排放管理员””相关内容，量化评价审计对象在合规性、真实性、绩效性和责任链方面的风险，形成可复核的疑点、规则或指标输出。,项目台账；财务收支明细；合同与审批资料；支付凭证；审计发现清单；能耗账单；设备台账；碳排放/配额数据；农户信息；土地确权,公布“碳排放管理员”指标名称、指标值、标准值、偏离率、评分和扣分原因,E:\2026\审计方法&政策文件\_ocr_output\能源\碳达峰与碳中和实施指南.pdf.md
CARBV6D-025,碳达峰与碳中和实施指南-能耗基线异常检测算法,算法候选,algorithm,P1,L3,能源与双碳审计 / 资源环境审计 / 绩效评价,能源/能源与双碳审计,异常性,law_inspector / performance_evaluator,book,能源,碳达峰与碳中和实施指南,能耗基线异常,新增,基于《碳达峰与碳中和实施指南》中“能耗基线异常”相关内容，识别审计对象在合规性、真实性、绩效性和责任链方面的风险，形成可复核的疑点、规则或指标输出。,项目台账；财务收支明细；合同与审批资料；支付凭证；审计发现清单；能耗账单；设备台账；碳排放/配额数据；农户信息；土地确权,能耗基线异常疑点清单、风险等级、命中规则、涉及金额、核查建议,E:\2026\审计方法&政策文件\_ocr_output\能源\碳达峰与碳中和实施指南.pdf.md
CARBV6D-026,碳达峰与碳中和实施指南-单位面积能耗对标内控核查包,内控包,control_pack,P1,L2,能源与双碳审计 / 资源环境审计 / 绩效评价,能源/能源与双碳审计,合规性,law_inspector / performance_evaluator,book,能源,碳达峰与碳中和实施指南,单位面积能耗对标,新增,基于《碳达峰与碳中和实施指南》中“单位面积能耗对标”相关内容，核查审计对象在合规性、真实性、绩效性和责任链方面的风险，形成可复核的疑点、规则或指标输出。,项目台账；财务收支明细；合同与审批资料；支付凭证；审计发现清单；能耗账单；设备台账；碳排放/配额数据；农户信息；土地确权,单位面积能耗对标控制点、缺陷类型、责任环节、整改任务、复核状态,E:\2026\审计方法&政策文件\_ocr_output\能源\碳达峰与碳中和实施指南.pdf.md
CARBV6D-027,碳达峰与碳中和实施指南-节能率真实性规则包,规则包,rule_pack,P1,L2,能源与双碳审计 / 资源环境审计 / 绩效评价,能源/能源与双碳审计,合规性,law_inspector / performance_evaluator,book,能源,碳达峰与碳中和实施指南,节能率真实性,新增,基于《碳达峰与碳中和实施指南》中“节能率真实性”相关内容，固化审计对象在合规性、真实性、绩效性和责任链方面的风险，形成可复核的疑点、规则或指标输出。,项目台账；财务收支明细；合同与审批资料；支付凭证；审计发现清单；能耗账单；设备台账；碳排放/配额数据；农户信息；土地确权,节能率真实性规则编号、规则说明、触发条件、证据资料、处理建议,E:\2026\审计方法&政策文件\_ocr_output\能源\碳达峰与碳中和实施指南.pdf.md
CARBV6D-028,能源审计原理与实施方法-能源审计原理与实施方法.pdf检测算法,算法候选,algorithm,P0,L3,能源与双碳审计 / 资源环境审计 / 绩效评价,能源/能源与双碳审计,异常性,law_inspector / performance_evaluator,book,能源,能源审计原理与实施方法,能源审计原理与实施方法.pdf,新增,基于《能源审计原理与实施方法》中“能源审计原理与实施方法.pdf”相关内容，识别审计对象在合规性、真实性、绩效性和责任链方面的风险，形成可复核的疑点、规则或指标输出。,项目台账；财务收支明细；合同与审批资料；支付凭证；审计发现清单；绩效指标表；产出效果数据；满意度问卷；能耗账单；设备台账,能源审计原理与实施方法.pdf疑点清单、风险等级、命中规则、涉及金额、核查建议,E:\2026\审计方法&政策文件\_ocr_output\能源\能源审计原理与实施方法.pdf.md
CARBV6D-029,能源审计原理与实施方法-企业能源审计的原理和方法规则包,规则包,rule_pack,P1,L2,能源与双碳审计 / 资源环境审计 / 绩效评价,能源/能源与双碳审计,合规性,law_inspector / performance_evaluator,book,能源,能源审计原理与实施方法,企业能源审计的原理和方法,新增,基于《能源审计原理与实施方法》中“企业能源审计的原理和方法”相关内容，固化审计对象在合规性、真实性、绩效性和责任链方面的风险，形成可复核的疑点、规则或指标输出。,项目台账；财务收支明细；合同与审批资料；支付凭证；审计发现清单；绩效指标表；产出效果数据；满意度问卷；能耗账单；设备台账,企业能源审计的原理和方法规则编号、规则说明、触发条件、证据资料、处理建议,E:\2026\审计方法&政策文件\_ocr_output\能源\能源审计原理与实施方法.pdf.md
CARBV6D-030,能源审计原理与实施方法-3企业能源审计的方法指标包,指标包,indicator_pack,P1,L3,能源与双碳审计 / 资源环境审计 / 绩效评价,能源/能源与双碳审计,异常性,law_inspector / performance_evaluator,book,能源,能源审计原理与实施方法,3企业能源审计的方法,新增,基于《能源审计原理与实施方法》中“3企业能源审计的方法”相关内容，量化评价审计对象在合规性、真实性、绩效性和责任链方面的风险，形成可复核的疑点、规则或指标输出。,项目台账；财务收支明细；合同与审批资料；支付凭证；审计发现清单；绩效指标表；产出效果数据；满意度问卷；能耗账单；设备台账,3企业能源审计的方法指标名称、指标值、标准值、偏离率、评分和扣分原因,E:\2026\审计方法&政策文件\_ocr_output\能源\能源审计原理与实施方法.pdf.md
CARBV6D-031,能源审计原理与实施方法-能源审计概述检测算法,算法候选,algorithm,P1,L3,能源与双碳审计 / 资源环境审计 / 绩效评价,能源/能源与双碳审计,异常性,law_inspector / performance_evaluator,book,能源,能源审计原理与实施方法,能源审计概述,新增,基于《能源审计原理与实施方法》中“能源审计概述”相关内容，识别审计对象在合规性、真实性、绩效性和责任链方面的风险，形成可复核的疑点、规则或指标输出。,项目台账；财务收支明细；合同与审批资料；支付凭证；审计发现清单；绩效指标表；产出效果数据；满意度问卷；能耗账单；设备台账,能源审计概述疑点清单、风险等级、命中规则、涉及金额、核查建议,E:\2026\审计方法&政策文件\_ocr_output\能源\能源审计原理与实施方法.pdf.md
CARBV6D-032,能源审计原理与实施方法-1.6能源评价内控核查包,内控包,control_pack,P1,L2,能源与双碳审计 / 资源环境审计 / 绩效评价,能源/能源与双碳审计,合规性,law_inspector / performance_evaluator,book,能源,能源审计原理与实施方法,1.6能源评价,新增,基于《能源审计原理与实施方法》中“1.6能源评价”相关内容，核查审计对象在合规性、真实性、绩效性和责任链方面的风险，形成可复核的疑点、规则或指标输出。,项目台账；财务收支明细；合同与审批资料；支付凭证；审计发现清单；绩效指标表；产出效果数据；满意度问卷；能耗账单；设备台账,1.6能源评价控制点、缺陷类型、责任环节、整改任务、复核状态,E:\2026\审计方法&政策文件\_ocr_output\能源\能源审计原理与实施方法.pdf.md
CARBV6D-033,能源审计原理与实施方法-2能源审计规则包,规则包,rule_pack,P1,L2,能源与双碳审计 / 资源环境审计 / 绩效评价,能源/能源与双碳审计,合规性,law_inspector / performance_evaluator,book,能源,能源审计原理与实施方法,2能源审计,新增,基于《能源审计原理与实施方法》中“2能源审计”相关内容，固化审计对象在合规性、真实性、绩效性和责任链方面的风险，形成可复核的疑点、规则或指标输出。,项目台账；财务收支明细；合同与审批资料；支付凭证；审计发现清单；绩效指标表；产出效果数据；满意度问卷；能耗账单；设备台账,2能源审计规则编号、规则说明、触发条件、证据资料、处理建议,E:\2026\审计方法&政策文件\_ocr_output\能源\能源审计原理与实施方法.pdf.md
SOEV6D-001,内部审计工作法-2.6责任观：遇到问题找方法，而不是刻意只去查后果／22检测算法,算法候选,algorithm,P0,L3,全场景通用 / 监督检查与经费舞弊 / 绩效评价,通用/全场景通用,异常性,data_scout / workpaper_crafter,book,通用,内部审计工作法,2.6责任观：遇到问题找方法，而不是刻意只去查后果／22,新增,基于《内部审计工作法》中“2.6责任观：遇到问题找方法，而不是刻意只去查后果／22”相关内容，识别审计对象在合规性、真实性、绩效性和责任链方面的风险，形成可复核的疑点、规则或指标输出。,项目台账；财务收支明细；合同与审批资料；支付凭证；审计发现清单；绩效指标表；产出效果数据；满意度问卷；工程量清单；结算书,2.6责任观：遇到问题找方法，而不是刻意只去查后果／22疑点清单、风险等级、命中规则、涉及金额、核查建议,E:\2026\审计方法&政策文件\_ocr_output\通用\内部审计工作法.pdf.md
SOEV6D-002,内部审计工作法-“审计计划”提供了三套由浅入深的风险问卷模板。审计计划好规则包,规则包,rule_pack,P1,L2,全场景通用 / 监督检查与经费舞弊 / 预算执行与财政管理,通用/全场景通用,合规性,data_scout / workpaper_crafter,book,通用,内部审计工作法,“审计计划”提供了三套由浅入深的风险问卷模板。审计计划好,新增,基于《内部审计工作法》中““审计计划”提供了三套由浅入深的风险问卷模板。审计计划好”相关内容，固化审计对象在合规性、真实性、绩效性和责任链方面的风险，形成可复核的疑点、规则或指标输出。,项目台账；财务收支明细；合同与审批资料；支付凭证；审计发现清单；绩效指标表；产出效果数据；满意度问卷；工程量清单；结算书,“审计计划”提供了三套由浅入深的风险问卷模板。审计计划好规则编号、规则说明、触发条件、证据资料、处理建议,E:\2026\审计方法&政策文件\_ocr_output\通用\内部审计工作法.pdf.md
SOEV6D-003,内部审计工作法-“快乐审计团队的实操案例”介绍了我们快乐审计团队共同面对指标包,指标包,indicator_pack,P1,L3,全场景通用 / 监督检查与经费舞弊 / 绩效评价,通用/全场景通用,异常性,data_scout / workpaper_crafter,book,通用,内部审计工作法,“快乐审计团队的实操案例”介绍了我们快乐审计团队共同面对,新增,基于《内部审计工作法》中““快乐审计团队的实操案例”介绍了我们快乐审计团队共同面对”相关内容，量化评价审计对象在合规性、真实性、绩效性和责任链方面的风险，形成可复核的疑点、规则或指标输出。,项目台账；财务收支明细；合同与审批资料；支付凭证；审计发现清单；绩效指标表；产出效果数据；满意度问卷；工程量清单；结算书,“快乐审计团队的实操案例”介绍了我们快乐审计团队共同面对指标名称、指标值、标准值、偏离率、评分和扣分原因,E:\2026\审计方法&政策文件\_ocr_output\通用\内部审计工作法.pdf.md
SOEV6D-004,内部审计工作法-1.7内部审计是大数据时代的宠儿／12检测算法,算法候选,algorithm,P1,L3,全场景通用 / 监督检查与经费舞弊 / 预算执行与财政管理,通用/全场景通用,异常性,data_scout / workpaper_crafter,book,通用,内部审计工作法,1.7内部审计是大数据时代的宠儿／12,新增,基于《内部审计工作法》中“1.7内部审计是大数据时代的宠儿／12”相关内容，识别审计对象在合规性、真实性、绩效性和责任链方面的风险，形成可复核的疑点、规则或指标输出。,项目台账；财务收支明细；合同与审批资料；支付凭证；审计发现清单；绩效指标表；产出效果数据；满意度问卷；工程量清单；结算书,1.7内部审计是大数据时代的宠儿／12疑点清单、风险等级、命中规则、涉及金额、核查建议,E:\2026\审计方法&政策文件\_ocr_output\通用\内部审计工作法.pdf.md
SOEV6D-005,内部审计工作法-审计证据链抽取内控核查包,内控包,control_pack,P1,L2,全场景通用 / 监督检查与经费舞弊 / 预算执行与财政管理,通用/全场景通用,合规性,data_scout / workpaper_crafter,book,通用,内部审计工作法,审计证据链抽取,新增,基于《内部审计工作法》中“审计证据链抽取”相关内容，核查审计对象在合规性、真实性、绩效性和责任链方面的风险，形成可复核的疑点、规则或指标输出。,项目台账；财务收支明细；合同与审批资料；支付凭证；审计发现清单；绩效指标表；产出效果数据；满意度问卷；工程量清单；结算书,审计证据链抽取控制点、缺陷类型、责任环节、整改任务、复核状态,E:\2026\审计方法&政策文件\_ocr_output\通用\内部审计工作法.pdf.md
SOEV6D-006,内部审计工作法-内控缺陷矩阵规则包,规则包,rule_pack,P1,L2,全场景通用 / 监督检查与经费舞弊 / 预算执行与财政管理,通用/全场景通用,合规性,data_scout / workpaper_crafter,book,通用,内部审计工作法,内控缺陷矩阵,新增,基于《内部审计工作法》中“内控缺陷矩阵”相关内容，固化审计对象在合规性、真实性、绩效性和责任链方面的风险，形成可复核的疑点、规则或指标输出。,项目台账；财务收支明细；合同与审批资料；支付凭证；审计发现清单；绩效指标表；产出效果数据；满意度问卷；工程量清单；结算书,内控缺陷矩阵规则编号、规则说明、触发条件、证据资料、处理建议,E:\2026\审计方法&政策文件\_ocr_output\通用\内部审计工作法.pdf.md
SOEV6D-007,内部审计工作法-审计案例规则化指标包,指标包,indicator_pack,P1,L3,全场景通用 / 监督检查与经费舞弊 / 绩效评价,通用/全场景通用,异常性,data_scout / workpaper_crafter,book,通用,内部审计工作法,审计案例规则化,新增,基于《内部审计工作法》中“审计案例规则化”相关内容，量化评价审计对象在合规性、真实性、绩效性和责任链方面的风险，形成可复核的疑点、规则或指标输出。,项目台账；财务收支明细；合同与审批资料；支付凭证；审计发现清单；绩效指标表；产出效果数据；满意度问卷；工程量清单；结算书,审计案例规则化指标名称、指标值、标准值、偏离率、评分和扣分原因,E:\2026\审计方法&政策文件\_ocr_output\通用\内部审计工作法.pdf.md
PERFV6D-048,内部审计思维与沟通-4审计人员分析问题的思维能力训练案例检测算法,算法候选,algorithm,P0,L3,全场景通用 / 监督检查与经费舞弊 / 绩效评价,通用/全场景通用,绩效偏离,data_scout / workpaper_crafter,book,通用,内部审计思维与沟通,4审计人员分析问题的思维能力训练案例,新增,基于《内部审计思维与沟通》中“4审计人员分析问题的思维能力训练案例”相关内容，识别审计对象在合规性、真实性、绩效性和责任链方面的风险，形成可复核的疑点、规则或指标输出。,项目台账；财务收支明细；合同与审批资料；支付凭证；审计发现清单；绩效指标表；产出效果数据；满意度问卷,4审计人员分析问题的思维能力训练案例疑点清单、风险等级、命中规则、涉及金额、核查建议,E:\2026\审计方法&政策文件\_ocr_output\通用\内部审计思维与沟通.pdf.md
PERFV6D-049,内部审计思维与沟通-风险管理保障规则包,规则包,rule_pack,P1,L2,全场景通用 / 监督检查与经费舞弊 / 预算执行与财政管理,通用/全场景通用,合规性,data_scout / workpaper_crafter,book,通用,内部审计思维与沟通,风险管理保障,新增,基于《内部审计思维与沟通》中“风险管理保障”相关内容，固化审计对象在合规性、真实性、绩效性和责任链方面的风险，形成可复核的疑点、规则或指标输出。,项目台账；财务收支明细；合同与审批资料；支付凭证；审计发现清单；绩效指标表；产出效果数据；满意度问卷,风险管理保障规则编号、规则说明、触发条件、证据资料、处理建议,E:\2026\审计方法&政策文件\_ocr_output\通用\内部审计思维与沟通.pdf.md
PERFV6D-050,内部审计思维与沟通-数据挖掘与分析指标包,指标包,indicator_pack,P1,L3,全场景通用 / 监督检查与经费舞弊 / 预算执行与财政管理,通用/全场景通用,绩效偏离,data_scout / workpaper_crafter,book,通用,内部审计思维与沟通,数据挖掘与分析,新增,基于《内部审计思维与沟通》中“数据挖掘与分析”相关内容，量化评价审计对象在合规性、真实性、绩效性和责任链方面的风险，形成可复核的疑点、规则或指标输出。,项目台账；财务收支明细；合同与审批资料；支付凭证；审计发现清单；绩效指标表；产出效果数据；满意度问卷,数据挖掘与分析指标名称、指标值、标准值、偏离率、评分和扣分原因,E:\2026\审计方法&政策文件\_ocr_output\通用\内部审计思维与沟通.pdf.md
PERFV6D-051,内部审计思维与沟通-1内部审计人员思维能力自我评价检测算法,算法候选,algorithm,P1,L3,全场景通用 / 监督检查与经费舞弊 / 预算执行与财政管理,通用/全场景通用,绩效偏离,data_scout / workpaper_crafter,book,通用,内部审计思维与沟通,1内部审计人员思维能力自我评价,新增,基于《内部审计思维与沟通》中“1内部审计人员思维能力自我评价”相关内容，识别审计对象在合规性、真实性、绩效性和责任链方面的风险，形成可复核的疑点、规则或指标输出。,项目台账；财务收支明细；合同与审批资料；支付凭证；审计发现清单；绩效指标表；产出效果数据；满意度问卷,1内部审计人员思维能力自我评价疑点清单、风险等级、命中规则、涉及金额、核查建议,E:\2026\审计方法&政策文件\_ocr_output\通用\内部审计思维与沟通.pdf.md
PERFV6D-052,内部审计思维与沟通-审计证据链抽取内控核查包,内控包,control_pack,P1,L2,全场景通用 / 监督检查与经费舞弊 / 预算执行与财政管理,通用/全场景通用,合规性,data_scout / workpaper_crafter,book,通用,内部审计思维与沟通,审计证据链抽取,新增,基于《内部审计思维与沟通》中“审计证据链抽取”相关内容，核查审计对象在合规性、真实性、绩效性和责任链方面的风险，形成可复核的疑点、规则或指标输出。,项目台账；财务收支明细；合同与审批资料；支付凭证；审计发现清单；绩效指标表；产出效果数据；满意度问卷,审计证据链抽取控制点、缺陷类型、责任环节、整改任务、复核状态,E:\2026\审计方法&政策文件\_ocr_output\通用\内部审计思维与沟通.pdf.md
PERFV6D-053,内部审计思维与沟通-内控缺陷矩阵规则包,规则包,rule_pack,P1,L2,全场景通用 / 监督检查与经费舞弊 / 预算执行与财政管理,通用/全场景通用,合规性,data_scout / workpaper_crafter,book,通用,内部审计思维与沟通,内控缺陷矩阵,新增,基于《内部审计思维与沟通》中“内控缺陷矩阵”相关内容，固化审计对象在合规性、真实性、绩效性和责任链方面的风险，形成可复核的疑点、规则或指标输出。,项目台账；财务收支明细；合同与审批资料；支付凭证；审计发现清单；绩效指标表；产出效果数据；满意度问卷,内控缺陷矩阵规则编号、规则说明、触发条件、证据资料、处理建议,E:\2026\审计方法&政策文件\_ocr_output\通用\内部审计思维与沟通.pdf.md
PERFV6D-054,内部控制审计实务指南-某央企内部控制审计程序和方法案例26检测算法,算法候选,algorithm,P0,L3,监督检查与经费舞弊 / 预算执行与财政管理 / 经济责任审计,通用/监督检查与经费舞弊,绩效偏离,review_sentinel / data_scout,book,通用,内部控制审计实务指南,某央企内部控制审计程序和方法案例26,新增,基于《内部控制审计实务指南》中“某央企内部控制审计程序和方法案例26”相关内容，识别审计对象在合规性、真实性、绩效性和责任链方面的风险，形成可复核的疑点、规则或指标输出。,项目台账；财务收支明细；合同与审批资料；支付凭证；审计发现清单；绩效指标表；产出效果数据；满意度问卷；采购公告；投标文件,某央企内部控制审计程序和方法案例26疑点清单、风险等级、命中规则、涉及金额、核查建议,E:\2026\审计方法&政策文件\_ocr_output\通用\内部控制审计实务指南.pdf.md
PERFV6D-055,内部控制审计实务指南-某研究院内部控制审计发现缺陷及管理建议案例33规则包,规则包,rule_pack,P1,L2,监督检查与经费舞弊 / 预算执行与财政管理 / 经济责任审计,通用/监督检查与经费舞弊,合规性,review_sentinel / data_scout,book,通用,内部控制审计实务指南,某研究院内部控制审计发现缺陷及管理建议案例33,新增,基于《内部控制审计实务指南》中“某研究院内部控制审计发现缺陷及管理建议案例33”相关内容，固化审计对象在合规性、真实性、绩效性和责任链方面的风险，形成可复核的疑点、规则或指标输出。,项目台账；财务收支明细；合同与审批资料；支付凭证；审计发现清单；绩效指标表；产出效果数据；满意度问卷；采购公告；投标文件,某研究院内部控制审计发现缺陷及管理建议案例33规则编号、规则说明、触发条件、证据资料、处理建议,E:\2026\审计方法&政策文件\_ocr_output\通用\内部控制审计实务指南.pdf.md
PERFV6D-056,内部控制审计实务指南-内部控制审计概述及案例1指标包,指标包,indicator_pack,P1,L3,监督检查与经费舞弊 / 预算执行与财政管理 / 经济责任审计,通用/监督检查与经费舞弊,绩效偏离,review_sentinel / data_scout,book,通用,内部控制审计实务指南,内部控制审计概述及案例1,新增,基于《内部控制审计实务指南》中“内部控制审计概述及案例1”相关内容，量化评价审计对象在合规性、真实性、绩效性和责任链方面的风险，形成可复核的疑点、规则或指标输出。,项目台账；财务收支明细；合同与审批资料；支付凭证；审计发现清单；绩效指标表；产出效果数据；满意度问卷；采购公告；投标文件,内部控制审计概述及案例1指标名称、指标值、标准值、偏离率、评分和扣分原因,E:\2026\审计方法&政策文件\_ocr_output\通用\内部控制审计实务指南.pdf.md
PERFV6D-057,内部控制审计实务指南-内部控制审计程序检测算法,算法候选,algorithm,P1,L3,监督检查与经费舞弊 / 预算执行与财政管理 / 经济责任审计,通用/监督检查与经费舞弊,绩效偏离,review_sentinel / data_scout,book,通用,内部控制审计实务指南,内部控制审计程序,新增,基于《内部控制审计实务指南》中“内部控制审计程序”相关内容，识别审计对象在合规性、真实性、绩效性和责任链方面的风险，形成可复核的疑点、规则或指标输出。,项目台账；财务收支明细；合同与审批资料；支付凭证；审计发现清单；绩效指标表；产出效果数据；满意度问卷；采购公告；投标文件,内部控制审计程序疑点清单、风险等级、命中规则、涉及金额、核查建议,E:\2026\审计方法&政策文件\_ocr_output\通用\内部控制审计实务指南.pdf.md
PERFV6D-058,内部控制审计实务指南-内部控制审计方法内控核查包,内控包,control_pack,P1,L2,监督检查与经费舞弊 / 预算执行与财政管理 / 经济责任审计,通用/监督检查与经费舞弊,合规性,review_sentinel / data_scout,book,通用,内部控制审计实务指南,内部控制审计方法,新增,基于《内部控制审计实务指南》中“内部控制审计方法”相关内容，核查审计对象在合规性、真实性、绩效性和责任链方面的风险，形成可复核的疑点、规则或指标输出。,项目台账；财务收支明细；合同与审批资料；支付凭证；审计发现清单；绩效指标表；产出效果数据；满意度问卷；采购公告；投标文件,内部控制审计方法控制点、缺陷类型、责任环节、整改任务、复核状态,E:\2026\审计方法&政策文件\_ocr_output\通用\内部控制审计实务指南.pdf.md
PERFV6D-059,内部控制审计实务指南-某上市公司内部控制审计工作方案案例28规则包,规则包,rule_pack,P1,L2,监督检查与经费舞弊 / 预算执行与财政管理 / 经济责任审计,通用/监督检查与经费舞弊,合规性,review_sentinel / data_scout,book,通用,内部控制审计实务指南,某上市公司内部控制审计工作方案案例28,新增,基于《内部控制审计实务指南》中“某上市公司内部控制审计工作方案案例28”相关内容，固化审计对象在合规性、真实性、绩效性和责任链方面的风险，形成可复核的疑点、规则或指标输出。,项目台账；财务收支明细；合同与审批资料；支付凭证；审计发现清单；绩效指标表；产出效果数据；满意度问卷；采购公告；投标文件,某上市公司内部控制审计工作方案案例28规则编号、规则说明、触发条件、证据资料、处理建议,E:\2026\审计方法&政策文件\_ocr_output\通用\内部控制审计实务指南.pdf.md
PERFV6D-060,内部控制审计实务指南-某集团内部控制审计报告案例30指标包,指标包,indicator_pack,P1,L3,监督检查与经费舞弊 / 预算执行与财政管理 / 经济责任审计,通用/监督检查与经费舞弊,绩效偏离,review_sentinel / data_scout,book,通用,内部控制审计实务指南,某集团内部控制审计报告案例30,新增,基于《内部控制审计实务指南》中“某集团内部控制审计报告案例30”相关内容，量化评价审计对象在合规性、真实性、绩效性和责任链方面的风险，形成可复核的疑点、规则或指标输出。,项目台账；财务收支明细；合同与审批资料；支付凭证；审计发现清单；绩效指标表；产出效果数据；满意度问卷；采购公告；投标文件,某集团内部控制审计报告案例30指标名称、指标值、标准值、偏离率、评分和扣分原因,E:\2026\审计方法&政策文件\_ocr_output\通用\内部控制审计实务指南.pdf.md
SUPVV6D-001,国家治理导向的政府审计-政府审计管理的分析框架检测算法,算法候选,algorithm,P0,L3,监督检查与经费舞弊 / 预算执行与财政管理 / 绩效评价,通用/监督检查与经费舞弊,异常性,review_sentinel / data_scout,book,通用,国家治理导向的政府审计,政府审计管理的分析框架,新增,基于《国家治理导向的政府审计》中“政府审计管理的分析框架”相关内容，识别审计对象在合规性、真实性、绩效性和责任链方面的风险，形成可复核的疑点、规则或指标输出。,项目台账；财务收支明细；合同与审批资料；支付凭证；审计发现清单；绩效指标表；产出效果数据；满意度问卷；会议纪要；三重一大事项,政府审计管理的分析框架疑点清单、风险等级、命中规则、涉及金额、核查建议,E:\2026\审计方法&政策文件\_ocr_output\通用\国家治理导向的政府审计.pdf.md
SUPVV6D-002,国家治理导向的政府审计-治理导向下的政府审计风险管理规则包,规则包,rule_pack,P1,L2,监督检查与经费舞弊 / 预算执行与财政管理 / 绩效评价,通用/监督检查与经费舞弊,合规性,review_sentinel / data_scout,book,通用,国家治理导向的政府审计,治理导向下的政府审计风险管理,新增,基于《国家治理导向的政府审计》中“治理导向下的政府审计风险管理”相关内容，固化审计对象在合规性、真实性、绩效性和责任链方面的风险，形成可复核的疑点、规则或指标输出。,项目台账；财务收支明细；合同与审批资料；支付凭证；审计发现清单；绩效指标表；产出效果数据；满意度问卷；会议纪要；三重一大事项,治理导向下的政府审计风险管理规则编号、规则说明、触发条件、证据资料、处理建议,E:\2026\审计方法&政策文件\_ocr_output\通用\国家治理导向的政府审计.pdf.md
SUPVV6D-003,国家治理导向的政府审计-信息系统审计风险管理·…指标包,指标包,indicator_pack,P1,L3,监督检查与经费舞弊 / 预算执行与财政管理 / 绩效评价,通用/监督检查与经费舞弊,异常性,review_sentinel / data_scout,book,通用,国家治理导向的政府审计,信息系统审计风险管理·…,新增,基于《国家治理导向的政府审计》中“信息系统审计风险管理·…”相关内容，量化评价审计对象在合规性、真实性、绩效性和责任链方面的风险，形成可复核的疑点、规则或指标输出。,项目台账；财务收支明细；合同与审批资料；支付凭证；审计发现清单；绩效指标表；产出效果数据；满意度问卷；会议纪要；三重一大事项,信息系统审计风险管理·…指标名称、指标值、标准值、偏离率、评分和扣分原因,E:\2026\审计方法&政策文件\_ocr_output\通用\国家治理导向的政府审计.pdf.md
SUPVV6D-004,国家治理导向的政府审计-政府审计理论体系的分析框架检测算法,算法候选,algorithm,P1,L3,监督检查与经费舞弊 / 预算执行与财政管理 / 绩效评价,通用/监督检查与经费舞弊,异常性,review_sentinel / data_scout,book,通用,国家治理导向的政府审计,政府审计理论体系的分析框架,新增,基于《国家治理导向的政府审计》中“政府审计理论体系的分析框架”相关内容，识别审计对象在合规性、真实性、绩效性和责任链方面的风险，形成可复核的疑点、规则或指标输出。,项目台账；财务收支明细；合同与审批资料；支付凭证；审计发现清单；绩效指标表；产出效果数据；满意度问卷；会议纪要；三重一大事项,政府审计理论体系的分析框架疑点清单、风险等级、命中规则、涉及金额、核查建议,E:\2026\审计方法&政策文件\_ocr_output\通用\国家治理导向的政府审计.pdf.md
SUPVV6D-005,国家治理导向的政府审计-治理导向下的政府绩效审计·内控核查包,内控包,control_pack,P1,L2,监督检查与经费舞弊 / 预算执行与财政管理 / 绩效评价,通用/监督检查与经费舞弊,合规性,review_sentinel / data_scout,book,通用,国家治理导向的政府审计,治理导向下的政府绩效审计·,新增,基于《国家治理导向的政府审计》中“治理导向下的政府绩效审计·”相关内容，核查审计对象在合规性、真实性、绩效性和责任链方面的风险，形成可复核的疑点、规则或指标输出。,项目台账；财务收支明细；合同与审批资料；支付凭证；审计发现清单；绩效指标表；产出效果数据；满意度问卷；会议纪要；三重一大事项,治理导向下的政府绩效审计·控制点、缺陷类型、责任环节、整改任务、复核状态,E:\2026\审计方法&政策文件\_ocr_output\通用\国家治理导向的政府审计.pdf.md
SUPVV6D-006,国家治理导向的政府审计-治理导向下的政府审计管理·规则包,规则包,rule_pack,P1,L2,监督检查与经费舞弊 / 预算执行与财政管理 / 绩效评价,通用/监督检查与经费舞弊,合规性,review_sentinel / data_scout,book,通用,国家治理导向的政府审计,治理导向下的政府审计管理·,新增,基于《国家治理导向的政府审计》中“治理导向下的政府审计管理·”相关内容，固化审计对象在合规性、真实性、绩效性和责任链方面的风险，形成可复核的疑点、规则或指标输出。,项目台账；财务收支明细；合同与审批资料；支付凭证；审计发现清单；绩效指标表；产出效果数据；满意度问卷；会议纪要；三重一大事项,治理导向下的政府审计管理·规则编号、规则说明、触发条件、证据资料、处理建议,E:\2026\审计方法&政策文件\_ocr_output\通用\国家治理导向的政府审计.pdf.md
SUPVV6D-007,国家治理导向的政府审计-治理导向下的政府审计质量管理指标包,指标包,indicator_pack,P1,L3,监督检查与经费舞弊 / 预算执行与财政管理 / 绩效评价,通用/监督检查与经费舞弊,异常性,review_sentinel / data_scout,book,通用,国家治理导向的政府审计,治理导向下的政府审计质量管理,新增,基于《国家治理导向的政府审计》中“治理导向下的政府审计质量管理”相关内容，量化评价审计对象在合规性、真实性、绩效性和责任链方面的风险，形成可复核的疑点、规则或指标输出。,项目台账；财务收支明细；合同与审批资料；支付凭证；审计发现清单；绩效指标表；产出效果数据；满意度问卷；会议纪要；三重一大事项,治理导向下的政府审计质量管理指标名称、指标值、标准值、偏离率、评分和扣分原因,E:\2026\审计方法&政策文件\_ocr_output\通用\国家治理导向的政府审计.pdf.md
SUPVV6D-008,国家治理导向的政府审计-审计证据链抽取证据链包,证据包,evidence_pack,P1,L3,监督检查与经费舞弊 / 预算执行与财政管理 / 绩效评价,通用/监督检查与经费舞弊,异常性,review_sentinel / data_scout,book,通用,国家治理导向的政府审计,审计证据链抽取,新增,基于《国家治理导向的政府审计》中“审计证据链抽取”相关内容，贯通审计对象在合规性、真实性、绩效性和责任链方面的风险，形成可复核的疑点、规则或指标输出。,项目台账；财务收支明细；合同与审批资料；支付凭证；审计发现清单；绩效指标表；产出效果数据；满意度问卷；会议纪要；三重一大事项,审计证据链抽取证据链节点、证据缺口、访谈对象、底稿索引、结论边界,E:\2026\审计方法&政策文件\_ocr_output\通用\国家治理导向的政府审计.pdf.md
SUPVV6D-009,国家治理导向的政府审计-内控缺陷矩阵检测算法,算法候选,algorithm,P1,L3,监督检查与经费舞弊 / 预算执行与财政管理 / 绩效评价,通用/监督检查与经费舞弊,异常性,review_sentinel / data_scout,book,通用,国家治理导向的政府审计,内控缺陷矩阵,新增,基于《国家治理导向的政府审计》中“内控缺陷矩阵”相关内容，识别审计对象在合规性、真实性、绩效性和责任链方面的风险，形成可复核的疑点、规则或指标输出。,项目台账；财务收支明细；合同与审批资料；支付凭证；审计发现清单；绩效指标表；产出效果数据；满意度问卷；会议纪要；三重一大事项,内控缺陷矩阵疑点清单、风险等级、命中规则、涉及金额、核查建议,E:\2026\审计方法&政策文件\_ocr_output\通用\国家治理导向的政府审计.pdf.md
SUPVV6D-010,国家治理导向的政府审计-审计案例规则化规则包,规则包,rule_pack,P1,L2,全场景通用 / 监督检查与经费舞弊 / 绩效评价,通用/全场景通用,合规性,data_scout / workpaper_crafter,book,通用,国家治理导向的政府审计,审计案例规则化,新增,基于《国家治理导向的政府审计》中“审计案例规则化”相关内容，固化审计对象在合规性、真实性、绩效性和责任链方面的风险，形成可复核的疑点、规则或指标输出。,项目台账；财务收支明细；合同与审批资料；支付凭证；审计发现清单；绩效指标表；产出效果数据；满意度问卷；会议纪要；三重一大事项,审计案例规则化规则编号、规则说明、触发条件、证据资料、处理建议,E:\2026\审计方法&政策文件\_ocr_output\通用\国家治理导向的政府审计.pdf.md
ECONV6D-039,基层审计业务操作规程-经济责任审计公示参考格式检测算法,算法候选,algorithm,P1,L3,全场景通用 / 监督检查与经费舞弊 / 预算执行与财政管理,通用/全场景通用,异常性,data_scout / workpaper_crafter,book,通用,基层审计业务操作规程,经济责任审计公示参考格式,新增,基于《基层审计业务操作规程》中“经济责任审计公示参考格式”相关内容，识别审计对象在合规性、真实性、绩效性和责任链方面的风险，形成可复核的疑点、规则或指标输出。,项目台账；财务收支明细；合同与审批资料；支付凭证；审计发现清单；预算批复表；预算调整表；绩效目标表；会议纪要；三重一大事项,经济责任审计公示参考格式疑点清单、风险等级、命中规则、涉及金额、核查建议,E:\2026\审计方法&政策文件\_ocr_output\通用\基层审计业务操作规程.pdf.md
ECONV6D-040,基层审计业务操作规程-审计证据链抽取规则包,规则包,rule_pack,P1,L2,全场景通用 / 监督检查与经费舞弊 / 预算执行与财政管理,通用/全场景通用,合规性,data_scout / workpaper_crafter,book,通用,基层审计业务操作规程,审计证据链抽取,新增,基于《基层审计业务操作规程》中“审计证据链抽取”相关内容，固化审计对象在合规性、真实性、绩效性和责任链方面的风险，形成可复核的疑点、规则或指标输出。,项目台账；财务收支明细；合同与审批资料；支付凭证；审计发现清单；预算批复表；预算调整表；绩效目标表；会议纪要；三重一大事项,审计证据链抽取规则编号、规则说明、触发条件、证据资料、处理建议,E:\2026\审计方法&政策文件\_ocr_output\通用\基层审计业务操作规程.pdf.md
ECONV6D-041,基层审计业务操作规程-内控缺陷矩阵指标包,指标包,indicator_pack,P1,L3,全场景通用 / 监督检查与经费舞弊 / 预算执行与财政管理,通用/全场景通用,异常性,data_scout / workpaper_crafter,book,通用,基层审计业务操作规程,内控缺陷矩阵,新增,基于《基层审计业务操作规程》中“内控缺陷矩阵”相关内容，量化评价审计对象在合规性、真实性、绩效性和责任链方面的风险，形成可复核的疑点、规则或指标输出。,项目台账；财务收支明细；合同与审批资料；支付凭证；审计发现清单；预算批复表；预算调整表；绩效目标表；会议纪要；三重一大事项,内控缺陷矩阵指标名称、指标值、标准值、偏离率、评分和扣分原因,E:\2026\审计方法&政策文件\_ocr_output\通用\基层审计业务操作规程.pdf.md
ECONV6D-042,基层审计业务操作规程-审计案例规则化检测算法,算法候选,algorithm,P1,L3,全场景通用 / 监督检查与经费舞弊 / 绩效评价,通用/全场景通用,异常性,data_scout / workpaper_crafter,book,通用,基层审计业务操作规程,审计案例规则化,新增,基于《基层审计业务操作规程》中“审计案例规则化”相关内容，识别审计对象在合规性、真实性、绩效性和责任链方面的风险，形成可复核的疑点、规则或指标输出。,项目台账；财务收支明细；合同与审批资料；支付凭证；审计发现清单；预算批复表；预算调整表；绩效目标表；会议纪要；三重一大事项,审计案例规则化疑点清单、风险等级、命中规则、涉及金额、核查建议,E:\2026\审计方法&政策文件\_ocr_output\通用\基层审计业务操作规程.pdf.md
ECONV6D-043,基层审计业务操作规程-数据质量检查内控核查包,内控包,control_pack,P1,L2,全场景通用 / 监督检查与经费舞弊 / 预算执行与财政管理,通用/全场景通用,合规性,data_scout / workpaper_crafter,book,通用,基层审计业务操作规程,数据质量检查,新增,基于《基层审计业务操作规程》中“数据质量检查”相关内容，核查审计对象在合规性、真实性、绩效性和责任链方面的风险，形成可复核的疑点、规则或指标输出。,项目台账；财务收支明细；合同与审批资料；支付凭证；审计发现清单；预算批复表；预算调整表；绩效目标表；会议纪要；三重一大事项,数据质量检查控制点、缺陷类型、责任环节、整改任务、复核状态,E:\2026\审计方法&政策文件\_ocr_output\通用\基层审计业务操作规程.pdf.md
ECONV6D-044,基层审计业务操作规程-多源数据勾稽规则包,规则包,rule_pack,P1,L2,全场景通用 / 监督检查与经费舞弊 / 预算执行与财政管理,通用/全场景通用,合规性,data_scout / workpaper_crafter,book,通用,基层审计业务操作规程,多源数据勾稽,新增,基于《基层审计业务操作规程》中“多源数据勾稽”相关内容，固化审计对象在合规性、真实性、绩效性和责任链方面的风险，形成可复核的疑点、规则或指标输出。,项目台账；财务收支明细；合同与审批资料；支付凭证；审计发现清单；预算批复表；预算调整表；绩效目标表；会议纪要；三重一大事项,多源数据勾稽规则编号、规则说明、触发条件、证据资料、处理建议,E:\2026\审计方法&政策文件\_ocr_output\通用\基层审计业务操作规程.pdf.md
SOEV6D-008,审计专题教学案例精选-银河科技：审计独立性问题分析检测算法,算法候选,algorithm,P0,L3,全场景通用 / 监督检查与经费舞弊 / 绩效评价,通用/全场景通用,异常性,data_scout / workpaper_crafter,book,通用,审计专题教学案例精选,银河科技：审计独立性问题分析,新增,基于《审计专题教学案例精选》中“银河科技：审计独立性问题分析”相关内容，识别审计对象在合规性、真实性、绩效性和责任链方面的风险，形成可复核的疑点、规则或指标输出。,项目台账；财务收支明细；合同与审批资料；支付凭证；审计发现清单,银河科技：审计独立性问题分析疑点清单、风险等级、命中规则、涉及金额、核查建议,E:\2026\审计方法&政策文件\_ocr_output\通用\审计专题教学案例精选.pdf.md
SOEV6D-009,审计专题教学案例精选-内部控制、公司治理与内部审计相关的案例规则包,规则包,rule_pack,P1,L2,监督检查与经费舞弊 / 预算执行与财政管理 / 经济责任审计,通用/监督检查与经费舞弊,合规性,review_sentinel / data_scout,book,通用,审计专题教学案例精选,内部控制、公司治理与内部审计相关的案例,新增,基于《审计专题教学案例精选》中“内部控制、公司治理与内部审计相关的案例”相关内容，固化审计对象在合规性、真实性、绩效性和责任链方面的风险，形成可复核的疑点、规则或指标输出。,项目台账；财务收支明细；合同与审批资料；支付凭证；审计发现清单,内部控制、公司治理与内部审计相关的案例规则编号、规则说明、触发条件、证据资料、处理建议,E:\2026\审计方法&政策文件\_ocr_output\通用\审计专题教学案例精选.pdf.md
SOEV6D-010,审计专题教学案例精选-A事业单位构建财政预算项目绩效评价体系的实践·….…指标包,指标包,indicator_pack,P1,L3,预算执行与财政管理 / 财政与政府债务 / 监督检查与经费舞弊,通用/预算执行与财政管理,绩效偏离,budget_estimator / data_scout,book,通用,审计专题教学案例精选,A事业单位构建财政预算项目绩效评价体系的实践·….…,新增,基于《审计专题教学案例精选》中“A事业单位构建财政预算项目绩效评价体系的实践·….…”相关内容，量化评价审计对象在合规性、真实性、绩效性和责任链方面的风险，形成可复核的疑点、规则或指标输出。,项目台账；财务收支明细；合同与审批资料；支付凭证；审计发现清单；预算批复表；预算调整表；绩效目标表；绩效指标表；产出效果数据,A事业单位构建财政预算项目绩效评价体系的实践·….…指标名称、指标值、标准值、偏离率、评分和扣分原因,E:\2026\审计方法&政策文件\_ocr_output\通用\审计专题教学案例精选.pdf.md
SOEV6D-011,审计专题教学案例精选-审计专题教学案例精选.pdf检测算法,算法候选,algorithm,P1,L3,全场景通用 / 监督检查与经费舞弊 / 绩效评价,通用/全场景通用,异常性,data_scout / workpaper_crafter,book,通用,审计专题教学案例精选,审计专题教学案例精选.pdf,新增,基于《审计专题教学案例精选》中“审计专题教学案例精选.pdf”相关内容，识别审计对象在合规性、真实性、绩效性和责任链方面的风险，形成可复核的疑点、规则或指标输出。,项目台账；财务收支明细；合同与审批资料；支付凭证；审计发现清单,审计专题教学案例精选.pdf疑点清单、风险等级、命中规则、涉及金额、核查建议,E:\2026\审计方法&政策文件\_ocr_output\通用\审计专题教学案例精选.pdf.md
SOEV6D-012,审计专题教学案例精选-与现代审计理论相关的案例内控核查包,内控包,control_pack,P1,L2,全场景通用 / 监督检查与经费舞弊 / 绩效评价,通用/全场景通用,合规性,data_scout / workpaper_crafter,book,通用,审计专题教学案例精选,与现代审计理论相关的案例,新增,基于《审计专题教学案例精选》中“与现代审计理论相关的案例”相关内容，核查审计对象在合规性、真实性、绩效性和责任链方面的风险，形成可复核的疑点、规则或指标输出。,项目台账；财务收支明细；合同与审批资料；支付凭证；审计发现清单,与现代审计理论相关的案例控制点、缺陷类型、责任环节、整改任务、复核状态,E:\2026\审计方法&政策文件\_ocr_output\通用\审计专题教学案例精选.pdf.md
SOEV6D-013,审计专题教学案例精选-银广夏事件：风险导向审计引人中国的导火线规则包,规则包,rule_pack,P1,L2,全场景通用 / 监督检查与经费舞弊 / 绩效评价,通用/全场景通用,合规性,data_scout / workpaper_crafter,book,通用,审计专题教学案例精选,银广夏事件：风险导向审计引人中国的导火线,新增,基于《审计专题教学案例精选》中“银广夏事件：风险导向审计引人中国的导火线”相关内容，固化审计对象在合规性、真实性、绩效性和责任链方面的风险，形成可复核的疑点、规则或指标输出。,项目台账；财务收支明细；合同与审批资料；支付凭证；审计发现清单,银广夏事件：风险导向审计引人中国的导火线规则编号、规则说明、触发条件、证据资料、处理建议,E:\2026\审计方法&政策文件\_ocr_output\通用\审计专题教学案例精选.pdf.md
SOEV6D-014,审计专题教学案例精选-宏盛科技：公司治理问题分析指标包,指标包,indicator_pack,P1,L3,全场景通用 / 监督检查与经费舞弊 / 绩效评价,通用/全场景通用,异常性,data_scout / workpaper_crafter,book,通用,审计专题教学案例精选,宏盛科技：公司治理问题分析,新增,基于《审计专题教学案例精选》中“宏盛科技：公司治理问题分析”相关内容，量化评价审计对象在合规性、真实性、绩效性和责任链方面的风险，形成可复核的疑点、规则或指标输出。,项目台账；财务收支明细；合同与审批资料；支付凭证；审计发现清单,宏盛科技：公司治理问题分析指标名称、指标值、标准值、偏离率、评分和扣分原因,E:\2026\审计方法&政策文件\_ocr_output\通用\审计专题教学案例精选.pdf.md
FINV6D-001,审计案例-内部控制审计案例…检测算法,算法候选,algorithm,P0,L3,监督检查与经费舞弊 / 预算执行与财政管理 / 经济责任审计,通用/监督检查与经费舞弊,异常性,review_sentinel / data_scout,book,通用,审计案例,内部控制审计案例…,新增,基于《审计案例》中“内部控制审计案例…”相关内容，识别审计对象在合规性、真实性、绩效性和责任链方面的风险，形成可复核的疑点、规则或指标输出。,项目台账；财务收支明细；合同与审批资料；支付凭证；审计发现清单；采购公告；投标文件；供应商信息；中标合同；农户信息,内部控制审计案例…疑点清单、风险等级、命中规则、涉及金额、核查建议,E:\2026\审计方法&政策文件\_ocr_output\通用\审计案例.pdf.md
FINV6D-002,审计案例-绩效审计案例规则包,规则包,rule_pack,P1,L2,全场景通用 / 监督检查与经费舞弊 / 绩效评价,通用/全场景通用,合规性,data_scout / workpaper_crafter,book,通用,审计案例,绩效审计案例,新增,基于《审计案例》中“绩效审计案例”相关内容，固化审计对象在合规性、真实性、绩效性和责任链方面的风险，形成可复核的疑点、规则或指标输出。,项目台账；财务收支明细；合同与审批资料；支付凭证；审计发现清单；绩效指标表；产出效果数据；满意度问卷；采购公告；投标文件,绩效审计案例规则编号、规则说明、触发条件、证据资料、处理建议,E:\2026\审计方法&政策文件\_ocr_output\通用\审计案例.pdf.md
FINV6D-003,审计案例-经济责任审计案例·…·指标包,指标包,indicator_pack,P1,L3,全场景通用 / 监督检查与经费舞弊 / 绩效评价,通用/全场景通用,异常性,data_scout / workpaper_crafter,book,通用,审计案例,经济责任审计案例·…·,新增,基于《审计案例》中“经济责任审计案例·…·”相关内容，量化评价审计对象在合规性、真实性、绩效性和责任链方面的风险，形成可复核的疑点、规则或指标输出。,项目台账；财务收支明细；合同与审批资料；支付凭证；审计发现清单；会议纪要；三重一大事项；责任人岗位信息；采购公告；投标文件,经济责任审计案例·…·指标名称、指标值、标准值、偏离率、评分和扣分原因,E:\2026\审计方法&政策文件\_ocr_output\通用\审计案例.pdf.md
FINV6D-004,审计案例-审计案例.pdf检测算法,算法候选,algorithm,P1,L3,全场景通用 / 监督检查与经费舞弊 / 绩效评价,通用/全场景通用,异常性,data_scout / workpaper_crafter,book,通用,审计案例,审计案例.pdf,新增,基于《审计案例》中“审计案例.pdf”相关内容，识别审计对象在合规性、真实性、绩效性和责任链方面的风险，形成可复核的疑点、规则或指标输出。,项目台账；财务收支明细；合同与审批资料；支付凭证；审计发现清单；采购公告；投标文件；供应商信息；中标合同；农户信息,审计案例.pdf疑点清单、风险等级、命中规则、涉及金额、核查建议,E:\2026\审计方法&政策文件\_ocr_output\通用\审计案例.pdf.md
FINV6D-005,审计案例-本教材的审计案例突显审计专业理论教学中的知识点。审计实例内控核查包,内控包,control_pack,P1,L2,全场景通用 / 监督检查与经费舞弊 / 绩效评价,通用/全场景通用,合规性,data_scout / workpaper_crafter,book,通用,审计案例,本教材的审计案例突显审计专业理论教学中的知识点。审计实例,新增,基于《审计案例》中“本教材的审计案例突显审计专业理论教学中的知识点。审计实例”相关内容，核查审计对象在合规性、真实性、绩效性和责任链方面的风险，形成可复核的疑点、规则或指标输出。,项目台账；财务收支明细；合同与审批资料；支付凭证；审计发现清单；采购公告；投标文件；供应商信息；中标合同；农户信息,本教材的审计案例突显审计专业理论教学中的知识点。审计实例控制点、缺陷类型、责任环节、整改任务、复核状态,E:\2026\审计方法&政策文件\_ocr_output\通用\审计案例.pdf.md
FINV6D-006,审计案例-本教材的教学案例均来源于审计实务界真实的案例。为了增强现规则包,规则包,rule_pack,P1,L2,全场景通用 / 监督检查与经费舞弊 / 绩效评价,通用/全场景通用,合规性,data_scout / workpaper_crafter,book,通用,审计案例,本教材的教学案例均来源于审计实务界真实的案例。为了增强现,新增,基于《审计案例》中“本教材的教学案例均来源于审计实务界真实的案例。为了增强现”相关内容，固化审计对象在合规性、真实性、绩效性和责任链方面的风险，形成可复核的疑点、规则或指标输出。,项目台账；财务收支明细；合同与审批资料；支付凭证；审计发现清单；采购公告；投标文件；供应商信息；中标合同；农户信息,本教材的教学案例均来源于审计实务界真实的案例。为了增强现规则编号、规则说明、触发条件、证据资料、处理建议,E:\2026\审计方法&政策文件\_ocr_output\通用\审计案例.pdf.md
FINV6D-007,审计案例-教学案例的选择以政府审计为重点，兼顾注册会计师审计和内部指标包,指标包,indicator_pack,P1,L3,全场景通用 / 监督检查与经费舞弊 / 绩效评价,通用/全场景通用,异常性,data_scout / workpaper_crafter,book,通用,审计案例,教学案例的选择以政府审计为重点，兼顾注册会计师审计和内部,新增,基于《审计案例》中“教学案例的选择以政府审计为重点，兼顾注册会计师审计和内部”相关内容，量化评价审计对象在合规性、真实性、绩效性和责任链方面的风险，形成可复核的疑点、规则或指标输出。,项目台账；财务收支明细；合同与审批资料；支付凭证；审计发现清单；采购公告；投标文件；供应商信息；中标合同；农户信息,教学案例的选择以政府审计为重点，兼顾注册会计师审计和内部指标名称、指标值、标准值、偏离率、评分和扣分原因,E:\2026\审计方法&政策文件\_ocr_output\通用\审计案例.pdf.md
SUPVV6D-011,政府审计-审计证据链抽取检测算法,算法候选,algorithm,P0,L3,监督检查与经费舞弊 / 预算执行与财政管理 / 绩效评价,通用/监督检查与经费舞弊,异常性,review_sentinel / data_scout,book,通用,政府审计,审计证据链抽取,新增,基于《政府审计》中“审计证据链抽取”相关内容，识别审计对象在合规性、真实性、绩效性和责任链方面的风险，形成可复核的疑点、规则或指标输出。,项目台账；财务收支明细；合同与审批资料；支付凭证；审计发现清单；绩效指标表；产出效果数据；满意度问卷；会议纪要；三重一大事项,审计证据链抽取疑点清单、风险等级、命中规则、涉及金额、核查建议,E:\2026\审计方法&政策文件\_ocr_output\通用\政府审计.pdf.md
SUPVV6D-012,政府审计-内控缺陷矩阵规则包,规则包,rule_pack,P1,L2,监督检查与经费舞弊 / 预算执行与财政管理 / 绩效评价,通用/监督检查与经费舞弊,合规性,review_sentinel / data_scout,book,通用,政府审计,内控缺陷矩阵,新增,基于《政府审计》中“内控缺陷矩阵”相关内容，固化审计对象在合规性、真实性、绩效性和责任链方面的风险，形成可复核的疑点、规则或指标输出。,项目台账；财务收支明细；合同与审批资料；支付凭证；审计发现清单；绩效指标表；产出效果数据；满意度问卷；会议纪要；三重一大事项,内控缺陷矩阵规则编号、规则说明、触发条件、证据资料、处理建议,E:\2026\审计方法&政策文件\_ocr_output\通用\政府审计.pdf.md
SUPVV6D-013,政府审计-审计案例规则化指标包,指标包,indicator_pack,P1,L3,全场景通用 / 监督检查与经费舞弊 / 绩效评价,通用/全场景通用,异常性,data_scout / workpaper_crafter,book,通用,政府审计,审计案例规则化,新增,基于《政府审计》中“审计案例规则化”相关内容，量化评价审计对象在合规性、真实性、绩效性和责任链方面的风险，形成可复核的疑点、规则或指标输出。,项目台账；财务收支明细；合同与审批资料；支付凭证；审计发现清单；绩效指标表；产出效果数据；满意度问卷；会议纪要；三重一大事项,审计案例规则化指标名称、指标值、标准值、偏离率、评分和扣分原因,E:\2026\审计方法&政策文件\_ocr_output\通用\政府审计.pdf.md
SUPVV6D-014,政府审计-数据质量检查检测算法,算法候选,algorithm,P1,L3,监督检查与经费舞弊 / 预算执行与财政管理 / 绩效评价,通用/监督检查与经费舞弊,异常性,review_sentinel / data_scout,book,通用,政府审计,数据质量检查,新增,基于《政府审计》中“数据质量检查”相关内容，识别审计对象在合规性、真实性、绩效性和责任链方面的风险，形成可复核的疑点、规则或指标输出。,项目台账；财务收支明细；合同与审批资料；支付凭证；审计发现清单；绩效指标表；产出效果数据；满意度问卷；会议纪要；三重一大事项,数据质量检查疑点清单、风险等级、命中规则、涉及金额、核查建议,E:\2026\审计方法&政策文件\_ocr_output\通用\政府审计.pdf.md
SUPVV6D-015,政府审计-多源数据勾稽内控核查包,内控包,control_pack,P1,L2,监督检查与经费舞弊 / 预算执行与财政管理 / 绩效评价,通用/监督检查与经费舞弊,合规性,review_sentinel / data_scout,book,通用,政府审计,多源数据勾稽,新增,基于《政府审计》中“多源数据勾稽”相关内容，核查审计对象在合规性、真实性、绩效性和责任链方面的风险，形成可复核的疑点、规则或指标输出。,项目台账；财务收支明细；合同与审批资料；支付凭证；审计发现清单；绩效指标表；产出效果数据；满意度问卷；会议纪要；三重一大事项,多源数据勾稽控制点、缺陷类型、责任环节、整改任务、复核状态,E:\2026\审计方法&政策文件\_ocr_output\通用\政府审计.pdf.md
SUPVV6D-016,政府审计-审计报告问题归集规则包,规则包,rule_pack,P1,L2,监督检查与经费舞弊 / 预算执行与财政管理 / 绩效评价,通用/监督检查与经费舞弊,合规性,review_sentinel / data_scout,book,通用,政府审计,审计报告问题归集,新增,基于《政府审计》中“审计报告问题归集”相关内容，固化审计对象在合规性、真实性、绩效性和责任链方面的风险，形成可复核的疑点、规则或指标输出。,项目台账；财务收支明细；合同与审批资料；支付凭证；审计发现清单；绩效指标表；产出效果数据；满意度问卷；会议纪要；三重一大事项,审计报告问题归集规则编号、规则说明、触发条件、证据资料、处理建议,E:\2026\审计方法&政策文件\_ocr_output\通用\政府审计.pdf.md
SUPVV6D-017,政府审计-法规依据匹配指标包,指标包,indicator_pack,P1,L3,监督检查与经费舞弊 / 预算执行与财政管理 / 绩效评价,通用/监督检查与经费舞弊,异常性,review_sentinel / data_scout,book,通用,政府审计,法规依据匹配,新增,基于《政府审计》中“法规依据匹配”相关内容，量化评价审计对象在合规性、真实性、绩效性和责任链方面的风险，形成可复核的疑点、规则或指标输出。,项目台账；财务收支明细；合同与审批资料；支付凭证；审计发现清单；绩效指标表；产出效果数据；满意度问卷；会议纪要；三重一大事项,法规依据匹配指标名称、指标值、标准值、偏离率、评分和扣分原因,E:\2026\审计方法&政策文件\_ocr_output\通用\政府审计.pdf.md
SUPVV6D-018,政府审计-风险画像预警证据链包,证据包,evidence_pack,P1,L4,监督检查与经费舞弊 / 预算执行与财政管理 / 绩效评价,通用/监督检查与经费舞弊,异常性,review_sentinel / data_scout,book,通用,政府审计,风险画像预警,新增,基于《政府审计》中“风险画像预警”相关内容，贯通审计对象在合规性、真实性、绩效性和责任链方面的风险，形成可复核的疑点、规则或指标输出。,项目台账；财务收支明细；合同与审批资料；支付凭证；审计发现清单；绩效指标表；产出效果数据；满意度问卷；会议纪要；三重一大事项,风险画像预警证据链节点、证据缺口、访谈对象、底稿索引、结论边界,E:\2026\审计方法&政策文件\_ocr_output\通用\政府审计.pdf.md
SUPVV6D-019,政府审计学-审计项目计划管理检测算法,算法候选,algorithm,P0,L3,监督检查与经费舞弊 / 预算执行与财政管理 / 绩效评价,通用/监督检查与经费舞弊,异常性,review_sentinel / data_scout,book,通用,政府审计学,审计项目计划管理,新增,基于《政府审计学》中“审计项目计划管理”相关内容，识别审计对象在合规性、真实性、绩效性和责任链方面的风险，形成可复核的疑点、规则或指标输出。,项目台账；财务收支明细；合同与审批资料；支付凭证；审计发现清单；预算批复表；预算调整表；绩效目标表；绩效指标表；产出效果数据,审计项目计划管理疑点清单、风险等级、命中规则、涉及金额、核查建议,E:\2026\审计方法&政策文件\_ocr_output\通用\政府审计学.pdf.md
SUPVV6D-020,政府审计学-政府审计业务统计管理规则包,规则包,rule_pack,P1,L2,监督检查与经费舞弊 / 预算执行与财政管理 / 绩效评价,通用/监督检查与经费舞弊,合规性,review_sentinel / data_scout,book,通用,政府审计学,政府审计业务统计管理,新增,基于《政府审计学》中“政府审计业务统计管理”相关内容，固化审计对象在合规性、真实性、绩效性和责任链方面的风险，形成可复核的疑点、规则或指标输出。,项目台账；财务收支明细；合同与审批资料；支付凭证；审计发现清单；预算批复表；预算调整表；绩效目标表；绩效指标表；产出效果数据,政府审计业务统计管理规则编号、规则说明、触发条件、证据资料、处理建议,E:\2026\审计方法&政策文件\_ocr_output\通用\政府审计学.pdf.md
SUPVV6D-021,政府审计学-审计工作底稿和审计档案管理指标包,指标包,indicator_pack,P1,L3,监督检查与经费舞弊 / 预算执行与财政管理 / 绩效评价,通用/监督检查与经费舞弊,异常性,review_sentinel / data_scout,book,通用,政府审计学,审计工作底稿和审计档案管理,新增,基于《政府审计学》中“审计工作底稿和审计档案管理”相关内容，量化评价审计对象在合规性、真实性、绩效性和责任链方面的风险，形成可复核的疑点、规则或指标输出。,项目台账；财务收支明细；合同与审批资料；支付凭证；审计发现清单；预算批复表；预算调整表；绩效目标表；绩效指标表；产出效果数据,审计工作底稿和审计档案管理指标名称、指标值、标准值、偏离率、评分和扣分原因,E:\2026\审计方法&政策文件\_ocr_output\通用\政府审计学.pdf.md
SUPVV6D-022,政府审计学-政策措施落实情况审计的主要方法检测算法,算法候选,algorithm,P1,L3,全场景通用 / 监督检查与经费舞弊 / 绩效评价,通用/全场景通用,异常性,data_scout / workpaper_crafter,book,通用,政府审计学,政策措施落实情况审计的主要方法,新增,基于《政府审计学》中“政策措施落实情况审计的主要方法”相关内容，识别审计对象在合规性、真实性、绩效性和责任链方面的风险，形成可复核的疑点、规则或指标输出。,项目台账；财务收支明细；合同与审批资料；支付凭证；审计发现清单；预算批复表；预算调整表；绩效目标表；绩效指标表；产出效果数据,政策措施落实情况审计的主要方法疑点清单、风险等级、命中规则、涉及金额、核查建议,E:\2026\审计方法&政策文件\_ocr_output\通用\政府审计学.pdf.md
SUPVV6D-023,政府审计学-审计证据链抽取内控核查包,内控包,control_pack,P1,L2,监督检查与经费舞弊 / 预算执行与财政管理 / 绩效评价,通用/监督检查与经费舞弊,合规性,review_sentinel / data_scout,book,通用,政府审计学,审计证据链抽取,新增,基于《政府审计学》中“审计证据链抽取”相关内容，核查审计对象在合规性、真实性、绩效性和责任链方面的风险，形成可复核的疑点、规则或指标输出。,项目台账；财务收支明细；合同与审批资料；支付凭证；审计发现清单；预算批复表；预算调整表；绩效目标表；绩效指标表；产出效果数据,审计证据链抽取控制点、缺陷类型、责任环节、整改任务、复核状态,E:\2026\审计方法&政策文件\_ocr_output\通用\政府审计学.pdf.md
SUPVV6D-024,政府审计学-内控缺陷矩阵规则包,规则包,rule_pack,P1,L2,监督检查与经费舞弊 / 预算执行与财政管理 / 绩效评价,通用/监督检查与经费舞弊,合规性,review_sentinel / data_scout,book,通用,政府审计学,内控缺陷矩阵,新增,基于《政府审计学》中“内控缺陷矩阵”相关内容，固化审计对象在合规性、真实性、绩效性和责任链方面的风险，形成可复核的疑点、规则或指标输出。,项目台账；财务收支明细；合同与审批资料；支付凭证；审计发现清单；预算批复表；预算调整表；绩效目标表；绩效指标表；产出效果数据,内控缺陷矩阵规则编号、规则说明、触发条件、证据资料、处理建议,E:\2026\审计方法&政策文件\_ocr_output\通用\政府审计学.pdf.md
SUPVV6D-025,政府审计学-审计案例规则化指标包,指标包,indicator_pack,P1,L3,全场景通用 / 监督检查与经费舞弊 / 绩效评价,通用/全场景通用,异常性,data_scout / workpaper_crafter,book,通用,政府审计学,审计案例规则化,新增,基于《政府审计学》中“审计案例规则化”相关内容，量化评价审计对象在合规性、真实性、绩效性和责任链方面的风险，形成可复核的疑点、规则或指标输出。,项目台账；财务收支明细；合同与审批资料；支付凭证；审计发现清单；预算批复表；预算调整表；绩效目标表；绩效指标表；产出效果数据,审计案例规则化指标名称、指标值、标准值、偏离率、评分和扣分原因,E:\2026\审计方法&政策文件\_ocr_output\通用\政府审计学.pdf.md
SUPVV6D-026,政府审计学-数据质量检查证据链包,证据包,evidence_pack,P1,L3,监督检查与经费舞弊 / 预算执行与财政管理 / 绩效评价,通用/监督检查与经费舞弊,异常性,review_sentinel / data_scout,book,通用,政府审计学,数据质量检查,新增,基于《政府审计学》中“数据质量检查”相关内容，贯通审计对象在合规性、真实性、绩效性和责任链方面的风险，形成可复核的疑点、规则或指标输出。,项目台账；财务收支明细；合同与审批资料；支付凭证；审计发现清单；预算批复表；预算调整表；绩效目标表；绩效指标表；产出效果数据,数据质量检查证据链节点、证据缺口、访谈对象、底稿索引、结论边界,E:\2026\审计方法&政策文件\_ocr_output\通用\政府审计学.pdf.md
SUPVV6D-027,政府审计学-多源数据勾稽检测算法,算法候选,algorithm,P1,L3,监督检查与经费舞弊 / 预算执行与财政管理 / 绩效评价,通用/监督检查与经费舞弊,异常性,review_sentinel / data_scout,book,通用,政府审计学,多源数据勾稽,新增,基于《政府审计学》中“多源数据勾稽”相关内容，识别审计对象在合规性、真实性、绩效性和责任链方面的风险，形成可复核的疑点、规则或指标输出。,项目台账；财务收支明细；合同与审批资料；支付凭证；审计发现清单；预算批复表；预算调整表；绩效目标表；绩效指标表；产出效果数据,多源数据勾稽疑点清单、风险等级、命中规则、涉及金额、核查建议,E:\2026\审计方法&政策文件\_ocr_output\通用\政府审计学.pdf.md
SUPVV6D-028,政府审计学-审计报告问题归集规则包,规则包,rule_pack,P1,L2,监督检查与经费舞弊 / 预算执行与财政管理 / 绩效评价,通用/监督检查与经费舞弊,合规性,review_sentinel / data_scout,book,通用,政府审计学,审计报告问题归集,新增,基于《政府审计学》中“审计报告问题归集”相关内容，固化审计对象在合规性、真实性、绩效性和责任链方面的风险，形成可复核的疑点、规则或指标输出。,项目台账；财务收支明细；合同与审批资料；支付凭证；审计发现清单；预算批复表；预算调整表；绩效目标表；绩效指标表；产出效果数据,审计报告问题归集规则编号、规则说明、触发条件、证据资料、处理建议,E:\2026\审计方法&政策文件\_ocr_output\通用\政府审计学.pdf.md
SUPVV6D-029,政府审计理论与实务-财政部门组织预算执行情况审计检测算法,算法候选,algorithm,P0,L3,预算执行与财政管理 / 财政与政府债务 / 监督检查与经费舞弊,通用/预算执行与财政管理,异常性,budget_estimator / data_scout,book,通用,政府审计理论与实务,财政部门组织预算执行情况审计,新增,基于《政府审计理论与实务》中“财政部门组织预算执行情况审计”相关内容，识别审计对象在合规性、真实性、绩效性和责任链方面的风险，形成可复核的疑点、规则或指标输出。,项目台账；财务收支明细；合同与审批资料；支付凭证；审计发现清单；预算批复表；预算调整表；绩效目标表；绩效指标表；产出效果数据,财政部门组织预算执行情况审计疑点清单、风险等级、命中规则、涉及金额、核查建议,E:\2026\审计方法&政策文件\_ocr_output\通用\政府审计理论与实务.pdf.md
SUPVV6D-030,政府审计理论与实务-财政部门预算批复情况审计规则包,规则包,rule_pack,P1,L2,预算执行与财政管理 / 财政与政府债务 / 监督检查与经费舞弊,通用/预算执行与财政管理,合规性,budget_estimator / data_scout,book,通用,政府审计理论与实务,财政部门预算批复情况审计,新增,基于《政府审计理论与实务》中“财政部门预算批复情况审计”相关内容，固化审计对象在合规性、真实性、绩效性和责任链方面的风险，形成可复核的疑点、规则或指标输出。,项目台账；财务收支明细；合同与审批资料；支付凭证；审计发现清单；预算批复表；预算调整表；绩效目标表；绩效指标表；产出效果数据,财政部门预算批复情况审计规则编号、规则说明、触发条件、证据资料、处理建议,E:\2026\审计方法&政策文件\_ocr_output\通用\政府审计理论与实务.pdf.md
SUPVV6D-031,政府审计理论与实务-税务部门税收征收管理情况审计指标包,指标包,indicator_pack,P1,L3,监督检查与经费舞弊 / 预算执行与财政管理 / 绩效评价,通用/监督检查与经费舞弊,异常性,review_sentinel / data_scout,book,通用,政府审计理论与实务,税务部门税收征收管理情况审计,新增,基于《政府审计理论与实务》中“税务部门税收征收管理情况审计”相关内容，量化评价审计对象在合规性、真实性、绩效性和责任链方面的风险，形成可复核的疑点、规则或指标输出。,项目台账；财务收支明细；合同与审批资料；支付凭证；审计发现清单；预算批复表；预算调整表；绩效目标表；绩效指标表；产出效果数据,税务部门税收征收管理情况审计指标名称、指标值、标准值、偏离率、评分和扣分原因,E:\2026\审计方法&政策文件\_ocr_output\通用\政府审计理论与实务.pdf.md
SUPVV6D-032,政府审计理论与实务-审计证据链抽取检测算法,算法候选,algorithm,P1,L3,监督检查与经费舞弊 / 预算执行与财政管理 / 绩效评价,通用/监督检查与经费舞弊,异常性,review_sentinel / data_scout,book,通用,政府审计理论与实务,审计证据链抽取,新增,基于《政府审计理论与实务》中“审计证据链抽取”相关内容，识别审计对象在合规性、真实性、绩效性和责任链方面的风险，形成可复核的疑点、规则或指标输出。,项目台账；财务收支明细；合同与审批资料；支付凭证；审计发现清单；预算批复表；预算调整表；绩效目标表；绩效指标表；产出效果数据,审计证据链抽取疑点清单、风险等级、命中规则、涉及金额、核查建议,E:\2026\审计方法&政策文件\_ocr_output\通用\政府审计理论与实务.pdf.md
SUPVV6D-033,政府审计理论与实务-内控缺陷矩阵内控核查包,内控包,control_pack,P1,L2,监督检查与经费舞弊 / 预算执行与财政管理 / 绩效评价,通用/监督检查与经费舞弊,合规性,review_sentinel / data_scout,book,通用,政府审计理论与实务,内控缺陷矩阵,新增,基于《政府审计理论与实务》中“内控缺陷矩阵”相关内容，核查审计对象在合规性、真实性、绩效性和责任链方面的风险，形成可复核的疑点、规则或指标输出。,项目台账；财务收支明细；合同与审批资料；支付凭证；审计发现清单；预算批复表；预算调整表；绩效目标表；绩效指标表；产出效果数据,内控缺陷矩阵控制点、缺陷类型、责任环节、整改任务、复核状态,E:\2026\审计方法&政策文件\_ocr_output\通用\政府审计理论与实务.pdf.md
SUPVV6D-034,政府审计理论与实务-审计案例规则化规则包,规则包,rule_pack,P1,L2,全场景通用 / 监督检查与经费舞弊 / 绩效评价,通用/全场景通用,合规性,data_scout / workpaper_crafter,book,通用,政府审计理论与实务,审计案例规则化,新增,基于《政府审计理论与实务》中“审计案例规则化”相关内容，固化审计对象在合规性、真实性、绩效性和责任链方面的风险，形成可复核的疑点、规则或指标输出。,项目台账；财务收支明细；合同与审批资料；支付凭证；审计发现清单；预算批复表；预算调整表；绩效目标表；绩效指标表；产出效果数据,审计案例规则化规则编号、规则说明、触发条件、证据资料、处理建议,E:\2026\审计方法&政策文件\_ocr_output\通用\政府审计理论与实务.pdf.md
SUPVV6D-035,政府审计理论与实务-数据质量检查指标包,指标包,indicator_pack,P1,L3,监督检查与经费舞弊 / 预算执行与财政管理 / 绩效评价,通用/监督检查与经费舞弊,异常性,review_sentinel / data_scout,book,通用,政府审计理论与实务,数据质量检查,新增,基于《政府审计理论与实务》中“数据质量检查”相关内容，量化评价审计对象在合规性、真实性、绩效性和责任链方面的风险，形成可复核的疑点、规则或指标输出。,项目台账；财务收支明细；合同与审批资料；支付凭证；审计发现清单；预算批复表；预算调整表；绩效目标表；绩效指标表；产出效果数据,数据质量检查指标名称、指标值、标准值、偏离率、评分和扣分原因,E:\2026\审计方法&政策文件\_ocr_output\通用\政府审计理论与实务.pdf.md
SUPVV6D-036,政府审计理论与实务-多源数据勾稽证据链包,证据包,evidence_pack,P1,L3,监督检查与经费舞弊 / 预算执行与财政管理 / 绩效评价,通用/监督检查与经费舞弊,异常性,review_sentinel / data_scout,book,通用,政府审计理论与实务,多源数据勾稽,新增,基于《政府审计理论与实务》中“多源数据勾稽”相关内容，贯通审计对象在合规性、真实性、绩效性和责任链方面的风险，形成可复核的疑点、规则或指标输出。,项目台账；财务收支明细；合同与审批资料；支付凭证；审计发现清单；预算批复表；预算调整表；绩效目标表；绩效指标表；产出效果数据,多源数据勾稽证据链节点、证据缺口、访谈对象、底稿索引、结论边界,E:\2026\审计方法&政策文件\_ocr_output\通用\政府审计理论与实务.pdf.md
SUPVV6D-037,行政事业单位内部控制体系建设全流程操作指南-常用的风险应对策略及内部控制方法检测算法,算法候选,algorithm,P0,L3,监督检查与经费舞弊 / 预算执行与财政管理 / 经济责任审计,通用/监督检查与经费舞弊,异常性,review_sentinel / data_scout,book,通用,行政事业单位内部控制体系建设全流程操作指南,常用的风险应对策略及内部控制方法,新增,基于《行政事业单位内部控制体系建设全流程操作指南》中“常用的风险应对策略及内部控制方法”相关内容，识别审计对象在合规性、真实性、绩效性和责任链方面的风险，形成可复核的疑点、规则或指标输出。,项目台账；财务收支明细；合同与审批资料；支付凭证；审计发现清单；绩效指标表；产出效果数据；满意度问卷；采购公告；投标文件,常用的风险应对策略及内部控制方法疑点清单、风险等级、命中规则、涉及金额、核查建议,E:\2026\审计方法&政策文件\_ocr_output\通用\行政事业单位内部控制体系建设全流程操作指南.pdf.md
SUPVV6D-038,行政事业单位内部控制体系建设全流程操作指南-风险分析/29规则包,规则包,rule_pack,P1,L2,监督检查与经费舞弊 / 预算执行与财政管理 / 经济责任审计,通用/监督检查与经费舞弊,合规性,review_sentinel / data_scout,book,通用,行政事业单位内部控制体系建设全流程操作指南,风险分析/29,新增,基于《行政事业单位内部控制体系建设全流程操作指南》中“风险分析/29”相关内容，固化审计对象在合规性、真实性、绩效性和责任链方面的风险，形成可复核的疑点、规则或指标输出。,项目台账；财务收支明细；合同与审批资料；支付凭证；审计发现清单；绩效指标表；产出效果数据；满意度问卷；采购公告；投标文件,风险分析/29规则编号、规则说明、触发条件、证据资料、处理建议,E:\2026\审计方法&政策文件\_ocr_output\通用\行政事业单位内部控制体系建设全流程操作指南.pdf.md
SUPVV6D-039,行政事业单位内部控制体系建设全流程操作指南-风险评价／33指标包,指标包,indicator_pack,P1,L3,监督检查与经费舞弊 / 预算执行与财政管理 / 经济责任审计,通用/监督检查与经费舞弊,异常性,review_sentinel / data_scout,book,通用,行政事业单位内部控制体系建设全流程操作指南,风险评价／33,新增,基于《行政事业单位内部控制体系建设全流程操作指南》中“风险评价／33”相关内容，量化评价审计对象在合规性、真实性、绩效性和责任链方面的风险，形成可复核的疑点、规则或指标输出。,项目台账；财务收支明细；合同与审批资料；支付凭证；审计发现清单；绩效指标表；产出效果数据；满意度问卷；采购公告；投标文件,风险评价／33指标名称、指标值、标准值、偏离率、评分和扣分原因,E:\2026\审计方法&政策文件\_ocr_output\通用\行政事业单位内部控制体系建设全流程操作指南.pdf.md
SUPVV6D-040,行政事业单位内部控制体系建设全流程操作指南-预算控制/41检测算法,算法候选,algorithm,P1,L3,监督检查与经费舞弊 / 预算执行与财政管理 / 经济责任审计,通用/监督检查与经费舞弊,异常性,review_sentinel / data_scout,book,通用,行政事业单位内部控制体系建设全流程操作指南,预算控制/41,新增,基于《行政事业单位内部控制体系建设全流程操作指南》中“预算控制/41”相关内容，识别审计对象在合规性、真实性、绩效性和责任链方面的风险，形成可复核的疑点、规则或指标输出。,项目台账；财务收支明细；合同与审批资料；支付凭证；审计发现清单；预算批复表；预算调整表；绩效目标表；绩效指标表；产出效果数据,预算控制/41疑点清单、风险等级、命中规则、涉及金额、核查建议,E:\2026\审计方法&政策文件\_ocr_output\通用\行政事业单位内部控制体系建设全流程操作指南.pdf.md
SUPVV6D-041,行政事业单位内部控制体系建设全流程操作指南-风险评估的过程与方法/15内控核查包,内控包,control_pack,P1,L2,监督检查与经费舞弊 / 预算执行与财政管理 / 经济责任审计,通用/监督检查与经费舞弊,合规性,review_sentinel / data_scout,book,通用,行政事业单位内部控制体系建设全流程操作指南,风险评估的过程与方法/15,新增,基于《行政事业单位内部控制体系建设全流程操作指南》中“风险评估的过程与方法/15”相关内容，核查审计对象在合规性、真实性、绩效性和责任链方面的风险，形成可复核的疑点、规则或指标输出。,项目台账；财务收支明细；合同与审批资料；支付凭证；审计发现清单；绩效指标表；产出效果数据；满意度问卷；采购公告；投标文件,风险评估的过程与方法/15控制点、缺陷类型、责任环节、整改任务、复核状态,E:\2026\审计方法&政策文件\_ocr_output\通用\行政事业单位内部控制体系建设全流程操作指南.pdf.md
SUPVV6D-042,行政事业单位内部控制体系建设全流程操作指南-其他内部控制方法/44规则包,规则包,rule_pack,P1,L2,监督检查与经费舞弊 / 预算执行与财政管理 / 经济责任审计,通用/监督检查与经费舞弊,合规性,review_sentinel / data_scout,book,通用,行政事业单位内部控制体系建设全流程操作指南,其他内部控制方法/44,新增,基于《行政事业单位内部控制体系建设全流程操作指南》中“其他内部控制方法/44”相关内容，固化审计对象在合规性、真实性、绩效性和责任链方面的风险，形成可复核的疑点、规则或指标输出。,项目台账；财务收支明细；合同与审批资料；支付凭证；审计发现清单；绩效指标表；产出效果数据；满意度问卷；采购公告；投标文件,其他内部控制方法/44规则编号、规则说明、触发条件、证据资料、处理建议,E:\2026\审计方法&政策文件\_ocr_output\通用\行政事业单位内部控制体系建设全流程操作指南.pdf.md
SUPVV6D-043,行政事业单位内部控制体系建设全流程操作指南-风险评估的基本程序概述/19指标包,指标包,indicator_pack,P1,L3,监督检查与经费舞弊 / 预算执行与财政管理 / 经济责任审计,通用/监督检查与经费舞弊,异常性,review_sentinel / data_scout,book,通用,行政事业单位内部控制体系建设全流程操作指南,风险评估的基本程序概述/19,新增,基于《行政事业单位内部控制体系建设全流程操作指南》中“风险评估的基本程序概述/19”相关内容，量化评价审计对象在合规性、真实性、绩效性和责任链方面的风险，形成可复核的疑点、规则或指标输出。,项目台账；财务收支明细；合同与审批资料；支付凭证；审计发现清单；绩效指标表；产出效果数据；满意度问卷；采购公告；投标文件,风险评估的基本程序概述/19指标名称、指标值、标准值、偏离率、评分和扣分原因,E:\2026\审计方法&政策文件\_ocr_output\通用\行政事业单位内部控制体系建设全流程操作指南.pdf.md
SUPVV6D-044,行政事业单位内部控制体系建设实操手册-内部控制实施方法论体系检测算法,算法候选,algorithm,P1,L3,监督检查与经费舞弊 / 预算执行与财政管理 / 经济责任审计,通用/监督检查与经费舞弊,异常性,review_sentinel / data_scout,book,通用,行政事业单位内部控制体系建设实操手册,内部控制实施方法论体系,新增,基于《行政事业单位内部控制体系建设实操手册》中“内部控制实施方法论体系”相关内容，识别审计对象在合规性、真实性、绩效性和责任链方面的风险，形成可复核的疑点、规则或指标输出。,项目台账；财务收支明细；合同与审批资料；支付凭证；审计发现清单；预算批复表；预算调整表；绩效目标表；绩效指标表；产出效果数据,内部控制实施方法论体系疑点清单、风险等级、命中规则、涉及金额、核查建议,E:\2026\审计方法&政策文件\_ocr_output\通用\行政事业单位内部控制体系建设实操手册.pdf.md
SUPVV6D-045,行政事业单位内部控制体系建设实操手册-内控项目专业的管理方法。包括完整的项目四大核心职能：范围规则包,规则包,rule_pack,P1,L2,监督检查与经费舞弊 / 预算执行与财政管理 / 经济责任审计,通用/监督检查与经费舞弊,合规性,review_sentinel / data_scout,book,通用,行政事业单位内部控制体系建设实操手册,内控项目专业的管理方法。包括完整的项目四大核心职能：范围,新增,基于《行政事业单位内部控制体系建设实操手册》中“内控项目专业的管理方法。包括完整的项目四大核心职能：范围”相关内容，固化审计对象在合规性、真实性、绩效性和责任链方面的风险，形成可复核的疑点、规则或指标输出。,项目台账；财务收支明细；合同与审批资料；支付凭证；审计发现清单；预算批复表；预算调整表；绩效目标表；绩效指标表；产出效果数据,内控项目专业的管理方法。包括完整的项目四大核心职能：范围规则编号、规则说明、触发条件、证据资料、处理建议,E:\2026\审计方法&政策文件\_ocr_output\通用\行政事业单位内部控制体系建设实操手册.pdf.md
SUPVV6D-046,行政事业单位内部控制体系建设实操手册-内部控制实施方法论的核心理念指标包,指标包,indicator_pack,P1,L3,监督检查与经费舞弊 / 预算执行与财政管理 / 经济责任审计,通用/监督检查与经费舞弊,异常性,review_sentinel / data_scout,book,通用,行政事业单位内部控制体系建设实操手册,内部控制实施方法论的核心理念,新增,基于《行政事业单位内部控制体系建设实操手册》中“内部控制实施方法论的核心理念”相关内容，量化评价审计对象在合规性、真实性、绩效性和责任链方面的风险，形成可复核的疑点、规则或指标输出。,项目台账；财务收支明细；合同与审批资料；支付凭证；审计发现清单；预算批复表；预算调整表；绩效目标表；绩效指标表；产出效果数据,内部控制实施方法论的核心理念指标名称、指标值、标准值、偏离率、评分和扣分原因,E:\2026\审计方法&政策文件\_ocr_output\通用\行政事业单位内部控制体系建设实操手册.pdf.md
SUPVV6D-047,行政事业单位内部控制体系建设实操手册-内部控制实施方法论的核心理念是专业化、标准化检测算法,算法候选,algorithm,P1,L3,监督检查与经费舞弊 / 预算执行与财政管理 / 经济责任审计,通用/监督检查与经费舞弊,异常性,review_sentinel / data_scout,book,通用,行政事业单位内部控制体系建设实操手册,内部控制实施方法论的核心理念是专业化、标准化,新增,基于《行政事业单位内部控制体系建设实操手册》中“内部控制实施方法论的核心理念是专业化、标准化”相关内容，识别审计对象在合规性、真实性、绩效性和责任链方面的风险，形成可复核的疑点、规则或指标输出。,项目台账；财务收支明细；合同与审批资料；支付凭证；审计发现清单；预算批复表；预算调整表；绩效目标表；绩效指标表；产出效果数据,内部控制实施方法论的核心理念是专业化、标准化疑点清单、风险等级、命中规则、涉及金额、核查建议,E:\2026\审计方法&政策文件\_ocr_output\通用\行政事业单位内部控制体系建设实操手册.pdf.md
SUPVV6D-048,行政事业单位内部控制体系建设实操手册-审计证据链抽取内控核查包,内控包,control_pack,P1,L2,监督检查与经费舞弊 / 预算执行与财政管理 / 经济责任审计,通用/监督检查与经费舞弊,合规性,review_sentinel / data_scout,book,通用,行政事业单位内部控制体系建设实操手册,审计证据链抽取,新增,基于《行政事业单位内部控制体系建设实操手册》中“审计证据链抽取”相关内容，核查审计对象在合规性、真实性、绩效性和责任链方面的风险，形成可复核的疑点、规则或指标输出。,项目台账；财务收支明细；合同与审批资料；支付凭证；审计发现清单；预算批复表；预算调整表；绩效目标表；绩效指标表；产出效果数据,审计证据链抽取控制点、缺陷类型、责任环节、整改任务、复核状态,E:\2026\审计方法&政策文件\_ocr_output\通用\行政事业单位内部控制体系建设实操手册.pdf.md
SUPVV6D-049,行政事业单位内部控制体系建设实操手册-内控缺陷矩阵规则包,规则包,rule_pack,P1,L2,监督检查与经费舞弊 / 预算执行与财政管理 / 经济责任审计,通用/监督检查与经费舞弊,合规性,review_sentinel / data_scout,book,通用,行政事业单位内部控制体系建设实操手册,内控缺陷矩阵,新增,基于《行政事业单位内部控制体系建设实操手册》中“内控缺陷矩阵”相关内容，固化审计对象在合规性、真实性、绩效性和责任链方面的风险，形成可复核的疑点、规则或指标输出。,项目台账；财务收支明细；合同与审批资料；支付凭证；审计发现清单；预算批复表；预算调整表；绩效目标表；绩效指标表；产出效果数据,内控缺陷矩阵规则编号、规则说明、触发条件、证据资料、处理建议,E:\2026\审计方法&政策文件\_ocr_output\通用\行政事业单位内部控制体系建设实操手册.pdf.md
PERFV6D-061,行政事业单位内部控制建设原理与操作实务-行政事业单位内部控制的方法检测算法,算法候选,algorithm,P0,L3,监督检查与经费舞弊 / 预算执行与财政管理 / 经济责任审计,通用/监督检查与经费舞弊,绩效偏离,review_sentinel / data_scout,book,通用,行政事业单位内部控制建设原理与操作实务,行政事业单位内部控制的方法,新增,基于《行政事业单位内部控制建设原理与操作实务》中“行政事业单位内部控制的方法”相关内容，识别审计对象在合规性、真实性、绩效性和责任链方面的风险，形成可复核的疑点、规则或指标输出。,项目台账；财务收支明细；合同与审批资料；支付凭证；审计发现清单；预算批复表；预算调整表；绩效目标表；绩效指标表；产出效果数据,行政事业单位内部控制的方法疑点清单、风险等级、命中规则、涉及金额、核查建议,E:\2026\审计方法&政策文件\_ocr_output\通用\行政事业单位内部控制建设原理与操作实务.pdf.md
PERFV6D-062,行政事业单位内部控制建设原理与操作实务-主要职能部门在内部控制建设中的角色分析规则包,规则包,rule_pack,P1,L2,监督检查与经费舞弊 / 预算执行与财政管理 / 经济责任审计,通用/监督检查与经费舞弊,合规性,review_sentinel / data_scout,book,通用,行政事业单位内部控制建设原理与操作实务,主要职能部门在内部控制建设中的角色分析,新增,基于《行政事业单位内部控制建设原理与操作实务》中“主要职能部门在内部控制建设中的角色分析”相关内容，固化审计对象在合规性、真实性、绩效性和责任链方面的风险，形成可复核的疑点、规则或指标输出。,项目台账；财务收支明细；合同与审批资料；支付凭证；审计发现清单；预算批复表；预算调整表；绩效目标表；绩效指标表；产出效果数据,主要职能部门在内部控制建设中的角色分析规则编号、规则说明、触发条件、证据资料、处理建议,E:\2026\审计方法&政策文件\_ocr_output\通用\行政事业单位内部控制建设原理与操作实务.pdf.md
PERFV6D-063,行政事业单位内部控制建设原理与操作实务-诊断内部控制现状，出具基础性评价报告指标包,指标包,indicator_pack,P1,L3,监督检查与经费舞弊 / 预算执行与财政管理 / 经济责任审计,通用/监督检查与经费舞弊,绩效偏离,review_sentinel / data_scout,book,通用,行政事业单位内部控制建设原理与操作实务,诊断内部控制现状，出具基础性评价报告,新增,基于《行政事业单位内部控制建设原理与操作实务》中“诊断内部控制现状，出具基础性评价报告”相关内容，量化评价审计对象在合规性、真实性、绩效性和责任链方面的风险，形成可复核的疑点、规则或指标输出。,项目台账；财务收支明细；合同与审批资料；支付凭证；审计发现清单；预算批复表；预算调整表；绩效目标表；绩效指标表；产出效果数据,诊断内部控制现状，出具基础性评价报告指标名称、指标值、标准值、偏离率、评分和扣分原因,E:\2026\审计方法&政策文件\_ocr_output\通用\行政事业单位内部控制建设原理与操作实务.pdf.md
PERFV6D-064,行政事业单位内部控制建设原理与操作实务-预算业务控制建设检测算法,算法候选,algorithm,P1,L3,监督检查与经费舞弊 / 预算执行与财政管理 / 经济责任审计,通用/监督检查与经费舞弊,绩效偏离,review_sentinel / data_scout,book,通用,行政事业单位内部控制建设原理与操作实务,预算业务控制建设,新增,基于《行政事业单位内部控制建设原理与操作实务》中“预算业务控制建设”相关内容，识别审计对象在合规性、真实性、绩效性和责任链方面的风险，形成可复核的疑点、规则或指标输出。,项目台账；财务收支明细；合同与审批资料；支付凭证；审计发现清单；预算批复表；预算调整表；绩效目标表；绩效指标表；产出效果数据,预算业务控制建设疑点清单、风险等级、命中规则、涉及金额、核查建议,E:\2026\审计方法&政策文件\_ocr_output\通用\行政事业单位内部控制建设原理与操作实务.pdf.md
PERFV6D-065,行政事业单位内部控制建设原理与操作实务-预算业务控制概述内控核查包,内控包,control_pack,P1,L2,监督检查与经费舞弊 / 预算执行与财政管理 / 经济责任审计,通用/监督检查与经费舞弊,合规性,review_sentinel / data_scout,book,通用,行政事业单位内部控制建设原理与操作实务,预算业务控制概述,新增,基于《行政事业单位内部控制建设原理与操作实务》中“预算业务控制概述”相关内容，核查审计对象在合规性、真实性、绩效性和责任链方面的风险，形成可复核的疑点、规则或指标输出。,项目台账；财务收支明细；合同与审批资料；支付凭证；审计发现清单；预算批复表；预算调整表；绩效目标表；绩效指标表；产出效果数据,预算业务控制概述控制点、缺陷类型、责任环节、整改任务、复核状态,E:\2026\审计方法&政策文件\_ocr_output\通用\行政事业单位内部控制建设原理与操作实务.pdf.md
PERFV6D-066,行政事业单位内部控制建设原理与操作实务-审计证据链抽取规则包,规则包,rule_pack,P1,L2,监督检查与经费舞弊 / 预算执行与财政管理 / 经济责任审计,通用/监督检查与经费舞弊,合规性,review_sentinel / data_scout,book,通用,行政事业单位内部控制建设原理与操作实务,审计证据链抽取,新增,基于《行政事业单位内部控制建设原理与操作实务》中“审计证据链抽取”相关内容，固化审计对象在合规性、真实性、绩效性和责任链方面的风险，形成可复核的疑点、规则或指标输出。,项目台账；财务收支明细；合同与审批资料；支付凭证；审计发现清单；预算批复表；预算调整表；绩效目标表；绩效指标表；产出效果数据,审计证据链抽取规则编号、规则说明、触发条件、证据资料、处理建议,E:\2026\审计方法&政策文件\_ocr_output\通用\行政事业单位内部控制建设原理与操作实务.pdf.md
PERFV6D-067,行政事业单位内部控制建设原理与操作实务-内控缺陷矩阵指标包,指标包,indicator_pack,P1,L3,监督检查与经费舞弊 / 预算执行与财政管理 / 经济责任审计,通用/监督检查与经费舞弊,绩效偏离,review_sentinel / data_scout,book,通用,行政事业单位内部控制建设原理与操作实务,内控缺陷矩阵,新增,基于《行政事业单位内部控制建设原理与操作实务》中“内控缺陷矩阵”相关内容，量化评价审计对象在合规性、真实性、绩效性和责任链方面的风险，形成可复核的疑点、规则或指标输出。,项目台账；财务收支明细；合同与审批资料；支付凭证；审计发现清单；预算批复表；预算调整表；绩效目标表；绩效指标表；产出效果数据,内控缺陷矩阵指标名称、指标值、标准值、偏离率、评分和扣分原因,E:\2026\审计方法&政策文件\_ocr_output\通用\行政事业单位内部控制建设原理与操作实务.pdf.md
PERFV6D-068,行政事业单位内部控制建设原理与操作实务-审计案例规则化证据链包,证据包,evidence_pack,P1,L3,监督检查与经费舞弊 / 预算执行与财政管理 / 经济责任审计,通用/监督检查与经费舞弊,绩效偏离,review_sentinel / data_scout,book,通用,行政事业单位内部控制建设原理与操作实务,审计案例规则化,新增,基于《行政事业单位内部控制建设原理与操作实务》中“审计案例规则化”相关内容，贯通审计对象在合规性、真实性、绩效性和责任链方面的风险，形成可复核的疑点、规则或指标输出。,项目台账；财务收支明细；合同与审批资料；支付凭证；审计发现清单；预算批复表；预算调整表；绩效目标表；绩效指标表；产出效果数据,审计案例规则化证据链节点、证据缺口、访谈对象、底稿索引、结论边界,E:\2026\审计方法&政策文件\_ocr_output\通用\行政事业单位内部控制建设原理与操作实务.pdf.md
PERFV6D-069,行政事业单位内部控制建设原理与操作实务-数据质量检查检测算法,算法候选,algorithm,P1,L3,监督检查与经费舞弊 / 预算执行与财政管理 / 经济责任审计,通用/监督检查与经费舞弊,绩效偏离,review_sentinel / data_scout,book,通用,行政事业单位内部控制建设原理与操作实务,数据质量检查,新增,基于《行政事业单位内部控制建设原理与操作实务》中“数据质量检查”相关内容，识别审计对象在合规性、真实性、绩效性和责任链方面的风险，形成可复核的疑点、规则或指标输出。,项目台账；财务收支明细；合同与审批资料；支付凭证；审计发现清单；预算批复表；预算调整表；绩效目标表；绩效指标表；产出效果数据,数据质量检查疑点清单、风险等级、命中规则、涉及金额、核查建议,E:\2026\审计方法&政策文件\_ocr_output\通用\行政事业单位内部控制建设原理与操作实务.pdf.md
PERFV6D-070,行政事业单位内部控制建设原理与操作实务-多源数据勾稽规则包,规则包,rule_pack,P1,L2,监督检查与经费舞弊 / 预算执行与财政管理 / 经济责任审计,通用/监督检查与经费舞弊,合规性,review_sentinel / data_scout,book,通用,行政事业单位内部控制建设原理与操作实务,多源数据勾稽,新增,基于《行政事业单位内部控制建设原理与操作实务》中“多源数据勾稽”相关内容，固化审计对象在合规性、真实性、绩效性和责任链方面的风险，形成可复核的疑点、规则或指标输出。,项目台账；财务收支明细；合同与审批资料；支付凭证；审计发现清单；预算批复表；预算调整表；绩效目标表；绩效指标表；产出效果数据,多源数据勾稽规则编号、规则说明、触发条件、证据资料、处理建议,E:\2026\审计方法&政策文件\_ocr_output\通用\行政事业单位内部控制建设原理与操作实务.pdf.md
PERFV6D-071,行政事业单位内部控制规范实施指南-审计证据链抽取检测算法,算法候选,algorithm,P0,L3,监督检查与经费舞弊 / 预算执行与财政管理 / 经济责任审计,通用/监督检查与经费舞弊,绩效偏离,review_sentinel / data_scout,book,通用,行政事业单位内部控制规范实施指南,审计证据链抽取,新增,基于《行政事业单位内部控制规范实施指南》中“审计证据链抽取”相关内容，识别审计对象在合规性、真实性、绩效性和责任链方面的风险，形成可复核的疑点、规则或指标输出。,项目台账；财务收支明细；合同与审批资料；支付凭证；审计发现清单；预算批复表；预算调整表；绩效目标表；绩效指标表；产出效果数据,审计证据链抽取疑点清单、风险等级、命中规则、涉及金额、核查建议,E:\2026\审计方法&政策文件\_ocr_output\通用\行政事业单位内部控制规范实施指南.pdf.md
PERFV6D-072,行政事业单位内部控制规范实施指南-内控缺陷矩阵规则包,规则包,rule_pack,P1,L2,监督检查与经费舞弊 / 预算执行与财政管理 / 经济责任审计,通用/监督检查与经费舞弊,合规性,review_sentinel / data_scout,book,通用,行政事业单位内部控制规范实施指南,内控缺陷矩阵,新增,基于《行政事业单位内部控制规范实施指南》中“内控缺陷矩阵”相关内容，固化审计对象在合规性、真实性、绩效性和责任链方面的风险，形成可复核的疑点、规则或指标输出。,项目台账；财务收支明细；合同与审批资料；支付凭证；审计发现清单；预算批复表；预算调整表；绩效目标表；绩效指标表；产出效果数据,内控缺陷矩阵规则编号、规则说明、触发条件、证据资料、处理建议,E:\2026\审计方法&政策文件\_ocr_output\通用\行政事业单位内部控制规范实施指南.pdf.md
PERFV6D-073,行政事业单位内部控制规范实施指南-审计案例规则化指标包,指标包,indicator_pack,P1,L3,监督检查与经费舞弊 / 预算执行与财政管理 / 经济责任审计,通用/监督检查与经费舞弊,绩效偏离,review_sentinel / data_scout,book,通用,行政事业单位内部控制规范实施指南,审计案例规则化,新增,基于《行政事业单位内部控制规范实施指南》中“审计案例规则化”相关内容，量化评价审计对象在合规性、真实性、绩效性和责任链方面的风险，形成可复核的疑点、规则或指标输出。,项目台账；财务收支明细；合同与审批资料；支付凭证；审计发现清单；预算批复表；预算调整表；绩效目标表；绩效指标表；产出效果数据,审计案例规则化指标名称、指标值、标准值、偏离率、评分和扣分原因,E:\2026\审计方法&政策文件\_ocr_output\通用\行政事业单位内部控制规范实施指南.pdf.md
PERFV6D-074,行政事业单位内部控制规范实施指南-数据质量检查检测算法,算法候选,algorithm,P1,L3,监督检查与经费舞弊 / 预算执行与财政管理 / 经济责任审计,通用/监督检查与经费舞弊,绩效偏离,review_sentinel / data_scout,book,通用,行政事业单位内部控制规范实施指南,数据质量检查,新增,基于《行政事业单位内部控制规范实施指南》中“数据质量检查”相关内容，识别审计对象在合规性、真实性、绩效性和责任链方面的风险，形成可复核的疑点、规则或指标输出。,项目台账；财务收支明细；合同与审批资料；支付凭证；审计发现清单；预算批复表；预算调整表；绩效目标表；绩效指标表；产出效果数据,数据质量检查疑点清单、风险等级、命中规则、涉及金额、核查建议,E:\2026\审计方法&政策文件\_ocr_output\通用\行政事业单位内部控制规范实施指南.pdf.md
PERFV6D-075,行政事业单位内部控制规范实施指南-多源数据勾稽内控核查包,内控包,control_pack,P1,L2,监督检查与经费舞弊 / 预算执行与财政管理 / 经济责任审计,通用/监督检查与经费舞弊,合规性,review_sentinel / data_scout,book,通用,行政事业单位内部控制规范实施指南,多源数据勾稽,新增,基于《行政事业单位内部控制规范实施指南》中“多源数据勾稽”相关内容，核查审计对象在合规性、真实性、绩效性和责任链方面的风险，形成可复核的疑点、规则或指标输出。,项目台账；财务收支明细；合同与审批资料；支付凭证；审计发现清单；预算批复表；预算调整表；绩效目标表；绩效指标表；产出效果数据,多源数据勾稽控制点、缺陷类型、责任环节、整改任务、复核状态,E:\2026\审计方法&政策文件\_ocr_output\通用\行政事业单位内部控制规范实施指南.pdf.md
PERFV6D-076,行政事业单位内部控制规范实施指南-审计报告问题归集规则包,规则包,rule_pack,P1,L2,监督检查与经费舞弊 / 预算执行与财政管理 / 经济责任审计,通用/监督检查与经费舞弊,合规性,review_sentinel / data_scout,book,通用,行政事业单位内部控制规范实施指南,审计报告问题归集,新增,基于《行政事业单位内部控制规范实施指南》中“审计报告问题归集”相关内容，固化审计对象在合规性、真实性、绩效性和责任链方面的风险，形成可复核的疑点、规则或指标输出。,项目台账；财务收支明细；合同与审批资料；支付凭证；审计发现清单；预算批复表；预算调整表；绩效目标表；绩效指标表；产出效果数据,审计报告问题归集规则编号、规则说明、触发条件、证据资料、处理建议,E:\2026\审计方法&政策文件\_ocr_output\通用\行政事业单位内部控制规范实施指南.pdf.md
PERFV6D-077,行政事业单位内部控制规范实施指南-法规依据匹配指标包,指标包,indicator_pack,P1,L3,监督检查与经费舞弊 / 预算执行与财政管理 / 经济责任审计,通用/监督检查与经费舞弊,绩效偏离,review_sentinel / data_scout,book,通用,行政事业单位内部控制规范实施指南,法规依据匹配,新增,基于《行政事业单位内部控制规范实施指南》中“法规依据匹配”相关内容，量化评价审计对象在合规性、真实性、绩效性和责任链方面的风险，形成可复核的疑点、规则或指标输出。,项目台账；财务收支明细；合同与审批资料；支付凭证；审计发现清单；预算批复表；预算调整表；绩效目标表；绩效指标表；产出效果数据,法规依据匹配指标名称、指标值、标准值、偏离率、评分和扣分原因,E:\2026\审计方法&政策文件\_ocr_output\通用\行政事业单位内部控制规范实施指南.pdf.md
BUDV6D-001,财政审计-预算分配管理审计检测算法,算法候选,algorithm,P0,L3,预算执行与财政管理 / 财政与政府债务 / 监督检查与经费舞弊,通用/预算执行与财政管理,异常性,budget_estimator / data_scout,book,通用,财政审计,预算分配管理审计,新增,基于《财政审计》中“预算分配管理审计”相关内容，识别审计对象在合规性、真实性、绩效性和责任链方面的风险，形成可复核的疑点、规则或指标输出。,项目台账；财务收支明细；合同与审批资料；支付凭证；审计发现清单；预算批复表；预算调整表；绩效目标表,预算分配管理审计疑点清单、风险等级、命中规则、涉及金额、核查建议,E:\2026\审计方法&政策文件\_ocr_output\通用\财政审计.pdf.md
BUDV6D-002,财政审计-预算分配管理及其审计目标规则包,规则包,rule_pack,P1,L2,预算执行与财政管理 / 财政与政府债务 / 监督检查与经费舞弊,通用/预算执行与财政管理,合规性,budget_estimator / data_scout,book,通用,财政审计,预算分配管理及其审计目标,新增,基于《财政审计》中“预算分配管理及其审计目标”相关内容，固化审计对象在合规性、真实性、绩效性和责任链方面的风险，形成可复核的疑点、规则或指标输出。,项目台账；财务收支明细；合同与审批资料；支付凭证；审计发现清单；预算批复表；预算调整表；绩效目标表,预算分配管理及其审计目标规则编号、规则说明、触发条件、证据资料、处理建议,E:\2026\审计方法&政策文件\_ocr_output\通用\财政审计.pdf.md
BUDV6D-003,财政审计-财政资金管理审计指标包,指标包,indicator_pack,P1,L3,预算执行与财政管理 / 财政与政府债务 / 监督检查与经费舞弊,通用/预算执行与财政管理,异常性,budget_estimator / data_scout,book,通用,财政审计,财政资金管理审计,新增,基于《财政审计》中“财政资金管理审计”相关内容，量化评价审计对象在合规性、真实性、绩效性和责任链方面的风险，形成可复核的疑点、规则或指标输出。,项目台账；财务收支明细；合同与审批资料；支付凭证；审计发现清单；预算批复表；预算调整表；绩效目标表,财政资金管理审计指标名称、指标值、标准值、偏离率、评分和扣分原因,E:\2026\审计方法&政策文件\_ocr_output\通用\财政审计.pdf.md
BUDV6D-004,财政审计-财政资金管理及其审计目标检测算法,算法候选,algorithm,P1,L3,预算执行与财政管理 / 财政与政府债务 / 监督检查与经费舞弊,通用/预算执行与财政管理,异常性,budget_estimator / data_scout,book,通用,财政审计,财政资金管理及其审计目标,新增,基于《财政审计》中“财政资金管理及其审计目标”相关内容，识别审计对象在合规性、真实性、绩效性和责任链方面的风险，形成可复核的疑点、规则或指标输出。,项目台账；财务收支明细；合同与审批资料；支付凭证；审计发现清单；预算批复表；预算调整表；绩效目标表,财政资金管理及其审计目标疑点清单、风险等级、命中规则、涉及金额、核查建议,E:\2026\审计方法&政策文件\_ocr_output\通用\财政审计.pdf.md
BUDV6D-005,财政审计-财政资金管理内部控制测评·内控核查包,内控包,control_pack,P1,L2,预算执行与财政管理 / 财政与政府债务 / 监督检查与经费舞弊,通用/预算执行与财政管理,合规性,budget_estimator / data_scout,book,通用,财政审计,财政资金管理内部控制测评·,新增,基于《财政审计》中“财政资金管理内部控制测评·”相关内容，核查审计对象在合规性、真实性、绩效性和责任链方面的风险，形成可复核的疑点、规则或指标输出。,项目台账；财务收支明细；合同与审批资料；支付凭证；审计发现清单；预算批复表；预算调整表；绩效目标表,财政资金管理内部控制测评·控制点、缺陷类型、责任环节、整改任务、复核状态,E:\2026\审计方法&政策文件\_ocr_output\通用\财政审计.pdf.md
BUDV6D-006,财政审计-财政审计项目的实施程序规则包,规则包,rule_pack,P1,L2,预算执行与财政管理 / 财政与政府债务 / 监督检查与经费舞弊,通用/预算执行与财政管理,合规性,budget_estimator / data_scout,book,通用,财政审计,财政审计项目的实施程序,新增,基于《财政审计》中“财政审计项目的实施程序”相关内容，固化审计对象在合规性、真实性、绩效性和责任链方面的风险，形成可复核的疑点、规则或指标输出。,项目台账；财务收支明细；合同与审批资料；支付凭证；审计发现清单；预算批复表；预算调整表；绩效目标表,财政审计项目的实施程序规则编号、规则说明、触发条件、证据资料、处理建议,E:\2026\审计方法&政策文件\_ocr_output\通用\财政审计.pdf.md
BUDV6D-007,财政审计-预算分配管理的实质性审查指标包,指标包,indicator_pack,P1,L3,预算执行与财政管理 / 财政与政府债务 / 监督检查与经费舞弊,通用/预算执行与财政管理,异常性,budget_estimator / data_scout,book,通用,财政审计,预算分配管理的实质性审查,新增,基于《财政审计》中“预算分配管理的实质性审查”相关内容，量化评价审计对象在合规性、真实性、绩效性和责任链方面的风险，形成可复核的疑点、规则或指标输出。,项目台账；财务收支明细；合同与审批资料；支付凭证；审计发现清单；预算批复表；预算调整表；绩效目标表,预算分配管理的实质性审查指标名称、指标值、标准值、偏离率、评分和扣分原因,E:\2026\审计方法&政策文件\_ocr_output\通用\财政审计.pdf.md
BUDV6D-008,财政审计-非税收入收缴管理审计证据链包,证据包,evidence_pack,P1,L3,预算执行与财政管理 / 财政与政府债务 / 监督检查与经费舞弊,通用/预算执行与财政管理,异常性,budget_estimator / data_scout,book,通用,财政审计,非税收入收缴管理审计,新增,基于《财政审计》中“非税收入收缴管理审计”相关内容，贯通审计对象在合规性、真实性、绩效性和责任链方面的风险，形成可复核的疑点、规则或指标输出。,项目台账；财务收支明细；合同与审批资料；支付凭证；审计发现清单；预算批复表；预算调整表；绩效目标表,非税收入收缴管理审计证据链节点、证据缺口、访谈对象、底稿索引、结论边界,E:\2026\审计方法&政策文件\_ocr_output\通用\财政审计.pdf.md
BUDV6D-009,财政审计读本-强化预决算管理的审计监督，促进建立现代预算制度：（11）检测算法,算法候选,algorithm,P0,L3,预算执行与财政管理 / 财政与政府债务 / 监督检查与经费舞弊,通用/预算执行与财政管理,异常性,budget_estimator / data_scout,book,通用,财政审计读本,强化预决算管理的审计监督，促进建立现代预算制度：（11）,新增,基于《财政审计读本》中“强化预决算管理的审计监督，促进建立现代预算制度：（11）”相关内容，识别审计对象在合规性、真实性、绩效性和责任链方面的风险，形成可复核的疑点、规则或指标输出。,项目台账；财务收支明细；合同与审批资料；支付凭证；审计发现清单；预算批复表；预算调整表；绩效目标表,强化预决算管理的审计监督，促进建立现代预算制度：（11）疑点清单、风险等级、命中规则、涉及金额、核查建议,E:\2026\审计方法&政策文件\_ocr_output\通用\财政审计读本.pdf.md
BUDV6D-010,财政审计读本-财政部门具体组织预算执行和决算草案审计规则包,规则包,rule_pack,P1,L2,预算执行与财政管理 / 财政与政府债务 / 监督检查与经费舞弊,通用/预算执行与财政管理,合规性,budget_estimator / data_scout,book,通用,财政审计读本,财政部门具体组织预算执行和决算草案审计,新增,基于《财政审计读本》中“财政部门具体组织预算执行和决算草案审计”相关内容，固化审计对象在合规性、真实性、绩效性和责任链方面的风险，形成可复核的疑点、规则或指标输出。,项目台账；财务收支明细；合同与审批资料；支付凭证；审计发现清单；预算批复表；预算调整表；绩效目标表,财政部门具体组织预算执行和决算草案审计规则编号、规则说明、触发条件、证据资料、处理建议,E:\2026\审计方法&政策文件\_ocr_output\通用\财政审计读本.pdf.md
BUDV6D-011,财政审计读本-部门预算执行和决算草案审计指标包,指标包,indicator_pack,P1,L3,预算执行与财政管理 / 财政与政府债务 / 监督检查与经费舞弊,通用/预算执行与财政管理,异常性,budget_estimator / data_scout,book,通用,财政审计读本,部门预算执行和决算草案审计,新增,基于《财政审计读本》中“部门预算执行和决算草案审计”相关内容，量化评价审计对象在合规性、真实性、绩效性和责任链方面的风险，形成可复核的疑点、规则或指标输出。,项目台账；财务收支明细；合同与审批资料；支付凭证；审计发现清单；预算批复表；预算调整表；绩效目标表,部门预算执行和决算草案审计指标名称、指标值、标准值、偏离率、评分和扣分原因,E:\2026\审计方法&政策文件\_ocr_output\通用\财政审计读本.pdf.md
BUDV6D-012,财政审计读本-重点专项资金审计检测算法,算法候选,algorithm,P1,L3,预算执行与财政管理 / 财政与政府债务 / 监督检查与经费舞弊,通用/预算执行与财政管理,异常性,budget_estimator / data_scout,book,通用,财政审计读本,重点专项资金审计,新增,基于《财政审计读本》中“重点专项资金审计”相关内容，识别审计对象在合规性、真实性、绩效性和责任链方面的风险，形成可复核的疑点、规则或指标输出。,项目台账；财务收支明细；合同与审批资料；支付凭证；审计发现清单；预算批复表；预算调整表；绩效目标表,重点专项资金审计疑点清单、风险等级、命中规则、涉及金额、核查建议,E:\2026\审计方法&政策文件\_ocr_output\通用\财政审计读本.pdf.md
BUDV6D-013,财政审计读本-加大审计力度，认真落实审计监督全覆盖要求·….（10）内控核查包,内控包,control_pack,P1,L2,预算执行与财政管理 / 财政与政府债务 / 监督检查与经费舞弊,通用/预算执行与财政管理,合规性,budget_estimator / data_scout,book,通用,财政审计读本,加大审计力度，认真落实审计监督全覆盖要求·….（10）,新增,基于《财政审计读本》中“加大审计力度，认真落实审计监督全覆盖要求·….（10）”相关内容，核查审计对象在合规性、真实性、绩效性和责任链方面的风险，形成可复核的疑点、规则或指标输出。,项目台账；财务收支明细；合同与审批资料；支付凭证；审计发现清单；预算批复表；预算调整表；绩效目标表,加大审计力度，认真落实审计监督全覆盖要求·….（10）控制点、缺陷类型、责任环节、整改任务、复核状态,E:\2026\审计方法&政策文件\_ocr_output\通用\财政审计读本.pdf.md
BUDV6D-014,财政审计读本-加大绩效审计力度，促进优化财政支出结构·….…·规则包,规则包,rule_pack,P1,L2,预算执行与财政管理 / 财政与政府债务 / 监督检查与经费舞弊,通用/预算执行与财政管理,合规性,budget_estimator / data_scout,book,通用,财政审计读本,加大绩效审计力度，促进优化财政支出结构·….…·,新增,基于《财政审计读本》中“加大绩效审计力度，促进优化财政支出结构·….…·”相关内容，固化审计对象在合规性、真实性、绩效性和责任链方面的风险，形成可复核的疑点、规则或指标输出。,项目台账；财务收支明细；合同与审批资料；支付凭证；审计发现清单；预算批复表；预算调整表；绩效目标表；绩效指标表；产出效果数据,加大绩效审计力度，促进优化财政支出结构·….…·规则编号、规则说明、触发条件、证据资料、处理建议,E:\2026\审计方法&政策文件\_ocr_output\通用\财政审计读本.pdf.md
SUPVV6D-050,财政监督检查实务操作指南-制定专项风险防控管理办法。要根据本部门内部控制基本制度，检测算法,算法候选,algorithm,P0,L3,预算执行与财政管理 / 财政与政府债务 / 监督检查与经费舞弊,通用/预算执行与财政管理,异常性,budget_estimator / data_scout,book,通用,财政监督检查实务操作指南,制定专项风险防控管理办法。要根据本部门内部控制基本制度，,新增,基于《财政监督检查实务操作指南》中“制定专项风险防控管理办法。要根据本部门内部控制基本制度，”相关内容，识别审计对象在合规性、真实性、绩效性和责任链方面的风险，形成可复核的疑点、规则或指标输出。,项目台账；财务收支明细；合同与审批资料；支付凭证；审计发现清单；预算批复表；预算调整表；绩效目标表；绩效指标表；产出效果数据,制定专项风险防控管理办法。要根据本部门内部控制基本制度，疑点清单、风险等级、命中规则、涉及金额、核查建议,E:\2026\审计方法&政策文件\_ocr_output\通用\财政监督检查实务操作指南.pdf.md
SUPVV6D-051,财政监督检查实务操作指南-1.4建立和实施内部控制是落实党风廉政建设主体责任和监规则包,规则包,rule_pack,P1,L2,预算执行与财政管理 / 财政与政府债务 / 监督检查与经费舞弊,通用/预算执行与财政管理,合规性,budget_estimator / data_scout,book,通用,财政监督检查实务操作指南,1.4建立和实施内部控制是落实党风廉政建设主体责任和监,新增,基于《财政监督检查实务操作指南》中“1.4建立和实施内部控制是落实党风廉政建设主体责任和监”相关内容，固化审计对象在合规性、真实性、绩效性和责任链方面的风险，形成可复核的疑点、规则或指标输出。,项目台账；财务收支明细；合同与审批资料；支付凭证；审计发现清单；预算批复表；预算调整表；绩效目标表；绩效指标表；产出效果数据,1.4建立和实施内部控制是落实党风廉政建设主体责任和监规则编号、规则说明、触发条件、证据资料、处理建议,E:\2026\审计方法&政策文件\_ocr_output\通用\财政监督检查实务操作指南.pdf.md
SUPVV6D-052,财政监督检查实务操作指南-基本制度提出了内部控制的五种方法指标包,指标包,indicator_pack,P1,L3,预算执行与财政管理 / 财政与政府债务 / 监督检查与经费舞弊,通用/预算执行与财政管理,异常性,budget_estimator / data_scout,book,通用,财政监督检查实务操作指南,基本制度提出了内部控制的五种方法,新增,基于《财政监督检查实务操作指南》中“基本制度提出了内部控制的五种方法”相关内容，量化评价审计对象在合规性、真实性、绩效性和责任链方面的风险，形成可复核的疑点、规则或指标输出。,项目台账；财务收支明细；合同与审批资料；支付凭证；审计发现清单；预算批复表；预算调整表；绩效目标表；绩效指标表；产出效果数据,基本制度提出了内部控制的五种方法指标名称、指标值、标准值、偏离率、评分和扣分原因,E:\2026\审计方法&政策文件\_ocr_output\通用\财政监督检查实务操作指南.pdf.md
SUPVV6D-053,"财政监督检查实务操作指南-1.3加强监督问责,推动内部控制制度执行检测算法",算法候选,algorithm,P1,L3,预算执行与财政管理 / 财政与政府债务 / 监督检查与经费舞弊,通用/预算执行与财政管理,异常性,budget_estimator / data_scout,book,通用,财政监督检查实务操作指南,"1.3加强监督问责,推动内部控制制度执行",新增,"基于《财政监督检查实务操作指南》中“1.3加强监督问责,推动内部控制制度执行”相关内容，识别审计对象在合规性、真实性、绩效性和责任链方面的风险，形成可复核的疑点、规则或指标输出。",项目台账；财务收支明细；合同与审批资料；支付凭证；审计发现清单；预算批复表；预算调整表；绩效目标表；绩效指标表；产出效果数据,"1.3加强监督问责,推动内部控制制度执行疑点清单、风险等级、命中规则、涉及金额、核查建议",E:\2026\审计方法&政策文件\_ocr_output\通用\财政监督检查实务操作指南.pdf.md
SUPVV6D-054,财政监督检查实务操作指南-审计证据链抽取内控核查包,内控包,control_pack,P1,L2,预算执行与财政管理 / 财政与政府债务 / 监督检查与经费舞弊,通用/预算执行与财政管理,合规性,budget_estimator / data_scout,book,通用,财政监督检查实务操作指南,审计证据链抽取,新增,基于《财政监督检查实务操作指南》中“审计证据链抽取”相关内容，核查审计对象在合规性、真实性、绩效性和责任链方面的风险，形成可复核的疑点、规则或指标输出。,项目台账；财务收支明细；合同与审批资料；支付凭证；审计发现清单；预算批复表；预算调整表；绩效目标表；绩效指标表；产出效果数据,审计证据链抽取控制点、缺陷类型、责任环节、整改任务、复核状态,E:\2026\审计方法&政策文件\_ocr_output\通用\财政监督检查实务操作指南.pdf.md
SUPVV6D-055,财政监督检查实务操作指南-内控缺陷矩阵规则包,规则包,rule_pack,P1,L2,预算执行与财政管理 / 财政与政府债务 / 监督检查与经费舞弊,通用/预算执行与财政管理,合规性,budget_estimator / data_scout,book,通用,财政监督检查实务操作指南,内控缺陷矩阵,新增,基于《财政监督检查实务操作指南》中“内控缺陷矩阵”相关内容，固化审计对象在合规性、真实性、绩效性和责任链方面的风险，形成可复核的疑点、规则或指标输出。,项目台账；财务收支明细；合同与审批资料；支付凭证；审计发现清单；预算批复表；预算调整表；绩效目标表；绩效指标表；产出效果数据,内控缺陷矩阵规则编号、规则说明、触发条件、证据资料、处理建议,E:\2026\审计方法&政策文件\_ocr_output\通用\财政监督检查实务操作指南.pdf.md
SUPVV6D-056,财政监督检查实务操作指南-审计案例规则化指标包,指标包,indicator_pack,P1,L3,预算执行与财政管理 / 财政与政府债务 / 监督检查与经费舞弊,通用/预算执行与财政管理,异常性,budget_estimator / data_scout,book,通用,财政监督检查实务操作指南,审计案例规则化,新增,基于《财政监督检查实务操作指南》中“审计案例规则化”相关内容，量化评价审计对象在合规性、真实性、绩效性和责任链方面的风险，形成可复核的疑点、规则或指标输出。,项目台账；财务收支明细；合同与审批资料；支付凭证；审计发现清单；预算批复表；预算调整表；绩效目标表；绩效指标表；产出效果数据,审计案例规则化指标名称、指标值、标准值、偏离率、评分和扣分原因,E:\2026\审计方法&政策文件\_ocr_output\通用\财政监督检查实务操作指南.pdf.md
SUPVV6D-057,财政监督检查实务操作指南-数据质量检查证据链包,证据包,evidence_pack,P1,L3,预算执行与财政管理 / 财政与政府债务 / 监督检查与经费舞弊,通用/预算执行与财政管理,异常性,budget_estimator / data_scout,book,通用,财政监督检查实务操作指南,数据质量检查,新增,基于《财政监督检查实务操作指南》中“数据质量检查”相关内容，贯通审计对象在合规性、真实性、绩效性和责任链方面的风险，形成可复核的疑点、规则或指标输出。,项目台账；财务收支明细；合同与审批资料；支付凭证；审计发现清单；预算批复表；预算调整表；绩效目标表；绩效指标表；产出效果数据,数据质量检查证据链节点、证据缺口、访谈对象、底稿索引、结论边界,E:\2026\审计方法&政策文件\_ocr_output\通用\财政监督检查实务操作指南.pdf.md
PERFV6D-078,高级审计技术方法-征兆发现审计技术，吕君杰；第九章探索性审计数据分析，陈伟检测算法,算法候选,algorithm,P0,L3,全场景通用 / 监督检查与经费舞弊 / 绩效评价,通用/全场景通用,绩效偏离,data_scout / workpaper_crafter,book,通用,高级审计技术方法,征兆发现审计技术，吕君杰；第九章探索性审计数据分析，陈伟,新增,基于《高级审计技术方法》中“征兆发现审计技术，吕君杰；第九章探索性审计数据分析，陈伟”相关内容，识别审计对象在合规性、真实性、绩效性和责任链方面的风险，形成可复核的疑点、规则或指标输出。,项目台账；财务收支明细；合同与审批资料；支付凭证；审计发现清单；绩效指标表；产出效果数据；满意度问卷；采购公告；投标文件,征兆发现审计技术，吕君杰；第九章探索性审计数据分析，陈伟疑点清单、风险等级、命中规则、涉及金额、核查建议,E:\2026\审计方法&政策文件\_ocr_output\通用\高级审计技术方法.pdf.md
PERFV6D-079,高级审计技术方法-多维数据分析审计技术规则包,规则包,rule_pack,P1,L2,全场景通用 / 监督检查与经费舞弊 / 绩效评价,通用/全场景通用,合规性,data_scout / workpaper_crafter,book,通用,高级审计技术方法,多维数据分析审计技术,新增,基于《高级审计技术方法》中“多维数据分析审计技术”相关内容，固化审计对象在合规性、真实性、绩效性和责任链方面的风险，形成可复核的疑点、规则或指标输出。,项目台账；财务收支明细；合同与审批资料；支付凭证；审计发现清单；绩效指标表；产出效果数据；满意度问卷；采购公告；投标文件,多维数据分析审计技术规则编号、规则说明、触发条件、证据资料、处理建议,E:\2026\审计方法&政策文件\_ocr_output\通用\高级审计技术方法.pdf.md
PERFV6D-080,高级审计技术方法-高级审计技术方法.pdf指标包,指标包,indicator_pack,P1,L3,全场景通用 / 监督检查与经费舞弊 / 绩效评价,通用/全场景通用,绩效偏离,data_scout / workpaper_crafter,book,通用,高级审计技术方法,高级审计技术方法.pdf,新增,基于《高级审计技术方法》中“高级审计技术方法.pdf”相关内容，量化评价审计对象在合规性、真实性、绩效性和责任链方面的风险，形成可复核的疑点、规则或指标输出。,项目台账；财务收支明细；合同与审批资料；支付凭证；审计发现清单；绩效指标表；产出效果数据；满意度问卷；采购公告；投标文件,高级审计技术方法.pdf指标名称、指标值、标准值、偏离率、评分和扣分原因,E:\2026\审计方法&政策文件\_ocr_output\通用\高级审计技术方法.pdf.md
PERFV6D-081,高级审计技术方法-高级审计技术方法概论，王会金；第二章哲学对审计方法的指导检测算法,算法候选,algorithm,P1,L3,全场景通用 / 监督检查与经费舞弊 / 绩效评价,通用/全场景通用,绩效偏离,data_scout / workpaper_crafter,book,通用,高级审计技术方法,高级审计技术方法概论，王会金；第二章哲学对审计方法的指导,新增,基于《高级审计技术方法》中“高级审计技术方法概论，王会金；第二章哲学对审计方法的指导”相关内容，识别审计对象在合规性、真实性、绩效性和责任链方面的风险，形成可复核的疑点、规则或指标输出。,项目台账；财务收支明细；合同与审批资料；支付凭证；审计发现清单；绩效指标表；产出效果数据；满意度问卷；采购公告；投标文件,高级审计技术方法概论，王会金；第二章哲学对审计方法的指导疑点清单、风险等级、命中规则、涉及金额、核查建议,E:\2026\审计方法&政策文件\_ocr_output\通用\高级审计技术方法.pdf.md
PERFV6D-082,高级审计技术方法-高级审计技术方法概论内控核查包,内控包,control_pack,P1,L2,全场景通用 / 监督检查与经费舞弊 / 绩效评价,通用/全场景通用,合规性,data_scout / workpaper_crafter,book,通用,高级审计技术方法,高级审计技术方法概论,新增,基于《高级审计技术方法》中“高级审计技术方法概论”相关内容，核查审计对象在合规性、真实性、绩效性和责任链方面的风险，形成可复核的疑点、规则或指标输出。,项目台账；财务收支明细；合同与审批资料；支付凭证；审计发现清单；绩效指标表；产出效果数据；满意度问卷；采购公告；投标文件,高级审计技术方法概论控制点、缺陷类型、责任环节、整改任务、复核状态,E:\2026\审计方法&政策文件\_ocr_output\通用\高级审计技术方法.pdf.md
PERFV6D-083,高级审计技术方法-高级审计技术方法的含义规则包,规则包,rule_pack,P1,L2,全场景通用 / 监督检查与经费舞弊 / 绩效评价,通用/全场景通用,合规性,data_scout / workpaper_crafter,book,通用,高级审计技术方法,高级审计技术方法的含义,新增,基于《高级审计技术方法》中“高级审计技术方法的含义”相关内容，固化审计对象在合规性、真实性、绩效性和责任链方面的风险，形成可复核的疑点、规则或指标输出。,项目台账；财务收支明细；合同与审批资料；支付凭证；审计发现清单；绩效指标表；产出效果数据；满意度问卷；采购公告；投标文件,高级审计技术方法的含义规则编号、规则说明、触发条件、证据资料、处理建议,E:\2026\审计方法&政策文件\_ocr_output\通用\高级审计技术方法.pdf.md
PERFV6D-084,高级审计技术方法-高级审计技术方法体系与选用指标包,指标包,indicator_pack,P1,L3,全场景通用 / 监督检查与经费舞弊 / 绩效评价,通用/全场景通用,绩效偏离,data_scout / workpaper_crafter,book,通用,高级审计技术方法,高级审计技术方法体系与选用,新增,基于《高级审计技术方法》中“高级审计技术方法体系与选用”相关内容，量化评价审计对象在合规性、真实性、绩效性和责任链方面的风险，形成可复核的疑点、规则或指标输出。,项目台账；财务收支明细；合同与审批资料；支付凭证；审计发现清单；绩效指标表；产出效果数据；满意度问卷；采购公告；投标文件,高级审计技术方法体系与选用指标名称、指标值、标准值、偏离率、评分和扣分原因,E:\2026\审计方法&政策文件\_ocr_output\通用\高级审计技术方法.pdf.md
PERFV6D-085,高级审计技术方法-哲学对审计方法的指导意义证据链包,证据包,evidence_pack,P1,L3,全场景通用 / 监督检查与经费舞弊 / 绩效评价,通用/全场景通用,绩效偏离,data_scout / workpaper_crafter,book,通用,高级审计技术方法,哲学对审计方法的指导意义,新增,基于《高级审计技术方法》中“哲学对审计方法的指导意义”相关内容，贯通审计对象在合规性、真实性、绩效性和责任链方面的风险，形成可复核的疑点、规则或指标输出。,项目台账；财务收支明细；合同与审批资料；支付凭证；审计发现清单；绩效指标表；产出效果数据；满意度问卷；采购公告；投标文件,哲学对审计方法的指导意义证据链节点、证据缺口、访谈对象、底稿索引、结论边界,E:\2026\审计方法&政策文件\_ocr_output\通用\高级审计技术方法.pdf.md
BUDV6D-015,中央部门预算执行审计常用定性表述及适用法规向导-中央部门预算执行审计常用定性表述及适用法规向导.pdf检测算法,算法候选,algorithm,P1,L3,预算执行与财政管理 / 绩效评价 / 财政与政府债务,预算/预算执行与财政管理,异常性,budget_estimator / data_scout,book,预算,中央部门预算执行审计常用定性表述及适用法规向导,中央部门预算执行审计常用定性表述及适用法规向导.pdf,新增,基于《中央部门预算执行审计常用定性表述及适用法规向导》中“中央部门预算执行审计常用定性表述及适用法规向导.pdf”相关内容，识别审计对象在合规性、真实性、绩效性和责任链方面的风险，形成可复核的疑点、规则或指标输出。,项目台账；财务收支明细；合同与审批资料；支付凭证；审计发现清单；预算批复表；预算调整表；绩效目标表；绩效指标表；产出效果数据,中央部门预算执行审计常用定性表述及适用法规向导.pdf疑点清单、风险等级、命中规则、涉及金额、核查建议,E:\2026\审计方法&政策文件\_ocr_output\预算\中央部门预算执行审计常用定性表述及适用法规向导.pdf.md
BUDV6D-016,中央部门预算执行审计常用定性表述及适用法规向导-关于单位集中管理的住宅专项维修资金的会计处理规则包,规则包,rule_pack,P1,L2,预算执行与财政管理 / 绩效评价 / 财政与政府债务,预算/预算执行与财政管理,合规性,budget_estimator / data_scout,book,预算,中央部门预算执行审计常用定性表述及适用法规向导,关于单位集中管理的住宅专项维修资金的会计处理,新增,基于《中央部门预算执行审计常用定性表述及适用法规向导》中“关于单位集中管理的住宅专项维修资金的会计处理”相关内容，固化审计对象在合规性、真实性、绩效性和责任链方面的风险，形成可复核的疑点、规则或指标输出。,项目台账；财务收支明细；合同与审批资料；支付凭证；审计发现清单；预算批复表；预算调整表；绩效目标表；绩效指标表；产出效果数据,关于单位集中管理的住宅专项维修资金的会计处理规则编号、规则说明、触发条件、证据资料、处理建议,E:\2026\审计方法&政策文件\_ocr_output\预算\中央部门预算执行审计常用定性表述及适用法规向导.pdf.md
BUDV6D-017,中央部门预算执行审计常用定性表述及适用法规向导-预算执行偏离指标包,指标包,indicator_pack,P1,L3,预算执行与财政管理 / 绩效评价 / 财政与政府债务,预算/预算执行与财政管理,异常性,budget_estimator / data_scout,book,预算,中央部门预算执行审计常用定性表述及适用法规向导,预算执行偏离,新增,基于《中央部门预算执行审计常用定性表述及适用法规向导》中“预算执行偏离”相关内容，量化评价审计对象在合规性、真实性、绩效性和责任链方面的风险，形成可复核的疑点、规则或指标输出。,项目台账；财务收支明细；合同与审批资料；支付凭证；审计发现清单；预算批复表；预算调整表；绩效目标表；绩效指标表；产出效果数据,预算执行偏离指标名称、指标值、标准值、偏离率、评分和扣分原因,E:\2026\审计方法&政策文件\_ocr_output\预算\中央部门预算执行审计常用定性表述及适用法规向导.pdf.md
BUDV6D-018,中央部门预算执行审计常用定性表述及适用法规向导-预算编制科学性检测算法,算法候选,algorithm,P1,L3,预算执行与财政管理 / 绩效评价 / 财政与政府债务,预算/预算执行与财政管理,异常性,budget_estimator / data_scout,book,预算,中央部门预算执行审计常用定性表述及适用法规向导,预算编制科学性,新增,基于《中央部门预算执行审计常用定性表述及适用法规向导》中“预算编制科学性”相关内容，识别审计对象在合规性、真实性、绩效性和责任链方面的风险，形成可复核的疑点、规则或指标输出。,项目台账；财务收支明细；合同与审批资料；支付凭证；审计发现清单；预算批复表；预算调整表；绩效目标表；绩效指标表；产出效果数据,预算编制科学性疑点清单、风险等级、命中规则、涉及金额、核查建议,E:\2026\审计方法&政策文件\_ocr_output\预算\中央部门预算执行审计常用定性表述及适用法规向导.pdf.md
BUDV6D-019,中央部门预算执行审计常用定性表述及适用法规向导-预算绩效指标内控核查包,内控包,control_pack,P1,L2,预算执行与财政管理 / 绩效评价 / 财政与政府债务,预算/预算执行与财政管理,合规性,budget_estimator / data_scout,book,预算,中央部门预算执行审计常用定性表述及适用法规向导,预算绩效指标,新增,基于《中央部门预算执行审计常用定性表述及适用法规向导》中“预算绩效指标”相关内容，核查审计对象在合规性、真实性、绩效性和责任链方面的风险，形成可复核的疑点、规则或指标输出。,项目台账；财务收支明细；合同与审批资料；支付凭证；审计发现清单；预算批复表；预算调整表；绩效目标表；绩效指标表；产出效果数据,预算绩效指标控制点、缺陷类型、责任环节、整改任务、复核状态,E:\2026\审计方法&政策文件\_ocr_output\预算\中央部门预算执行审计常用定性表述及适用法规向导.pdf.md
BUDV6D-020,中央部门预算执行审计常用定性表述及适用法规向导-支出标准执行规则包,规则包,rule_pack,P1,L2,预算执行与财政管理 / 绩效评价 / 财政与政府债务,预算/预算执行与财政管理,合规性,budget_estimator / data_scout,book,预算,中央部门预算执行审计常用定性表述及适用法规向导,支出标准执行,新增,基于《中央部门预算执行审计常用定性表述及适用法规向导》中“支出标准执行”相关内容，固化审计对象在合规性、真实性、绩效性和责任链方面的风险，形成可复核的疑点、规则或指标输出。,项目台账；财务收支明细；合同与审批资料；支付凭证；审计发现清单；预算批复表；预算调整表；绩效目标表；绩效指标表；产出效果数据,支出标准执行规则编号、规则说明、触发条件、证据资料、处理建议,E:\2026\审计方法&政策文件\_ocr_output\预算\中央部门预算执行审计常用定性表述及适用法规向导.pdf.md
PERFV6D-086,全面实施预算绩效管理实践指导-预算绩效管理绩效分析方法/250检测算法,算法候选,algorithm,P0,L3,预算执行与财政管理 / 绩效评价 / 财政与政府债务,预算/预算执行与财政管理,绩效偏离,budget_estimator / data_scout,book,预算,全面实施预算绩效管理实践指导,预算绩效管理绩效分析方法/250,新增,基于《全面实施预算绩效管理实践指导》中“预算绩效管理绩效分析方法/250”相关内容，识别审计对象在合规性、真实性、绩效性和责任链方面的风险，形成可复核的疑点、规则或指标输出。,项目台账；财务收支明细；合同与审批资料；支付凭证；审计发现清单；预算批复表；预算调整表；绩效目标表；绩效指标表；产出效果数据,预算绩效管理绩效分析方法/250疑点清单、风险等级、命中规则、涉及金额、核查建议,E:\2026\审计方法&政策文件\_ocr_output\预算\全面实施预算绩效管理实践指导.pdf.md
PERFV6D-087,全面实施预算绩效管理实践指导-预算绩效管理指标与标准体系/218规则包,规则包,rule_pack,P1,L2,预算执行与财政管理 / 绩效评价 / 财政与政府债务,预算/预算执行与财政管理,合规性,budget_estimator / data_scout,book,预算,全面实施预算绩效管理实践指导,预算绩效管理指标与标准体系/218,新增,基于《全面实施预算绩效管理实践指导》中“预算绩效管理指标与标准体系/218”相关内容，固化审计对象在合规性、真实性、绩效性和责任链方面的风险，形成可复核的疑点、规则或指标输出。,项目台账；财务收支明细；合同与审批资料；支付凭证；审计发现清单；预算批复表；预算调整表；绩效目标表；绩效指标表；产出效果数据,预算绩效管理指标与标准体系/218规则编号、规则说明、触发条件、证据资料、处理建议,E:\2026\审计方法&政策文件\_ocr_output\预算\全面实施预算绩效管理实践指导.pdf.md
PERFV6D-088,全面实施预算绩效管理实践指导-全面实施预算绩效管理实践指导.pdf指标包,指标包,indicator_pack,P1,L3,预算执行与财政管理 / 绩效评价 / 财政与政府债务,预算/预算执行与财政管理,绩效偏离,budget_estimator / data_scout,book,预算,全面实施预算绩效管理实践指导,全面实施预算绩效管理实践指导.pdf,新增,基于《全面实施预算绩效管理实践指导》中“全面实施预算绩效管理实践指导.pdf”相关内容，量化评价审计对象在合规性、真实性、绩效性和责任链方面的风险，形成可复核的疑点、规则或指标输出。,项目台账；财务收支明细；合同与审批资料；支付凭证；审计发现清单；预算批复表；预算调整表；绩效目标表；绩效指标表；产出效果数据,全面实施预算绩效管理实践指导.pdf指标名称、指标值、标准值、偏离率、评分和扣分原因,E:\2026\审计方法&政策文件\_ocr_output\预算\全面实施预算绩效管理实践指导.pdf.md
PERFV6D-089,全面实施预算绩效管理实践指导-绩效评价管理概述/070检测算法,算法候选,algorithm,P1,L3,预算执行与财政管理 / 绩效评价 / 财政与政府债务,预算/预算执行与财政管理,绩效偏离,budget_estimator / data_scout,book,预算,全面实施预算绩效管理实践指导,绩效评价管理概述/070,新增,基于《全面实施预算绩效管理实践指导》中“绩效评价管理概述/070”相关内容，识别审计对象在合规性、真实性、绩效性和责任链方面的风险，形成可复核的疑点、规则或指标输出。,项目台账；财务收支明细；合同与审批资料；支付凭证；审计发现清单；预算批复表；预算调整表；绩效目标表；绩效指标表；产出效果数据,绩效评价管理概述/070疑点清单、风险等级、命中规则、涉及金额、核查建议,E:\2026\审计方法&政策文件\_ocr_output\预算\全面实施预算绩效管理实践指导.pdf.md
PERFV6D-090,全面实施预算绩效管理实践指导-政府预算绩效管理/149内控核查包,内控包,control_pack,P1,L2,预算执行与财政管理 / 绩效评价 / 财政与政府债务,预算/预算执行与财政管理,合规性,budget_estimator / data_scout,book,预算,全面实施预算绩效管理实践指导,政府预算绩效管理/149,新增,基于《全面实施预算绩效管理实践指导》中“政府预算绩效管理/149”相关内容，核查审计对象在合规性、真实性、绩效性和责任链方面的风险，形成可复核的疑点、规则或指标输出。,项目台账；财务收支明细；合同与审批资料；支付凭证；审计发现清单；预算批复表；预算调整表；绩效目标表；绩效指标表；产出效果数据,政府预算绩效管理/149控制点、缺陷类型、责任环节、整改任务、复核状态,E:\2026\审计方法&政策文件\_ocr_output\预算\全面实施预算绩效管理实践指导.pdf.md
PERFV6D-091,全面实施预算绩效管理实践指导-预算绩效管理信息系统与平台/297规则包,规则包,rule_pack,P1,L2,预算执行与财政管理 / 绩效评价 / 财政与政府债务,预算/预算执行与财政管理,合规性,budget_estimator / data_scout,book,预算,全面实施预算绩效管理实践指导,预算绩效管理信息系统与平台/297,新增,基于《全面实施预算绩效管理实践指导》中“预算绩效管理信息系统与平台/297”相关内容，固化审计对象在合规性、真实性、绩效性和责任链方面的风险，形成可复核的疑点、规则或指标输出。,项目台账；财务收支明细；合同与审批资料；支付凭证；审计发现清单；预算批复表；预算调整表；绩效目标表；绩效指标表；产出效果数据,预算绩效管理信息系统与平台/297规则编号、规则说明、触发条件、证据资料、处理建议,E:\2026\审计方法&政策文件\_ocr_output\预算\全面实施预算绩效管理实践指导.pdf.md
PERFV6D-092,全面实施预算绩效管理实践指导-基于全局高度探讨实施预算绩效管理的业务支撑和技术保障体指标包,指标包,indicator_pack,P1,L3,预算执行与财政管理 / 绩效评价 / 财政与政府债务,预算/预算执行与财政管理,绩效偏离,budget_estimator / data_scout,book,预算,全面实施预算绩效管理实践指导,基于全局高度探讨实施预算绩效管理的业务支撑和技术保障体,新增,基于《全面实施预算绩效管理实践指导》中“基于全局高度探讨实施预算绩效管理的业务支撑和技术保障体”相关内容，量化评价审计对象在合规性、真实性、绩效性和责任链方面的风险，形成可复核的疑点、规则或指标输出。,项目台账；财务收支明细；合同与审批资料；支付凭证；审计发现清单；预算批复表；预算调整表；绩效目标表；绩效指标表；产出效果数据,基于全局高度探讨实施预算绩效管理的业务支撑和技术保障体指标名称、指标值、标准值、偏离率、评分和扣分原因,E:\2026\审计方法&政策文件\_ocr_output\预算\全面实施预算绩效管理实践指导.pdf.md
BUDV6D-021,全面实施预算绩效管理案例解读-全面实施预算绩效管理案例解读.pdf检测算法,算法候选,algorithm,P0,L3,预算执行与财政管理 / 绩效评价 / 财政与政府债务,预算/预算执行与财政管理,绩效偏离,budget_estimator / data_scout,book,预算,全面实施预算绩效管理案例解读,全面实施预算绩效管理案例解读.pdf,新增,基于《全面实施预算绩效管理案例解读》中“全面实施预算绩效管理案例解读.pdf”相关内容，识别审计对象在合规性、真实性、绩效性和责任链方面的风险，形成可复核的疑点、规则或指标输出。,项目台账；财务收支明细；合同与审批资料；支付凭证；审计发现清单；预算批复表；预算调整表；绩效目标表；绩效指标表；产出效果数据,全面实施预算绩效管理案例解读.pdf疑点清单、风险等级、命中规则、涉及金额、核查建议,E:\2026\审计方法&政策文件\_ocr_output\预算\全面实施预算绩效管理案例解读.pdf.md
BUDV6D-022,全面实施预算绩效管理案例解读-核心价值：预算和绩效管理一体化规则包,规则包,rule_pack,P1,L2,预算执行与财政管理 / 绩效评价 / 财政与政府债务,预算/预算执行与财政管理,合规性,budget_estimator / data_scout,book,预算,全面实施预算绩效管理案例解读,核心价值：预算和绩效管理一体化,新增,基于《全面实施预算绩效管理案例解读》中“核心价值：预算和绩效管理一体化”相关内容，固化审计对象在合规性、真实性、绩效性和责任链方面的风险，形成可复核的疑点、规则或指标输出。,项目台账；财务收支明细；合同与审批资料；支付凭证；审计发现清单；预算批复表；预算调整表；绩效目标表；绩效指标表；产出效果数据,核心价值：预算和绩效管理一体化规则编号、规则说明、触发条件、证据资料、处理建议,E:\2026\审计方法&政策文件\_ocr_output\预算\全面实施预算绩效管理案例解读.pdf.md
BUDV6D-023,全面实施预算绩效管理案例解读-工作重点：部门预算绩效管理体系建设指标包,指标包,indicator_pack,P1,L3,预算执行与财政管理 / 绩效评价 / 财政与政府债务,预算/预算执行与财政管理,绩效偏离,budget_estimator / data_scout,book,预算,全面实施预算绩效管理案例解读,工作重点：部门预算绩效管理体系建设,新增,基于《全面实施预算绩效管理案例解读》中“工作重点：部门预算绩效管理体系建设”相关内容，量化评价审计对象在合规性、真实性、绩效性和责任链方面的风险，形成可复核的疑点、规则或指标输出。,项目台账；财务收支明细；合同与审批资料；支付凭证；审计发现清单；预算批复表；预算调整表；绩效目标表；绩效指标表；产出效果数据,工作重点：部门预算绩效管理体系建设指标名称、指标值、标准值、偏离率、评分和扣分原因,E:\2026\审计方法&政策文件\_ocr_output\预算\全面实施预算绩效管理案例解读.pdf.md
BUDV6D-024,全面实施预算绩效管理案例解读-推进难点：县（区）政府预算绩效管理体系建设检测算法,算法候选,algorithm,P1,L3,预算执行与财政管理 / 绩效评价 / 财政与政府债务,预算/预算执行与财政管理,绩效偏离,budget_estimator / data_scout,book,预算,全面实施预算绩效管理案例解读,推进难点：县（区）政府预算绩效管理体系建设,新增,基于《全面实施预算绩效管理案例解读》中“推进难点：县（区）政府预算绩效管理体系建设”相关内容，识别审计对象在合规性、真实性、绩效性和责任链方面的风险，形成可复核的疑点、规则或指标输出。,项目台账；财务收支明细；合同与审批资料；支付凭证；审计发现清单；预算批复表；预算调整表；绩效目标表；绩效指标表；产出效果数据,推进难点：县（区）政府预算绩效管理体系建设疑点清单、风险等级、命中规则、涉及金额、核查建议,E:\2026\审计方法&政策文件\_ocr_output\预算\全面实施预算绩效管理案例解读.pdf.md
BUDV6D-025,全面实施预算绩效管理案例解读-构建预算绩效管理与其他工作相融合的机制内控核查包,内控包,control_pack,P1,L2,预算执行与财政管理 / 绩效评价 / 财政与政府债务,预算/预算执行与财政管理,合规性,budget_estimator / data_scout,book,预算,全面实施预算绩效管理案例解读,构建预算绩效管理与其他工作相融合的机制,新增,基于《全面实施预算绩效管理案例解读》中“构建预算绩效管理与其他工作相融合的机制”相关内容，核查审计对象在合规性、真实性、绩效性和责任链方面的风险，形成可复核的疑点、规则或指标输出。,项目台账；财务收支明细；合同与审批资料；支付凭证；审计发现清单；预算批复表；预算调整表；绩效目标表；绩效指标表；产出效果数据,构建预算绩效管理与其他工作相融合的机制控制点、缺陷类型、责任环节、整改任务、复核状态,E:\2026\审计方法&政策文件\_ocr_output\预算\全面实施预算绩效管理案例解读.pdf.md
BUDV6D-026,全面实施预算绩效管理案例解读-预算绩效目标管理003规则包,规则包,rule_pack,P1,L2,预算执行与财政管理 / 绩效评价 / 财政与政府债务,预算/预算执行与财政管理,合规性,budget_estimator / data_scout,book,预算,全面实施预算绩效管理案例解读,预算绩效目标管理003,新增,基于《全面实施预算绩效管理案例解读》中“预算绩效目标管理003”相关内容，固化审计对象在合规性、真实性、绩效性和责任链方面的风险，形成可复核的疑点、规则或指标输出。,项目台账；财务收支明细；合同与审批资料；支付凭证；审计发现清单；预算批复表；预算调整表；绩效目标表；绩效指标表；产出效果数据,预算绩效目标管理003规则编号、规则说明、触发条件、证据资料、处理建议,E:\2026\审计方法&政策文件\_ocr_output\预算\全面实施预算绩效管理案例解读.pdf.md
BUDV6D-027,全面实施预算绩效管理案例解读-预算绩效目标管理005指标包,指标包,indicator_pack,P1,L3,预算执行与财政管理 / 绩效评价 / 财政与政府债务,预算/预算执行与财政管理,绩效偏离,budget_estimator / data_scout,book,预算,全面实施预算绩效管理案例解读,预算绩效目标管理005,新增,基于《全面实施预算绩效管理案例解读》中“预算绩效目标管理005”相关内容，量化评价审计对象在合规性、真实性、绩效性和责任链方面的风险，形成可复核的疑点、规则或指标输出。,项目台账；财务收支明细；合同与审批资料；支付凭证；审计发现清单；预算批复表；预算调整表；绩效目标表；绩效指标表；产出效果数据,预算绩效目标管理005指标名称、指标值、标准值、偏离率、评分和扣分原因,E:\2026\审计方法&政策文件\_ocr_output\预算\全面实施预算绩效管理案例解读.pdf.md
ENGV6D-019,发电基本建设项目竣工财务决算编制实务-预算执行偏离检测算法,算法候选,algorithm,P0,L3,预算执行与财政管理 / 工程与投资审计 / 绩效评价,预算/预算执行与财政管理,异常性,budget_estimator / data_scout,book,预算,发电基本建设项目竣工财务决算编制实务,预算执行偏离,新增,基于《发电基本建设项目竣工财务决算编制实务》中“预算执行偏离”相关内容，识别审计对象在合规性、真实性、绩效性和责任链方面的风险，形成可复核的疑点、规则或指标输出。,项目台账；财务收支明细；合同与审批资料；支付凭证；审计发现清单；预算批复表；预算调整表；绩效目标表；绩效指标表；产出效果数据,预算执行偏离疑点清单、风险等级、命中规则、涉及金额、核查建议,E:\2026\审计方法&政策文件\_ocr_output\预算\发电基本建设项目竣工财务决算编制实务.pdf.md
ENGV6D-020,发电基本建设项目竣工财务决算编制实务-预算编制科学性规则包,规则包,rule_pack,P1,L2,预算执行与财政管理 / 工程与投资审计 / 绩效评价,预算/预算执行与财政管理,合规性,budget_estimator / data_scout,book,预算,发电基本建设项目竣工财务决算编制实务,预算编制科学性,新增,基于《发电基本建设项目竣工财务决算编制实务》中“预算编制科学性”相关内容，固化审计对象在合规性、真实性、绩效性和责任链方面的风险，形成可复核的疑点、规则或指标输出。,项目台账；财务收支明细；合同与审批资料；支付凭证；审计发现清单；预算批复表；预算调整表；绩效目标表；绩效指标表；产出效果数据,预算编制科学性规则编号、规则说明、触发条件、证据资料、处理建议,E:\2026\审计方法&政策文件\_ocr_output\预算\发电基本建设项目竣工财务决算编制实务.pdf.md
ENGV6D-021,发电基本建设项目竣工财务决算编制实务-预算绩效指标指标包,指标包,indicator_pack,P1,L3,预算执行与财政管理 / 工程与投资审计 / 绩效评价,预算/预算执行与财政管理,绩效偏离,budget_estimator / data_scout,book,预算,发电基本建设项目竣工财务决算编制实务,预算绩效指标,新增,基于《发电基本建设项目竣工财务决算编制实务》中“预算绩效指标”相关内容，量化评价审计对象在合规性、真实性、绩效性和责任链方面的风险，形成可复核的疑点、规则或指标输出。,项目台账；财务收支明细；合同与审批资料；支付凭证；审计发现清单；预算批复表；预算调整表；绩效目标表；绩效指标表；产出效果数据,预算绩效指标指标名称、指标值、标准值、偏离率、评分和扣分原因,E:\2026\审计方法&政策文件\_ocr_output\预算\发电基本建设项目竣工财务决算编制实务.pdf.md
ENGV6D-022,发电基本建设项目竣工财务决算编制实务-支出标准执行检测算法,算法候选,algorithm,P1,L3,预算执行与财政管理 / 工程与投资审计 / 绩效评价,预算/预算执行与财政管理,异常性,budget_estimator / data_scout,book,预算,发电基本建设项目竣工财务决算编制实务,支出标准执行,新增,基于《发电基本建设项目竣工财务决算编制实务》中“支出标准执行”相关内容，识别审计对象在合规性、真实性、绩效性和责任链方面的风险，形成可复核的疑点、规则或指标输出。,项目台账；财务收支明细；合同与审批资料；支付凭证；审计发现清单；绩效指标表；产出效果数据；满意度问卷；工程量清单；结算书,支出标准执行疑点清单、风险等级、命中规则、涉及金额、核查建议,E:\2026\审计方法&政策文件\_ocr_output\预算\发电基本建设项目竣工财务决算编制实务.pdf.md
ENGV6D-023,发电基本建设项目竣工财务决算编制实务-项目库重复申报内控核查包,内控包,control_pack,P1,L2,预算执行与财政管理 / 工程与投资审计 / 绩效评价,预算/预算执行与财政管理,合规性,budget_estimator / data_scout,book,预算,发电基本建设项目竣工财务决算编制实务,项目库重复申报,新增,基于《发电基本建设项目竣工财务决算编制实务》中“项目库重复申报”相关内容，核查审计对象在合规性、真实性、绩效性和责任链方面的风险，形成可复核的疑点、规则或指标输出。,项目台账；财务收支明细；合同与审批资料；支付凭证；审计发现清单；绩效指标表；产出效果数据；满意度问卷；工程量清单；结算书,项目库重复申报控制点、缺陷类型、责任环节、整改任务、复核状态,E:\2026\审计方法&政策文件\_ocr_output\预算\发电基本建设项目竣工财务决算编制实务.pdf.md
ENGV6D-024,发电基本建设项目竣工财务决算编制实务-财政资金支付进度规则包,规则包,rule_pack,P1,L2,预算执行与财政管理 / 工程与投资审计 / 绩效评价,预算/预算执行与财政管理,合规性,budget_estimator / data_scout,book,预算,发电基本建设项目竣工财务决算编制实务,财政资金支付进度,新增,基于《发电基本建设项目竣工财务决算编制实务》中“财政资金支付进度”相关内容，固化审计对象在合规性、真实性、绩效性和责任链方面的风险，形成可复核的疑点、规则或指标输出。,项目台账；财务收支明细；合同与审批资料；支付凭证；审计发现清单；绩效指标表；产出效果数据；满意度问卷；工程量清单；结算书,财政资金支付进度规则编号、规则说明、触发条件、证据资料、处理建议,E:\2026\审计方法&政策文件\_ocr_output\预算\发电基本建设项目竣工财务决算编制实务.pdf.md
PERFV6D-093,建立全过程预算绩效管理体系-建立全过程预算绩效管理体系.pdf检测算法,算法候选,algorithm,P1,L3,预算执行与财政管理 / 绩效评价 / 财政与政府债务,预算/预算执行与财政管理,绩效偏离,budget_estimator / data_scout,book,预算,建立全过程预算绩效管理体系,建立全过程预算绩效管理体系.pdf,新增,基于《建立全过程预算绩效管理体系》中“建立全过程预算绩效管理体系.pdf”相关内容，识别审计对象在合规性、真实性、绩效性和责任链方面的风险，形成可复核的疑点、规则或指标输出。,项目台账；财务收支明细；合同与审批资料；支付凭证；审计发现清单；预算批复表；预算调整表；绩效目标表；绩效指标表；产出效果数据,建立全过程预算绩效管理体系.pdf疑点清单、风险等级、命中规则、涉及金额、核查建议,E:\2026\审计方法&政策文件\_ocr_output\预算\建立全过程预算绩效管理体系.pdf.md
PERFV6D-094,建立全过程预算绩效管理体系-正确理解政府预算绩效管理改革规则包,规则包,rule_pack,P1,L2,预算执行与财政管理 / 绩效评价 / 财政与政府债务,预算/预算执行与财政管理,合规性,budget_estimator / data_scout,book,预算,建立全过程预算绩效管理体系,正确理解政府预算绩效管理改革,新增,基于《建立全过程预算绩效管理体系》中“正确理解政府预算绩效管理改革”相关内容，固化审计对象在合规性、真实性、绩效性和责任链方面的风险，形成可复核的疑点、规则或指标输出。,项目台账；财务收支明细；合同与审批资料；支付凭证；审计发现清单；预算批复表；预算调整表；绩效目标表；绩效指标表；产出效果数据,正确理解政府预算绩效管理改革规则编号、规则说明、触发条件、证据资料、处理建议,E:\2026\审计方法&政策文件\_ocr_output\预算\建立全过程预算绩效管理体系.pdf.md
PERFV6D-095,建立全过程预算绩效管理体系-3我国政府预算绩效管理改革的方向与重点指标包,指标包,indicator_pack,P1,L3,预算执行与财政管理 / 绩效评价 / 财政与政府债务,预算/预算执行与财政管理,绩效偏离,budget_estimator / data_scout,book,预算,建立全过程预算绩效管理体系,3我国政府预算绩效管理改革的方向与重点,新增,基于《建立全过程预算绩效管理体系》中“3我国政府预算绩效管理改革的方向与重点”相关内容，量化评价审计对象在合规性、真实性、绩效性和责任链方面的风险，形成可复核的疑点、规则或指标输出。,项目台账；财务收支明细；合同与审批资料；支付凭证；审计发现清单；预算批复表；预算调整表；绩效目标表；绩效指标表；产出效果数据,3我国政府预算绩效管理改革的方向与重点指标名称、指标值、标准值、偏离率、评分和扣分原因,E:\2026\审计方法&政策文件\_ocr_output\预算\建立全过程预算绩效管理体系.pdf.md
PERFV6D-096,建立全过程预算绩效管理体系-1预算绩效管理若干基本概念辨析检测算法,算法候选,algorithm,P1,L3,预算执行与财政管理 / 绩效评价 / 财政与政府债务,预算/预算执行与财政管理,绩效偏离,budget_estimator / data_scout,book,预算,建立全过程预算绩效管理体系,1预算绩效管理若干基本概念辨析,新增,基于《建立全过程预算绩效管理体系》中“1预算绩效管理若干基本概念辨析”相关内容，识别审计对象在合规性、真实性、绩效性和责任链方面的风险，形成可复核的疑点、规则或指标输出。,项目台账；财务收支明细；合同与审批资料；支付凭证；审计发现清单；预算批复表；预算调整表；绩效目标表；绩效指标表；产出效果数据,1预算绩效管理若干基本概念辨析疑点清单、风险等级、命中规则、涉及金额、核查建议,E:\2026\审计方法&政策文件\_ocr_output\预算\建立全过程预算绩效管理体系.pdf.md
PERFV6D-097,建立全过程预算绩效管理体系-2预算绩效管理模式及应用内控核查包,内控包,control_pack,P1,L2,预算执行与财政管理 / 绩效评价 / 财政与政府债务,预算/预算执行与财政管理,合规性,budget_estimator / data_scout,book,预算,建立全过程预算绩效管理体系,2预算绩效管理模式及应用,新增,基于《建立全过程预算绩效管理体系》中“2预算绩效管理模式及应用”相关内容，核查审计对象在合规性、真实性、绩效性和责任链方面的风险，形成可复核的疑点、规则或指标输出。,项目台账；财务收支明细；合同与审批资料；支付凭证；审计发现清单；预算批复表；预算调整表；绩效目标表；绩效指标表；产出效果数据,2预算绩效管理模式及应用控制点、缺陷类型、责任环节、整改任务、复核状态,E:\2026\审计方法&政策文件\_ocr_output\预算\建立全过程预算绩效管理体系.pdf.md
PERFV6D-098,建立全过程预算绩效管理体系-3多维视角下的政府预算绩效管理比较规则包,规则包,rule_pack,P1,L2,预算执行与财政管理 / 绩效评价 / 财政与政府债务,预算/预算执行与财政管理,合规性,budget_estimator / data_scout,book,预算,建立全过程预算绩效管理体系,3多维视角下的政府预算绩效管理比较,新增,基于《建立全过程预算绩效管理体系》中“3多维视角下的政府预算绩效管理比较”相关内容，固化审计对象在合规性、真实性、绩效性和责任链方面的风险，形成可复核的疑点、规则或指标输出。,项目台账；财务收支明细；合同与审批资料；支付凭证；审计发现清单；预算批复表；预算调整表；绩效目标表；绩效指标表；产出效果数据,3多维视角下的政府预算绩效管理比较规则编号、规则说明、触发条件、证据资料、处理建议,E:\2026\审计方法&政策文件\_ocr_output\预算\建立全过程预算绩效管理体系.pdf.md
BUDV6D-028,成本预算绩效分析方法与案例-成本预算绩效分析方法与案例.pdf检测算法,算法候选,algorithm,P0,L3,预算执行与财政管理 / 绩效评价 / 财政与政府债务,预算/预算执行与财政管理,绩效偏离,budget_estimator / data_scout,book,预算,成本预算绩效分析方法与案例,成本预算绩效分析方法与案例.pdf,新增,基于《成本预算绩效分析方法与案例》中“成本预算绩效分析方法与案例.pdf”相关内容，识别审计对象在合规性、真实性、绩效性和责任链方面的风险，形成可复核的疑点、规则或指标输出。,项目台账；财务收支明细；合同与审批资料；支付凭证；审计发现清单；预算批复表；预算调整表；绩效目标表；绩效指标表；产出效果数据,成本预算绩效分析方法与案例.pdf疑点清单、风险等级、命中规则、涉及金额、核查建议,E:\2026\审计方法&政策文件\_ocr_output\预算\成本预算绩效分析方法与案例.pdf.md
BUDV6D-029,成本预算绩效分析方法与案例-成本预算绩效分析与管理概述，阐述了成本预算规则包,规则包,rule_pack,P1,L2,预算执行与财政管理 / 绩效评价 / 财政与政府债务,预算/预算执行与财政管理,合规性,budget_estimator / data_scout,book,预算,成本预算绩效分析方法与案例,成本预算绩效分析与管理概述，阐述了成本预算,新增,基于《成本预算绩效分析方法与案例》中“成本预算绩效分析与管理概述，阐述了成本预算”相关内容，固化审计对象在合规性、真实性、绩效性和责任链方面的风险，形成可复核的疑点、规则或指标输出。,项目台账；财务收支明细；合同与审批资料；支付凭证；审计发现清单；预算批复表；预算调整表；绩效目标表；绩效指标表；产出效果数据,成本预算绩效分析与管理概述，阐述了成本预算规则编号、规则说明、触发条件、证据资料、处理建议,E:\2026\审计方法&政策文件\_ocr_output\预算\成本预算绩效分析方法与案例.pdf.md
BUDV6D-030,成本预算绩效分析方法与案例-工程建设类项目成本预算绩效分析，第七章运营维护指标包,指标包,indicator_pack,P1,L3,预算执行与财政管理 / 工程与投资审计 / 绩效评价,预算/预算执行与财政管理,绩效偏离,budget_estimator / data_scout,book,预算,成本预算绩效分析方法与案例,工程建设类项目成本预算绩效分析，第七章运营维护,新增,基于《成本预算绩效分析方法与案例》中“工程建设类项目成本预算绩效分析，第七章运营维护”相关内容，量化评价审计对象在合规性、真实性、绩效性和责任链方面的风险，形成可复核的疑点、规则或指标输出。,项目台账；财务收支明细；合同与审批资料；支付凭证；审计发现清单；预算批复表；预算调整表；绩效目标表；绩效指标表；产出效果数据,工程建设类项目成本预算绩效分析，第七章运营维护指标名称、指标值、标准值、偏离率、评分和扣分原因,E:\2026\审计方法&政策文件\_ocr_output\预算\成本预算绩效分析方法与案例.pdf.md
BUDV6D-031,成本预算绩效分析方法与案例-成本预算绩效分析与管理概述检测算法,算法候选,algorithm,P1,L3,预算执行与财政管理 / 绩效评价 / 财政与政府债务,预算/预算执行与财政管理,绩效偏离,budget_estimator / data_scout,book,预算,成本预算绩效分析方法与案例,成本预算绩效分析与管理概述,新增,基于《成本预算绩效分析方法与案例》中“成本预算绩效分析与管理概述”相关内容，识别审计对象在合规性、真实性、绩效性和责任链方面的风险，形成可复核的疑点、规则或指标输出。,项目台账；财务收支明细；合同与审批资料；支付凭证；审计发现清单；预算批复表；预算调整表；绩效目标表；绩效指标表；产出效果数据,成本预算绩效分析与管理概述疑点清单、风险等级、命中规则、涉及金额、核查建议,E:\2026\审计方法&政策文件\_ocr_output\预算\成本预算绩效分析方法与案例.pdf.md
BUDV6D-032,成本预算绩效分析方法与案例-成本预算绩效分析流程与方法内控核查包,内控包,control_pack,P1,L2,预算执行与财政管理 / 绩效评价 / 财政与政府债务,预算/预算执行与财政管理,合规性,budget_estimator / data_scout,book,预算,成本预算绩效分析方法与案例,成本预算绩效分析流程与方法,新增,基于《成本预算绩效分析方法与案例》中“成本预算绩效分析流程与方法”相关内容，核查审计对象在合规性、真实性、绩效性和责任链方面的风险，形成可复核的疑点、规则或指标输出。,项目台账；财务收支明细；合同与审批资料；支付凭证；审计发现清单；预算批复表；预算调整表；绩效目标表；绩效指标表；产出效果数据,成本预算绩效分析流程与方法控制点、缺陷类型、责任环节、整改任务、复核状态,E:\2026\审计方法&政策文件\_ocr_output\预算\成本预算绩效分析方法与案例.pdf.md
BUDV6D-033,成本预算绩效分析方法与案例-运转类项目成本预算绩效分析的特点与方法规则包,规则包,rule_pack,P1,L2,预算执行与财政管理 / 绩效评价 / 财政与政府债务,预算/预算执行与财政管理,合规性,budget_estimator / data_scout,book,预算,成本预算绩效分析方法与案例,运转类项目成本预算绩效分析的特点与方法,新增,基于《成本预算绩效分析方法与案例》中“运转类项目成本预算绩效分析的特点与方法”相关内容，固化审计对象在合规性、真实性、绩效性和责任链方面的风险，形成可复核的疑点、规则或指标输出。,项目台账；财务收支明细；合同与审批资料；支付凭证；审计发现清单；预算批复表；预算调整表；绩效目标表；绩效指标表；产出效果数据,运转类项目成本预算绩效分析的特点与方法规则编号、规则说明、触发条件、证据资料、处理建议,E:\2026\审计方法&政策文件\_ocr_output\预算\成本预算绩效分析方法与案例.pdf.md
BUDV6D-034,成本预算绩效分析方法与案例-博物馆运行保障项目成本预算绩效分析案例指标包,指标包,indicator_pack,P1,L3,预算执行与财政管理 / 绩效评价 / 财政与政府债务,预算/预算执行与财政管理,绩效偏离,budget_estimator / data_scout,book,预算,成本预算绩效分析方法与案例,博物馆运行保障项目成本预算绩效分析案例,新增,基于《成本预算绩效分析方法与案例》中“博物馆运行保障项目成本预算绩效分析案例”相关内容，量化评价审计对象在合规性、真实性、绩效性和责任链方面的风险，形成可复核的疑点、规则或指标输出。,项目台账；财务收支明细；合同与审批资料；支付凭证；审计发现清单；预算批复表；预算调整表；绩效目标表；绩效指标表；产出效果数据,博物馆运行保障项目成本预算绩效分析案例指标名称、指标值、标准值、偏离率、评分和扣分原因,E:\2026\审计方法&政策文件\_ocr_output\预算\成本预算绩效分析方法与案例.pdf.md
BUDV6D-035,政府部门预算管理-政府部门预算管理.pdf检测算法,算法候选,algorithm,P0,L3,预算执行与财政管理 / 绩效评价 / 财政与政府债务,预算/预算执行与财政管理,异常性,budget_estimator / data_scout,book,预算,政府部门预算管理,政府部门预算管理.pdf,新增,基于《政府部门预算管理》中“政府部门预算管理.pdf”相关内容，识别审计对象在合规性、真实性、绩效性和责任链方面的风险，形成可复核的疑点、规则或指标输出。,项目台账；财务收支明细；合同与审批资料；支付凭证；审计发现清单；预算批复表；预算调整表；绩效目标表；绩效指标表；产出效果数据,政府部门预算管理.pdf疑点清单、风险等级、命中规则、涉及金额、核查建议,E:\2026\审计方法&政策文件\_ocr_output\预算\政府部门预算管理.pdf.md
BUDV6D-036,政府部门预算管理-政府部门预算管理概述规则包,规则包,rule_pack,P1,L2,预算执行与财政管理 / 绩效评价 / 财政与政府债务,预算/预算执行与财政管理,合规性,budget_estimator / data_scout,book,预算,政府部门预算管理,政府部门预算管理概述,新增,基于《政府部门预算管理》中“政府部门预算管理概述”相关内容，固化审计对象在合规性、真实性、绩效性和责任链方面的风险，形成可复核的疑点、规则或指标输出。,项目台账；财务收支明细；合同与审批资料；支付凭证；审计发现清单；预算批复表；预算调整表；绩效目标表；绩效指标表；产出效果数据,政府部门预算管理概述规则编号、规则说明、触发条件、证据资料、处理建议,E:\2026\审计方法&政策文件\_ocr_output\预算\政府部门预算管理.pdf.md
BUDV6D-037,政府部门预算管理-政府部门预算管理概念指标包,指标包,indicator_pack,P1,L3,预算执行与财政管理 / 绩效评价 / 财政与政府债务,预算/预算执行与财政管理,异常性,budget_estimator / data_scout,book,预算,政府部门预算管理,政府部门预算管理概念,新增,基于《政府部门预算管理》中“政府部门预算管理概念”相关内容，量化评价审计对象在合规性、真实性、绩效性和责任链方面的风险，形成可复核的疑点、规则或指标输出。,项目台账；财务收支明细；合同与审批资料；支付凭证；审计发现清单；预算批复表；预算调整表；绩效目标表；绩效指标表；产出效果数据,政府部门预算管理概念指标名称、指标值、标准值、偏离率、评分和扣分原因,E:\2026\审计方法&政策文件\_ocr_output\预算\政府部门预算管理.pdf.md
BUDV6D-038,政府部门预算管理-政府部门预算管理范围检测算法,算法候选,algorithm,P1,L3,预算执行与财政管理 / 绩效评价 / 财政与政府债务,预算/预算执行与财政管理,异常性,budget_estimator / data_scout,book,预算,政府部门预算管理,政府部门预算管理范围,新增,基于《政府部门预算管理》中“政府部门预算管理范围”相关内容，识别审计对象在合规性、真实性、绩效性和责任链方面的风险，形成可复核的疑点、规则或指标输出。,项目台账；财务收支明细；合同与审批资料；支付凭证；审计发现清单；预算批复表；预算调整表；绩效目标表；绩效指标表；产出效果数据,政府部门预算管理范围疑点清单、风险等级、命中规则、涉及金额、核查建议,E:\2026\审计方法&政策文件\_ocr_output\预算\政府部门预算管理.pdf.md
BUDV6D-039,政府部门预算管理-政府部门预算管理机制内控核查包,内控包,control_pack,P1,L2,预算执行与财政管理 / 绩效评价 / 财政与政府债务,预算/预算执行与财政管理,合规性,budget_estimator / data_scout,book,预算,政府部门预算管理,政府部门预算管理机制,新增,基于《政府部门预算管理》中“政府部门预算管理机制”相关内容，核查审计对象在合规性、真实性、绩效性和责任链方面的风险，形成可复核的疑点、规则或指标输出。,项目台账；财务收支明细；合同与审批资料；支付凭证；审计发现清单；预算批复表；预算调整表；绩效目标表；绩效指标表；产出效果数据,政府部门预算管理机制控制点、缺陷类型、责任环节、整改任务、复核状态,E:\2026\审计方法&政策文件\_ocr_output\预算\政府部门预算管理.pdf.md
BUDV6D-040,政府部门预算管理-政府部门预算管理内容规则包,规则包,rule_pack,P1,L2,预算执行与财政管理 / 绩效评价 / 财政与政府债务,预算/预算执行与财政管理,合规性,budget_estimator / data_scout,book,预算,政府部门预算管理,政府部门预算管理内容,新增,基于《政府部门预算管理》中“政府部门预算管理内容”相关内容，固化审计对象在合规性、真实性、绩效性和责任链方面的风险，形成可复核的疑点、规则或指标输出。,项目台账；财务收支明细；合同与审批资料；支付凭证；审计发现清单；预算批复表；预算调整表；绩效目标表；绩效指标表；产出效果数据,政府部门预算管理内容规则编号、规则说明、触发条件、证据资料、处理建议,E:\2026\审计方法&政策文件\_ocr_output\预算\政府部门预算管理.pdf.md
BUDV6D-041,政府部门预算管理-政府部门预算编制管理指标包,指标包,indicator_pack,P1,L3,预算执行与财政管理 / 绩效评价 / 财政与政府债务,预算/预算执行与财政管理,异常性,budget_estimator / data_scout,book,预算,政府部门预算管理,政府部门预算编制管理,新增,基于《政府部门预算管理》中“政府部门预算编制管理”相关内容，量化评价审计对象在合规性、真实性、绩效性和责任链方面的风险，形成可复核的疑点、规则或指标输出。,项目台账；财务收支明细；合同与审批资料；支付凭证；审计发现清单；预算批复表；预算调整表；绩效目标表；绩效指标表；产出效果数据,政府部门预算编制管理指标名称、指标值、标准值、偏离率、评分和扣分原因,E:\2026\审计方法&政策文件\_ocr_output\预算\政府部门预算管理.pdf.md
BUDV6D-042,政府部门预算管理-政府部门预算编制方法证据链包,证据包,evidence_pack,P1,L3,预算执行与财政管理 / 绩效评价 / 财政与政府债务,预算/预算执行与财政管理,异常性,budget_estimator / data_scout,book,预算,政府部门预算管理,政府部门预算编制方法,新增,基于《政府部门预算管理》中“政府部门预算编制方法”相关内容，贯通审计对象在合规性、真实性、绩效性和责任链方面的风险，形成可复核的疑点、规则或指标输出。,项目台账；财务收支明细；合同与审批资料；支付凭证；审计发现清单；预算批复表；预算调整表；绩效目标表；绩效指标表；产出效果数据,政府部门预算编制方法证据链节点、证据缺口、访谈对象、底稿索引、结论边界,E:\2026\审计方法&政策文件\_ocr_output\预算\政府部门预算管理.pdf.md
BUDV6D-043,政府部门预算管理-预算执行偏离检测算法,算法候选,algorithm,P1,L3,预算执行与财政管理 / 绩效评价 / 财政与政府债务,预算/预算执行与财政管理,异常性,budget_estimator / data_scout,book,预算,政府部门预算管理,预算执行偏离,新增,基于《政府部门预算管理》中“预算执行偏离”相关内容，识别审计对象在合规性、真实性、绩效性和责任链方面的风险，形成可复核的疑点、规则或指标输出。,项目台账；财务收支明细；合同与审批资料；支付凭证；审计发现清单；预算批复表；预算调整表；绩效目标表；绩效指标表；产出效果数据,预算执行偏离疑点清单、风险等级、命中规则、涉及金额、核查建议,E:\2026\审计方法&政策文件\_ocr_output\预算\政府部门预算管理.pdf.md
BUDV6D-044,政府部门预算管理-预算编制科学性规则包,规则包,rule_pack,P1,L2,预算执行与财政管理 / 绩效评价 / 财政与政府债务,预算/预算执行与财政管理,合规性,budget_estimator / data_scout,book,预算,政府部门预算管理,预算编制科学性,新增,基于《政府部门预算管理》中“预算编制科学性”相关内容，固化审计对象在合规性、真实性、绩效性和责任链方面的风险，形成可复核的疑点、规则或指标输出。,项目台账；财务收支明细；合同与审批资料；支付凭证；审计发现清单；预算批复表；预算调整表；绩效目标表；绩效指标表；产出效果数据,预算编制科学性规则编号、规则说明、触发条件、证据资料、处理建议,E:\2026\审计方法&政策文件\_ocr_output\预算\政府部门预算管理.pdf.md
ENGV6D-025,新能源发电工竣工决算编制理论与实务-新能源发电工程建设程序检测算法,算法候选,algorithm,P0,L3,预算执行与财政管理 / 工程与投资审计 / 绩效评价,预算/预算执行与财政管理,异常性,budget_estimator / data_scout,book,预算,新能源发电工竣工决算编制理论与实务,新能源发电工程建设程序,新增,基于《新能源发电工竣工决算编制理论与实务》中“新能源发电工程建设程序”相关内容，识别审计对象在合规性、真实性、绩效性和责任链方面的风险，形成可复核的疑点、规则或指标输出。,项目台账；财务收支明细；合同与审批资料；支付凭证；审计发现清单；绩效指标表；产出效果数据；满意度问卷；工程量清单；结算书,新能源发电工程建设程序疑点清单、风险等级、命中规则、涉及金额、核查建议,E:\2026\审计方法&政策文件\_ocr_output\预算\新能源发电工竣工决算编制理论与实务.pdf.md
ENGV6D-026,新能源发电工竣工决算编制理论与实务-新能源发电工程概况规则包,规则包,rule_pack,P1,L2,预算执行与财政管理 / 工程与投资审计 / 绩效评价,预算/预算执行与财政管理,合规性,budget_estimator / data_scout,book,预算,新能源发电工竣工决算编制理论与实务,新能源发电工程概况,新增,基于《新能源发电工竣工决算编制理论与实务》中“新能源发电工程概况”相关内容，固化审计对象在合规性、真实性、绩效性和责任链方面的风险，形成可复核的疑点、规则或指标输出。,项目台账；财务收支明细；合同与审批资料；支付凭证；审计发现清单；绩效指标表；产出效果数据；满意度问卷；工程量清单；结算书,新能源发电工程概况规则编号、规则说明、触发条件、证据资料、处理建议,E:\2026\审计方法&政策文件\_ocr_output\预算\新能源发电工竣工决算编制理论与实务.pdf.md
ENGV6D-027,新能源发电工竣工决算编制理论与实务-新能源发电工程·指标包,指标包,indicator_pack,P1,L3,预算执行与财政管理 / 工程与投资审计 / 绩效评价,预算/预算执行与财政管理,异常性,budget_estimator / data_scout,book,预算,新能源发电工竣工决算编制理论与实务,新能源发电工程·,新增,基于《新能源发电工竣工决算编制理论与实务》中“新能源发电工程·”相关内容，量化评价审计对象在合规性、真实性、绩效性和责任链方面的风险，形成可复核的疑点、规则或指标输出。,项目台账；财务收支明细；合同与审批资料；支付凭证；审计发现清单；绩效指标表；产出效果数据；满意度问卷；工程量清单；结算书,新能源发电工程·指标名称、指标值、标准值、偏离率、评分和扣分原因,E:\2026\审计方法&政策文件\_ocr_output\预算\新能源发电工竣工决算编制理论与实务.pdf.md
ENGV6D-028,新能源发电工竣工决算编制理论与实务-新能源与“双碳”检测算法,算法候选,algorithm,P1,L3,预算执行与财政管理 / 工程与投资审计 / 绩效评价,预算/预算执行与财政管理,异常性,budget_estimator / data_scout,book,预算,新能源发电工竣工决算编制理论与实务,新能源与“双碳”,新增,基于《新能源发电工竣工决算编制理论与实务》中“新能源与“双碳””相关内容，识别审计对象在合规性、真实性、绩效性和责任链方面的风险，形成可复核的疑点、规则或指标输出。,项目台账；财务收支明细；合同与审批资料；支付凭证；审计发现清单；绩效指标表；产出效果数据；满意度问卷；工程量清单；结算书,新能源与“双碳”疑点清单、风险等级、命中规则、涉及金额、核查建议,E:\2026\审计方法&政策文件\_ocr_output\预算\新能源发电工竣工决算编制理论与实务.pdf.md
ENGV6D-029,新能源发电工竣工决算编制理论与实务-新能源发电工程主要资产内控核查包,内控包,control_pack,P1,L2,预算执行与财政管理 / 工程与投资审计 / 绩效评价,预算/预算执行与财政管理,合规性,budget_estimator / data_scout,book,预算,新能源发电工竣工决算编制理论与实务,新能源发电工程主要资产,新增,基于《新能源发电工竣工决算编制理论与实务》中“新能源发电工程主要资产”相关内容，核查审计对象在合规性、真实性、绩效性和责任链方面的风险，形成可复核的疑点、规则或指标输出。,项目台账；财务收支明细；合同与审批资料；支付凭证；审计发现清单；绩效指标表；产出效果数据；满意度问卷；工程量清单；结算书,新能源发电工程主要资产控制点、缺陷类型、责任环节、整改任务、复核状态,E:\2026\审计方法&政策文件\_ocr_output\预算\新能源发电工竣工决算编制理论与实务.pdf.md
ENGV6D-030,新能源发电工竣工决算编制理论与实务-新能源发电工程总投资规则包,规则包,rule_pack,P1,L2,预算执行与财政管理 / 工程与投资审计 / 绩效评价,预算/预算执行与财政管理,合规性,budget_estimator / data_scout,book,预算,新能源发电工竣工决算编制理论与实务,新能源发电工程总投资,新增,基于《新能源发电工竣工决算编制理论与实务》中“新能源发电工程总投资”相关内容，固化审计对象在合规性、真实性、绩效性和责任链方面的风险，形成可复核的疑点、规则或指标输出。,项目台账；财务收支明细；合同与审批资料；支付凭证；审计发现清单；绩效指标表；产出效果数据；满意度问卷；工程量清单；结算书,新能源发电工程总投资规则编号、规则说明、触发条件、证据资料、处理建议,E:\2026\审计方法&政策文件\_ocr_output\预算\新能源发电工竣工决算编制理论与实务.pdf.md
ENGV6D-031,新能源发电工竣工决算编制理论与实务-预算执行偏离指标包,指标包,indicator_pack,P1,L3,预算执行与财政管理 / 工程与投资审计 / 绩效评价,预算/预算执行与财政管理,异常性,budget_estimator / data_scout,book,预算,新能源发电工竣工决算编制理论与实务,预算执行偏离,新增,基于《新能源发电工竣工决算编制理论与实务》中“预算执行偏离”相关内容，量化评价审计对象在合规性、真实性、绩效性和责任链方面的风险，形成可复核的疑点、规则或指标输出。,项目台账；财务收支明细；合同与审批资料；支付凭证；审计发现清单；预算批复表；预算调整表；绩效目标表；绩效指标表；产出效果数据,预算执行偏离指标名称、指标值、标准值、偏离率、评分和扣分原因,E:\2026\审计方法&政策文件\_ocr_output\预算\新能源发电工竣工决算编制理论与实务.pdf.md
ENGV6D-032,新能源发电工竣工决算编制理论与实务-预算编制科学性证据链包,证据包,evidence_pack,P1,L3,预算执行与财政管理 / 工程与投资审计 / 绩效评价,预算/预算执行与财政管理,异常性,budget_estimator / data_scout,book,预算,新能源发电工竣工决算编制理论与实务,预算编制科学性,新增,基于《新能源发电工竣工决算编制理论与实务》中“预算编制科学性”相关内容，贯通审计对象在合规性、真实性、绩效性和责任链方面的风险，形成可复核的疑点、规则或指标输出。,项目台账；财务收支明细；合同与审批资料；支付凭证；审计发现清单；预算批复表；预算调整表；绩效目标表；绩效指标表；产出效果数据,预算编制科学性证据链节点、证据缺口、访谈对象、底稿索引、结论边界,E:\2026\审计方法&政策文件\_ocr_output\预算\新能源发电工竣工决算编制理论与实务.pdf.md
ENGV6D-033,新能源发电工竣工决算编制理论与实务-预算绩效指标检测算法,算法候选,algorithm,P1,L3,预算执行与财政管理 / 工程与投资审计 / 绩效评价,预算/预算执行与财政管理,绩效偏离,budget_estimator / data_scout,book,预算,新能源发电工竣工决算编制理论与实务,预算绩效指标,新增,基于《新能源发电工竣工决算编制理论与实务》中“预算绩效指标”相关内容，识别审计对象在合规性、真实性、绩效性和责任链方面的风险，形成可复核的疑点、规则或指标输出。,项目台账；财务收支明细；合同与审批资料；支付凭证；审计发现清单；预算批复表；预算调整表；绩效目标表；绩效指标表；产出效果数据,预算绩效指标疑点清单、风险等级、命中规则、涉及金额、核查建议,E:\2026\审计方法&政策文件\_ocr_output\预算\新能源发电工竣工决算编制理论与实务.pdf.md
ENGV6D-034,新能源发电工竣工决算编制理论与实务-支出标准执行规则包,规则包,rule_pack,P1,L2,预算执行与财政管理 / 工程与投资审计 / 绩效评价,预算/预算执行与财政管理,合规性,budget_estimator / data_scout,book,预算,新能源发电工竣工决算编制理论与实务,支出标准执行,新增,基于《新能源发电工竣工决算编制理论与实务》中“支出标准执行”相关内容，固化审计对象在合规性、真实性、绩效性和责任链方面的风险，形成可复核的疑点、规则或指标输出。,项目台账；财务收支明细；合同与审批资料；支付凭证；审计发现清单；绩效指标表；产出效果数据；满意度问卷；工程量清单；结算书,支出标准执行规则编号、规则说明、触发条件、证据资料、处理建议,E:\2026\审计方法&政策文件\_ocr_output\预算\新能源发电工竣工决算编制理论与实务.pdf.md
ENGV6D-035,水利基本建设项目竣工财务决算编制教程-预算执行偏离检测算法,算法候选,algorithm,P0,L3,预算执行与财政管理 / 工程与投资审计 / 绩效评价,预算/预算执行与财政管理,异常性,budget_estimator / data_scout,book,预算,水利基本建设项目竣工财务决算编制教程,预算执行偏离,新增,基于《水利基本建设项目竣工财务决算编制教程》中“预算执行偏离”相关内容，识别审计对象在合规性、真实性、绩效性和责任链方面的风险，形成可复核的疑点、规则或指标输出。,项目台账；财务收支明细；合同与审批资料；支付凭证；审计发现清单；预算批复表；预算调整表；绩效目标表；绩效指标表；产出效果数据,预算执行偏离疑点清单、风险等级、命中规则、涉及金额、核查建议,E:\2026\审计方法&政策文件\_ocr_output\预算\水利基本建设项目竣工财务决算编制教程.pdf.md
ENGV6D-036,水利基本建设项目竣工财务决算编制教程-预算编制科学性规则包,规则包,rule_pack,P1,L2,预算执行与财政管理 / 工程与投资审计 / 绩效评价,预算/预算执行与财政管理,合规性,budget_estimator / data_scout,book,预算,水利基本建设项目竣工财务决算编制教程,预算编制科学性,新增,基于《水利基本建设项目竣工财务决算编制教程》中“预算编制科学性”相关内容，固化审计对象在合规性、真实性、绩效性和责任链方面的风险，形成可复核的疑点、规则或指标输出。,项目台账；财务收支明细；合同与审批资料；支付凭证；审计发现清单；预算批复表；预算调整表；绩效目标表；绩效指标表；产出效果数据,预算编制科学性规则编号、规则说明、触发条件、证据资料、处理建议,E:\2026\审计方法&政策文件\_ocr_output\预算\水利基本建设项目竣工财务决算编制教程.pdf.md
ENGV6D-037,水利基本建设项目竣工财务决算编制教程-预算绩效指标指标包,指标包,indicator_pack,P1,L3,预算执行与财政管理 / 工程与投资审计 / 绩效评价,预算/预算执行与财政管理,绩效偏离,budget_estimator / data_scout,book,预算,水利基本建设项目竣工财务决算编制教程,预算绩效指标,新增,基于《水利基本建设项目竣工财务决算编制教程》中“预算绩效指标”相关内容，量化评价审计对象在合规性、真实性、绩效性和责任链方面的风险，形成可复核的疑点、规则或指标输出。,项目台账；财务收支明细；合同与审批资料；支付凭证；审计发现清单；预算批复表；预算调整表；绩效目标表；绩效指标表；产出效果数据,预算绩效指标指标名称、指标值、标准值、偏离率、评分和扣分原因,E:\2026\审计方法&政策文件\_ocr_output\预算\水利基本建设项目竣工财务决算编制教程.pdf.md
ENGV6D-038,水利基本建设项目竣工财务决算编制教程-支出标准执行检测算法,算法候选,algorithm,P1,L3,预算执行与财政管理 / 工程与投资审计 / 绩效评价,预算/预算执行与财政管理,异常性,budget_estimator / data_scout,book,预算,水利基本建设项目竣工财务决算编制教程,支出标准执行,新增,基于《水利基本建设项目竣工财务决算编制教程》中“支出标准执行”相关内容，识别审计对象在合规性、真实性、绩效性和责任链方面的风险，形成可复核的疑点、规则或指标输出。,项目台账；财务收支明细；合同与审批资料；支付凭证；审计发现清单；预算批复表；预算调整表；绩效目标表；绩效指标表；产出效果数据,支出标准执行疑点清单、风险等级、命中规则、涉及金额、核查建议,E:\2026\审计方法&政策文件\_ocr_output\预算\水利基本建设项目竣工财务决算编制教程.pdf.md
ENGV6D-039,水利基本建设项目竣工财务决算编制教程-项目库重复申报内控核查包,内控包,control_pack,P1,L2,预算执行与财政管理 / 工程与投资审计 / 绩效评价,预算/预算执行与财政管理,合规性,budget_estimator / data_scout,book,预算,水利基本建设项目竣工财务决算编制教程,项目库重复申报,新增,基于《水利基本建设项目竣工财务决算编制教程》中“项目库重复申报”相关内容，核查审计对象在合规性、真实性、绩效性和责任链方面的风险，形成可复核的疑点、规则或指标输出。,项目台账；财务收支明细；合同与审批资料；支付凭证；审计发现清单；预算批复表；预算调整表；绩效目标表；绩效指标表；产出效果数据,项目库重复申报控制点、缺陷类型、责任环节、整改任务、复核状态,E:\2026\审计方法&政策文件\_ocr_output\预算\水利基本建设项目竣工财务决算编制教程.pdf.md
ENGV6D-040,水利基本建设项目竣工财务决算编制教程-财政资金支付进度规则包,规则包,rule_pack,P1,L2,预算执行与财政管理 / 工程与投资审计 / 绩效评价,预算/预算执行与财政管理,合规性,budget_estimator / data_scout,book,预算,水利基本建设项目竣工财务决算编制教程,财政资金支付进度,新增,基于《水利基本建设项目竣工财务决算编制教程》中“财政资金支付进度”相关内容，固化审计对象在合规性、真实性、绩效性和责任链方面的风险，形成可复核的疑点、规则或指标输出。,项目台账；财务收支明细；合同与审批资料；支付凭证；审计发现清单；预算批复表；预算调整表；绩效目标表；绩效指标表；产出效果数据,财政资金支付进度规则编号、规则说明、触发条件、证据资料、处理建议,E:\2026\审计方法&政策文件\_ocr_output\预算\水利基本建设项目竣工财务决算编制教程.pdf.md
ENGV6D-041,水利基本建设项目竣工财务决算编制教程-决算草案定性指标包,指标包,indicator_pack,P1,L3,预算执行与财政管理 / 工程与投资审计 / 绩效评价,预算/预算执行与财政管理,异常性,budget_estimator / data_scout,book,预算,水利基本建设项目竣工财务决算编制教程,决算草案定性,新增,基于《水利基本建设项目竣工财务决算编制教程》中“决算草案定性”相关内容，量化评价审计对象在合规性、真实性、绩效性和责任链方面的风险，形成可复核的疑点、规则或指标输出。,项目台账；财务收支明细；合同与审批资料；支付凭证；审计发现清单；预算批复表；预算调整表；绩效目标表；绩效指标表；产出效果数据,决算草案定性指标名称、指标值、标准值、偏离率、评分和扣分原因,E:\2026\审计方法&政策文件\_ocr_output\预算\水利基本建设项目竣工财务决算编制教程.pdf.md
ENGV6D-042,水利基本建设项目竣工财务决算编制教程-存量资金清理证据链包,证据包,evidence_pack,P1,L3,预算执行与财政管理 / 工程与投资审计 / 绩效评价,预算/预算执行与财政管理,异常性,budget_estimator / data_scout,book,预算,水利基本建设项目竣工财务决算编制教程,存量资金清理,新增,基于《水利基本建设项目竣工财务决算编制教程》中“存量资金清理”相关内容，贯通审计对象在合规性、真实性、绩效性和责任链方面的风险，形成可复核的疑点、规则或指标输出。,项目台账；财务收支明细；合同与审批资料；支付凭证；审计发现清单；预算批复表；预算调整表；绩效目标表；绩效指标表；产出效果数据,存量资金清理证据链节点、证据缺口、访谈对象、底稿索引、结论边界,E:\2026\审计方法&政策文件\_ocr_output\预算\水利基本建设项目竣工财务决算编制教程.pdf.md
ENGV6D-043,水利基本建设项目竣工财务决算编制教程-公用经费异常检测算法,算法候选,algorithm,P1,L3,预算执行与财政管理 / 工程与投资审计 / 绩效评价,预算/预算执行与财政管理,异常性,budget_estimator / data_scout,book,预算,水利基本建设项目竣工财务决算编制教程,公用经费异常,新增,基于《水利基本建设项目竣工财务决算编制教程》中“公用经费异常”相关内容，识别审计对象在合规性、真实性、绩效性和责任链方面的风险，形成可复核的疑点、规则或指标输出。,项目台账；财务收支明细；合同与审批资料；支付凭证；审计发现清单；预算批复表；预算调整表；绩效目标表；绩效指标表；产出效果数据,公用经费异常疑点清单、风险等级、命中规则、涉及金额、核查建议,E:\2026\审计方法&政策文件\_ocr_output\预算\水利基本建设项目竣工财务决算编制教程.pdf.md
ENGV6D-044,水利基本建设项目竣工财务决算编制教程-政府采购预算约束规则包,规则包,rule_pack,P1,L2,预算执行与财政管理 / 工程与投资审计 / 绩效评价,预算/预算执行与财政管理,合规性,budget_estimator / data_scout,book,预算,水利基本建设项目竣工财务决算编制教程,政府采购预算约束,新增,基于《水利基本建设项目竣工财务决算编制教程》中“政府采购预算约束”相关内容，固化审计对象在合规性、真实性、绩效性和责任链方面的风险，形成可复核的疑点、规则或指标输出。,项目台账；财务收支明细；合同与审批资料；支付凭证；审计发现清单；预算批复表；预算调整表；绩效目标表；绩效指标表；产出效果数据,政府采购预算约束规则编号、规则说明、触发条件、证据资料、处理建议,E:\2026\审计方法&政策文件\_ocr_output\预算\水利基本建设项目竣工财务决算编制教程.pdf.md
BUDV6D-045,部门整体预算绩效评价研究-推进绩效评价走向预算绩效管理的对策路径检测算法,算法候选,algorithm,P0,L3,预算执行与财政管理 / 绩效评价 / 财政与政府债务,预算/预算执行与财政管理,绩效偏离,budget_estimator / data_scout,book,预算,部门整体预算绩效评价研究,推进绩效评价走向预算绩效管理的对策路径,新增,基于《部门整体预算绩效评价研究》中“推进绩效评价走向预算绩效管理的对策路径”相关内容，识别审计对象在合规性、真实性、绩效性和责任链方面的风险，形成可复核的疑点、规则或指标输出。,项目台账；财务收支明细；合同与审批资料；支付凭证；审计发现清单；预算批复表；预算调整表；绩效目标表；绩效指标表；产出效果数据,推进绩效评价走向预算绩效管理的对策路径疑点清单、风险等级、命中规则、涉及金额、核查建议,E:\2026\审计方法&政策文件\_ocr_output\预算\部门整体预算绩效评价研究.pdf.md
BUDV6D-046,部门整体预算绩效评价研究-部门整体预算绩效评价的工具与方法规则包,规则包,rule_pack,P1,L2,预算执行与财政管理 / 绩效评价 / 财政与政府债务,预算/预算执行与财政管理,合规性,budget_estimator / data_scout,book,预算,部门整体预算绩效评价研究,部门整体预算绩效评价的工具与方法,新增,基于《部门整体预算绩效评价研究》中“部门整体预算绩效评价的工具与方法”相关内容，固化审计对象在合规性、真实性、绩效性和责任链方面的风险，形成可复核的疑点、规则或指标输出。,项目台账；财务收支明细；合同与审批资料；支付凭证；审计发现清单；预算批复表；预算调整表；绩效目标表；绩效指标表；产出效果数据,部门整体预算绩效评价的工具与方法规则编号、规则说明、触发条件、证据资料、处理建议,E:\2026\审计方法&政策文件\_ocr_output\预算\部门整体预算绩效评价研究.pdf.md
BUDV6D-047,部门整体预算绩效评价研究-我国部门整体预算绩效评价的方式方法·…·指标包,指标包,indicator_pack,P1,L3,预算执行与财政管理 / 绩效评价 / 财政与政府债务,预算/预算执行与财政管理,绩效偏离,budget_estimator / data_scout,book,预算,部门整体预算绩效评价研究,我国部门整体预算绩效评价的方式方法·…·,新增,基于《部门整体预算绩效评价研究》中“我国部门整体预算绩效评价的方式方法·…·”相关内容，量化评价审计对象在合规性、真实性、绩效性和责任链方面的风险，形成可复核的疑点、规则或指标输出。,项目台账；财务收支明细；合同与审批资料；支付凭证；审计发现清单；预算批复表；预算调整表；绩效目标表；绩效指标表；产出效果数据,我国部门整体预算绩效评价的方式方法·…·指标名称、指标值、标准值、偏离率、评分和扣分原因,E:\2026\审计方法&政策文件\_ocr_output\预算\部门整体预算绩效评价研究.pdf.md
BUDV6D-048,部门整体预算绩效评价研究-我国部门整体预算绩效评价存在的问题及完善建议检测算法,算法候选,algorithm,P1,L3,预算执行与财政管理 / 绩效评价 / 财政与政府债务,预算/预算执行与财政管理,绩效偏离,budget_estimator / data_scout,book,预算,部门整体预算绩效评价研究,我国部门整体预算绩效评价存在的问题及完善建议,新增,基于《部门整体预算绩效评价研究》中“我国部门整体预算绩效评价存在的问题及完善建议”相关内容，识别审计对象在合规性、真实性、绩效性和责任链方面的风险，形成可复核的疑点、规则或指标输出。,项目台账；财务收支明细；合同与审批资料；支付凭证；审计发现清单；预算批复表；预算调整表；绩效目标表；绩效指标表；产出效果数据,我国部门整体预算绩效评价存在的问题及完善建议疑点清单、风险等级、命中规则、涉及金额、核查建议,E:\2026\审计方法&政策文件\_ocr_output\预算\部门整体预算绩效评价研究.pdf.md
BUDV6D-049,部门整体预算绩效评价研究-部门整体预算绩效评价指标体系构建内控核查包,内控包,control_pack,P1,L2,预算执行与财政管理 / 绩效评价 / 财政与政府债务,预算/预算执行与财政管理,合规性,budget_estimator / data_scout,book,预算,部门整体预算绩效评价研究,部门整体预算绩效评价指标体系构建,新增,基于《部门整体预算绩效评价研究》中“部门整体预算绩效评价指标体系构建”相关内容，核查审计对象在合规性、真实性、绩效性和责任链方面的风险，形成可复核的疑点、规则或指标输出。,项目台账；财务收支明细；合同与审批资料；支付凭证；审计发现清单；预算批复表；预算调整表；绩效目标表；绩效指标表；产出效果数据,部门整体预算绩效评价指标体系构建控制点、缺陷类型、责任环节、整改任务、复核状态,E:\2026\审计方法&政策文件\_ocr_output\预算\部门整体预算绩效评价研究.pdf.md
BUDV6D-050,部门整体预算绩效评价研究-我国部门整体预算绩效评价指标体系的发展与完善·169规则包,规则包,rule_pack,P1,L2,预算执行与财政管理 / 绩效评价 / 财政与政府债务,预算/预算执行与财政管理,合规性,budget_estimator / data_scout,book,预算,部门整体预算绩效评价研究,我国部门整体预算绩效评价指标体系的发展与完善·169,新增,基于《部门整体预算绩效评价研究》中“我国部门整体预算绩效评价指标体系的发展与完善·169”相关内容，固化审计对象在合规性、真实性、绩效性和责任链方面的风险，形成可复核的疑点、规则或指标输出。,项目台账；财务收支明细；合同与审批资料；支付凭证；审计发现清单；预算批复表；预算调整表；绩效目标表；绩效指标表；产出效果数据,我国部门整体预算绩效评价指标体系的发展与完善·169规则编号、规则说明、触发条件、证据资料、处理建议,E:\2026\审计方法&政策文件\_ocr_output\预算\部门整体预算绩效评价研究.pdf.md
BUDV6D-051,部门整体预算绩效评价研究-预算绩效评价指标体系设计理论模型及其在指标包,指标包,indicator_pack,P1,L3,预算执行与财政管理 / 绩效评价 / 财政与政府债务,预算/预算执行与财政管理,绩效偏离,budget_estimator / data_scout,book,预算,部门整体预算绩效评价研究,预算绩效评价指标体系设计理论模型及其在,新增,基于《部门整体预算绩效评价研究》中“预算绩效评价指标体系设计理论模型及其在”相关内容，量化评价审计对象在合规性、真实性、绩效性和责任链方面的风险，形成可复核的疑点、规则或指标输出。,项目台账；财务收支明细；合同与审批资料；支付凭证；审计发现清单；预算批复表；预算调整表；绩效目标表；绩效指标表；产出效果数据,预算绩效评价指标体系设计理论模型及其在指标名称、指标值、标准值、偏离率、评分和扣分原因,E:\2026\审计方法&政策文件\_ocr_output\预算\部门整体预算绩效评价研究.pdf.md
BUDV6D-052,部门整体预算绩效评价研究-部门整体预算绩效评价指标体系的完善思路·证据链包,证据包,evidence_pack,P1,L3,预算执行与财政管理 / 绩效评价 / 财政与政府债务,预算/预算执行与财政管理,绩效偏离,budget_estimator / data_scout,book,预算,部门整体预算绩效评价研究,部门整体预算绩效评价指标体系的完善思路·,新增,基于《部门整体预算绩效评价研究》中“部门整体预算绩效评价指标体系的完善思路·”相关内容，贯通审计对象在合规性、真实性、绩效性和责任链方面的风险，形成可复核的疑点、规则或指标输出。,项目台账；财务收支明细；合同与审批资料；支付凭证；审计发现清单；预算批复表；预算调整表；绩效目标表；绩效指标表；产出效果数据,部门整体预算绩效评价指标体系的完善思路·证据链节点、证据缺口、访谈对象、底稿索引、结论边界,E:\2026\审计方法&政策文件\_ocr_output\预算\部门整体预算绩效评价研究.pdf.md
BUDV6D-053,部门预算执行审计指南-部门预算执行审计的程序和方法检测算法,算法候选,algorithm,P0,L3,预算执行与财政管理 / 绩效评价 / 财政与政府债务,预算/预算执行与财政管理,异常性,budget_estimator / data_scout,book,预算,部门预算执行审计指南,部门预算执行审计的程序和方法,新增,基于《部门预算执行审计指南》中“部门预算执行审计的程序和方法”相关内容，识别审计对象在合规性、真实性、绩效性和责任链方面的风险，形成可复核的疑点、规则或指标输出。,项目台账；财务收支明细；合同与审批资料；支付凭证；审计发现清单；预算批复表；预算调整表；绩效目标表；绩效指标表；产出效果数据,部门预算执行审计的程序和方法疑点清单、风险等级、命中规则、涉及金额、核查建议,E:\2026\审计方法&政策文件\_ocr_output\预算\部门预算执行审计指南.pdf.md
BUDV6D-054,部门预算执行审计指南-部门预算编制和批复业务审计内容和方法规则包,规则包,rule_pack,P1,L2,预算执行与财政管理 / 绩效评价 / 财政与政府债务,预算/预算执行与财政管理,合规性,budget_estimator / data_scout,book,预算,部门预算执行审计指南,部门预算编制和批复业务审计内容和方法,新增,基于《部门预算执行审计指南》中“部门预算编制和批复业务审计内容和方法”相关内容，固化审计对象在合规性、真实性、绩效性和责任链方面的风险，形成可复核的疑点、规则或指标输出。,项目台账；财务收支明细；合同与审批资料；支付凭证；审计发现清单；预算批复表；预算调整表；绩效目标表；绩效指标表；产出效果数据,部门预算编制和批复业务审计内容和方法规则编号、规则说明、触发条件、证据资料、处理建议,E:\2026\审计方法&政策文件\_ocr_output\预算\部门预算执行审计指南.pdf.md
BUDV6D-055,部门预算执行审计指南-部门预算资金拨付审计指标包,指标包,indicator_pack,P1,L3,预算执行与财政管理 / 绩效评价 / 财政与政府债务,预算/预算执行与财政管理,异常性,budget_estimator / data_scout,book,预算,部门预算执行审计指南,部门预算资金拨付审计,新增,基于《部门预算执行审计指南》中“部门预算资金拨付审计”相关内容，量化评价审计对象在合规性、真实性、绩效性和责任链方面的风险，形成可复核的疑点、规则或指标输出。,项目台账；财务收支明细；合同与审批资料；支付凭证；审计发现清单；预算批复表；预算调整表；绩效目标表；绩效指标表；产出效果数据,部门预算资金拨付审计指标名称、指标值、标准值、偏离率、评分和扣分原因,E:\2026\审计方法&政策文件\_ocr_output\预算\部门预算执行审计指南.pdf.md
BUDV6D-056,部门预算执行审计指南-部门预算资金拨付业务概述和审计目标检测算法,算法候选,algorithm,P1,L3,预算执行与财政管理 / 绩效评价 / 财政与政府债务,预算/预算执行与财政管理,异常性,budget_estimator / data_scout,book,预算,部门预算执行审计指南,部门预算资金拨付业务概述和审计目标,新增,基于《部门预算执行审计指南》中“部门预算资金拨付业务概述和审计目标”相关内容，识别审计对象在合规性、真实性、绩效性和责任链方面的风险，形成可复核的疑点、规则或指标输出。,项目台账；财务收支明细；合同与审批资料；支付凭证；审计发现清单；预算批复表；预算调整表；绩效目标表；绩效指标表；产出效果数据,部门预算资金拨付业务概述和审计目标疑点清单、风险等级、命中规则、涉及金额、核查建议,E:\2026\审计方法&政策文件\_ocr_output\预算\部门预算执行审计指南.pdf.md
BUDV6D-057,部门预算执行审计指南-部门预算基本支出业务审计内容和方法内控核查包,内控包,control_pack,P1,L2,预算执行与财政管理 / 绩效评价 / 财政与政府债务,预算/预算执行与财政管理,合规性,budget_estimator / data_scout,book,预算,部门预算执行审计指南,部门预算基本支出业务审计内容和方法,新增,基于《部门预算执行审计指南》中“部门预算基本支出业务审计内容和方法”相关内容，核查审计对象在合规性、真实性、绩效性和责任链方面的风险，形成可复核的疑点、规则或指标输出。,项目台账；财务收支明细；合同与审批资料；支付凭证；审计发现清单；预算批复表；预算调整表；绩效目标表；绩效指标表；产出效果数据,部门预算基本支出业务审计内容和方法控制点、缺陷类型、责任环节、整改任务、复核状态,E:\2026\审计方法&政策文件\_ocr_output\预算\部门预算执行审计指南.pdf.md
BUDV6D-058,部门预算执行审计指南-部门预算执行审计指南.pdf规则包,规则包,rule_pack,P1,L2,预算执行与财政管理 / 绩效评价 / 财政与政府债务,预算/预算执行与财政管理,合规性,budget_estimator / data_scout,book,预算,部门预算执行审计指南,部门预算执行审计指南.pdf,新增,基于《部门预算执行审计指南》中“部门预算执行审计指南.pdf”相关内容，固化审计对象在合规性、真实性、绩效性和责任链方面的风险，形成可复核的疑点、规则或指标输出。,项目台账；财务收支明细；合同与审批资料；支付凭证；审计发现清单；预算批复表；预算调整表；绩效目标表；绩效指标表；产出效果数据,部门预算执行审计指南.pdf规则编号、规则说明、触发条件、证据资料、处理建议,E:\2026\审计方法&政策文件\_ocr_output\预算\部门预算执行审计指南.pdf.md
BUDV6D-059,部门预算执行审计指南-部门预算执行审计环境指标包,指标包,indicator_pack,P1,L3,预算执行与财政管理 / 绩效评价 / 财政与政府债务,预算/预算执行与财政管理,异常性,budget_estimator / data_scout,book,预算,部门预算执行审计指南,部门预算执行审计环境,新增,基于《部门预算执行审计指南》中“部门预算执行审计环境”相关内容，量化评价审计对象在合规性、真实性、绩效性和责任链方面的风险，形成可复核的疑点、规则或指标输出。,项目台账；财务收支明细；合同与审批资料；支付凭证；审计发现清单；预算批复表；预算调整表；绩效目标表；绩效指标表；产出效果数据,部门预算执行审计环境指标名称、指标值、标准值、偏离率、评分和扣分原因,E:\2026\审计方法&政策文件\_ocr_output\预算\部门预算执行审计指南.pdf.md
BUDV6D-060,部门预算执行审计指南-部门预算和财务管理体制证据链包,证据包,evidence_pack,P1,L3,预算执行与财政管理 / 绩效评价 / 财政与政府债务,预算/预算执行与财政管理,异常性,budget_estimator / data_scout,book,预算,部门预算执行审计指南,部门预算和财务管理体制,新增,基于《部门预算执行审计指南》中“部门预算和财务管理体制”相关内容，贯通审计对象在合规性、真实性、绩效性和责任链方面的风险，形成可复核的疑点、规则或指标输出。,项目台账；财务收支明细；合同与审批资料；支付凭证；审计发现清单；预算批复表；预算调整表；绩效目标表；绩效指标表；产出效果数据,部门预算和财务管理体制证据链节点、证据缺口、访谈对象、底稿索引、结论边界,E:\2026\审计方法&政策文件\_ocr_output\预算\部门预算执行审计指南.pdf.md
PERFV6D-099,部门预算绩效管理-部门预算绩效管理的理论与方法检测算法,算法候选,algorithm,P0,L3,预算执行与财政管理 / 绩效评价 / 财政与政府债务,预算/预算执行与财政管理,绩效偏离,budget_estimator / data_scout,book,预算,部门预算绩效管理,部门预算绩效管理的理论与方法,新增,基于《部门预算绩效管理》中“部门预算绩效管理的理论与方法”相关内容，识别审计对象在合规性、真实性、绩效性和责任链方面的风险，形成可复核的疑点、规则或指标输出。,项目台账；财务收支明细；合同与审批资料；支付凭证；审计发现清单；预算批复表；预算调整表；绩效目标表；绩效指标表；产出效果数据,部门预算绩效管理的理论与方法疑点清单、风险等级、命中规则、涉及金额、核查建议,E:\2026\审计方法&政策文件\_ocr_output\预算\部门预算绩效管理.pdf.md
PERFV6D-100,部门预算绩效管理-部门预算绩效管理.pdf规则包,规则包,rule_pack,P1,L2,预算执行与财政管理 / 绩效评价 / 财政与政府债务,预算/预算执行与财政管理,合规性,budget_estimator / data_scout,book,预算,部门预算绩效管理,部门预算绩效管理.pdf,新增,基于《部门预算绩效管理》中“部门预算绩效管理.pdf”相关内容，固化审计对象在合规性、真实性、绩效性和责任链方面的风险，形成可复核的疑点、规则或指标输出。,项目台账；财务收支明细；合同与审批资料；支付凭证；审计发现清单；预算批复表；预算调整表；绩效目标表；绩效指标表；产出效果数据,部门预算绩效管理.pdf规则编号、规则说明、触发条件、证据资料、处理建议,E:\2026\审计方法&政策文件\_ocr_output\预算\部门预算绩效管理.pdf.md
PERFV6D-101,部门预算绩效管理-部门预算绩效管理概述指标包,指标包,indicator_pack,P1,L3,预算执行与财政管理 / 绩效评价 / 财政与政府债务,预算/预算执行与财政管理,绩效偏离,budget_estimator / data_scout,book,预算,部门预算绩效管理,部门预算绩效管理概述,新增,基于《部门预算绩效管理》中“部门预算绩效管理概述”相关内容，量化评价审计对象在合规性、真实性、绩效性和责任链方面的风险，形成可复核的疑点、规则或指标输出。,项目台账；财务收支明细；合同与审批资料；支付凭证；审计发现清单；预算批复表；预算调整表；绩效目标表；绩效指标表；产出效果数据,部门预算绩效管理概述指标名称、指标值、标准值、偏离率、评分和扣分原因,E:\2026\审计方法&政策文件\_ocr_output\预算\部门预算绩效管理.pdf.md
PERFV6D-102,部门预算绩效管理-部门预算绩效管理的定位检测算法,算法候选,algorithm,P1,L3,预算执行与财政管理 / 绩效评价 / 财政与政府债务,预算/预算执行与财政管理,绩效偏离,budget_estimator / data_scout,book,预算,部门预算绩效管理,部门预算绩效管理的定位,新增,基于《部门预算绩效管理》中“部门预算绩效管理的定位”相关内容，识别审计对象在合规性、真实性、绩效性和责任链方面的风险，形成可复核的疑点、规则或指标输出。,项目台账；财务收支明细；合同与审批资料；支付凭证；审计发现清单；预算批复表；预算调整表；绩效目标表；绩效指标表；产出效果数据,部门预算绩效管理的定位疑点清单、风险等级、命中规则、涉及金额、核查建议,E:\2026\审计方法&政策文件\_ocr_output\预算\部门预算绩效管理.pdf.md
PERFV6D-103,部门预算绩效管理-部门预算绩效管理的范式演变内控核查包,内控包,control_pack,P1,L2,预算执行与财政管理 / 绩效评价 / 财政与政府债务,预算/预算执行与财政管理,合规性,budget_estimator / data_scout,book,预算,部门预算绩效管理,部门预算绩效管理的范式演变,新增,基于《部门预算绩效管理》中“部门预算绩效管理的范式演变”相关内容，核查审计对象在合规性、真实性、绩效性和责任链方面的风险，形成可复核的疑点、规则或指标输出。,项目台账；财务收支明细；合同与审批资料；支付凭证；审计发现清单；预算批复表；预算调整表；绩效目标表；绩效指标表；产出效果数据,部门预算绩效管理的范式演变控制点、缺陷类型、责任环节、整改任务、复核状态,E:\2026\审计方法&政策文件\_ocr_output\预算\部门预算绩效管理.pdf.md
PERFV6D-104,部门预算绩效管理-绩效管理方法规则包,规则包,rule_pack,P1,L2,预算执行与财政管理 / 绩效评价 / 财政与政府债务,预算/预算执行与财政管理,合规性,budget_estimator / data_scout,book,预算,部门预算绩效管理,绩效管理方法,新增,基于《部门预算绩效管理》中“绩效管理方法”相关内容，固化审计对象在合规性、真实性、绩效性和责任链方面的风险，形成可复核的疑点、规则或指标输出。,项目台账；财务收支明细；合同与审批资料；支付凭证；审计发现清单；预算批复表；预算调整表；绩效目标表；绩效指标表；产出效果数据,绩效管理方法规则编号、规则说明、触发条件、证据资料、处理建议,E:\2026\审计方法&政策文件\_ocr_output\预算\部门预算绩效管理.pdf.md
PERFV6D-105,部门预算绩效管理-部门预算绩效管理系统集成模型概述指标包,指标包,indicator_pack,P1,L3,预算执行与财政管理 / 绩效评价 / 财政与政府债务,预算/预算执行与财政管理,绩效偏离,budget_estimator / data_scout,book,预算,部门预算绩效管理,部门预算绩效管理系统集成模型概述,新增,基于《部门预算绩效管理》中“部门预算绩效管理系统集成模型概述”相关内容，量化评价审计对象在合规性、真实性、绩效性和责任链方面的风险，形成可复核的疑点、规则或指标输出。,项目台账；财务收支明细；合同与审批资料；支付凭证；审计发现清单；预算批复表；预算调整表；绩效目标表；绩效指标表；产出效果数据,部门预算绩效管理系统集成模型概述指标名称、指标值、标准值、偏离率、评分和扣分原因,E:\2026\审计方法&政策文件\_ocr_output\预算\部门预算绩效管理.pdf.md
PERFV6D-106,部门预算绩效管理-部门预算绩效管理的主体系统证据链包,证据包,evidence_pack,P1,L3,预算执行与财政管理 / 绩效评价 / 财政与政府债务,预算/预算执行与财政管理,绩效偏离,budget_estimator / data_scout,book,预算,部门预算绩效管理,部门预算绩效管理的主体系统,新增,基于《部门预算绩效管理》中“部门预算绩效管理的主体系统”相关内容，贯通审计对象在合规性、真实性、绩效性和责任链方面的风险，形成可复核的疑点、规则或指标输出。,项目台账；财务收支明细；合同与审批资料；支付凭证；审计发现清单；预算批复表；预算调整表；绩效目标表；绩效指标表；产出效果数据,部门预算绩效管理的主体系统证据链节点、证据缺口、访谈对象、底稿索引、结论边界,E:\2026\审计方法&政策文件\_ocr_output\预算\部门预算绩效管理.pdf.md
PERFV6D-107,预算绩效评价方法与指标-预算绩效评价方法与指标.pdf检测算法,算法候选,algorithm,P0,L3,预算执行与财政管理 / 绩效评价 / 财政与政府债务,预算/预算执行与财政管理,绩效偏离,budget_estimator / data_scout,book,预算,预算绩效评价方法与指标,预算绩效评价方法与指标.pdf,新增,基于《预算绩效评价方法与指标》中“预算绩效评价方法与指标.pdf”相关内容，识别审计对象在合规性、真实性、绩效性和责任链方面的风险，形成可复核的疑点、规则或指标输出。,项目台账；财务收支明细；合同与审批资料；支付凭证；审计发现清单；预算批复表；预算调整表；绩效目标表；绩效指标表；产出效果数据,预算绩效评价方法与指标.pdf疑点清单、风险等级、命中规则、涉及金额、核查建议,E:\2026\审计方法&政策文件\_ocr_output\预算\预算绩效评价方法与指标.pdf.md
PERFV6D-108,预算绩效评价方法与指标-预算绩效评价成本一效益分析方法及应用规则包,规则包,rule_pack,P1,L2,预算执行与财政管理 / 绩效评价 / 财政与政府债务,预算/预算执行与财政管理,合规性,budget_estimator / data_scout,book,预算,预算绩效评价方法与指标,预算绩效评价成本一效益分析方法及应用,新增,基于《预算绩效评价方法与指标》中“预算绩效评价成本一效益分析方法及应用”相关内容，固化审计对象在合规性、真实性、绩效性和责任链方面的风险，形成可复核的疑点、规则或指标输出。,项目台账；财务收支明细；合同与审批资料；支付凭证；审计发现清单；预算批复表；预算调整表；绩效目标表；绩效指标表；产出效果数据,预算绩效评价成本一效益分析方法及应用规则编号、规则说明、触发条件、证据资料、处理建议,E:\2026\审计方法&政策文件\_ocr_output\预算\预算绩效评价方法与指标.pdf.md
PERFV6D-109,预算绩效评价方法与指标-我国政府预算绩效评价中的成本效益分析典型案例·78指标包,指标包,indicator_pack,P1,L3,预算执行与财政管理 / 绩效评价 / 财政与政府债务,预算/预算执行与财政管理,绩效偏离,budget_estimator / data_scout,book,预算,预算绩效评价方法与指标,我国政府预算绩效评价中的成本效益分析典型案例·78,新增,基于《预算绩效评价方法与指标》中“我国政府预算绩效评价中的成本效益分析典型案例·78”相关内容，量化评价审计对象在合规性、真实性、绩效性和责任链方面的风险，形成可复核的疑点、规则或指标输出。,项目台账；财务收支明细；合同与审批资料；支付凭证；审计发现清单；预算批复表；预算调整表；绩效目标表；绩效指标表；产出效果数据,我国政府预算绩效评价中的成本效益分析典型案例·78指标名称、指标值、标准值、偏离率、评分和扣分原因,E:\2026\审计方法&政策文件\_ocr_output\预算\预算绩效评价方法与指标.pdf.md
PERFV6D-110,预算绩效评价方法与指标-卫生健康领域预算项目绩效评价指标与方法检测算法,算法候选,algorithm,P1,L3,预算执行与财政管理 / 绩效评价 / 财政与政府债务,预算/预算执行与财政管理,绩效偏离,budget_estimator / data_scout,book,预算,预算绩效评价方法与指标,卫生健康领域预算项目绩效评价指标与方法,新增,基于《预算绩效评价方法与指标》中“卫生健康领域预算项目绩效评价指标与方法”相关内容，识别审计对象在合规性、真实性、绩效性和责任链方面的风险，形成可复核的疑点、规则或指标输出。,项目台账；财务收支明细；合同与审批资料；支付凭证；审计发现清单；预算批复表；预算调整表；绩效目标表；绩效指标表；产出效果数据,卫生健康领域预算项目绩效评价指标与方法疑点清单、风险等级、命中规则、涉及金额、核查建议,E:\2026\审计方法&政策文件\_ocr_output\预算\预算绩效评价方法与指标.pdf.md
PERFV6D-111,预算绩效评价方法与指标-生态环保领域预算绩效评价的案例分析…内控核查包,内控包,control_pack,P1,L2,预算执行与财政管理 / 绩效评价 / 财政与政府债务,预算/预算执行与财政管理,合规性,budget_estimator / data_scout,book,预算,预算绩效评价方法与指标,生态环保领域预算绩效评价的案例分析…,新增,基于《预算绩效评价方法与指标》中“生态环保领域预算绩效评价的案例分析…”相关内容，核查审计对象在合规性、真实性、绩效性和责任链方面的风险，形成可复核的疑点、规则或指标输出。,项目台账；财务收支明细；合同与审批资料；支付凭证；审计发现清单；预算批复表；预算调整表；绩效目标表；绩效指标表；产出效果数据,生态环保领域预算绩效评价的案例分析…控制点、缺陷类型、责任环节、整改任务、复核状态,E:\2026\审计方法&政策文件\_ocr_output\预算\预算绩效评价方法与指标.pdf.md
PERFV6D-112,预算绩效评价方法与指标-成本效益分析在政府预算绩效管理中的运用分析规则包,规则包,rule_pack,P1,L2,预算执行与财政管理 / 绩效评价 / 财政与政府债务,预算/预算执行与财政管理,合规性,budget_estimator / data_scout,book,预算,预算绩效评价方法与指标,成本效益分析在政府预算绩效管理中的运用分析,新增,基于《预算绩效评价方法与指标》中“成本效益分析在政府预算绩效管理中的运用分析”相关内容，固化审计对象在合规性、真实性、绩效性和责任链方面的风险，形成可复核的疑点、规则或指标输出。,项目台账；财务收支明细；合同与审批资料；支付凭证；审计发现清单；预算批复表；预算调整表；绩效目标表；绩效指标表；产出效果数据,成本效益分析在政府预算绩效管理中的运用分析规则编号、规则说明、触发条件、证据资料、处理建议,E:\2026\审计方法&政策文件\_ocr_output\预算\预算绩效评价方法与指标.pdf.md
PERFV6D-113,预算绩效评价方法与指标-科学技术研究领域项目绩效评价指标与方法探索….：116指标包,指标包,indicator_pack,P1,L3,预算执行与财政管理 / 绩效评价 / 财政与政府债务,预算/预算执行与财政管理,绩效偏离,budget_estimator / data_scout,book,预算,预算绩效评价方法与指标,科学技术研究领域项目绩效评价指标与方法探索….：116,新增,基于《预算绩效评价方法与指标》中“科学技术研究领域项目绩效评价指标与方法探索….：116”相关内容，量化评价审计对象在合规性、真实性、绩效性和责任链方面的风险，形成可复核的疑点、规则或指标输出。,项目台账；财务收支明细；合同与审批资料；支付凭证；审计发现清单；预算批复表；预算调整表；绩效目标表；绩效指标表；产出效果数据,科学技术研究领域项目绩效评价指标与方法探索….：116指标名称、指标值、标准值、偏离率、评分和扣分原因,E:\2026\审计方法&政策文件\_ocr_output\预算\预算绩效评价方法与指标.pdf.md
PERFV6D-114,预算绩效评价方法与指标-教育领域项目绩效评价指标与方法研究证据链包,证据包,evidence_pack,P1,L3,预算执行与财政管理 / 绩效评价 / 财政与政府债务,预算/预算执行与财政管理,绩效偏离,budget_estimator / data_scout,book,预算,预算绩效评价方法与指标,教育领域项目绩效评价指标与方法研究,新增,基于《预算绩效评价方法与指标》中“教育领域项目绩效评价指标与方法研究”相关内容，贯通审计对象在合规性、真实性、绩效性和责任链方面的风险，形成可复核的疑点、规则或指标输出。,项目台账；财务收支明细；合同与审批资料；支付凭证；审计发现清单；预算批复表；预算调整表；绩效目标表；绩效指标表；产出效果数据,教育领域项目绩效评价指标与方法研究证据链节点、证据缺口、访谈对象、底稿索引、结论边界,E:\2026\审计方法&政策文件\_ocr_output\预算\预算绩效评价方法与指标.pdf.md
PERFV6D-115,预算项目政策绩效评价研究-预算项目政策绩效评价研究.pdf检测算法,算法候选,algorithm,P1,L3,预算执行与财政管理 / 绩效评价 / 财政与政府债务,预算/预算执行与财政管理,绩效偏离,budget_estimator / data_scout,book,预算,预算项目政策绩效评价研究,预算项目政策绩效评价研究.pdf,新增,基于《预算项目政策绩效评价研究》中“预算项目政策绩效评价研究.pdf”相关内容，识别审计对象在合规性、真实性、绩效性和责任链方面的风险，形成可复核的疑点、规则或指标输出。,项目台账；财务收支明细；合同与审批资料；支付凭证；审计发现清单；预算批复表；预算调整表；绩效目标表；绩效指标表；产出效果数据,预算项目政策绩效评价研究.pdf疑点清单、风险等级、命中规则、涉及金额、核查建议,E:\2026\审计方法&政策文件\_ocr_output\预算\预算项目政策绩效评价研究.pdf.md
PERFV6D-116,预算项目政策绩效评价研究-2预算项目绩效评价模式的国际比较规则包,规则包,rule_pack,P1,L2,预算执行与财政管理 / 绩效评价 / 财政与政府债务,预算/预算执行与财政管理,合规性,budget_estimator / data_scout,book,预算,预算项目政策绩效评价研究,2预算项目绩效评价模式的国际比较,新增,基于《预算项目政策绩效评价研究》中“2预算项目绩效评价模式的国际比较”相关内容，固化审计对象在合规性、真实性、绩效性和责任链方面的风险，形成可复核的疑点、规则或指标输出。,项目台账；财务收支明细；合同与审批资料；支付凭证；审计发现清单；预算批复表；预算调整表；绩效目标表；绩效指标表；产出效果数据,2预算项目绩效评价模式的国际比较规则编号、规则说明、触发条件、证据资料、处理建议,E:\2026\审计方法&政策文件\_ocr_output\预算\预算项目政策绩效评价研究.pdf.md
PERFV6D-117,预算项目政策绩效评价研究-体系构建：我国预算项目政策绩效评价方案指标包,指标包,indicator_pack,P1,L3,预算执行与财政管理 / 绩效评价 / 财政与政府债务,预算/预算执行与财政管理,绩效偏离,budget_estimator / data_scout,book,预算,预算项目政策绩效评价研究,体系构建：我国预算项目政策绩效评价方案,新增,基于《预算项目政策绩效评价研究》中“体系构建：我国预算项目政策绩效评价方案”相关内容，量化评价审计对象在合规性、真实性、绩效性和责任链方面的风险，形成可复核的疑点、规则或指标输出。,项目台账；财务收支明细；合同与审批资料；支付凭证；审计发现清单；预算批复表；预算调整表；绩效目标表；绩效指标表；产出效果数据,体系构建：我国预算项目政策绩效评价方案指标名称、指标值、标准值、偏离率、评分和扣分原因,E:\2026\审计方法&政策文件\_ocr_output\预算\预算项目政策绩效评价研究.pdf.md
PERFV6D-118,预算项目政策绩效评价研究-2预算项目政策绩效评价目的检测算法,算法候选,algorithm,P1,L3,预算执行与财政管理 / 绩效评价 / 财政与政府债务,预算/预算执行与财政管理,绩效偏离,budget_estimator / data_scout,book,预算,预算项目政策绩效评价研究,2预算项目政策绩效评价目的,新增,基于《预算项目政策绩效评价研究》中“2预算项目政策绩效评价目的”相关内容，识别审计对象在合规性、真实性、绩效性和责任链方面的风险，形成可复核的疑点、规则或指标输出。,项目台账；财务收支明细；合同与审批资料；支付凭证；审计发现清单；预算批复表；预算调整表；绩效目标表；绩效指标表；产出效果数据,2预算项目政策绩效评价目的疑点清单、风险等级、命中规则、涉及金额、核查建议,E:\2026\审计方法&政策文件\_ocr_output\预算\预算项目政策绩效评价研究.pdf.md
PERFV6D-119,预算项目政策绩效评价研究-3预算项目政策绩效评价基本原则内控核查包,内控包,control_pack,P1,L2,预算执行与财政管理 / 绩效评价 / 财政与政府债务,预算/预算执行与财政管理,合规性,budget_estimator / data_scout,book,预算,预算项目政策绩效评价研究,3预算项目政策绩效评价基本原则,新增,基于《预算项目政策绩效评价研究》中“3预算项目政策绩效评价基本原则”相关内容，核查审计对象在合规性、真实性、绩效性和责任链方面的风险，形成可复核的疑点、规则或指标输出。,项目台账；财务收支明细；合同与审批资料；支付凭证；审计发现清单；预算批复表；预算调整表；绩效目标表；绩效指标表；产出效果数据,3预算项目政策绩效评价基本原则控制点、缺陷类型、责任环节、整改任务、复核状态,E:\2026\审计方法&政策文件\_ocr_output\预算\预算项目政策绩效评价研究.pdf.md
PERFV6D-120,预算项目政策绩效评价研究-4预算项目政策绩效评价价值选取规则包,规则包,rule_pack,P1,L2,预算执行与财政管理 / 绩效评价 / 财政与政府债务,预算/预算执行与财政管理,合规性,budget_estimator / data_scout,book,预算,预算项目政策绩效评价研究,4预算项目政策绩效评价价值选取,新增,基于《预算项目政策绩效评价研究》中“4预算项目政策绩效评价价值选取”相关内容，固化审计对象在合规性、真实性、绩效性和责任链方面的风险，形成可复核的疑点、规则或指标输出。,项目台账；财务收支明细；合同与审批资料；支付凭证；审计发现清单；预算批复表；预算调整表；绩效目标表；绩效指标表；产出效果数据,4预算项目政策绩效评价价值选取规则编号、规则说明、触发条件、证据资料、处理建议,E:\2026\审计方法&政策文件\_ocr_output\预算\预算项目政策绩效评价研究.pdf.md
SOCV6D-001,“一老一小”政策落实情况审计关注重点案例规则包,案例规则包,rule_pack,P1,L2,民生与社保医保 / 绩效评价 / 金融审计,1中国审计_7期/民生与社保医保,案例规则,data_scout / performance_evaluator,article,1中国审计_7期,“一老一小”政策落实情况审计关注重点,“一老一小”政策落实情况审计关注重点,新增,基于《“一老一小”政策落实情况审计关注重点》中““一老一小”政策落实情况审计关注重点”相关内容，固化审计对象在合规性、真实性、绩效性和责任链方面的风险，形成可复核的疑点、规则或指标输出。,项目台账；财务收支明细；合同与审批资料；支付凭证；审计发现清单；绩效指标表；产出效果数据；满意度问卷,“一老一小”政策落实情况审计关注重点规则编号、规则说明、触发条件、证据资料、处理建议,E:\2026\审计方法&政策文件\_ocr_output\1中国审计_7期\“一老一小”政策落实情况审计关注重点.md
ENGV6D-045,“两新”审计案例规则包,案例规则包,rule_pack,P1,L2,财政与政府债务 / 预算执行与财政管理 / 绩效评价,1中国审计_7期/财政与政府债务,案例规则,budget_estimator / fiscal_reviewer,article,1中国审计_7期,“两新”审计,“两新”审计,新增,基于《“两新”审计》中““两新”审计”相关内容，固化审计对象在合规性、真实性、绩效性和责任链方面的风险，形成可复核的疑点、规则或指标输出。,项目台账；财务收支明细；合同与审批资料；支付凭证；审计发现清单；工程量清单；结算书；签证变更；竣工资料；采购公告,“两新”审计规则编号、规则说明、触发条件、证据资料、处理建议,E:\2026\审计方法&政策文件\_ocr_output\1中国审计_7期\“两新”审计.md
BIDV6D-001,“两重”“两新”政策落实审计的思考案例规则包,案例规则包,rule_pack,P1,L2,财政与政府债务 / 预算执行与财政管理 / 绩效评价,1中国审计_7期/财政与政府债务,案例规则,budget_estimator / fiscal_reviewer,article,1中国审计_7期,“两重”“两新”政策落实审计的思考,“两重”“两新”政策落实审计的思考,新增,基于《“两重”“两新”政策落实审计的思考》中““两重”“两新”政策落实审计的思考”相关内容，固化审计对象在合规性、真实性、绩效性和责任链方面的风险，形成可复核的疑点、规则或指标输出。,项目台账；财务收支明细；合同与审批资料；支付凭证；审计发现清单；工程量清单；结算书；签证变更；竣工资料；采购公告,“两重”“两新”政策落实审计的思考规则编号、规则说明、触发条件、证据资料、处理建议,E:\2026\审计方法&政策文件\_ocr_output\1中国审计_7期\“两重”“两新”政策落实审计的思考.md
FINV6D-008,“收不回”的逾期贷款案例规则包,案例规则包,rule_pack,P1,L2,金融审计 / 国企审计 / 监督检查与经费舞弊,1中国审计_7期/金融审计,案例规则,data_scout / contract_hound,article,1中国审计_7期,“收不回”的逾期贷款,“收不回”的逾期贷款,新增,基于《“收不回”的逾期贷款》中““收不回”的逾期贷款”相关内容，固化审计对象在合规性、真实性、绩效性和责任链方面的风险，形成可复核的疑点、规则或指标输出。,项目台账；财务收支明细；合同与审批资料；支付凭证；审计发现清单,“收不回”的逾期贷款规则编号、规则说明、触发条件、证据资料、处理建议,E:\2026\审计方法&政策文件\_ocr_output\1中国审计_7期\“收不回”的逾期贷款.md
AGRV6D-001,以实干担使命以匠心守初心——记山东省威海市文登区案例规则包,案例规则包,rule_pack,P1,L2,农业农村审计 / 民生与社保医保 / 工程与投资审计,1中国审计_7期/农业农村审计,案例规则,data_scout / law_inspector,article,1中国审计_7期,以实干担使命 以匠心守初心——记山东省威海市文登区审计局赛婷羽,以实干担使命以匠心守初心——记山东省威海市文登区,新增,基于《以实干担使命 以匠心守初心——记山东省威海市文登区审计局赛婷羽》中“以实干担使命以匠心守初心——记山东省威海市文登区”相关内容，固化审计对象在合规性、真实性、绩效性和责任链方面的风险，形成可复核的疑点、规则或指标输出。,项目台账；财务收支明细；合同与审批资料；支付凭证；审计发现清单；工程量清单；结算书；签证变更；竣工资料；农户信息,以实干担使命以匠心守初心——记山东省威海市文登区规则编号、规则说明、触发条件、证据资料、处理建议,E:\2026\审计方法&政策文件\_ocr_output\1中国审计_7期\以实干担使命 以匠心守初心——记山东省威海市文登区审计局赛婷羽.md
SUPVV6D-058,以有力有效的审计监督助力上海在长三角一体化发展中案例规则包,案例规则包,rule_pack,P1,L2,监督检查与经费舞弊 / 资源环境审计 / 国企审计,1中国审计_7期/监督检查与经费舞弊,案例规则,review_sentinel / data_scout,article,1中国审计_7期,以有力有效的审计监督助力上海在长三角一体化发展中更好发挥龙头带动作用,以有力有效的审计监督助力上海在长三角一体化发展中,新增,基于《以有力有效的审计监督助力上海在长三角一体化发展中更好发挥龙头带动作用》中“以有力有效的审计监督助力上海在长三角一体化发展中”相关内容，固化审计对象在合规性、真实性、绩效性和责任链方面的风险，形成可复核的疑点、规则或指标输出。,项目台账；财务收支明细；合同与审批资料；支付凭证；审计发现清单；遥感图斑；自然资源审批；执法整改台账,以有力有效的审计监督助力上海在长三角一体化发展中规则编号、规则说明、触发条件、证据资料、处理建议,E:\2026\审计方法&政策文件\_ocr_output\1中国审计_7期\以有力有效的审计监督助力上海在长三角一体化发展中更好发挥龙头带动作用.md
SOCV6D-002,以正确政绩观书写审计“为民答卷”案例规则包,案例规则包,rule_pack,P1,L2,民生与社保医保 / 监督检查与经费舞弊,1中国审计_7期/民生与社保医保,案例规则,data_scout / performance_evaluator,article,1中国审计_7期,以正确政绩观书写审计“为民答卷”,以正确政绩观书写审计“为民答卷”,新增,基于《以正确政绩观书写审计“为民答卷”》中“以正确政绩观书写审计“为民答卷””相关内容，固化审计对象在合规性、真实性、绩效性和责任链方面的风险，形成可复核的疑点、规则或指标输出。,项目台账；财务收支明细；合同与审批资料；支付凭证；审计发现清单,以正确政绩观书写审计“为民答卷”规则编号、规则说明、触发条件、证据资料、处理建议,E:\2026\审计方法&政策文件\_ocr_output\1中国审计_7期\以正确政绩观书写审计“为民答卷”.md
SUPVV6D-059,侯凯为审计署党员干部讲授树立和践行正确政绩观学习案例规则包,案例规则包,rule_pack,P1,L2,监督检查与经费舞弊 / 预算执行与财政管理 / 民生与社保医保,1中国审计_7期/监督检查与经费舞弊,案例规则,review_sentinel / data_scout,article,1中国审计_7期,侯凯为审计署党员干部讲授树立和践行正确政绩观学习教育专题党课,侯凯为审计署党员干部讲授树立和践行正确政绩观学习,新增,基于《侯凯为审计署党员干部讲授树立和践行正确政绩观学习教育专题党课》中“侯凯为审计署党员干部讲授树立和践行正确政绩观学习”相关内容，固化审计对象在合规性、真实性、绩效性和责任链方面的风险，形成可复核的疑点、规则或指标输出。,项目台账；财务收支明细；合同与审批资料；支付凭证；审计发现清单；预算批复表；预算调整表；绩效目标表,侯凯为审计署党员干部讲授树立和践行正确政绩观学习规则编号、规则说明、触发条件、证据资料、处理建议,E:\2026\审计方法&政策文件\_ocr_output\1中国审计_7期\侯凯为审计署党员干部讲授树立和践行正确政绩观学习教育专题党课.md
SUPVV6D-060,去向不明的会计档案案例规则包,案例规则包,rule_pack,P1,L2,监督检查与经费舞弊 / 经济责任审计 / 预算执行与财政管理,1中国审计_7期/监督检查与经费舞弊,案例规则,review_sentinel / data_scout,article,1中国审计_7期,去向不明的会计档案,去向不明的会计档案,新增,基于《去向不明的会计档案》中“去向不明的会计档案”相关内容，固化审计对象在合规性、真实性、绩效性和责任链方面的风险，形成可复核的疑点、规则或指标输出。,项目台账；财务收支明细；合同与审批资料；支付凭证；审计发现清单；会议纪要；三重一大事项；责任人岗位信息；农户信息；土地确权,去向不明的会计档案规则编号、规则说明、触发条件、证据资料、处理建议,E:\2026\审计方法&政策文件\_ocr_output\1中国审计_7期\去向不明的会计档案.md
FINV6D-009,国务院关于2025年度中央预算执行和其他财政收支案例规则包,案例规则包,rule_pack,P1,L2,财政与政府债务 / 预算执行与财政管理 / 绩效评价,1中国审计_7期/财政与政府债务,案例规则,budget_estimator / fiscal_reviewer,article,1中国审计_7期,国务院关于2025年度中央预算执行和其他财政收支的审计工作报告,国务院关于2025年度中央预算执行和其他财政收支,新增,基于《国务院关于2025年度中央预算执行和其他财政收支的审计工作报告》中“国务院关于2025年度中央预算执行和其他财政收支”相关内容，固化审计对象在合规性、真实性、绩效性和责任链方面的风险，形成可复核的疑点、规则或指标输出。,项目台账；财务收支明细；合同与审批资料；支付凭证；审计发现清单；预算批复表；预算调整表；绩效目标表,国务院关于2025年度中央预算执行和其他财政收支规则编号、规则说明、触发条件、证据资料、处理建议,E:\2026\审计方法&政策文件\_ocr_output\1中国审计_7期\国务院关于2025年度中央预算执行和其他财政收支的审计工作报告.md
ENGV6D-046,城中村改造关键风险点审计思路案例规则包,案例规则包,rule_pack,P1,L2,工程与投资审计 / 财政与政府债务 / 资源环境审计,1中国审计_7期/工程与投资审计,案例规则,settlement_auditor / budget_estimator,article,1中国审计_7期,城中村改造关键风险点审计思路,城中村改造关键风险点审计思路,新增,基于《城中村改造关键风险点审计思路》中“城中村改造关键风险点审计思路”相关内容，固化审计对象在合规性、真实性、绩效性和责任链方面的风险，形成可复核的疑点、规则或指标输出。,项目台账；财务收支明细；合同与审批资料；支付凭证；审计发现清单；工程量清单；结算书；签证变更；竣工资料；遥感图斑,城中村改造关键风险点审计思路规则编号、规则说明、触发条件、证据资料、处理建议,E:\2026\审计方法&政策文件\_ocr_output\1中国审计_7期\城中村改造关键风险点审计思路.md
SUPVV6D-061,审计署党组召开会议学习贯彻习近平总书记案例规则包,案例规则包,rule_pack,P1,L2,监督检查与经费舞弊,1中国审计_7期/监督检查与经费舞弊,案例规则,review_sentinel / data_scout,article,1中国审计_7期,审计署党组召开会议学习贯彻习近平总书记,审计署党组召开会议学习贯彻习近平总书记,新增,基于《审计署党组召开会议学习贯彻习近平总书记》中“审计署党组召开会议学习贯彻习近平总书记”相关内容，固化审计对象在合规性、真实性、绩效性和责任链方面的风险，形成可复核的疑点、规则或指标输出。,项目台账；财务收支明细；合同与审批资料；支付凭证；审计发现清单,审计署党组召开会议学习贯彻习近平总书记规则编号、规则说明、触发条件、证据资料、处理建议,E:\2026\审计方法&政策文件\_ocr_output\1中国审计_7期\审计署党组召开会议学习贯彻习近平总书记.md
FINV6D-010,巩固深化“科学规范提升年”行动成果以高质量审计监案例规则包,案例规则包,rule_pack,P1,L2,金融审计 / 监督检查与经费舞弊 / 民生与社保医保,1中国审计_7期/金融审计,案例规则,data_scout / contract_hound,article,1中国审计_7期,巩固深化“科学规范提升年”行动成果以高质量审计监督保障实现“十五五”良好开局,巩固深化“科学规范提升年”行动成果以高质量审计监,新增,基于《巩固深化“科学规范提升年”行动成果以高质量审计监督保障实现“十五五”良好开局》中“巩固深化“科学规范提升年”行动成果以高质量审计监”相关内容，固化审计对象在合规性、真实性、绩效性和责任链方面的风险，形成可复核的疑点、规则或指标输出。,项目台账；财务收支明细；合同与审批资料；支付凭证；审计发现清单,巩固深化“科学规范提升年”行动成果以高质量审计监规则编号、规则说明、触发条件、证据资料、处理建议,E:\2026\审计方法&政策文件\_ocr_output\1中国审计_7期\巩固深化“科学规范提升年”行动成果以高质量审计监督保障实现“十五五”良好开局.md
ENGV6D-047,微动探测技术在隐蔽工程审计中的应用案例规则包,案例规则包,rule_pack,P1,L2,工程与投资审计 / 财政与政府债务 / 资源环境审计,1中国审计_7期/工程与投资审计,案例规则,settlement_auditor / budget_estimator,article,1中国审计_7期,微动探测技术在隐蔽工程审计中的应用,微动探测技术在隐蔽工程审计中的应用,新增,基于《微动探测技术在隐蔽工程审计中的应用》中“微动探测技术在隐蔽工程审计中的应用”相关内容，固化审计对象在合规性、真实性、绩效性和责任链方面的风险，形成可复核的疑点、规则或指标输出。,项目台账；财务收支明细；合同与审批资料；支付凭证；审计发现清单；工程量清单；结算书；签证变更；竣工资料；遥感图斑,微动探测技术在隐蔽工程审计中的应用规则编号、规则说明、触发条件、证据资料、处理建议,E:\2026\审计方法&政策文件\_ocr_output\1中国审计_7期\微动探测技术在隐蔽工程审计中的应用.md
SUPVV6D-062,政治铸魂固本强基为经济社会高质量发展提供审计保障案例规则包,案例规则包,rule_pack,P1,L2,监督检查与经费舞弊 / 经济责任审计 / 民生与社保医保,1中国审计_7期/监督检查与经费舞弊,案例规则,review_sentinel / data_scout,article,1中国审计_7期,政治铸魂 固本强基为经济社会高质量发展提供审计保障,政治铸魂固本强基为经济社会高质量发展提供审计保障,新增,基于《政治铸魂 固本强基为经济社会高质量发展提供审计保障》中“政治铸魂固本强基为经济社会高质量发展提供审计保障”相关内容，固化审计对象在合规性、真实性、绩效性和责任链方面的风险，形成可复核的疑点、规则或指标输出。,项目台账；财务收支明细；合同与审批资料；支付凭证；审计发现清单；会议纪要；三重一大事项；责任人岗位信息,政治铸魂固本强基为经济社会高质量发展提供审计保障规则编号、规则说明、触发条件、证据资料、处理建议,E:\2026\审计方法&政策文件\_ocr_output\1中国审计_7期\政治铸魂 固本强基为经济社会高质量发展提供审计保障.md
SUPVV6D-063,穿透式监管与高校内部审计融合路径探析案例规则包,案例规则包,rule_pack,P1,L2,监督检查与经费舞弊 / 招投标与政府采购 / 预算执行与财政管理,1中国审计_7期/监督检查与经费舞弊,案例规则,review_sentinel / data_scout,article,1中国审计_7期,穿透式监管与高校内部审计融合路径探析,穿透式监管与高校内部审计融合路径探析,新增,基于《穿透式监管与高校内部审计融合路径探析》中“穿透式监管与高校内部审计融合路径探析”相关内容，固化审计对象在合规性、真实性、绩效性和责任链方面的风险，形成可复核的疑点、规则或指标输出。,项目台账；财务收支明细；合同与审批资料；支付凭证；审计发现清单；预算批复表；预算调整表；绩效目标表；采购公告；投标文件,穿透式监管与高校内部审计融合路径探析规则编号、规则说明、触发条件、证据资料、处理建议,E:\2026\审计方法&政策文件\_ocr_output\1中国审计_7期\穿透式监管与高校内部审计融合路径探析.md
SOCV6D-003,精准审计细把脉深处发力提质效——浙江省宁波市审计案例规则包,案例规则包,rule_pack,P1,L2,民生与社保医保 / 招投标与政府采购 / 预算执行与财政管理,1中国审计_7期/民生与社保医保,案例规则,data_scout / performance_evaluator,article,1中国审计_7期,精准审计细把脉 深处发力提质效——浙江省宁波市审计局开展公立医院和药品医疗器械生产经销使用情况专项审计调查经验总结,精准审计细把脉深处发力提质效——浙江省宁波市审计,新增,基于《精准审计细把脉 深处发力提质效——浙江省宁波市审计局开展公立医院和药品医疗器械生产经销使用情况专项审计调查经验总结》中“精准审计细把脉深处发力提质效——浙江省宁波市审计”相关内容，固化审计对象在合规性、真实性、绩效性和责任链方面的风险，形成可复核的疑点、规则或指标输出。,项目台账；财务收支明细；合同与审批资料；支付凭证；审计发现清单；采购公告；投标文件；供应商信息；中标合同,精准审计细把脉深处发力提质效——浙江省宁波市审计规则编号、规则说明、触发条件、证据资料、处理建议,E:\2026\审计方法&政策文件\_ocr_output\1中国审计_7期\精准审计细把脉 深处发力提质效——浙江省宁波市审计局开展公立医院和药品医疗器械生产经销使用情况专项审计调查经验总结.md
SOCV6D-004,精准监督促医改靶向发力增福祉——江苏省盐城市医药案例规则包,案例规则包,rule_pack,P1,L2,民生与社保医保 / 招投标与政府采购 / 预算执行与财政管理,1中国审计_7期/民生与社保医保,案例规则,data_scout / performance_evaluator,article,1中国审计_7期,精准监督促医改 靶向发力增福祉——江苏省盐城市医药卫生体制改革政策措施落实情况专项审计调查经验总结,精准监督促医改靶向发力增福祉——江苏省盐城市医药,新增,基于《精准监督促医改 靶向发力增福祉——江苏省盐城市医药卫生体制改革政策措施落实情况专项审计调查经验总结》中“精准监督促医改靶向发力增福祉——江苏省盐城市医药”相关内容，固化审计对象在合规性、真实性、绩效性和责任链方面的风险，形成可复核的疑点、规则或指标输出。,项目台账；财务收支明细；合同与审批资料；支付凭证；审计发现清单,精准监督促医改靶向发力增福祉——江苏省盐城市医药规则编号、规则说明、触发条件、证据资料、处理建议,E:\2026\审计方法&政策文件\_ocr_output\1中国审计_7期\精准监督促医改 靶向发力增福祉——江苏省盐城市医药卫生体制改革政策措施落实情况专项审计调查经验总结.md
SUPVV6D-064,聚焦“两重”“两新”强化审计监督推动十五五长三角案例规则包,案例规则包,rule_pack,P1,L2,财政与政府债务 / 预算执行与财政管理 / 绩效评价,1中国审计_7期/财政与政府债务,案例规则,budget_estimator / fiscal_reviewer,article,1中国审计_7期,聚焦“两重”“两新”强化审计监督 推动十五五长三角一体化高质量发展,聚焦“两重”“两新”强化审计监督推动十五五长三角,新增,基于《聚焦“两重”“两新”强化审计监督 推动十五五长三角一体化高质量发展》中“聚焦“两重”“两新”强化审计监督推动十五五长三角”相关内容，固化审计对象在合规性、真实性、绩效性和责任链方面的风险，形成可复核的疑点、规则或指标输出。,项目台账；财务收支明细；合同与审批资料；支付凭证；审计发现清单；工程量清单；结算书；签证变更；竣工资料,聚焦“两重”“两新”强化审计监督推动十五五长三角规则编号、规则说明、触发条件、证据资料、处理建议,E:\2026\审计方法&政策文件\_ocr_output\1中国审计_7期\聚焦“两重”“两新”强化审计监督 推动十五五长三角一体化高质量发展.md
SOCV6D-005,聚焦重点系统施策以审促治——重庆市审计局开展公立案例规则包,案例规则包,rule_pack,P1,L2,民生与社保医保 / 招投标与政府采购 / 预算执行与财政管理,1中国审计_7期/民生与社保医保,案例规则,data_scout / performance_evaluator,article,1中国审计_7期,聚焦重点 系统施策 以审促治——重庆市审计局开展公立医院药械采购及医疗收费专项审计调查经验总结,聚焦重点系统施策以审促治——重庆市审计局开展公立,新增,基于《聚焦重点 系统施策 以审促治——重庆市审计局开展公立医院药械采购及医疗收费专项审计调查经验总结》中“聚焦重点系统施策以审促治——重庆市审计局开展公立”相关内容，固化审计对象在合规性、真实性、绩效性和责任链方面的风险，形成可复核的疑点、规则或指标输出。,项目台账；财务收支明细；合同与审批资料；支付凭证；审计发现清单；采购公告；投标文件；供应商信息；中标合同,聚焦重点系统施策以审促治——重庆市审计局开展公立规则编号、规则说明、触发条件、证据资料、处理建议,E:\2026\审计方法&政策文件\_ocr_output\1中国审计_7期\聚焦重点 系统施策 以审促治——重庆市审计局开展公立医院药械采购及医疗收费专项审计调查经验总结.md
ENVV6D-021,运用多技术融合模型核查违规投保骗取农业保险保费补案例规则包,案例规则包,rule_pack,P1,L2,农业农村审计 / 金融审计 / 资源环境审计,1中国审计_7期/农业农村审计,案例规则,data_scout / law_inspector,article,1中国审计_7期,运用多技术融合模型核查违规投保骗取农业保险保费补贴问题——以Z市城乡融合发展政策落实情况专项审计为例,运用多技术融合模型核查违规投保骗取农业保险保费补,新增,基于《运用多技术融合模型核查违规投保骗取农业保险保费补贴问题——以Z市城乡融合发展政策落实情况专项审计为例》中“运用多技术融合模型核查违规投保骗取农业保险保费补”相关内容，固化审计对象在合规性、真实性、绩效性和责任链方面的风险，形成可复核的疑点、规则或指标输出。,项目台账；财务收支明细；合同与审批资料；支付凭证；审计发现清单；农户信息；土地确权；保单理赔；补贴发放；遥感图斑,运用多技术融合模型核查违规投保骗取农业保险保费补规则编号、规则说明、触发条件、证据资料、处理建议,E:\2026\审计方法&政策文件\_ocr_output\1中国审计_7期\运用多技术融合模型核查违规投保骗取农业保险保费补贴问题——以Z市城乡融合发展政策落实情况专项审计为例.md
SUPVV6D-065,高举思想旗帜凝聚奋进力量以审计文化建设赋能审计事案例规则包,案例规则包,rule_pack,P1,L2,监督检查与经费舞弊 / 农业农村审计 / 民生与社保医保,1中国审计_7期/监督检查与经费舞弊,案例规则,review_sentinel / data_scout,article,1中国审计_7期,高举思想旗帜 凝聚奋进力量以审计文化建设赋能审计事业高质量发展,高举思想旗帜凝聚奋进力量以审计文化建设赋能审计事,新增,基于《高举思想旗帜 凝聚奋进力量以审计文化建设赋能审计事业高质量发展》中“高举思想旗帜凝聚奋进力量以审计文化建设赋能审计事”相关内容，固化审计对象在合规性、真实性、绩效性和责任链方面的风险，形成可复核的疑点、规则或指标输出。,项目台账；财务收支明细；合同与审批资料；支付凭证；审计发现清单；农户信息；土地确权；保单理赔；补贴发放,高举思想旗帜凝聚奋进力量以审计文化建设赋能审计事规则编号、规则说明、触发条件、证据资料、处理建议,E:\2026\审计方法&政策文件\_ocr_output\1中国审计_7期\高举思想旗帜 凝聚奋进力量以审计文化建设赋能审计事业高质量发展.md
PERFV6D-121,内部控制视角下审计监督提升事业单位绩效管理路径研案例规则包,案例规则包,rule_pack,P1,L2,监督检查与经费舞弊 / 经济责任审计 / 预算执行与财政管理,2经济责任审计_6期/监督检查与经费舞弊,案例规则,review_sentinel / data_scout,article,2经济责任审计_6期,内部控制视角下审计监督提升事业单位绩效管理路径研究,内部控制视角下审计监督提升事业单位绩效管理路径研,新增,基于《内部控制视角下审计监督提升事业单位绩效管理路径研究》中“内部控制视角下审计监督提升事业单位绩效管理路径研”相关内容，固化审计对象在合规性、真实性、绩效性和责任链方面的风险，形成可复核的疑点、规则或指标输出。,项目台账；财务收支明细；合同与审批资料；支付凭证；审计发现清单；绩效指标表；产出效果数据；满意度问卷；会议纪要；三重一大事项,内部控制视角下审计监督提升事业单位绩效管理路径研规则编号、规则说明、触发条件、证据资料、处理建议,E:\2026\审计方法&政策文件\_ocr_output\2经济责任审计_6期\内部控制视角下审计监督提升事业单位绩效管理路径研究.md
SUPVV6D-066,华中革命根据地战时审计机制与效能研究案例规则包,案例规则包,rule_pack,P1,L2,监督检查与经费舞弊 / 预算执行与财政管理 / 经济责任审计,2经济责任审计_6期/监督检查与经费舞弊,案例规则,review_sentinel / data_scout,article,2经济责任审计_6期,华中革命根据地战时审计机制与效能研究,华中革命根据地战时审计机制与效能研究,新增,基于《华中革命根据地战时审计机制与效能研究》中“华中革命根据地战时审计机制与效能研究”相关内容，固化审计对象在合规性、真实性、绩效性和责任链方面的风险，形成可复核的疑点、规则或指标输出。,项目台账；财务收支明细；合同与审批资料；支付凭证；审计发现清单；预算批复表；预算调整表；绩效目标表；会议纪要；三重一大事项,华中革命根据地战时审计机制与效能研究规则编号、规则说明、触发条件、证据资料、处理建议,E:\2026\审计方法&政策文件\_ocr_output\2经济责任审计_6期\华中革命根据地战时审计机制与效能研究.md
SUPVV6D-067,印度审计署2023-2030年战略规划概况案例规则包,案例规则包,rule_pack,P1,L2,监督检查与经费舞弊 / 绩效评价 / 民生与社保医保,2经济责任审计_6期/监督检查与经费舞弊,案例规则,review_sentinel / data_scout,article,2经济责任审计_6期,印度审计署2023-2030年战略规划概况,印度审计署2023-2030年战略规划概况,新增,基于《印度审计署2023-2030年战略规划概况》中“印度审计署2023-2030年战略规划概况”相关内容，固化审计对象在合规性、真实性、绩效性和责任链方面的风险，形成可复核的疑点、规则或指标输出。,项目台账；财务收支明细；合同与审批资料；支付凭证；审计发现清单；绩效指标表；产出效果数据；满意度问卷,印度审计署2023-2030年战略规划概况规则编号、规则说明、触发条件、证据资料、处理建议,E:\2026\审计方法&政策文件\_ocr_output\2经济责任审计_6期\印度审计署2023-2030年战略规划概况.md
AGRV6D-002,县域经济特色发展的典型模式与战略路径案例规则包,案例规则包,rule_pack,P1,L2,农业农村审计 / 资源环境审计 / 金融审计,2经济责任审计_6期/农业农村审计,案例规则,data_scout / law_inspector,article,2经济责任审计_6期,县域经济特色发展的典型模式与战略路径,县域经济特色发展的典型模式与战略路径,新增,基于《县域经济特色发展的典型模式与战略路径》中“县域经济特色发展的典型模式与战略路径”相关内容，固化审计对象在合规性、真实性、绩效性和责任链方面的风险，形成可复核的疑点、规则或指标输出。,项目台账；财务收支明细；合同与审批资料；支付凭证；审计发现清单；农户信息；土地确权；保单理赔；补贴发放；遥感图斑,县域经济特色发展的典型模式与战略路径规则编号、规则说明、触发条件、证据资料、处理建议,E:\2026\审计方法&政策文件\_ocr_output\2经济责任审计_6期\县域经济特色发展的典型模式与战略路径.md
ECONV6D-045,奋楫笃行担使命踔厉奋发启新程以高质量审计监督助力案例规则包,案例规则包,rule_pack,P1,L2,经济责任审计 / 监督检查与经费舞弊 / 农业农村审计,2经济责任审计_6期/经济责任审计,案例规则,fiscal_reviewer / review_sentinel,article,2经济责任审计_6期,奋楫笃行担使命踔厉奋发启新程以高质量审计监督助力开创富民兴陇新局面,奋楫笃行担使命踔厉奋发启新程以高质量审计监督助力,新增,基于《奋楫笃行担使命踔厉奋发启新程以高质量审计监督助力开创富民兴陇新局面》中“奋楫笃行担使命踔厉奋发启新程以高质量审计监督助力”相关内容，固化审计对象在合规性、真实性、绩效性和责任链方面的风险，形成可复核的疑点、规则或指标输出。,项目台账；财务收支明细；合同与审批资料；支付凭证；审计发现清单；会议纪要；三重一大事项；责任人岗位信息；农户信息；土地确权,奋楫笃行担使命踔厉奋发启新程以高质量审计监督助力规则编号、规则说明、触发条件、证据资料、处理建议,E:\2026\审计方法&政策文件\_ocr_output\2经济责任审计_6期\奋楫笃行担使命踔厉奋发启新程以高质量审计监督助力开创富民兴陇新局面.md
BIDV6D-002,山东省聊城市大气污染防治政策落实和资金管理使用情案例规则包,案例规则包,evidence_pack,P1,L2,资源环境审计 / 绩效评价 / 财政与政府债务,2经济责任审计_6期/资源环境审计,案例规则,law_inspector / data_scout,article,2经济责任审计_6期,山东省聊城市大气污染防治政策落实和资金管理使用情况专项审计实践,山东省聊城市大气污染防治政策落实和资金管理使用情,新增,基于《山东省聊城市大气污染防治政策落实和资金管理使用情况专项审计实践》中“山东省聊城市大气污染防治政策落实和资金管理使用情”相关内容，贯通审计对象在合规性、真实性、绩效性和责任链方面的风险，形成可复核的疑点、规则或指标输出。,项目台账；财务收支明细；合同与审批资料；支付凭证；审计发现清单；采购公告；投标文件；供应商信息；中标合同；遥感图斑,山东省聊城市大气污染防治政策落实和资金管理使用情证据链节点、证据缺口、访谈对象、底稿索引、结论边界,E:\2026\审计方法&政策文件\_ocr_output\2经济责任审计_6期\山东省聊城市大气污染防治政策落实和资金管理使用情况专项审计实践.md
SUPVV6D-068,我国审计学人才自主培养模式探索与创新2026年全案例规则包,案例规则包,rule_pack,P1,L2,监督检查与经费舞弊 / 经济责任审计 / 绩效评价,2经济责任审计_6期/监督检查与经费舞弊,案例规则,review_sentinel / data_scout,article,2经济责任审计_6期,我国审计学人才自主培养模式探索与创新2026年全国审计学专业教育联盟会议综述,我国审计学人才自主培养模式探索与创新2026年全,新增,基于《我国审计学人才自主培养模式探索与创新2026年全国审计学专业教育联盟会议综述》中“我国审计学人才自主培养模式探索与创新2026年全”相关内容，固化审计对象在合规性、真实性、绩效性和责任链方面的风险，形成可复核的疑点、规则或指标输出。,项目台账；财务收支明细；合同与审批资料；支付凭证；审计发现清单；绩效指标表；产出效果数据；满意度问卷；会议纪要；三重一大事项,我国审计学人才自主培养模式探索与创新2026年全规则编号、规则说明、触发条件、证据资料、处理建议,E:\2026\审计方法&政策文件\_ocr_output\2经济责任审计_6期\我国审计学人才自主培养模式探索与创新2026年全国审计学专业教育联盟会议综述.md
FINV6D-011,政策性农业保险审计探讨案例规则包,案例规则包,rule_pack,P1,L2,农业农村审计 / 金融审计 / 资源环境审计,2经济责任审计_6期/农业农村审计,案例规则,data_scout / law_inspector,article,2经济责任审计_6期,政策性农业保险审计探讨,政策性农业保险审计探讨,新增,基于《政策性农业保险审计探讨》中“政策性农业保险审计探讨”相关内容，固化审计对象在合规性、真实性、绩效性和责任链方面的风险，形成可复核的疑点、规则或指标输出。,项目台账；财务收支明细；合同与审批资料；支付凭证；审计发现清单；农户信息；土地确权；保单理赔；补贴发放,政策性农业保险审计探讨规则编号、规则说明、触发条件、证据资料、处理建议,E:\2026\审计方法&政策文件\_ocr_output\2经济责任审计_6期\政策性农业保险审计探讨.md
FINV6D-012,数智化背景下供应链金融审计的实务难点与突破路径案例规则包,案例规则包,rule_pack,P1,L2,金融审计 / 国企审计 / 监督检查与经费舞弊,2经济责任审计_6期/金融审计,案例规则,data_scout / contract_hound,article,2经济责任审计_6期,数智化背景下供应链金融审计的实务难点与突破路径,数智化背景下供应链金融审计的实务难点与突破路径,新增,基于《数智化背景下供应链金融审计的实务难点与突破路径》中“数智化背景下供应链金融审计的实务难点与突破路径”相关内容，固化审计对象在合规性、真实性、绩效性和责任链方面的风险，形成可复核的疑点、规则或指标输出。,项目台账；财务收支明细；合同与审批资料；支付凭证；审计发现清单；会议纪要；三重一大事项；责任人岗位信息,数智化背景下供应链金融审计的实务难点与突破路径规则编号、规则说明、触发条件、证据资料、处理建议,E:\2026\审计方法&政策文件\_ocr_output\2经济责任审计_6期\数智化背景下供应链金融审计的实务难点与突破路径.md
ENVV6D-022,汾渭平原大气污染联防联控现状及审计建议案例规则包,案例规则包,rule_pack,P1,L2,资源环境审计 / 绩效评价 / 财政与政府债务,2经济责任审计_6期/资源环境审计,案例规则,law_inspector / data_scout,article,2经济责任审计_6期,汾渭平原大气污染联防联控现状及审计建议,汾渭平原大气污染联防联控现状及审计建议,新增,基于《汾渭平原大气污染联防联控现状及审计建议》中“汾渭平原大气污染联防联控现状及审计建议”相关内容，固化审计对象在合规性、真实性、绩效性和责任链方面的风险，形成可复核的疑点、规则或指标输出。,项目台账；财务收支明细；合同与审批资料；支付凭证；审计发现清单；会议纪要；三重一大事项；责任人岗位信息；遥感图斑；自然资源审批,汾渭平原大气污染联防联控现状及审计建议规则编号、规则说明、触发条件、证据资料、处理建议,E:\2026\审计方法&政策文件\_ocr_output\2经济责任审计_6期\汾渭平原大气污染联防联控现状及审计建议.md
ECONV6D-046,经济责任审计科学化制度化模块化探索以同类型县域党案例规则包,案例规则包,rule_pack,P1,L2,经济责任审计 / 监督检查与经费舞弊 / 预算执行与财政管理,2经济责任审计_6期/经济责任审计,案例规则,fiscal_reviewer / review_sentinel,article,2经济责任审计_6期,经济责任审计科学化制度化模块化探索以同类型县域党政主要领导干部 步开展经济责任审计为例,经济责任审计科学化制度化模块化探索以同类型县域党,新增,基于《经济责任审计科学化制度化模块化探索以同类型县域党政主要领导干部 步开展经济责任审计为例》中“经济责任审计科学化制度化模块化探索以同类型县域党”相关内容，固化审计对象在合规性、真实性、绩效性和责任链方面的风险，形成可复核的疑点、规则或指标输出。,项目台账；财务收支明细；合同与审批资料；支付凭证；审计发现清单；绩效指标表；产出效果数据；满意度问卷；会议纪要；三重一大事项,经济责任审计科学化制度化模块化探索以同类型县域党规则编号、规则说明、触发条件、证据资料、处理建议,E:\2026\审计方法&政策文件\_ocr_output\2经济责任审计_6期\经济责任审计科学化制度化模块化探索以同类型县域党政主要领导干部 步开展经济责任审计为例.md
ECONV6D-047,经济责任审计证据（下）案例规则包,案例规则包,rule_pack,P1,L2,经济责任审计 / 监督检查与经费舞弊 / 预算执行与财政管理,2经济责任审计_6期/经济责任审计,案例规则,fiscal_reviewer / review_sentinel,article,2经济责任审计_6期,经济责任审计证据（下）,经济责任审计证据（下）,新增,基于《经济责任审计证据（下）》中“经济责任审计证据（下）”相关内容，固化审计对象在合规性、真实性、绩效性和责任链方面的风险，形成可复核的疑点、规则或指标输出。,项目台账；财务收支明细；合同与审批资料；支付凭证；审计发现清单；绩效指标表；产出效果数据；满意度问卷；会议纪要；三重一大事项,经济责任审计证据（下）规则编号、规则说明、触发条件、证据资料、处理建议,E:\2026\审计方法&政策文件\_ocr_output\2经济责任审计_6期\经济责任审计证据（下）.md
FINV6D-013,面向十五五邮储银行体系化审计发展战略的内涵与贯通案例规则包,案例规则包,rule_pack,P1,L2,金融审计 / 国企审计 / 监督检查与经费舞弊,2经济责任审计_6期/金融审计,案例规则,data_scout / contract_hound,article,2经济责任审计_6期,面向十五五邮储银行体系化审计发展战略的内涵与贯通思路,面向十五五邮储银行体系化审计发展战略的内涵与贯通,新增,基于《面向十五五邮储银行体系化审计发展战略的内涵与贯通思路》中“面向十五五邮储银行体系化审计发展战略的内涵与贯通”相关内容，固化审计对象在合规性、真实性、绩效性和责任链方面的风险，形成可复核的疑点、规则或指标输出。,项目台账；财务收支明细；合同与审批资料；支付凭证；审计发现清单；绩效指标表；产出效果数据；满意度问卷,面向十五五邮储银行体系化审计发展战略的内涵与贯通规则编号、规则说明、触发条件、证据资料、处理建议,E:\2026\审计方法&政策文件\_ocr_output\2经济责任审计_6期\面向十五五邮储银行体系化审计发展战略的内涵与贯通思路.md
ECONV6D-048,领导干部权力寻租风险治理路径探析基于县区党政主要案例规则包,案例规则包,evidence_pack,P1,L2,经济责任审计 / 监督检查与经费舞弊 / 预算执行与财政管理,2经济责任审计_6期/经济责任审计,案例规则,fiscal_reviewer / review_sentinel,article,2经济责任审计_6期,领导干部权力寻租风险治理路径探析基于县区党政主要领导干部经济责任审计实践,领导干部权力寻租风险治理路径探析基于县区党政主要,新增,基于《领导干部权力寻租风险治理路径探析基于县区党政主要领导干部经济责任审计实践》中“领导干部权力寻租风险治理路径探析基于县区党政主要”相关内容，贯通审计对象在合规性、真实性、绩效性和责任链方面的风险，形成可复核的疑点、规则或指标输出。,项目台账；财务收支明细；合同与审批资料；支付凭证；审计发现清单；工程量清单；结算书；签证变更；竣工资料；会议纪要,领导干部权力寻租风险治理路径探析基于县区党政主要证据链节点、证据缺口、访谈对象、底稿索引、结论边界,E:\2026\审计方法&政策文件\_ocr_output\2经济责任审计_6期\领导干部权力寻租风险治理路径探析基于县区党政主要领导干部经济责任审计实践.md
SUPVV6D-069,高校内部管理领导人员经济责任审计实务困境与全流程案例规则包,案例规则包,rule_pack,P1,L2,经济责任审计 / 监督检查与经费舞弊 / 预算执行与财政管理,2经济责任审计_6期/经济责任审计,案例规则,fiscal_reviewer / review_sentinel,article,2经济责任审计_6期,高校内部管理领导人员经济责任审计实务困境与全流程优化建议,高校内部管理领导人员经济责任审计实务困境与全流程,新增,基于《高校内部管理领导人员经济责任审计实务困境与全流程优化建议》中“高校内部管理领导人员经济责任审计实务困境与全流程”相关内容，固化审计对象在合规性、真实性、绩效性和责任链方面的风险，形成可复核的疑点、规则或指标输出。,项目台账；财务收支明细；合同与审批资料；支付凭证；审计发现清单；绩效指标表；产出效果数据；满意度问卷；会议纪要；三重一大事项,高校内部管理领导人员经济责任审计实务困境与全流程规则编号、规则说明、触发条件、证据资料、处理建议,E:\2026\审计方法&政策文件\_ocr_output\2经济责任审计_6期\高校内部管理领导人员经济责任审计实务困境与全流程优化建议.md
