rule_id,package_sn,scene,topic,rule_name,rule_description,input_fields,condition,output,source_file,priority
MAGSUPV-0001-R01,MAGSUPV-0001,监督检查与经费舞弊 / 全场景通用 / 金融审计,中国注册会计师协会关于做好上市公司2025年年报审计工作的通知,中国注册会计师协会关于做好上市公司2025年年报审计工作的通知R01规则,按案例主题识别同类事项中的风险特征并生成疑点。,文章案例文本；审计事项清单；问题线索台账；审计证据资料；内控制度；会计凭证,风险词命中/数据缺失/证据不一致/指标偏离/流程缺陷,命中对象、风险等级、证据资料、核查建议,D:\openclaw-workspace\knowledge\11-杂志文献\中国注册会计师\002.中国注册会计师协会关于做好上市公司2025年年报审计工作的通知.md,P1
MAGSUPV-0001-R02,MAGSUPV-0001,监督检查与经费舞弊 / 全场景通用 / 金融审计,中国注册会计师协会关于做好上市公司2025年年报审计工作的通知,中国注册会计师协会关于做好上市公司2025年年报审计工作的通知R02规则,核查案例涉及的数据、证据和整改链条是否完整一致。,文章案例文本；审计事项清单；问题线索台账；审计证据资料；内控制度；会计凭证,风险词命中/数据缺失/证据不一致/指标偏离/流程缺陷,命中对象、风险等级、证据资料、核查建议,D:\openclaw-workspace\knowledge\11-杂志文献\中国注册会计师\002.中国注册会计师协会关于做好上市公司2025年年报审计工作的通知.md,P1
MAGSUPV-0002-R01,MAGSUPV-0002,监督检查与经费舞弊 / 全场景通用 / 金融审计,中国注册会计师协会关于印发《企业内部控制审计指引实施意见》的通知,中国注册会计师协会关于印发《企业内部控制审计指引实施意见》的通知R01规则,按案例主题识别同类事项中的风险特征并生成疑点。,文章案例文本；审计事项清单；问题线索台账；审计证据资料；内控制度；会计凭证,风险词命中/数据缺失/证据不一致/指标偏离/流程缺陷,命中对象、风险等级、证据资料、核查建议,D:\openclaw-workspace\knowledge\11-杂志文献\中国注册会计师\002.中国注册会计师协会关于印发《企业内部控制审计指引实施意见》的通知.md,P0
MAGSUPV-0002-R02,MAGSUPV-0002,监督检查与经费舞弊 / 全场景通用 / 金融审计,中国注册会计师协会关于印发《企业内部控制审计指引实施意见》的通知,中国注册会计师协会关于印发《企业内部控制审计指引实施意见》的通知R02规则,核查案例涉及的数据、证据和整改链条是否完整一致。,文章案例文本；审计事项清单；问题线索台账；审计证据资料；内控制度；会计凭证,风险词命中/数据缺失/证据不一致/指标偏离/流程缺陷,命中对象、风险等级、证据资料、核查建议,D:\openclaw-workspace\knowledge\11-杂志文献\中国注册会计师\002.中国注册会计师协会关于印发《企业内部控制审计指引实施意见》的通知.md,P0
MAGSUPV-0003-R01,MAGSUPV-0003,监督检查与经费舞弊 / 全场景通用 / 金融审计,中国注册会计师协会关于印发《会计师事务所透明度报告披露指引(试行)》的通,中国注册会计师协会关于印发《会计师事务所透明度报告披露指引(试行)》的通R01规则,按案例主题识别同类事项中的风险特征并生成疑点。,文章案例文本；审计事项清单；问题线索台账；审计证据资料；内控制度；会计凭证,风险词命中/数据缺失/证据不一致/指标偏离/流程缺陷,命中对象、风险等级、证据资料、核查建议,D:\openclaw-workspace\knowledge\11-杂志文献\中国注册会计师\003.中国注册会计师协会关于印发《会计师事务所透明度报告披露指引(试行)》的通知.md,P1
MAGSUPV-0003-R02,MAGSUPV-0003,监督检查与经费舞弊 / 全场景通用 / 金融审计,中国注册会计师协会关于印发《会计师事务所透明度报告披露指引(试行)》的通,中国注册会计师协会关于印发《会计师事务所透明度报告披露指引(试行)》的通R02规则,核查案例涉及的数据、证据和整改链条是否完整一致。,文章案例文本；审计事项清单；问题线索台账；审计证据资料；内控制度；会计凭证,风险词命中/数据缺失/证据不一致/指标偏离/流程缺陷,命中对象、风险等级、证据资料、核查建议,D:\openclaw-workspace\knowledge\11-杂志文献\中国注册会计师\003.中国注册会计师协会关于印发《会计师事务所透明度报告披露指引(试行)》的通知.md,P1
MAGSUPV-0004-R01,MAGSUPV-0004,监督检查与经费舞弊 / 全场景通用 / 金融审计,中国注册会计师协会关于印发《会计师事务所基础性标准体系建设指引》的通知,中国注册会计师协会关于印发《会计师事务所基础性标准体系建设指引》的通知R01规则,按案例主题识别同类事项中的风险特征并生成疑点。,文章案例文本；审计事项清单；问题线索台账；审计证据资料；内控制度；会计凭证,风险词命中/数据缺失/证据不一致/指标偏离/流程缺陷,命中对象、风险等级、证据资料、核查建议,D:\openclaw-workspace\knowledge\11-杂志文献\中国注册会计师\004.中国注册会计师协会关于印发《会计师事务所基础性标准体系建设指引》的通知.md,P1
MAGSUPV-0004-R02,MAGSUPV-0004,监督检查与经费舞弊 / 全场景通用 / 金融审计,中国注册会计师协会关于印发《会计师事务所基础性标准体系建设指引》的通知,中国注册会计师协会关于印发《会计师事务所基础性标准体系建设指引》的通知R02规则,核查案例涉及的数据、证据和整改链条是否完整一致。,文章案例文本；审计事项清单；问题线索台账；审计证据资料；内控制度；会计凭证,风险词命中/数据缺失/证据不一致/指标偏离/流程缺陷,命中对象、风险等级、证据资料、核查建议,D:\openclaw-workspace\knowledge\11-杂志文献\中国注册会计师\004.中国注册会计师协会关于印发《会计师事务所基础性标准体系建设指引》的通知.md,P1
MAGSUPV-0005-R01,MAGSUPV-0005,监督检查与经费舞弊 / 全场景通用 / 金融审计,中国注册会计师行业妇联成立暨行业妇女第一次代表大会在京召开,中国注册会计师行业妇联成立暨行业妇女第一次代表大会在京召开R01规则,按案例主题识别同类事项中的风险特征并生成疑点。,文章案例文本；审计事项清单；问题线索台账；审计证据资料；内控制度；会计凭证,风险词命中/数据缺失/证据不一致/指标偏离/流程缺陷,命中对象、风险等级、证据资料、核查建议,D:\openclaw-workspace\knowledge\11-杂志文献\中国注册会计师\012.中国注册会计师行业妇联成立暨行业妇女第一次代表大会在京召开.md,P1
MAGSUPV-0005-R02,MAGSUPV-0005,监督检查与经费舞弊 / 全场景通用 / 金融审计,中国注册会计师行业妇联成立暨行业妇女第一次代表大会在京召开,中国注册会计师行业妇联成立暨行业妇女第一次代表大会在京召开R02规则,核查案例涉及的数据、证据和整改链条是否完整一致。,文章案例文本；审计事项清单；问题线索台账；审计证据资料；内控制度；会计凭证,风险词命中/数据缺失/证据不一致/指标偏离/流程缺陷,命中对象、风险等级、证据资料、核查建议,D:\openclaw-workspace\knowledge\11-杂志文献\中国注册会计师\012.中国注册会计师行业妇联成立暨行业妇女第一次代表大会在京召开.md,P1
MAGSUPV-0006-R01,MAGSUPV-0006,监督检查与经费舞弊 / 全场景通用 / 金融审计,中注协有关负责人就印发《可持续信息鉴证业务准则第6101号一—基本准则,中注协有关负责人就印发《可持续信息鉴证业务准则第6101号一—基本准则R01规则,按案例主题识别同类事项中的风险特征并生成疑点。,文章案例文本；审计事项清单；问题线索台账；审计证据资料；内控制度；会计凭证,风险词命中/数据缺失/证据不一致/指标偏离/流程缺陷,命中对象、风险等级、证据资料、核查建议,D:\openclaw-workspace\knowledge\11-杂志文献\四川注册会计师\001.中注协有关负责人就印发《可持续信息鉴证 业务准则第6101号一—基本准则(试行)》 答记者问.md,P1
MAGSUPV-0006-R02,MAGSUPV-0006,监督检查与经费舞弊 / 全场景通用 / 金融审计,中注协有关负责人就印发《可持续信息鉴证业务准则第6101号一—基本准则,中注协有关负责人就印发《可持续信息鉴证业务准则第6101号一—基本准则R02规则,核查案例涉及的数据、证据和整改链条是否完整一致。,文章案例文本；审计事项清单；问题线索台账；审计证据资料；内控制度；会计凭证,风险词命中/数据缺失/证据不一致/指标偏离/流程缺陷,命中对象、风险等级、证据资料、核查建议,D:\openclaw-workspace\knowledge\11-杂志文献\四川注册会计师\001.中注协有关负责人就印发《可持续信息鉴证 业务准则第6101号一—基本准则(试行)》 答记者问.md,P1
MAGFIN-0001-R01,MAGFIN-0001,金融审计 / 国企审计 / 监督检查与经费舞弊,联合开展《小微企业增信会计数据标准(试行版)》深化试点工作的通知,联合开展《小微企业增信会计数据标准(试行版)》深化试点工作的通知R01规则,按案例主题识别同类事项中的风险特征并生成疑点。,文章案例文本；审计事项清单；问题线索台账；审计证据资料；内控制度；会计凭证,风险词命中/数据缺失/证据不一致/指标偏离/流程缺陷,命中对象、风险等级、证据资料、核查建议,D:\openclaw-workspace\knowledge\11-杂志文献\四川注册会计师\001.关于联合开展《小微企业增信会计数据标准(试行版)》深化试点工作的通知.md,P1
MAGFIN-0001-R02,MAGFIN-0001,金融审计 / 国企审计 / 监督检查与经费舞弊,联合开展《小微企业增信会计数据标准(试行版)》深化试点工作的通知,联合开展《小微企业增信会计数据标准(试行版)》深化试点工作的通知R02规则,核查案例涉及的数据、证据和整改链条是否完整一致。,文章案例文本；审计事项清单；问题线索台账；审计证据资料；内控制度；会计凭证,风险词命中/数据缺失/证据不一致/指标偏离/流程缺陷,命中对象、风险等级、证据资料、核查建议,D:\openclaw-workspace\knowledge\11-杂志文献\四川注册会计师\001.关于联合开展《小微企业增信会计数据标准(试行版)》深化试点工作的通知.md,P1
MAGSUPV-0007-R01,MAGSUPV-0007,监督检查与经费舞弊 / 全场景通用 / 金融审计,四川省财政厅关于印发《会计师事务所负面积分制管理办法(试行)》的通知,四川省财政厅关于印发《会计师事务所负面积分制管理办法(试行)》的通知R01规则,按案例主题识别同类事项中的风险特征并生成疑点。,文章案例文本；审计事项清单；问题线索台账；审计证据资料；预算指标表；财政支出明细,风险词命中/数据缺失/证据不一致/指标偏离/流程缺陷,命中对象、风险等级、证据资料、核查建议,D:\openclaw-workspace\knowledge\11-杂志文献\四川注册会计师\001.四川省财政厅关于印发《会计师事务所负面积分制管理办法(试行)》的通知.md,P1
MAGSUPV-0007-R02,MAGSUPV-0007,监督检查与经费舞弊 / 全场景通用 / 金融审计,四川省财政厅关于印发《会计师事务所负面积分制管理办法(试行)》的通知,四川省财政厅关于印发《会计师事务所负面积分制管理办法(试行)》的通知R02规则,核查案例涉及的数据、证据和整改链条是否完整一致。,文章案例文本；审计事项清单；问题线索台账；审计证据资料；预算指标表；财政支出明细,风险词命中/数据缺失/证据不一致/指标偏离/流程缺陷,命中对象、风险等级、证据资料、核查建议,D:\openclaw-workspace\knowledge\11-杂志文献\四川注册会计师\001.四川省财政厅关于印发《会计师事务所负面积分制管理办法(试行)》的通知.md,P1
MAGSUPV-0008-R01,MAGSUPV-0008,监督检查与经费舞弊 / 全场景通用 / 金融审计,奋力谱写注册会计师行业服务中国式现代化新篇章,奋力谱写注册会计师行业服务中国式现代化新篇章R01规则,按案例主题识别同类事项中的风险特征并生成疑点。,文章案例文本；审计事项清单；问题线索台账；审计证据资料；内控制度；会计凭证,风险词命中/数据缺失/证据不一致/指标偏离/流程缺陷,命中对象、风险等级、证据资料、核查建议,D:\openclaw-workspace\knowledge\11-杂志文献\四川注册会计师\001.奋力谱写注册会计师行业服务中国式现代化新篇章.md,P1
MAGSUPV-0008-R02,MAGSUPV-0008,监督检查与经费舞弊 / 全场景通用 / 金融审计,奋力谱写注册会计师行业服务中国式现代化新篇章,奋力谱写注册会计师行业服务中国式现代化新篇章R02规则,核查案例涉及的数据、证据和整改链条是否完整一致。,文章案例文本；审计事项清单；问题线索台账；审计证据资料；内控制度；会计凭证,风险词命中/数据缺失/证据不一致/指标偏离/流程缺陷,命中对象、风险等级、证据资料、核查建议,D:\openclaw-workspace\knowledge\11-杂志文献\四川注册会计师\001.奋力谱写注册会计师行业服务中国式现代化新篇章.md,P1
MAGSOC-0001-R01,MAGSOC-0001,民生与社保医保 / 预算执行与财政管理 / 招投标与政府采购,印发《关于进一步加强科学事业单位内部控制建设的指导意见》的通知,印发《关于进一步加强科学事业单位内部控制建设的指导意见》的通知R01规则,按案例主题识别同类事项中的风险特征并生成疑点。,文章案例文本；审计事项清单；问题线索台账；审计证据资料；预算指标表；财政支出明细,风险词命中/数据缺失/证据不一致/指标偏离/流程缺陷,命中对象、风险等级、证据资料、核查建议,D:\openclaw-workspace\knowledge\11-杂志文献\四川注册会计师\002.关于印发《关于进一步加强科学事业单位 内部控制建设的指导意见》的通知.md,P1
MAGSOC-0001-R02,MAGSOC-0001,民生与社保医保 / 预算执行与财政管理 / 招投标与政府采购,印发《关于进一步加强科学事业单位内部控制建设的指导意见》的通知,印发《关于进一步加强科学事业单位内部控制建设的指导意见》的通知R02规则,核查案例涉及的数据、证据和整改链条是否完整一致。,文章案例文本；审计事项清单；问题线索台账；审计证据资料；预算指标表；财政支出明细,风险词命中/数据缺失/证据不一致/指标偏离/流程缺陷,命中对象、风险等级、证据资料、核查建议,D:\openclaw-workspace\knowledge\11-杂志文献\四川注册会计师\002.关于印发《关于进一步加强科学事业单位 内部控制建设的指导意见》的通知.md,P1
MAGAGR-0001-R01,MAGAGR-0001,农业农村审计 / 金融审计 / 财政与政府债务,四川省财政厅四川省人力资源和社会保障厅关于印发《四川省会计高级职称申报评,四川省财政厅四川省人力资源和社会保障厅关于印发《四川省会计高级职称申报评R01规则,按案例主题识别同类事项中的风险特征并生成疑点。,文章案例文本；审计事项清单；问题线索台账；审计证据资料；预算指标表；财政支出明细,风险词命中/数据缺失/证据不一致/指标偏离/流程缺陷,命中对象、风险等级、证据资料、核查建议,D:\openclaw-workspace\knowledge\11-杂志文献\四川注册会计师\002.四川省财政厅四川省人力资源和社会保障厅关于印发《四川省会计高级职称申报评审基本条件》的通知.md,P1
MAGAGR-0001-R02,MAGAGR-0001,农业农村审计 / 金融审计 / 财政与政府债务,四川省财政厅四川省人力资源和社会保障厅关于印发《四川省会计高级职称申报评,四川省财政厅四川省人力资源和社会保障厅关于印发《四川省会计高级职称申报评R02规则,核查案例涉及的数据、证据和整改链条是否完整一致。,文章案例文本；审计事项清单；问题线索台账；审计证据资料；预算指标表；财政支出明细,风险词命中/数据缺失/证据不一致/指标偏离/流程缺陷,命中对象、风险等级、证据资料、核查建议,D:\openclaw-workspace\knowledge\11-杂志文献\四川注册会计师\002.四川省财政厅四川省人力资源和社会保障厅关于印发《四川省会计高级职称申报评审基本条件》的通知.md,P1
MAGSUPV-0009-R01,MAGSUPV-0009,监督检查与经费舞弊 / 全场景通用 / 金融审计,四川省人民政府办公厅关于进一步促进服务业创新突破的实施意见,四川省人民政府办公厅关于进一步促进服务业创新突破的实施意见R01规则,按案例主题识别同类事项中的风险特征并生成疑点。,文章案例文本；审计事项清单；问题线索台账；审计证据资料；内控制度；会计凭证,风险词命中/数据缺失/证据不一致/指标偏离/流程缺陷,命中对象、风险等级、证据资料、核查建议,D:\openclaw-workspace\knowledge\11-杂志文献\四川注册会计师\003.四川省人民政府办公厅关于进一步促进服务业创新突破的实施意见.md,P1
MAGSUPV-0009-R02,MAGSUPV-0009,监督检查与经费舞弊 / 全场景通用 / 金融审计,四川省人民政府办公厅关于进一步促进服务业创新突破的实施意见,四川省人民政府办公厅关于进一步促进服务业创新突破的实施意见R02规则,核查案例涉及的数据、证据和整改链条是否完整一致。,文章案例文本；审计事项清单；问题线索台账；审计证据资料；内控制度；会计凭证,风险词命中/数据缺失/证据不一致/指标偏离/流程缺陷,命中对象、风险等级、证据资料、核查建议,D:\openclaw-workspace\knowledge\11-杂志文献\四川注册会计师\003.四川省人民政府办公厅关于进一步促进服务业创新突破的实施意见.md,P1
MAGTAX-0001-R01,MAGTAX-0001,税务审计,四川省财政厅关于优化资产评估机构备案管理工作的通知,四川省财政厅关于优化资产评估机构备案管理工作的通知R01规则,按案例主题识别同类事项中的风险特征并生成疑点。,文章案例文本；审计事项清单；问题线索台账；审计证据资料；预算指标表；财政支出明细,风险词命中/数据缺失/证据不一致/指标偏离/流程缺陷,命中对象、风险等级、证据资料、核查建议,D:\openclaw-workspace\knowledge\11-杂志文献\四川注册会计师\003.四川省财政厅关于优化资产评估机构备案管理工作的通知.md,P1
MAGTAX-0001-R02,MAGTAX-0001,税务审计,四川省财政厅关于优化资产评估机构备案管理工作的通知,四川省财政厅关于优化资产评估机构备案管理工作的通知R02规则,核查案例涉及的数据、证据和整改链条是否完整一致。,文章案例文本；审计事项清单；问题线索台账；审计证据资料；预算指标表；财政支出明细,风险词命中/数据缺失/证据不一致/指标偏离/流程缺陷,命中对象、风险等级、证据资料、核查建议,D:\openclaw-workspace\knowledge\11-杂志文献\四川注册会计师\003.四川省财政厅关于优化资产评估机构备案管理工作的通知.md,P1
MAGAGR-0002-R01,MAGAGR-0002,农业农村审计 / 金融审计 / 财政与政府债务,四川省财政国务院关于深入实施“人工智能+”行动的意见,四川省财政国务院关于深入实施“人工智能+”行动的意见R01规则,按案例主题识别同类事项中的风险特征并生成疑点。,文章案例文本；审计事项清单；问题线索台账；审计证据资料；预算指标表；财政支出明细,风险词命中/数据缺失/证据不一致/指标偏离/流程缺陷,命中对象、风险等级、证据资料、核查建议,D:\openclaw-workspace\knowledge\11-杂志文献\四川注册会计师\003.四川省财政国务院关于深入实施“人工智能+”行动的意见.md,P1
MAGAGR-0002-R02,MAGAGR-0002,农业农村审计 / 金融审计 / 财政与政府债务,四川省财政国务院关于深入实施“人工智能+”行动的意见,四川省财政国务院关于深入实施“人工智能+”行动的意见R02规则,核查案例涉及的数据、证据和整改链条是否完整一致。,文章案例文本；审计事项清单；问题线索台账；审计证据资料；预算指标表；财政支出明细,风险词命中/数据缺失/证据不一致/指标偏离/流程缺陷,命中对象、风险等级、证据资料、核查建议,D:\openclaw-workspace\knowledge\11-杂志文献\四川注册会计师\003.四川省财政国务院关于深入实施“人工智能+”行动的意见.md,P1
MAGSOC-0002-R01,MAGSOC-0002,民生与社保医保 / 预算执行与财政管理 / 招投标与政府采购,推动解决政府采购异常低价问题的通知,推动解决政府采购异常低价问题的通知R01规则,按案例主题识别同类事项中的风险特征并生成疑点。,文章案例文本；审计事项清单；问题线索台账；审计证据资料；预算指标表；财政支出明细,风险词命中/数据缺失/证据不一致/指标偏离/流程缺陷,命中对象、风险等级、证据资料、核查建议,D:\openclaw-workspace\knowledge\11-杂志文献\四川注册会计师\004.关于推动解决政府采购异常低价问题的通知.md,P1
MAGSOC-0002-R02,MAGSOC-0002,民生与社保医保 / 预算执行与财政管理 / 招投标与政府采购,推动解决政府采购异常低价问题的通知,推动解决政府采购异常低价问题的通知R02规则,核查案例涉及的数据、证据和整改链条是否完整一致。,文章案例文本；审计事项清单；问题线索台账；审计证据资料；预算指标表；财政支出明细,风险词命中/数据缺失/证据不一致/指标偏离/流程缺陷,命中对象、风险等级、证据资料、核查建议,D:\openclaw-workspace\knowledge\11-杂志文献\四川注册会计师\004.关于推动解决政府采购异常低价问题的通知.md,P1
MAGFIN-0002-R01,MAGFIN-0002,金融审计 / 国企审计 / 监督检查与经费舞弊,联合开展《小微企业增信会计数据标准(试行版)》深化试点工作的通知,联合开展《小微企业增信会计数据标准(试行版)》深化试点工作的通知R01规则,按案例主题识别同类事项中的风险特征并生成疑点。,文章案例文本；审计事项清单；问题线索台账；审计证据资料；内控制度；会计凭证,风险词命中/数据缺失/证据不一致/指标偏离/流程缺陷,命中对象、风险等级、证据资料、核查建议,D:\openclaw-workspace\knowledge\11-杂志文献\四川注册会计师\004.关于联合开展《小微企业增信会计数据标准(试行版)》深化试点工作的通知.md,P1
MAGFIN-0002-R02,MAGFIN-0002,金融审计 / 国企审计 / 监督检查与经费舞弊,联合开展《小微企业增信会计数据标准(试行版)》深化试点工作的通知,联合开展《小微企业增信会计数据标准(试行版)》深化试点工作的通知R02规则,核查案例涉及的数据、证据和整改链条是否完整一致。,文章案例文本；审计事项清单；问题线索台账；审计证据资料；内控制度；会计凭证,风险词命中/数据缺失/证据不一致/指标偏离/流程缺陷,命中对象、风险等级、证据资料、核查建议,D:\openclaw-workspace\knowledge\11-杂志文献\四川注册会计师\004.关于联合开展《小微企业增信会计数据标准(试行版)》深化试点工作的通知.md,P1
MAGFIN-0003-R01,MAGFIN-0003,金融审计 / 国企审计 / 监督检查与经费舞弊,国务院办公厅转发财政部《关于规范政府和社会资本合作存量项目建设和运营的指,国务院办公厅转发财政部《关于规范政府和社会资本合作存量项目建设和运营的指R01规则,按案例主题识别同类事项中的风险特征并生成疑点。,文章案例文本；审计事项清单；问题线索台账；审计证据资料；预算指标表；财政支出明细,风险词命中/数据缺失/证据不一致/指标偏离/流程缺陷,命中对象、风险等级、证据资料、核查建议,D:\openclaw-workspace\knowledge\11-杂志文献\四川注册会计师\004.国务院办公厅转发财政部《关于规范政府和社会资本合作存量项目建设和运营的指导意见》的通知.md,P1
MAGFIN-0003-R02,MAGFIN-0003,金融审计 / 国企审计 / 监督检查与经费舞弊,国务院办公厅转发财政部《关于规范政府和社会资本合作存量项目建设和运营的指,国务院办公厅转发财政部《关于规范政府和社会资本合作存量项目建设和运营的指R02规则,核查案例涉及的数据、证据和整改链条是否完整一致。,文章案例文本；审计事项清单；问题线索台账；审计证据资料；预算指标表；财政支出明细,风险词命中/数据缺失/证据不一致/指标偏离/流程缺陷,命中对象、风险等级、证据资料、核查建议,D:\openclaw-workspace\knowledge\11-杂志文献\四川注册会计师\004.国务院办公厅转发财政部《关于规范政府和社会资本合作存量项目建设和运营的指导意见》的通知.md,P1
MAGSOC-0003-R01,MAGSOC-0003,民生与社保医保 / 预算执行与财政管理 / 招投标与政府采购,中华人民共和国国务院令,中华人民共和国国务院令R01规则,按案例主题识别同类事项中的风险特征并生成疑点。,文章案例文本；审计事项清单；问题线索台账；审计证据资料；预算指标表；财政支出明细,风险词命中/数据缺失/证据不一致/指标偏离/流程缺陷,命中对象、风险等级、证据资料、核查建议,D:\openclaw-workspace\knowledge\11-杂志文献\四川注册会计师\005.中华人民共和国国务院令.md,P1
MAGSOC-0003-R02,MAGSOC-0003,民生与社保医保 / 预算执行与财政管理 / 招投标与政府采购,中华人民共和国国务院令,中华人民共和国国务院令R02规则,核查案例涉及的数据、证据和整改链条是否完整一致。,文章案例文本；审计事项清单；问题线索台账；审计证据资料；预算指标表；财政支出明细,风险词命中/数据缺失/证据不一致/指标偏离/流程缺陷,命中对象、风险等级、证据资料、核查建议,D:\openclaw-workspace\knowledge\11-杂志文献\四川注册会计师\005.中华人民共和国国务院令.md,P1
MAGBUD-0001-R01,MAGBUD-0001,预算执行与财政管理 / 财政与政府债务 / 绩效评价,印发《支持学前教育发展资金管理办法》的通知（正文扫描不完整）,印发《支持学前教育发展资金管理办法》的通知（正文扫描不完整）R01规则,按案例主题识别同类事项中的风险特征并生成疑点。,文章案例文本；审计事项清单；问题线索台账；审计证据资料；预算指标表；财政支出明细,风险词命中/数据缺失/证据不一致/指标偏离/流程缺陷,命中对象、风险等级、证据资料、核查建议,D:\openclaw-workspace\knowledge\11-杂志文献\四川注册会计师\005.关于印发《支持学前教育发展资金管理办法》的通知（正文扫描不完整）.md,P1
MAGBUD-0001-R02,MAGBUD-0001,预算执行与财政管理 / 财政与政府债务 / 绩效评价,印发《支持学前教育发展资金管理办法》的通知（正文扫描不完整）,印发《支持学前教育发展资金管理办法》的通知（正文扫描不完整）R02规则,核查案例涉及的数据、证据和整改链条是否完整一致。,文章案例文本；审计事项清单；问题线索台账；审计证据资料；预算指标表；财政支出明细,风险词命中/数据缺失/证据不一致/指标偏离/流程缺陷,命中对象、风险等级、证据资料、核查建议,D:\openclaw-workspace\knowledge\11-杂志文献\四川注册会计师\005.关于印发《支持学前教育发展资金管理办法》的通知（正文扫描不完整）.md,P1
MAGAGR-0003-R01,MAGAGR-0003,农业农村审计 / 金融审计 / 财政与政府债务,实施中小微企业贷款贴息政策的通知,实施中小微企业贷款贴息政策的通知R01规则,按案例主题识别同类事项中的风险特征并生成疑点。,文章案例文本；审计事项清单；问题线索台账；审计证据资料；预算指标表；财政支出明细,风险词命中/数据缺失/证据不一致/指标偏离/流程缺陷,命中对象、风险等级、证据资料、核查建议,D:\openclaw-workspace\knowledge\11-杂志文献\四川注册会计师\005.关于实施中小微企业贷款贴息政策的通知.md,P1
MAGAGR-0003-R02,MAGAGR-0003,农业农村审计 / 金融审计 / 财政与政府债务,实施中小微企业贷款贴息政策的通知,实施中小微企业贷款贴息政策的通知R02规则,核查案例涉及的数据、证据和整改链条是否完整一致。,文章案例文本；审计事项清单；问题线索台账；审计证据资料；预算指标表；财政支出明细,风险词命中/数据缺失/证据不一致/指标偏离/流程缺陷,命中对象、风险等级、证据资料、核查建议,D:\openclaw-workspace\knowledge\11-杂志文献\四川注册会计师\005.关于实施中小微企业贷款贴息政策的通知.md,P1
MAGDATA-0001-R01,MAGDATA-0001,全场景通用,权益法下未确认投资净损失会计处理探讨,权益法下未确认投资净损失会计处理探讨R01规则,按案例主题识别同类事项中的风险特征并生成疑点。,文章案例文本；审计事项清单；问题线索台账；审计证据资料；内控制度；会计凭证,风险词命中/数据缺失/证据不一致/指标偏离/流程缺陷,命中对象、风险等级、证据资料、核查建议,D:\openclaw-workspace\knowledge\11-杂志文献\四川注册会计师\005.权益法下未确认投资净损失会计处理探讨.md,P1
MAGDATA-0001-R02,MAGDATA-0001,全场景通用,权益法下未确认投资净损失会计处理探讨,权益法下未确认投资净损失会计处理探讨R02规则,核查案例涉及的数据、证据和整改链条是否完整一致。,文章案例文本；审计事项清单；问题线索台账；审计证据资料；内控制度；会计凭证,风险词命中/数据缺失/证据不一致/指标偏离/流程缺陷,命中对象、风险等级、证据资料、核查建议,D:\openclaw-workspace\knowledge\11-杂志文献\四川注册会计师\005.权益法下未确认投资净损失会计处理探讨.md,P1
MAGSUPV-0010-R01,MAGSUPV-0010,监督检查与经费舞弊 / 全场景通用 / 预算执行与财政管理,中国证券监督管理委员会财政部公告,中国证券监督管理委员会财政部公告R01规则,按案例主题识别同类事项中的风险特征并生成疑点。,文章案例文本；审计事项清单；问题线索台账；审计证据资料；预算指标表；财政支出明细,风险词命中/数据缺失/证据不一致/指标偏离/流程缺陷,命中对象、风险等级、证据资料、核查建议,D:\openclaw-workspace\knowledge\11-杂志文献\四川注册会计师\006.中国证券监督管理委员会财政部公告.md,P1
MAGSUPV-0010-R02,MAGSUPV-0010,监督检查与经费舞弊 / 全场景通用 / 预算执行与财政管理,中国证券监督管理委员会财政部公告,中国证券监督管理委员会财政部公告R02规则,核查案例涉及的数据、证据和整改链条是否完整一致。,文章案例文本；审计事项清单；问题线索台账；审计证据资料；预算指标表；财政支出明细,风险词命中/数据缺失/证据不一致/指标偏离/流程缺陷,命中对象、风险等级、证据资料、核查建议,D:\openclaw-workspace\knowledge\11-杂志文献\四川注册会计师\006.中国证券监督管理委员会财政部公告.md,P1
MAGSUPV-0011-R01,MAGSUPV-0011,监督检查与经费舞弊 / 全场景通用 / 金融审计,全面提升综合专业服务能力赋能经济社会高质量发展,全面提升综合专业服务能力赋能经济社会高质量发展R01规则,按案例主题识别同类事项中的风险特征并生成疑点。,文章案例文本；审计事项清单；问题线索台账；审计证据资料；内控制度；会计凭证,风险词命中/数据缺失/证据不一致/指标偏离/流程缺陷,命中对象、风险等级、证据资料、核查建议,D:\openclaw-workspace\knowledge\11-杂志文献\四川注册会计师\006.全面提升综合专业服务能力赋能经济社会高质量发展.md,P0
MAGSUPV-0011-R02,MAGSUPV-0011,监督检查与经费舞弊 / 全场景通用 / 金融审计,全面提升综合专业服务能力赋能经济社会高质量发展,全面提升综合专业服务能力赋能经济社会高质量发展R02规则,核查案例涉及的数据、证据和整改链条是否完整一致。,文章案例文本；审计事项清单；问题线索台账；审计证据资料；内控制度；会计凭证,风险词命中/数据缺失/证据不一致/指标偏离/流程缺陷,命中对象、风险等级、证据资料、核查建议,D:\openclaw-workspace\knowledge\11-杂志文献\四川注册会计师\006.全面提升综合专业服务能力赋能经济社会高质量发展.md,P0
MAGSOC-0004-R01,MAGSOC-0004,民生与社保医保 / 预算执行与财政管理 / 招投标与政府采购,金融支持新型工业化的指导意见,金融支持新型工业化的指导意见R01规则,按案例主题识别同类事项中的风险特征并生成疑点。,文章案例文本；审计事项清单；问题线索台账；审计证据资料；预算指标表；财政支出明细,风险词命中/数据缺失/证据不一致/指标偏离/流程缺陷,命中对象、风险等级、证据资料、核查建议,D:\openclaw-workspace\knowledge\11-杂志文献\四川注册会计师\006.关于金融支持新型工业化的指导意见.md,P1
MAGSOC-0004-R02,MAGSOC-0004,民生与社保医保 / 预算执行与财政管理 / 招投标与政府采购,金融支持新型工业化的指导意见,金融支持新型工业化的指导意见R02规则,核查案例涉及的数据、证据和整改链条是否完整一致。,文章案例文本；审计事项清单；问题线索台账；审计证据资料；预算指标表；财政支出明细,风险词命中/数据缺失/证据不一致/指标偏离/流程缺陷,命中对象、风险等级、证据资料、核查建议,D:\openclaw-workspace\knowledge\11-杂志文献\四川注册会计师\006.关于金融支持新型工业化的指导意见.md,P1
MAGSUPV-0012-R01,MAGSUPV-0012,监督检查与经费舞弊 / 全场景通用 / 金融审计,社会组织评估管理办法,社会组织评估管理办法R01规则,按案例主题识别同类事项中的风险特征并生成疑点。,文章案例文本；审计事项清单；问题线索台账；审计证据资料；内控制度；会计凭证,风险词命中/数据缺失/证据不一致/指标偏离/流程缺陷,命中对象、风险等级、证据资料、核查建议,D:\openclaw-workspace\knowledge\11-杂志文献\四川注册会计师\006.社会组织评估管理办法.md,P1
MAGSUPV-0012-R02,MAGSUPV-0012,监督检查与经费舞弊 / 全场景通用 / 金融审计,社会组织评估管理办法,社会组织评估管理办法R02规则,核查案例涉及的数据、证据和整改链条是否完整一致。,文章案例文本；审计事项清单；问题线索台账；审计证据资料；内控制度；会计凭证,风险词命中/数据缺失/证据不一致/指标偏离/流程缺陷,命中对象、风险等级、证据资料、核查建议,D:\openclaw-workspace\knowledge\11-杂志文献\四川注册会计师\006.社会组织评估管理办法.md,P1
MAGTAX-0002-R01,MAGTAX-0002,税务审计 / 预算执行与财政管理 / 财政与政府债务,完善增值税期末留抵退税政策的公告,完善增值税期末留抵退税政策的公告R01规则,按案例主题识别同类事项中的风险特征并生成疑点。,文章案例文本；审计事项清单；问题线索台账；审计证据资料；预算指标表；财政支出明细,风险词命中/数据缺失/证据不一致/指标偏离/流程缺陷,命中对象、风险等级、证据资料、核查建议,D:\openclaw-workspace\knowledge\11-杂志文献\四川注册会计师\007.关于完善增值税期末留抵退税政策的公告.md,P1
MAGTAX-0002-R02,MAGTAX-0002,税务审计 / 预算执行与财政管理 / 财政与政府债务,完善增值税期末留抵退税政策的公告,完善增值税期末留抵退税政策的公告R02规则,核查案例涉及的数据、证据和整改链条是否完整一致。,文章案例文本；审计事项清单；问题线索台账；审计证据资料；预算指标表；财政支出明细,风险词命中/数据缺失/证据不一致/指标偏离/流程缺陷,命中对象、风险等级、证据资料、核查建议,D:\openclaw-workspace\knowledge\11-杂志文献\四川注册会计师\007.关于完善增值税期末留抵退税政策的公告.md,P1
MAGENG-0001-R01,MAGENG-0001,工程与投资审计 / 招投标与政府采购 / 财政与政府债务,制度升级筑牢防线监督制衡守护公益,制度升级筑牢防线监督制衡守护公益R01规则,按案例主题识别同类事项中的风险特征并生成疑点。,文章案例文本；审计事项清单；问题线索台账；审计证据资料；预算指标表；财政支出明细,风险词命中/数据缺失/证据不一致/指标偏离/流程缺陷,命中对象、风险等级、证据资料、核查建议,D:\openclaw-workspace\knowledge\11-杂志文献\四川注册会计师\007.制度升级筑牢防线监督制衡守护公益.md,P1
MAGENG-0001-R02,MAGENG-0001,工程与投资审计 / 招投标与政府采购 / 财政与政府债务,制度升级筑牢防线监督制衡守护公益,制度升级筑牢防线监督制衡守护公益R02规则,核查案例涉及的数据、证据和整改链条是否完整一致。,文章案例文本；审计事项清单；问题线索台账；审计证据资料；预算指标表；财政支出明细,风险词命中/数据缺失/证据不一致/指标偏离/流程缺陷,命中对象、风险等级、证据资料、核查建议,D:\openclaw-workspace\knowledge\11-杂志文献\四川注册会计师\007.制度升级筑牢防线监督制衡守护公益.md,P1
MAGFIN-0004-R01,MAGFIN-0004,金融审计 / 国企审计 / 监督检查与经费舞弊,四川省内部审计条例,四川省内部审计条例R01规则,按案例主题识别同类事项中的风险特征并生成疑点。,文章案例文本；审计事项清单；问题线索台账；审计证据资料；内控制度；会计凭证,风险词命中/数据缺失/证据不一致/指标偏离/流程缺陷,命中对象、风险等级、证据资料、核查建议,D:\openclaw-workspace\knowledge\11-杂志文献\四川注册会计师\007.四川省内部审计条例.md,P1
MAGFIN-0004-R02,MAGFIN-0004,金融审计 / 国企审计 / 监督检查与经费舞弊,四川省内部审计条例,四川省内部审计条例R02规则,核查案例涉及的数据、证据和整改链条是否完整一致。,文章案例文本；审计事项清单；问题线索台账；审计证据资料；内控制度；会计凭证,风险词命中/数据缺失/证据不一致/指标偏离/流程缺陷,命中对象、风险等级、证据资料、核查建议,D:\openclaw-workspace\knowledge\11-杂志文献\四川注册会计师\007.四川省内部审计条例.md,P1
MAGFIN-0005-R01,MAGFIN-0005,金融审计 / 国企审计 / 监督检查与经费舞弊,层次分析法在投资决策中的运用,层次分析法在投资决策中的运用R01规则,按案例主题识别同类事项中的风险特征并生成疑点。,文章案例文本；审计事项清单；问题线索台账；审计证据资料；内控制度；会计凭证,风险词命中/数据缺失/证据不一致/指标偏离/流程缺陷,命中对象、风险等级、证据资料、核查建议,D:\openclaw-workspace\knowledge\11-杂志文献\四川注册会计师\007.层次分析法在投资决策中的运用.md,P1
MAGFIN-0005-R02,MAGFIN-0005,金融审计 / 国企审计 / 监督检查与经费舞弊,层次分析法在投资决策中的运用,层次分析法在投资决策中的运用R02规则,核查案例涉及的数据、证据和整改链条是否完整一致。,文章案例文本；审计事项清单；问题线索台账；审计证据资料；内控制度；会计凭证,风险词命中/数据缺失/证据不一致/指标偏离/流程缺陷,命中对象、风险等级、证据资料、核查建议,D:\openclaw-workspace\knowledge\11-杂志文献\四川注册会计师\007.层次分析法在投资决策中的运用.md,P1
MAGSUPV-0013-R01,MAGSUPV-0013,监督检查与经费舞弊 / 全场景通用 / 金融审计,2025年注册会计师行业短视频展播活动结果揭晓,2025年注册会计师行业短视频展播活动结果揭晓R01规则,按案例主题识别同类事项中的风险特征并生成疑点。,文章案例文本；审计事项清单；问题线索台账；审计证据资料；内控制度；会计凭证,风险词命中/数据缺失/证据不一致/指标偏离/流程缺陷,命中对象、风险等级、证据资料、核查建议,D:\openclaw-workspace\knowledge\11-杂志文献\四川注册会计师\008.2025年注册会计师行业短视频展播活动结果揭晓.md,P1
MAGSUPV-0013-R02,MAGSUPV-0013,监督检查与经费舞弊 / 全场景通用 / 金融审计,2025年注册会计师行业短视频展播活动结果揭晓,2025年注册会计师行业短视频展播活动结果揭晓R02规则,核查案例涉及的数据、证据和整改链条是否完整一致。,文章案例文本；审计事项清单；问题线索台账；审计证据资料；内控制度；会计凭证,风险词命中/数据缺失/证据不一致/指标偏离/流程缺陷,命中对象、风险等级、证据资料、核查建议,D:\openclaw-workspace\knowledge\11-杂志文献\四川注册会计师\008.2025年注册会计师行业短视频展播活动结果揭晓.md,P1
MAGSUPV-0014-R01,MAGSUPV-0014,监督检查与经费舞弊 / 全场景通用 / 金融审计,从标准出发：会计师事务所基础性标准体系建设的意义和关注点,从标准出发：会计师事务所基础性标准体系建设的意义和关注点R01规则,按案例主题识别同类事项中的风险特征并生成疑点。,文章案例文本；审计事项清单；问题线索台账；审计证据资料；内控制度；会计凭证,风险词命中/数据缺失/证据不一致/指标偏离/流程缺陷,命中对象、风险等级、证据资料、核查建议,D:\openclaw-workspace\knowledge\11-杂志文献\四川注册会计师\008.从标准出发：会计师事务所基础性 标准体系建设的意义和关注点.md,P1
MAGSUPV-0014-R02,MAGSUPV-0014,监督检查与经费舞弊 / 全场景通用 / 金融审计,从标准出发：会计师事务所基础性标准体系建设的意义和关注点,从标准出发：会计师事务所基础性标准体系建设的意义和关注点R02规则,核查案例涉及的数据、证据和整改链条是否完整一致。,文章案例文本；审计事项清单；问题线索台账；审计证据资料；内控制度；会计凭证,风险词命中/数据缺失/证据不一致/指标偏离/流程缺陷,命中对象、风险等级、证据资料、核查建议,D:\openclaw-workspace\knowledge\11-杂志文献\四川注册会计师\008.从标准出发：会计师事务所基础性 标准体系建设的意义和关注点.md,P1
MAGFIN-0006-R01,MAGFIN-0006,金融审计 / 国企审计 / 监督检查与经费舞弊,层次分析法在投资决策中的运用,层次分析法在投资决策中的运用R01规则,按案例主题识别同类事项中的风险特征并生成疑点。,文章案例文本；审计事项清单；问题线索台账；审计证据资料；内控制度；会计凭证,风险词命中/数据缺失/证据不一致/指标偏离/流程缺陷,命中对象、风险等级、证据资料、核查建议,D:\openclaw-workspace\knowledge\11-杂志文献\四川注册会计师\008.层次分析法在投资决策中的运用.md,P1
MAGFIN-0006-R02,MAGFIN-0006,金融审计 / 国企审计 / 监督检查与经费舞弊,层次分析法在投资决策中的运用,层次分析法在投资决策中的运用R02规则,核查案例涉及的数据、证据和整改链条是否完整一致。,文章案例文本；审计事项清单；问题线索台账；审计证据资料；内控制度；会计凭证,风险词命中/数据缺失/证据不一致/指标偏离/流程缺陷,命中对象、风险等级、证据资料、核查建议,D:\openclaw-workspace\knowledge\11-杂志文献\四川注册会计师\008.层次分析法在投资决策中的运用.md,P1
MAGAGR-0004-R01,MAGAGR-0004,农业农村审计 / 金融审计 / 财政与政府债务,浅析地方财税金融发展存在的问题及建议——以Y市为例,浅析地方财税金融发展存在的问题及建议——以Y市为例R01规则,按案例主题识别同类事项中的风险特征并生成疑点。,文章案例文本；审计事项清单；问题线索台账；审计证据资料；预算指标表；财政支出明细,风险词命中/数据缺失/证据不一致/指标偏离/流程缺陷,命中对象、风险等级、证据资料、核查建议,D:\openclaw-workspace\knowledge\11-杂志文献\四川注册会计师\008.浅析地方财税金融发展存在的问题及建议 ——以Y市为例.md,P0
MAGAGR-0004-R02,MAGAGR-0004,农业农村审计 / 金融审计 / 财政与政府债务,浅析地方财税金融发展存在的问题及建议——以Y市为例,浅析地方财税金融发展存在的问题及建议——以Y市为例R02规则,核查案例涉及的数据、证据和整改链条是否完整一致。,文章案例文本；审计事项清单；问题线索台账；审计证据资料；预算指标表；财政支出明细,风险词命中/数据缺失/证据不一致/指标偏离/流程缺陷,命中对象、风险等级、证据资料、核查建议,D:\openclaw-workspace\knowledge\11-杂志文献\四川注册会计师\008.浅析地方财税金融发展存在的问题及建议 ——以Y市为例.md,P0
MAGENG-0002-R01,MAGENG-0002,工程与投资审计 / 招投标与政府采购 / 财政与政府债务,对某一时段履行履约义务确认收入审计风险与应对,对某一时段履行履约义务确认收入审计风险与应对R01规则,按案例主题识别同类事项中的风险特征并生成疑点。,文章案例文本；审计事项清单；问题线索台账；审计证据资料；预算指标表；财政支出明细,风险词命中/数据缺失/证据不一致/指标偏离/流程缺陷,命中对象、风险等级、证据资料、核查建议,D:\openclaw-workspace\knowledge\11-杂志文献\四川注册会计师\009.对某一时段履行履约义务确认收入审计风险与应对.md,P0
MAGENG-0002-R02,MAGENG-0002,工程与投资审计 / 招投标与政府采购 / 财政与政府债务,对某一时段履行履约义务确认收入审计风险与应对,对某一时段履行履约义务确认收入审计风险与应对R02规则,核查案例涉及的数据、证据和整改链条是否完整一致。,文章案例文本；审计事项清单；问题线索台账；审计证据资料；预算指标表；财政支出明细,风险词命中/数据缺失/证据不一致/指标偏离/流程缺陷,命中对象、风险等级、证据资料、核查建议,D:\openclaw-workspace\knowledge\11-杂志文献\四川注册会计师\009.对某一时段履行履约义务确认收入审计风险与应对.md,P0
MAGBUD-0002-R01,MAGBUD-0002,预算执行与财政管理 / 财政与政府债务 / 绩效评价,政府采购中的财务风险防控与审计监督,政府采购中的财务风险防控与审计监督R01规则,按案例主题识别同类事项中的风险特征并生成疑点。,文章案例文本；审计事项清单；问题线索台账；审计证据资料；预算指标表；财政支出明细,风险词命中/数据缺失/证据不一致/指标偏离/流程缺陷,命中对象、风险等级、证据资料、核查建议,D:\openclaw-workspace\knowledge\11-杂志文献\四川注册会计师\009.政府采购中的财务风险防控与审计监督.md,P0
MAGBUD-0002-R02,MAGBUD-0002,预算执行与财政管理 / 财政与政府债务 / 绩效评价,政府采购中的财务风险防控与审计监督,政府采购中的财务风险防控与审计监督R02规则,核查案例涉及的数据、证据和整改链条是否完整一致。,文章案例文本；审计事项清单；问题线索台账；审计证据资料；预算指标表；财政支出明细,风险词命中/数据缺失/证据不一致/指标偏离/流程缺陷,命中对象、风险等级、证据资料、核查建议,D:\openclaw-workspace\knowledge\11-杂志文献\四川注册会计师\009.政府采购中的财务风险防控与审计监督.md,P0
MAGDATA-0002-R01,MAGDATA-0002,全场景通用,省注协第六届理事会信息化委员会第一次会议在成都召开,省注协第六届理事会信息化委员会第一次会议在成都召开R01规则,按案例主题识别同类事项中的风险特征并生成疑点。,文章案例文本；审计事项清单；问题线索台账；审计证据资料；数据相关数据；会计相关数据,风险词命中/数据缺失/证据不一致/指标偏离/流程缺陷,命中对象、风险等级、证据资料、核查建议,D:\openclaw-workspace\knowledge\11-杂志文献\四川注册会计师\009.省注协第六届理事会信息化委员会 第一次会议在成都召开.md,P1
MAGDATA-0002-R02,MAGDATA-0002,全场景通用,省注协第六届理事会信息化委员会第一次会议在成都召开,省注协第六届理事会信息化委员会第一次会议在成都召开R02规则,核查案例涉及的数据、证据和整改链条是否完整一致。,文章案例文本；审计事项清单；问题线索台账；审计证据资料；数据相关数据；会计相关数据,风险词命中/数据缺失/证据不一致/指标偏离/流程缺陷,命中对象、风险等级、证据资料、核查建议,D:\openclaw-workspace\knowledge\11-杂志文献\四川注册会计师\009.省注协第六届理事会信息化委员会 第一次会议在成都召开.md,P1
MAGSUPV-0015-R01,MAGSUPV-0015,监督检查与经费舞弊 / 全场景通用 / 金融审计,社会审计助力国家审计的方法与路径研究,社会审计助力国家审计的方法与路径研究R01规则,按案例主题识别同类事项中的风险特征并生成疑点。,文章案例文本；审计事项清单；问题线索台账；审计证据资料；内控制度；会计凭证,风险词命中/数据缺失/证据不一致/指标偏离/流程缺陷,命中对象、风险等级、证据资料、核查建议,D:\openclaw-workspace\knowledge\11-杂志文献\四川注册会计师\009.社会审计助力国家审计的方法与路径研究.md,P0
MAGSUPV-0015-R02,MAGSUPV-0015,监督检查与经费舞弊 / 全场景通用 / 金融审计,社会审计助力国家审计的方法与路径研究,社会审计助力国家审计的方法与路径研究R02规则,核查案例涉及的数据、证据和整改链条是否完整一致。,文章案例文本；审计事项清单；问题线索台账；审计证据资料；内控制度；会计凭证,风险词命中/数据缺失/证据不一致/指标偏离/流程缺陷,命中对象、风险等级、证据资料、核查建议,D:\openclaw-workspace\knowledge\11-杂志文献\四川注册会计师\009.社会审计助力国家审计的方法与路径研究.md,P0
MAGSUPV-0016-R01,MAGSUPV-0016,监督检查与经费舞弊 / 全场景通用 / 金融审计,2025年“注协杯”四川省大学生会计技能大赛圆满落幕,2025年“注协杯”四川省大学生会计技能大赛圆满落幕R01规则,按案例主题识别同类事项中的风险特征并生成疑点。,文章案例文本；审计事项清单；问题线索台账；审计证据资料；内控制度；会计凭证,风险词命中/数据缺失/证据不一致/指标偏离/流程缺陷,命中对象、风险等级、证据资料、核查建议,D:\openclaw-workspace\knowledge\11-杂志文献\四川注册会计师\010.2025年“注协杯”四川省大学生会计技能大赛圆满落幕.md,P1
MAGSUPV-0016-R02,MAGSUPV-0016,监督检查与经费舞弊 / 全场景通用 / 金融审计,2025年“注协杯”四川省大学生会计技能大赛圆满落幕,2025年“注协杯”四川省大学生会计技能大赛圆满落幕R02规则,核查案例涉及的数据、证据和整改链条是否完整一致。,文章案例文本；审计事项清单；问题线索台账；审计证据资料；内控制度；会计凭证,风险词命中/数据缺失/证据不一致/指标偏离/流程缺陷,命中对象、风险等级、证据资料、核查建议,D:\openclaw-workspace\knowledge\11-杂志文献\四川注册会计师\010.2025年“注协杯”四川省大学生会计技能大赛圆满落幕.md,P1
MAGSUPV-0017-R01,MAGSUPV-0017,监督检查与经费舞弊 / 全场景通用 / 金融审计,以风险为导向以一体化为基石,以风险为导向以一体化为基石R01规则,按案例主题识别同类事项中的风险特征并生成疑点。,文章案例文本；审计事项清单；问题线索台账；审计证据资料；内控制度；会计凭证,风险词命中/数据缺失/证据不一致/指标偏离/流程缺陷,命中对象、风险等级、证据资料、核查建议,D:\openclaw-workspace\knowledge\11-杂志文献\四川注册会计师\010.以风险为导向以一体化为基石.md,P0
MAGSUPV-0017-R02,MAGSUPV-0017,监督检查与经费舞弊 / 全场景通用 / 金融审计,以风险为导向以一体化为基石,以风险为导向以一体化为基石R02规则,核查案例涉及的数据、证据和整改链条是否完整一致。,文章案例文本；审计事项清单；问题线索台账；审计证据资料；内控制度；会计凭证,风险词命中/数据缺失/证据不一致/指标偏离/流程缺陷,命中对象、风险等级、证据资料、核查建议,D:\openclaw-workspace\knowledge\11-杂志文献\四川注册会计师\010.以风险为导向以一体化为基石.md,P0
MAGSUPV-0018-R01,MAGSUPV-0018,监督检查与经费舞弊 / 全场景通用 / 金融审计,四川注协做好“五个坚持”全力助推行业高质量发展,四川注协做好“五个坚持”全力助推行业高质量发展R01规则,按案例主题识别同类事项中的风险特征并生成疑点。,文章案例文本；审计事项清单；问题线索台账；审计证据资料；内控制度；会计凭证,风险词命中/数据缺失/证据不一致/指标偏离/流程缺陷,命中对象、风险等级、证据资料、核查建议,D:\openclaw-workspace\knowledge\11-杂志文献\四川注册会计师\010.四川注协做好“五个坚持”全力助推行业高质量发展.md,P0
MAGSUPV-0018-R02,MAGSUPV-0018,监督检查与经费舞弊 / 全场景通用 / 金融审计,四川注协做好“五个坚持”全力助推行业高质量发展,四川注协做好“五个坚持”全力助推行业高质量发展R02规则,核查案例涉及的数据、证据和整改链条是否完整一致。,文章案例文本；审计事项清单；问题线索台账；审计证据资料；内控制度；会计凭证,风险词命中/数据缺失/证据不一致/指标偏离/流程缺陷,命中对象、风险等级、证据资料、核查建议,D:\openclaw-workspace\knowledge\11-杂志文献\四川注册会计师\010.四川注协做好“五个坚持”全力助推行业高质量发展.md,P0
MAGAGR-0005-R01,MAGAGR-0005,农业农村审计 / 金融审计 / 财政与政府债务,深化经济责任审计：筑牢权力运行监督与高质量发展的重要防线,深化经济责任审计：筑牢权力运行监督与高质量发展的重要防线R01规则,按案例主题识别同类事项中的风险特征并生成疑点。,文章案例文本；审计事项清单；问题线索台账；审计证据资料；预算指标表；财政支出明细,风险词命中/数据缺失/证据不一致/指标偏离/流程缺陷,命中对象、风险等级、证据资料、核查建议,D:\openclaw-workspace\knowledge\11-杂志文献\四川注册会计师\010.深化经济责任审计：筑牢权力运行监督与高质量发展的重要防线.md,P0
MAGAGR-0005-R02,MAGAGR-0005,农业农村审计 / 金融审计 / 财政与政府债务,深化经济责任审计：筑牢权力运行监督与高质量发展的重要防线,深化经济责任审计：筑牢权力运行监督与高质量发展的重要防线R02规则,核查案例涉及的数据、证据和整改链条是否完整一致。,文章案例文本；审计事项清单；问题线索台账；审计证据资料；预算指标表；财政支出明细,风险词命中/数据缺失/证据不一致/指标偏离/流程缺陷,命中对象、风险等级、证据资料、核查建议,D:\openclaw-workspace\knowledge\11-杂志文献\四川注册会计师\010.深化经济责任审计：筑牢权力运行监督与高质量发展的重要防线.md,P0
MAGSUPV-0019-R01,MAGSUPV-0019,监督检查与经费舞弊 / 全场景通用 / 金融审计,中注协提示会计师事务所在2025年年报审计业务中严格遵守独立性要求,中注协提示会计师事务所在2025年年报审计业务中严格遵守独立性要求R01规则,按案例主题识别同类事项中的风险特征并生成疑点。,文章案例文本；审计事项清单；问题线索台账；审计证据资料；内控制度；会计凭证,风险词命中/数据缺失/证据不一致/指标偏离/流程缺陷,命中对象、风险等级、证据资料、核查建议,D:\openclaw-workspace\knowledge\11-杂志文献\四川注册会计师\011.中注协提示会计师事务所在2025年年报审计业务中严格遵守独立性要求.md,P1
MAGSUPV-0019-R02,MAGSUPV-0019,监督检查与经费舞弊 / 全场景通用 / 金融审计,中注协提示会计师事务所在2025年年报审计业务中严格遵守独立性要求,中注协提示会计师事务所在2025年年报审计业务中严格遵守独立性要求R02规则,核查案例涉及的数据、证据和整改链条是否完整一致。,文章案例文本；审计事项清单；问题线索台账；审计证据资料；内控制度；会计凭证,风险词命中/数据缺失/证据不一致/指标偏离/流程缺陷,命中对象、风险等级、证据资料、核查建议,D:\openclaw-workspace\knowledge\11-杂志文献\四川注册会计师\011.中注协提示会计师事务所在2025年年报审计业务中严格遵守独立性要求.md,P1
MAGSUPV-0020-R01,MAGSUPV-0020,监督检查与经费舞弊 / 全场景通用 / 金融审计,四川省注册会计师行业信息化建设现状与对策,四川省注册会计师行业信息化建设现状与对策R01规则,按案例主题识别同类事项中的风险特征并生成疑点。,文章案例文本；审计事项清单；问题线索台账；审计证据资料；内控制度；会计凭证,风险词命中/数据缺失/证据不一致/指标偏离/流程缺陷,命中对象、风险等级、证据资料、核查建议,D:\openclaw-workspace\knowledge\11-杂志文献\四川注册会计师\011.四川省注册会计师行业 信息化建设现状与对策.md,P1
MAGSUPV-0020-R02,MAGSUPV-0020,监督检查与经费舞弊 / 全场景通用 / 金融审计,四川省注册会计师行业信息化建设现状与对策,四川省注册会计师行业信息化建设现状与对策R02规则,核查案例涉及的数据、证据和整改链条是否完整一致。,文章案例文本；审计事项清单；问题线索台账；审计证据资料；内控制度；会计凭证,风险词命中/数据缺失/证据不一致/指标偏离/流程缺陷,命中对象、风险等级、证据资料、核查建议,D:\openclaw-workspace\knowledge\11-杂志文献\四川注册会计师\011.四川省注册会计师行业 信息化建设现状与对策.md,P1
MAGSUPV-0021-R01,MAGSUPV-0021,监督检查与经费舞弊 / 全场景通用 / 金融审计,国际会计师联合会理事会会议在北京召开,国际会计师联合会理事会会议在北京召开R01规则,按案例主题识别同类事项中的风险特征并生成疑点。,文章案例文本；审计事项清单；问题线索台账；审计证据资料；内控制度；会计凭证,风险词命中/数据缺失/证据不一致/指标偏离/流程缺陷,命中对象、风险等级、证据资料、核查建议,D:\openclaw-workspace\knowledge\11-杂志文献\四川注册会计师\011.国际会计师联合会理事会会议在北京召开.md,P1
MAGSUPV-0021-R02,MAGSUPV-0021,监督检查与经费舞弊 / 全场景通用 / 金融审计,国际会计师联合会理事会会议在北京召开,国际会计师联合会理事会会议在北京召开R02规则,核查案例涉及的数据、证据和整改链条是否完整一致。,文章案例文本；审计事项清单；问题线索台账；审计证据资料；内控制度；会计凭证,风险词命中/数据缺失/证据不一致/指标偏离/流程缺陷,命中对象、风险等级、证据资料、核查建议,D:\openclaw-workspace\knowledge\11-杂志文献\四川注册会计师\011.国际会计师联合会理事会会议在北京召开.md,P1
MAGFIN-0007-R01,MAGFIN-0007,金融审计 / 国企审计 / 监督检查与经费舞弊,掩盖资金占用实施财务造假后积极主动供述监管对惠伦晶体案拟从轻罚款合计11,掩盖资金占用实施财务造假后积极主动供述监管对惠伦晶体案拟从轻罚款合计11R01规则,按案例主题识别同类事项中的风险特征并生成疑点。,文章案例文本；审计事项清单；问题线索台账；审计证据资料；内控制度；会计凭证,风险词命中/数据缺失/证据不一致/指标偏离/流程缺陷,命中对象、风险等级、证据资料、核查建议,D:\openclaw-workspace\knowledge\11-杂志文献\四川注册会计师\011.掩盖资金占用实施财务造假后积极主动供述监管对惠伦晶体案拟从轻罚款合计1140万.md,P1
MAGFIN-0007-R02,MAGFIN-0007,金融审计 / 国企审计 / 监督检查与经费舞弊,掩盖资金占用实施财务造假后积极主动供述监管对惠伦晶体案拟从轻罚款合计11,掩盖资金占用实施财务造假后积极主动供述监管对惠伦晶体案拟从轻罚款合计11R02规则,核查案例涉及的数据、证据和整改链条是否完整一致。,文章案例文本；审计事项清单；问题线索台账；审计证据资料；内控制度；会计凭证,风险词命中/数据缺失/证据不一致/指标偏离/流程缺陷,命中对象、风险等级、证据资料、核查建议,D:\openclaw-workspace\knowledge\11-杂志文献\四川注册会计师\011.掩盖资金占用实施财务造假后积极主动供述监管对惠伦晶体案拟从轻罚款合计1140万.md,P1
MAGSUPV-0022-R01,MAGSUPV-0022,监督检查与经费舞弊 / 全场景通用 / 金融审计,省注协发布2025年会计师事务所综合评价前百家信息及分类情况,省注协发布2025年会计师事务所综合评价前百家信息及分类情况R01规则,按案例主题识别同类事项中的风险特征并生成疑点。,文章案例文本；审计事项清单；问题线索台账；审计证据资料；内控制度；会计凭证,风险词命中/数据缺失/证据不一致/指标偏离/流程缺陷,命中对象、风险等级、证据资料、核查建议,D:\openclaw-workspace\knowledge\11-杂志文献\四川注册会计师\012.省注协发布2025年会计师事务所综合评价前百家信息及分类情况.md,P1
MAGSUPV-0022-R02,MAGSUPV-0022,监督检查与经费舞弊 / 全场景通用 / 金融审计,省注协发布2025年会计师事务所综合评价前百家信息及分类情况,省注协发布2025年会计师事务所综合评价前百家信息及分类情况R02规则,核查案例涉及的数据、证据和整改链条是否完整一致。,文章案例文本；审计事项清单；问题线索台账；审计证据资料；内控制度；会计凭证,风险词命中/数据缺失/证据不一致/指标偏离/流程缺陷,命中对象、风险等级、证据资料、核查建议,D:\openclaw-workspace\knowledge\11-杂志文献\四川注册会计师\012.省注协发布2025年会计师事务所综合评价前百家信息及分类情况.md,P1
MAGSUPV-0023-R01,MAGSUPV-0023,监督检查与经费舞弊 / 全场景通用 / 金融审计,省注协约谈会计师事务所警示印章管理问题,省注协约谈会计师事务所警示印章管理问题R01规则,按案例主题识别同类事项中的风险特征并生成疑点。,文章案例文本；审计事项清单；问题线索台账；审计证据资料；内控制度；会计凭证,风险词命中/数据缺失/证据不一致/指标偏离/流程缺陷,命中对象、风险等级、证据资料、核查建议,D:\openclaw-workspace\knowledge\11-杂志文献\四川注册会计师\012.省注协约谈会计师事务所警示印章管理问题.md,P1
MAGSUPV-0023-R02,MAGSUPV-0023,监督检查与经费舞弊 / 全场景通用 / 金融审计,省注协约谈会计师事务所警示印章管理问题,省注协约谈会计师事务所警示印章管理问题R02规则,核查案例涉及的数据、证据和整改链条是否完整一致。,文章案例文本；审计事项清单；问题线索台账；审计证据资料；内控制度；会计凭证,风险词命中/数据缺失/证据不一致/指标偏离/流程缺陷,命中对象、风险等级、证据资料、核查建议,D:\openclaw-workspace\knowledge\11-杂志文献\四川注册会计师\012.省注协约谈会计师事务所警示印章管理问题.md,P1
MAGSUPV-0024-R01,MAGSUPV-0024,监督检查与经费舞弊 / 全场景通用 / 金融审计,筑梦绿茵共育黄般中心小学足球未来,筑梦绿茵共育黄般中心小学足球未来R01规则,按案例主题识别同类事项中的风险特征并生成疑点。,文章案例文本；审计事项清单；问题线索台账；审计证据资料；内控制度；会计凭证,风险词命中/数据缺失/证据不一致/指标偏离/流程缺陷,命中对象、风险等级、证据资料、核查建议,D:\openclaw-workspace\knowledge\11-杂志文献\四川注册会计师\012.筑梦绿茵共育黄般中心小学足球未来.md,P1
MAGSUPV-0024-R02,MAGSUPV-0024,监督检查与经费舞弊 / 全场景通用 / 金融审计,筑梦绿茵共育黄般中心小学足球未来,筑梦绿茵共育黄般中心小学足球未来R02规则,核查案例涉及的数据、证据和整改链条是否完整一致。,文章案例文本；审计事项清单；问题线索台账；审计证据资料；内控制度；会计凭证,风险词命中/数据缺失/证据不一致/指标偏离/流程缺陷,命中对象、风险等级、证据资料、核查建议,D:\openclaw-workspace\knowledge\11-杂志文献\四川注册会计师\012.筑梦绿茵共育黄般中心小学足球未来.md,P1
MAGSUPV-0025-R01,MAGSUPV-0025,监督检查与经费舞弊 / 全场景通用 / 金融审计,信永中和会计师事务所成都分所党委组织开展警示教育主题党日活动,信永中和会计师事务所成都分所党委组织开展警示教育主题党日活动R01规则,按案例主题识别同类事项中的风险特征并生成疑点。,文章案例文本；审计事项清单；问题线索台账；审计证据资料；内控制度；会计凭证,风险词命中/数据缺失/证据不一致/指标偏离/流程缺陷,命中对象、风险等级、证据资料、核查建议,D:\openclaw-workspace\knowledge\11-杂志文献\四川注册会计师\013.信永中和会计师事务所成都分所党委组织开展警示教育主题党日活动.md,P1
MAGSUPV-0025-R02,MAGSUPV-0025,监督检查与经费舞弊 / 全场景通用 / 金融审计,信永中和会计师事务所成都分所党委组织开展警示教育主题党日活动,信永中和会计师事务所成都分所党委组织开展警示教育主题党日活动R02规则,核查案例涉及的数据、证据和整改链条是否完整一致。,文章案例文本；审计事项清单；问题线索台账；审计证据资料；内控制度；会计凭证,风险词命中/数据缺失/证据不一致/指标偏离/流程缺陷,命中对象、风险等级、证据资料、核查建议,D:\openclaw-workspace\knowledge\11-杂志文献\四川注册会计师\013.信永中和会计师事务所成都分所党委组织开展警示教育主题党日活动.md,P1
MAGSUPV-0026-R01,MAGSUPV-0026,监督检查与经费舞弊 / 全场景通用 / 金融审计,我省行业会计知识大赛颁奖仪式顺利举办,我省行业会计知识大赛颁奖仪式顺利举办R01规则,按案例主题识别同类事项中的风险特征并生成疑点。,文章案例文本；审计事项清单；问题线索台账；审计证据资料；内控制度；会计凭证,风险词命中/数据缺失/证据不一致/指标偏离/流程缺陷,命中对象、风险等级、证据资料、核查建议,D:\openclaw-workspace\knowledge\11-杂志文献\四川注册会计师\013.我省行业会计知识大赛颁奖仪式顺利举办.md,P1
MAGSUPV-0026-R02,MAGSUPV-0026,监督检查与经费舞弊 / 全场景通用 / 金融审计,我省行业会计知识大赛颁奖仪式顺利举办,我省行业会计知识大赛颁奖仪式顺利举办R02规则,核查案例涉及的数据、证据和整改链条是否完整一致。,文章案例文本；审计事项清单；问题线索台账；审计证据资料；内控制度；会计凭证,风险词命中/数据缺失/证据不一致/指标偏离/流程缺陷,命中对象、风险等级、证据资料、核查建议,D:\openclaw-workspace\knowledge\11-杂志文献\四川注册会计师\013.我省行业会计知识大赛颁奖仪式顺利举办.md,P1
MAGSUPV-0027-R01,MAGSUPV-0027,监督检查与经费舞弊 / 全场景通用 / 金融审计,省注会中心不断加强行业数据资产业务能力的提升,省注会中心不断加强行业数据资产业务能力的提升R01规则,按案例主题识别同类事项中的风险特征并生成疑点。,文章案例文本；审计事项清单；问题线索台账；审计证据资料；内控制度；会计凭证,风险词命中/数据缺失/证据不一致/指标偏离/流程缺陷,命中对象、风险等级、证据资料、核查建议,D:\openclaw-workspace\knowledge\11-杂志文献\四川注册会计师\013.省注会中心不断加强行业数据资产业务能力的提升.md,P1
MAGSUPV-0027-R02,MAGSUPV-0027,监督检查与经费舞弊 / 全场景通用 / 金融审计,省注会中心不断加强行业数据资产业务能力的提升,省注会中心不断加强行业数据资产业务能力的提升R02规则,核查案例涉及的数据、证据和整改链条是否完整一致。,文章案例文本；审计事项清单；问题线索台账；审计证据资料；内控制度；会计凭证,风险词命中/数据缺失/证据不一致/指标偏离/流程缺陷,命中对象、风险等级、证据资料、核查建议,D:\openclaw-workspace\knowledge\11-杂志文献\四川注册会计师\013.省注会中心不断加强行业数据资产业务能力的提升.md,P1
MAGSOC-0005-R01,MAGSOC-0005,民生与社保医保 / 预算执行与财政管理 / 招投标与政府采购,省注协与成都锦城学院财会学院开展座谈交流,省注协与成都锦城学院财会学院开展座谈交流R01规则,按案例主题识别同类事项中的风险特征并生成疑点。,文章案例文本；审计事项清单；问题线索台账；审计证据资料；预算指标表；财政支出明细,风险词命中/数据缺失/证据不一致/指标偏离/流程缺陷,命中对象、风险等级、证据资料、核查建议,D:\openclaw-workspace\knowledge\11-杂志文献\四川注册会计师\013.省注协与成都锦城学院财会学院开展座谈交流.md,P1
MAGSOC-0005-R02,MAGSOC-0005,民生与社保医保 / 预算执行与财政管理 / 招投标与政府采购,省注协与成都锦城学院财会学院开展座谈交流,省注协与成都锦城学院财会学院开展座谈交流R02规则,核查案例涉及的数据、证据和整改链条是否完整一致。,文章案例文本；审计事项清单；问题线索台账；审计证据资料；预算指标表；财政支出明细,风险词命中/数据缺失/证据不一致/指标偏离/流程缺陷,命中对象、风险等级、证据资料、核查建议,D:\openclaw-workspace\knowledge\11-杂志文献\四川注册会计师\013.省注协与成都锦城学院财会学院开展座谈交流.md,P1
MAGSUPV-0028-R01,MAGSUPV-0028,监督检查与经费舞弊 / 全场景通用 / 金融审计,以史为鉴守初心廉洁执业担使命,以史为鉴守初心廉洁执业担使命R01规则,按案例主题识别同类事项中的风险特征并生成疑点。,文章案例文本；审计事项清单；问题线索台账；审计证据资料；内控制度；会计凭证,风险词命中/数据缺失/证据不一致/指标偏离/流程缺陷,命中对象、风险等级、证据资料、核查建议,D:\openclaw-workspace\knowledge\11-杂志文献\四川注册会计师\014.以史为鉴守初心廉洁执业担使命.md,P1
MAGSUPV-0028-R02,MAGSUPV-0028,监督检查与经费舞弊 / 全场景通用 / 金融审计,以史为鉴守初心廉洁执业担使命,以史为鉴守初心廉洁执业担使命R02规则,核查案例涉及的数据、证据和整改链条是否完整一致。,文章案例文本；审计事项清单；问题线索台账；审计证据资料；内控制度；会计凭证,风险词命中/数据缺失/证据不一致/指标偏离/流程缺陷,命中对象、风险等级、证据资料、核查建议,D:\openclaw-workspace\knowledge\11-杂志文献\四川注册会计师\014.以史为鉴守初心廉洁执业担使命.md,P1
MAGAGR-0006-R01,MAGAGR-0006,农业农村审计 / 金融审计 / 财政与政府债务,在深化改革开放中激发高质量发展动力活力,在深化改革开放中激发高质量发展动力活力R01规则,按案例主题识别同类事项中的风险特征并生成疑点。,文章案例文本；审计事项清单；问题线索台账；审计证据资料；预算指标表；财政支出明细,风险词命中/数据缺失/证据不一致/指标偏离/流程缺陷,命中对象、风险等级、证据资料、核查建议,D:\openclaw-workspace\knowledge\11-杂志文献\四川注册会计师\014.在深化改革开放中激发高质量发展动力活力.md,P1
MAGAGR-0006-R02,MAGAGR-0006,农业农村审计 / 金融审计 / 财政与政府债务,在深化改革开放中激发高质量发展动力活力,在深化改革开放中激发高质量发展动力活力R02规则,核查案例涉及的数据、证据和整改链条是否完整一致。,文章案例文本；审计事项清单；问题线索台账；审计证据资料；预算指标表；财政支出明细,风险词命中/数据缺失/证据不一致/指标偏离/流程缺陷,命中对象、风险等级、证据资料、核查建议,D:\openclaw-workspace\knowledge\11-杂志文献\四川注册会计师\014.在深化改革开放中激发高质量发展动力活力.md,P1
MAGSUPV-0029-R01,MAGSUPV-0029,监督检查与经费舞弊 / 全场景通用 / 金融审计,省注协一月份主要工作动态,省注协一月份主要工作动态R01规则,按案例主题识别同类事项中的风险特征并生成疑点。,文章案例文本；审计事项清单；问题线索台账；审计证据资料；内控制度；会计凭证,风险词命中/数据缺失/证据不一致/指标偏离/流程缺陷,命中对象、风险等级、证据资料、核查建议,D:\openclaw-workspace\knowledge\11-杂志文献\四川注册会计师\014.省注协一月份主要工作动态.md,P1
MAGSUPV-0029-R02,MAGSUPV-0029,监督检查与经费舞弊 / 全场景通用 / 金融审计,省注协一月份主要工作动态,省注协一月份主要工作动态R02规则,核查案例涉及的数据、证据和整改链条是否完整一致。,文章案例文本；审计事项清单；问题线索台账；审计证据资料；内控制度；会计凭证,风险词命中/数据缺失/证据不一致/指标偏离/流程缺陷,命中对象、风险等级、证据资料、核查建议,D:\openclaw-workspace\knowledge\11-杂志文献\四川注册会计师\014.省注协一月份主要工作动态.md,P1
MAGSUPV-0030-R01,MAGSUPV-0030,监督检查与经费舞弊 / 全场景通用 / 金融审计,省注协召开行业数字化共享平台软件产品推介会,省注协召开行业数字化共享平台软件产品推介会R01规则,按案例主题识别同类事项中的风险特征并生成疑点。,文章案例文本；审计事项清单；问题线索台账；审计证据资料；内控制度；会计凭证,风险词命中/数据缺失/证据不一致/指标偏离/流程缺陷,命中对象、风险等级、证据资料、核查建议,D:\openclaw-workspace\knowledge\11-杂志文献\四川注册会计师\014.省注协召开行业数字化共享平台软件产品推介会.md,P1
MAGSUPV-0030-R02,MAGSUPV-0030,监督检查与经费舞弊 / 全场景通用 / 金融审计,省注协召开行业数字化共享平台软件产品推介会,省注协召开行业数字化共享平台软件产品推介会R02规则,核查案例涉及的数据、证据和整改链条是否完整一致。,文章案例文本；审计事项清单；问题线索台账；审计证据资料；内控制度；会计凭证,风险词命中/数据缺失/证据不一致/指标偏离/流程缺陷,命中对象、风险等级、证据资料、核查建议,D:\openclaw-workspace\knowledge\11-杂志文献\四川注册会计师\014.省注协召开行业数字化共享平台软件产品推介会.md,P1
MAGSUPV-0031-R01,MAGSUPV-0031,监督检查与经费舞弊 / 全场景通用 / 金融审计,三大新态势凸显监管加码打击财务造假,三大新态势凸显监管加码打击财务造假R01规则,按案例主题识别同类事项中的风险特征并生成疑点。,文章案例文本；审计事项清单；问题线索台账；审计证据资料；内控制度；会计凭证,风险词命中/数据缺失/证据不一致/指标偏离/流程缺陷,命中对象、风险等级、证据资料、核查建议,D:\openclaw-workspace\knowledge\11-杂志文献\四川注册会计师\015.三大新态势凸显监管加码打击财务造假.md,P1
MAGSUPV-0031-R02,MAGSUPV-0031,监督检查与经费舞弊 / 全场景通用 / 金融审计,三大新态势凸显监管加码打击财务造假,三大新态势凸显监管加码打击财务造假R02规则,核查案例涉及的数据、证据和整改链条是否完整一致。,文章案例文本；审计事项清单；问题线索台账；审计证据资料；内控制度；会计凭证,风险词命中/数据缺失/证据不一致/指标偏离/流程缺陷,命中对象、风险等级、证据资料、核查建议,D:\openclaw-workspace\knowledge\11-杂志文献\四川注册会计师\015.三大新态势凸显监管加码打击财务造假.md,P1
MAGSUPV-0032-R01,MAGSUPV-0032,监督检查与经费舞弊 / 全场景通用 / 金融审计,以案为鉴知敬畏警钟长鸣筑防线,以案为鉴知敬畏警钟长鸣筑防线R01规则,按案例主题识别同类事项中的风险特征并生成疑点。,文章案例文本；审计事项清单；问题线索台账；审计证据资料；内控制度；会计凭证,风险词命中/数据缺失/证据不一致/指标偏离/流程缺陷,命中对象、风险等级、证据资料、核查建议,D:\openclaw-workspace\knowledge\11-杂志文献\四川注册会计师\015.以案为鉴知敬畏警钟长鸣筑防线.md,P1
MAGSUPV-0032-R02,MAGSUPV-0032,监督检查与经费舞弊 / 全场景通用 / 金融审计,以案为鉴知敬畏警钟长鸣筑防线,以案为鉴知敬畏警钟长鸣筑防线R02规则,核查案例涉及的数据、证据和整改链条是否完整一致。,文章案例文本；审计事项清单；问题线索台账；审计证据资料；内控制度；会计凭证,风险词命中/数据缺失/证据不一致/指标偏离/流程缺陷,命中对象、风险等级、证据资料、核查建议,D:\openclaw-workspace\knowledge\11-杂志文献\四川注册会计师\015.以案为鉴知敬畏警钟长鸣筑防线.md,P1
MAGSUPV-0033-R01,MAGSUPV-0033,监督检查与经费舞弊 / 全场景通用 / 金融审计,注册会计师行业“十四五”规划实施评估报告,注册会计师行业“十四五”规划实施评估报告R01规则,按案例主题识别同类事项中的风险特征并生成疑点。,文章案例文本；审计事项清单；问题线索台账；审计证据资料；内控制度；会计凭证,风险词命中/数据缺失/证据不一致/指标偏离/流程缺陷,命中对象、风险等级、证据资料、核查建议,D:\openclaw-workspace\knowledge\11-杂志文献\四川注册会计师\015.注册会计师行业“十四五”规划实施评估报告.md,P0
MAGSUPV-0033-R02,MAGSUPV-0033,监督检查与经费舞弊 / 全场景通用 / 金融审计,注册会计师行业“十四五”规划实施评估报告,注册会计师行业“十四五”规划实施评估报告R02规则,核查案例涉及的数据、证据和整改链条是否完整一致。,文章案例文本；审计事项清单；问题线索台账；审计证据资料；内控制度；会计凭证,风险词命中/数据缺失/证据不一致/指标偏离/流程缺陷,命中对象、风险等级、证据资料、核查建议,D:\openclaw-workspace\knowledge\11-杂志文献\四川注册会计师\015.注册会计师行业“十四五”规划实施评估报告.md,P0
MAGDATA-0003-R01,MAGDATA-0003,全场景通用,省注协召开二届三次监事会会议,省注协召开二届三次监事会会议R01规则,按案例主题识别同类事项中的风险特征并生成疑点。,文章案例文本；审计事项清单；问题线索台账；审计证据资料；会计相关数据,风险词命中/数据缺失/证据不一致/指标偏离/流程缺陷,命中对象、风险等级、证据资料、核查建议,D:\openclaw-workspace\knowledge\11-杂志文献\四川注册会计师\015.省注协召开二届三次监事会会议.md,P1
MAGDATA-0003-R02,MAGDATA-0003,全场景通用,省注协召开二届三次监事会会议,省注协召开二届三次监事会会议R02规则,核查案例涉及的数据、证据和整改链条是否完整一致。,文章案例文本；审计事项清单；问题线索台账；审计证据资料；会计相关数据,风险词命中/数据缺失/证据不一致/指标偏离/流程缺陷,命中对象、风险等级、证据资料、核查建议,D:\openclaw-workspace\knowledge\11-杂志文献\四川注册会计师\015.省注协召开二届三次监事会会议.md,P1
MAGSUPV-0034-R01,MAGSUPV-0034,监督检查与经费舞弊 / 全场景通用 / 金融审计,中国会计报》会计师事务所透明度建设迈出关键一步,中国会计报》会计师事务所透明度建设迈出关键一步R01规则,按案例主题识别同类事项中的风险特征并生成疑点。,文章案例文本；审计事项清单；问题线索台账；审计证据资料；内控制度；会计凭证,风险词命中/数据缺失/证据不一致/指标偏离/流程缺陷,命中对象、风险等级、证据资料、核查建议,D:\openclaw-workspace\knowledge\11-杂志文献\四川注册会计师\016.《中国会计报》会计师事务所透明度建设迈出关键一步.md,P1
MAGSUPV-0034-R02,MAGSUPV-0034,监督检查与经费舞弊 / 全场景通用 / 金融审计,中国会计报》会计师事务所透明度建设迈出关键一步,中国会计报》会计师事务所透明度建设迈出关键一步R02规则,核查案例涉及的数据、证据和整改链条是否完整一致。,文章案例文本；审计事项清单；问题线索台账；审计证据资料；内控制度；会计凭证,风险词命中/数据缺失/证据不一致/指标偏离/流程缺陷,命中对象、风险等级、证据资料、核查建议,D:\openclaw-workspace\knowledge\11-杂志文献\四川注册会计师\016.《中国会计报》会计师事务所透明度建设迈出关键一步.md,P1
MAGSUPV-0035-R01,MAGSUPV-0035,监督检查与经费舞弊 / 全场景通用 / 金融审计,寻访先贤故居浸润廉洁初心,寻访先贤故居浸润廉洁初心R01规则,按案例主题识别同类事项中的风险特征并生成疑点。,文章案例文本；审计事项清单；问题线索台账；审计证据资料；内控制度；会计凭证,风险词命中/数据缺失/证据不一致/指标偏离/流程缺陷,命中对象、风险等级、证据资料、核查建议,D:\openclaw-workspace\knowledge\11-杂志文献\四川注册会计师\016.寻访先贤故居浸润廉洁初心.md,P1
MAGSUPV-0035-R02,MAGSUPV-0035,监督检查与经费舞弊 / 全场景通用 / 金融审计,寻访先贤故居浸润廉洁初心,寻访先贤故居浸润廉洁初心R02规则,核查案例涉及的数据、证据和整改链条是否完整一致。,文章案例文本；审计事项清单；问题线索台账；审计证据资料；内控制度；会计凭证,风险词命中/数据缺失/证据不一致/指标偏离/流程缺陷,命中对象、风险等级、证据资料、核查建议,D:\openclaw-workspace\knowledge\11-杂志文献\四川注册会计师\016.寻访先贤故居浸润廉洁初心.md,P1
MAGDATA-0004-R01,MAGDATA-0004,全场景通用,盛世阅兵展风采抗战精神永流传,盛世阅兵展风采抗战精神永流传R01规则,按案例主题识别同类事项中的风险特征并生成疑点。,文章案例文本；审计事项清单；问题线索台账；审计证据资料；会计相关数据,风险词命中/数据缺失/证据不一致/指标偏离/流程缺陷,命中对象、风险等级、证据资料、核查建议,D:\openclaw-workspace\knowledge\11-杂志文献\四川注册会计师\016.盛世阅兵展风采抗战精神永流传.md,P1
MAGDATA-0004-R02,MAGDATA-0004,全场景通用,盛世阅兵展风采抗战精神永流传,盛世阅兵展风采抗战精神永流传R02规则,核查案例涉及的数据、证据和整改链条是否完整一致。,文章案例文本；审计事项清单；问题线索台账；审计证据资料；会计相关数据,风险词命中/数据缺失/证据不一致/指标偏离/流程缺陷,命中对象、风险等级、证据资料、核查建议,D:\openclaw-workspace\knowledge\11-杂志文献\四川注册会计师\016.盛世阅兵展风采抗战精神永流传.md,P1
MAGTAX-0003-R01,MAGTAX-0003,税务审计 / 预算执行与财政管理 / 财政与政府债务,省注协监事会与省税协监事会开展座谈交流,省注协监事会与省税协监事会开展座谈交流R01规则,按案例主题识别同类事项中的风险特征并生成疑点。,文章案例文本；审计事项清单；问题线索台账；审计证据资料；预算指标表；财政支出明细,风险词命中/数据缺失/证据不一致/指标偏离/流程缺陷,命中对象、风险等级、证据资料、核查建议,D:\openclaw-workspace\knowledge\11-杂志文献\四川注册会计师\016.省注协监事会与省税协监事会开展座谈交流.md,P1
MAGTAX-0003-R02,MAGTAX-0003,税务审计 / 预算执行与财政管理 / 财政与政府债务,省注协监事会与省税协监事会开展座谈交流,省注协监事会与省税协监事会开展座谈交流R02规则,核查案例涉及的数据、证据和整改链条是否完整一致。,文章案例文本；审计事项清单；问题线索台账；审计证据资料；预算指标表；财政支出明细,风险词命中/数据缺失/证据不一致/指标偏离/流程缺陷,命中对象、风险等级、证据资料、核查建议,D:\openclaw-workspace\knowledge\11-杂志文献\四川注册会计师\016.省注协监事会与省税协监事会开展座谈交流.md,P1
MAGSUPV-0036-R01,MAGSUPV-0036,监督检查与经费舞弊 / 全场景通用 / 金融审计,四川华光会计师事务所赴米易廉政文化主题公园开展警示教育活动,四川华光会计师事务所赴米易廉政文化主题公园开展警示教育活动R01规则,按案例主题识别同类事项中的风险特征并生成疑点。,文章案例文本；审计事项清单；问题线索台账；审计证据资料；内控制度；会计凭证,风险词命中/数据缺失/证据不一致/指标偏离/流程缺陷,命中对象、风险等级、证据资料、核查建议,D:\openclaw-workspace\knowledge\11-杂志文献\四川注册会计师\017.四川华光会计师事务所赴米易廉政文化主题公园开展警示教育活动.md,P1
MAGSUPV-0036-R02,MAGSUPV-0036,监督检查与经费舞弊 / 全场景通用 / 金融审计,四川华光会计师事务所赴米易廉政文化主题公园开展警示教育活动,四川华光会计师事务所赴米易廉政文化主题公园开展警示教育活动R02规则,核查案例涉及的数据、证据和整改链条是否完整一致。,文章案例文本；审计事项清单；问题线索台账；审计证据资料；内控制度；会计凭证,风险词命中/数据缺失/证据不一致/指标偏离/流程缺陷,命中对象、风险等级、证据资料、核查建议,D:\openclaw-workspace\knowledge\11-杂志文献\四川注册会计师\017.四川华光会计师事务所赴米易廉政文化主题公园开展警示教育活动.md,P1
MAGSUPV-0037-R01,MAGSUPV-0037,监督检查与经费舞弊 / 全场景通用 / 金融审计,四川省注册会计师行业组织观看阅兵仪式集锦,四川省注册会计师行业组织观看阅兵仪式集锦R01规则,按案例主题识别同类事项中的风险特征并生成疑点。,文章案例文本；审计事项清单；问题线索台账；审计证据资料；内控制度；会计凭证,风险词命中/数据缺失/证据不一致/指标偏离/流程缺陷,命中对象、风险等级、证据资料、核查建议,D:\openclaw-workspace\knowledge\11-杂志文献\四川注册会计师\017.四川省注册会计师行业组织观看阅兵仪式集锦.md,P1
MAGSUPV-0037-R02,MAGSUPV-0037,监督检查与经费舞弊 / 全场景通用 / 金融审计,四川省注册会计师行业组织观看阅兵仪式集锦,四川省注册会计师行业组织观看阅兵仪式集锦R02规则,核查案例涉及的数据、证据和整改链条是否完整一致。,文章案例文本；审计事项清单；问题线索台账；审计证据资料；内控制度；会计凭证,风险词命中/数据缺失/证据不一致/指标偏离/流程缺陷,命中对象、风险等级、证据资料、核查建议,D:\openclaw-workspace\knowledge\11-杂志文献\四川注册会计师\017.四川省注册会计师行业组织观看阅兵仪式集锦.md,P1
MAGSOC-0006-R01,MAGSOC-0006,民生与社保医保 / 预算执行与财政管理 / 招投标与政府采购,德阳市注会行业党总支组织开展“传承家珍精神以红色教育助发展”主题党日活动,德阳市注会行业党总支组织开展“传承家珍精神以红色教育助发展”主题党日活动R01规则,按案例主题识别同类事项中的风险特征并生成疑点。,文章案例文本；审计事项清单；问题线索台账；审计证据资料；预算指标表；财政支出明细,风险词命中/数据缺失/证据不一致/指标偏离/流程缺陷,命中对象、风险等级、证据资料、核查建议,D:\openclaw-workspace\knowledge\11-杂志文献\四川注册会计师\017.德阳市注会行业党总支组织开展“传承家珍精神以红色教育助发展”主题党日活动.md,P1
MAGSOC-0006-R02,MAGSOC-0006,民生与社保医保 / 预算执行与财政管理 / 招投标与政府采购,德阳市注会行业党总支组织开展“传承家珍精神以红色教育助发展”主题党日活动,德阳市注会行业党总支组织开展“传承家珍精神以红色教育助发展”主题党日活动R02规则,核查案例涉及的数据、证据和整改链条是否完整一致。,文章案例文本；审计事项清单；问题线索台账；审计证据资料；预算指标表；财政支出明细,风险词命中/数据缺失/证据不一致/指标偏离/流程缺陷,命中对象、风险等级、证据资料、核查建议,D:\openclaw-workspace\knowledge\11-杂志文献\四川注册会计师\017.德阳市注会行业党总支组织开展“传承家珍精神以红色教育助发展”主题党日活动.md,P1
MAGDATA-0005-R01,MAGDATA-0005,全场景通用,017巾帼聚力担使命行业妇联绽芳华,017巾帼聚力担使命行业妇联绽芳华R01规则,按案例主题识别同类事项中的风险特征并生成疑点。,文章案例文本；审计事项清单；问题线索台账；审计证据资料；会计相关数据,风险词命中/数据缺失/证据不一致/指标偏离/流程缺陷,命中对象、风险等级、证据资料、核查建议,D:\openclaw-workspace\knowledge\11-杂志文献\四川注册会计师\017巾帼聚力担使命行业妇联绽芳华.md,P1
MAGDATA-0005-R02,MAGDATA-0005,全场景通用,017巾帼聚力担使命行业妇联绽芳华,017巾帼聚力担使命行业妇联绽芳华R02规则,核查案例涉及的数据、证据和整改链条是否完整一致。,文章案例文本；审计事项清单；问题线索台账；审计证据资料；会计相关数据,风险词命中/数据缺失/证据不一致/指标偏离/流程缺陷,命中对象、风险等级、证据资料、核查建议,D:\openclaw-workspace\knowledge\11-杂志文献\四川注册会计师\017巾帼聚力担使命行业妇联绽芳华.md,P1
MAGSUPV-0038-R01,MAGSUPV-0038,监督检查与经费舞弊 / 全场景通用 / 金融审计,党建引领聚合力校企共建促发展,党建引领聚合力校企共建促发展R01规则,按案例主题识别同类事项中的风险特征并生成疑点。,文章案例文本；审计事项清单；问题线索台账；审计证据资料；内控制度；会计凭证,风险词命中/数据缺失/证据不一致/指标偏离/流程缺陷,命中对象、风险等级、证据资料、核查建议,D:\openclaw-workspace\knowledge\11-杂志文献\四川注册会计师\018.党建引领聚合力校企共建促发展.md,P1
MAGSUPV-0038-R02,MAGSUPV-0038,监督检查与经费舞弊 / 全场景通用 / 金融审计,党建引领聚合力校企共建促发展,党建引领聚合力校企共建促发展R02规则,核查案例涉及的数据、证据和整改链条是否完整一致。,文章案例文本；审计事项清单；问题线索台账；审计证据资料；内控制度；会计凭证,风险词命中/数据缺失/证据不一致/指标偏离/流程缺陷,命中对象、风险等级、证据资料、核查建议,D:\openclaw-workspace\knowledge\11-杂志文献\四川注册会计师\018.党建引领聚合力校企共建促发展.md,P1
MAGSUPV-0039-R01,MAGSUPV-0039,监督检查与经费舞弊 / 全场景通用 / 金融审计,四川众益会计师事务所开展从业人员应知应会专业知识考试,四川众益会计师事务所开展从业人员应知应会专业知识考试R01规则,按案例主题识别同类事项中的风险特征并生成疑点。,文章案例文本；审计事项清单；问题线索台账；审计证据资料；内控制度；会计凭证,风险词命中/数据缺失/证据不一致/指标偏离/流程缺陷,命中对象、风险等级、证据资料、核查建议,D:\openclaw-workspace\knowledge\11-杂志文献\四川注册会计师\018.四川众益会计师事务所开展从业人员应知应会专业知识考试.md,P1
MAGSUPV-0039-R02,MAGSUPV-0039,监督检查与经费舞弊 / 全场景通用 / 金融审计,四川众益会计师事务所开展从业人员应知应会专业知识考试,四川众益会计师事务所开展从业人员应知应会专业知识考试R02规则,核查案例涉及的数据、证据和整改链条是否完整一致。,文章案例文本；审计事项清单；问题线索台账；审计证据资料；内控制度；会计凭证,风险词命中/数据缺失/证据不一致/指标偏离/流程缺陷,命中对象、风险等级、证据资料、核查建议,D:\openclaw-workspace\knowledge\11-杂志文献\四川注册会计师\018.四川众益会计师事务所开展从业人员应知应会专业知识考试.md,P1
MAGSUPV-0040-R01,MAGSUPV-0040,监督检查与经费舞弊 / 全场景通用 / 金融审计,天健会计师事务所四川分所举办九三阅兵直播暨科技与军工行业财税专题研讨会,天健会计师事务所四川分所举办九三阅兵直播暨科技与军工行业财税专题研讨会R01规则,按案例主题识别同类事项中的风险特征并生成疑点。,文章案例文本；审计事项清单；问题线索台账；审计证据资料；内控制度；会计凭证,风险词命中/数据缺失/证据不一致/指标偏离/流程缺陷,命中对象、风险等级、证据资料、核查建议,D:\openclaw-workspace\knowledge\11-杂志文献\四川注册会计师\018.天健会计师事务所四川分所举办九三阅兵直播暨科技与军工行业财税专题研讨会.md,P1
MAGSUPV-0040-R02,MAGSUPV-0040,监督检查与经费舞弊 / 全场景通用 / 金融审计,天健会计师事务所四川分所举办九三阅兵直播暨科技与军工行业财税专题研讨会,天健会计师事务所四川分所举办九三阅兵直播暨科技与军工行业财税专题研讨会R02规则,核查案例涉及的数据、证据和整改链条是否完整一致。,文章案例文本；审计事项清单；问题线索台账；审计证据资料；内控制度；会计凭证,风险词命中/数据缺失/证据不一致/指标偏离/流程缺陷,命中对象、风险等级、证据资料、核查建议,D:\openclaw-workspace\knowledge\11-杂志文献\四川注册会计师\018.天健会计师事务所四川分所举办九三阅兵直播暨科技与军工行业财税专题研讨会.md,P1
MAGSUPV-0041-R01,MAGSUPV-0041,监督检查与经费舞弊 / 全场景通用 / 金融审计,锦旗寄深情服务暖人心,锦旗寄深情服务暖人心R01规则,按案例主题识别同类事项中的风险特征并生成疑点。,文章案例文本；审计事项清单；问题线索台账；审计证据资料；内控制度；会计凭证,风险词命中/数据缺失/证据不一致/指标偏离/流程缺陷,命中对象、风险等级、证据资料、核查建议,D:\openclaw-workspace\knowledge\11-杂志文献\四川注册会计师\018.锦旗寄深情服务暖人心.md,P1
MAGSUPV-0041-R02,MAGSUPV-0041,监督检查与经费舞弊 / 全场景通用 / 金融审计,锦旗寄深情服务暖人心,锦旗寄深情服务暖人心R02规则,核查案例涉及的数据、证据和整改链条是否完整一致。,文章案例文本；审计事项清单；问题线索台账；审计证据资料；内控制度；会计凭证,风险词命中/数据缺失/证据不一致/指标偏离/流程缺陷,命中对象、风险等级、证据资料、核查建议,D:\openclaw-workspace\knowledge\11-杂志文献\四川注册会计师\018.锦旗寄深情服务暖人心.md,P1
MAGSUPV-0042-R01,MAGSUPV-0042,监督检查与经费舞弊 / 全场景通用 / 金融审计,党建引领聚合力校企共建促发展,党建引领聚合力校企共建促发展R01规则,按案例主题识别同类事项中的风险特征并生成疑点。,文章案例文本；审计事项清单；问题线索台账；审计证据资料；内控制度；会计凭证,风险词命中/数据缺失/证据不一致/指标偏离/流程缺陷,命中对象、风险等级、证据资料、核查建议,D:\openclaw-workspace\knowledge\11-杂志文献\四川注册会计师\019.党建引领聚合力校企共建促发展.md,P1
MAGSUPV-0042-R02,MAGSUPV-0042,监督检查与经费舞弊 / 全场景通用 / 金融审计,党建引领聚合力校企共建促发展,党建引领聚合力校企共建促发展R02规则,核查案例涉及的数据、证据和整改链条是否完整一致。,文章案例文本；审计事项清单；问题线索台账；审计证据资料；内控制度；会计凭证,风险词命中/数据缺失/证据不一致/指标偏离/流程缺陷,命中对象、风险等级、证据资料、核查建议,D:\openclaw-workspace\knowledge\11-杂志文献\四川注册会计师\019.党建引领聚合力校企共建促发展.md,P1
MAGSUPV-0043-R01,MAGSUPV-0043,监督检查与经费舞弊 / 全场景通用 / 金融审计,四川省注册会计师行业扎实开展警示教育活动,四川省注册会计师行业扎实开展警示教育活动R01规则,按案例主题识别同类事项中的风险特征并生成疑点。,文章案例文本；审计事项清单；问题线索台账；审计证据资料；内控制度；会计凭证,风险词命中/数据缺失/证据不一致/指标偏离/流程缺陷,命中对象、风险等级、证据资料、核查建议,D:\openclaw-workspace\knowledge\11-杂志文献\四川注册会计师\019.四川省注册会计师行业扎实开展警示教育活动.md,P1
MAGSUPV-0043-R02,MAGSUPV-0043,监督检查与经费舞弊 / 全场景通用 / 金融审计,四川省注册会计师行业扎实开展警示教育活动,四川省注册会计师行业扎实开展警示教育活动R02规则,核查案例涉及的数据、证据和整改链条是否完整一致。,文章案例文本；审计事项清单；问题线索台账；审计证据资料；内控制度；会计凭证,风险词命中/数据缺失/证据不一致/指标偏离/流程缺陷,命中对象、风险等级、证据资料、核查建议,D:\openclaw-workspace\knowledge\11-杂志文献\四川注册会计师\019.四川省注册会计师行业扎实开展警示教育活动.md,P1
MAGSUPV-0044-R01,MAGSUPV-0044,监督检查与经费舞弊 / 全场景通用 / 金融审计,瑞马迎新启新章凝心聚力向未来,瑞马迎新启新章凝心聚力向未来R01规则,按案例主题识别同类事项中的风险特征并生成疑点。,文章案例文本；审计事项清单；问题线索台账；审计证据资料；内控制度；会计凭证,风险词命中/数据缺失/证据不一致/指标偏离/流程缺陷,命中对象、风险等级、证据资料、核查建议,D:\openclaw-workspace\knowledge\11-杂志文献\四川注册会计师\019.瑞马迎新启新章凝心聚力向未来.md,P1
MAGSUPV-0044-R02,MAGSUPV-0044,监督检查与经费舞弊 / 全场景通用 / 金融审计,瑞马迎新启新章凝心聚力向未来,瑞马迎新启新章凝心聚力向未来R02规则,核查案例涉及的数据、证据和整改链条是否完整一致。,文章案例文本；审计事项清单；问题线索台账；审计证据资料；内控制度；会计凭证,风险词命中/数据缺失/证据不一致/指标偏离/流程缺陷,命中对象、风险等级、证据资料、核查建议,D:\openclaw-workspace\knowledge\11-杂志文献\四川注册会计师\019.瑞马迎新启新章凝心聚力向未来.md,P1
MAGSUPV-0045-R01,MAGSUPV-0045,监督检查与经费舞弊 / 全场景通用 / 金融审计,筑牢信仰之基弘扬爱国情怀,筑牢信仰之基弘扬爱国情怀R01规则,按案例主题识别同类事项中的风险特征并生成疑点。,文章案例文本；审计事项清单；问题线索台账；审计证据资料；内控制度；会计凭证,风险词命中/数据缺失/证据不一致/指标偏离/流程缺陷,命中对象、风险等级、证据资料、核查建议,D:\openclaw-workspace\knowledge\11-杂志文献\四川注册会计师\019.筑牢信仰之基弘扬爱国情怀.md,P1
MAGSUPV-0045-R02,MAGSUPV-0045,监督检查与经费舞弊 / 全场景通用 / 金融审计,筑牢信仰之基弘扬爱国情怀,筑牢信仰之基弘扬爱国情怀R02规则,核查案例涉及的数据、证据和整改链条是否完整一致。,文章案例文本；审计事项清单；问题线索台账；审计证据资料；内控制度；会计凭证,风险词命中/数据缺失/证据不一致/指标偏离/流程缺陷,命中对象、风险等级、证据资料、核查建议,D:\openclaw-workspace\knowledge\11-杂志文献\四川注册会计师\019.筑牢信仰之基弘扬爱国情怀.md,P1
MAGSUPV-0046-R01,MAGSUPV-0046,监督检查与经费舞弊 / 全场景通用 / 金融审计,信永中和会计师事务所成都分所妇联成立暨第一次代表大会顺利召开,信永中和会计师事务所成都分所妇联成立暨第一次代表大会顺利召开R01规则,按案例主题识别同类事项中的风险特征并生成疑点。,文章案例文本；审计事项清单；问题线索台账；审计证据资料；内控制度；会计凭证,风险词命中/数据缺失/证据不一致/指标偏离/流程缺陷,命中对象、风险等级、证据资料、核查建议,D:\openclaw-workspace\knowledge\11-杂志文献\四川注册会计师\020.信永中和会计师事务所成都分所妇联成立暨第一次代表大会顺利召开.md,P1
MAGSUPV-0046-R02,MAGSUPV-0046,监督检查与经费舞弊 / 全场景通用 / 金融审计,信永中和会计师事务所成都分所妇联成立暨第一次代表大会顺利召开,信永中和会计师事务所成都分所妇联成立暨第一次代表大会顺利召开R02规则,核查案例涉及的数据、证据和整改链条是否完整一致。,文章案例文本；审计事项清单；问题线索台账；审计证据资料；内控制度；会计凭证,风险词命中/数据缺失/证据不一致/指标偏离/流程缺陷,命中对象、风险等级、证据资料、核查建议,D:\openclaw-workspace\knowledge\11-杂志文献\四川注册会计师\020.信永中和会计师事务所成都分所妇联成立暨第一次代表大会顺利召开.md,P1
MAGSUPV-0047-R01,MAGSUPV-0047,监督检查与经费舞弊 / 全场景通用 / 金融审计,四川录永维诚会计师事务所荣获川联中小企业商会两项荣誉,四川录永维诚会计师事务所荣获川联中小企业商会两项荣誉R01规则,按案例主题识别同类事项中的风险特征并生成疑点。,文章案例文本；审计事项清单；问题线索台账；审计证据资料；内控制度；会计凭证,风险词命中/数据缺失/证据不一致/指标偏离/流程缺陷,命中对象、风险等级、证据资料、核查建议,D:\openclaw-workspace\knowledge\11-杂志文献\四川注册会计师\020.四川录永维诚会计师事务所荣获川联中小企业商会两项荣誉.md,P1
MAGSUPV-0047-R02,MAGSUPV-0047,监督检查与经费舞弊 / 全场景通用 / 金融审计,四川录永维诚会计师事务所荣获川联中小企业商会两项荣誉,四川录永维诚会计师事务所荣获川联中小企业商会两项荣誉R02规则,核查案例涉及的数据、证据和整改链条是否完整一致。,文章案例文本；审计事项清单；问题线索台账；审计证据资料；内控制度；会计凭证,风险词命中/数据缺失/证据不一致/指标偏离/流程缺陷,命中对象、风险等级、证据资料、核查建议,D:\openclaw-workspace\knowledge\11-杂志文献\四川注册会计师\020.四川录永维诚会计师事务所荣获川联中小企业商会两项荣誉.md,P1
MAGSUPV-0048-R01,MAGSUPV-0048,监督检查与经费舞弊 / 全场景通用 / 金融审计,弘扬家风树诚信心存敬畏守底线,弘扬家风树诚信心存敬畏守底线R01规则,按案例主题识别同类事项中的风险特征并生成疑点。,文章案例文本；审计事项清单；问题线索台账；审计证据资料；内控制度；会计凭证,风险词命中/数据缺失/证据不一致/指标偏离/流程缺陷,命中对象、风险等级、证据资料、核查建议,D:\openclaw-workspace\knowledge\11-杂志文献\四川注册会计师\020.弘扬家风树诚信心存敬畏守底线.md,P1
MAGSUPV-0048-R02,MAGSUPV-0048,监督检查与经费舞弊 / 全场景通用 / 金融审计,弘扬家风树诚信心存敬畏守底线,弘扬家风树诚信心存敬畏守底线R02规则,核查案例涉及的数据、证据和整改链条是否完整一致。,文章案例文本；审计事项清单；问题线索台账；审计证据资料；内控制度；会计凭证,风险词命中/数据缺失/证据不一致/指标偏离/流程缺陷,命中对象、风险等级、证据资料、核查建议,D:\openclaw-workspace\knowledge\11-杂志文献\四川注册会计师\020.弘扬家风树诚信心存敬畏守底线.md,P1
MAGSUPV-0049-R01,MAGSUPV-0049,监督检查与经费舞弊 / 全场景通用 / 金融审计,铭记血泪历史汲取奋进力量,铭记血泪历史汲取奋进力量R01规则,按案例主题识别同类事项中的风险特征并生成疑点。,文章案例文本；审计事项清单；问题线索台账；审计证据资料；内控制度；会计凭证,风险词命中/数据缺失/证据不一致/指标偏离/流程缺陷,命中对象、风险等级、证据资料、核查建议,D:\openclaw-workspace\knowledge\11-杂志文献\四川注册会计师\020.铭记血泪历史汲取奋进力量.md,P1
MAGSUPV-0049-R02,MAGSUPV-0049,监督检查与经费舞弊 / 全场景通用 / 金融审计,铭记血泪历史汲取奋进力量,铭记血泪历史汲取奋进力量R02规则,核查案例涉及的数据、证据和整改链条是否完整一致。,文章案例文本；审计事项清单；问题线索台账；审计证据资料；内控制度；会计凭证,风险词命中/数据缺失/证据不一致/指标偏离/流程缺陷,命中对象、风险等级、证据资料、核查建议,D:\openclaw-workspace\knowledge\11-杂志文献\四川注册会计师\020.铭记血泪历史汲取奋进力量.md,P1
MAGSUPV-0050-R01,MAGSUPV-0050,监督检查与经费舞弊 / 全场景通用 / 金融审计,光影铭记历史初心照耀未来,光影铭记历史初心照耀未来R01规则,按案例主题识别同类事项中的风险特征并生成疑点。,文章案例文本；审计事项清单；问题线索台账；审计证据资料；内控制度；会计凭证,风险词命中/数据缺失/证据不一致/指标偏离/流程缺陷,命中对象、风险等级、证据资料、核查建议,D:\openclaw-workspace\knowledge\11-杂志文献\四川注册会计师\021.光影铭记历史初心照耀未来.md,P1
MAGSUPV-0050-R02,MAGSUPV-0050,监督检查与经费舞弊 / 全场景通用 / 金融审计,光影铭记历史初心照耀未来,光影铭记历史初心照耀未来R02规则,核查案例涉及的数据、证据和整改链条是否完整一致。,文章案例文本；审计事项清单；问题线索台账；审计证据资料；内控制度；会计凭证,风险词命中/数据缺失/证据不一致/指标偏离/流程缺陷,命中对象、风险等级、证据资料、核查建议,D:\openclaw-workspace\knowledge\11-杂志文献\四川注册会计师\021.光影铭记历史初心照耀未来.md,P1
MAGSUPV-0051-R01,MAGSUPV-0051,监督检查与经费舞弊 / 全场景通用 / 金融审计,多维联动强警示廉洁护航执业路,多维联动强警示廉洁护航执业路R01规则,按案例主题识别同类事项中的风险特征并生成疑点。,文章案例文本；审计事项清单；问题线索台账；审计证据资料；内控制度；会计凭证,风险词命中/数据缺失/证据不一致/指标偏离/流程缺陷,命中对象、风险等级、证据资料、核查建议,D:\openclaw-workspace\knowledge\11-杂志文献\四川注册会计师\021.多维联动强警示廉洁护航执业路.md,P1
MAGSUPV-0051-R02,MAGSUPV-0051,监督检查与经费舞弊 / 全场景通用 / 金融审计,多维联动强警示廉洁护航执业路,多维联动强警示廉洁护航执业路R02规则,核查案例涉及的数据、证据和整改链条是否完整一致。,文章案例文本；审计事项清单；问题线索台账；审计证据资料；内控制度；会计凭证,风险词命中/数据缺失/证据不一致/指标偏离/流程缺陷,命中对象、风险等级、证据资料、核查建议,D:\openclaw-workspace\knowledge\11-杂志文献\四川注册会计师\021.多维联动强警示廉洁护航执业路.md,P1
MAGSUPV-0052-R01,MAGSUPV-0052,监督检查与经费舞弊 / 全场景通用 / 金融审计,拥抱AI驱动未来,拥抱AI驱动未来R01规则,按案例主题识别同类事项中的风险特征并生成疑点。,文章案例文本；审计事项清单；问题线索台账；审计证据资料；内控制度；会计凭证,风险词命中/数据缺失/证据不一致/指标偏离/流程缺陷,命中对象、风险等级、证据资料、核查建议,D:\openclaw-workspace\knowledge\11-杂志文献\四川注册会计师\021.拥抱AI驱动未来.md,P1
MAGSUPV-0052-R02,MAGSUPV-0052,监督检查与经费舞弊 / 全场景通用 / 金融审计,拥抱AI驱动未来,拥抱AI驱动未来R02规则,核查案例涉及的数据、证据和整改链条是否完整一致。,文章案例文本；审计事项清单；问题线索台账；审计证据资料；内控制度；会计凭证,风险词命中/数据缺失/证据不一致/指标偏离/流程缺陷,命中对象、风险等级、证据资料、核查建议,D:\openclaw-workspace\knowledge\11-杂志文献\四川注册会计师\021.拥抱AI驱动未来.md,P1
MAGSUPV-0053-R01,MAGSUPV-0053,监督检查与经费舞弊 / 全场景通用 / 金融审计,四川德文会计师事务所开展2025年度注册会计师诚信宣誓活动,四川德文会计师事务所开展2025年度注册会计师诚信宣誓活动R01规则,按案例主题识别同类事项中的风险特征并生成疑点。,文章案例文本；审计事项清单；问题线索台账；审计证据资料；内控制度；会计凭证,风险词命中/数据缺失/证据不一致/指标偏离/流程缺陷,命中对象、风险等级、证据资料、核查建议,D:\openclaw-workspace\knowledge\11-杂志文献\四川注册会计师\022.四川德文会计师事务所开展2025年度注册会计师诚信宣誓活动.md,P1
MAGSUPV-0053-R02,MAGSUPV-0053,监督检查与经费舞弊 / 全场景通用 / 金融审计,四川德文会计师事务所开展2025年度注册会计师诚信宣誓活动,四川德文会计师事务所开展2025年度注册会计师诚信宣誓活动R02规则,核查案例涉及的数据、证据和整改链条是否完整一致。,文章案例文本；审计事项清单；问题线索台账；审计证据资料；内控制度；会计凭证,风险词命中/数据缺失/证据不一致/指标偏离/流程缺陷,命中对象、风险等级、证据资料、核查建议,D:\openclaw-workspace\knowledge\11-杂志文献\四川注册会计师\022.四川德文会计师事务所开展2025年度注册会计师诚信宣誓活动.md,P1
MAGSUPV-0054-R01,MAGSUPV-0054,监督检查与经费舞弊 / 全场景通用 / 金融审计,天健会计师事务所四川、重庆分所党组织联合四川长虹财务管理部党支部联合开展,天健会计师事务所四川、重庆分所党组织联合四川长虹财务管理部党支部联合开展R01规则,按案例主题识别同类事项中的风险特征并生成疑点。,文章案例文本；审计事项清单；问题线索台账；审计证据资料；内控制度；会计凭证,风险词命中/数据缺失/证据不一致/指标偏离/流程缺陷,命中对象、风险等级、证据资料、核查建议,D:\openclaw-workspace\knowledge\11-杂志文献\四川注册会计师\022.天健会计师事务所四川、重庆分所党组织 联合四川长虹财务管理部党支部联合开展主题党日活动.md,P1
MAGSUPV-0054-R02,MAGSUPV-0054,监督检查与经费舞弊 / 全场景通用 / 金融审计,天健会计师事务所四川、重庆分所党组织联合四川长虹财务管理部党支部联合开展,天健会计师事务所四川、重庆分所党组织联合四川长虹财务管理部党支部联合开展R02规则,核查案例涉及的数据、证据和整改链条是否完整一致。,文章案例文本；审计事项清单；问题线索台账；审计证据资料；内控制度；会计凭证,风险词命中/数据缺失/证据不一致/指标偏离/流程缺陷,命中对象、风险等级、证据资料、核查建议,D:\openclaw-workspace\knowledge\11-杂志文献\四川注册会计师\022.天健会计师事务所四川、重庆分所党组织 联合四川长虹财务管理部党支部联合开展主题党日活动.md,P1
MAGSUPV-0055-R01,MAGSUPV-0055,监督检查与经费舞弊 / 全场景通用 / 金融审计,筑牢廉洁防线护航执业之路,筑牢廉洁防线护航执业之路R01规则,按案例主题识别同类事项中的风险特征并生成疑点。,文章案例文本；审计事项清单；问题线索台账；审计证据资料；内控制度；会计凭证,风险词命中/数据缺失/证据不一致/指标偏离/流程缺陷,命中对象、风险等级、证据资料、核查建议,D:\openclaw-workspace\knowledge\11-杂志文献\四川注册会计师\022.筑牢廉洁防线护航执业之路.md,P1
MAGSUPV-0055-R02,MAGSUPV-0055,监督检查与经费舞弊 / 全场景通用 / 金融审计,筑牢廉洁防线护航执业之路,筑牢廉洁防线护航执业之路R02规则,核查案例涉及的数据、证据和整改链条是否完整一致。,文章案例文本；审计事项清单；问题线索台账；审计证据资料；内控制度；会计凭证,风险词命中/数据缺失/证据不一致/指标偏离/流程缺陷,命中对象、风险等级、证据资料、核查建议,D:\openclaw-workspace\knowledge\11-杂志文献\四川注册会计师\022.筑牢廉洁防线护航执业之路.md,P1
MAGSUPV-0056-R01,MAGSUPV-0056,监督检查与经费舞弊 / 全场景通用 / 金融审计,履职尽责显担当专业赋能助发展,履职尽责显担当专业赋能助发展R01规则,按案例主题识别同类事项中的风险特征并生成疑点。,文章案例文本；审计事项清单；问题线索台账；审计证据资料；内控制度；会计凭证,风险词命中/数据缺失/证据不一致/指标偏离/流程缺陷,命中对象、风险等级、证据资料、核查建议,D:\openclaw-workspace\knowledge\11-杂志文献\四川注册会计师\023.履职尽责显担当专业赋能助发展.md,P1
MAGSUPV-0056-R02,MAGSUPV-0056,监督检查与经费舞弊 / 全场景通用 / 金融审计,履职尽责显担当专业赋能助发展,履职尽责显担当专业赋能助发展R02规则,核查案例涉及的数据、证据和整改链条是否完整一致。,文章案例文本；审计事项清单；问题线索台账；审计证据资料；内控制度；会计凭证,风险词命中/数据缺失/证据不一致/指标偏离/流程缺陷,命中对象、风险等级、证据资料、核查建议,D:\openclaw-workspace\knowledge\11-杂志文献\四川注册会计师\023.履职尽责显担当专业赋能助发展.md,P1
MAGSUPV-0057-R01,MAGSUPV-0057,监督检查与经费舞弊 / 全场景通用 / 金融审计,聚焦赛事直播促学砺行共进,聚焦赛事直播促学砺行共进R01规则,按案例主题识别同类事项中的风险特征并生成疑点。,文章案例文本；审计事项清单；问题线索台账；审计证据资料；内控制度；会计凭证,风险词命中/数据缺失/证据不一致/指标偏离/流程缺陷,命中对象、风险等级、证据资料、核查建议,D:\openclaw-workspace\knowledge\11-杂志文献\四川注册会计师\023.聚焦赛事直播促学砺行共进.md,P1
MAGSUPV-0057-R02,MAGSUPV-0057,监督检查与经费舞弊 / 全场景通用 / 金融审计,聚焦赛事直播促学砺行共进,聚焦赛事直播促学砺行共进R02规则,核查案例涉及的数据、证据和整改链条是否完整一致。,文章案例文本；审计事项清单；问题线索台账；审计证据资料；内控制度；会计凭证,风险词命中/数据缺失/证据不一致/指标偏离/流程缺陷,命中对象、风险等级、证据资料、核查建议,D:\openclaw-workspace\knowledge\11-杂志文献\四川注册会计师\023.聚焦赛事直播促学砺行共进.md,P1
MAGSUPV-0058-R01,MAGSUPV-0058,监督检查与经费舞弊 / 全场景通用 / 金融审计,警示教育守底线诚信执业有担当,警示教育守底线诚信执业有担当R01规则,按案例主题识别同类事项中的风险特征并生成疑点。,文章案例文本；审计事项清单；问题线索台账；审计证据资料；内控制度；会计凭证,风险词命中/数据缺失/证据不一致/指标偏离/流程缺陷,命中对象、风险等级、证据资料、核查建议,D:\openclaw-workspace\knowledge\11-杂志文献\四川注册会计师\023.警示教育守底线诚信执业有担当.md,P1
MAGSUPV-0058-R02,MAGSUPV-0058,监督检查与经费舞弊 / 全场景通用 / 金融审计,警示教育守底线诚信执业有担当,警示教育守底线诚信执业有担当R02规则,核查案例涉及的数据、证据和整改链条是否完整一致。,文章案例文本；审计事项清单；问题线索台账；审计证据资料；内控制度；会计凭证,风险词命中/数据缺失/证据不一致/指标偏离/流程缺陷,命中对象、风险等级、证据资料、核查建议,D:\openclaw-workspace\knowledge\11-杂志文献\四川注册会计师\023.警示教育守底线诚信执业有担当.md,P1
MAGSUPV-0059-R01,MAGSUPV-0059,监督检查与经费舞弊 / 全场景通用 / 金融审计,专业护航情暖人心,专业护航情暖人心R01规则,按案例主题识别同类事项中的风险特征并生成疑点。,文章案例文本；审计事项清单；问题线索台账；审计证据资料；内控制度；会计凭证,风险词命中/数据缺失/证据不一致/指标偏离/流程缺陷,命中对象、风险等级、证据资料、核查建议,D:\openclaw-workspace\knowledge\11-杂志文献\四川注册会计师\024.专业护航情暖人心.md,P1
MAGSUPV-0059-R02,MAGSUPV-0059,监督检查与经费舞弊 / 全场景通用 / 金融审计,专业护航情暖人心,专业护航情暖人心R02规则,核查案例涉及的数据、证据和整改链条是否完整一致。,文章案例文本；审计事项清单；问题线索台账；审计证据资料；内控制度；会计凭证,风险词命中/数据缺失/证据不一致/指标偏离/流程缺陷,命中对象、风险等级、证据资料、核查建议,D:\openclaw-workspace\knowledge\11-杂志文献\四川注册会计师\024.专业护航情暖人心.md,P1
MAGSUPV-0060-R01,MAGSUPV-0060,监督检查与经费舞弊 / 全场景通用 / 金融审计,凝心聚力向未来协作共赢谱新篇,凝心聚力向未来协作共赢谱新篇R01规则,按案例主题识别同类事项中的风险特征并生成疑点。,文章案例文本；审计事项清单；问题线索台账；审计证据资料；内控制度；会计凭证,风险词命中/数据缺失/证据不一致/指标偏离/流程缺陷,命中对象、风险等级、证据资料、核查建议,D:\openclaw-workspace\knowledge\11-杂志文献\四川注册会计师\024.凝心聚力向未来协作共赢谱新篇.md,P1
MAGSUPV-0060-R02,MAGSUPV-0060,监督检查与经费舞弊 / 全场景通用 / 金融审计,凝心聚力向未来协作共赢谱新篇,凝心聚力向未来协作共赢谱新篇R02规则,核查案例涉及的数据、证据和整改链条是否完整一致。,文章案例文本；审计事项清单；问题线索台账；审计证据资料；内控制度；会计凭证,风险词命中/数据缺失/证据不一致/指标偏离/流程缺陷,命中对象、风险等级、证据资料、核查建议,D:\openclaw-workspace\knowledge\11-杂志文献\四川注册会计师\024.凝心聚力向未来协作共赢谱新篇.md,P1
MAGDATA-0006-R01,MAGDATA-0006,全场景通用,凝心聚力启新程砥砺奋进谱新篇,凝心聚力启新程砥砺奋进谱新篇R01规则,按案例主题识别同类事项中的风险特征并生成疑点。,文章案例文本；审计事项清单；问题线索台账；审计证据资料；会计相关数据,风险词命中/数据缺失/证据不一致/指标偏离/流程缺陷,命中对象、风险等级、证据资料、核查建议,D:\openclaw-workspace\knowledge\11-杂志文献\四川注册会计师\024.凝心聚力启新程砥砺奋进谱新篇.md,P1
MAGDATA-0006-R02,MAGDATA-0006,全场景通用,凝心聚力启新程砥砺奋进谱新篇,凝心聚力启新程砥砺奋进谱新篇R02规则,核查案例涉及的数据、证据和整改链条是否完整一致。,文章案例文本；审计事项清单；问题线索台账；审计证据资料；会计相关数据,风险词命中/数据缺失/证据不一致/指标偏离/流程缺陷,命中对象、风险等级、证据资料、核查建议,D:\openclaw-workspace\knowledge\11-杂志文献\四川注册会计师\024.凝心聚力启新程砥砺奋进谱新篇.md,P1
MAGSUPV-0061-R01,MAGSUPV-0061,监督检查与经费舞弊 / 全场景通用 / 金融审计,一名老审计人的自白：我为什么要亲手开发一套管理系统,一名老审计人的自白：我为什么要亲手开发一套管理系统R01规则,按案例主题识别同类事项中的风险特征并生成疑点。,文章案例文本；审计事项清单；问题线索台账；审计证据资料；内控制度；会计凭证,风险词命中/数据缺失/证据不一致/指标偏离/流程缺陷,命中对象、风险等级、证据资料、核查建议,D:\openclaw-workspace\knowledge\11-杂志文献\四川注册会计师\025.一名老审计人的自白：我为什么要亲手开发一套管理系统.md,P1
MAGSUPV-0061-R02,MAGSUPV-0061,监督检查与经费舞弊 / 全场景通用 / 金融审计,一名老审计人的自白：我为什么要亲手开发一套管理系统,一名老审计人的自白：我为什么要亲手开发一套管理系统R02规则,核查案例涉及的数据、证据和整改链条是否完整一致。,文章案例文本；审计事项清单；问题线索台账；审计证据资料；内控制度；会计凭证,风险词命中/数据缺失/证据不一致/指标偏离/流程缺陷,命中对象、风险等级、证据资料、核查建议,D:\openclaw-workspace\knowledge\11-杂志文献\四川注册会计师\025.一名老审计人的自白：我为什么要亲手开发一套管理系统.md,P1
MAGSUPV-0062-R01,MAGSUPV-0062,监督检查与经费舞弊 / 全场景通用 / 金融审计,缅怀先烈砺初心红色基因永传承,缅怀先烈砺初心红色基因永传承R01规则,按案例主题识别同类事项中的风险特征并生成疑点。,文章案例文本；审计事项清单；问题线索台账；审计证据资料；内控制度；会计凭证,风险词命中/数据缺失/证据不一致/指标偏离/流程缺陷,命中对象、风险等级、证据资料、核查建议,D:\openclaw-workspace\knowledge\11-杂志文献\四川注册会计师\025.缅怀先烈砺初心红色基因永传承.md,P1
MAGSUPV-0062-R02,MAGSUPV-0062,监督检查与经费舞弊 / 全场景通用 / 金融审计,缅怀先烈砺初心红色基因永传承,缅怀先烈砺初心红色基因永传承R02规则,核查案例涉及的数据、证据和整改链条是否完整一致。,文章案例文本；审计事项清单；问题线索台账；审计证据资料；内控制度；会计凭证,风险词命中/数据缺失/证据不一致/指标偏离/流程缺陷,命中对象、风险等级、证据资料、核查建议,D:\openclaw-workspace\knowledge\11-杂志文献\四川注册会计师\025.缅怀先烈砺初心红色基因永传承.md,P1
MAGSUPV-0063-R01,MAGSUPV-0063,监督检查与经费舞弊 / 全场景通用 / 金融审计,聚焦风险护航年报,聚焦风险护航年报R01规则,按案例主题识别同类事项中的风险特征并生成疑点。,文章案例文本；审计事项清单；问题线索台账；审计证据资料；内控制度；会计凭证,风险词命中/数据缺失/证据不一致/指标偏离/流程缺陷,命中对象、风险等级、证据资料、核查建议,D:\openclaw-workspace\knowledge\11-杂志文献\四川注册会计师\026.聚焦风险护航年报.md,P0
MAGSUPV-0063-R02,MAGSUPV-0063,监督检查与经费舞弊 / 全场景通用 / 金融审计,聚焦风险护航年报,聚焦风险护航年报R02规则,核查案例涉及的数据、证据和整改链条是否完整一致。,文章案例文本；审计事项清单；问题线索台账；审计证据资料；内控制度；会计凭证,风险词命中/数据缺失/证据不一致/指标偏离/流程缺陷,命中对象、风险等级、证据资料、核查建议,D:\openclaw-workspace\knowledge\11-杂志文献\四川注册会计师\026.聚焦风险护航年报.md,P0
MAGSUPV-0064-R01,MAGSUPV-0064,监督检查与经费舞弊 / 全场景通用 / 金融审计,赋能审计提质增效筑牢合规发展,赋能审计提质增效筑牢合规发展R01规则,按案例主题识别同类事项中的风险特征并生成疑点。,文章案例文本；审计事项清单；问题线索台账；审计证据资料；内控制度；会计凭证,风险词命中/数据缺失/证据不一致/指标偏离/流程缺陷,命中对象、风险等级、证据资料、核查建议,D:\openclaw-workspace\knowledge\11-杂志文献\四川注册会计师\027.赋能审计提质增效筑牢合规发展.md,P1
MAGSUPV-0064-R02,MAGSUPV-0064,监督检查与经费舞弊 / 全场景通用 / 金融审计,赋能审计提质增效筑牢合规发展,赋能审计提质增效筑牢合规发展R02规则,核查案例涉及的数据、证据和整改链条是否完整一致。,文章案例文本；审计事项清单；问题线索台账；审计证据资料；内控制度；会计凭证,风险词命中/数据缺失/证据不一致/指标偏离/流程缺陷,命中对象、风险等级、证据资料、核查建议,D:\openclaw-workspace\knowledge\11-杂志文献\四川注册会计师\027.赋能审计提质增效筑牢合规发展.md,P1
MAGSUPV-0065-R01,MAGSUPV-0065,监督检查与经费舞弊 / 全场景通用 / 金融审计,9,9R01规则,按案例主题识别同类事项中的风险特征并生成疑点。,文章案例文本；审计事项清单；问题线索台账；审计证据资料；内控制度；会计凭证,风险词命中/数据缺失/证据不一致/指标偏离/流程缺陷,命中对象、风险等级、证据资料、核查建议,D:\openclaw-workspace\knowledge\11-杂志文献\四川注册会计师\2025.9.md,P0
MAGSUPV-0065-R02,MAGSUPV-0065,监督检查与经费舞弊 / 全场景通用 / 金融审计,9,9R02规则,核查案例涉及的数据、证据和整改链条是否完整一致。,文章案例文本；审计事项清单；问题线索台账；审计证据资料；内控制度；会计凭证,风险词命中/数据缺失/证据不一致/指标偏离/流程缺陷,命中对象、风险等级、证据资料、核查建议,D:\openclaw-workspace\knowledge\11-杂志文献\四川注册会计师\2025.9.md,P0
MAGSUPV-0066-R01,MAGSUPV-0066,监督检查与经费舞弊 / 全场景通用 / 金融审计,1,1R01规则,按案例主题识别同类事项中的风险特征并生成疑点。,文章案例文本；审计事项清单；问题线索台账；审计证据资料；内控制度；会计凭证,风险词命中/数据缺失/证据不一致/指标偏离/流程缺陷,命中对象、风险等级、证据资料、核查建议,D:\openclaw-workspace\knowledge\11-杂志文献\四川注册会计师\2026.1.md,P0
MAGSUPV-0066-R02,MAGSUPV-0066,监督检查与经费舞弊 / 全场景通用 / 金融审计,1,1R02规则,核查案例涉及的数据、证据和整改链条是否完整一致。,文章案例文本；审计事项清单；问题线索台账；审计证据资料；内控制度；会计凭证,风险词命中/数据缺失/证据不一致/指标偏离/流程缺陷,命中对象、风险等级、证据资料、核查建议,D:\openclaw-workspace\knowledge\11-杂志文献\四川注册会计师\2026.1.md,P0
MAGSUPV-0067-R01,MAGSUPV-0067,监督检查与经费舞弊 / 全场景通用 / 金融审计,2,2R01规则,按案例主题识别同类事项中的风险特征并生成疑点。,文章案例文本；审计事项清单；问题线索台账；审计证据资料；内控制度；会计凭证,风险词命中/数据缺失/证据不一致/指标偏离/流程缺陷,命中对象、风险等级、证据资料、核查建议,D:\openclaw-workspace\knowledge\11-杂志文献\四川注册会计师\2026.2.md,P0
MAGSUPV-0067-R02,MAGSUPV-0067,监督检查与经费舞弊 / 全场景通用 / 金融审计,2,2R02规则,核查案例涉及的数据、证据和整改链条是否完整一致。,文章案例文本；审计事项清单；问题线索台账；审计证据资料；内控制度；会计凭证,风险词命中/数据缺失/证据不一致/指标偏离/流程缺陷,命中对象、风险等级、证据资料、核查建议,D:\openclaw-workspace\knowledge\11-杂志文献\四川注册会计师\2026.2.md,P0
MAGENV-0001-R01,MAGENV-0001,资源环境审计 / 绩效评价 / 财政与政府债务,反垄断法与时俱进护航经济社会高质发展,反垄断法与时俱进护航经济社会高质发展R01规则,按案例主题识别同类事项中的风险特征并生成疑点。,文章案例文本；审计事项清单；问题线索台账；审计证据资料；预算指标表；财政支出明细,风险词命中/数据缺失/证据不一致/指标偏离/流程缺陷,命中对象、风险等级、证据资料、核查建议,D:\openclaw-workspace\knowledge\11-杂志文献\审计观察\1.反垄断法与时俱进护航经济社会高质发展.md,P0
MAGENV-0001-R02,MAGENV-0001,资源环境审计 / 绩效评价 / 财政与政府债务,反垄断法与时俱进护航经济社会高质发展,反垄断法与时俱进护航经济社会高质发展R02规则,核查案例涉及的数据、证据和整改链条是否完整一致。,文章案例文本；审计事项清单；问题线索台账；审计证据资料；预算指标表；财政支出明细,风险词命中/数据缺失/证据不一致/指标偏离/流程缺陷,命中对象、风险等级、证据资料、核查建议,D:\openclaw-workspace\knowledge\11-杂志文献\审计观察\1.反垄断法与时俱进护航经济社会高质发展.md,P0
MAGFIN-0008-R01,MAGFIN-0008,金融审计 / 国企审计 / 监督检查与经费舞弊,美国审计署优先建议信函的主要内容及特点,美国审计署优先建议信函的主要内容及特点R01规则,按案例主题识别同类事项中的风险特征并生成疑点。,文章案例文本；审计事项清单；问题线索台账；审计证据资料；内控制度；会计凭证,风险词命中/数据缺失/证据不一致/指标偏离/流程缺陷,命中对象、风险等级、证据资料、核查建议,D:\openclaw-workspace\knowledge\11-杂志文献\审计观察\10.美国审计署优先建议信函的 主要内容及特点.md,P0
MAGFIN-0008-R02,MAGFIN-0008,金融审计 / 国企审计 / 监督检查与经费舞弊,美国审计署优先建议信函的主要内容及特点,美国审计署优先建议信函的主要内容及特点R02规则,核查案例涉及的数据、证据和整改链条是否完整一致。,文章案例文本；审计事项清单；问题线索台账；审计证据资料；内控制度；会计凭证,风险词命中/数据缺失/证据不一致/指标偏离/流程缺陷,命中对象、风险等级、证据资料、核查建议,D:\openclaw-workspace\knowledge\11-杂志文献\审计观察\10.美国审计署优先建议信函的 主要内容及特点.md,P0
MAGENV-0002-R01,MAGENV-0002,资源环境审计 / 绩效评价 / 财政与政府债务,数字法治政府建设中区块链的引入与适用路径,数字法治政府建设中区块链的引入与适用路径R01规则,按案例主题识别同类事项中的风险特征并生成疑点。,文章案例文本；审计事项清单；问题线索台账；审计证据资料；预算指标表；财政支出明细,风险词命中/数据缺失/证据不一致/指标偏离/流程缺陷,命中对象、风险等级、证据资料、核查建议,D:\openclaw-workspace\knowledge\11-杂志文献\审计观察\11.数字法治政府建设中区块链的引入与适用路径.md,P0
MAGENV-0002-R02,MAGENV-0002,资源环境审计 / 绩效评价 / 财政与政府债务,数字法治政府建设中区块链的引入与适用路径,数字法治政府建设中区块链的引入与适用路径R02规则,核查案例涉及的数据、证据和整改链条是否完整一致。,文章案例文本；审计事项清单；问题线索台账；审计证据资料；预算指标表；财政支出明细,风险词命中/数据缺失/证据不一致/指标偏离/流程缺陷,命中对象、风险等级、证据资料、核查建议,D:\openclaw-workspace\knowledge\11-杂志文献\审计观察\11.数字法治政府建设中区块链的引入与适用路径.md,P0
MAGSOC-0007-R01,MAGSOC-0007,民生与社保医保 / 预算执行与财政管理 / 招投标与政府采购,加强出版学科建设推动出版业高质量发展,加强出版学科建设推动出版业高质量发展R01规则,按案例主题识别同类事项中的风险特征并生成疑点。,文章案例文本；审计事项清单；问题线索台账；审计证据资料；预算指标表；财政支出明细,风险词命中/数据缺失/证据不一致/指标偏离/流程缺陷,命中对象、风险等级、证据资料、核查建议,D:\openclaw-workspace\knowledge\11-杂志文献\审计观察\12.加强出版学科建设推动出版业高质量发展.md,P0
MAGSOC-0007-R02,MAGSOC-0007,民生与社保医保 / 预算执行与财政管理 / 招投标与政府采购,加强出版学科建设推动出版业高质量发展,加强出版学科建设推动出版业高质量发展R02规则,核查案例涉及的数据、证据和整改链条是否完整一致。,文章案例文本；审计事项清单；问题线索台账；审计证据资料；预算指标表；财政支出明细,风险词命中/数据缺失/证据不一致/指标偏离/流程缺陷,命中对象、风险等级、证据资料、核查建议,D:\openclaw-workspace\knowledge\11-杂志文献\审计观察\12.加强出版学科建设推动出版业高质量发展.md,P0
MAGAGR-0007-R01,MAGAGR-0007,农业农村审计 / 金融审计 / 财政与政府债务,勇担审计职责使命奋力推进浙江“两个先行”,勇担审计职责使命奋力推进浙江“两个先行”R01规则,按案例主题识别同类事项中的风险特征并生成疑点。,文章案例文本；审计事项清单；问题线索台账；审计证据资料；预算指标表；财政支出明细,风险词命中/数据缺失/证据不一致/指标偏离/流程缺陷,命中对象、风险等级、证据资料、核查建议,D:\openclaw-workspace\knowledge\11-杂志文献\审计观察\13.勇担审计职责使命奋力推进浙江“两个先行”.md,P0
MAGAGR-0007-R02,MAGAGR-0007,农业农村审计 / 金融审计 / 财政与政府债务,勇担审计职责使命奋力推进浙江“两个先行”,勇担审计职责使命奋力推进浙江“两个先行”R02规则,核查案例涉及的数据、证据和整改链条是否完整一致。,文章案例文本；审计事项清单；问题线索台账；审计证据资料；预算指标表；财政支出明细,风险词命中/数据缺失/证据不一致/指标偏离/流程缺陷,命中对象、风险等级、证据资料、核查建议,D:\openclaw-workspace\knowledge\11-杂志文献\审计观察\13.勇担审计职责使命奋力推进浙江“两个先行”.md,P0
MAGSUPV-0068-R01,MAGSUPV-0068,监督检查与经费舞弊 / 全场景通用 / 金融审计,数字治理时代我国审计法治发展研究,数字治理时代我国审计法治发展研究R01规则,按案例主题识别同类事项中的风险特征并生成疑点。,文章案例文本；审计事项清单；问题线索台账；审计证据资料；内控制度；会计凭证,风险词命中/数据缺失/证据不一致/指标偏离/流程缺陷,命中对象、风险等级、证据资料、核查建议,D:\openclaw-workspace\knowledge\11-杂志文献\审计观察\14.数字治理时代我国审计法治发展研究.md,P0
MAGSUPV-0068-R02,MAGSUPV-0068,监督检查与经费舞弊 / 全场景通用 / 金融审计,数字治理时代我国审计法治发展研究,数字治理时代我国审计法治发展研究R02规则,核查案例涉及的数据、证据和整改链条是否完整一致。,文章案例文本；审计事项清单；问题线索台账；审计证据资料；内控制度；会计凭证,风险词命中/数据缺失/证据不一致/指标偏离/流程缺陷,命中对象、风险等级、证据资料、核查建议,D:\openclaw-workspace\knowledge\11-杂志文献\审计观察\14.数字治理时代我国审计法治发展研究.md,P0
MAGFIN-0009-R01,MAGFIN-0009,金融审计 / 国企审计 / 监督检查与经费舞弊,防范化解金融风险的审计实践,防范化解金融风险的审计实践R01规则,按案例主题识别同类事项中的风险特征并生成疑点。,文章案例文本；审计事项清单；问题线索台账；审计证据资料；内控制度；会计凭证,风险词命中/数据缺失/证据不一致/指标偏离/流程缺陷,命中对象、风险等级、证据资料、核查建议,D:\openclaw-workspace\knowledge\11-杂志文献\审计观察\15.防范化解金融风险的审计实践.md,P0
MAGFIN-0009-R02,MAGFIN-0009,金融审计 / 国企审计 / 监督检查与经费舞弊,防范化解金融风险的审计实践,防范化解金融风险的审计实践R02规则,核查案例涉及的数据、证据和整改链条是否完整一致。,文章案例文本；审计事项清单；问题线索台账；审计证据资料；内控制度；会计凭证,风险词命中/数据缺失/证据不一致/指标偏离/流程缺陷,命中对象、风险等级、证据资料、核查建议,D:\openclaw-workspace\knowledge\11-杂志文献\审计观察\15.防范化解金融风险的审计实践.md,P0
MAGSUPV-0069-R01,MAGSUPV-0069,监督检查与经费舞弊 / 资源环境审计 / 经济责任审计,走出不限于内部审计的后续审计误区,走出不限于内部审计的后续审计误区R01规则,按案例主题识别同类事项中的风险特征并生成疑点。,文章案例文本；审计事项清单；问题线索台账；审计证据资料；内控制度；会计凭证,风险词命中/数据缺失/证据不一致/指标偏离/流程缺陷,命中对象、风险等级、证据资料、核查建议,D:\openclaw-workspace\knowledge\11-杂志文献\审计观察\16.走出不限于内部审计的 后续审计误区.md,P1
MAGSUPV-0069-R02,MAGSUPV-0069,监督检查与经费舞弊 / 资源环境审计 / 经济责任审计,走出不限于内部审计的后续审计误区,走出不限于内部审计的后续审计误区R02规则,核查案例涉及的数据、证据和整改链条是否完整一致。,文章案例文本；审计事项清单；问题线索台账；审计证据资料；内控制度；会计凭证,风险词命中/数据缺失/证据不一致/指标偏离/流程缺陷,命中对象、风险等级、证据资料、核查建议,D:\openclaw-workspace\knowledge\11-杂志文献\审计观察\16.走出不限于内部审计的 后续审计误区.md,P1
MAGFIN-0010-R01,MAGFIN-0010,金融审计 / 国企审计 / 监督检查与经费舞弊,技术产权证券化产品的设计与应用,技术产权证券化产品的设计与应用R01规则,按案例主题识别同类事项中的风险特征并生成疑点。,文章案例文本；审计事项清单；问题线索台账；审计证据资料；内控制度；会计凭证,风险词命中/数据缺失/证据不一致/指标偏离/流程缺陷,命中对象、风险等级、证据资料、核查建议,D:\openclaw-workspace\knowledge\11-杂志文献\审计观察\17.技术产权证券化产品的 设计与应用.md,P0
MAGFIN-0010-R02,MAGFIN-0010,金融审计 / 国企审计 / 监督检查与经费舞弊,技术产权证券化产品的设计与应用,技术产权证券化产品的设计与应用R02规则,核查案例涉及的数据、证据和整改链条是否完整一致。,文章案例文本；审计事项清单；问题线索台账；审计证据资料；内控制度；会计凭证,风险词命中/数据缺失/证据不一致/指标偏离/流程缺陷,命中对象、风险等级、证据资料、核查建议,D:\openclaw-workspace\knowledge\11-杂志文献\审计观察\17.技术产权证券化产品的 设计与应用.md,P0
MAGENV-0003-R01,MAGENV-0003,资源环境审计 / 绩效评价 / 财政与政府债务,读懂中国的产业革命,读懂中国的产业革命R01规则,按案例主题识别同类事项中的风险特征并生成疑点。,文章案例文本；审计事项清单；问题线索台账；审计证据资料；预算指标表；财政支出明细,风险词命中/数据缺失/证据不一致/指标偏离/流程缺陷,命中对象、风险等级、证据资料、核查建议,D:\openclaw-workspace\knowledge\11-杂志文献\审计观察\18.读懂中国的产业革命.md,P1
MAGENV-0003-R02,MAGENV-0003,资源环境审计 / 绩效评价 / 财政与政府债务,读懂中国的产业革命,读懂中国的产业革命R02规则,核查案例涉及的数据、证据和整改链条是否完整一致。,文章案例文本；审计事项清单；问题线索台账；审计证据资料；预算指标表；财政支出明细,风险词命中/数据缺失/证据不一致/指标偏离/流程缺陷,命中对象、风险等级、证据资料、核查建议,D:\openclaw-workspace\knowledge\11-杂志文献\审计观察\18.读懂中国的产业革命.md,P1
MAGSUPV-0070-R01,MAGSUPV-0070,监督检查与经费舞弊 / 全场景通用 / 金融审计,“双碳”目标下碳审计的本质、由来与推进策略,“双碳”目标下碳审计的本质、由来与推进策略R01规则,按案例主题识别同类事项中的风险特征并生成疑点。,文章案例文本；审计事项清单；问题线索台账；审计证据资料；内控制度；会计凭证,风险词命中/数据缺失/证据不一致/指标偏离/流程缺陷,命中对象、风险等级、证据资料、核查建议,D:\openclaw-workspace\knowledge\11-杂志文献\审计观察\2.“双碳”目标下碳审计的本质、 由来与推进策略.md,P1
MAGSUPV-0070-R02,MAGSUPV-0070,监督检查与经费舞弊 / 全场景通用 / 金融审计,“双碳”目标下碳审计的本质、由来与推进策略,“双碳”目标下碳审计的本质、由来与推进策略R02规则,核查案例涉及的数据、证据和整改链条是否完整一致。,文章案例文本；审计事项清单；问题线索台账；审计证据资料；内控制度；会计凭证,风险词命中/数据缺失/证据不一致/指标偏离/流程缺陷,命中对象、风险等级、证据资料、核查建议,D:\openclaw-workspace\knowledge\11-杂志文献\审计观察\2.“双碳”目标下碳审计的本质、 由来与推进策略.md,P1
MAGAGR-0008-R01,MAGAGR-0008,农业农村审计 / 金融审计 / 财政与政府债务,深入研究“双碳”审计服务国家发展战略,深入研究“双碳”审计服务国家发展战略R01规则,按案例主题识别同类事项中的风险特征并生成疑点。,文章案例文本；审计事项清单；问题线索台账；审计证据资料；预算指标表；财政支出明细,风险词命中/数据缺失/证据不一致/指标偏离/流程缺陷,命中对象、风险等级、证据资料、核查建议,D:\openclaw-workspace\knowledge\11-杂志文献\审计观察\3.深入研究“双碳”审计服务国家发展战略.md,P1
MAGAGR-0008-R02,MAGAGR-0008,农业农村审计 / 金融审计 / 财政与政府债务,深入研究“双碳”审计服务国家发展战略,深入研究“双碳”审计服务国家发展战略R02规则,核查案例涉及的数据、证据和整改链条是否完整一致。,文章案例文本；审计事项清单；问题线索台账；审计证据资料；预算指标表；财政支出明细,风险词命中/数据缺失/证据不一致/指标偏离/流程缺陷,命中对象、风险等级、证据资料、核查建议,D:\openclaw-workspace\knowledge\11-杂志文献\审计观察\3.深入研究“双碳”审计服务国家发展战略.md,P1
MAGENG-0003-R01,MAGENG-0003,工程与投资审计 / 招投标与政府采购 / 财政与政府债务,我国碳审计的发展现状及技术路径分析,我国碳审计的发展现状及技术路径分析R01规则,按案例主题识别同类事项中的风险特征并生成疑点。,文章案例文本；审计事项清单；问题线索台账；审计证据资料；预算指标表；财政支出明细,风险词命中/数据缺失/证据不一致/指标偏离/流程缺陷,命中对象、风险等级、证据资料、核查建议,D:\openclaw-workspace\knowledge\11-杂志文献\审计观察\4.我国碳审计的发展现状及 技术路径分析.md,P1
MAGENG-0003-R02,MAGENG-0003,工程与投资审计 / 招投标与政府采购 / 财政与政府债务,我国碳审计的发展现状及技术路径分析,我国碳审计的发展现状及技术路径分析R02规则,核查案例涉及的数据、证据和整改链条是否完整一致。,文章案例文本；审计事项清单；问题线索台账；审计证据资料；预算指标表；财政支出明细,风险词命中/数据缺失/证据不一致/指标偏离/流程缺陷,命中对象、风险等级、证据资料、核查建议,D:\openclaw-workspace\knowledge\11-杂志文献\审计观察\4.我国碳审计的发展现状及 技术路径分析.md,P1
MAGBUD-0003-R01,MAGBUD-0003,预算执行与财政管理 / 财政与政府债务 / 绩效评价,国家审计赋能“双碳”目标：内在逻辑与运作机理,国家审计赋能“双碳”目标：内在逻辑与运作机理R01规则,按案例主题识别同类事项中的风险特征并生成疑点。,文章案例文本；审计事项清单；问题线索台账；审计证据资料；预算指标表；财政支出明细,风险词命中/数据缺失/证据不一致/指标偏离/流程缺陷,命中对象、风险等级、证据资料、核查建议,D:\openclaw-workspace\knowledge\11-杂志文献\审计观察\5.国家审计赋能“双碳”目标： 内在逻辑与运作机理.md,P1
MAGBUD-0003-R02,MAGBUD-0003,预算执行与财政管理 / 财政与政府债务 / 绩效评价,国家审计赋能“双碳”目标：内在逻辑与运作机理,国家审计赋能“双碳”目标：内在逻辑与运作机理R02规则,核查案例涉及的数据、证据和整改链条是否完整一致。,文章案例文本；审计事项清单；问题线索台账；审计证据资料；预算指标表；财政支出明细,风险词命中/数据缺失/证据不一致/指标偏离/流程缺陷,命中对象、风险等级、证据资料、核查建议,D:\openclaw-workspace\knowledge\11-杂志文献\审计观察\5.国家审计赋能“双碳”目标： 内在逻辑与运作机理.md,P1
MAGENG-0004-R01,MAGENG-0004,工程与投资审计 / 招投标与政府采购 / 财政与政府债务,“双碳”目标下烟酒型审计的探索与实践,“双碳”目标下烟酒型审计的探索与实践R01规则,按案例主题识别同类事项中的风险特征并生成疑点。,文章案例文本；审计事项清单；问题线索台账；审计证据资料；预算指标表；财政支出明细,风险词命中/数据缺失/证据不一致/指标偏离/流程缺陷,命中对象、风险等级、证据资料、核查建议,D:\openclaw-workspace\knowledge\11-杂志文献\审计观察\6.“双碳”目标下烟酒型审计的探索与实践.md,P1
MAGENG-0004-R02,MAGENG-0004,工程与投资审计 / 招投标与政府采购 / 财政与政府债务,“双碳”目标下烟酒型审计的探索与实践,“双碳”目标下烟酒型审计的探索与实践R02规则,核查案例涉及的数据、证据和整改链条是否完整一致。,文章案例文本；审计事项清单；问题线索台账；审计证据资料；预算指标表；财政支出明细,风险词命中/数据缺失/证据不一致/指标偏离/流程缺陷,命中对象、风险等级、证据资料、核查建议,D:\openclaw-workspace\knowledge\11-杂志文献\审计观察\6.“双碳”目标下烟酒型审计的探索与实践.md,P1
MAGBUD-0004-R01,MAGBUD-0004,预算执行与财政管理 / 财政与政府债务 / 绩效评价,编制“六张清单”开展自然资源产离任审计,编制“六张清单”开展自然资源产离任审计R01规则,按案例主题识别同类事项中的风险特征并生成疑点。,文章案例文本；审计事项清单；问题线索台账；审计证据资料；预算指标表；财政支出明细,风险词命中/数据缺失/证据不一致/指标偏离/流程缺陷,命中对象、风险等级、证据资料、核查建议,D:\openclaw-workspace\knowledge\11-杂志文献\审计观察\7.编制“六张清单”开展自然资源产离任审计.md,P1
MAGBUD-0004-R02,MAGBUD-0004,预算执行与财政管理 / 财政与政府债务 / 绩效评价,编制“六张清单”开展自然资源产离任审计,编制“六张清单”开展自然资源产离任审计R02规则,核查案例涉及的数据、证据和整改链条是否完整一致。,文章案例文本；审计事项清单；问题线索台账；审计证据资料；预算指标表；财政支出明细,风险词命中/数据缺失/证据不一致/指标偏离/流程缺陷,命中对象、风险等级、证据资料、核查建议,D:\openclaw-workspace\knowledge\11-杂志文献\审计观察\7.编制“六张清单”开展自然资源产离任审计.md,P1
MAGENV-0004-R01,MAGENV-0004,资源环境审计 / 绩效评价 / 财政与政府债务,立足“严”的主基调构建审计机关容错纠错机制,立足“严”的主基调构建审计机关容错纠错机制R01规则,按案例主题识别同类事项中的风险特征并生成疑点。,文章案例文本；审计事项清单；问题线索台账；审计证据资料；预算指标表；财政支出明细,风险词命中/数据缺失/证据不一致/指标偏离/流程缺陷,命中对象、风险等级、证据资料、核查建议,D:\openclaw-workspace\knowledge\11-杂志文献\审计观察\8.立足“严”的主基调构建审计机关容错纠错机制.md,P0
MAGENV-0004-R02,MAGENV-0004,资源环境审计 / 绩效评价 / 财政与政府债务,立足“严”的主基调构建审计机关容错纠错机制,立足“严”的主基调构建审计机关容错纠错机制R02规则,核查案例涉及的数据、证据和整改链条是否完整一致。,文章案例文本；审计事项清单；问题线索台账；审计证据资料；预算指标表；财政支出明细,风险词命中/数据缺失/证据不一致/指标偏离/流程缺陷,命中对象、风险等级、证据资料、核查建议,D:\openclaw-workspace\knowledge\11-杂志文献\审计观察\8.立足“严”的主基调构建审计机关容错纠错机制.md,P0
MAGSUPV-0071-R01,MAGSUPV-0071,监督检查与经费舞弊 / 全场景通用 / 金融审计,审计期望差距对注册会计师法律责任的影响分析,审计期望差距对注册会计师法律责任的影响分析R01规则,按案例主题识别同类事项中的风险特征并生成疑点。,文章案例文本；审计事项清单；问题线索台账；审计证据资料；内控制度；会计凭证,风险词命中/数据缺失/证据不一致/指标偏离/流程缺陷,命中对象、风险等级、证据资料、核查建议,D:\openclaw-workspace\knowledge\11-杂志文献\审计观察\9.审计期望差距对注册会计师法律责任的影响分析.md,P0
MAGSUPV-0071-R02,MAGSUPV-0071,监督检查与经费舞弊 / 全场景通用 / 金融审计,审计期望差距对注册会计师法律责任的影响分析,审计期望差距对注册会计师法律责任的影响分析R02规则,核查案例涉及的数据、证据和整改链条是否完整一致。,文章案例文本；审计事项清单；问题线索台账；审计证据资料；内控制度；会计凭证,风险词命中/数据缺失/证据不一致/指标偏离/流程缺陷,命中对象、风险等级、证据资料、核查建议,D:\openclaw-workspace\knowledge\11-杂志文献\审计观察\9.审计期望差距对注册会计师法律责任的影响分析.md,P0
MAGBUD-0005-R01,MAGBUD-0005,预算执行与财政管理 / 财政与政府债务 / 绩效评价,0001财政内部控制,0001财政内部控制R01规则,按案例主题识别同类事项中的风险特征并生成疑点。,文章案例文本；审计事项清单；问题线索台账；审计证据资料；预算指标表；财政支出明细,风险词命中/数据缺失/证据不一致/指标偏离/流程缺陷,命中对象、风险等级、证据资料、核查建议,D:\openclaw-workspace\knowledge\11-杂志文献\财政监督\0001财政内部控制.md,P1
MAGBUD-0005-R02,MAGBUD-0005,预算执行与财政管理 / 财政与政府债务 / 绩效评价,0001财政内部控制,0001财政内部控制R02规则,核查案例涉及的数据、证据和整改链条是否完整一致。,文章案例文本；审计事项清单；问题线索台账；审计证据资料；预算指标表；财政支出明细,风险词命中/数据缺失/证据不一致/指标偏离/流程缺陷,命中对象、风险等级、证据资料、核查建议,D:\openclaw-workspace\knowledge\11-杂志文献\财政监督\0001财政内部控制.md,P1
MAGSUPV-0072-R01,MAGSUPV-0072,监督检查与经费舞弊 / 全场景通用 / 金融审计,主题教育成果要转化成财会监督“物质的力量,主题教育成果要转化成财会监督“物质的力量R01规则,按案例主题识别同类事项中的风险特征并生成疑点。,文章案例文本；审计事项清单；问题线索台账；审计证据资料；内控制度；会计凭证,风险词命中/数据缺失/证据不一致/指标偏离/流程缺陷,命中对象、风险等级、证据资料、核查建议,D:\openclaw-workspace\knowledge\11-杂志文献\财政监督\001.主题教育成果要转化成财会监督“物质的力量.md,P0
MAGSUPV-0072-R02,MAGSUPV-0072,监督检查与经费舞弊 / 全场景通用 / 金融审计,主题教育成果要转化成财会监督“物质的力量,主题教育成果要转化成财会监督“物质的力量R02规则,核查案例涉及的数据、证据和整改链条是否完整一致。,文章案例文本；审计事项清单；问题线索台账；审计证据资料；内控制度；会计凭证,风险词命中/数据缺失/证据不一致/指标偏离/流程缺陷,命中对象、风险等级、证据资料、核查建议,D:\openclaw-workspace\knowledge\11-杂志文献\财政监督\001.主题教育成果要转化成财会监督“物质的力量.md,P0
MAGSOC-0008-R01,MAGSOC-0008,民生与社保医保 / 预算执行与财政管理 / 招投标与政府采购,001呵护我们共有“生态”,001呵护我们共有“生态”R01规则,按案例主题识别同类事项中的风险特征并生成疑点。,文章案例文本；审计事项清单；问题线索台账；审计证据资料；预算指标表；财政支出明细,风险词命中/数据缺失/证据不一致/指标偏离/流程缺陷,命中对象、风险等级、证据资料、核查建议,D:\openclaw-workspace\knowledge\11-杂志文献\财政监督\001呵护我们共有“生态”.md,P1
MAGSOC-0008-R02,MAGSOC-0008,民生与社保医保 / 预算执行与财政管理 / 招投标与政府采购,001呵护我们共有“生态”,001呵护我们共有“生态”R02规则,核查案例涉及的数据、证据和整改链条是否完整一致。,文章案例文本；审计事项清单；问题线索台账；审计证据资料；预算指标表；财政支出明细,风险词命中/数据缺失/证据不一致/指标偏离/流程缺陷,命中对象、风险等级、证据资料、核查建议,D:\openclaw-workspace\knowledge\11-杂志文献\财政监督\001呵护我们共有“生态”.md,P1
MAGBUD-0006-R01,MAGBUD-0006,预算执行与财政管理 / 财政与政府债务 / 绩效评价,001财政“自我持续增长”的治理之路,001财政“自我持续增长”的治理之路R01规则,按案例主题识别同类事项中的风险特征并生成疑点。,文章案例文本；审计事项清单；问题线索台账；审计证据资料；预算指标表；财政支出明细,风险词命中/数据缺失/证据不一致/指标偏离/流程缺陷,命中对象、风险等级、证据资料、核查建议,D:\openclaw-workspace\knowledge\11-杂志文献\财政监督\001财政“自我持续增长”的治理之路.md,P1
MAGBUD-0006-R02,MAGBUD-0006,预算执行与财政管理 / 财政与政府债务 / 绩效评价,001财政“自我持续增长”的治理之路,001财政“自我持续增长”的治理之路R02规则,核查案例涉及的数据、证据和整改链条是否完整一致。,文章案例文本；审计事项清单；问题线索台账；审计证据资料；预算指标表；财政支出明细,风险词命中/数据缺失/证据不一致/指标偏离/流程缺陷,命中对象、风险等级、证据资料、核查建议,D:\openclaw-workspace\knowledge\11-杂志文献\财政监督\001财政“自我持续增长”的治理之路.md,P1
MAGAGR-0009-R01,MAGAGR-0009,农业农村审计 / 金融审计 / 财政与政府债务,002中国式现代化引领财政现代化的历史脉络与展望,002中国式现代化引领财政现代化的历史脉络与展望R01规则,按案例主题识别同类事项中的风险特征并生成疑点。,文章案例文本；审计事项清单；问题线索台账；审计证据资料；预算指标表；财政支出明细,风险词命中/数据缺失/证据不一致/指标偏离/流程缺陷,命中对象、风险等级、证据资料、核查建议,D:\openclaw-workspace\knowledge\11-杂志文献\财政监督\002中国式现代化引领财政现代化的历史脉络与展望.md,P0
MAGAGR-0009-R02,MAGAGR-0009,农业农村审计 / 金融审计 / 财政与政府债务,002中国式现代化引领财政现代化的历史脉络与展望,002中国式现代化引领财政现代化的历史脉络与展望R02规则,核查案例涉及的数据、证据和整改链条是否完整一致。,文章案例文本；审计事项清单；问题线索台账；审计证据资料；预算指标表；财政支出明细,风险词命中/数据缺失/证据不一致/指标偏离/流程缺陷,命中对象、风险等级、证据资料、核查建议,D:\openclaw-workspace\knowledge\11-杂志文献\财政监督\002中国式现代化引领财政现代化的历史脉络与展望.md,P0
MAGSUPV-0073-R01,MAGSUPV-0073,监督检查与经费舞弊 / 全场景通用 / 金融审计,002努力做到三个“紧紧跟随”以主题教育推动财政监管事业高质量发展,002努力做到三个“紧紧跟随”以主题教育推动财政监管事业高质量发展R01规则,按案例主题识别同类事项中的风险特征并生成疑点。,文章案例文本；审计事项清单；问题线索台账；审计证据资料；预算指标表；财政支出明细,风险词命中/数据缺失/证据不一致/指标偏离/流程缺陷,命中对象、风险等级、证据资料、核查建议,D:\openclaw-workspace\knowledge\11-杂志文献\财政监督\002努力做到三个“紧紧跟随”以主题教育推动财政监管事业高质量发展.md,P0
MAGSUPV-0073-R02,MAGSUPV-0073,监督检查与经费舞弊 / 全场景通用 / 金融审计,002努力做到三个“紧紧跟随”以主题教育推动财政监管事业高质量发展,002努力做到三个“紧紧跟随”以主题教育推动财政监管事业高质量发展R02规则,核查案例涉及的数据、证据和整改链条是否完整一致。,文章案例文本；审计事项清单；问题线索台账；审计证据资料；预算指标表；财政支出明细,风险词命中/数据缺失/证据不一致/指标偏离/流程缺陷,命中对象、风险等级、证据资料、核查建议,D:\openclaw-workspace\knowledge\11-杂志文献\财政监督\002努力做到三个“紧紧跟随”以主题教育推动财政监管事业高质量发展.md,P0
MAGSUPV-0074-R01,MAGSUPV-0074,监督检查与经费舞弊 / 全场景通用 / 金融审计,002多措并举持续推动绩效评价提质增效,002多措并举持续推动绩效评价提质增效R01规则,按案例主题识别同类事项中的风险特征并生成疑点。,文章案例文本；审计事项清单；问题线索台账；审计证据资料；绩效目标表；绩效评价指标,风险词命中/数据缺失/证据不一致/指标偏离/流程缺陷,命中对象、风险等级、证据资料、核查建议,D:\openclaw-workspace\knowledge\11-杂志文献\财政监督\002多措并举持续推动绩效评价提质增效.md,P0
MAGSUPV-0074-R02,MAGSUPV-0074,监督检查与经费舞弊 / 全场景通用 / 金融审计,002多措并举持续推动绩效评价提质增效,002多措并举持续推动绩效评价提质增效R02规则,核查案例涉及的数据、证据和整改链条是否完整一致。,文章案例文本；审计事项清单；问题线索台账；审计证据资料；绩效目标表；绩效评价指标,风险词命中/数据缺失/证据不一致/指标偏离/流程缺陷,命中对象、风险等级、证据资料、核查建议,D:\openclaw-workspace\knowledge\11-杂志文献\财政监督\002多措并举持续推动绩效评价提质增效.md,P0
MAGTAX-0004-R01,MAGTAX-0004,税务审计 / 预算执行与财政管理 / 财政与政府债务,002系统推进财政内控制度建设的脉络、维度与进路,002系统推进财政内控制度建设的脉络、维度与进路R01规则,按案例主题识别同类事项中的风险特征并生成疑点。,文章案例文本；审计事项清单；问题线索台账；审计证据资料；预算指标表；财政支出明细,风险词命中/数据缺失/证据不一致/指标偏离/流程缺陷,命中对象、风险等级、证据资料、核查建议,D:\openclaw-workspace\knowledge\11-杂志文献\财政监督\002系统推进财政内控制度建设的脉络、维度与进路.md,P0
MAGTAX-0004-R02,MAGTAX-0004,税务审计 / 预算执行与财政管理 / 财政与政府债务,002系统推进财政内控制度建设的脉络、维度与进路,002系统推进财政内控制度建设的脉络、维度与进路R02规则,核查案例涉及的数据、证据和整改链条是否完整一致。,文章案例文本；审计事项清单；问题线索台账；审计证据资料；预算指标表；财政支出明细,风险词命中/数据缺失/证据不一致/指标偏离/流程缺陷,命中对象、风险等级、证据资料、核查建议,D:\openclaw-workspace\knowledge\11-杂志文献\财政监督\002系统推进财政内控制度建设的脉络、维度与进路.md,P0
MAGFIN-0011-R01,MAGFIN-0011,金融审计 / 国企审计 / 监督检查与经费舞弊,003中国式现代化进程中财会监督发展历程与展望,003中国式现代化进程中财会监督发展历程与展望R01规则,按案例主题识别同类事项中的风险特征并生成疑点。,文章案例文本；审计事项清单；问题线索台账；审计证据资料；内控制度；会计凭证,风险词命中/数据缺失/证据不一致/指标偏离/流程缺陷,命中对象、风险等级、证据资料、核查建议,D:\openclaw-workspace\knowledge\11-杂志文献\财政监督\003中国式现代化进程中财会监督发展历程与展望.md,P0
MAGFIN-0011-R02,MAGFIN-0011,金融审计 / 国企审计 / 监督检查与经费舞弊,003中国式现代化进程中财会监督发展历程与展望,003中国式现代化进程中财会监督发展历程与展望R02规则,核查案例涉及的数据、证据和整改链条是否完整一致。,文章案例文本；审计事项清单；问题线索台账；审计证据资料；内控制度；会计凭证,风险词命中/数据缺失/证据不一致/指标偏离/流程缺陷,命中对象、风险等级、证据资料、核查建议,D:\openclaw-workspace\knowledge\11-杂志文献\财政监督\003中国式现代化进程中财会监督发展历程与展望.md,P0
MAGSUPV-0075-R01,MAGSUPV-0075,监督检查与经费舞弊 / 全场景通用 / 金融审计,003充分发挥绩效评价“手术刀”作用，为财政经济高质量发展提供坚强保障,003充分发挥绩效评价“手术刀”作用，为财政经济高质量发展提供坚强保障R01规则,按案例主题识别同类事项中的风险特征并生成疑点。,文章案例文本；审计事项清单；问题线索台账；审计证据资料；预算指标表；财政支出明细,风险词命中/数据缺失/证据不一致/指标偏离/流程缺陷,命中对象、风险等级、证据资料、核查建议,D:\openclaw-workspace\knowledge\11-杂志文献\财政监督\003充分发挥绩效评价“手术刀”作用，为财政经济高质量发展提供坚强保障.md,P1
MAGSUPV-0075-R02,MAGSUPV-0075,监督检查与经费舞弊 / 全场景通用 / 金融审计,003充分发挥绩效评价“手术刀”作用，为财政经济高质量发展提供坚强保障,003充分发挥绩效评价“手术刀”作用，为财政经济高质量发展提供坚强保障R02规则,核查案例涉及的数据、证据和整改链条是否完整一致。,文章案例文本；审计事项清单；问题线索台账；审计证据资料；预算指标表；财政支出明细,风险词命中/数据缺失/证据不一致/指标偏离/流程缺陷,命中对象、风险等级、证据资料、核查建议,D:\openclaw-workspace\knowledge\11-杂志文献\财政监督\003充分发挥绩效评价“手术刀”作用，为财政经济高质量发展提供坚强保障.md,P1
MAGAGR-0010-R01,MAGAGR-0010,农业农村审计 / 金融审计 / 财政与政府债务,003财政中心工作以主题教育开展成效推动财政监管工作高质量发展,003财政中心工作以主题教育开展成效推动财政监管工作高质量发展R01规则,按案例主题识别同类事项中的风险特征并生成疑点。,文章案例文本；审计事项清单；问题线索台账；审计证据资料；预算指标表；财政支出明细,风险词命中/数据缺失/证据不一致/指标偏离/流程缺陷,命中对象、风险等级、证据资料、核查建议,D:\openclaw-workspace\knowledge\11-杂志文献\财政监督\003财政中心工作以主题教育开展成效推动财政监管工作高质量发展.md,P0
MAGAGR-0010-R02,MAGAGR-0010,农业农村审计 / 金融审计 / 财政与政府债务,003财政中心工作以主题教育开展成效推动财政监管工作高质量发展,003财政中心工作以主题教育开展成效推动财政监管工作高质量发展R02规则,核查案例涉及的数据、证据和整改链条是否完整一致。,文章案例文本；审计事项清单；问题线索台账；审计证据资料；预算指标表；财政支出明细,风险词命中/数据缺失/证据不一致/指标偏离/流程缺陷,命中对象、风险等级、证据资料、核查建议,D:\openclaw-workspace\knowledge\11-杂志文献\财政监督\003财政中心工作以主题教育开展成效推动财政监管工作高质量发展.md,P0
MAGTAX-0005-R01,MAGTAX-0005,税务审计 / 预算执行与财政管理 / 财政与政府债务,003适应新时代财政治理需要扎实推进监管局内控工作,003适应新时代财政治理需要扎实推进监管局内控工作R01规则,按案例主题识别同类事项中的风险特征并生成疑点。,文章案例文本；审计事项清单；问题线索台账；审计证据资料；预算指标表；财政支出明细,风险词命中/数据缺失/证据不一致/指标偏离/流程缺陷,命中对象、风险等级、证据资料、核查建议,D:\openclaw-workspace\knowledge\11-杂志文献\财政监督\003适应新时代财政治理需要扎实推进监管局内控工作.md,P1
MAGTAX-0005-R02,MAGTAX-0005,税务审计 / 预算执行与财政管理 / 财政与政府债务,003适应新时代财政治理需要扎实推进监管局内控工作,003适应新时代财政治理需要扎实推进监管局内控工作R02规则,核查案例涉及的数据、证据和整改链条是否完整一致。,文章案例文本；审计事项清单；问题线索台账；审计证据资料；预算指标表；财政支出明细,风险词命中/数据缺失/证据不一致/指标偏离/流程缺陷,命中对象、风险等级、证据资料、核查建议,D:\openclaw-workspace\knowledge\11-杂志文献\财政监督\003适应新时代财政治理需要扎实推进监管局内控工作.md,P1
MAGSOC-0009-R01,MAGSOC-0009,民生与社保医保 / 预算执行与财政管理 / 招投标与政府采购,004中国式现代化预算绩效管理改革之路,004中国式现代化预算绩效管理改革之路R01规则,按案例主题识别同类事项中的风险特征并生成疑点。,文章案例文本；审计事项清单；问题线索台账；审计证据资料；预算指标表；财政支出明细,风险词命中/数据缺失/证据不一致/指标偏离/流程缺陷,命中对象、风险等级、证据资料、核查建议,D:\openclaw-workspace\knowledge\11-杂志文献\财政监督\004中国式现代化预算绩效管理改革之路.md,P0
MAGSOC-0009-R02,MAGSOC-0009,民生与社保医保 / 预算执行与财政管理 / 招投标与政府采购,004中国式现代化预算绩效管理改革之路,004中国式现代化预算绩效管理改革之路R02规则,核查案例涉及的数据、证据和整改链条是否完整一致。,文章案例文本；审计事项清单；问题线索台账；审计证据资料；预算指标表；财政支出明细,风险词命中/数据缺失/证据不一致/指标偏离/流程缺陷,命中对象、风险等级、证据资料、核查建议,D:\openclaw-workspace\knowledge\11-杂志文献\财政监督\004中国式现代化预算绩效管理改革之路.md,P0
MAGSUPV-0076-R01,MAGSUPV-0076,监督检查与经费舞弊 / 全场景通用 / 金融审计,004学思践悟正风促干以主题教育推动财会监督事业高质量发展,004学思践悟正风促干以主题教育推动财会监督事业高质量发展R01规则,按案例主题识别同类事项中的风险特征并生成疑点。,文章案例文本；审计事项清单；问题线索台账；审计证据资料；内控制度；会计凭证,风险词命中/数据缺失/证据不一致/指标偏离/流程缺陷,命中对象、风险等级、证据资料、核查建议,D:\openclaw-workspace\knowledge\11-杂志文献\财政监督\004学思践悟正风促干以主题教育推动财会监督事业高质量发展.md,P0
MAGSUPV-0076-R02,MAGSUPV-0076,监督检查与经费舞弊 / 全场景通用 / 金融审计,004学思践悟正风促干以主题教育推动财会监督事业高质量发展,004学思践悟正风促干以主题教育推动财会监督事业高质量发展R02规则,核查案例涉及的数据、证据和整改链条是否完整一致。,文章案例文本；审计事项清单；问题线索台账；审计证据资料；内控制度；会计凭证,风险词命中/数据缺失/证据不一致/指标偏离/流程缺陷,命中对象、风险等级、证据资料、核查建议,D:\openclaw-workspace\knowledge\11-杂志文献\财政监督\004学思践悟正风促干以主题教育推动财会监督事业高质量发展.md,P0
MAGSOC-0010-R01,MAGSOC-0010,民生与社保医保 / 预算执行与财政管理 / 招投标与政府采购,004秉持四字原则注重实效实绩，打造全链条绩效评价闭环管理体系,004秉持四字原则注重实效实绩，打造全链条绩效评价闭环管理体系R01规则,按案例主题识别同类事项中的风险特征并生成疑点。,文章案例文本；审计事项清单；问题线索台账；审计证据资料；预算指标表；财政支出明细,风险词命中/数据缺失/证据不一致/指标偏离/流程缺陷,命中对象、风险等级、证据资料、核查建议,D:\openclaw-workspace\knowledge\11-杂志文献\财政监督\004秉持四字原则注重实效实绩，打造全链条绩效评价闭环管理体系.md,P1
MAGSOC-0010-R02,MAGSOC-0010,民生与社保医保 / 预算执行与财政管理 / 招投标与政府采购,004秉持四字原则注重实效实绩，打造全链条绩效评价闭环管理体系,004秉持四字原则注重实效实绩，打造全链条绩效评价闭环管理体系R02规则,核查案例涉及的数据、证据和整改链条是否完整一致。,文章案例文本；审计事项清单；问题线索台账；审计证据资料；预算指标表；财政支出明细,风险词命中/数据缺失/证据不一致/指标偏离/流程缺陷,命中对象、风险等级、证据资料、核查建议,D:\openclaw-workspace\knowledge\11-杂志文献\财政监督\004秉持四字原则注重实效实绩，打造全链条绩效评价闭环管理体系.md,P1
MAGBUD-0007-R01,MAGBUD-0007,预算执行与财政管理 / 财政与政府债务 / 绩效评价,004财政内控理论、实践与未来展望,004财政内控理论、实践与未来展望R01规则,按案例主题识别同类事项中的风险特征并生成疑点。,文章案例文本；审计事项清单；问题线索台账；审计证据资料；预算指标表；财政支出明细,风险词命中/数据缺失/证据不一致/指标偏离/流程缺陷,命中对象、风险等级、证据资料、核查建议,D:\openclaw-workspace\knowledge\11-杂志文献\财政监督\004财政内控理论、实践与未来展望.md,P0
MAGBUD-0007-R02,MAGBUD-0007,预算执行与财政管理 / 财政与政府债务 / 绩效评价,004财政内控理论、实践与未来展望,004财政内控理论、实践与未来展望R02规则,核查案例涉及的数据、证据和整改链条是否完整一致。,文章案例文本；审计事项清单；问题线索台账；审计证据资料；预算指标表；财政支出明细,风险词命中/数据缺失/证据不一致/指标偏离/流程缺陷,命中对象、风险等级、证据资料、核查建议,D:\openclaw-workspace\knowledge\11-杂志文献\财政监督\004财政内控理论、实践与未来展望.md,P0
MAGBUD-0008-R01,MAGBUD-0008,预算执行与财政管理 / 财政与政府债务 / 绩效评价,005厚植绩效理念坚持守土尽责，做深做实转移支付资金绩效评价工作,005厚植绩效理念坚持守土尽责，做深做实转移支付资金绩效评价工作R01规则,按案例主题识别同类事项中的风险特征并生成疑点。,文章案例文本；审计事项清单；问题线索台账；审计证据资料；预算指标表；财政支出明细,风险词命中/数据缺失/证据不一致/指标偏离/流程缺陷,命中对象、风险等级、证据资料、核查建议,D:\openclaw-workspace\knowledge\11-杂志文献\财政监督\005厚植绩效理念坚持守土尽责，做深做实转移支付资金绩效评价工作.md,P0
MAGBUD-0008-R02,MAGBUD-0008,预算执行与财政管理 / 财政与政府债务 / 绩效评价,005厚植绩效理念坚持守土尽责，做深做实转移支付资金绩效评价工作,005厚植绩效理念坚持守土尽责，做深做实转移支付资金绩效评价工作R02规则,核查案例涉及的数据、证据和整改链条是否完整一致。,文章案例文本；审计事项清单；问题线索台账；审计证据资料；预算指标表；财政支出明细,风险词命中/数据缺失/证据不一致/指标偏离/流程缺陷,命中对象、风险等级、证据资料、核查建议,D:\openclaw-workspace\knowledge\11-杂志文献\财政监督\005厚植绩效理念坚持守土尽责，做深做实转移支付资金绩效评价工作.md,P0
MAGSOC-0011-R01,MAGSOC-0011,民生与社保医保 / 预算执行与财政管理 / 招投标与政府采购,005新时代人大预算监督改革回顾与展望,005新时代人大预算监督改革回顾与展望R01规则,按案例主题识别同类事项中的风险特征并生成疑点。,文章案例文本；审计事项清单；问题线索台账；审计证据资料；预算指标表；财政支出明细,风险词命中/数据缺失/证据不一致/指标偏离/流程缺陷,命中对象、风险等级、证据资料、核查建议,D:\openclaw-workspace\knowledge\11-杂志文献\财政监督\005新时代人大预算监督改革回顾与展望.md,P0
MAGSOC-0011-R02,MAGSOC-0011,民生与社保医保 / 预算执行与财政管理 / 招投标与政府采购,005新时代人大预算监督改革回顾与展望,005新时代人大预算监督改革回顾与展望R02规则,核查案例涉及的数据、证据和整改链条是否完整一致。,文章案例文本；审计事项清单；问题线索台账；审计证据资料；预算指标表；财政支出明细,风险词命中/数据缺失/证据不一致/指标偏离/流程缺陷,命中对象、风险等级、证据资料、核查建议,D:\openclaw-workspace\knowledge\11-杂志文献\财政监督\005新时代人大预算监督改革回顾与展望.md,P0
MAGAGR-0011-R01,MAGAGR-0011,农业农村审计 / 金融审计 / 财政与政府债务,005紧紧围绕主题教育总要求推动财会监督高质量发展,005紧紧围绕主题教育总要求推动财会监督高质量发展R01规则,按案例主题识别同类事项中的风险特征并生成疑点。,文章案例文本；审计事项清单；问题线索台账；审计证据资料；预算指标表；财政支出明细,风险词命中/数据缺失/证据不一致/指标偏离/流程缺陷,命中对象、风险等级、证据资料、核查建议,D:\openclaw-workspace\knowledge\11-杂志文献\财政监督\005紧紧围绕主题教育总要求推动财会监督高质量发展.md,P0
MAGAGR-0011-R02,MAGAGR-0011,农业农村审计 / 金融审计 / 财政与政府债务,005紧紧围绕主题教育总要求推动财会监督高质量发展,005紧紧围绕主题教育总要求推动财会监督高质量发展R02规则,核查案例涉及的数据、证据和整改链条是否完整一致。,文章案例文本；审计事项清单；问题线索台账；审计证据资料；预算指标表；财政支出明细,风险词命中/数据缺失/证据不一致/指标偏离/流程缺陷,命中对象、风险等级、证据资料、核查建议,D:\openclaw-workspace\knowledge\11-杂志文献\财政监督\005紧紧围绕主题教育总要求推动财会监督高质量发展.md,P0
MAGTAX-0006-R01,MAGTAX-0006,税务审计 / 预算执行与财政管理 / 财政与政府债务,005财政内部控制建设述评与展望,005财政内部控制建设述评与展望R01规则,按案例主题识别同类事项中的风险特征并生成疑点。,文章案例文本；审计事项清单；问题线索台账；审计证据资料；预算指标表；财政支出明细,风险词命中/数据缺失/证据不一致/指标偏离/流程缺陷,命中对象、风险等级、证据资料、核查建议,D:\openclaw-workspace\knowledge\11-杂志文献\财政监督\005财政内部控制建设述评与展望.md,P0
MAGTAX-0006-R02,MAGTAX-0006,税务审计 / 预算执行与财政管理 / 财政与政府债务,005财政内部控制建设述评与展望,005财政内部控制建设述评与展望R02规则,核查案例涉及的数据、证据和整改链条是否完整一致。,文章案例文本；审计事项清单；问题线索台账；审计证据资料；预算指标表；财政支出明细,风险词命中/数据缺失/证据不一致/指标偏离/流程缺陷,命中对象、风险等级、证据资料、核查建议,D:\openclaw-workspace\knowledge\11-杂志文献\财政监督\005财政内部控制建设述评与展望.md,P0
MAGFIN-0012-R01,MAGFIN-0012,金融审计 / 国企审计 / 监督检查与经费舞弊,006把“两个结合”融人财政工作中,006把“两个结合”融人财政工作中R01规则,按案例主题识别同类事项中的风险特征并生成疑点。,文章案例文本；审计事项清单；问题线索台账；审计证据资料；预算指标表；财政支出明细,风险词命中/数据缺失/证据不一致/指标偏离/流程缺陷,命中对象、风险等级、证据资料、核查建议,D:\openclaw-workspace\knowledge\11-杂志文献\财政监督\006把“两个结合”融人财政工作中.md,P1
MAGFIN-0012-R02,MAGFIN-0012,金融审计 / 国企审计 / 监督检查与经费舞弊,006把“两个结合”融人财政工作中,006把“两个结合”融人财政工作中R02规则,核查案例涉及的数据、证据和整改链条是否完整一致。,文章案例文本；审计事项清单；问题线索台账；审计证据资料；预算指标表；财政支出明细,风险词命中/数据缺失/证据不一致/指标偏离/流程缺陷,命中对象、风险等级、证据资料、核查建议,D:\openclaw-workspace\knowledge\11-杂志文献\财政监督\006把“两个结合”融人财政工作中.md,P1
MAGBUD-0009-R01,MAGBUD-0009,预算执行与财政管理 / 财政与政府债务 / 绩效评价,006财政运行综合绩效评价,006财政运行综合绩效评价R01规则,按案例主题识别同类事项中的风险特征并生成疑点。,文章案例文本；审计事项清单；问题线索台账；审计证据资料；预算指标表；财政支出明细,风险词命中/数据缺失/证据不一致/指标偏离/流程缺陷,命中对象、风险等级、证据资料、核查建议,D:\openclaw-workspace\knowledge\11-杂志文献\财政监督\006财 政 运 行 综 合 绩 效 评 价.md,P0
MAGBUD-0009-R02,MAGBUD-0009,预算执行与财政管理 / 财政与政府债务 / 绩效评价,006财政运行综合绩效评价,006财政运行综合绩效评价R02规则,核查案例涉及的数据、证据和整改链条是否完整一致。,文章案例文本；审计事项清单；问题线索台账；审计证据资料；预算指标表；财政支出明细,风险词命中/数据缺失/证据不一致/指标偏离/流程缺陷,命中对象、风险等级、证据资料、核查建议,D:\openclaw-workspace\knowledge\11-杂志文献\财政监督\006财 政 运 行 综 合 绩 效 评 价.md,P0
MAGFIN-0013-R01,MAGFIN-0013,金融审计 / 国企审计 / 监督检查与经费舞弊,006财政监督论,006财政监督论R01规则,按案例主题识别同类事项中的风险特征并生成疑点。,文章案例文本；审计事项清单；问题线索台账；审计证据资料；预算指标表；财政支出明细,风险词命中/数据缺失/证据不一致/指标偏离/流程缺陷,命中对象、风险等级、证据资料、核查建议,D:\openclaw-workspace\knowledge\11-杂志文献\财政监督\006财政监督论.md,P0
MAGFIN-0013-R02,MAGFIN-0013,金融审计 / 国企审计 / 监督检查与经费舞弊,006财政监督论,006财政监督论R02规则,核查案例涉及的数据、证据和整改链条是否完整一致。,文章案例文本；审计事项清单；问题线索台账；审计证据资料；预算指标表；财政支出明细,风险词命中/数据缺失/证据不一致/指标偏离/流程缺陷,命中对象、风险等级、证据资料、核查建议,D:\openclaw-workspace\knowledge\11-杂志文献\财政监督\006财政监督论.md,P0
MAGSUPV-0077-R01,MAGSUPV-0077,监督检查与经费舞弊 / 全场景通用 / 金融审计,006预算绩效评价理念嬗变及基本问题,006预算绩效评价理念嬗变及基本问题R01规则,按案例主题识别同类事项中的风险特征并生成疑点。,文章案例文本；审计事项清单；问题线索台账；审计证据资料；预算指标表；财政支出明细,风险词命中/数据缺失/证据不一致/指标偏离/流程缺陷,命中对象、风险等级、证据资料、核查建议,D:\openclaw-workspace\knowledge\11-杂志文献\财政监督\006预算绩效评价理念嬗变及基本问题.md,P0
MAGSUPV-0077-R02,MAGSUPV-0077,监督检查与经费舞弊 / 全场景通用 / 金融审计,006预算绩效评价理念嬗变及基本问题,006预算绩效评价理念嬗变及基本问题R02规则,核查案例涉及的数据、证据和整改链条是否完整一致。,文章案例文本；审计事项清单；问题线索台账；审计证据资料；预算指标表；财政支出明细,风险词命中/数据缺失/证据不一致/指标偏离/流程缺陷,命中对象、风险等级、证据资料、核查建议,D:\openclaw-workspace\knowledge\11-杂志文献\财政监督\006预算绩效评价理念嬗变及基本问题.md,P0
MAGSOC-0012-R01,MAGSOC-0012,民生与社保医保 / 预算执行与财政管理 / 招投标与政府采购,007如何进一步强化财政暂付款监管,007如何进一步强化财政暂付款监管R01规则,按案例主题识别同类事项中的风险特征并生成疑点。,文章案例文本；审计事项清单；问题线索台账；审计证据资料；预算指标表；财政支出明细,风险词命中/数据缺失/证据不一致/指标偏离/流程缺陷,命中对象、风险等级、证据资料、核查建议,D:\openclaw-workspace\knowledge\11-杂志文献\财政监督\007如何进一步强化财政暂付款监管.md,P0
MAGSOC-0012-R02,MAGSOC-0012,民生与社保医保 / 预算执行与财政管理 / 招投标与政府采购,007如何进一步强化财政暂付款监管,007如何进一步强化财政暂付款监管R02规则,核查案例涉及的数据、证据和整改链条是否完整一致。,文章案例文本；审计事项清单；问题线索台账；审计证据资料；预算指标表；财政支出明细,风险词命中/数据缺失/证据不一致/指标偏离/流程缺陷,命中对象、风险等级、证据资料、核查建议,D:\openclaw-workspace\knowledge\11-杂志文献\财政监督\007如何进一步强化财政暂付款监管.md,P0
MAGBUD-0010-R01,MAGBUD-0010,预算执行与财政管理 / 财政与政府债务 / 绩效评价,007把握重点突破难点逐步推进财政运行综合绩效评价全覆盖,007把握重点突破难点逐步推进财政运行综合绩效评价全覆盖R01规则,按案例主题识别同类事项中的风险特征并生成疑点。,文章案例文本；审计事项清单；问题线索台账；审计证据资料；预算指标表；财政支出明细,风险词命中/数据缺失/证据不一致/指标偏离/流程缺陷,命中对象、风险等级、证据资料、核查建议,D:\openclaw-workspace\knowledge\11-杂志文献\财政监督\007把握重点突破难点逐步推进财政运行综合绩效评价全覆盖.md,P1
MAGBUD-0010-R02,MAGBUD-0010,预算执行与财政管理 / 财政与政府债务 / 绩效评价,007把握重点突破难点逐步推进财政运行综合绩效评价全覆盖,007把握重点突破难点逐步推进财政运行综合绩效评价全覆盖R02规则,核查案例涉及的数据、证据和整改链条是否完整一致。,文章案例文本；审计事项清单；问题线索台账；审计证据资料；预算指标表；财政支出明细,风险词命中/数据缺失/证据不一致/指标偏离/流程缺陷,命中对象、风险等级、证据资料、核查建议,D:\openclaw-workspace\knowledge\11-杂志文献\财政监督\007把握重点突破难点逐步推进财政运行综合绩效评价全覆盖.md,P1
MAGSUPV-0078-R01,MAGSUPV-0078,监督检查与经费舞弊 / 全场景通用 / 金融审计,007新时代政府预算绩效管理的现实与前瞻,007新时代政府预算绩效管理的现实与前瞻R01规则,按案例主题识别同类事项中的风险特征并生成疑点。,文章案例文本；审计事项清单；问题线索台账；审计证据资料；预算指标表；财政支出明细,风险词命中/数据缺失/证据不一致/指标偏离/流程缺陷,命中对象、风险等级、证据资料、核查建议,D:\openclaw-workspace\knowledge\11-杂志文献\财政监督\007新时代政府预算绩效管理的现实与前瞻.md,P0
MAGSUPV-0078-R02,MAGSUPV-0078,监督检查与经费舞弊 / 全场景通用 / 金融审计,007新时代政府预算绩效管理的现实与前瞻,007新时代政府预算绩效管理的现实与前瞻R02规则,核查案例涉及的数据、证据和整改链条是否完整一致。,文章案例文本；审计事项清单；问题线索台账；审计证据资料；预算指标表；财政支出明细,风险词命中/数据缺失/证据不一致/指标偏离/流程缺陷,命中对象、风险等级、证据资料、核查建议,D:\openclaw-workspace\knowledge\11-杂志文献\财政监督\007新时代政府预算绩效管理的现实与前瞻.md,P0
MAGBUD-0011-R01,MAGBUD-0011,预算执行与财政管理 / 财政与政府债务 / 绩效评价,007财务运行综合绩效评价：怎么评？如何用？（上）,007财务运行综合绩效评价：怎么评？如何用？（上）R01规则,按案例主题识别同类事项中的风险特征并生成疑点。,文章案例文本；审计事项清单；问题线索台账；审计证据资料；预算指标表；财政支出明细,风险词命中/数据缺失/证据不一致/指标偏离/流程缺陷,命中对象、风险等级、证据资料、核查建议,D:\openclaw-workspace\knowledge\11-杂志文献\财政监督\007财务运行综合绩效评价：怎么评？如何用？（上）.md,P0
MAGBUD-0011-R02,MAGBUD-0011,预算执行与财政管理 / 财政与政府债务 / 绩效评价,007财务运行综合绩效评价：怎么评？如何用？（上）,007财务运行综合绩效评价：怎么评？如何用？（上）R02规则,核查案例涉及的数据、证据和整改链条是否完整一致。,文章案例文本；审计事项清单；问题线索台账；审计证据资料；预算指标表；财政支出明细,风险词命中/数据缺失/证据不一致/指标偏离/流程缺陷,命中对象、风险等级、证据资料、核查建议,D:\openclaw-workspace\knowledge\11-杂志文献\财政监督\007财务运行综合绩效评价：怎么评？如何用？（上）.md,P0
MAGBUD-0012-R01,MAGBUD-0012,预算执行与财政管理 / 财政与政府债务 / 绩效评价,008中国式现代化是以人为核心的现代化,008中国式现代化是以人为核心的现代化R01规则,按案例主题识别同类事项中的风险特征并生成疑点。,文章案例文本；审计事项清单；问题线索台账；审计证据资料；预算指标表；财政支出明细,风险词命中/数据缺失/证据不一致/指标偏离/流程缺陷,命中对象、风险等级、证据资料、核查建议,D:\openclaw-workspace\knowledge\11-杂志文献\财政监督\008中国式现代化是以人为核心的现代化.md,P0
MAGBUD-0012-R02,MAGBUD-0012,预算执行与财政管理 / 财政与政府债务 / 绩效评价,008中国式现代化是以人为核心的现代化,008中国式现代化是以人为核心的现代化R02规则,核查案例涉及的数据、证据和整改链条是否完整一致。,文章案例文本；审计事项清单；问题线索台账；审计证据资料；预算指标表；财政支出明细,风险词命中/数据缺失/证据不一致/指标偏离/流程缺陷,命中对象、风险等级、证据资料、核查建议,D:\openclaw-workspace\knowledge\11-杂志文献\财政监督\008中国式现代化是以人为核心的现代化.md,P0
MAGBUD-0013-R01,MAGBUD-0013,预算执行与财政管理 / 财政与政府债务 / 绩效评价,008成本预算绩效分析中的成本标准核定方法分析,008成本预算绩效分析中的成本标准核定方法分析R01规则,按案例主题识别同类事项中的风险特征并生成疑点。,文章案例文本；审计事项清单；问题线索台账；审计证据资料；预算指标表；财政支出明细,风险词命中/数据缺失/证据不一致/指标偏离/流程缺陷,命中对象、风险等级、证据资料、核查建议,D:\openclaw-workspace\knowledge\11-杂志文献\财政监督\008成本预算绩效分析中的成本标准核定方法分析.md,P1
MAGBUD-0013-R02,MAGBUD-0013,预算执行与财政管理 / 财政与政府债务 / 绩效评价,008成本预算绩效分析中的成本标准核定方法分析,008成本预算绩效分析中的成本标准核定方法分析R02规则,核查案例涉及的数据、证据和整改链条是否完整一致。,文章案例文本；审计事项清单；问题线索台账；审计证据资料；预算指标表；财政支出明细,风险词命中/数据缺失/证据不一致/指标偏离/流程缺陷,命中对象、风险等级、证据资料、核查建议,D:\openclaw-workspace\knowledge\11-杂志文献\财政监督\008成本预算绩效分析中的成本标准核定方法分析.md,P1
MAGBUD-0014-R01,MAGBUD-0014,预算执行与财政管理 / 财政与政府债务 / 绩效评价,008探索构建符合省、市、县、乡镇特点多层次的财政运行综合绩效评价指标体,008探索构建符合省、市、县、乡镇特点多层次的财政运行综合绩效评价指标体R01规则,按案例主题识别同类事项中的风险特征并生成疑点。,文章案例文本；审计事项清单；问题线索台账；审计证据资料；预算指标表；财政支出明细,风险词命中/数据缺失/证据不一致/指标偏离/流程缺陷,命中对象、风险等级、证据资料、核查建议,D:\openclaw-workspace\knowledge\11-杂志文献\财政监督\008探索构建符合省、市、县、乡镇特点多层次的财政运行综合绩效评价指标体系.md,P0
MAGBUD-0014-R02,MAGBUD-0014,预算执行与财政管理 / 财政与政府债务 / 绩效评价,008探索构建符合省、市、县、乡镇特点多层次的财政运行综合绩效评价指标体,008探索构建符合省、市、县、乡镇特点多层次的财政运行综合绩效评价指标体R02规则,核查案例涉及的数据、证据和整改链条是否完整一致。,文章案例文本；审计事项清单；问题线索台账；审计证据资料；预算指标表；财政支出明细,风险词命中/数据缺失/证据不一致/指标偏离/流程缺陷,命中对象、风险等级、证据资料、核查建议,D:\openclaw-workspace\knowledge\11-杂志文献\财政监督\008探索构建符合省、市、县、乡镇特点多层次的财政运行综合绩效评价指标体系.md,P0
MAGTAX-0007-R01,MAGTAX-0007,税务审计 / 预算执行与财政管理 / 财政与政府债务,008构建“三全”预算绩效管理体系做实财政运行综合绩效评价,008构建“三全”预算绩效管理体系做实财政运行综合绩效评价R01规则,按案例主题识别同类事项中的风险特征并生成疑点。,文章案例文本；审计事项清单；问题线索台账；审计证据资料；预算指标表；财政支出明细,风险词命中/数据缺失/证据不一致/指标偏离/流程缺陷,命中对象、风险等级、证据资料、核查建议,D:\openclaw-workspace\knowledge\11-杂志文献\财政监督\008构建“三全”预算绩效管理体系做实财政运行综 合绩效评价.md,P0
MAGTAX-0007-R02,MAGTAX-0007,税务审计 / 预算执行与财政管理 / 财政与政府债务,008构建“三全”预算绩效管理体系做实财政运行综合绩效评价,008构建“三全”预算绩效管理体系做实财政运行综合绩效评价R02规则,核查案例涉及的数据、证据和整改链条是否完整一致。,文章案例文本；审计事项清单；问题线索台账；审计证据资料；预算指标表；财政支出明细,风险词命中/数据缺失/证据不一致/指标偏离/流程缺陷,命中对象、风险等级、证据资料、核查建议,D:\openclaw-workspace\knowledge\11-杂志文献\财政监督\008构建“三全”预算绩效管理体系做实财政运行综 合绩效评价.md,P0
MAGAGR-0012-R01,MAGAGR-0012,农业农村审计 / 金融审计 / 财政与政府债务,009因地制宜探索创新财政运行综合绩效评价实践,009因地制宜探索创新财政运行综合绩效评价实践R01规则,按案例主题识别同类事项中的风险特征并生成疑点。,文章案例文本；审计事项清单；问题线索台账；审计证据资料；预算指标表；财政支出明细,风险词命中/数据缺失/证据不一致/指标偏离/流程缺陷,命中对象、风险等级、证据资料、核查建议,D:\openclaw-workspace\knowledge\11-杂志文献\财政监督\009因地制宜探索创新财政运行综合绩效评价实践.md,P0
MAGAGR-0012-R02,MAGAGR-0012,农业农村审计 / 金融审计 / 财政与政府债务,009因地制宜探索创新财政运行综合绩效评价实践,009因地制宜探索创新财政运行综合绩效评价实践R02规则,核查案例涉及的数据、证据和整改链条是否完整一致。,文章案例文本；审计事项清单；问题线索台账；审计证据资料；预算指标表；财政支出明细,风险词命中/数据缺失/证据不一致/指标偏离/流程缺陷,命中对象、风险等级、证据资料、核查建议,D:\openclaw-workspace\knowledge\11-杂志文献\财政监督\009因地制宜探索创新财政运行综合绩效评价实践.md,P0
MAGBUD-0015-R01,MAGBUD-0015,预算执行与财政管理 / 财政与政府债务 / 绩效评价,009多措并举推进财政运行综合绩效评价结果运用,009多措并举推进财政运行综合绩效评价结果运用R01规则,按案例主题识别同类事项中的风险特征并生成疑点。,文章案例文本；审计事项清单；问题线索台账；审计证据资料；预算指标表；财政支出明细,风险词命中/数据缺失/证据不一致/指标偏离/流程缺陷,命中对象、风险等级、证据资料、核查建议,D:\openclaw-workspace\knowledge\11-杂志文献\财政监督\009多措并举推进财政运行综合绩效评价结果运用.md,P0
MAGBUD-0015-R02,MAGBUD-0015,预算执行与财政管理 / 财政与政府债务 / 绩效评价,009多措并举推进财政运行综合绩效评价结果运用,009多措并举推进财政运行综合绩效评价结果运用R02规则,核查案例涉及的数据、证据和整改链条是否完整一致。,文章案例文本；审计事项清单；问题线索台账；审计证据资料；预算指标表；财政支出明细,风险词命中/数据缺失/证据不一致/指标偏离/流程缺陷,命中对象、风险等级、证据资料、核查建议,D:\openclaw-workspace\knowledge\11-杂志文献\财政监督\009多措并举推进财政运行综合绩效评价结果运用.md,P0
MAGSUPV-0079-R01,MAGSUPV-0079,监督检查与经费舞弊 / 全场景通用 / 金融审计,009牢基础、强监管：新时代改进代理记账工作再加力(上),009牢基础、强监管：新时代改进代理记账工作再加力(上)R01规则,按案例主题识别同类事项中的风险特征并生成疑点。,文章案例文本；审计事项清单；问题线索台账；审计证据资料；内控制度；会计凭证,风险词命中/数据缺失/证据不一致/指标偏离/流程缺陷,命中对象、风险等级、证据资料、核查建议,D:\openclaw-workspace\knowledge\11-杂志文献\财政监督\009牢基础、强监管：新时代改进代理记 账工作再加力(上).md,P0
MAGSUPV-0079-R02,MAGSUPV-0079,监督检查与经费舞弊 / 全场景通用 / 金融审计,009牢基础、强监管：新时代改进代理记账工作再加力(上),009牢基础、强监管：新时代改进代理记账工作再加力(上)R02规则,核查案例涉及的数据、证据和整改链条是否完整一致。,文章案例文本；审计事项清单；问题线索台账；审计证据资料；内控制度；会计凭证,风险词命中/数据缺失/证据不一致/指标偏离/流程缺陷,命中对象、风险等级、证据资料、核查建议,D:\openclaw-workspace\knowledge\11-杂志文献\财政监督\009牢基础、强监管：新时代改进代理记 账工作再加力(上).md,P0
MAGSOC-0013-R01,MAGSOC-0013,民生与社保医保 / 预算执行与财政管理 / 招投标与政府采购,010关于数字化转型背景下政务信息化项目事前绩效评估的思考,010关于数字化转型背景下政务信息化项目事前绩效评估的思考R01规则,按案例主题识别同类事项中的风险特征并生成疑点。,文章案例文本；审计事项清单；问题线索台账；审计证据资料；预算指标表；财政支出明细,风险词命中/数据缺失/证据不一致/指标偏离/流程缺陷,命中对象、风险等级、证据资料、核查建议,D:\openclaw-workspace\knowledge\11-杂志文献\财政监督\010关于数字化转型背景下政务信息化项目事前绩效评估的思考.md,P0
MAGSOC-0013-R02,MAGSOC-0013,民生与社保医保 / 预算执行与财政管理 / 招投标与政府采购,010关于数字化转型背景下政务信息化项目事前绩效评估的思考,010关于数字化转型背景下政务信息化项目事前绩效评估的思考R02规则,核查案例涉及的数据、证据和整改链条是否完整一致。,文章案例文本；审计事项清单；问题线索台账；审计证据资料；预算指标表；财政支出明细,风险词命中/数据缺失/证据不一致/指标偏离/流程缺陷,命中对象、风险等级、证据资料、核查建议,D:\openclaw-workspace\knowledge\11-杂志文献\财政监督\010关于数字化转型背景下政务信息化项目事前绩效评估的思考.md,P0
MAGFIN-0014-R01,MAGFIN-0014,金融审计 / 国企审计 / 监督检查与经费舞弊,010推动财政重点绩效评价结果应用的思考,010推动财政重点绩效评价结果应用的思考R01规则,按案例主题识别同类事项中的风险特征并生成疑点。,文章案例文本；审计事项清单；问题线索台账；审计证据资料；预算指标表；财政支出明细,风险词命中/数据缺失/证据不一致/指标偏离/流程缺陷,命中对象、风险等级、证据资料、核查建议,D:\openclaw-workspace\knowledge\11-杂志文献\财政监督\010推动财政重点绩效评价结果应用的思考.md,P0
MAGFIN-0014-R02,MAGFIN-0014,金融审计 / 国企审计 / 监督检查与经费舞弊,010推动财政重点绩效评价结果应用的思考,010推动财政重点绩效评价结果应用的思考R02规则,核查案例涉及的数据、证据和整改链条是否完整一致。,文章案例文本；审计事项清单；问题线索台账；审计证据资料；预算指标表；财政支出明细,风险词命中/数据缺失/证据不一致/指标偏离/流程缺陷,命中对象、风险等级、证据资料、核查建议,D:\openclaw-workspace\knowledge\11-杂志文献\财政监督\010推动财政重点绩效评价结果应用的思考.md,P0
MAGBUD-0016-R01,MAGBUD-0016,预算执行与财政管理 / 财政与政府债务 / 绩效评价,010部门整体支出绩效评价框架体系优化设计,010部门整体支出绩效评价框架体系优化设计R01规则,按案例主题识别同类事项中的风险特征并生成疑点。,文章案例文本；审计事项清单；问题线索台账；审计证据资料；预算指标表；财政支出明细,风险词命中/数据缺失/证据不一致/指标偏离/流程缺陷,命中对象、风险等级、证据资料、核查建议,D:\openclaw-workspace\knowledge\11-杂志文献\财政监督\010部门整体支出绩效评价框架体系优化设计.md,P0
MAGBUD-0016-R02,MAGBUD-0016,预算执行与财政管理 / 财政与政府债务 / 绩效评价,010部门整体支出绩效评价框架体系优化设计,010部门整体支出绩效评价框架体系优化设计R02规则,核查案例涉及的数据、证据和整改链条是否完整一致。,文章案例文本；审计事项清单；问题线索台账；审计证据资料；预算指标表；财政支出明细,风险词命中/数据缺失/证据不一致/指标偏离/流程缺陷,命中对象、风险等级、证据资料、核查建议,D:\openclaw-workspace\knowledge\11-杂志文献\财政监督\010部门整体支出绩效评价框架体系优化设计.md,P0
MAGBUD-0017-R01,MAGBUD-0017,预算执行与财政管理 / 财政与政府债务 / 绩效评价,011关于基层出台财政部门预算绩效评价工作实施细则的设想,011关于基层出台财政部门预算绩效评价工作实施细则的设想R01规则,按案例主题识别同类事项中的风险特征并生成疑点。,文章案例文本；审计事项清单；问题线索台账；审计证据资料；预算指标表；财政支出明细,风险词命中/数据缺失/证据不一致/指标偏离/流程缺陷,命中对象、风险等级、证据资料、核查建议,D:\openclaw-workspace\knowledge\11-杂志文献\财政监督\011关于基层出台财政部门预算绩效评价工作实施细则的设想.md,P0
MAGBUD-0017-R02,MAGBUD-0017,预算执行与财政管理 / 财政与政府债务 / 绩效评价,011关于基层出台财政部门预算绩效评价工作实施细则的设想,011关于基层出台财政部门预算绩效评价工作实施细则的设想R02规则,核查案例涉及的数据、证据和整改链条是否完整一致。,文章案例文本；审计事项清单；问题线索台账；审计证据资料；预算指标表；财政支出明细,风险词命中/数据缺失/证据不一致/指标偏离/流程缺陷,命中对象、风险等级、证据资料、核查建议,D:\openclaw-workspace\knowledge\11-杂志文献\财政监督\011关于基层出台财政部门预算绩效评价工作实施细则的设想.md,P0
MAGSOC-0014-R01,MAGSOC-0014,民生与社保医保 / 预算执行与财政管理 / 招投标与政府采购,011打造政策绩效评估新模式助力实体经济高质量发展,011打造政策绩效评估新模式助力实体经济高质量发展R01规则,按案例主题识别同类事项中的风险特征并生成疑点。,文章案例文本；审计事项清单；问题线索台账；审计证据资料；预算指标表；财政支出明细,风险词命中/数据缺失/证据不一致/指标偏离/流程缺陷,命中对象、风险等级、证据资料、核查建议,D:\openclaw-workspace\knowledge\11-杂志文献\财政监督\011打造政策绩效评估新模式助力实体经济高质量发展.md,P0
MAGSOC-0014-R02,MAGSOC-0014,民生与社保医保 / 预算执行与财政管理 / 招投标与政府采购,011打造政策绩效评估新模式助力实体经济高质量发展,011打造政策绩效评估新模式助力实体经济高质量发展R02规则,核查案例涉及的数据、证据和整改链条是否完整一致。,文章案例文本；审计事项清单；问题线索台账；审计证据资料；预算指标表；财政支出明细,风险词命中/数据缺失/证据不一致/指标偏离/流程缺陷,命中对象、风险等级、证据资料、核查建议,D:\openclaw-workspace\knowledge\11-杂志文献\财政监督\011打造政策绩效评估新模式助力实体经济高质量发展.md,P0
MAGSUPV-0080-R01,MAGSUPV-0080,监督检查与经费舞弊 / 全场景通用 / 金融审计,011深化结果应用推进财政“大绩效”管理提质增效,011深化结果应用推进财政“大绩效”管理提质增效R01规则,按案例主题识别同类事项中的风险特征并生成疑点。,文章案例文本；审计事项清单；问题线索台账；审计证据资料；预算指标表；财政支出明细,风险词命中/数据缺失/证据不一致/指标偏离/流程缺陷,命中对象、风险等级、证据资料、核查建议,D:\openclaw-workspace\knowledge\11-杂志文献\财政监督\011深化结果应用推进财政“大绩效”管理提质增效.md,P1
MAGSUPV-0080-R02,MAGSUPV-0080,监督检查与经费舞弊 / 全场景通用 / 金融审计,011深化结果应用推进财政“大绩效”管理提质增效,011深化结果应用推进财政“大绩效”管理提质增效R02规则,核查案例涉及的数据、证据和整改链条是否完整一致。,文章案例文本；审计事项清单；问题线索台账；审计证据资料；预算指标表；财政支出明细,风险词命中/数据缺失/证据不一致/指标偏离/流程缺陷,命中对象、风险等级、证据资料、核查建议,D:\openclaw-workspace\knowledge\11-杂志文献\财政监督\011深化结果应用推进财政“大绩效”管理提质增效.md,P1
MAGSOC-0015-R01,MAGSOC-0015,民生与社保医保 / 预算执行与财政管理 / 招投标与政府采购,012全面实施预算绩效管理的地方实践,012全面实施预算绩效管理的地方实践R01规则,按案例主题识别同类事项中的风险特征并生成疑点。,文章案例文本；审计事项清单；问题线索台账；审计证据资料；预算指标表；财政支出明细,风险词命中/数据缺失/证据不一致/指标偏离/流程缺陷,命中对象、风险等级、证据资料、核查建议,D:\openclaw-workspace\knowledge\11-杂志文献\财政监督\012全面实施预算绩效管理的地方实践.md,P0
MAGSOC-0015-R02,MAGSOC-0015,民生与社保医保 / 预算执行与财政管理 / 招投标与政府采购,012全面实施预算绩效管理的地方实践,012全面实施预算绩效管理的地方实践R02规则,核查案例涉及的数据、证据和整改链条是否完整一致。,文章案例文本；审计事项清单；问题线索台账；审计证据资料；预算指标表；财政支出明细,风险词命中/数据缺失/证据不一致/指标偏离/流程缺陷,命中对象、风险等级、证据资料、核查建议,D:\openclaw-workspace\knowledge\11-杂志文献\财政监督\012全面实施预算绩效管理的地方实践.md,P0
MAGSOC-0016-R01,MAGSOC-0016,民生与社保医保 / 预算执行与财政管理 / 招投标与政府采购,012绩效管理导向下派出所经费保障的全成本分析,012绩效管理导向下派出所经费保障的全成本分析R01规则,按案例主题识别同类事项中的风险特征并生成疑点。,文章案例文本；审计事项清单；问题线索台账；审计证据资料；预算指标表；财政支出明细,风险词命中/数据缺失/证据不一致/指标偏离/流程缺陷,命中对象、风险等级、证据资料、核查建议,D:\openclaw-workspace\knowledge\11-杂志文献\财政监督\012绩效管理导向下派出所经费保障的全成本分析.md,P0
MAGSOC-0016-R02,MAGSOC-0016,民生与社保医保 / 预算执行与财政管理 / 招投标与政府采购,012绩效管理导向下派出所经费保障的全成本分析,012绩效管理导向下派出所经费保障的全成本分析R02规则,核查案例涉及的数据、证据和整改链条是否完整一致。,文章案例文本；审计事项清单；问题线索台账；审计证据资料；预算指标表；财政支出明细,风险词命中/数据缺失/证据不一致/指标偏离/流程缺陷,命中对象、风险等级、证据资料、核查建议,D:\openclaw-workspace\knowledge\11-杂志文献\财政监督\012绩效管理导向下派出所经费保障的全成本分析.md,P0
MAGAGR-0013-R01,MAGAGR-0013,农业农村审计 / 金融审计 / 财政与政府债务,012衔接推进乡村振兴补助资金绩效评价实践探索,012衔接推进乡村振兴补助资金绩效评价实践探索R01规则,按案例主题识别同类事项中的风险特征并生成疑点。,文章案例文本；审计事项清单；问题线索台账；审计证据资料；预算指标表；财政支出明细,风险词命中/数据缺失/证据不一致/指标偏离/流程缺陷,命中对象、风险等级、证据资料、核查建议,D:\openclaw-workspace\knowledge\11-杂志文献\财政监督\012衔接推进乡村振兴补助资金绩效评价实践探索.md,P0
MAGAGR-0013-R02,MAGAGR-0013,农业农村审计 / 金融审计 / 财政与政府债务,012衔接推进乡村振兴补助资金绩效评价实践探索,012衔接推进乡村振兴补助资金绩效评价实践探索R02规则,核查案例涉及的数据、证据和整改链条是否完整一致。,文章案例文本；审计事项清单；问题线索台账；审计证据资料；预算指标表；财政支出明细,风险词命中/数据缺失/证据不一致/指标偏离/流程缺陷,命中对象、风险等级、证据资料、核查建议,D:\openclaw-workspace\knowledge\11-杂志文献\财政监督\012衔接推进乡村振兴补助资金绩效评价实践探索.md,P0
MAGBUD-0018-R01,MAGBUD-0018,预算执行与财政管理 / 财政与政府债务 / 绩效评价,013基于业财融合的中央高校预算绩效管理实践探讨,013基于业财融合的中央高校预算绩效管理实践探讨R01规则,按案例主题识别同类事项中的风险特征并生成疑点。,文章案例文本；审计事项清单；问题线索台账；审计证据资料；预算指标表；财政支出明细,风险词命中/数据缺失/证据不一致/指标偏离/流程缺陷,命中对象、风险等级、证据资料、核查建议,D:\openclaw-workspace\knowledge\11-杂志文献\财政监督\013基于业财融合的中央高校预算绩效管理实践探讨.md,P0
MAGBUD-0018-R02,MAGBUD-0018,预算执行与财政管理 / 财政与政府债务 / 绩效评价,013基于业财融合的中央高校预算绩效管理实践探讨,013基于业财融合的中央高校预算绩效管理实践探讨R02规则,核查案例涉及的数据、证据和整改链条是否完整一致。,文章案例文本；审计事项清单；问题线索台账；审计证据资料；预算指标表；财政支出明细,风险词命中/数据缺失/证据不一致/指标偏离/流程缺陷,命中对象、风险等级、证据资料、核查建议,D:\openclaw-workspace\knowledge\11-杂志文献\财政监督\013基于业财融合的中央高校预算绩效管理实践探讨.md,P0
MAGTAX-0008-R01,MAGTAX-0008,税务审计 / 预算执行与财政管理 / 财政与政府债务,013巩固深化主题教育成果推动财政监管工作走深走实,013巩固深化主题教育成果推动财政监管工作走深走实R01规则,按案例主题识别同类事项中的风险特征并生成疑点。,文章案例文本；审计事项清单；问题线索台账；审计证据资料；预算指标表；财政支出明细,风险词命中/数据缺失/证据不一致/指标偏离/流程缺陷,命中对象、风险等级、证据资料、核查建议,D:\openclaw-workspace\knowledge\11-杂志文献\财政监督\013巩固深化主题教育成果推动财政监管工作走深走实.md,P1
MAGTAX-0008-R02,MAGTAX-0008,税务审计 / 预算执行与财政管理 / 财政与政府债务,013巩固深化主题教育成果推动财政监管工作走深走实,013巩固深化主题教育成果推动财政监管工作走深走实R02规则,核查案例涉及的数据、证据和整改链条是否完整一致。,文章案例文本；审计事项清单；问题线索台账；审计证据资料；预算指标表；财政支出明细,风险词命中/数据缺失/证据不一致/指标偏离/流程缺陷,命中对象、风险等级、证据资料、核查建议,D:\openclaw-workspace\knowledge\11-杂志文献\财政监督\013巩固深化主题教育成果推动财政监管工作走深走实.md,P1
MAGSUPV-0081-R01,MAGSUPV-0081,监督检查与经费舞弊 / 全场景通用 / 金融审计,013深化绩效改革与财会监督贯通协调的探讨,013深化绩效改革与财会监督贯通协调的探讨R01规则,按案例主题识别同类事项中的风险特征并生成疑点。,文章案例文本；审计事项清单；问题线索台账；审计证据资料；绩效目标表；绩效评价指标,风险词命中/数据缺失/证据不一致/指标偏离/流程缺陷,命中对象、风险等级、证据资料、核查建议,D:\openclaw-workspace\knowledge\11-杂志文献\财政监督\013深化绩效改革与财会监督贯通协调的探讨.md,P0
MAGSUPV-0081-R02,MAGSUPV-0081,监督检查与经费舞弊 / 全场景通用 / 金融审计,013深化绩效改革与财会监督贯通协调的探讨,013深化绩效改革与财会监督贯通协调的探讨R02规则,核查案例涉及的数据、证据和整改链条是否完整一致。,文章案例文本；审计事项清单；问题线索台账；审计证据资料；绩效目标表；绩效评价指标,风险词命中/数据缺失/证据不一致/指标偏离/流程缺陷,命中对象、风险等级、证据资料、核查建议,D:\openclaw-workspace\knowledge\11-杂志文献\财政监督\013深化绩效改革与财会监督贯通协调的探讨.md,P0
MAGSOC-0017-R01,MAGSOC-0017,民生与社保医保 / 预算执行与财政管理 / 招投标与政府采购,014提升政府购买服务监管质效,014提升政府购买服务监管质效R01规则,按案例主题识别同类事项中的风险特征并生成疑点。,文章案例文本；审计事项清单；问题线索台账；审计证据资料；预算指标表；财政支出明细,风险词命中/数据缺失/证据不一致/指标偏离/流程缺陷,命中对象、风险等级、证据资料、核查建议,D:\openclaw-workspace\knowledge\11-杂志文献\财政监督\014提升政府购买服务监管质效.md,P0
MAGSOC-0017-R02,MAGSOC-0017,民生与社保医保 / 预算执行与财政管理 / 招投标与政府采购,014提升政府购买服务监管质效,014提升政府购买服务监管质效R02规则,核查案例涉及的数据、证据和整改链条是否完整一致。,文章案例文本；审计事项清单；问题线索台账；审计证据资料；预算指标表；财政支出明细,风险词命中/数据缺失/证据不一致/指标偏离/流程缺陷,命中对象、风险等级、证据资料、核查建议,D:\openclaw-workspace\knowledge\11-杂志文献\财政监督\014提升政府购买服务监管质效.md,P0
MAGBUD-0019-R01,MAGBUD-0019,预算执行与财政管理 / 财政与政府债务 / 绩效评价,014提升行政事业单位财会监督质效的思考,014提升行政事业单位财会监督质效的思考R01规则,按案例主题识别同类事项中的风险特征并生成疑点。,文章案例文本；审计事项清单；问题线索台账；审计证据资料；预算指标表；财政支出明细,风险词命中/数据缺失/证据不一致/指标偏离/流程缺陷,命中对象、风险等级、证据资料、核查建议,D:\openclaw-workspace\knowledge\11-杂志文献\财政监督\014提升行政事业单位财会监督质效的思考.md,P1
MAGBUD-0019-R02,MAGBUD-0019,预算执行与财政管理 / 财政与政府债务 / 绩效评价,014提升行政事业单位财会监督质效的思考,014提升行政事业单位财会监督质效的思考R02规则,核查案例涉及的数据、证据和整改链条是否完整一致。,文章案例文本；审计事项清单；问题线索台账；审计证据资料；预算指标表；财政支出明细,风险词命中/数据缺失/证据不一致/指标偏离/流程缺陷,命中对象、风险等级、证据资料、核查建议,D:\openclaw-workspace\knowledge\11-杂志文献\财政监督\014提升行政事业单位财会监督质效的思考.md,P1
MAGSOC-0018-R01,MAGSOC-0018,民生与社保医保 / 预算执行与财政管理 / 招投标与政府采购,014数智化赋能财会监督人才培养研究,014数智化赋能财会监督人才培养研究R01规则,按案例主题识别同类事项中的风险特征并生成疑点。,文章案例文本；审计事项清单；问题线索台账；审计证据资料；预算指标表；财政支出明细,风险词命中/数据缺失/证据不一致/指标偏离/流程缺陷,命中对象、风险等级、证据资料、核查建议,D:\openclaw-workspace\knowledge\11-杂志文献\财政监督\014数智化赋能财会监督人才培养研究.md,P0
MAGSOC-0018-R02,MAGSOC-0018,民生与社保医保 / 预算执行与财政管理 / 招投标与政府采购,014数智化赋能财会监督人才培养研究,014数智化赋能财会监督人才培养研究R02规则,核查案例涉及的数据、证据和整改链条是否完整一致。,文章案例文本；审计事项清单；问题线索台账；审计证据资料；预算指标表；财政支出明细,风险词命中/数据缺失/证据不一致/指标偏离/流程缺陷,命中对象、风险等级、证据资料、核查建议,D:\openclaw-workspace\knowledge\11-杂志文献\财政监督\014数智化赋能财会监督人才培养研究.md,P0
MAGSUPV-0082-R01,MAGSUPV-0082,监督检查与经费舞弊 / 全场景通用 / 金融审计,015应用“区块链”提升财会监督能力的探讨,015应用“区块链”提升财会监督能力的探讨R01规则,按案例主题识别同类事项中的风险特征并生成疑点。,文章案例文本；审计事项清单；问题线索台账；审计证据资料；内控制度；会计凭证,风险词命中/数据缺失/证据不一致/指标偏离/流程缺陷,命中对象、风险等级、证据资料、核查建议,D:\openclaw-workspace\knowledge\11-杂志文献\财政监督\015应用“区块链”提升财会监督能力的探讨.md,P0
MAGSUPV-0082-R02,MAGSUPV-0082,监督检查与经费舞弊 / 全场景通用 / 金融审计,015应用“区块链”提升财会监督能力的探讨,015应用“区块链”提升财会监督能力的探讨R02规则,核查案例涉及的数据、证据和整改链条是否完整一致。,文章案例文本；审计事项清单；问题线索台账；审计证据资料；内控制度；会计凭证,风险词命中/数据缺失/证据不一致/指标偏离/流程缺陷,命中对象、风险等级、证据资料、核查建议,D:\openclaw-workspace\knowledge\11-杂志文献\财政监督\015应用“区块链”提升财会监督能力的探讨.md,P0
MAGSUPV-0083-R01,MAGSUPV-0083,监督检查与经费舞弊 / 全场景通用 / 金融审计,015财会监督横向协同与纵向联动实践探索,015财会监督横向协同与纵向联动实践探索R01规则,按案例主题识别同类事项中的风险特征并生成疑点。,文章案例文本；审计事项清单；问题线索台账；审计证据资料；内控制度；会计凭证,风险词命中/数据缺失/证据不一致/指标偏离/流程缺陷,命中对象、风险等级、证据资料、核查建议,D:\openclaw-workspace\knowledge\11-杂志文献\财政监督\015财会监督横向协同与纵向联动实践探索.md,P0
MAGSUPV-0083-R02,MAGSUPV-0083,监督检查与经费舞弊 / 全场景通用 / 金融审计,015财会监督横向协同与纵向联动实践探索,015财会监督横向协同与纵向联动实践探索R02规则,核查案例涉及的数据、证据和整改链条是否完整一致。,文章案例文本；审计事项清单；问题线索台账；审计证据资料；内控制度；会计凭证,风险词命中/数据缺失/证据不一致/指标偏离/流程缺陷,命中对象、风险等级、证据资料、核查建议,D:\openclaw-workspace\knowledge\11-杂志文献\财政监督\015财会监督横向协同与纵向联动实践探索.md,P0
MAGBUD-0020-R01,MAGBUD-0020,预算执行与财政管理 / 财政与政府债务 / 绩效评价,015高质量推进财会监督人才库建设,015高质量推进财会监督人才库建设R01规则,按案例主题识别同类事项中的风险特征并生成疑点。,文章案例文本；审计事项清单；问题线索台账；审计证据资料；预算指标表；财政支出明细,风险词命中/数据缺失/证据不一致/指标偏离/流程缺陷,命中对象、风险等级、证据资料、核查建议,D:\openclaw-workspace\knowledge\11-杂志文献\财政监督\015高质量推进财会监督人才库建设.md,P0
MAGBUD-0020-R02,MAGBUD-0020,预算执行与财政管理 / 财政与政府债务 / 绩效评价,015高质量推进财会监督人才库建设,015高质量推进财会监督人才库建设R02规则,核查案例涉及的数据、证据和整改链条是否完整一致。,文章案例文本；审计事项清单；问题线索台账；审计证据资料；预算指标表；财政支出明细,风险词命中/数据缺失/证据不一致/指标偏离/流程缺陷,命中对象、风险等级、证据资料、核查建议,D:\openclaw-workspace\knowledge\11-杂志文献\财政监督\015高质量推进财会监督人才库建设.md,P0
MAGTAX-0009-R01,MAGTAX-0009,税务审计 / 预算执行与财政管理 / 财政与政府债务,016基于预算管理一体化的内控信息化路径探索,016基于预算管理一体化的内控信息化路径探索R01规则,按案例主题识别同类事项中的风险特征并生成疑点。,文章案例文本；审计事项清单；问题线索台账；审计证据资料；预算指标表；财政支出明细,风险词命中/数据缺失/证据不一致/指标偏离/流程缺陷,命中对象、风险等级、证据资料、核查建议,D:\openclaw-workspace\knowledge\11-杂志文献\财政监督\016基于预算管理一体化的内控信息化路径探索.md,P1
MAGTAX-0009-R02,MAGTAX-0009,税务审计 / 预算执行与财政管理 / 财政与政府债务,016基于预算管理一体化的内控信息化路径探索,016基于预算管理一体化的内控信息化路径探索R02规则,核查案例涉及的数据、证据和整改链条是否完整一致。,文章案例文本；审计事项清单；问题线索台账；审计证据资料；预算指标表；财政支出明细,风险词命中/数据缺失/证据不一致/指标偏离/流程缺陷,命中对象、风险等级、证据资料、核查建议,D:\openclaw-workspace\knowledge\11-杂志文献\财政监督\016基于预算管理一体化的内控信息化路径探索.md,P1
MAGBUD-0021-R01,MAGBUD-0021,预算执行与财政管理 / 财政与政府债务 / 绩效评价,016推进内控考评深化内控管理,016推进内控考评深化内控管理R01规则,按案例主题识别同类事项中的风险特征并生成疑点。,文章案例文本；审计事项清单；问题线索台账；审计证据资料；预算指标表；财政支出明细,风险词命中/数据缺失/证据不一致/指标偏离/流程缺陷,命中对象、风险等级、证据资料、核查建议,D:\openclaw-workspace\knowledge\11-杂志文献\财政监督\016推进内控考评深化内控管理.md,P1
MAGBUD-0021-R02,MAGBUD-0021,预算执行与财政管理 / 财政与政府债务 / 绩效评价,016推进内控考评深化内控管理,016推进内控考评深化内控管理R02规则,核查案例涉及的数据、证据和整改链条是否完整一致。,文章案例文本；审计事项清单；问题线索台账；审计证据资料；预算指标表；财政支出明细,风险词命中/数据缺失/证据不一致/指标偏离/流程缺陷,命中对象、风险等级、证据资料、核查建议,D:\openclaw-workspace\knowledge\11-杂志文献\财政监督\016推进内控考评深化内控管理.md,P1
MAGAGR-0014-R01,MAGAGR-0014,农业农村审计 / 金融审计 / 财政与政府债务,016财政部宁波监管局,016财政部宁波监管局R01规则,按案例主题识别同类事项中的风险特征并生成疑点。,文章案例文本；审计事项清单；问题线索台账；审计证据资料；预算指标表；财政支出明细,风险词命中/数据缺失/证据不一致/指标偏离/流程缺陷,命中对象、风险等级、证据资料、核查建议,D:\openclaw-workspace\knowledge\11-杂志文献\财政监督\016财政部宁波监管局.md,P1
MAGAGR-0014-R02,MAGAGR-0014,农业农村审计 / 金融审计 / 财政与政府债务,016财政部宁波监管局,016财政部宁波监管局R02规则,核查案例涉及的数据、证据和整改链条是否完整一致。,文章案例文本；审计事项清单；问题线索台账；审计证据资料；预算指标表；财政支出明细,风险词命中/数据缺失/证据不一致/指标偏离/流程缺陷,命中对象、风险等级、证据资料、核查建议,D:\openclaw-workspace\knowledge\11-杂志文献\财政监督\016财政部宁波监管局.md,P1
MAGSOC-0019-R01,MAGSOC-0019,民生与社保医保 / 预算执行与财政管理 / 招投标与政府采购,017医疗保障经办机构内控制度建设的实践困境与路径优化,017医疗保障经办机构内控制度建设的实践困境与路径优化R01规则,按案例主题识别同类事项中的风险特征并生成疑点。,文章案例文本；审计事项清单；问题线索台账；审计证据资料；预算指标表；财政支出明细,风险词命中/数据缺失/证据不一致/指标偏离/流程缺陷,命中对象、风险等级、证据资料、核查建议,D:\openclaw-workspace\knowledge\11-杂志文献\财政监督\017医疗保障经办机构内控制度建设的实践困境与路径优化.md,P1
MAGSOC-0019-R02,MAGSOC-0019,民生与社保医保 / 预算执行与财政管理 / 招投标与政府采购,017医疗保障经办机构内控制度建设的实践困境与路径优化,017医疗保障经办机构内控制度建设的实践困境与路径优化R02规则,核查案例涉及的数据、证据和整改链条是否完整一致。,文章案例文本；审计事项清单；问题线索台账；审计证据资料；预算指标表；财政支出明细,风险词命中/数据缺失/证据不一致/指标偏离/流程缺陷,命中对象、风险等级、证据资料、核查建议,D:\openclaw-workspace\knowledge\11-杂志文献\财政监督\017医疗保障经办机构内控制度建设的实践困境与路径优化.md,P1
MAGBUD-0022-R01,MAGBUD-0022,预算执行与财政管理 / 财政与政府债务 / 绩效评价,017抓纲举目促规范积厚成势启新程,017抓纲举目促规范积厚成势启新程R01规则,按案例主题识别同类事项中的风险特征并生成疑点。,文章案例文本；审计事项清单；问题线索台账；审计证据资料；预算指标表；财政支出明细,风险词命中/数据缺失/证据不一致/指标偏离/流程缺陷,命中对象、风险等级、证据资料、核查建议,D:\openclaw-workspace\knowledge\11-杂志文献\财政监督\017抓纲举目促规范积厚成势启新程.md,P1
MAGBUD-0022-R02,MAGBUD-0022,预算执行与财政管理 / 财政与政府债务 / 绩效评价,017抓纲举目促规范积厚成势启新程,017抓纲举目促规范积厚成势启新程R02规则,核查案例涉及的数据、证据和整改链条是否完整一致。,文章案例文本；审计事项清单；问题线索台账；审计证据资料；预算指标表；财政支出明细,风险词命中/数据缺失/证据不一致/指标偏离/流程缺陷,命中对象、风险等级、证据资料、核查建议,D:\openclaw-workspace\knowledge\11-杂志文献\财政监督\017抓纲举目促规范积厚成势启新程.md,P1
MAGAGR-0015-R01,MAGAGR-0015,农业农村审计 / 金融审计 / 财政与政府债务,017省直管县后财政转移支付问题研究,017省直管县后财政转移支付问题研究R01规则,按案例主题识别同类事项中的风险特征并生成疑点。,文章案例文本；审计事项清单；问题线索台账；审计证据资料；预算指标表；财政支出明细,风险词命中/数据缺失/证据不一致/指标偏离/流程缺陷,命中对象、风险等级、证据资料、核查建议,D:\openclaw-workspace\knowledge\11-杂志文献\财政监督\017省直管县后财政转移支付问题研究.md,P0
MAGAGR-0015-R02,MAGAGR-0015,农业农村审计 / 金融审计 / 财政与政府债务,017省直管县后财政转移支付问题研究,017省直管县后财政转移支付问题研究R02规则,核查案例涉及的数据、证据和整改链条是否完整一致。,文章案例文本；审计事项清单；问题线索台账；审计证据资料；预算指标表；财政支出明细,风险词命中/数据缺失/证据不一致/指标偏离/流程缺陷,命中对象、风险等级、证据资料、核查建议,D:\openclaw-workspace\knowledge\11-杂志文献\财政监督\017省直管县后财政转移支付问题研究.md,P0
MAGAGR-0016-R01,MAGAGR-0016,农业农村审计 / 金融审计 / 财政与政府债务,018人人充当监督员助力县域经济高质量发展,018人人充当监督员助力县域经济高质量发展R01规则,按案例主题识别同类事项中的风险特征并生成疑点。,文章案例文本；审计事项清单；问题线索台账；审计证据资料；预算指标表；财政支出明细,风险词命中/数据缺失/证据不一致/指标偏离/流程缺陷,命中对象、风险等级、证据资料、核查建议,D:\openclaw-workspace\knowledge\11-杂志文献\财政监督\018人人充当监督员助力县域经济高质量发展.md,P0
MAGAGR-0016-R02,MAGAGR-0016,农业农村审计 / 金融审计 / 财政与政府债务,018人人充当监督员助力县域经济高质量发展,018人人充当监督员助力县域经济高质量发展R02规则,核查案例涉及的数据、证据和整改链条是否完整一致。,文章案例文本；审计事项清单；问题线索台账；审计证据资料；预算指标表；财政支出明细,风险词命中/数据缺失/证据不一致/指标偏离/流程缺陷,命中对象、风险等级、证据资料、核查建议,D:\openclaw-workspace\knowledge\11-杂志文献\财政监督\018人人充当监督员助力县域经济高质量发展.md,P0
MAGSOC-0020-R01,MAGSOC-0020,民生与社保医保 / 预算执行与财政管理 / 招投标与政府采购,018按效付费下的PPP项目物有所值目标研究,018按效付费下的PPP项目物有所值目标研究R01规则,按案例主题识别同类事项中的风险特征并生成疑点。,文章案例文本；审计事项清单；问题线索台账；审计证据资料；预算指标表；财政支出明细,风险词命中/数据缺失/证据不一致/指标偏离/流程缺陷,命中对象、风险等级、证据资料、核查建议,D:\openclaw-workspace\knowledge\11-杂志文献\财政监督\018按效付费下的PPP 项目物有所值目标研究.md,P0
MAGSOC-0020-R02,MAGSOC-0020,民生与社保医保 / 预算执行与财政管理 / 招投标与政府采购,018按效付费下的PPP项目物有所值目标研究,018按效付费下的PPP项目物有所值目标研究R02规则,核查案例涉及的数据、证据和整改链条是否完整一致。,文章案例文本；审计事项清单；问题线索台账；审计证据资料；预算指标表；财政支出明细,风险词命中/数据缺失/证据不一致/指标偏离/流程缺陷,命中对象、风险等级、证据资料、核查建议,D:\openclaw-workspace\knowledge\11-杂志文献\财政监督\018按效付费下的PPP 项目物有所值目标研究.md,P0
MAGAGR-0017-R01,MAGAGR-0017,农业农村审计 / 金融审计 / 财政与政府债务,018碳中和目标下德国绿色预算实践的审视与借鉴,018碳中和目标下德国绿色预算实践的审视与借鉴R01规则,按案例主题识别同类事项中的风险特征并生成疑点。,文章案例文本；审计事项清单；问题线索台账；审计证据资料；预算指标表；财政支出明细,风险词命中/数据缺失/证据不一致/指标偏离/流程缺陷,命中对象、风险等级、证据资料、核查建议,D:\openclaw-workspace\knowledge\11-杂志文献\财政监督\018碳中和目标下德国绿色预算实践的审视与借鉴.md,P0
MAGAGR-0017-R02,MAGAGR-0017,农业农村审计 / 金融审计 / 财政与政府债务,018碳中和目标下德国绿色预算实践的审视与借鉴,018碳中和目标下德国绿色预算实践的审视与借鉴R02规则,核查案例涉及的数据、证据和整改链条是否完整一致。,文章案例文本；审计事项清单；问题线索台账；审计证据资料；预算指标表；财政支出明细,风险词命中/数据缺失/证据不一致/指标偏离/流程缺陷,命中对象、风险等级、证据资料、核查建议,D:\openclaw-workspace\knowledge\11-杂志文献\财政监督\018碳中和目标下德国绿色预算实践的审视与借鉴.md,P0
MAGFIN-0015-R01,MAGFIN-0015,金融审计 / 国企审计 / 监督检查与经费舞弊,019政府引导基金中财政资金的体制性困境与出路,019政府引导基金中财政资金的体制性困境与出路R01规则,按案例主题识别同类事项中的风险特征并生成疑点。,文章案例文本；审计事项清单；问题线索台账；审计证据资料；预算指标表；财政支出明细,风险词命中/数据缺失/证据不一致/指标偏离/流程缺陷,命中对象、风险等级、证据资料、核查建议,D:\openclaw-workspace\knowledge\11-杂志文献\财政监督\019政府引导基金中财政资金的体制性困境与出路.md,P0
MAGFIN-0015-R02,MAGFIN-0015,金融审计 / 国企审计 / 监督检查与经费舞弊,019政府引导基金中财政资金的体制性困境与出路,019政府引导基金中财政资金的体制性困境与出路R02规则,核查案例涉及的数据、证据和整改链条是否完整一致。,文章案例文本；审计事项清单；问题线索台账；审计证据资料；预算指标表；财政支出明细,风险词命中/数据缺失/证据不一致/指标偏离/流程缺陷,命中对象、风险等级、证据资料、核查建议,D:\openclaw-workspace\knowledge\11-杂志文献\财政监督\019政府引导基金中财政资金的体制性困境与出路.md,P0
MAGBUD-0023-R01,MAGBUD-0023,预算执行与财政管理 / 财政与政府债务 / 绩效评价,019新政府会计制度下事业单位固定资产管理问题及优化研究,019新政府会计制度下事业单位固定资产管理问题及优化研究R01规则,按案例主题识别同类事项中的风险特征并生成疑点。,文章案例文本；审计事项清单；问题线索台账；审计证据资料；预算指标表；财政支出明细,风险词命中/数据缺失/证据不一致/指标偏离/流程缺陷,命中对象、风险等级、证据资料、核查建议,D:\openclaw-workspace\knowledge\11-杂志文献\财政监督\019新政府会计制度下事业单位固定资产管理 问题及优化研究.md,P0
MAGBUD-0023-R02,MAGBUD-0023,预算执行与财政管理 / 财政与政府债务 / 绩效评价,019新政府会计制度下事业单位固定资产管理问题及优化研究,019新政府会计制度下事业单位固定资产管理问题及优化研究R02规则,核查案例涉及的数据、证据和整改链条是否完整一致。,文章案例文本；审计事项清单；问题线索台账；审计证据资料；预算指标表；财政支出明细,风险词命中/数据缺失/证据不一致/指标偏离/流程缺陷,命中对象、风险等级、证据资料、核查建议,D:\openclaw-workspace\knowledge\11-杂志文献\财政监督\019新政府会计制度下事业单位固定资产管理 问题及优化研究.md,P0
MAGBUD-0024-R01,MAGBUD-0024,预算执行与财政管理 / 财政与政府债务 / 绩效评价,019浅析科学事业单位基本建设经费管理,019浅析科学事业单位基本建设经费管理R01规则,按案例主题识别同类事项中的风险特征并生成疑点。,文章案例文本；审计事项清单；问题线索台账；审计证据资料；预算指标表；财政支出明细,风险词命中/数据缺失/证据不一致/指标偏离/流程缺陷,命中对象、风险等级、证据资料、核查建议,D:\openclaw-workspace\knowledge\11-杂志文献\财政监督\019浅析科学事业单位基本建设经费管理.md,P1
MAGBUD-0024-R02,MAGBUD-0024,预算执行与财政管理 / 财政与政府债务 / 绩效评价,019浅析科学事业单位基本建设经费管理,019浅析科学事业单位基本建设经费管理R02规则,核查案例涉及的数据、证据和整改链条是否完整一致。,文章案例文本；审计事项清单；问题线索台账；审计证据资料；预算指标表；财政支出明细,风险词命中/数据缺失/证据不一致/指标偏离/流程缺陷,命中对象、风险等级、证据资料、核查建议,D:\openclaw-workspace\knowledge\11-杂志文献\财政监督\019浅析科学事业单位基本建设经费管理.md,P1
MAGTAX-0010-R01,MAGTAX-0010,税务审计 / 预算执行与财政管理 / 财政与政府债务,020企业构建世界一流财务管理体系的实践探索,020企业构建世界一流财务管理体系的实践探索R01规则,按案例主题识别同类事项中的风险特征并生成疑点。,文章案例文本；审计事项清单；问题线索台账；审计证据资料；预算指标表；财政支出明细,风险词命中/数据缺失/证据不一致/指标偏离/流程缺陷,命中对象、风险等级、证据资料、核查建议,D:\openclaw-workspace\knowledge\11-杂志文献\财政监督\020企业构建世界一流财务管理体系的实践探索.md,P0
MAGTAX-0010-R02,MAGTAX-0010,税务审计 / 预算执行与财政管理 / 财政与政府债务,020企业构建世界一流财务管理体系的实践探索,020企业构建世界一流财务管理体系的实践探索R02规则,核查案例涉及的数据、证据和整改链条是否完整一致。,文章案例文本；审计事项清单；问题线索台账；审计证据资料；预算指标表；财政支出明细,风险词命中/数据缺失/证据不一致/指标偏离/流程缺陷,命中对象、风险等级、证据资料、核查建议,D:\openclaw-workspace\knowledge\11-杂志文献\财政监督\020企业构建世界一流财务管理体系的实践探索.md,P0
MAGBUD-0025-R01,MAGBUD-0025,预算执行与财政管理 / 财政与政府债务 / 绩效评价,020内部模拟市场助力企业提质增效,020内部模拟市场助力企业提质增效R01规则,按案例主题识别同类事项中的风险特征并生成疑点。,文章案例文本；审计事项清单；问题线索台账；审计证据资料；预算指标表；财政支出明细,风险词命中/数据缺失/证据不一致/指标偏离/流程缺陷,命中对象、风险等级、证据资料、核查建议,D:\openclaw-workspace\knowledge\11-杂志文献\财政监督\020内部模拟市场助力企业提质增效.md,P0
MAGBUD-0025-R02,MAGBUD-0025,预算执行与财政管理 / 财政与政府债务 / 绩效评价,020内部模拟市场助力企业提质增效,020内部模拟市场助力企业提质增效R02规则,核查案例涉及的数据、证据和整改链条是否完整一致。,文章案例文本；审计事项清单；问题线索台账；审计证据资料；预算指标表；财政支出明细,风险词命中/数据缺失/证据不一致/指标偏离/流程缺陷,命中对象、风险等级、证据资料、核查建议,D:\openclaw-workspace\knowledge\11-杂志文献\财政监督\020内部模拟市场助力企业提质增效.md,P0
MAGSOC-0021-R01,MAGSOC-0021,民生与社保医保 / 预算执行与财政管理 / 招投标与政府采购,020防范地方政府性债务风险的对策建议,020防范地方政府性债务风险的对策建议R01规则,按案例主题识别同类事项中的风险特征并生成疑点。,文章案例文本；审计事项清单；问题线索台账；审计证据资料；预算指标表；财政支出明细,风险词命中/数据缺失/证据不一致/指标偏离/流程缺陷,命中对象、风险等级、证据资料、核查建议,D:\openclaw-workspace\knowledge\11-杂志文献\财政监督\020防范地方政府性债务风险的对策建议.md,P0
MAGSOC-0021-R02,MAGSOC-0021,民生与社保医保 / 预算执行与财政管理 / 招投标与政府采购,020防范地方政府性债务风险的对策建议,020防范地方政府性债务风险的对策建议R02规则,核查案例涉及的数据、证据和整改链条是否完整一致。,文章案例文本；审计事项清单；问题线索台账；审计证据资料；预算指标表；财政支出明细,风险词命中/数据缺失/证据不一致/指标偏离/流程缺陷,命中对象、风险等级、证据资料、核查建议,D:\openclaw-workspace\knowledge\11-杂志文献\财政监督\020防范地方政府性债务风险的对策建议.md,P0
MAGSUPV-0084-R01,MAGSUPV-0084,监督检查与经费舞弊 / 全场景通用 / 金融审计,021ERP审计模块在大型企业内部审计中的应用探析,021ERP审计模块在大型企业内部审计中的应用探析R01规则,按案例主题识别同类事项中的风险特征并生成疑点。,文章案例文本；审计事项清单；问题线索台账；审计证据资料；内控制度；会计凭证,风险词命中/数据缺失/证据不一致/指标偏离/流程缺陷,命中对象、风险等级、证据资料、核查建议,D:\openclaw-workspace\knowledge\11-杂志文献\财政监督\021ERP审计模块在大型企业内部审计中的应用探析.md,P0
MAGSUPV-0084-R02,MAGSUPV-0084,监督检查与经费舞弊 / 全场景通用 / 金融审计,021ERP审计模块在大型企业内部审计中的应用探析,021ERP审计模块在大型企业内部审计中的应用探析R02规则,核查案例涉及的数据、证据和整改链条是否完整一致。,文章案例文本；审计事项清单；问题线索台账；审计证据资料；内控制度；会计凭证,风险词命中/数据缺失/证据不一致/指标偏离/流程缺陷,命中对象、风险等级、证据资料、核查建议,D:\openclaw-workspace\knowledge\11-杂志文献\财政监督\021ERP审计模块在大型企业内部审计中的应用探析.md,P0
MAGTAX-0011-R01,MAGTAX-0011,税务审计 / 预算执行与财政管理 / 财政与政府债务,021基于平衡记分卡的Z烟草工业企业综合绩效管理体系构建,021基于平衡记分卡的Z烟草工业企业综合绩效管理体系构建R01规则,按案例主题识别同类事项中的风险特征并生成疑点。,文章案例文本；审计事项清单；问题线索台账；审计证据资料；预算指标表；财政支出明细,风险词命中/数据缺失/证据不一致/指标偏离/流程缺陷,命中对象、风险等级、证据资料、核查建议,D:\openclaw-workspace\knowledge\11-杂志文献\财政监督\021基于平衡记分卡的Z 烟草工业企业综合绩效管理体系构建.md,P0
MAGTAX-0011-R02,MAGTAX-0011,税务审计 / 预算执行与财政管理 / 财政与政府债务,021基于平衡记分卡的Z烟草工业企业综合绩效管理体系构建,021基于平衡记分卡的Z烟草工业企业综合绩效管理体系构建R02规则,核查案例涉及的数据、证据和整改链条是否完整一致。,文章案例文本；审计事项清单；问题线索台账；审计证据资料；预算指标表；财政支出明细,风险词命中/数据缺失/证据不一致/指标偏离/流程缺陷,命中对象、风险等级、证据资料、核查建议,D:\openclaw-workspace\knowledge\11-杂志文献\财政监督\021基于平衡记分卡的Z 烟草工业企业综合绩效管理体系构建.md,P0
MAGBUD-0026-R01,MAGBUD-0026,预算执行与财政管理 / 财政与政府债务 / 绩效评价,021电网信息资本项目全价值链财务数智化管控探索,021电网信息资本项目全价值链财务数智化管控探索R01规则,按案例主题识别同类事项中的风险特征并生成疑点。,文章案例文本；审计事项清单；问题线索台账；审计证据资料；预算指标表；财政支出明细,风险词命中/数据缺失/证据不一致/指标偏离/流程缺陷,命中对象、风险等级、证据资料、核查建议,D:\openclaw-workspace\knowledge\11-杂志文献\财政监督\021电网信息资本项目全价值链财务数智化管控探索.md,P0
MAGBUD-0026-R02,MAGBUD-0026,预算执行与财政管理 / 财政与政府债务 / 绩效评价,021电网信息资本项目全价值链财务数智化管控探索,021电网信息资本项目全价值链财务数智化管控探索R02规则,核查案例涉及的数据、证据和整改链条是否完整一致。,文章案例文本；审计事项清单；问题线索台账；审计证据资料；预算指标表；财政支出明细,风险词命中/数据缺失/证据不一致/指标偏离/流程缺陷,命中对象、风险等级、证据资料、核查建议,D:\openclaw-workspace\knowledge\11-杂志文献\财政监督\021电网信息资本项目全价值链财务数智化管控探索.md,P0
MAGBUD-0027-R01,MAGBUD-0027,预算执行与财政管理 / 财政与政府债务 / 绩效评价,022基于哈佛分析框架的Z烟草工业企业财务,022基于哈佛分析框架的Z烟草工业企业财务R01规则,按案例主题识别同类事项中的风险特征并生成疑点。,文章案例文本；审计事项清单；问题线索台账；审计证据资料；预算指标表；财政支出明细,风险词命中/数据缺失/证据不一致/指标偏离/流程缺陷,命中对象、风险等级、证据资料、核查建议,D:\openclaw-workspace\knowledge\11-杂志文献\财政监督\022基于哈佛分析框架的Z 烟草工业企业财务.md,P0
MAGBUD-0027-R02,MAGBUD-0027,预算执行与财政管理 / 财政与政府债务 / 绩效评价,022基于哈佛分析框架的Z烟草工业企业财务,022基于哈佛分析框架的Z烟草工业企业财务R02规则,核查案例涉及的数据、证据和整改链条是否完整一致。,文章案例文本；审计事项清单；问题线索台账；审计证据资料；预算指标表；财政支出明细,风险词命中/数据缺失/证据不一致/指标偏离/流程缺陷,命中对象、风险等级、证据资料、核查建议,D:\openclaw-workspace\knowledge\11-杂志文献\财政监督\022基于哈佛分析框架的Z 烟草工业企业财务.md,P0
MAGBUD-0028-R01,MAGBUD-0028,预算执行与财政管理 / 财政与政府债务 / 绩效评价,023新兴产业风险防控体系建设探索与实践,023新兴产业风险防控体系建设探索与实践R01规则,按案例主题识别同类事项中的风险特征并生成疑点。,文章案例文本；审计事项清单；问题线索台账；审计证据资料；预算指标表；财政支出明细,风险词命中/数据缺失/证据不一致/指标偏离/流程缺陷,命中对象、风险等级、证据资料、核查建议,D:\openclaw-workspace\knowledge\11-杂志文献\财政监督\023新兴产业风险防控体系建设探索与实践.md,P0
MAGBUD-0028-R02,MAGBUD-0028,预算执行与财政管理 / 财政与政府债务 / 绩效评价,023新兴产业风险防控体系建设探索与实践,023新兴产业风险防控体系建设探索与实践R02规则,核查案例涉及的数据、证据和整改链条是否完整一致。,文章案例文本；审计事项清单；问题线索台账；审计证据资料；预算指标表；财政支出明细,风险词命中/数据缺失/证据不一致/指标偏离/流程缺陷,命中对象、风险等级、证据资料、核查建议,D:\openclaw-workspace\knowledge\11-杂志文献\财政监督\023新兴产业风险防控体系建设探索与实践.md,P0
MAGAGR-0018-R01,MAGAGR-0018,农业农村审计 / 金融审计 / 财政与政府债务,中国式现代化进程中省以下财政体制改革探讨,中国式现代化进程中省以下财政体制改革探讨R01规则,按案例主题识别同类事项中的风险特征并生成疑点。,文章案例文本；审计事项清单；问题线索台账；审计证据资料；预算指标表；财政支出明细,风险词命中/数据缺失/证据不一致/指标偏离/流程缺陷,命中对象、风险等级、证据资料、核查建议,D:\openclaw-workspace\knowledge\11-杂志文献\财政监督\1.中国式现代化进程中省以下财政体制改革探讨.md,P1
MAGAGR-0018-R02,MAGAGR-0018,农业农村审计 / 金融审计 / 财政与政府债务,中国式现代化进程中省以下财政体制改革探讨,中国式现代化进程中省以下财政体制改革探讨R02规则,核查案例涉及的数据、证据和整改链条是否完整一致。,文章案例文本；审计事项清单；问题线索台账；审计证据资料；预算指标表；财政支出明细,风险词命中/数据缺失/证据不一致/指标偏离/流程缺陷,命中对象、风险等级、证据资料、核查建议,D:\openclaw-workspace\knowledge\11-杂志文献\财政监督\1.中国式现代化进程中省以下财政体制改革探讨.md,P1
MAGBUD-0029-R01,MAGBUD-0029,预算执行与财政管理 / 财政与政府债务 / 绩效评价,借专项行动东风寻常态化预算执行监督之道,借专项行动东风寻常态化预算执行监督之道R01规则,按案例主题识别同类事项中的风险特征并生成疑点。,文章案例文本；审计事项清单；问题线索台账；审计证据资料；预算指标表；财政支出明细,风险词命中/数据缺失/证据不一致/指标偏离/流程缺陷,命中对象、风险等级、证据资料、核查建议,D:\openclaw-workspace\knowledge\11-杂志文献\财政监督\1.借专项行动东风寻常态化预算执行监督之道.md,P1
MAGBUD-0029-R02,MAGBUD-0029,预算执行与财政管理 / 财政与政府债务 / 绩效评价,借专项行动东风寻常态化预算执行监督之道,借专项行动东风寻常态化预算执行监督之道R02规则,核查案例涉及的数据、证据和整改链条是否完整一致。,文章案例文本；审计事项清单；问题线索台账；审计证据资料；预算指标表；财政支出明细,风险词命中/数据缺失/证据不一致/指标偏离/流程缺陷,命中对象、风险等级、证据资料、核查建议,D:\openclaw-workspace\knowledge\11-杂志文献\财政监督\1.借专项行动东风寻常态化预算执行监督之道.md,P1
MAGSUPV-0085-R01,MAGSUPV-0085,监督检查与经费舞弊 / 全场景通用 / 金融审计,进一步加强财会监督工作的意见,进一步加强财会监督工作的意见R01规则,按案例主题识别同类事项中的风险特征并生成疑点。,文章案例文本；审计事项清单；问题线索台账；审计证据资料；内控制度；会计凭证,风险词命中/数据缺失/证据不一致/指标偏离/流程缺陷,命中对象、风险等级、证据资料、核查建议,D:\openclaw-workspace\knowledge\11-杂志文献\财政监督\1.关于进一步加强财会监督工作的意见.md,P1
MAGSUPV-0085-R02,MAGSUPV-0085,监督检查与经费舞弊 / 全场景通用 / 金融审计,进一步加强财会监督工作的意见,进一步加强财会监督工作的意见R02规则,核查案例涉及的数据、证据和整改链条是否完整一致。,文章案例文本；审计事项清单；问题线索台账；审计证据资料；内控制度；会计凭证,风险词命中/数据缺失/证据不一致/指标偏离/流程缺陷,命中对象、风险等级、证据资料、核查建议,D:\openclaw-workspace\knowledge\11-杂志文献\财政监督\1.关于进一步加强财会监督工作的意见.md,P1
MAGBUD-0030-R01,MAGBUD-0030,预算执行与财政管理 / 财政与政府债务 / 绩效评价,切实保障政府采购绩效评价脱虚向实,切实保障政府采购绩效评价脱虚向实R01规则,按案例主题识别同类事项中的风险特征并生成疑点。,文章案例文本；审计事项清单；问题线索台账；审计证据资料；预算指标表；财政支出明细,风险词命中/数据缺失/证据不一致/指标偏离/流程缺陷,命中对象、风险等级、证据资料、核查建议,D:\openclaw-workspace\knowledge\11-杂志文献\财政监督\1.切实保障政府采购绩效评价脱虚向实.md,P1
MAGBUD-0030-R02,MAGBUD-0030,预算执行与财政管理 / 财政与政府债务 / 绩效评价,切实保障政府采购绩效评价脱虚向实,切实保障政府采购绩效评价脱虚向实R02规则,核查案例涉及的数据、证据和整改链条是否完整一致。,文章案例文本；审计事项清单；问题线索台账；审计证据资料；预算指标表；财政支出明细,风险词命中/数据缺失/证据不一致/指标偏离/流程缺陷,命中对象、风险等级、证据资料、核查建议,D:\openclaw-workspace\knowledge\11-杂志文献\财政监督\1.切实保障政府采购绩效评价脱虚向实.md,P1
MAGBUD-0031-R01,MAGBUD-0031,预算执行与财政管理 / 财政与政府债务 / 绩效评价,建立财会监督长效机制需要坚定对制度的信念,建立财会监督长效机制需要坚定对制度的信念R01规则,按案例主题识别同类事项中的风险特征并生成疑点。,文章案例文本；审计事项清单；问题线索台账；审计证据资料；预算指标表；财政支出明细,风险词命中/数据缺失/证据不一致/指标偏离/流程缺陷,命中对象、风险等级、证据资料、核查建议,D:\openclaw-workspace\knowledge\11-杂志文献\财政监督\1.建立财会监督长效机制需要坚定对制度的信念.md,P1
MAGBUD-0031-R02,MAGBUD-0031,预算执行与财政管理 / 财政与政府债务 / 绩效评价,建立财会监督长效机制需要坚定对制度的信念,建立财会监督长效机制需要坚定对制度的信念R02规则,核查案例涉及的数据、证据和整改链条是否完整一致。,文章案例文本；审计事项清单；问题线索台账；审计证据资料；预算指标表；财政支出明细,风险词命中/数据缺失/证据不一致/指标偏离/流程缺陷,命中对象、风险等级、证据资料、核查建议,D:\openclaw-workspace\knowledge\11-杂志文献\财政监督\1.建立财会监督长效机制需要坚定对制度的信念.md,P1
MAGBUD-0032-R01,MAGBUD-0032,预算执行与财政管理 / 财政与政府债务 / 绩效评价,控制政务成本：城管制服舆情的启示,控制政务成本：城管制服舆情的启示R01规则,按案例主题识别同类事项中的风险特征并生成疑点。,文章案例文本；审计事项清单；问题线索台账；审计证据资料；预算指标表；财政支出明细,风险词命中/数据缺失/证据不一致/指标偏离/流程缺陷,命中对象、风险等级、证据资料、核查建议,D:\openclaw-workspace\knowledge\11-杂志文献\财政监督\1.控制政务成本：城管制服舆情的启示.md,P1
MAGBUD-0032-R02,MAGBUD-0032,预算执行与财政管理 / 财政与政府债务 / 绩效评价,控制政务成本：城管制服舆情的启示,控制政务成本：城管制服舆情的启示R02规则,核查案例涉及的数据、证据和整改链条是否完整一致。,文章案例文本；审计事项清单；问题线索台账；审计证据资料；预算指标表；财政支出明细,风险词命中/数据缺失/证据不一致/指标偏离/流程缺陷,命中对象、风险等级、证据资料、核查建议,D:\openclaw-workspace\knowledge\11-杂志文献\财政监督\1.控制政务成本：城管制服舆情的启示.md,P1
MAGBUD-0033-R01,MAGBUD-0033,预算执行与财政管理 / 财政与政府债务 / 绩效评价,提高人大预算审查监督的针对性和有效性,提高人大预算审查监督的针对性和有效性R01规则,按案例主题识别同类事项中的风险特征并生成疑点。,文章案例文本；审计事项清单；问题线索台账；审计证据资料；预算指标表；财政支出明细,风险词命中/数据缺失/证据不一致/指标偏离/流程缺陷,命中对象、风险等级、证据资料、核查建议,D:\openclaw-workspace\knowledge\11-杂志文献\财政监督\1.提高人大预算审查监督的针对性和有效性.md,P1
MAGBUD-0033-R02,MAGBUD-0033,预算执行与财政管理 / 财政与政府债务 / 绩效评价,提高人大预算审查监督的针对性和有效性,提高人大预算审查监督的针对性和有效性R02规则,核查案例涉及的数据、证据和整改链条是否完整一致。,文章案例文本；审计事项清单；问题线索台账；审计证据资料；预算指标表；财政支出明细,风险词命中/数据缺失/证据不一致/指标偏离/流程缺陷,命中对象、风险等级、证据资料、核查建议,D:\openclaw-workspace\knowledge\11-杂志文献\财政监督\1.提高人大预算审查监督的针对性和有效性.md,P1
MAGSUPV-0086-R01,MAGSUPV-0086,监督检查与经费舞弊 / 全场景通用 / 金融审计,浙江特色“三位一体”财会监督体系为助力共同富裕“打样”,浙江特色“三位一体”财会监督体系为助力共同富裕“打样”R01规则,按案例主题识别同类事项中的风险特征并生成疑点。,文章案例文本；审计事项清单；问题线索台账；审计证据资料；内控制度；会计凭证,风险词命中/数据缺失/证据不一致/指标偏离/流程缺陷,命中对象、风险等级、证据资料、核查建议,D:\openclaw-workspace\knowledge\11-杂志文献\财政监督\1.浙江特色“三位一体”财会监督体系 为助力共同富裕“打样”.md,P0
MAGSUPV-0086-R02,MAGSUPV-0086,监督检查与经费舞弊 / 全场景通用 / 金融审计,浙江特色“三位一体”财会监督体系为助力共同富裕“打样”,浙江特色“三位一体”财会监督体系为助力共同富裕“打样”R02规则,核查案例涉及的数据、证据和整改链条是否完整一致。,文章案例文本；审计事项清单；问题线索台账；审计证据资料；内控制度；会计凭证,风险词命中/数据缺失/证据不一致/指标偏离/流程缺陷,命中对象、风险等级、证据资料、核查建议,D:\openclaw-workspace\knowledge\11-杂志文献\财政监督\1.浙江特色“三位一体”财会监督体系 为助力共同富裕“打样”.md,P0
MAGSOC-0022-R01,MAGSOC-0022,民生与社保医保 / 预算执行与财政管理 / 招投标与政府采购,用好财政政策工具进一步推进经济回升向好,用好财政政策工具进一步推进经济回升向好R01规则,按案例主题识别同类事项中的风险特征并生成疑点。,文章案例文本；审计事项清单；问题线索台账；审计证据资料；预算指标表；财政支出明细,风险词命中/数据缺失/证据不一致/指标偏离/流程缺陷,命中对象、风险等级、证据资料、核查建议,D:\openclaw-workspace\knowledge\11-杂志文献\财政监督\1.用好财政政策工具进一步推进经济回升向好.md,P1
MAGSOC-0022-R02,MAGSOC-0022,民生与社保医保 / 预算执行与财政管理 / 招投标与政府采购,用好财政政策工具进一步推进经济回升向好,用好财政政策工具进一步推进经济回升向好R02规则,核查案例涉及的数据、证据和整改链条是否完整一致。,文章案例文本；审计事项清单；问题线索台账；审计证据资料；预算指标表；财政支出明细,风险词命中/数据缺失/证据不一致/指标偏离/流程缺陷,命中对象、风险等级、证据资料、核查建议,D:\openclaw-workspace\knowledge\11-杂志文献\财政监督\1.用好财政政策工具进一步推进经济回升向好.md,P1
MAGAGR-0019-R01,MAGAGR-0019,农业农村审计 / 金融审计 / 财政与政府债务,砥砺奋进谱写新时代财政改革发展新篇章,砥砺奋进谱写新时代财政改革发展新篇章R01规则,按案例主题识别同类事项中的风险特征并生成疑点。,文章案例文本；审计事项清单；问题线索台账；审计证据资料；预算指标表；财政支出明细,风险词命中/数据缺失/证据不一致/指标偏离/流程缺陷,命中对象、风险等级、证据资料、核查建议,D:\openclaw-workspace\knowledge\11-杂志文献\财政监督\1.砥砺奋进谱写新时代财政改革发展新篇章.md,P0
MAGAGR-0019-R02,MAGAGR-0019,农业农村审计 / 金融审计 / 财政与政府债务,砥砺奋进谱写新时代财政改革发展新篇章,砥砺奋进谱写新时代财政改革发展新篇章R02规则,核查案例涉及的数据、证据和整改链条是否完整一致。,文章案例文本；审计事项清单；问题线索台账；审计证据资料；预算指标表；财政支出明细,风险词命中/数据缺失/证据不一致/指标偏离/流程缺陷,命中对象、风险等级、证据资料、核查建议,D:\openclaw-workspace\knowledge\11-杂志文献\财政监督\1.砥砺奋进谱写新时代财政改革发展新篇章.md,P0
MAGBUD-0034-R01,MAGBUD-0034,预算执行与财政管理 / 财政与政府债务 / 绩效评价,绩效评价的群众路线,绩效评价的群众路线R01规则,按案例主题识别同类事项中的风险特征并生成疑点。,文章案例文本；审计事项清单；问题线索台账；审计证据资料；预算指标表；财政支出明细,风险词命中/数据缺失/证据不一致/指标偏离/流程缺陷,命中对象、风险等级、证据资料、核查建议,D:\openclaw-workspace\knowledge\11-杂志文献\财政监督\1.绩效评价的群众路线.md,P1
MAGBUD-0034-R02,MAGBUD-0034,预算执行与财政管理 / 财政与政府债务 / 绩效评价,绩效评价的群众路线,绩效评价的群众路线R02规则,核查案例涉及的数据、证据和整改链条是否完整一致。,文章案例文本；审计事项清单；问题线索台账；审计证据资料；预算指标表；财政支出明细,风险词命中/数据缺失/证据不一致/指标偏离/流程缺陷,命中对象、风险等级、证据资料、核查建议,D:\openclaw-workspace\knowledge\11-杂志文献\财政监督\1.绩效评价的群众路线.md,P1
MAGBUD-0035-R01,MAGBUD-0035,预算执行与财政管理 / 财政与政府债务 / 绩效评价,让财政部门内部控制更具智慧,让财政部门内部控制更具智慧R01规则,按案例主题识别同类事项中的风险特征并生成疑点。,文章案例文本；审计事项清单；问题线索台账；审计证据资料；预算指标表；财政支出明细,风险词命中/数据缺失/证据不一致/指标偏离/流程缺陷,命中对象、风险等级、证据资料、核查建议,D:\openclaw-workspace\knowledge\11-杂志文献\财政监督\1.让财政部门内部控制更具智慧.md,P1
MAGBUD-0035-R02,MAGBUD-0035,预算执行与财政管理 / 财政与政府债务 / 绩效评价,让财政部门内部控制更具智慧,让财政部门内部控制更具智慧R02规则,核查案例涉及的数据、证据和整改链条是否完整一致。,文章案例文本；审计事项清单；问题线索台账；审计证据资料；预算指标表；财政支出明细,风险词命中/数据缺失/证据不一致/指标偏离/流程缺陷,命中对象、风险等级、证据资料、核查建议,D:\openclaw-workspace\knowledge\11-杂志文献\财政监督\1.让财政部门内部控制更具智慧.md,P1
MAGTAX-0012-R01,MAGTAX-0012,税务审计 / 预算执行与财政管理 / 财政与政府债务,财政政策评价的基本逻辑,财政政策评价的基本逻辑R01规则,按案例主题识别同类事项中的风险特征并生成疑点。,文章案例文本；审计事项清单；问题线索台账；审计证据资料；预算指标表；财政支出明细,风险词命中/数据缺失/证据不一致/指标偏离/流程缺陷,命中对象、风险等级、证据资料、核查建议,D:\openclaw-workspace\knowledge\11-杂志文献\财政监督\1.财政政策评价的基本逻辑.md,P1
MAGTAX-0012-R02,MAGTAX-0012,税务审计 / 预算执行与财政管理 / 财政与政府债务,财政政策评价的基本逻辑,财政政策评价的基本逻辑R02规则,核查案例涉及的数据、证据和整改链条是否完整一致。,文章案例文本；审计事项清单；问题线索台账；审计证据资料；预算指标表；财政支出明细,风险词命中/数据缺失/证据不一致/指标偏离/流程缺陷,命中对象、风险等级、证据资料、核查建议,D:\openclaw-workspace\knowledge\11-杂志文献\财政监督\1.财政政策评价的基本逻辑.md,P1
MAGAGR-0020-R01,MAGAGR-0020,农业农村审计 / 金融审计 / 财政与政府债务,下级政府财政运行综合绩效评价的问题及优化思路,下级政府财政运行综合绩效评价的问题及优化思路R01规则,按案例主题识别同类事项中的风险特征并生成疑点。,文章案例文本；审计事项清单；问题线索台账；审计证据资料；预算指标表；财政支出明细,风险词命中/数据缺失/证据不一致/指标偏离/流程缺陷,命中对象、风险等级、证据资料、核查建议,D:\openclaw-workspace\knowledge\11-杂志文献\财政监督\10.下级政府财政运行综合绩效评价的问题及优化思路.md,P0
MAGAGR-0020-R02,MAGAGR-0020,农业农村审计 / 金融审计 / 财政与政府债务,下级政府财政运行综合绩效评价的问题及优化思路,下级政府财政运行综合绩效评价的问题及优化思路R02规则,核查案例涉及的数据、证据和整改链条是否完整一致。,文章案例文本；审计事项清单；问题线索台账；审计证据资料；预算指标表；财政支出明细,风险词命中/数据缺失/证据不一致/指标偏离/流程缺陷,命中对象、风险等级、证据资料、核查建议,D:\openclaw-workspace\knowledge\11-杂志文献\财政监督\10.下级政府财政运行综合绩效评价的问题及优化思路.md,P0
MAGSOC-0023-R01,MAGSOC-0023,民生与社保医保 / 预算执行与财政管理 / 招投标与政府采购,共同富裕背景下财政促进就业政策绩效分析,共同富裕背景下财政促进就业政策绩效分析R01规则,按案例主题识别同类事项中的风险特征并生成疑点。,文章案例文本；审计事项清单；问题线索台账；审计证据资料；预算指标表；财政支出明细,风险词命中/数据缺失/证据不一致/指标偏离/流程缺陷,命中对象、风险等级、证据资料、核查建议,D:\openclaw-workspace\knowledge\11-杂志文献\财政监督\10.共同富裕背景下财政促进就业政策绩效分析.md,P0
MAGSOC-0023-R02,MAGSOC-0023,民生与社保医保 / 预算执行与财政管理 / 招投标与政府采购,共同富裕背景下财政促进就业政策绩效分析,共同富裕背景下财政促进就业政策绩效分析R02规则,核查案例涉及的数据、证据和整改链条是否完整一致。,文章案例文本；审计事项清单；问题线索台账；审计证据资料；预算指标表；财政支出明细,风险词命中/数据缺失/证据不一致/指标偏离/流程缺陷,命中对象、风险等级、证据资料、核查建议,D:\openclaw-workspace\knowledge\11-杂志文献\财政监督\10.共同富裕背景下财政促进就业政策绩效分析.md,P0
MAGSOC-0024-R01,MAGSOC-0024,民生与社保医保 / 预算执行与财政管理 / 招投标与政府采购,全面深化预算绩效管理改革的实践与探索,全面深化预算绩效管理改革的实践与探索R01规则,按案例主题识别同类事项中的风险特征并生成疑点。,文章案例文本；审计事项清单；问题线索台账；审计证据资料；预算指标表；财政支出明细,风险词命中/数据缺失/证据不一致/指标偏离/流程缺陷,命中对象、风险等级、证据资料、核查建议,D:\openclaw-workspace\knowledge\11-杂志文献\财政监督\10.关于全面深化预算绩效管理改革的实践与探索.md,P1
MAGSOC-0024-R02,MAGSOC-0024,民生与社保医保 / 预算执行与财政管理 / 招投标与政府采购,全面深化预算绩效管理改革的实践与探索,全面深化预算绩效管理改革的实践与探索R02规则,核查案例涉及的数据、证据和整改链条是否完整一致。,文章案例文本；审计事项清单；问题线索台账；审计证据资料；预算指标表；财政支出明细,风险词命中/数据缺失/证据不一致/指标偏离/流程缺陷,命中对象、风险等级、证据资料、核查建议,D:\openclaw-workspace\knowledge\11-杂志文献\财政监督\10.关于全面深化预算绩效管理改革的实践与探索.md,P1
MAGBUD-0036-R01,MAGBUD-0036,预算执行与财政管理 / 财政与政府债务 / 绩效评价,事前绩效评估的预算绩效管理实践与思考,事前绩效评估的预算绩效管理实践与思考R01规则,按案例主题识别同类事项中的风险特征并生成疑点。,文章案例文本；审计事项清单；问题线索台账；审计证据资料；预算指标表；财政支出明细,风险词命中/数据缺失/证据不一致/指标偏离/流程缺陷,命中对象、风险等级、证据资料、核查建议,D:\openclaw-workspace\knowledge\11-杂志文献\财政监督\10.基于事前绩效评估的预算绩效管理实践与思考.md,P1
MAGBUD-0036-R02,MAGBUD-0036,预算执行与财政管理 / 财政与政府债务 / 绩效评价,事前绩效评估的预算绩效管理实践与思考,事前绩效评估的预算绩效管理实践与思考R02规则,核查案例涉及的数据、证据和整改链条是否完整一致。,文章案例文本；审计事项清单；问题线索台账；审计证据资料；预算指标表；财政支出明细,风险词命中/数据缺失/证据不一致/指标偏离/流程缺陷,命中对象、风险等级、证据资料、核查建议,D:\openclaw-workspace\knowledge\11-杂志文献\财政监督\10.基于事前绩效评估的预算绩效管理实践与思考.md,P1
MAGBUD-0037-R01,MAGBUD-0037,预算执行与财政管理 / 财政与政府债务 / 绩效评价,小议公众评判法在预算绩效管理中的运用,小议公众评判法在预算绩效管理中的运用R01规则,按案例主题识别同类事项中的风险特征并生成疑点。,文章案例文本；审计事项清单；问题线索台账；审计证据资料；预算指标表；财政支出明细,风险词命中/数据缺失/证据不一致/指标偏离/流程缺陷,命中对象、风险等级、证据资料、核查建议,D:\openclaw-workspace\knowledge\11-杂志文献\财政监督\10.小议公众评判法在预算绩效管理中的运用.md,P0
MAGBUD-0037-R02,MAGBUD-0037,预算执行与财政管理 / 财政与政府债务 / 绩效评价,小议公众评判法在预算绩效管理中的运用,小议公众评判法在预算绩效管理中的运用R02规则,核查案例涉及的数据、证据和整改链条是否完整一致。,文章案例文本；审计事项清单；问题线索台账；审计证据资料；预算指标表；财政支出明细,风险词命中/数据缺失/证据不一致/指标偏离/流程缺陷,命中对象、风险等级、证据资料、核查建议,D:\openclaw-workspace\knowledge\11-杂志文献\财政监督\10.小议公众评判法在预算绩效管理中的运用.md,P0
MAGBUD-0038-R01,MAGBUD-0038,预算执行与财政管理 / 财政与政府债务 / 绩效评价,推进预算绩效管理的现实途径与实践探索,推进预算绩效管理的现实途径与实践探索R01规则,按案例主题识别同类事项中的风险特征并生成疑点。,文章案例文本；审计事项清单；问题线索台账；审计证据资料；预算指标表；财政支出明细,风险词命中/数据缺失/证据不一致/指标偏离/流程缺陷,命中对象、风险等级、证据资料、核查建议,D:\openclaw-workspace\knowledge\11-杂志文献\财政监督\10.推进预算绩效管理的现实途径与实践探索.md,P1
MAGBUD-0038-R02,MAGBUD-0038,预算执行与财政管理 / 财政与政府债务 / 绩效评价,推进预算绩效管理的现实途径与实践探索,推进预算绩效管理的现实途径与实践探索R02规则,核查案例涉及的数据、证据和整改链条是否完整一致。,文章案例文本；审计事项清单；问题线索台账；审计证据资料；预算指标表；财政支出明细,风险词命中/数据缺失/证据不一致/指标偏离/流程缺陷,命中对象、风险等级、证据资料、核查建议,D:\openclaw-workspace\knowledge\11-杂志文献\财政监督\10.推进预算绩效管理的现实途径与实践探索.md,P1
MAGBUD-0039-R01,MAGBUD-0039,预算执行与财政管理 / 财政与政府债务 / 绩效评价,政府项目全生命周期管理流程标准化的可行路径,政府项目全生命周期管理流程标准化的可行路径R01规则,按案例主题识别同类事项中的风险特征并生成疑点。,文章案例文本；审计事项清单；问题线索台账；审计证据资料；预算指标表；财政支出明细,风险词命中/数据缺失/证据不一致/指标偏离/流程缺陷,命中对象、风险等级、证据资料、核查建议,D:\openclaw-workspace\knowledge\11-杂志文献\财政监督\10.政府项目全生命周期管理流程标准化的可行路径.md,P1
MAGBUD-0039-R02,MAGBUD-0039,预算执行与财政管理 / 财政与政府债务 / 绩效评价,政府项目全生命周期管理流程标准化的可行路径,政府项目全生命周期管理流程标准化的可行路径R02规则,核查案例涉及的数据、证据和整改链条是否完整一致。,文章案例文本；审计事项清单；问题线索台账；审计证据资料；预算指标表；财政支出明细,风险词命中/数据缺失/证据不一致/指标偏离/流程缺陷,命中对象、风险等级、证据资料、核查建议,D:\openclaw-workspace\knowledge\11-杂志文献\财政监督\10.政府项目全生命周期管理流程标准化的可行路径.md,P1
MAGAGR-0021-R01,MAGAGR-0021,农业农村审计 / 金融审计 / 财政与政府债务,粮食主产区财政支农项目绩效评价探索,粮食主产区财政支农项目绩效评价探索R01规则,按案例主题识别同类事项中的风险特征并生成疑点。,文章案例文本；审计事项清单；问题线索台账；审计证据资料；预算指标表；财政支出明细,风险词命中/数据缺失/证据不一致/指标偏离/流程缺陷,命中对象、风险等级、证据资料、核查建议,D:\openclaw-workspace\knowledge\11-杂志文献\财政监督\10.粮食主产区财政支农项目绩效评价探索.md,P0
MAGAGR-0021-R02,MAGAGR-0021,农业农村审计 / 金融审计 / 财政与政府债务,粮食主产区财政支农项目绩效评价探索,粮食主产区财政支农项目绩效评价探索R02规则,核查案例涉及的数据、证据和整改链条是否完整一致。,文章案例文本；审计事项清单；问题线索台账；审计证据资料；预算指标表；财政支出明细,风险词命中/数据缺失/证据不一致/指标偏离/流程缺陷,命中对象、风险等级、证据资料、核查建议,D:\openclaw-workspace\knowledge\11-杂志文献\财政监督\10.粮食主产区财政支农项目绩效评价探索.md,P0
MAGAGR-0022-R01,MAGAGR-0022,农业农村审计 / 金融审计 / 财政与政府债务,衔接推进乡村振兴补助资金省级评价体系构建路径探索,衔接推进乡村振兴补助资金省级评价体系构建路径探索R01规则,按案例主题识别同类事项中的风险特征并生成疑点。,文章案例文本；审计事项清单；问题线索台账；审计证据资料；预算指标表；财政支出明细,风险词命中/数据缺失/证据不一致/指标偏离/流程缺陷,命中对象、风险等级、证据资料、核查建议,D:\openclaw-workspace\knowledge\11-杂志文献\财政监督\10.衔接推进乡村振兴补助资金省级 评价体系构建路径探索.md,P0
MAGAGR-0022-R02,MAGAGR-0022,农业农村审计 / 金融审计 / 财政与政府债务,衔接推进乡村振兴补助资金省级评价体系构建路径探索,衔接推进乡村振兴补助资金省级评价体系构建路径探索R02规则,核查案例涉及的数据、证据和整改链条是否完整一致。,文章案例文本；审计事项清单；问题线索台账；审计证据资料；预算指标表；财政支出明细,风险词命中/数据缺失/证据不一致/指标偏离/流程缺陷,命中对象、风险等级、证据资料、核查建议,D:\openclaw-workspace\knowledge\11-杂志文献\财政监督\10.衔接推进乡村振兴补助资金省级 评价体系构建路径探索.md,P0
MAGSUPV-0087-R01,MAGSUPV-0087,监督检查与经费舞弊 / 全场景通用 / 金融审计,论政府采购框架协议采购监督机制的完善,论政府采购框架协议采购监督机制的完善R01规则,按案例主题识别同类事项中的风险特征并生成疑点。,文章案例文本；审计事项清单；问题线索台账；审计证据资料；内控制度；会计凭证,风险词命中/数据缺失/证据不一致/指标偏离/流程缺陷,命中对象、风险等级、证据资料、核查建议,D:\openclaw-workspace\knowledge\11-杂志文献\财政监督\10.论政府采购框架协议采购监督机制的完善.md,P0
MAGSUPV-0087-R02,MAGSUPV-0087,监督检查与经费舞弊 / 全场景通用 / 金融审计,论政府采购框架协议采购监督机制的完善,论政府采购框架协议采购监督机制的完善R02规则,核查案例涉及的数据、证据和整改链条是否完整一致。,文章案例文本；审计事项清单；问题线索台账；审计证据资料；内控制度；会计凭证,风险词命中/数据缺失/证据不一致/指标偏离/流程缺陷,命中对象、风险等级、证据资料、核查建议,D:\openclaw-workspace\knowledge\11-杂志文献\财政监督\10.论政府采购框架协议采购监督机制的完善.md,P0
MAGFIN-0016-R01,MAGFIN-0016,金融审计 / 国企审计 / 监督检查与经费舞弊,金融企业绩效评价指标体系回顾及展望,金融企业绩效评价指标体系回顾及展望R01规则,按案例主题识别同类事项中的风险特征并生成疑点。,文章案例文本；审计事项清单；问题线索台账；审计证据资料；绩效目标表；绩效评价指标,风险词命中/数据缺失/证据不一致/指标偏离/流程缺陷,命中对象、风险等级、证据资料、核查建议,D:\openclaw-workspace\knowledge\11-杂志文献\财政监督\10.金融企业绩效评价指标体系回顾及展望.md,P1
MAGFIN-0016-R02,MAGFIN-0016,金融审计 / 国企审计 / 监督检查与经费舞弊,金融企业绩效评价指标体系回顾及展望,金融企业绩效评价指标体系回顾及展望R02规则,核查案例涉及的数据、证据和整改链条是否完整一致。,文章案例文本；审计事项清单；问题线索台账；审计证据资料；绩效目标表；绩效评价指标,风险词命中/数据缺失/证据不一致/指标偏离/流程缺陷,命中对象、风险等级、证据资料、核查建议,D:\openclaw-workspace\knowledge\11-杂志文献\财政监督\10.金融企业绩效评价指标体系回顾及展望.md,P1
MAGSOC-0025-R01,MAGSOC-0025,民生与社保医保 / 预算执行与财政管理 / 招投标与政府采购,项目资金绩效指标体系建设思路分析,项目资金绩效指标体系建设思路分析R01规则,按案例主题识别同类事项中的风险特征并生成疑点。,文章案例文本；审计事项清单；问题线索台账；审计证据资料；预算指标表；财政支出明细,风险词命中/数据缺失/证据不一致/指标偏离/流程缺陷,命中对象、风险等级、证据资料、核查建议,D:\openclaw-workspace\knowledge\11-杂志文献\财政监督\10.项目资金绩效指标体系建设思路分析.md,P0
MAGSOC-0025-R02,MAGSOC-0025,民生与社保医保 / 预算执行与财政管理 / 招投标与政府采购,项目资金绩效指标体系建设思路分析,项目资金绩效指标体系建设思路分析R02规则,核查案例涉及的数据、证据和整改链条是否完整一致。,文章案例文本；审计事项清单；问题线索台账；审计证据资料；预算指标表；财政支出明细,风险词命中/数据缺失/证据不一致/指标偏离/流程缺陷,命中对象、风险等级、证据资料、核查建议,D:\openclaw-workspace\knowledge\11-杂志文献\财政监督\10.项目资金绩效指标体系建设思路分析.md,P0
MAGAGR-0023-R01,MAGAGR-0023,农业农村审计 / 金融审计 / 财政与政府债务,乡村振兴背景下加强财政涉农资金绩效管理的探究,乡村振兴背景下加强财政涉农资金绩效管理的探究R01规则,按案例主题识别同类事项中的风险特征并生成疑点。,文章案例文本；审计事项清单；问题线索台账；审计证据资料；预算指标表；财政支出明细,风险词命中/数据缺失/证据不一致/指标偏离/流程缺陷,命中对象、风险等级、证据资料、核查建议,D:\openclaw-workspace\knowledge\11-杂志文献\财政监督\11.乡村振兴背景下加强财政涉农资金绩效管理的探究.md,P1
MAGAGR-0023-R02,MAGAGR-0023,农业农村审计 / 金融审计 / 财政与政府债务,乡村振兴背景下加强财政涉农资金绩效管理的探究,乡村振兴背景下加强财政涉农资金绩效管理的探究R02规则,核查案例涉及的数据、证据和整改链条是否完整一致。,文章案例文本；审计事项清单；问题线索台账；审计证据资料；预算指标表；财政支出明细,风险词命中/数据缺失/证据不一致/指标偏离/流程缺陷,命中对象、风险等级、证据资料、核查建议,D:\openclaw-workspace\knowledge\11-杂志文献\财政监督\11.乡村振兴背景下加强财政涉农资金绩效管理的探究.md,P1
MAGSOC-0026-R01,MAGSOC-0026,民生与社保医保 / 预算执行与财政管理 / 招投标与政府采购,人才政策绩效评价及分析,人才政策绩效评价及分析R01规则,按案例主题识别同类事项中的风险特征并生成疑点。,文章案例文本；审计事项清单；问题线索台账；审计证据资料；预算指标表；财政支出明细,风险词命中/数据缺失/证据不一致/指标偏离/流程缺陷,命中对象、风险等级、证据资料、核查建议,D:\openclaw-workspace\knowledge\11-杂志文献\财政监督\11.人才政策绩效评价及分析.md,P0
MAGSOC-0026-R02,MAGSOC-0026,民生与社保医保 / 预算执行与财政管理 / 招投标与政府采购,人才政策绩效评价及分析,人才政策绩效评价及分析R02规则,核查案例涉及的数据、证据和整改链条是否完整一致。,文章案例文本；审计事项清单；问题线索台账；审计证据资料；预算指标表；财政支出明细,风险词命中/数据缺失/证据不一致/指标偏离/流程缺陷,命中对象、风险等级、证据资料、核查建议,D:\openclaw-workspace\knowledge\11-杂志文献\财政监督\11.人才政策绩效评价及分析.md,P0
MAGTAX-0013-R01,MAGTAX-0013,税务审计 / 预算执行与财政管理 / 财政与政府债务,国际航线补助绩效评价研究,国际航线补助绩效评价研究R01规则,按案例主题识别同类事项中的风险特征并生成疑点。,文章案例文本；审计事项清单；问题线索台账；审计证据资料；预算指标表；财政支出明细,风险词命中/数据缺失/证据不一致/指标偏离/流程缺陷,命中对象、风险等级、证据资料、核查建议,D:\openclaw-workspace\knowledge\11-杂志文献\财政监督\11.国际航线补助绩效评价研究.md,P0
MAGTAX-0013-R02,MAGTAX-0013,税务审计 / 预算执行与财政管理 / 财政与政府债务,国际航线补助绩效评价研究,国际航线补助绩效评价研究R02规则,核查案例涉及的数据、证据和整改链条是否完整一致。,文章案例文本；审计事项清单；问题线索台账；审计证据资料；预算指标表；财政支出明细,风险词命中/数据缺失/证据不一致/指标偏离/流程缺陷,命中对象、风险等级、证据资料、核查建议,D:\openclaw-workspace\knowledge\11-杂志文献\财政监督\11.国际航线补助绩效评价研究.md,P0
MAGBUD-0040-R01,MAGBUD-0040,预算执行与财政管理 / 财政与政府债务 / 绩效评价,预算绩效内控一体化的高校项目库管理研究,预算绩效内控一体化的高校项目库管理研究R01规则,按案例主题识别同类事项中的风险特征并生成疑点。,文章案例文本；审计事项清单；问题线索台账；审计证据资料；预算指标表；财政支出明细,风险词命中/数据缺失/证据不一致/指标偏离/流程缺陷,命中对象、风险等级、证据资料、核查建议,D:\openclaw-workspace\knowledge\11-杂志文献\财政监督\11.基于预算绩效内控一体化的高校项目库管理研究.md,P0
MAGBUD-0040-R02,MAGBUD-0040,预算执行与财政管理 / 财政与政府债务 / 绩效评价,预算绩效内控一体化的高校项目库管理研究,预算绩效内控一体化的高校项目库管理研究R02规则,核查案例涉及的数据、证据和整改链条是否完整一致。,文章案例文本；审计事项清单；问题线索台账；审计证据资料；预算指标表；财政支出明细,风险词命中/数据缺失/证据不一致/指标偏离/流程缺陷,命中对象、风险等级、证据资料、核查建议,D:\openclaw-workspace\knowledge\11-杂志文献\财政监督\11.基于预算绩效内控一体化的高校项目库管理研究.md,P0
MAGBUD-0041-R01,MAGBUD-0041,预算执行与财政管理 / 财政与政府债务 / 绩效评价,预算绩效管理系统的高校内控机制优化研究,预算绩效管理系统的高校内控机制优化研究R01规则,按案例主题识别同类事项中的风险特征并生成疑点。,文章案例文本；审计事项清单；问题线索台账；审计证据资料；预算指标表；财政支出明细,风险词命中/数据缺失/证据不一致/指标偏离/流程缺陷,命中对象、风险等级、证据资料、核查建议,D:\openclaw-workspace\knowledge\11-杂志文献\财政监督\11.基于预算绩效管理系统的高校内控机制优化研究.md,P0
MAGBUD-0041-R02,MAGBUD-0041,预算执行与财政管理 / 财政与政府债务 / 绩效评价,预算绩效管理系统的高校内控机制优化研究,预算绩效管理系统的高校内控机制优化研究R02规则,核查案例涉及的数据、证据和整改链条是否完整一致。,文章案例文本；审计事项清单；问题线索台账；审计证据资料；预算指标表；财政支出明细,风险词命中/数据缺失/证据不一致/指标偏离/流程缺陷,命中对象、风险等级、证据资料、核查建议,D:\openclaw-workspace\knowledge\11-杂志文献\财政监督\11.基于预算绩效管理系统的高校内控机制优化研究.md,P0
MAGBUD-0042-R01,MAGBUD-0042,预算执行与财政管理 / 财政与政府债务 / 绩效评价,打造“1+2”内控管理体系赋能财政监管高质量发展,打造“1+2”内控管理体系赋能财政监管高质量发展R01规则,按案例主题识别同类事项中的风险特征并生成疑点。,文章案例文本；审计事项清单；问题线索台账；审计证据资料；预算指标表；财政支出明细,风险词命中/数据缺失/证据不一致/指标偏离/流程缺陷,命中对象、风险等级、证据资料、核查建议,D:\openclaw-workspace\knowledge\11-杂志文献\财政监督\11.打造“1+2”内控管理体系赋能财政监管高质量发展.md,P1
MAGBUD-0042-R02,MAGBUD-0042,预算执行与财政管理 / 财政与政府债务 / 绩效评价,打造“1+2”内控管理体系赋能财政监管高质量发展,打造“1+2”内控管理体系赋能财政监管高质量发展R02规则,核查案例涉及的数据、证据和整改链条是否完整一致。,文章案例文本；审计事项清单；问题线索台账；审计证据资料；预算指标表；财政支出明细,风险词命中/数据缺失/证据不一致/指标偏离/流程缺陷,命中对象、风险等级、证据资料、核查建议,D:\openclaw-workspace\knowledge\11-杂志文献\财政监督\11.打造“1+2”内控管理体系赋能财政监管高质量发展.md,P1
MAGSUPV-0088-R01,MAGSUPV-0088,监督检查与经费舞弊 / 全场景通用 / 金融审计,探索共建联合监管机制助推上市公司高质量发展,探索共建联合监管机制助推上市公司高质量发展R01规则,按案例主题识别同类事项中的风险特征并生成疑点。,文章案例文本；审计事项清单；问题线索台账；审计证据资料；内控制度；会计凭证,风险词命中/数据缺失/证据不一致/指标偏离/流程缺陷,命中对象、风险等级、证据资料、核查建议,D:\openclaw-workspace\knowledge\11-杂志文献\财政监督\11.探索共建联合监管机制助推上市公司高质量发展.md,P1
MAGSUPV-0088-R02,MAGSUPV-0088,监督检查与经费舞弊 / 全场景通用 / 金融审计,探索共建联合监管机制助推上市公司高质量发展,探索共建联合监管机制助推上市公司高质量发展R02规则,核查案例涉及的数据、证据和整改链条是否完整一致。,文章案例文本；审计事项清单；问题线索台账；审计证据资料；内控制度；会计凭证,风险词命中/数据缺失/证据不一致/指标偏离/流程缺陷,命中对象、风险等级、证据资料、核查建议,D:\openclaw-workspace\knowledge\11-杂志文献\财政监督\11.探索共建联合监管机制助推上市公司高质量发展.md,P1
MAGSOC-0027-R01,MAGSOC-0027,民生与社保医保 / 预算执行与财政管理 / 招投标与政府采购,探索新型研发机构绩效评价指标体系设计新思路,探索新型研发机构绩效评价指标体系设计新思路R01规则,按案例主题识别同类事项中的风险特征并生成疑点。,文章案例文本；审计事项清单；问题线索台账；审计证据资料；预算指标表；财政支出明细,风险词命中/数据缺失/证据不一致/指标偏离/流程缺陷,命中对象、风险等级、证据资料、核查建议,D:\openclaw-workspace\knowledge\11-杂志文献\财政监督\11.探索新型研发机构绩效评价指标体系设计新思路.md,P1
MAGSOC-0027-R02,MAGSOC-0027,民生与社保医保 / 预算执行与财政管理 / 招投标与政府采购,探索新型研发机构绩效评价指标体系设计新思路,探索新型研发机构绩效评价指标体系设计新思路R02规则,核查案例涉及的数据、证据和整改链条是否完整一致。,文章案例文本；审计事项清单；问题线索台账；审计证据资料；预算指标表；财政支出明细,风险词命中/数据缺失/证据不一致/指标偏离/流程缺陷,命中对象、风险等级、证据资料、核查建议,D:\openclaw-workspace\knowledge\11-杂志文献\财政监督\11.探索新型研发机构绩效评价指标体系设计新思路.md,P1
MAGSOC-0028-R01,MAGSOC-0028,民生与社保医保 / 预算执行与财政管理 / 招投标与政府采购,浅析绩效管理在政府投资数字化项目管理上的运用和优化,浅析绩效管理在政府投资数字化项目管理上的运用和优化R01规则,按案例主题识别同类事项中的风险特征并生成疑点。,文章案例文本；审计事项清单；问题线索台账；审计证据资料；预算指标表；财政支出明细,风险词命中/数据缺失/证据不一致/指标偏离/流程缺陷,命中对象、风险等级、证据资料、核查建议,D:\openclaw-workspace\knowledge\11-杂志文献\财政监督\11.浅析绩效管理在政府投资数字化项目管理上的运用和优化.md,P0
MAGSOC-0028-R02,MAGSOC-0028,民生与社保医保 / 预算执行与财政管理 / 招投标与政府采购,浅析绩效管理在政府投资数字化项目管理上的运用和优化,浅析绩效管理在政府投资数字化项目管理上的运用和优化R02规则,核查案例涉及的数据、证据和整改链条是否完整一致。,文章案例文本；审计事项清单；问题线索台账；审计证据资料；预算指标表；财政支出明细,风险词命中/数据缺失/证据不一致/指标偏离/流程缺陷,命中对象、风险等级、证据资料、核查建议,D:\openclaw-workspace\knowledge\11-杂志文献\财政监督\11.浅析绩效管理在政府投资数字化项目管理上的运用和优化.md,P0
MAGBUD-0043-R01,MAGBUD-0043,预算执行与财政管理 / 财政与政府债务 / 绩效评价,科研机构财会监督制度建设的思路与方法,科研机构财会监督制度建设的思路与方法R01规则,按案例主题识别同类事项中的风险特征并生成疑点。,文章案例文本；审计事项清单；问题线索台账；审计证据资料；预算指标表；财政支出明细,风险词命中/数据缺失/证据不一致/指标偏离/流程缺陷,命中对象、风险等级、证据资料、核查建议,D:\openclaw-workspace\knowledge\11-杂志文献\财政监督\11.科研机构财会监督制度建设的思路与方法.md,P1
MAGBUD-0043-R02,MAGBUD-0043,预算执行与财政管理 / 财政与政府债务 / 绩效评价,科研机构财会监督制度建设的思路与方法,科研机构财会监督制度建设的思路与方法R02规则,核查案例涉及的数据、证据和整改链条是否完整一致。,文章案例文本；审计事项清单；问题线索台账；审计证据资料；预算指标表；财政支出明细,风险词命中/数据缺失/证据不一致/指标偏离/流程缺陷,命中对象、风险等级、证据资料、核查建议,D:\openclaw-workspace\knowledge\11-杂志文献\财政监督\11.科研机构财会监督制度建设的思路与方法.md,P1
MAGBUD-0044-R01,MAGBUD-0044,预算执行与财政管理 / 财政与政府债务 / 绩效评价,财务审查在绩效评价中的作用与应用,财务审查在绩效评价中的作用与应用R01规则,按案例主题识别同类事项中的风险特征并生成疑点。,文章案例文本；审计事项清单；问题线索台账；审计证据资料；预算指标表；财政支出明细,风险词命中/数据缺失/证据不一致/指标偏离/流程缺陷,命中对象、风险等级、证据资料、核查建议,D:\openclaw-workspace\knowledge\11-杂志文献\财政监督\11.财务审查在绩效评价中的作用与应用.md,P1
MAGBUD-0044-R02,MAGBUD-0044,预算执行与财政管理 / 财政与政府债务 / 绩效评价,财务审查在绩效评价中的作用与应用,财务审查在绩效评价中的作用与应用R02规则,核查案例涉及的数据、证据和整改链条是否完整一致。,文章案例文本；审计事项清单；问题线索台账；审计证据资料；预算指标表；财政支出明细,风险词命中/数据缺失/证据不一致/指标偏离/流程缺陷,命中对象、风险等级、证据资料、核查建议,D:\openclaw-workspace\knowledge\11-杂志文献\财政监督\11.财务审查在绩效评价中的作用与应用.md,P1
MAGBUD-0045-R01,MAGBUD-0045,预算执行与财政管理 / 财政与政府债务 / 绩效评价,高校预算绩效管理一体化系统应用研究,高校预算绩效管理一体化系统应用研究R01规则,按案例主题识别同类事项中的风险特征并生成疑点。,文章案例文本；审计事项清单；问题线索台账；审计证据资料；预算指标表；财政支出明细,风险词命中/数据缺失/证据不一致/指标偏离/流程缺陷,命中对象、风险等级、证据资料、核查建议,D:\openclaw-workspace\knowledge\11-杂志文献\财政监督\11.高校预算绩效管理一体化系统应用研究.md,P1
MAGBUD-0045-R02,MAGBUD-0045,预算执行与财政管理 / 财政与政府债务 / 绩效评价,高校预算绩效管理一体化系统应用研究,高校预算绩效管理一体化系统应用研究R02规则,核查案例涉及的数据、证据和整改链条是否完整一致。,文章案例文本；审计事项清单；问题线索台账；审计证据资料；预算指标表；财政支出明细,风险词命中/数据缺失/证据不一致/指标偏离/流程缺陷,命中对象、风险等级、证据资料、核查建议,D:\openclaw-workspace\knowledge\11-杂志文献\财政监督\11.高校预算绩效管理一体化系统应用研究.md,P1
MAGTAX-0014-R01,MAGTAX-0014,税务审计 / 预算执行与财政管理 / 财政与政府债务,个人所得税促进科技创新：作用路径与政策优化,个人所得税促进科技创新：作用路径与政策优化R01规则,按案例主题识别同类事项中的风险特征并生成疑点。,文章案例文本；审计事项清单；问题线索台账；审计证据资料；预算指标表；财政支出明细,风险词命中/数据缺失/证据不一致/指标偏离/流程缺陷,命中对象、风险等级、证据资料、核查建议,D:\openclaw-workspace\knowledge\11-杂志文献\财政监督\12.个人所得税促进科技创新：作用路径与政策优化.md,P1
MAGTAX-0014-R02,MAGTAX-0014,税务审计 / 预算执行与财政管理 / 财政与政府债务,个人所得税促进科技创新：作用路径与政策优化,个人所得税促进科技创新：作用路径与政策优化R02规则,核查案例涉及的数据、证据和整改链条是否完整一致。,文章案例文本；审计事项清单；问题线索台账；审计证据资料；预算指标表；财政支出明细,风险词命中/数据缺失/证据不一致/指标偏离/流程缺陷,命中对象、风险等级、证据资料、核查建议,D:\openclaw-workspace\knowledge\11-杂志文献\财政监督\12.个人所得税促进科技创新：作用路径与政策优化.md,P1
MAGTAX-0015-R01,MAGTAX-0015,税务审计 / 预算执行与财政管理 / 财政与政府债务,产业扶持政策绩效评价难点及对策探析,产业扶持政策绩效评价难点及对策探析R01规则,按案例主题识别同类事项中的风险特征并生成疑点。,文章案例文本；审计事项清单；问题线索台账；审计证据资料；预算指标表；财政支出明细,风险词命中/数据缺失/证据不一致/指标偏离/流程缺陷,命中对象、风险等级、证据资料、核查建议,D:\openclaw-workspace\knowledge\11-杂志文献\财政监督\12.产业扶持政策绩效评价难点及对策探析.md,P0
MAGTAX-0015-R02,MAGTAX-0015,税务审计 / 预算执行与财政管理 / 财政与政府债务,产业扶持政策绩效评价难点及对策探析,产业扶持政策绩效评价难点及对策探析R02规则,核查案例涉及的数据、证据和整改链条是否完整一致。,文章案例文本；审计事项清单；问题线索台账；审计证据资料；预算指标表；财政支出明细,风险词命中/数据缺失/证据不一致/指标偏离/流程缺陷,命中对象、风险等级、证据资料、核查建议,D:\openclaw-workspace\knowledge\11-杂志文献\财政监督\12.产业扶持政策绩效评价难点及对策探析.md,P0
MAGFIN-0017-R01,MAGFIN-0017,金融审计 / 国企审计 / 监督检查与经费舞弊,创新推动中央收入监管工作提质增效,创新推动中央收入监管工作提质增效R01规则,按案例主题识别同类事项中的风险特征并生成疑点。,文章案例文本；审计事项清单；问题线索台账；审计证据资料；内控制度；会计凭证,风险词命中/数据缺失/证据不一致/指标偏离/流程缺陷,命中对象、风险等级、证据资料、核查建议,D:\openclaw-workspace\knowledge\11-杂志文献\财政监督\12.创新推动中央收入监管工作提质增效.md,P1
MAGFIN-0017-R02,MAGFIN-0017,金融审计 / 国企审计 / 监督检查与经费舞弊,创新推动中央收入监管工作提质增效,创新推动中央收入监管工作提质增效R02规则,核查案例涉及的数据、证据和整改链条是否完整一致。,文章案例文本；审计事项清单；问题线索台账；审计证据资料；内控制度；会计凭证,风险词命中/数据缺失/证据不一致/指标偏离/流程缺陷,命中对象、风险等级、证据资料、核查建议,D:\openclaw-workspace\knowledge\11-杂志文献\财政监督\12.创新推动中央收入监管工作提质增效.md,P1
MAGTAX-0016-R01,MAGTAX-0016,税务审计 / 预算执行与财政管理 / 财政与政府债务,利用关联交易控制转让定价避税,利用关联交易控制转让定价避税R01规则,按案例主题识别同类事项中的风险特征并生成疑点。,文章案例文本；审计事项清单；问题线索台账；审计证据资料；预算指标表；财政支出明细,风险词命中/数据缺失/证据不一致/指标偏离/流程缺陷,命中对象、风险等级、证据资料、核查建议,D:\openclaw-workspace\knowledge\11-杂志文献\财政监督\12.利用关联交易控制转让定价避税.md,P1
MAGTAX-0016-R02,MAGTAX-0016,税务审计 / 预算执行与财政管理 / 财政与政府债务,利用关联交易控制转让定价避税,利用关联交易控制转让定价避税R02规则,核查案例涉及的数据、证据和整改链条是否完整一致。,文章案例文本；审计事项清单；问题线索台账；审计证据资料；预算指标表；财政支出明细,风险词命中/数据缺失/证据不一致/指标偏离/流程缺陷,命中对象、风险等级、证据资料、核查建议,D:\openclaw-workspace\knowledge\11-杂志文献\财政监督\12.利用关联交易控制转让定价避税.md,P1
MAGSUPV-0089-R01,MAGSUPV-0089,监督检查与经费舞弊 / 全场景通用 / 金融审计,司法会计鉴定的行政监管问题探析,司法会计鉴定的行政监管问题探析R01规则,按案例主题识别同类事项中的风险特征并生成疑点。,文章案例文本；审计事项清单；问题线索台账；审计证据资料；内控制度；会计凭证,风险词命中/数据缺失/证据不一致/指标偏离/流程缺陷,命中对象、风险等级、证据资料、核查建议,D:\openclaw-workspace\knowledge\11-杂志文献\财政监督\12.司法会计鉴定的行政监管问题探析.md,P0
MAGSUPV-0089-R02,MAGSUPV-0089,监督检查与经费舞弊 / 全场景通用 / 金融审计,司法会计鉴定的行政监管问题探析,司法会计鉴定的行政监管问题探析R02规则,核查案例涉及的数据、证据和整改链条是否完整一致。,文章案例文本；审计事项清单；问题线索台账；审计证据资料；内控制度；会计凭证,风险词命中/数据缺失/证据不一致/指标偏离/流程缺陷,命中对象、风险等级、证据资料、核查建议,D:\openclaw-workspace\knowledge\11-杂志文献\财政监督\12.司法会计鉴定的行政监管问题探析.md,P0
MAGSUPV-0090-R01,MAGSUPV-0090,监督检查与经费舞弊 / 全场景通用 / 金融审计,BSC与KPI理论视角下的财政支出绩效评价,BSC与KPI理论视角下的财政支出绩效评价R01规则,按案例主题识别同类事项中的风险特征并生成疑点。,文章案例文本；审计事项清单；问题线索台账；审计证据资料；预算指标表；财政支出明细,风险词命中/数据缺失/证据不一致/指标偏离/流程缺陷,命中对象、风险等级、证据资料、核查建议,D:\openclaw-workspace\knowledge\11-杂志文献\财政监督\12.基于BSC 与KPI 理论视角下的财政支出绩效评价.md,P0
MAGSUPV-0090-R02,MAGSUPV-0090,监督检查与经费舞弊 / 全场景通用 / 金融审计,BSC与KPI理论视角下的财政支出绩效评价,BSC与KPI理论视角下的财政支出绩效评价R02规则,核查案例涉及的数据、证据和整改链条是否完整一致。,文章案例文本；审计事项清单；问题线索台账；审计证据资料；预算指标表；财政支出明细,风险词命中/数据缺失/证据不一致/指标偏离/流程缺陷,命中对象、风险等级、证据资料、核查建议,D:\openclaw-workspace\knowledge\11-杂志文献\财政监督\12.基于BSC 与KPI 理论视角下的财政支出绩效评价.md,P0
MAGSOC-0029-R01,MAGSOC-0029,民生与社保医保 / 预算执行与财政管理 / 招投标与政府采购,强化中央部门预算执行监管,强化中央部门预算执行监管R01规则,按案例主题识别同类事项中的风险特征并生成疑点。,文章案例文本；审计事项清单；问题线索台账；审计证据资料；预算指标表；财政支出明细,风险词命中/数据缺失/证据不一致/指标偏离/流程缺陷,命中对象、风险等级、证据资料、核查建议,D:\openclaw-workspace\knowledge\11-杂志文献\财政监督\12.强化中央部门预算执行监管.md,P1
MAGSOC-0029-R02,MAGSOC-0029,民生与社保医保 / 预算执行与财政管理 / 招投标与政府采购,强化中央部门预算执行监管,强化中央部门预算执行监管R02规则,核查案例涉及的数据、证据和整改链条是否完整一致。,文章案例文本；审计事项清单；问题线索台账；审计证据资料；预算指标表；财政支出明细,风险词命中/数据缺失/证据不一致/指标偏离/流程缺陷,命中对象、风险等级、证据资料、核查建议,D:\openclaw-workspace\knowledge\11-杂志文献\财政监督\12.强化中央部门预算执行监管.md,P1
MAGSOC-0030-R01,MAGSOC-0030,民生与社保医保 / 预算执行与财政管理 / 招投标与政府采购,技术改造专项资金绩效评价实践探索,技术改造专项资金绩效评价实践探索R01规则,按案例主题识别同类事项中的风险特征并生成疑点。,文章案例文本；审计事项清单；问题线索台账；审计证据资料；预算指标表；财政支出明细,风险词命中/数据缺失/证据不一致/指标偏离/流程缺陷,命中对象、风险等级、证据资料、核查建议,D:\openclaw-workspace\knowledge\11-杂志文献\财政监督\12.技术改造专项资金绩效评价实践探索.md,P0
MAGSOC-0030-R02,MAGSOC-0030,民生与社保医保 / 预算执行与财政管理 / 招投标与政府采购,技术改造专项资金绩效评价实践探索,技术改造专项资金绩效评价实践探索R02规则,核查案例涉及的数据、证据和整改链条是否完整一致。,文章案例文本；审计事项清单；问题线索台账；审计证据资料；预算指标表；财政支出明细,风险词命中/数据缺失/证据不一致/指标偏离/流程缺陷,命中对象、风险等级、证据资料、核查建议,D:\openclaw-workspace\knowledge\11-杂志文献\财政监督\12.技术改造专项资金绩效评价实践探索.md,P0
MAGSUPV-0091-R01,MAGSUPV-0091,监督检查与经费舞弊 / 全场景通用 / 金融审计,探索构建财会监督常态化协同联动机制,探索构建财会监督常态化协同联动机制R01规则,按案例主题识别同类事项中的风险特征并生成疑点。,文章案例文本；审计事项清单；问题线索台账；审计证据资料；内控制度；会计凭证,风险词命中/数据缺失/证据不一致/指标偏离/流程缺陷,命中对象、风险等级、证据资料、核查建议,D:\openclaw-workspace\knowledge\11-杂志文献\财政监督\12.探索构建财会监督常态化协同联动机制.md,P0
MAGSUPV-0091-R02,MAGSUPV-0091,监督检查与经费舞弊 / 全场景通用 / 金融审计,探索构建财会监督常态化协同联动机制,探索构建财会监督常态化协同联动机制R02规则,核查案例涉及的数据、证据和整改链条是否完整一致。,文章案例文本；审计事项清单；问题线索台账；审计证据资料；内控制度；会计凭证,风险词命中/数据缺失/证据不一致/指标偏离/流程缺陷,命中对象、风险等级、证据资料、核查建议,D:\openclaw-workspace\knowledge\11-杂志文献\财政监督\12.探索构建财会监督常态化协同联动机制.md,P0
MAGBUD-0046-R01,MAGBUD-0046,预算执行与财政管理 / 财政与政府债务 / 绩效评价,国有媒体单位预算绩效评价指标体系研究,国有媒体单位预算绩效评价指标体系研究R01规则,按案例主题识别同类事项中的风险特征并生成疑点。,文章案例文本；审计事项清单；问题线索台账；审计证据资料；预算指标表；财政支出明细,风险词命中/数据缺失/证据不一致/指标偏离/流程缺陷,命中对象、风险等级、证据资料、核查建议,D:\openclaw-workspace\knowledge\11-杂志文献\财政监督\12.新时代国有媒体单位预算绩效评价指标体系研究.md,P1
MAGBUD-0046-R02,MAGBUD-0046,预算执行与财政管理 / 财政与政府债务 / 绩效评价,国有媒体单位预算绩效评价指标体系研究,国有媒体单位预算绩效评价指标体系研究R02规则,核查案例涉及的数据、证据和整改链条是否完整一致。,文章案例文本；审计事项清单；问题线索台账；审计证据资料；预算指标表；财政支出明细,风险词命中/数据缺失/证据不一致/指标偏离/流程缺陷,命中对象、风险等级、证据资料、核查建议,D:\openclaw-workspace\knowledge\11-杂志文献\财政监督\12.新时代国有媒体单位预算绩效评价指标体系研究.md,P1
MAGSUPV-0092-R01,MAGSUPV-0092,监督检查与经费舞弊 / 全场景通用 / 金融审计,编制虚假财务报告骗取高新技术资格,编制虚假财务报告骗取高新技术资格R01规则,按案例主题识别同类事项中的风险特征并生成疑点。,文章案例文本；审计事项清单；问题线索台账；审计证据资料；内控制度；会计凭证,风险词命中/数据缺失/证据不一致/指标偏离/流程缺陷,命中对象、风险等级、证据资料、核查建议,D:\openclaw-workspace\knowledge\11-杂志文献\财政监督\12.编制虚假财务报告骗取高新技术资格.md,P1
MAGSUPV-0092-R02,MAGSUPV-0092,监督检查与经费舞弊 / 全场景通用 / 金融审计,编制虚假财务报告骗取高新技术资格,编制虚假财务报告骗取高新技术资格R02规则,核查案例涉及的数据、证据和整改链条是否完整一致。,文章案例文本；审计事项清单；问题线索台账；审计证据资料；内控制度；会计凭证,风险词命中/数据缺失/证据不一致/指标偏离/流程缺陷,命中对象、风险等级、证据资料、核查建议,D:\openclaw-workspace\knowledge\11-杂志文献\财政监督\12.编制虚假财务报告骗取高新技术资格.md,P1
MAGSUPV-0093-R01,MAGSUPV-0093,监督检查与经费舞弊 / 全场景通用 / 金融审计,虚构采购业务虚增营业成本,虚构采购业务虚增营业成本R01规则,按案例主题识别同类事项中的风险特征并生成疑点。,文章案例文本；审计事项清单；问题线索台账；审计证据资料；内控制度；会计凭证,风险词命中/数据缺失/证据不一致/指标偏离/流程缺陷,命中对象、风险等级、证据资料、核查建议,D:\openclaw-workspace\knowledge\11-杂志文献\财政监督\12.虚构采购业务虚增营业成本.md,P1
MAGSUPV-0093-R02,MAGSUPV-0093,监督检查与经费舞弊 / 全场景通用 / 金融审计,虚构采购业务虚增营业成本,虚构采购业务虚增营业成本R02规则,核查案例涉及的数据、证据和整改链条是否完整一致。,文章案例文本；审计事项清单；问题线索台账；审计证据资料；内控制度；会计凭证,风险词命中/数据缺失/证据不一致/指标偏离/流程缺陷,命中对象、风险等级、证据资料、核查建议,D:\openclaw-workspace\knowledge\11-杂志文献\财政监督\12.虚构采购业务虚增营业成本.md,P1
MAGFIN-0018-R01,MAGFIN-0018,金融审计 / 国企审计 / 监督检查与经费舞弊,“资产减值准备”成为企业利润的“调节器”,“资产减值准备”成为企业利润的“调节器”R01规则,按案例主题识别同类事项中的风险特征并生成疑点。,文章案例文本；审计事项清单；问题线索台账；审计证据资料；内控制度；会计凭证,风险词命中/数据缺失/证据不一致/指标偏离/流程缺陷,命中对象、风险等级、证据资料、核查建议,D:\openclaw-workspace\knowledge\11-杂志文献\财政监督\13.“资产减值准备”成为企业利润的“调节器”.md,P1
MAGFIN-0018-R02,MAGFIN-0018,金融审计 / 国企审计 / 监督检查与经费舞弊,“资产减值准备”成为企业利润的“调节器”,“资产减值准备”成为企业利润的“调节器”R02规则,核查案例涉及的数据、证据和整改链条是否完整一致。,文章案例文本；审计事项清单；问题线索台账；审计证据资料；内控制度；会计凭证,风险词命中/数据缺失/证据不一致/指标偏离/流程缺陷,命中对象、风险等级、证据资料、核查建议,D:\openclaw-workspace\knowledge\11-杂志文献\财政监督\13.“资产减值准备”成为企业利润的“调节器”.md,P1
MAGAGR-0024-R01,MAGAGR-0024,农业农村审计 / 金融审计 / 财政与政府债务,乡镇财政资金监管问题及策略探究,乡镇财政资金监管问题及策略探究R01规则,按案例主题识别同类事项中的风险特征并生成疑点。,文章案例文本；审计事项清单；问题线索台账；审计证据资料；预算指标表；财政支出明细,风险词命中/数据缺失/证据不一致/指标偏离/流程缺陷,命中对象、风险等级、证据资料、核查建议,D:\openclaw-workspace\knowledge\11-杂志文献\财政监督\13.乡镇财政资金监管问题及策略探究.md,P1
MAGAGR-0024-R02,MAGAGR-0024,农业农村审计 / 金融审计 / 财政与政府债务,乡镇财政资金监管问题及策略探究,乡镇财政资金监管问题及策略探究R02规则,核查案例涉及的数据、证据和整改链条是否完整一致。,文章案例文本；审计事项清单；问题线索台账；审计证据资料；预算指标表；财政支出明细,风险词命中/数据缺失/证据不一致/指标偏离/流程缺陷,命中对象、风险等级、证据资料、核查建议,D:\openclaw-workspace\knowledge\11-杂志文献\财政监督\13.乡镇财政资金监管问题及策略探究.md,P1
MAGSUPV-0094-R01,MAGSUPV-0094,监督检查与经费舞弊 / 全场景通用 / 金融审计,从《注册会计师法修订草案(征求意见稿)》看财会监督变化,从《注册会计师法修订草案(征求意见稿)》看财会监督变化R01规则,按案例主题识别同类事项中的风险特征并生成疑点。,文章案例文本；审计事项清单；问题线索台账；审计证据资料；内控制度；会计凭证,风险词命中/数据缺失/证据不一致/指标偏离/流程缺陷,命中对象、风险等级、证据资料、核查建议,D:\openclaw-workspace\knowledge\11-杂志文献\财政监督\13.从《注册会计师法修订草案(征求意见稿)》 看财会监督变化.md,P1
MAGSUPV-0094-R02,MAGSUPV-0094,监督检查与经费舞弊 / 全场景通用 / 金融审计,从《注册会计师法修订草案(征求意见稿)》看财会监督变化,从《注册会计师法修订草案(征求意见稿)》看财会监督变化R02规则,核查案例涉及的数据、证据和整改链条是否完整一致。,文章案例文本；审计事项清单；问题线索台账；审计证据资料；内控制度；会计凭证,风险词命中/数据缺失/证据不一致/指标偏离/流程缺陷,命中对象、风险等级、证据资料、核查建议,D:\openclaw-workspace\knowledge\11-杂志文献\财政监督\13.从《注册会计师法修订草案(征求意见稿)》 看财会监督变化.md,P1
MAGAGR-0025-R01,MAGAGR-0025,农业农村审计 / 金融审计 / 财政与政府债务,健全我国财政资金直达监管机制的思考,健全我国财政资金直达监管机制的思考R01规则,按案例主题识别同类事项中的风险特征并生成疑点。,文章案例文本；审计事项清单；问题线索台账；审计证据资料；预算指标表；财政支出明细,风险词命中/数据缺失/证据不一致/指标偏离/流程缺陷,命中对象、风险等级、证据资料、核查建议,D:\openclaw-workspace\knowledge\11-杂志文献\财政监督\13.健全我国财政资金直达监管机制的思考.md,P0
MAGAGR-0025-R02,MAGAGR-0025,农业农村审计 / 金融审计 / 财政与政府债务,健全我国财政资金直达监管机制的思考,健全我国财政资金直达监管机制的思考R02规则,核查案例涉及的数据、证据和整改链条是否完整一致。,文章案例文本；审计事项清单；问题线索台账；审计证据资料；预算指标表；财政支出明细,风险词命中/数据缺失/证据不一致/指标偏离/流程缺陷,命中对象、风险等级、证据资料、核查建议,D:\openclaw-workspace\knowledge\11-杂志文献\财政监督\13.健全我国财政资金直达监管机制的思考.md,P0
MAGSUPV-0095-R01,MAGSUPV-0095,监督检查与经费舞弊 / 全场景通用 / 金融审计,儒家文化与审计质量研究,儒家文化与审计质量研究R01规则,按案例主题识别同类事项中的风险特征并生成疑点。,文章案例文本；审计事项清单；问题线索台账；审计证据资料；内控制度；会计凭证,风险词命中/数据缺失/证据不一致/指标偏离/流程缺陷,命中对象、风险等级、证据资料、核查建议,D:\openclaw-workspace\knowledge\11-杂志文献\财政监督\13.儒家文化与审计质量研究.md,P0
MAGSUPV-0095-R02,MAGSUPV-0095,监督检查与经费舞弊 / 全场景通用 / 金融审计,儒家文化与审计质量研究,儒家文化与审计质量研究R02规则,核查案例涉及的数据、证据和整改链条是否完整一致。,文章案例文本；审计事项清单；问题线索台账；审计证据资料；内控制度；会计凭证,风险词命中/数据缺失/证据不一致/指标偏离/流程缺陷,命中对象、风险等级、证据资料、核查建议,D:\openclaw-workspace\knowledge\11-杂志文献\财政监督\13.儒家文化与审计质量研究.md,P0
MAGFIN-0019-R01,MAGFIN-0019,金融审计 / 国企审计 / 监督检查与经费舞弊,全面推动债务监管工作提质增效,全面推动债务监管工作提质增效R01规则,按案例主题识别同类事项中的风险特征并生成疑点。,文章案例文本；审计事项清单；问题线索台账；审计证据资料；内控制度；会计凭证,风险词命中/数据缺失/证据不一致/指标偏离/流程缺陷,命中对象、风险等级、证据资料、核查建议,D:\openclaw-workspace\knowledge\11-杂志文献\财政监督\13.全面推动债务监管工作提质增效.md,P1
MAGFIN-0019-R02,MAGFIN-0019,金融审计 / 国企审计 / 监督检查与经费舞弊,全面推动债务监管工作提质增效,全面推动债务监管工作提质增效R02规则,核查案例涉及的数据、证据和整改链条是否完整一致。,文章案例文本；审计事项清单；问题线索台账；审计证据资料；内控制度；会计凭证,风险词命中/数据缺失/证据不一致/指标偏离/流程缺陷,命中对象、风险等级、证据资料、核查建议,D:\openclaw-workspace\knowledge\11-杂志文献\财政监督\13.全面推动债务监管工作提质增效.md,P1
MAGFIN-0020-R01,MAGFIN-0020,金融审计 / 国企审计 / 监督检查与经费舞弊,加强地方预算执行和财政收支管理的思考,加强地方预算执行和财政收支管理的思考R01规则,按案例主题识别同类事项中的风险特征并生成疑点。,文章案例文本；审计事项清单；问题线索台账；审计证据资料；预算指标表；财政支出明细,风险词命中/数据缺失/证据不一致/指标偏离/流程缺陷,命中对象、风险等级、证据资料、核查建议,D:\openclaw-workspace\knowledge\11-杂志文献\财政监督\13.关于加强地方预算执行和财政收支管理的思考.md,P0
MAGFIN-0020-R02,MAGFIN-0020,金融审计 / 国企审计 / 监督检查与经费舞弊,加强地方预算执行和财政收支管理的思考,加强地方预算执行和财政收支管理的思考R02规则,核查案例涉及的数据、证据和整改链条是否完整一致。,文章案例文本；审计事项清单；问题线索台账；审计证据资料；预算指标表；财政支出明细,风险词命中/数据缺失/证据不一致/指标偏离/流程缺陷,命中对象、风险等级、证据资料、核查建议,D:\openclaw-workspace\knowledge\11-杂志文献\财政监督\13.关于加强地方预算执行和财政收支管理的思考.md,P0
MAGTAX-0017-R01,MAGTAX-0017,税务审计 / 预算执行与财政管理 / 财政与政府债务,钢铁企业绿色创新绩效评价体系的探讨与应用,钢铁企业绿色创新绩效评价体系的探讨与应用R01规则,按案例主题识别同类事项中的风险特征并生成疑点。,文章案例文本；审计事项清单；问题线索台账；审计证据资料；预算指标表；财政支出明细,风险词命中/数据缺失/证据不一致/指标偏离/流程缺陷,命中对象、风险等级、证据资料、核查建议,D:\openclaw-workspace\knowledge\11-杂志文献\财政监督\13.关于钢铁企业绿色创新绩效评价体系的探讨与应用.md,P0
MAGTAX-0017-R02,MAGTAX-0017,税务审计 / 预算执行与财政管理 / 财政与政府债务,钢铁企业绿色创新绩效评价体系的探讨与应用,钢铁企业绿色创新绩效评价体系的探讨与应用R02规则,核查案例涉及的数据、证据和整改链条是否完整一致。,文章案例文本；审计事项清单；问题线索台账；审计证据资料；预算指标表；财政支出明细,风险词命中/数据缺失/证据不一致/指标偏离/流程缺陷,命中对象、风险等级、证据资料、核查建议,D:\openclaw-workspace\knowledge\11-杂志文献\财政监督\13.关于钢铁企业绿色创新绩效评价体系的探讨与应用.md,P0
MAGSOC-0031-R01,MAGSOC-0031,民生与社保医保 / 预算执行与财政管理 / 招投标与政府采购,基层预算绩效管理改革的创新实践,基层预算绩效管理改革的创新实践R01规则,按案例主题识别同类事项中的风险特征并生成疑点。,文章案例文本；审计事项清单；问题线索台账；审计证据资料；预算指标表；财政支出明细,风险词命中/数据缺失/证据不一致/指标偏离/流程缺陷,命中对象、风险等级、证据资料、核查建议,D:\openclaw-workspace\knowledge\11-杂志文献\财政监督\13.基层预算绩效管理改革的创新实践.md,P0
MAGSOC-0031-R02,MAGSOC-0031,民生与社保医保 / 预算执行与财政管理 / 招投标与政府采购,基层预算绩效管理改革的创新实践,基层预算绩效管理改革的创新实践R02规则,核查案例涉及的数据、证据和整改链条是否完整一致。,文章案例文本；审计事项清单；问题线索台账；审计证据资料；预算指标表；财政支出明细,风险词命中/数据缺失/证据不一致/指标偏离/流程缺陷,命中对象、风险等级、证据资料、核查建议,D:\openclaw-workspace\knowledge\11-杂志文献\财政监督\13.基层预算绩效管理改革的创新实践.md,P0
MAGTAX-0018-R01,MAGTAX-0018,税务审计 / 预算执行与财政管理 / 财政与政府债务,基建延期“转固”隐匿经营亏损,基建延期“转固”隐匿经营亏损R01规则,按案例主题识别同类事项中的风险特征并生成疑点。,文章案例文本；审计事项清单；问题线索台账；审计证据资料；预算指标表；财政支出明细,风险词命中/数据缺失/证据不一致/指标偏离/流程缺陷,命中对象、风险等级、证据资料、核查建议,D:\openclaw-workspace\knowledge\11-杂志文献\财政监督\13.基建延期“转固”隐匿经营亏损.md,P1
MAGTAX-0018-R02,MAGTAX-0018,税务审计 / 预算执行与财政管理 / 财政与政府债务,基建延期“转固”隐匿经营亏损,基建延期“转固”隐匿经营亏损R02规则,核查案例涉及的数据、证据和整改链条是否完整一致。,文章案例文本；审计事项清单；问题线索台账；审计证据资料；预算指标表；财政支出明细,风险词命中/数据缺失/证据不一致/指标偏离/流程缺陷,命中对象、风险等级、证据资料、核查建议,D:\openclaw-workspace\knowledge\11-杂志文献\财政监督\13.基建延期“转固”隐匿经营亏损.md,P1
MAGSUPV-0096-R01,MAGSUPV-0096,监督检查与经费舞弊 / 全场景通用 / 金融审计,构建协同高效财会监督机制的理论思维与路径研究,构建协同高效财会监督机制的理论思维与路径研究R01规则,按案例主题识别同类事项中的风险特征并生成疑点。,文章案例文本；审计事项清单；问题线索台账；审计证据资料；内控制度；会计凭证,风险词命中/数据缺失/证据不一致/指标偏离/流程缺陷,命中对象、风险等级、证据资料、核查建议,D:\openclaw-workspace\knowledge\11-杂志文献\财政监督\13.构建协同高效财会监督机制的理论思维与路径研究.md,P0
MAGSUPV-0096-R02,MAGSUPV-0096,监督检查与经费舞弊 / 全场景通用 / 金融审计,构建协同高效财会监督机制的理论思维与路径研究,构建协同高效财会监督机制的理论思维与路径研究R02规则,核查案例涉及的数据、证据和整改链条是否完整一致。,文章案例文本；审计事项清单；问题线索台账；审计证据资料；内控制度；会计凭证,风险词命中/数据缺失/证据不一致/指标偏离/流程缺陷,命中对象、风险等级、证据资料、核查建议,D:\openclaw-workspace\knowledge\11-杂志文献\财政监督\13.构建协同高效财会监督机制的理论思维与路径研究.md,P0
MAGSUPV-0097-R01,MAGSUPV-0097,监督检查与经费舞弊 / 全场景通用 / 金融审计,进一步提升财政部门财会监督效能的思考,进一步提升财政部门财会监督效能的思考R01规则,按案例主题识别同类事项中的风险特征并生成疑点。,文章案例文本；审计事项清单；问题线索台账；审计证据资料；预算指标表；财政支出明细,风险词命中/数据缺失/证据不一致/指标偏离/流程缺陷,命中对象、风险等级、证据资料、核查建议,D:\openclaw-workspace\knowledge\11-杂志文献\财政监督\13.进一步提升财政部门财会监督效能的思考.md,P0
MAGSUPV-0097-R02,MAGSUPV-0097,监督检查与经费舞弊 / 全场景通用 / 金融审计,进一步提升财政部门财会监督效能的思考,进一步提升财政部门财会监督效能的思考R02规则,核查案例涉及的数据、证据和整改链条是否完整一致。,文章案例文本；审计事项清单；问题线索台账；审计证据资料；预算指标表；财政支出明细,风险词命中/数据缺失/证据不一致/指标偏离/流程缺陷,命中对象、风险等级、证据资料、核查建议,D:\openclaw-workspace\knowledge\11-杂志文献\财政监督\13.进一步提升财政部门财会监督效能的思考.md,P0
MAGAGR-0026-R01,MAGAGR-0026,农业农村审计 / 金融审计 / 财政与政府债务,以跟踪评价模式探索提升财会监督工作质效,以跟踪评价模式探索提升财会监督工作质效R01规则,按案例主题识别同类事项中的风险特征并生成疑点。,文章案例文本；审计事项清单；问题线索台账；审计证据资料；预算指标表；财政支出明细,风险词命中/数据缺失/证据不一致/指标偏离/流程缺陷,命中对象、风险等级、证据资料、核查建议,D:\openclaw-workspace\knowledge\11-杂志文献\财政监督\14.以跟踪评价模式探索提升财会监督工作质效.md,P0
MAGAGR-0026-R02,MAGAGR-0026,农业农村审计 / 金融审计 / 财政与政府债务,以跟踪评价模式探索提升财会监督工作质效,以跟踪评价模式探索提升财会监督工作质效R02规则,核查案例涉及的数据、证据和整改链条是否完整一致。,文章案例文本；审计事项清单；问题线索台账；审计证据资料；预算指标表；财政支出明细,风险词命中/数据缺失/证据不一致/指标偏离/流程缺陷,命中对象、风险等级、证据资料、核查建议,D:\openclaw-workspace\knowledge\11-杂志文献\财政监督\14.以跟踪评价模式探索提升财会监督工作质效.md,P0
MAGSUPV-0098-R01,MAGSUPV-0098,监督检查与经费舞弊 / 全场景通用 / 金融审计,吉林省财政厅：预算绩效管理建设跑出“加速度”,吉林省财政厅：预算绩效管理建设跑出“加速度”R01规则,按案例主题识别同类事项中的风险特征并生成疑点。,文章案例文本；审计事项清单；问题线索台账；审计证据资料；预算指标表；财政支出明细,风险词命中/数据缺失/证据不一致/指标偏离/流程缺陷,命中对象、风险等级、证据资料、核查建议,D:\openclaw-workspace\knowledge\11-杂志文献\财政监督\14.吉林省财政厅：预算绩效管理 建设跑出“加速度”.md,P0
MAGSUPV-0098-R02,MAGSUPV-0098,监督检查与经费舞弊 / 全场景通用 / 金融审计,吉林省财政厅：预算绩效管理建设跑出“加速度”,吉林省财政厅：预算绩效管理建设跑出“加速度”R02规则,核查案例涉及的数据、证据和整改链条是否完整一致。,文章案例文本；审计事项清单；问题线索台账；审计证据资料；预算指标表；财政支出明细,风险词命中/数据缺失/证据不一致/指标偏离/流程缺陷,命中对象、风险等级、证据资料、核查建议,D:\openclaw-workspace\knowledge\11-杂志文献\财政监督\14.吉林省财政厅：预算绩效管理 建设跑出“加速度”.md,P0
MAGSUPV-0099-R01,MAGSUPV-0099,监督检查与经费舞弊 / 全场景通用 / 金融审计,多个账户长期未纳入法定账簿核算,多个账户长期未纳入法定账簿核算R01规则,按案例主题识别同类事项中的风险特征并生成疑点。,文章案例文本；审计事项清单；问题线索台账；审计证据资料；内控制度；会计凭证,风险词命中/数据缺失/证据不一致/指标偏离/流程缺陷,命中对象、风险等级、证据资料、核查建议,D:\openclaw-workspace\knowledge\11-杂志文献\财政监督\14.多个账户长期未纳入法定账簿核算.md,P1
MAGSUPV-0099-R02,MAGSUPV-0099,监督检查与经费舞弊 / 全场景通用 / 金融审计,多个账户长期未纳入法定账簿核算,多个账户长期未纳入法定账簿核算R02规则,核查案例涉及的数据、证据和整改链条是否完整一致。,文章案例文本；审计事项清单；问题线索台账；审计证据资料；内控制度；会计凭证,风险词命中/数据缺失/证据不一致/指标偏离/流程缺陷,命中对象、风险等级、证据资料、核查建议,D:\openclaw-workspace\knowledge\11-杂志文献\财政监督\14.多个账户长期未纳入法定账簿核算.md,P1
MAGFIN-0021-R01,MAGFIN-0021,金融审计 / 国企审计 / 监督检查与经费舞弊,实际控制人侵占上市公司利益,实际控制人侵占上市公司利益R01规则,按案例主题识别同类事项中的风险特征并生成疑点。,文章案例文本；审计事项清单；问题线索台账；审计证据资料；内控制度；会计凭证,风险词命中/数据缺失/证据不一致/指标偏离/流程缺陷,命中对象、风险等级、证据资料、核查建议,D:\openclaw-workspace\knowledge\11-杂志文献\财政监督\14.实际控制人侵占上市公司利益.md,P1
MAGFIN-0021-R02,MAGFIN-0021,金融审计 / 国企审计 / 监督检查与经费舞弊,实际控制人侵占上市公司利益,实际控制人侵占上市公司利益R02规则,核查案例涉及的数据、证据和整改链条是否完整一致。,文章案例文本；审计事项清单；问题线索台账；审计证据资料；内控制度；会计凭证,风险词命中/数据缺失/证据不一致/指标偏离/流程缺陷,命中对象、风险等级、证据资料、核查建议,D:\openclaw-workspace\knowledge\11-杂志文献\财政监督\14.实际控制人侵占上市公司利益.md,P1
MAGTAX-0019-R01,MAGTAX-0019,税务审计 / 预算执行与财政管理 / 财政与政府债务,山东威海火炬高技术产业开发区：稳步推进预算绩效管理工作,山东威海火炬高技术产业开发区：稳步推进预算绩效管理工作R01规则,按案例主题识别同类事项中的风险特征并生成疑点。,文章案例文本；审计事项清单；问题线索台账；审计证据资料；预算指标表；财政支出明细,风险词命中/数据缺失/证据不一致/指标偏离/流程缺陷,命中对象、风险等级、证据资料、核查建议,D:\openclaw-workspace\knowledge\11-杂志文献\财政监督\14.山东威海火炬高技术产业开发 区：稳步推进预算绩效管理工作.md,P1
MAGTAX-0019-R02,MAGTAX-0019,税务审计 / 预算执行与财政管理 / 财政与政府债务,山东威海火炬高技术产业开发区：稳步推进预算绩效管理工作,山东威海火炬高技术产业开发区：稳步推进预算绩效管理工作R02规则,核查案例涉及的数据、证据和整改链条是否完整一致。,文章案例文本；审计事项清单；问题线索台账；审计证据资料；预算指标表；财政支出明细,风险词命中/数据缺失/证据不一致/指标偏离/流程缺陷,命中对象、风险等级、证据资料、核查建议,D:\openclaw-workspace\knowledge\11-杂志文献\财政监督\14.山东威海火炬高技术产业开发 区：稳步推进预算绩效管理工作.md,P1
MAGBUD-0047-R01,MAGBUD-0047,预算执行与财政管理 / 财政与政府债务 / 绩效评价,山东青岛：打造“四三二一”模式,山东青岛：打造“四三二一”模式R01规则,按案例主题识别同类事项中的风险特征并生成疑点。,文章案例文本；审计事项清单；问题线索台账；审计证据资料；预算指标表；财政支出明细,风险词命中/数据缺失/证据不一致/指标偏离/流程缺陷,命中对象、风险等级、证据资料、核查建议,D:\openclaw-workspace\knowledge\11-杂志文献\财政监督\14.山东青岛：打造“四三二一”模式.md,P1
MAGBUD-0047-R02,MAGBUD-0047,预算执行与财政管理 / 财政与政府债务 / 绩效评价,山东青岛：打造“四三二一”模式,山东青岛：打造“四三二一”模式R02规则,核查案例涉及的数据、证据和整改链条是否完整一致。,文章案例文本；审计事项清单；问题线索台账；审计证据资料；预算指标表；财政支出明细,风险词命中/数据缺失/证据不一致/指标偏离/流程缺陷,命中对象、风险等级、证据资料、核查建议,D:\openclaw-workspace\knowledge\11-杂志文献\财政监督\14.山东青岛：打造“四三二一”模式.md,P1
MAGBUD-0048-R01,MAGBUD-0048,预算执行与财政管理 / 财政与政府债务 / 绩效评价,江苏苏州：正式建立财政监督基层联系点制度,江苏苏州：正式建立财政监督基层联系点制度R01规则,按案例主题识别同类事项中的风险特征并生成疑点。,文章案例文本；审计事项清单；问题线索台账；审计证据资料；预算指标表；财政支出明细,风险词命中/数据缺失/证据不一致/指标偏离/流程缺陷,命中对象、风险等级、证据资料、核查建议,D:\openclaw-workspace\knowledge\11-杂志文献\财政监督\14.江苏苏州：正式建立财政监督 基层联系点制度.md,P1
MAGBUD-0048-R02,MAGBUD-0048,预算执行与财政管理 / 财政与政府债务 / 绩效评价,江苏苏州：正式建立财政监督基层联系点制度,江苏苏州：正式建立财政监督基层联系点制度R02规则,核查案例涉及的数据、证据和整改链条是否完整一致。,文章案例文本；审计事项清单；问题线索台账；审计证据资料；预算指标表；财政支出明细,风险词命中/数据缺失/证据不一致/指标偏离/流程缺陷,命中对象、风险等级、证据资料、核查建议,D:\openclaw-workspace\knowledge\11-杂志文献\财政监督\14.江苏苏州：正式建立财政监督 基层联系点制度.md,P1
MAGFIN-0022-R01,MAGFIN-0022,金融审计 / 国企审计 / 监督检查与经费舞弊,法人大户融资风险敏捷审计研究,法人大户融资风险敏捷审计研究R01规则,按案例主题识别同类事项中的风险特征并生成疑点。,文章案例文本；审计事项清单；问题线索台账；审计证据资料；内控制度；会计凭证,风险词命中/数据缺失/证据不一致/指标偏离/流程缺陷,命中对象、风险等级、证据资料、核查建议,D:\openclaw-workspace\knowledge\11-杂志文献\财政监督\14.法人大户融资风险敏捷审计研究.md,P0
MAGFIN-0022-R02,MAGFIN-0022,金融审计 / 国企审计 / 监督检查与经费舞弊,法人大户融资风险敏捷审计研究,法人大户融资风险敏捷审计研究R02规则,核查案例涉及的数据、证据和整改链条是否完整一致。,文章案例文本；审计事项清单；问题线索台账；审计证据资料；内控制度；会计凭证,风险词命中/数据缺失/证据不一致/指标偏离/流程缺陷,命中对象、风险等级、证据资料、核查建议,D:\openclaw-workspace\knowledge\11-杂志文献\财政监督\14.法人大户融资风险敏捷审计研究.md,P0
MAGBUD-0049-R01,MAGBUD-0049,预算执行与财政管理 / 财政与政府债务 / 绩效评价,精准把脉户外资产数字赋能高效监管,精准把脉户外资产数字赋能高效监管R01规则,按案例主题识别同类事项中的风险特征并生成疑点。,文章案例文本；审计事项清单；问题线索台账；审计证据资料；预算指标表；财政支出明细,风险词命中/数据缺失/证据不一致/指标偏离/流程缺陷,命中对象、风险等级、证据资料、核查建议,D:\openclaw-workspace\knowledge\11-杂志文献\财政监督\14.精准把脉户外资产数字赋能高效监管.md,P1
MAGBUD-0049-R02,MAGBUD-0049,预算执行与财政管理 / 财政与政府债务 / 绩效评价,精准把脉户外资产数字赋能高效监管,精准把脉户外资产数字赋能高效监管R02规则,核查案例涉及的数据、证据和整改链条是否完整一致。,文章案例文本；审计事项清单；问题线索台账；审计证据资料；预算指标表；财政支出明细,风险词命中/数据缺失/证据不一致/指标偏离/流程缺陷,命中对象、风险等级、证据资料、核查建议,D:\openclaw-workspace\knowledge\11-杂志文献\财政监督\14.精准把脉户外资产数字赋能高效监管.md,P1
MAGSOC-0032-R01,MAGSOC-0032,民生与社保医保 / 预算执行与财政管理 / 招投标与政府采购,肃清“微腐败”强化惠民惠农财政补贴资金监管,肃清“微腐败”强化惠民惠农财政补贴资金监管R01规则,按案例主题识别同类事项中的风险特征并生成疑点。,文章案例文本；审计事项清单；问题线索台账；审计证据资料；预算指标表；财政支出明细,风险词命中/数据缺失/证据不一致/指标偏离/流程缺陷,命中对象、风险等级、证据资料、核查建议,D:\openclaw-workspace\knowledge\11-杂志文献\财政监督\14.肃清“微腐败”强化惠民惠农财政补贴资金监管.md,P1
MAGSOC-0032-R02,MAGSOC-0032,民生与社保医保 / 预算执行与财政管理 / 招投标与政府采购,肃清“微腐败”强化惠民惠农财政补贴资金监管,肃清“微腐败”强化惠民惠农财政补贴资金监管R02规则,核查案例涉及的数据、证据和整改链条是否完整一致。,文章案例文本；审计事项清单；问题线索台账；审计证据资料；预算指标表；财政支出明细,风险词命中/数据缺失/证据不一致/指标偏离/流程缺陷,命中对象、风险等级、证据资料、核查建议,D:\openclaw-workspace\knowledge\11-杂志文献\财政监督\14.肃清“微腐败”强化惠民惠农财政补贴资金监管.md,P1
MAGSOC-0033-R01,MAGSOC-0033,民生与社保医保 / 预算执行与财政管理 / 招投标与政府采购,财政支出培训项目绩效评价指标体系构建研究,财政支出培训项目绩效评价指标体系构建研究R01规则,按案例主题识别同类事项中的风险特征并生成疑点。,文章案例文本；审计事项清单；问题线索台账；审计证据资料；预算指标表；财政支出明细,风险词命中/数据缺失/证据不一致/指标偏离/流程缺陷,命中对象、风险等级、证据资料、核查建议,D:\openclaw-workspace\knowledge\11-杂志文献\财政监督\14.财政支出培训项目绩效评价指标体系构建研究.md,P0
MAGSOC-0033-R02,MAGSOC-0033,民生与社保医保 / 预算执行与财政管理 / 招投标与政府采购,财政支出培训项目绩效评价指标体系构建研究,财政支出培训项目绩效评价指标体系构建研究R02规则,核查案例涉及的数据、证据和整改链条是否完整一致。,文章案例文本；审计事项清单；问题线索台账；审计证据资料；预算指标表；财政支出明细,风险词命中/数据缺失/证据不一致/指标偏离/流程缺陷,命中对象、风险等级、证据资料、核查建议,D:\openclaw-workspace\knowledge\11-杂志文献\财政监督\14.财政支出培训项目绩效评价指标体系构建研究.md,P0
MAGSUPV-0100-R01,MAGSUPV-0100,监督检查与经费舞弊 / 全场景通用 / 金融审计,财政部宁波监管局：“五步法”督促会计师事务所提升执业质,财政部宁波监管局：“五步法”督促会计师事务所提升执业质R01规则,按案例主题识别同类事项中的风险特征并生成疑点。,文章案例文本；审计事项清单；问题线索台账；审计证据资料；预算指标表；财政支出明细,风险词命中/数据缺失/证据不一致/指标偏离/流程缺陷,命中对象、风险等级、证据资料、核查建议,D:\openclaw-workspace\knowledge\11-杂志文献\财政监督\14.财政部宁波监管局：“五步法” 督促会计师事务所提升执业质.md,P1
MAGSUPV-0100-R02,MAGSUPV-0100,监督检查与经费舞弊 / 全场景通用 / 金融审计,财政部宁波监管局：“五步法”督促会计师事务所提升执业质,财政部宁波监管局：“五步法”督促会计师事务所提升执业质R02规则,核查案例涉及的数据、证据和整改链条是否完整一致。,文章案例文本；审计事项清单；问题线索台账；审计证据资料；预算指标表；财政支出明细,风险词命中/数据缺失/证据不一致/指标偏离/流程缺陷,命中对象、风险等级、证据资料、核查建议,D:\openclaw-workspace\knowledge\11-杂志文献\财政监督\14.财政部宁波监管局：“五步法” 督促会计师事务所提升执业质.md,P1
MAGBUD-0050-R01,MAGBUD-0050,预算执行与财政管理 / 财政与政府债务 / 绩效评价,“三高三全”推进内控建设加力提升财政监管质效,“三高三全”推进内控建设加力提升财政监管质效R01规则,按案例主题识别同类事项中的风险特征并生成疑点。,文章案例文本；审计事项清单；问题线索台账；审计证据资料；预算指标表；财政支出明细,风险词命中/数据缺失/证据不一致/指标偏离/流程缺陷,命中对象、风险等级、证据资料、核查建议,D:\openclaw-workspace\knowledge\11-杂志文献\财政监督\15.“三高三全”推进内控建设加力提升财政监管质效.md,P1
MAGBUD-0050-R02,MAGBUD-0050,预算执行与财政管理 / 财政与政府债务 / 绩效评价,“三高三全”推进内控建设加力提升财政监管质效,“三高三全”推进内控建设加力提升财政监管质效R02规则,核查案例涉及的数据、证据和整改链条是否完整一致。,文章案例文本；审计事项清单；问题线索台账；审计证据资料；预算指标表；财政支出明细,风险词命中/数据缺失/证据不一致/指标偏离/流程缺陷,命中对象、风险等级、证据资料、核查建议,D:\openclaw-workspace\knowledge\11-杂志文献\财政监督\15.“三高三全”推进内控建设加力提升财政监管质效.md,P1
MAGBUD-0051-R01,MAGBUD-0051,预算执行与财政管理 / 财政与政府债务 / 绩效评价,“四举措”做好驻粤中央行政事业单位内部控制报告喝茶工作,“四举措”做好驻粤中央行政事业单位内部控制报告喝茶工作R01规则,按案例主题识别同类事项中的风险特征并生成疑点。,文章案例文本；审计事项清单；问题线索台账；审计证据资料；预算指标表；财政支出明细,风险词命中/数据缺失/证据不一致/指标偏离/流程缺陷,命中对象、风险等级、证据资料、核查建议,D:\openclaw-workspace\knowledge\11-杂志文献\财政监督\15.“四举措”做好驻粤中央行政事业单位内部控制报告喝茶工作.md,P1
MAGBUD-0051-R02,MAGBUD-0051,预算执行与财政管理 / 财政与政府债务 / 绩效评价,“四举措”做好驻粤中央行政事业单位内部控制报告喝茶工作,“四举措”做好驻粤中央行政事业单位内部控制报告喝茶工作R02规则,核查案例涉及的数据、证据和整改链条是否完整一致。,文章案例文本；审计事项清单；问题线索台账；审计证据资料；预算指标表；财政支出明细,风险词命中/数据缺失/证据不一致/指标偏离/流程缺陷,命中对象、风险等级、证据资料、核查建议,D:\openclaw-workspace\knowledge\11-杂志文献\财政监督\15.“四举措”做好驻粤中央行政事业单位内部控制报告喝茶工作.md,P1
MAGSOC-0034-R01,MAGSOC-0034,民生与社保医保 / 预算执行与财政管理 / 招投标与政府采购,公立医院内部控制信息化体系研究,公立医院内部控制信息化体系研究R01规则,按案例主题识别同类事项中的风险特征并生成疑点。,文章案例文本；审计事项清单；问题线索台账；审计证据资料；预算指标表；财政支出明细,风险词命中/数据缺失/证据不一致/指标偏离/流程缺陷,命中对象、风险等级、证据资料、核查建议,D:\openclaw-workspace\knowledge\11-杂志文献\财政监督\15.公立医院内部控制信息化体系研究.md,P0
MAGSOC-0034-R02,MAGSOC-0034,民生与社保医保 / 预算执行与财政管理 / 招投标与政府采购,公立医院内部控制信息化体系研究,公立医院内部控制信息化体系研究R02规则,核查案例涉及的数据、证据和整改链条是否完整一致。,文章案例文本；审计事项清单；问题线索台账；审计证据资料；预算指标表；财政支出明细,风险词命中/数据缺失/证据不一致/指标偏离/流程缺陷,命中对象、风险等级、证据资料、核查建议,D:\openclaw-workspace\knowledge\11-杂志文献\财政监督\15.公立医院内部控制信息化体系研究.md,P0
MAGAGR-0027-R01,MAGAGR-0027,农业农村审计 / 金融审计 / 财政与政府债务,县级财政支持乡村振兴面临的困难及建议,县级财政支持乡村振兴面临的困难及建议R01规则,按案例主题识别同类事项中的风险特征并生成疑点。,文章案例文本；审计事项清单；问题线索台账；审计证据资料；预算指标表；财政支出明细,风险词命中/数据缺失/证据不一致/指标偏离/流程缺陷,命中对象、风险等级、证据资料、核查建议,D:\openclaw-workspace\knowledge\11-杂志文献\财政监督\15.县级财政支持乡村振兴面临的困难及建议.md,P0
MAGAGR-0027-R02,MAGAGR-0027,农业农村审计 / 金融审计 / 财政与政府债务,县级财政支持乡村振兴面临的困难及建议,县级财政支持乡村振兴面临的困难及建议R02规则,核查案例涉及的数据、证据和整改链条是否完整一致。,文章案例文本；审计事项清单；问题线索台账；审计证据资料；预算指标表；财政支出明细,风险词命中/数据缺失/证据不一致/指标偏离/流程缺陷,命中对象、风险等级、证据资料、核查建议,D:\openclaw-workspace\knowledge\11-杂志文献\财政监督\15.县级财政支持乡村振兴面临的困难及建议.md,P0
MAGSOC-0035-R01,MAGSOC-0035,民生与社保医保 / 预算执行与财政管理 / 招投标与政府采购,基层财政监督促共富路径探索,基层财政监督促共富路径探索R01规则,按案例主题识别同类事项中的风险特征并生成疑点。,文章案例文本；审计事项清单；问题线索台账；审计证据资料；预算指标表；财政支出明细,风险词命中/数据缺失/证据不一致/指标偏离/流程缺陷,命中对象、风险等级、证据资料、核查建议,D:\openclaw-workspace\knowledge\11-杂志文献\财政监督\15.基层财政监督促共富路径探索.md,P0
MAGSOC-0035-R02,MAGSOC-0035,民生与社保医保 / 预算执行与财政管理 / 招投标与政府采购,基层财政监督促共富路径探索,基层财政监督促共富路径探索R02规则,核查案例涉及的数据、证据和整改链条是否完整一致。,文章案例文本；审计事项清单；问题线索台账；审计证据资料；预算指标表；财政支出明细,风险词命中/数据缺失/证据不一致/指标偏离/流程缺陷,命中对象、风险等级、证据资料、核查建议,D:\openclaw-workspace\knowledge\11-杂志文献\财政监督\15.基层财政监督促共富路径探索.md,P0
MAGBUD-0052-R01,MAGBUD-0052,预算执行与财政管理 / 财政与政府债务 / 绩效评价,强化内控机制建设提升财政治理能力,强化内控机制建设提升财政治理能力R01规则,按案例主题识别同类事项中的风险特征并生成疑点。,文章案例文本；审计事项清单；问题线索台账；审计证据资料；预算指标表；财政支出明细,风险词命中/数据缺失/证据不一致/指标偏离/流程缺陷,命中对象、风险等级、证据资料、核查建议,D:\openclaw-workspace\knowledge\11-杂志文献\财政监督\15.强化内控机制建设提升财政治理能力.md,P0
MAGBUD-0052-R02,MAGBUD-0052,预算执行与财政管理 / 财政与政府债务 / 绩效评价,强化内控机制建设提升财政治理能力,强化内控机制建设提升财政治理能力R02规则,核查案例涉及的数据、证据和整改链条是否完整一致。,文章案例文本；审计事项清单；问题线索台账；审计证据资料；预算指标表；财政支出明细,风险词命中/数据缺失/证据不一致/指标偏离/流程缺陷,命中对象、风险等级、证据资料、核查建议,D:\openclaw-workspace\knowledge\11-杂志文献\财政监督\15.强化内控机制建设提升财政治理能力.md,P0
MAGAGR-0028-R01,MAGAGR-0028,农业农村审计 / 金融审计 / 财政与政府债务,流转税税收优惠政策的激励效果,流转税税收优惠政策的激励效果R01规则,按案例主题识别同类事项中的风险特征并生成疑点。,文章案例文本；审计事项清单；问题线索台账；审计证据资料；预算指标表；财政支出明细,风险词命中/数据缺失/证据不一致/指标偏离/流程缺陷,命中对象、风险等级、证据资料、核查建议,D:\openclaw-workspace\knowledge\11-杂志文献\财政监督\15.流转税税收优惠政策的激励效果.md,P0
MAGAGR-0028-R02,MAGAGR-0028,农业农村审计 / 金融审计 / 财政与政府债务,流转税税收优惠政策的激励效果,流转税税收优惠政策的激励效果R02规则,核查案例涉及的数据、证据和整改链条是否完整一致。,文章案例文本；审计事项清单；问题线索台账；审计证据资料；预算指标表；财政支出明细,风险词命中/数据缺失/证据不一致/指标偏离/流程缺陷,命中对象、风险等级、证据资料、核查建议,D:\openclaw-workspace\knowledge\11-杂志文献\财政监督\15.流转税税收优惠政策的激励效果.md,P0
MAGSOC-0036-R01,MAGSOC-0036,民生与社保医保 / 预算执行与财政管理 / 招投标与政府采购,相对贫困视域下我国转移支付资金监管问题研究,相对贫困视域下我国转移支付资金监管问题研究R01规则,按案例主题识别同类事项中的风险特征并生成疑点。,文章案例文本；审计事项清单；问题线索台账；审计证据资料；预算指标表；财政支出明细,风险词命中/数据缺失/证据不一致/指标偏离/流程缺陷,命中对象、风险等级、证据资料、核查建议,D:\openclaw-workspace\knowledge\11-杂志文献\财政监督\15.相对贫困视域下我国转移支付资金监管问题研究.md,P0
MAGSOC-0036-R02,MAGSOC-0036,民生与社保医保 / 预算执行与财政管理 / 招投标与政府采购,相对贫困视域下我国转移支付资金监管问题研究,相对贫困视域下我国转移支付资金监管问题研究R02规则,核查案例涉及的数据、证据和整改链条是否完整一致。,文章案例文本；审计事项清单；问题线索台账；审计证据资料；预算指标表；财政支出明细,风险词命中/数据缺失/证据不一致/指标偏离/流程缺陷,命中对象、风险等级、证据资料、核查建议,D:\openclaw-workspace\knowledge\11-杂志文献\财政监督\15.相对贫困视域下我国转移支付资金监管问题研究.md,P0
MAGSUPV-0101-R01,MAGSUPV-0101,监督检查与经费舞弊 / 全场景通用 / 金融审计,统筹规划“规定+自选”动作建立“专项+日常”财会监督工作机制,统筹规划“规定+自选”动作建立“专项+日常”财会监督工作机制R01规则,按案例主题识别同类事项中的风险特征并生成疑点。,文章案例文本；审计事项清单；问题线索台账；审计证据资料；内控制度；会计凭证,风险词命中/数据缺失/证据不一致/指标偏离/流程缺陷,命中对象、风险等级、证据资料、核查建议,D:\openclaw-workspace\knowledge\11-杂志文献\财政监督\15.统筹规划“规定+自选”动作建立 “专项+日常”财会监督工作机制.md,P1
MAGSUPV-0101-R02,MAGSUPV-0101,监督检查与经费舞弊 / 全场景通用 / 金融审计,统筹规划“规定+自选”动作建立“专项+日常”财会监督工作机制,统筹规划“规定+自选”动作建立“专项+日常”财会监督工作机制R02规则,核查案例涉及的数据、证据和整改链条是否完整一致。,文章案例文本；审计事项清单；问题线索台账；审计证据资料；内控制度；会计凭证,风险词命中/数据缺失/证据不一致/指标偏离/流程缺陷,命中对象、风险等级、证据资料、核查建议,D:\openclaw-workspace\knowledge\11-杂志文献\财政监督\15.统筹规划“规定+自选”动作建立 “专项+日常”财会监督工作机制.md,P1
MAGSUPV-0102-R01,MAGSUPV-0102,监督检查与经费舞弊 / 全场景通用 / 金融审计,调节成本操控业绩,调节成本操控业绩R01规则,按案例主题识别同类事项中的风险特征并生成疑点。,文章案例文本；审计事项清单；问题线索台账；审计证据资料；内控制度；会计凭证,风险词命中/数据缺失/证据不一致/指标偏离/流程缺陷,命中对象、风险等级、证据资料、核查建议,D:\openclaw-workspace\knowledge\11-杂志文献\财政监督\15.调节成本操控业绩.md,P1
MAGSUPV-0102-R02,MAGSUPV-0102,监督检查与经费舞弊 / 全场景通用 / 金融审计,调节成本操控业绩,调节成本操控业绩R02规则,核查案例涉及的数据、证据和整改链条是否完整一致。,文章案例文本；审计事项清单；问题线索台账；审计证据资料；内控制度；会计凭证,风险词命中/数据缺失/证据不一致/指标偏离/流程缺陷,命中对象、风险等级、证据资料、核查建议,D:\openclaw-workspace\knowledge\11-杂志文献\财政监督\15.调节成本操控业绩.md,P1
MAGAGR-0029-R01,MAGAGR-0029,农业农村审计 / 金融审计 / 财政与政府债务,财政部辽宁监管局：前移监管关口提早介入项目以全流程监管精准护航国债资金,财政部辽宁监管局：前移监管关口提早介入项目以全流程监管精准护航国债资金R01规则,按案例主题识别同类事项中的风险特征并生成疑点。,文章案例文本；审计事项清单；问题线索台账；审计证据资料；预算指标表；财政支出明细,风险词命中/数据缺失/证据不一致/指标偏离/流程缺陷,命中对象、风险等级、证据资料、核查建议,D:\openclaw-workspace\knowledge\11-杂志文献\财政监督\15.财政部辽宁监管局：前移监管 关 口 提 早 介 入 项 目 以全流 程监管精准护航国债资金.md,P1
MAGAGR-0029-R02,MAGAGR-0029,农业农村审计 / 金融审计 / 财政与政府债务,财政部辽宁监管局：前移监管关口提早介入项目以全流程监管精准护航国债资金,财政部辽宁监管局：前移监管关口提早介入项目以全流程监管精准护航国债资金R02规则,核查案例涉及的数据、证据和整改链条是否完整一致。,文章案例文本；审计事项清单；问题线索台账；审计证据资料；预算指标表；财政支出明细,风险词命中/数据缺失/证据不一致/指标偏离/流程缺陷,命中对象、风险等级、证据资料、核查建议,D:\openclaw-workspace\knowledge\11-杂志文献\财政监督\15.财政部辽宁监管局：前移监管 关 口 提 早 介 入 项 目 以全流 程监管精准护航国债资金.md,P1
MAGSOC-0037-R01,MAGSOC-0037,民生与社保医保 / 预算执行与财政管理 / 招投标与政府采购,以预算管理改革提升财政资金使用绩效,以预算管理改革提升财政资金使用绩效R01规则,按案例主题识别同类事项中的风险特征并生成疑点。,文章案例文本；审计事项清单；问题线索台账；审计证据资料；预算指标表；财政支出明细,风险词命中/数据缺失/证据不一致/指标偏离/流程缺陷,命中对象、风险等级、证据资料、核查建议,D:\openclaw-workspace\knowledge\11-杂志文献\财政监督\16.以预算管理改革提升财政资金使用绩效.md,P0
MAGSOC-0037-R02,MAGSOC-0037,民生与社保医保 / 预算执行与财政管理 / 招投标与政府采购,以预算管理改革提升财政资金使用绩效,以预算管理改革提升财政资金使用绩效R02规则,核查案例涉及的数据、证据和整改链条是否完整一致。,文章案例文本；审计事项清单；问题线索台账；审计证据资料；预算指标表；财政支出明细,风险词命中/数据缺失/证据不一致/指标偏离/流程缺陷,命中对象、风险等级、证据资料、核查建议,D:\openclaw-workspace\knowledge\11-杂志文献\财政监督\16.以预算管理改革提升财政资金使用绩效.md,P0
MAGAGR-0030-R01,MAGAGR-0030,农业农村审计 / 金融审计 / 财政与政府债务,农业保险中的利益需求风险及对策探析,农业保险中的利益需求风险及对策探析R01规则,按案例主题识别同类事项中的风险特征并生成疑点。,文章案例文本；审计事项清单；问题线索台账；审计证据资料；预算指标表；财政支出明细,风险词命中/数据缺失/证据不一致/指标偏离/流程缺陷,命中对象、风险等级、证据资料、核查建议,D:\openclaw-workspace\knowledge\11-杂志文献\财政监督\16.农业保险中的利益需求风险及对策探析.md,P0
MAGAGR-0030-R02,MAGAGR-0030,农业农村审计 / 金融审计 / 财政与政府债务,农业保险中的利益需求风险及对策探析,农业保险中的利益需求风险及对策探析R02规则,核查案例涉及的数据、证据和整改链条是否完整一致。,文章案例文本；审计事项清单；问题线索台账；审计证据资料；预算指标表；财政支出明细,风险词命中/数据缺失/证据不一致/指标偏离/流程缺陷,命中对象、风险等级、证据资料、核查建议,D:\openclaw-workspace\knowledge\11-杂志文献\财政监督\16.农业保险中的利益需求风险及对策探析.md,P0
MAGAGR-0031-R01,MAGAGR-0031,农业农村审计 / 金融审计 / 财政与政府债务,农田建设补助资金管理探讨,农田建设补助资金管理探讨R01规则,按案例主题识别同类事项中的风险特征并生成疑点。,文章案例文本；审计事项清单；问题线索台账；审计证据资料；预算指标表；财政支出明细,风险词命中/数据缺失/证据不一致/指标偏离/流程缺陷,命中对象、风险等级、证据资料、核查建议,D:\openclaw-workspace\knowledge\11-杂志文献\财政监督\16.农田建设补助资金管理探讨.md,P0
MAGAGR-0031-R02,MAGAGR-0031,农业农村审计 / 金融审计 / 财政与政府债务,农田建设补助资金管理探讨,农田建设补助资金管理探讨R02规则,核查案例涉及的数据、证据和整改链条是否完整一致。,文章案例文本；审计事项清单；问题线索台账；审计证据资料；预算指标表；财政支出明细,风险词命中/数据缺失/证据不一致/指标偏离/流程缺陷,命中对象、风险等级、证据资料、核查建议,D:\openclaw-workspace\knowledge\11-杂志文献\财政监督\16.农田建设补助资金管理探讨.md,P0
MAGBUD-0053-R01,MAGBUD-0053,预算执行与财政管理 / 财政与政府债务 / 绩效评价,宝钢股份基于“双碳”目标的战略成本管理实践与启示,宝钢股份基于“双碳”目标的战略成本管理实践与启示R01规则,按案例主题识别同类事项中的风险特征并生成疑点。,文章案例文本；审计事项清单；问题线索台账；审计证据资料；预算指标表；财政支出明细,风险词命中/数据缺失/证据不一致/指标偏离/流程缺陷,命中对象、风险等级、证据资料、核查建议,D:\openclaw-workspace\knowledge\11-杂志文献\财政监督\16.宝钢股份基于“双碳”目标的战略成本管理实践与启示.md,P0
MAGBUD-0053-R02,MAGBUD-0053,预算执行与财政管理 / 财政与政府债务 / 绩效评价,宝钢股份基于“双碳”目标的战略成本管理实践与启示,宝钢股份基于“双碳”目标的战略成本管理实践与启示R02规则,核查案例涉及的数据、证据和整改链条是否完整一致。,文章案例文本；审计事项清单；问题线索台账；审计证据资料；预算指标表；财政支出明细,风险词命中/数据缺失/证据不一致/指标偏离/流程缺陷,命中对象、风险等级、证据资料、核查建议,D:\openclaw-workspace\knowledge\11-杂志文献\财政监督\16.宝钢股份基于“双碳”目标的战略成本管理实践与启示.md,P0
MAGSOC-0038-R01,MAGSOC-0038,民生与社保医保 / 预算执行与财政管理 / 招投标与政府采购,将公益性资产列入固定资产虚增资产规模,将公益性资产列入固定资产虚增资产规模R01规则,按案例主题识别同类事项中的风险特征并生成疑点。,文章案例文本；审计事项清单；问题线索台账；审计证据资料；预算指标表；财政支出明细,风险词命中/数据缺失/证据不一致/指标偏离/流程缺陷,命中对象、风险等级、证据资料、核查建议,D:\openclaw-workspace\knowledge\11-杂志文献\财政监督\16.将公益性资产列入固定资产虚增资产规模.md,P1
MAGSOC-0038-R02,MAGSOC-0038,民生与社保医保 / 预算执行与财政管理 / 招投标与政府采购,将公益性资产列入固定资产虚增资产规模,将公益性资产列入固定资产虚增资产规模R02规则,核查案例涉及的数据、证据和整改链条是否完整一致。,文章案例文本；审计事项清单；问题线索台账；审计证据资料；预算指标表；财政支出明细,风险词命中/数据缺失/证据不一致/指标偏离/流程缺陷,命中对象、风险等级、证据资料、核查建议,D:\openclaw-workspace\knowledge\11-杂志文献\财政监督\16.将公益性资产列入固定资产虚增资产规模.md,P1
MAGTAX-0020-R01,MAGTAX-0020,税务审计 / 预算执行与财政管理 / 财政与政府债务,强化“三个抓手”推进内控管理走深走实,强化“三个抓手”推进内控管理走深走实R01规则,按案例主题识别同类事项中的风险特征并生成疑点。,文章案例文本；审计事项清单；问题线索台账；审计证据资料；预算指标表；财政支出明细,风险词命中/数据缺失/证据不一致/指标偏离/流程缺陷,命中对象、风险等级、证据资料、核查建议,D:\openclaw-workspace\knowledge\11-杂志文献\财政监督\16.强化“三个抓手”推进内控管理走深走实.md,P1
MAGTAX-0020-R02,MAGTAX-0020,税务审计 / 预算执行与财政管理 / 财政与政府债务,强化“三个抓手”推进内控管理走深走实,强化“三个抓手”推进内控管理走深走实R02规则,核查案例涉及的数据、证据和整改链条是否完整一致。,文章案例文本；审计事项清单；问题线索台账；审计证据资料；预算指标表；财政支出明细,风险词命中/数据缺失/证据不一致/指标偏离/流程缺陷,命中对象、风险等级、证据资料、核查建议,D:\openclaw-workspace\knowledge\11-杂志文献\财政监督\16.强化“三个抓手”推进内控管理走深走实.md,P1
MAGAGR-0032-R01,MAGAGR-0032,农业农村审计 / 金融审计 / 财政与政府债务,更足的“监督分量”更多的“民生含量”,更足的“监督分量”更多的“民生含量”R01规则,按案例主题识别同类事项中的风险特征并生成疑点。,文章案例文本；审计事项清单；问题线索台账；审计证据资料；预算指标表；财政支出明细,风险词命中/数据缺失/证据不一致/指标偏离/流程缺陷,命中对象、风险等级、证据资料、核查建议,D:\openclaw-workspace\knowledge\11-杂志文献\财政监督\16.更足的“监督分量”更多的“民生含量”.md,P0
MAGAGR-0032-R02,MAGAGR-0032,农业农村审计 / 金融审计 / 财政与政府债务,更足的“监督分量”更多的“民生含量”,更足的“监督分量”更多的“民生含量”R02规则,核查案例涉及的数据、证据和整改链条是否完整一致。,文章案例文本；审计事项清单；问题线索台账；审计证据资料；预算指标表；财政支出明细,风险词命中/数据缺失/证据不一致/指标偏离/流程缺陷,命中对象、风险等级、证据资料、核查建议,D:\openclaw-workspace\knowledge\11-杂志文献\财政监督\16.更足的“监督分量”更多的“民生含量”.md,P0
MAGAGR-0033-R01,MAGAGR-0033,农业农村审计 / 金融审计 / 财政与政府债务,监督动态,监督动态R01规则,按案例主题识别同类事项中的风险特征并生成疑点。,文章案例文本；审计事项清单；问题线索台账；审计证据资料；预算指标表；财政支出明细,风险词命中/数据缺失/证据不一致/指标偏离/流程缺陷,命中对象、风险等级、证据资料、核查建议,D:\openclaw-workspace\knowledge\11-杂志文献\财政监督\16.监督动态.md,P1
MAGAGR-0033-R02,MAGAGR-0033,农业农村审计 / 金融审计 / 财政与政府债务,监督动态,监督动态R02规则,核查案例涉及的数据、证据和整改链条是否完整一致。,文章案例文本；审计事项清单；问题线索台账；审计证据资料；预算指标表；财政支出明细,风险词命中/数据缺失/证据不一致/指标偏离/流程缺陷,命中对象、风险等级、证据资料、核查建议,D:\openclaw-workspace\knowledge\11-杂志文献\财政监督\16.监督动态.md,P1
MAGFIN-0023-R01,MAGFIN-0023,金融审计 / 国企审计 / 监督检查与经费舞弊,税收优惠、财政补贴与企业绿色技术创新,税收优惠、财政补贴与企业绿色技术创新R01规则,按案例主题识别同类事项中的风险特征并生成疑点。,文章案例文本；审计事项清单；问题线索台账；审计证据资料；预算指标表；财政支出明细,风险词命中/数据缺失/证据不一致/指标偏离/流程缺陷,命中对象、风险等级、证据资料、核查建议,D:\openclaw-workspace\knowledge\11-杂志文献\财政监督\16.税收优惠、财政补贴与企业绿色技术创新.md,P0
MAGFIN-0023-R02,MAGFIN-0023,金融审计 / 国企审计 / 监督检查与经费舞弊,税收优惠、财政补贴与企业绿色技术创新,税收优惠、财政补贴与企业绿色技术创新R02规则,核查案例涉及的数据、证据和整改链条是否完整一致。,文章案例文本；审计事项清单；问题线索台账；审计证据资料；预算指标表；财政支出明细,风险词命中/数据缺失/证据不一致/指标偏离/流程缺陷,命中对象、风险等级、证据资料、核查建议,D:\openclaw-workspace\knowledge\11-杂志文献\财政监督\16.税收优惠、财政补贴与企业绿色技术创新.md,P0
MAGBUD-0054-R01,MAGBUD-0054,预算执行与财政管理 / 财政与政府债务 / 绩效评价,黑龙江省财政厅：召开地方预决算公开检查工作培训会,黑龙江省财政厅：召开地方预决算公开检查工作培训会R01规则,按案例主题识别同类事项中的风险特征并生成疑点。,文章案例文本；审计事项清单；问题线索台账；审计证据资料；预算指标表；财政支出明细,风险词命中/数据缺失/证据不一致/指标偏离/流程缺陷,命中对象、风险等级、证据资料、核查建议,D:\openclaw-workspace\knowledge\11-杂志文献\财政监督\16.黑龙江省财政厅：召开地方预 决算公开检查工作培训会.md,P1
MAGBUD-0054-R02,MAGBUD-0054,预算执行与财政管理 / 财政与政府债务 / 绩效评价,黑龙江省财政厅：召开地方预决算公开检查工作培训会,黑龙江省财政厅：召开地方预决算公开检查工作培训会R02规则,核查案例涉及的数据、证据和整改链条是否完整一致。,文章案例文本；审计事项清单；问题线索台账；审计证据资料；预算指标表；财政支出明细,风险词命中/数据缺失/证据不一致/指标偏离/流程缺陷,命中对象、风险等级、证据资料、核查建议,D:\openclaw-workspace\knowledge\11-杂志文献\财政监督\16.黑龙江省财政厅：召开地方预 决算公开检查工作培训会.md,P1
MAGFIN-0024-R01,MAGFIN-0024,金融审计 / 国企审计 / 监督检查与经费舞弊,PDCA循环理论在高校资金存放管理中的应用探讨,PDCA循环理论在高校资金存放管理中的应用探讨R01规则,按案例主题识别同类事项中的风险特征并生成疑点。,文章案例文本；审计事项清单；问题线索台账；审计证据资料；内控制度；会计凭证,风险词命中/数据缺失/证据不一致/指标偏离/流程缺陷,命中对象、风险等级、证据资料、核查建议,D:\openclaw-workspace\knowledge\11-杂志文献\财政监督\17.PDCA循环理论在高校资金存放管理中的应用探讨.md,P0
MAGFIN-0024-R02,MAGFIN-0024,金融审计 / 国企审计 / 监督检查与经费舞弊,PDCA循环理论在高校资金存放管理中的应用探讨,PDCA循环理论在高校资金存放管理中的应用探讨R02规则,核查案例涉及的数据、证据和整改链条是否完整一致。,文章案例文本；审计事项清单；问题线索台账；审计证据资料；内控制度；会计凭证,风险词命中/数据缺失/证据不一致/指标偏离/流程缺陷,命中对象、风险等级、证据资料、核查建议,D:\openclaw-workspace\knowledge\11-杂志文献\财政监督\17.PDCA循环理论在高校资金存放管理中的应用探讨.md,P0
MAGSUPV-0103-R01,MAGSUPV-0103,监督检查与经费舞弊 / 全场景通用 / 金融审计,从浑水做空瑞幸和欢聚集团看新经济对审计的新要求,从浑水做空瑞幸和欢聚集团看新经济对审计的新要求R01规则,按案例主题识别同类事项中的风险特征并生成疑点。,文章案例文本；审计事项清单；问题线索台账；审计证据资料；内控制度；会计凭证,风险词命中/数据缺失/证据不一致/指标偏离/流程缺陷,命中对象、风险等级、证据资料、核查建议,D:\openclaw-workspace\knowledge\11-杂志文献\财政监督\17.从浑水做空瑞幸和欢聚集团看新经济对审计的新要求.md,P0
MAGSUPV-0103-R02,MAGSUPV-0103,监督检查与经费舞弊 / 全场景通用 / 金融审计,从浑水做空瑞幸和欢聚集团看新经济对审计的新要求,从浑水做空瑞幸和欢聚集团看新经济对审计的新要求R02规则,核查案例涉及的数据、证据和整改链条是否完整一致。,文章案例文本；审计事项清单；问题线索台账；审计证据资料；内控制度；会计凭证,风险词命中/数据缺失/证据不一致/指标偏离/流程缺陷,命中对象、风险等级、证据资料、核查建议,D:\openclaw-workspace\knowledge\11-杂志文献\财政监督\17.从浑水做空瑞幸和欢聚集团看新经济对审计的新要求.md,P0
MAGSOC-0039-R01,MAGSOC-0039,民生与社保医保 / 预算执行与财政管理 / 招投标与政府采购,内部控制视域下加强地方政府债务风险管理的对策,内部控制视域下加强地方政府债务风险管理的对策R01规则,按案例主题识别同类事项中的风险特征并生成疑点。,文章案例文本；审计事项清单；问题线索台账；审计证据资料；预算指标表；财政支出明细,风险词命中/数据缺失/证据不一致/指标偏离/流程缺陷,命中对象、风险等级、证据资料、核查建议,D:\openclaw-workspace\knowledge\11-杂志文献\财政监督\17.内部控制视域下加强地方政府债务风险管理的对策.md,P0
MAGSOC-0039-R02,MAGSOC-0039,民生与社保医保 / 预算执行与财政管理 / 招投标与政府采购,内部控制视域下加强地方政府债务风险管理的对策,内部控制视域下加强地方政府债务风险管理的对策R02规则,核查案例涉及的数据、证据和整改链条是否完整一致。,文章案例文本；审计事项清单；问题线索台账；审计证据资料；预算指标表；财政支出明细,风险词命中/数据缺失/证据不一致/指标偏离/流程缺陷,命中对象、风险等级、证据资料、核查建议,D:\openclaw-workspace\knowledge\11-杂志文献\财政监督\17.内部控制视域下加强地方政府债务风险管理的对策.md,P0
MAGFIN-0025-R01,MAGFIN-0025,金融审计 / 国企审计 / 监督检查与经费舞弊,抓早抓小抓长抓常深入推动财政内控提质增效,抓早抓小抓长抓常深入推动财政内控提质增效R01规则,按案例主题识别同类事项中的风险特征并生成疑点。,文章案例文本；审计事项清单；问题线索台账；审计证据资料；预算指标表；财政支出明细,风险词命中/数据缺失/证据不一致/指标偏离/流程缺陷,命中对象、风险等级、证据资料、核查建议,D:\openclaw-workspace\knowledge\11-杂志文献\财政监督\17.抓早抓小抓长抓常深入推动财政内控提质增效.md,P1
MAGFIN-0025-R02,MAGFIN-0025,金融审计 / 国企审计 / 监督检查与经费舞弊,抓早抓小抓长抓常深入推动财政内控提质增效,抓早抓小抓长抓常深入推动财政内控提质增效R02规则,核查案例涉及的数据、证据和整改链条是否完整一致。,文章案例文本；审计事项清单；问题线索台账；审计证据资料；预算指标表；财政支出明细,风险词命中/数据缺失/证据不一致/指标偏离/流程缺陷,命中对象、风险等级、证据资料、核查建议,D:\openclaw-workspace\knowledge\11-杂志文献\财政监督\17.抓早抓小抓长抓常深入推动财政内控提质增效.md,P1
MAGBUD-0055-R01,MAGBUD-0055,预算执行与财政管理 / 财政与政府债务 / 绩效评价,持续推进财政内控建设的实践与思考,持续推进财政内控建设的实践与思考R01规则,按案例主题识别同类事项中的风险特征并生成疑点。,文章案例文本；审计事项清单；问题线索台账；审计证据资料；预算指标表；财政支出明细,风险词命中/数据缺失/证据不一致/指标偏离/流程缺陷,命中对象、风险等级、证据资料、核查建议,D:\openclaw-workspace\knowledge\11-杂志文献\财政监督\17.持续推进财政内控建设的实践与思考.md,P1
MAGBUD-0055-R02,MAGBUD-0055,预算执行与财政管理 / 财政与政府债务 / 绩效评价,持续推进财政内控建设的实践与思考,持续推进财政内控建设的实践与思考R02规则,核查案例涉及的数据、证据和整改链条是否完整一致。,文章案例文本；审计事项清单；问题线索台账；审计证据资料；预算指标表；财政支出明细,风险词命中/数据缺失/证据不一致/指标偏离/流程缺陷,命中对象、风险等级、证据资料、核查建议,D:\openclaw-workspace\knowledge\11-杂志文献\财政监督\17.持续推进财政内控建设的实践与思考.md,P1
MAGTAX-0021-R01,MAGTAX-0021,税务审计 / 预算执行与财政管理 / 财政与政府债务,监督动态,监督动态R01规则,按案例主题识别同类事项中的风险特征并生成疑点。,文章案例文本；审计事项清单；问题线索台账；审计证据资料；预算指标表；财政支出明细,风险词命中/数据缺失/证据不一致/指标偏离/流程缺陷,命中对象、风险等级、证据资料、核查建议,D:\openclaw-workspace\knowledge\11-杂志文献\财政监督\17.监督动态.md,P1
MAGTAX-0021-R02,MAGTAX-0021,税务审计 / 预算执行与财政管理 / 财政与政府债务,监督动态,监督动态R02规则,核查案例涉及的数据、证据和整改链条是否完整一致。,文章案例文本；审计事项清单；问题线索台账；审计证据资料；预算指标表；财政支出明细,风险词命中/数据缺失/证据不一致/指标偏离/流程缺陷,命中对象、风险等级、证据资料、核查建议,D:\openclaw-workspace\knowledge\11-杂志文献\财政监督\17.监督动态.md,P1
MAGSOC-0040-R01,MAGSOC-0040,民生与社保医保 / 预算执行与财政管理 / 招投标与政府采购,税款滞纳金能否超过本金,税款滞纳金能否超过本金R01规则,按案例主题识别同类事项中的风险特征并生成疑点。,文章案例文本；审计事项清单；问题线索台账；审计证据资料；预算指标表；财政支出明细,风险词命中/数据缺失/证据不一致/指标偏离/流程缺陷,命中对象、风险等级、证据资料、核查建议,D:\openclaw-workspace\knowledge\11-杂志文献\财政监督\17.税款滞纳金能否超过本金.md,P0
MAGSOC-0040-R02,MAGSOC-0040,民生与社保医保 / 预算执行与财政管理 / 招投标与政府采购,税款滞纳金能否超过本金,税款滞纳金能否超过本金R02规则,核查案例涉及的数据、证据和整改链条是否完整一致。,文章案例文本；审计事项清单；问题线索台账；审计证据资料；预算指标表；财政支出明细,风险词命中/数据缺失/证据不一致/指标偏离/流程缺陷,命中对象、风险等级、证据资料、核查建议,D:\openclaw-workspace\knowledge\11-杂志文献\财政监督\17.税款滞纳金能否超过本金.md,P0
MAGTAX-0022-R01,MAGTAX-0022,税务审计 / 预算执行与财政管理 / 财政与政府债务,绩效审计的功能定位与推进路径：基于三种比较视角,绩效审计的功能定位与推进路径：基于三种比较视角R01规则,按案例主题识别同类事项中的风险特征并生成疑点。,文章案例文本；审计事项清单；问题线索台账；审计证据资料；预算指标表；财政支出明细,风险词命中/数据缺失/证据不一致/指标偏离/流程缺陷,命中对象、风险等级、证据资料、核查建议,D:\openclaw-workspace\knowledge\11-杂志文献\财政监督\17.绩效审计的功能定位与推进路径：基于三种比较视角.md,P1
MAGTAX-0022-R02,MAGTAX-0022,税务审计 / 预算执行与财政管理 / 财政与政府债务,绩效审计的功能定位与推进路径：基于三种比较视角,绩效审计的功能定位与推进路径：基于三种比较视角R02规则,核查案例涉及的数据、证据和整改链条是否完整一致。,文章案例文本；审计事项清单；问题线索台账；审计证据资料；预算指标表；财政支出明细,风险词命中/数据缺失/证据不一致/指标偏离/流程缺陷,命中对象、风险等级、证据资料、核查建议,D:\openclaw-workspace\knowledge\11-杂志文献\财政监督\17.绩效审计的功能定位与推进路径：基于三种比较视角.md,P1
MAGSUPV-0104-R01,MAGSUPV-0104,监督检查与经费舞弊 / 全场景通用 / 金融审计,罔顾独立客观必担审计风险,罔顾独立客观必担审计风险R01规则,按案例主题识别同类事项中的风险特征并生成疑点。,文章案例文本；审计事项清单；问题线索台账；审计证据资料；内控制度；会计凭证,风险词命中/数据缺失/证据不一致/指标偏离/流程缺陷,命中对象、风险等级、证据资料、核查建议,D:\openclaw-workspace\knowledge\11-杂志文献\财政监督\17.罔顾独立客观必担审计风险.md,P0
MAGSUPV-0104-R02,MAGSUPV-0104,监督检查与经费舞弊 / 全场景通用 / 金融审计,罔顾独立客观必担审计风险,罔顾独立客观必担审计风险R02规则,核查案例涉及的数据、证据和整改链条是否完整一致。,文章案例文本；审计事项清单；问题线索台账；审计证据资料；内控制度；会计凭证,风险词命中/数据缺失/证据不一致/指标偏离/流程缺陷,命中对象、风险等级、证据资料、核查建议,D:\openclaw-workspace\knowledge\11-杂志文献\财政监督\17.罔顾独立客观必担审计风险.md,P0
MAGFIN-0026-R01,MAGFIN-0026,金融审计 / 国企审计 / 监督检查与经费舞弊,财政政策支持碳减排的路径探析,财政政策支持碳减排的路径探析R01规则,按案例主题识别同类事项中的风险特征并生成疑点。,文章案例文本；审计事项清单；问题线索台账；审计证据资料；预算指标表；财政支出明细,风险词命中/数据缺失/证据不一致/指标偏离/流程缺陷,命中对象、风险等级、证据资料、核查建议,D:\openclaw-workspace\knowledge\11-杂志文献\财政监督\17.财政政策支持碳减排的路径探析.md,P1
MAGFIN-0026-R02,MAGFIN-0026,金融审计 / 国企审计 / 监督检查与经费舞弊,财政政策支持碳减排的路径探析,财政政策支持碳减排的路径探析R02规则,核查案例涉及的数据、证据和整改链条是否完整一致。,文章案例文本；审计事项清单；问题线索台账；审计证据资料；预算指标表；财政支出明细,风险词命中/数据缺失/证据不一致/指标偏离/流程缺陷,命中对象、风险等级、证据资料、核查建议,D:\openclaw-workspace\knowledge\11-杂志文献\财政监督\17.财政政策支持碳减排的路径探析.md,P1
MAGSUPV-0105-R01,MAGSUPV-0105,监督检查与经费舞弊 / 全场景通用 / 金融审计,PPP项目税收风险评价研究,PPP项目税收风险评价研究R01规则,按案例主题识别同类事项中的风险特征并生成疑点。,文章案例文本；审计事项清单；问题线索台账；审计证据资料；内控制度；会计凭证,风险词命中/数据缺失/证据不一致/指标偏离/流程缺陷,命中对象、风险等级、证据资料、核查建议,D:\openclaw-workspace\knowledge\11-杂志文献\财政监督\18.PPP 项目税收风险评价研究.md,P0
MAGSUPV-0105-R02,MAGSUPV-0105,监督检查与经费舞弊 / 全场景通用 / 金融审计,PPP项目税收风险评价研究,PPP项目税收风险评价研究R02规则,核查案例涉及的数据、证据和整改链条是否完整一致。,文章案例文本；审计事项清单；问题线索台账；审计证据资料；内控制度；会计凭证,风险词命中/数据缺失/证据不一致/指标偏离/流程缺陷,命中对象、风险等级、证据资料、核查建议,D:\openclaw-workspace\knowledge\11-杂志文献\财政监督\18.PPP 项目税收风险评价研究.md,P0
MAGBUD-0056-R01,MAGBUD-0056,预算执行与财政管理 / 财政与政府债务 / 绩效评价,“四个突出”深化财政内控建设,“四个突出”深化财政内控建设R01规则,按案例主题识别同类事项中的风险特征并生成疑点。,文章案例文本；审计事项清单；问题线索台账；审计证据资料；预算指标表；财政支出明细,风险词命中/数据缺失/证据不一致/指标偏离/流程缺陷,命中对象、风险等级、证据资料、核查建议,D:\openclaw-workspace\knowledge\11-杂志文献\财政监督\18.“四个突出”深化财政内控建设.md,P1
MAGBUD-0056-R02,MAGBUD-0056,预算执行与财政管理 / 财政与政府债务 / 绩效评价,“四个突出”深化财政内控建设,“四个突出”深化财政内控建设R02规则,核查案例涉及的数据、证据和整改链条是否完整一致。,文章案例文本；审计事项清单；问题线索台账；审计证据资料；预算指标表；财政支出明细,风险词命中/数据缺失/证据不一致/指标偏离/流程缺陷,命中对象、风险等级、证据资料、核查建议,D:\openclaw-workspace\knowledge\11-杂志文献\财政监督\18.“四个突出”深化财政内控建设.md,P1
MAGFIN-0027-R01,MAGFIN-0027,金融审计 / 国企审计 / 监督检查与经费舞弊,“大智移云物”新技术背景下企业财务管理的优化,“大智移云物”新技术背景下企业财务管理的优化R01规则,按案例主题识别同类事项中的风险特征并生成疑点。,文章案例文本；审计事项清单；问题线索台账；审计证据资料；内控制度；会计凭证,风险词命中/数据缺失/证据不一致/指标偏离/流程缺陷,命中对象、风险等级、证据资料、核查建议,D:\openclaw-workspace\knowledge\11-杂志文献\财政监督\18.“大智移云物”新技术背景下企业财务管理的优化.md,P0
MAGFIN-0027-R02,MAGFIN-0027,金融审计 / 国企审计 / 监督检查与经费舞弊,“大智移云物”新技术背景下企业财务管理的优化,“大智移云物”新技术背景下企业财务管理的优化R02规则,核查案例涉及的数据、证据和整改链条是否完整一致。,文章案例文本；审计事项清单；问题线索台账；审计证据资料；内控制度；会计凭证,风险词命中/数据缺失/证据不一致/指标偏离/流程缺陷,命中对象、风险等级、证据资料、核查建议,D:\openclaw-workspace\knowledge\11-杂志文献\财政监督\18.“大智移云物”新技术背景下企业财务管理的优化.md,P0
MAGFIN-0028-R01,MAGFIN-0028,金融审计 / 国企审计 / 监督检查与经费舞弊,优化政府投资项目管理对策研究,优化政府投资项目管理对策研究R01规则,按案例主题识别同类事项中的风险特征并生成疑点。,文章案例文本；审计事项清单；问题线索台账；审计证据资料；内控制度；会计凭证,风险词命中/数据缺失/证据不一致/指标偏离/流程缺陷,命中对象、风险等级、证据资料、核查建议,D:\openclaw-workspace\knowledge\11-杂志文献\财政监督\18.优化政府投资项目管理对策研究.md,P0
MAGFIN-0028-R02,MAGFIN-0028,金融审计 / 国企审计 / 监督检查与经费舞弊,优化政府投资项目管理对策研究,优化政府投资项目管理对策研究R02规则,核查案例涉及的数据、证据和整改链条是否完整一致。,文章案例文本；审计事项清单；问题线索台账；审计证据资料；内控制度；会计凭证,风险词命中/数据缺失/证据不一致/指标偏离/流程缺陷,命中对象、风险等级、证据资料、核查建议,D:\openclaw-workspace\knowledge\11-杂志文献\财政监督\18.优化政府投资项目管理对策研究.md,P0
MAGTAX-0023-R01,MAGTAX-0023,税务审计 / 预算执行与财政管理 / 财政与政府债务,医药企业境内分拆上市动因及绩效研究,医药企业境内分拆上市动因及绩效研究R01规则,按案例主题识别同类事项中的风险特征并生成疑点。,文章案例文本；审计事项清单；问题线索台账；审计证据资料；预算指标表；财政支出明细,风险词命中/数据缺失/证据不一致/指标偏离/流程缺陷,命中对象、风险等级、证据资料、核查建议,D:\openclaw-workspace\knowledge\11-杂志文献\财政监督\18.医药企业境内分拆上市动因及绩效研究.md,P0
MAGTAX-0023-R02,MAGTAX-0023,税务审计 / 预算执行与财政管理 / 财政与政府债务,医药企业境内分拆上市动因及绩效研究,医药企业境内分拆上市动因及绩效研究R02规则,核查案例涉及的数据、证据和整改链条是否完整一致。,文章案例文本；审计事项清单；问题线索台账；审计证据资料；预算指标表；财政支出明细,风险词命中/数据缺失/证据不一致/指标偏离/流程缺陷,命中对象、风险等级、证据资料、核查建议,D:\openclaw-workspace\knowledge\11-杂志文献\财政监督\18.医药企业境内分拆上市动因及绩效研究.md,P0
MAGSOC-0041-R01,MAGSOC-0041,民生与社保医保 / 预算执行与财政管理 / 招投标与政府采购,多维度改革创新惠民惠农财政补贴资金“一卡通”监管模式,多维度改革创新惠民惠农财政补贴资金“一卡通”监管模式R01规则,按案例主题识别同类事项中的风险特征并生成疑点。,文章案例文本；审计事项清单；问题线索台账；审计证据资料；预算指标表；财政支出明细,风险词命中/数据缺失/证据不一致/指标偏离/流程缺陷,命中对象、风险等级、证据资料、核查建议,D:\openclaw-workspace\knowledge\11-杂志文献\财政监督\18.多维度改革创新惠民惠农财政补贴资金 “一卡通”监管模式.md,P1
MAGSOC-0041-R02,MAGSOC-0041,民生与社保医保 / 预算执行与财政管理 / 招投标与政府采购,多维度改革创新惠民惠农财政补贴资金“一卡通”监管模式,多维度改革创新惠民惠农财政补贴资金“一卡通”监管模式R02规则,核查案例涉及的数据、证据和整改链条是否完整一致。,文章案例文本；审计事项清单；问题线索台账；审计证据资料；预算指标表；财政支出明细,风险词命中/数据缺失/证据不一致/指标偏离/流程缺陷,命中对象、风险等级、证据资料、核查建议,D:\openclaw-workspace\knowledge\11-杂志文献\财政监督\18.多维度改革创新惠民惠农财政补贴资金 “一卡通”监管模式.md,P1
MAGFIN-0029-R01,MAGFIN-0029,金融审计 / 国企审计 / 监督检查与经费舞弊,大数据时代内部经济责任审计路径探讨,大数据时代内部经济责任审计路径探讨R01规则,按案例主题识别同类事项中的风险特征并生成疑点。,文章案例文本；审计事项清单；问题线索台账；审计证据资料；内控制度；会计凭证,风险词命中/数据缺失/证据不一致/指标偏离/流程缺陷,命中对象、风险等级、证据资料、核查建议,D:\openclaw-workspace\knowledge\11-杂志文献\财政监督\18.大数据时代内部经济责任审计路径探讨.md,P0
MAGFIN-0029-R02,MAGFIN-0029,金融审计 / 国企审计 / 监督检查与经费舞弊,大数据时代内部经济责任审计路径探讨,大数据时代内部经济责任审计路径探讨R02规则,核查案例涉及的数据、证据和整改链条是否完整一致。,文章案例文本；审计事项清单；问题线索台账；审计证据资料；内控制度；会计凭证,风险词命中/数据缺失/证据不一致/指标偏离/流程缺陷,命中对象、风险等级、证据资料、核查建议,D:\openclaw-workspace\knowledge\11-杂志文献\财政监督\18.大数据时代内部经济责任审计路径探讨.md,P0
MAGSOC-0042-R01,MAGSOC-0042,民生与社保医保 / 预算执行与财政管理 / 招投标与政府采购,平台经济下个人所得税征管问题研究,平台经济下个人所得税征管问题研究R01规则,按案例主题识别同类事项中的风险特征并生成疑点。,文章案例文本；审计事项清单；问题线索台账；审计证据资料；预算指标表；财政支出明细,风险词命中/数据缺失/证据不一致/指标偏离/流程缺陷,命中对象、风险等级、证据资料、核查建议,D:\openclaw-workspace\knowledge\11-杂志文献\财政监督\18.平台经济下个人所得税征管问题研究.md,P0
MAGSOC-0042-R02,MAGSOC-0042,民生与社保医保 / 预算执行与财政管理 / 招投标与政府采购,平台经济下个人所得税征管问题研究,平台经济下个人所得税征管问题研究R02规则,核查案例涉及的数据、证据和整改链条是否完整一致。,文章案例文本；审计事项清单；问题线索台账；审计证据资料；预算指标表；财政支出明细,风险词命中/数据缺失/证据不一致/指标偏离/流程缺陷,命中对象、风险等级、证据资料、核查建议,D:\openclaw-workspace\knowledge\11-杂志文献\财政监督\18.平台经济下个人所得税征管问题研究.md,P0
MAGBUD-0057-R01,MAGBUD-0057,预算执行与财政管理 / 财政与政府债务 / 绩效评价,拟上市民营企业内控体系建设探析与实践,拟上市民营企业内控体系建设探析与实践R01规则,按案例主题识别同类事项中的风险特征并生成疑点。,文章案例文本；审计事项清单；问题线索台账；审计证据资料；预算指标表；财政支出明细,风险词命中/数据缺失/证据不一致/指标偏离/流程缺陷,命中对象、风险等级、证据资料、核查建议,D:\openclaw-workspace\knowledge\11-杂志文献\财政监督\18.拟上市民营企业内控体系建设探析与实践.md,P0
MAGBUD-0057-R02,MAGBUD-0057,预算执行与财政管理 / 财政与政府债务 / 绩效评价,拟上市民营企业内控体系建设探析与实践,拟上市民营企业内控体系建设探析与实践R02规则,核查案例涉及的数据、证据和整改链条是否完整一致。,文章案例文本；审计事项清单；问题线索台账；审计证据资料；预算指标表；财政支出明细,风险词命中/数据缺失/证据不一致/指标偏离/流程缺陷,命中对象、风险等级、证据资料、核查建议,D:\openclaw-workspace\knowledge\11-杂志文献\财政监督\18.拟上市民营企业内控体系建设探析与实践.md,P0
MAGTAX-0024-R01,MAGTAX-0024,税务审计 / 预算执行与财政管理 / 财政与政府债务,行政事业单位内部控制问题研究,行政事业单位内部控制问题研究R01规则,按案例主题识别同类事项中的风险特征并生成疑点。,文章案例文本；审计事项清单；问题线索台账；审计证据资料；预算指标表；财政支出明细,风险词命中/数据缺失/证据不一致/指标偏离/流程缺陷,命中对象、风险等级、证据资料、核查建议,D:\openclaw-workspace\knowledge\11-杂志文献\财政监督\18.行政事业单位内部控制问题研究.md,P1
MAGTAX-0024-R02,MAGTAX-0024,税务审计 / 预算执行与财政管理 / 财政与政府债务,行政事业单位内部控制问题研究,行政事业单位内部控制问题研究R02规则,核查案例涉及的数据、证据和整改链条是否完整一致。,文章案例文本；审计事项清单；问题线索台账；审计证据资料；预算指标表；财政支出明细,风险词命中/数据缺失/证据不一致/指标偏离/流程缺陷,命中对象、风险等级、证据资料、核查建议,D:\openclaw-workspace\knowledge\11-杂志文献\财政监督\18.行政事业单位内部控制问题研究.md,P1
MAGSOC-0043-R01,MAGSOC-0043,民生与社保医保 / 预算执行与财政管理 / 招投标与政府采购,PPP发展水平与地方财政承受力研究,PPP发展水平与地方财政承受力研究R01规则,按案例主题识别同类事项中的风险特征并生成疑点。,文章案例文本；审计事项清单；问题线索台账；审计证据资料；预算指标表；财政支出明细,风险词命中/数据缺失/证据不一致/指标偏离/流程缺陷,命中对象、风险等级、证据资料、核查建议,D:\openclaw-workspace\knowledge\11-杂志文献\财政监督\19.PPP 发展水平与地方财政承受力研究.md,P0
MAGSOC-0043-R02,MAGSOC-0043,民生与社保医保 / 预算执行与财政管理 / 招投标与政府采购,PPP发展水平与地方财政承受力研究,PPP发展水平与地方财政承受力研究R02规则,核查案例涉及的数据、证据和整改链条是否完整一致。,文章案例文本；审计事项清单；问题线索台账；审计证据资料；预算指标表；财政支出明细,风险词命中/数据缺失/证据不一致/指标偏离/流程缺陷,命中对象、风险等级、证据资料、核查建议,D:\openclaw-workspace\knowledge\11-杂志文献\财政监督\19.PPP 发展水平与地方财政承受力研究.md,P0
MAGSOC-0044-R01,MAGSOC-0044,民生与社保医保 / 预算执行与财政管理 / 招投标与政府采购,地方政府产业投资基金审计质量提升路径探讨,地方政府产业投资基金审计质量提升路径探讨R01规则,按案例主题识别同类事项中的风险特征并生成疑点。,文章案例文本；审计事项清单；问题线索台账；审计证据资料；预算指标表；财政支出明细,风险词命中/数据缺失/证据不一致/指标偏离/流程缺陷,命中对象、风险等级、证据资料、核查建议,D:\openclaw-workspace\knowledge\11-杂志文献\财政监督\19.地方政府产业投资基金审计质量提升路径探讨.md,P0
MAGSOC-0044-R02,MAGSOC-0044,民生与社保医保 / 预算执行与财政管理 / 招投标与政府采购,地方政府产业投资基金审计质量提升路径探讨,地方政府产业投资基金审计质量提升路径探讨R02规则,核查案例涉及的数据、证据和整改链条是否完整一致。,文章案例文本；审计事项清单；问题线索台账；审计证据资料；预算指标表；财政支出明细,风险词命中/数据缺失/证据不一致/指标偏离/流程缺陷,命中对象、风险等级、证据资料、核查建议,D:\openclaw-workspace\knowledge\11-杂志文献\财政监督\19.地方政府产业投资基金审计质量提升路径探讨.md,P0
MAGSOC-0045-R01,MAGSOC-0045,民生与社保医保 / 预算执行与财政管理 / 招投标与政府采购,建筑企业数字化转型的动因与路径研究,建筑企业数字化转型的动因与路径研究R01规则,按案例主题识别同类事项中的风险特征并生成疑点。,文章案例文本；审计事项清单；问题线索台账；审计证据资料；预算指标表；财政支出明细,风险词命中/数据缺失/证据不一致/指标偏离/流程缺陷,命中对象、风险等级、证据资料、核查建议,D:\openclaw-workspace\knowledge\11-杂志文献\财政监督\19.建筑企业数字化转型的动因与路径研究.md,P0
MAGSOC-0045-R02,MAGSOC-0045,民生与社保医保 / 预算执行与财政管理 / 招投标与政府采购,建筑企业数字化转型的动因与路径研究,建筑企业数字化转型的动因与路径研究R02规则,核查案例涉及的数据、证据和整改链条是否完整一致。,文章案例文本；审计事项清单；问题线索台账；审计证据资料；预算指标表；财政支出明细,风险词命中/数据缺失/证据不一致/指标偏离/流程缺陷,命中对象、风险等级、证据资料、核查建议,D:\openclaw-workspace\knowledge\11-杂志文献\财政监督\19.建筑企业数字化转型的动因与路径研究.md,P0
MAGSOC-0046-R01,MAGSOC-0046,民生与社保医保 / 预算执行与财政管理 / 招投标与政府采购,我国房地产企业成本控制问题研究,我国房地产企业成本控制问题研究R01规则,按案例主题识别同类事项中的风险特征并生成疑点。,文章案例文本；审计事项清单；问题线索台账；审计证据资料；预算指标表；财政支出明细,风险词命中/数据缺失/证据不一致/指标偏离/流程缺陷,命中对象、风险等级、证据资料、核查建议,D:\openclaw-workspace\knowledge\11-杂志文献\财政监督\19.我国房地产企业成本控制问题研究.md,P0
MAGSOC-0046-R02,MAGSOC-0046,民生与社保医保 / 预算执行与财政管理 / 招投标与政府采购,我国房地产企业成本控制问题研究,我国房地产企业成本控制问题研究R02规则,核查案例涉及的数据、证据和整改链条是否完整一致。,文章案例文本；审计事项清单；问题线索台账；审计证据资料；预算指标表；财政支出明细,风险词命中/数据缺失/证据不一致/指标偏离/流程缺陷,命中对象、风险等级、证据资料、核查建议,D:\openclaw-workspace\knowledge\11-杂志文献\财政监督\19.我国房地产企业成本控制问题研究.md,P0
MAGFIN-0030-R01,MAGFIN-0030,金融审计 / 国企审计 / 监督检查与经费舞弊,提升高校财务管理信息化水平的路径分析,提升高校财务管理信息化水平的路径分析R01规则,按案例主题识别同类事项中的风险特征并生成疑点。,文章案例文本；审计事项清单；问题线索台账；审计证据资料；内控制度；会计凭证,风险词命中/数据缺失/证据不一致/指标偏离/流程缺陷,命中对象、风险等级、证据资料、核查建议,D:\openclaw-workspace\knowledge\11-杂志文献\财政监督\19.提升高校财务管理信息化水平的路径分析.md,P0
MAGFIN-0030-R02,MAGFIN-0030,金融审计 / 国企审计 / 监督检查与经费舞弊,提升高校财务管理信息化水平的路径分析,提升高校财务管理信息化水平的路径分析R02规则,核查案例涉及的数据、证据和整改链条是否完整一致。,文章案例文本；审计事项清单；问题线索台账；审计证据资料；内控制度；会计凭证,风险词命中/数据缺失/证据不一致/指标偏离/流程缺陷,命中对象、风险等级、证据资料、核查建议,D:\openclaw-workspace\knowledge\11-杂志文献\财政监督\19.提升高校财务管理信息化水平的路径分析.md,P0
MAGFIN-0031-R01,MAGFIN-0031,金融审计 / 国企审计 / 监督检查与经费舞弊,新租赁准则在建筑企业的实施及管理升级,新租赁准则在建筑企业的实施及管理升级R01规则,按案例主题识别同类事项中的风险特征并生成疑点。,文章案例文本；审计事项清单；问题线索台账；审计证据资料；内控制度；会计凭证,风险词命中/数据缺失/证据不一致/指标偏离/流程缺陷,命中对象、风险等级、证据资料、核查建议,D:\openclaw-workspace\knowledge\11-杂志文献\财政监督\19.新租赁准则在建筑企业的实施及管理升级.md,P1
MAGFIN-0031-R02,MAGFIN-0031,金融审计 / 国企审计 / 监督检查与经费舞弊,新租赁准则在建筑企业的实施及管理升级,新租赁准则在建筑企业的实施及管理升级R02规则,核查案例涉及的数据、证据和整改链条是否完整一致。,文章案例文本；审计事项清单；问题线索台账；审计证据资料；内控制度；会计凭证,风险词命中/数据缺失/证据不一致/指标偏离/流程缺陷,命中对象、风险等级、证据资料、核查建议,D:\openclaw-workspace\knowledge\11-杂志文献\财政监督\19.新租赁准则在建筑企业的实施及管理升级.md,P1
MAGTAX-0025-R01,MAGTAX-0025,税务审计 / 预算执行与财政管理 / 财政与政府债务,智慧校园视域下高校财务信息化建设路径探究,智慧校园视域下高校财务信息化建设路径探究R01规则,按案例主题识别同类事项中的风险特征并生成疑点。,文章案例文本；审计事项清单；问题线索台账；审计证据资料；预算指标表；财政支出明细,风险词命中/数据缺失/证据不一致/指标偏离/流程缺陷,命中对象、风险等级、证据资料、核查建议,D:\openclaw-workspace\knowledge\11-杂志文献\财政监督\19.智慧校园视域下高校财务信息化建设路径探究.md,P0
MAGTAX-0025-R02,MAGTAX-0025,税务审计 / 预算执行与财政管理 / 财政与政府债务,智慧校园视域下高校财务信息化建设路径探究,智慧校园视域下高校财务信息化建设路径探究R02规则,核查案例涉及的数据、证据和整改链条是否完整一致。,文章案例文本；审计事项清单；问题线索台账；审计证据资料；预算指标表；财政支出明细,风险词命中/数据缺失/证据不一致/指标偏离/流程缺陷,命中对象、风险等级、证据资料、核查建议,D:\openclaw-workspace\knowledge\11-杂志文献\财政监督\19.智慧校园视域下高校财务信息化建设路径探究.md,P0
MAGSUPV-0106-R01,MAGSUPV-0106,监督检查与经费舞弊 / 全场景通用 / 金融审计,论高质量发展下的企业管理会计升级,论高质量发展下的企业管理会计升级R01规则,按案例主题识别同类事项中的风险特征并生成疑点。,文章案例文本；审计事项清单；问题线索台账；审计证据资料；内控制度；会计凭证,风险词命中/数据缺失/证据不一致/指标偏离/流程缺陷,命中对象、风险等级、证据资料、核查建议,D:\openclaw-workspace\knowledge\11-杂志文献\财政监督\19.论高质量发展下的企业管理会计升级.md,P0
MAGSUPV-0106-R02,MAGSUPV-0106,监督检查与经费舞弊 / 全场景通用 / 金融审计,论高质量发展下的企业管理会计升级,论高质量发展下的企业管理会计升级R02规则,核查案例涉及的数据、证据和整改链条是否完整一致。,文章案例文本；审计事项清单；问题线索台账；审计证据资料；内控制度；会计凭证,风险词命中/数据缺失/证据不一致/指标偏离/流程缺陷,命中对象、风险等级、证据资料、核查建议,D:\openclaw-workspace\knowledge\11-杂志文献\财政监督\19.论高质量发展下的企业管理会计升级.md,P0
MAGSUPV-0107-R01,MAGSUPV-0107,监督检查与经费舞弊 / 全场景通用 / 金融审计,财政部福建监管局：推动中介机构充分发挥执业监督作用,财政部福建监管局：推动中介机构充分发挥执业监督作用R01规则,按案例主题识别同类事项中的风险特征并生成疑点。,文章案例文本；审计事项清单；问题线索台账；审计证据资料；预算指标表；财政支出明细,风险词命中/数据缺失/证据不一致/指标偏离/流程缺陷,命中对象、风险等级、证据资料、核查建议,D:\openclaw-workspace\knowledge\11-杂志文献\财政监督\19.财政部福建监管局：推动中介 机构充分发挥执业监督作用.md,P0
MAGSUPV-0107-R02,MAGSUPV-0107,监督检查与经费舞弊 / 全场景通用 / 金融审计,财政部福建监管局：推动中介机构充分发挥执业监督作用,财政部福建监管局：推动中介机构充分发挥执业监督作用R02规则,核查案例涉及的数据、证据和整改链条是否完整一致。,文章案例文本；审计事项清单；问题线索台账；审计证据资料；预算指标表；财政支出明细,风险词命中/数据缺失/证据不一致/指标偏离/流程缺陷,命中对象、风险等级、证据资料、核查建议,D:\openclaw-workspace\knowledge\11-杂志文献\财政监督\19.财政部福建监管局：推动中介 机构充分发挥执业监督作用.md,P0
MAGFIN-0032-R01,MAGFIN-0032,金融审计 / 国企审计 / 监督检查与经费舞弊,优化预算执行动态监控体系的思考,优化预算执行动态监控体系的思考R01规则,按案例主题识别同类事项中的风险特征并生成疑点。,文章案例文本；审计事项清单；问题线索台账；审计证据资料；预算指标表；财政支出明细,风险词命中/数据缺失/证据不一致/指标偏离/流程缺陷,命中对象、风险等级、证据资料、核查建议,D:\openclaw-workspace\knowledge\11-杂志文献\财政监督\2.优化预算执行动态监控体系的思考.md,P0
MAGFIN-0032-R02,MAGFIN-0032,金融审计 / 国企审计 / 监督检查与经费舞弊,优化预算执行动态监控体系的思考,优化预算执行动态监控体系的思考R02规则,核查案例涉及的数据、证据和整改链条是否完整一致。,文章案例文本；审计事项清单；问题线索台账；审计证据资料；预算指标表；财政支出明细,风险词命中/数据缺失/证据不一致/指标偏离/流程缺陷,命中对象、风险等级、证据资料、核查建议,D:\openclaw-workspace\knowledge\11-杂志文献\财政监督\2.优化预算执行动态监控体系的思考.md,P0
MAGSOC-0047-R01,MAGSOC-0047,民生与社保医保 / 预算执行与财政管理 / 招投标与政府采购,全成本预算绩效管理优化路径分析,全成本预算绩效管理优化路径分析R01规则,按案例主题识别同类事项中的风险特征并生成疑点。,文章案例文本；审计事项清单；问题线索台账；审计证据资料；预算指标表；财政支出明细,风险词命中/数据缺失/证据不一致/指标偏离/流程缺陷,命中对象、风险等级、证据资料、核查建议,D:\openclaw-workspace\knowledge\11-杂志文献\财政监督\2.全成本预算绩效管理优化路径分析.md,P0
MAGSOC-0047-R02,MAGSOC-0047,民生与社保医保 / 预算执行与财政管理 / 招投标与政府采购,全成本预算绩效管理优化路径分析,全成本预算绩效管理优化路径分析R02规则,核查案例涉及的数据、证据和整改链条是否完整一致。,文章案例文本；审计事项清单；问题线索台账；审计证据资料；预算指标表；财政支出明细,风险词命中/数据缺失/证据不一致/指标偏离/流程缺陷,命中对象、风险等级、证据资料、核查建议,D:\openclaw-workspace\knowledge\11-杂志文献\财政监督\2.全成本预算绩效管理优化路径分析.md,P0
MAGAGR-0034-R01,MAGAGR-0034,农业农村审计 / 金融审计 / 财政与政府债务,农业领域财政支出项目绩效评价思路探析,农业领域财政支出项目绩效评价思路探析R01规则,按案例主题识别同类事项中的风险特征并生成疑点。,文章案例文本；审计事项清单；问题线索台账；审计证据资料；预算指标表；财政支出明细,风险词命中/数据缺失/证据不一致/指标偏离/流程缺陷,命中对象、风险等级、证据资料、核查建议,D:\openclaw-workspace\knowledge\11-杂志文献\财政监督\2.农业领域财政支出项目绩效评价思路探析.md,P1
MAGAGR-0034-R02,MAGAGR-0034,农业农村审计 / 金融审计 / 财政与政府债务,农业领域财政支出项目绩效评价思路探析,农业领域财政支出项目绩效评价思路探析R02规则,核查案例涉及的数据、证据和整改链条是否完整一致。,文章案例文本；审计事项清单；问题线索台账；审计证据资料；预算指标表；财政支出明细,风险词命中/数据缺失/证据不一致/指标偏离/流程缺陷,命中对象、风险等级、证据资料、核查建议,D:\openclaw-workspace\knowledge\11-杂志文献\财政监督\2.农业领域财政支出项目绩效评价思路探析.md,P1
MAGTAX-0026-R01,MAGTAX-0026,税务审计 / 预算执行与财政管理 / 财政与政府债务,地方财政内控信息化建设实践与探索,地方财政内控信息化建设实践与探索R01规则,按案例主题识别同类事项中的风险特征并生成疑点。,文章案例文本；审计事项清单；问题线索台账；审计证据资料；预算指标表；财政支出明细,风险词命中/数据缺失/证据不一致/指标偏离/流程缺陷,命中对象、风险等级、证据资料、核查建议,D:\openclaw-workspace\knowledge\11-杂志文献\财政监督\2.地方财政内控信息化建设实践与探索.md,P0
MAGTAX-0026-R02,MAGTAX-0026,税务审计 / 预算执行与财政管理 / 财政与政府债务,地方财政内控信息化建设实践与探索,地方财政内控信息化建设实践与探索R02规则,核查案例涉及的数据、证据和整改链条是否完整一致。,文章案例文本；审计事项清单；问题线索台账；审计证据资料；预算指标表；财政支出明细,风险词命中/数据缺失/证据不一致/指标偏离/流程缺陷,命中对象、风险等级、证据资料、核查建议,D:\openclaw-workspace\knowledge\11-杂志文献\财政监督\2.地方财政内控信息化建设实践与探索.md,P0
MAGTAX-0027-R01,MAGTAX-0027,税务审计 / 预算执行与财政管理 / 财政与政府债务,完善省以下政府间收入划分的研究,完善省以下政府间收入划分的研究R01规则,按案例主题识别同类事项中的风险特征并生成疑点。,文章案例文本；审计事项清单；问题线索台账；审计证据资料；预算指标表；财政支出明细,风险词命中/数据缺失/证据不一致/指标偏离/流程缺陷,命中对象、风险等级、证据资料、核查建议,D:\openclaw-workspace\knowledge\11-杂志文献\财政监督\2.完善省以下政府间收入划分的研究.md,P0
MAGTAX-0027-R02,MAGTAX-0027,税务审计 / 预算执行与财政管理 / 财政与政府债务,完善省以下政府间收入划分的研究,完善省以下政府间收入划分的研究R02规则,核查案例涉及的数据、证据和整改链条是否完整一致。,文章案例文本；审计事项清单；问题线索台账；审计证据资料；预算指标表；财政支出明细,风险词命中/数据缺失/证据不一致/指标偏离/流程缺陷,命中对象、风险等级、证据资料、核查建议,D:\openclaw-workspace\knowledge\11-杂志文献\财政监督\2.完善省以下政府间收入划分的研究.md,P0
MAGSUPV-0108-R01,MAGSUPV-0108,监督检查与经费舞弊 / 全场景通用 / 金融审计,探索采购与绩效融合全过程推动预算绩效管理工作脱虚向实,探索采购与绩效融合全过程推动预算绩效管理工作脱虚向实R01规则,按案例主题识别同类事项中的风险特征并生成疑点。,文章案例文本；审计事项清单；问题线索台账；审计证据资料；预算指标表；财政支出明细,风险词命中/数据缺失/证据不一致/指标偏离/流程缺陷,命中对象、风险等级、证据资料、核查建议,D:\openclaw-workspace\knowledge\11-杂志文献\财政监督\2.探索采购与绩效融合全过程推动预算绩效管理工作脱虚向实.md,P0
MAGSUPV-0108-R02,MAGSUPV-0108,监督检查与经费舞弊 / 全场景通用 / 金融审计,探索采购与绩效融合全过程推动预算绩效管理工作脱虚向实,探索采购与绩效融合全过程推动预算绩效管理工作脱虚向实R02规则,核查案例涉及的数据、证据和整改链条是否完整一致。,文章案例文本；审计事项清单；问题线索台账；审计证据资料；预算指标表；财政支出明细,风险词命中/数据缺失/证据不一致/指标偏离/流程缺陷,命中对象、风险等级、证据资料、核查建议,D:\openclaw-workspace\knowledge\11-杂志文献\财政监督\2.探索采购与绩效融合全过程推动预算绩效管理工作脱虚向实.md,P0
MAGSOC-0048-R01,MAGSOC-0048,民生与社保医保 / 预算执行与财政管理 / 招投标与政府采购,人大预算审查监督工作创新发展探讨,人大预算审查监督工作创新发展探讨R01规则,按案例主题识别同类事项中的风险特征并生成疑点。,文章案例文本；审计事项清单；问题线索台账；审计证据资料；预算指标表；财政支出明细,风险词命中/数据缺失/证据不一致/指标偏离/流程缺陷,命中对象、风险等级、证据资料、核查建议,D:\openclaw-workspace\knowledge\11-杂志文献\财政监督\2.新时代人大预算审查监督工作创新发展探讨.md,P0
MAGSOC-0048-R02,MAGSOC-0048,民生与社保医保 / 预算执行与财政管理 / 招投标与政府采购,人大预算审查监督工作创新发展探讨,人大预算审查监督工作创新发展探讨R02规则,核查案例涉及的数据、证据和整改链条是否完整一致。,文章案例文本；审计事项清单；问题线索台账；审计证据资料；预算指标表；财政支出明细,风险词命中/数据缺失/证据不一致/指标偏离/流程缺陷,命中对象、风险等级、证据资料、核查建议,D:\openclaw-workspace\knowledge\11-杂志文献\财政监督\2.新时代人大预算审查监督工作创新发展探讨.md,P0
MAGTAX-0028-R01,MAGTAX-0028,税务审计 / 预算执行与财政管理 / 财政与政府债务,深学细悟习近平新时代中国特色社会主义思想走好新时代新征程财政改革发展之路,深学细悟习近平新时代中国特色社会主义思想走好新时代新征程财政改革发展之路R01规则,按案例主题识别同类事项中的风险特征并生成疑点。,文章案例文本；审计事项清单；问题线索台账；审计证据资料；预算指标表；财政支出明细,风险词命中/数据缺失/证据不一致/指标偏离/流程缺陷,命中对象、风险等级、证据资料、核查建议,D:\openclaw-workspace\knowledge\11-杂志文献\财政监督\2.深学细悟习近平新时代中国特色社会主义思想走好新时代新征程财政改革发展之路.md,P1
MAGTAX-0028-R02,MAGTAX-0028,税务审计 / 预算执行与财政管理 / 财政与政府债务,深学细悟习近平新时代中国特色社会主义思想走好新时代新征程财政改革发展之路,深学细悟习近平新时代中国特色社会主义思想走好新时代新征程财政改革发展之路R02规则,核查案例涉及的数据、证据和整改链条是否完整一致。,文章案例文本；审计事项清单；问题线索台账；审计证据资料；预算指标表；财政支出明细,风险词命中/数据缺失/证据不一致/指标偏离/流程缺陷,命中对象、风险等级、证据资料、核查建议,D:\openclaw-workspace\knowledge\11-杂志文献\财政监督\2.深学细悟习近平新时代中国特色社会主义思想走好新时代新征程财政改革发展之路.md,P1
MAGSUPV-0109-R01,MAGSUPV-0109,监督检查与经费舞弊 / 全场景通用 / 金融审计,稳中求进扎实做好2023年财政工作,稳中求进扎实做好2023年财政工作R01规则,按案例主题识别同类事项中的风险特征并生成疑点。,文章案例文本；审计事项清单；问题线索台账；审计证据资料；预算指标表；财政支出明细,风险词命中/数据缺失/证据不一致/指标偏离/流程缺陷,命中对象、风险等级、证据资料、核查建议,D:\openclaw-workspace\knowledge\11-杂志文献\财政监督\2.稳中求进扎实做好2023年财政工作.md,P0
MAGSUPV-0109-R02,MAGSUPV-0109,监督检查与经费舞弊 / 全场景通用 / 金融审计,稳中求进扎实做好2023年财政工作,稳中求进扎实做好2023年财政工作R02规则,核查案例涉及的数据、证据和整改链条是否完整一致。,文章案例文本；审计事项清单；问题线索台账；审计证据资料；预算指标表；财政支出明细,风险词命中/数据缺失/证据不一致/指标偏离/流程缺陷,命中对象、风险等级、证据资料、核查建议,D:\openclaw-workspace\knowledge\11-杂志文献\财政监督\2.稳中求进扎实做好2023年财政工作.md,P0
MAGSUPV-0110-R01,MAGSUPV-0110,监督检查与经费舞弊 / 全场景通用 / 金融审计,财会监督的历史维度与现实维度,财会监督的历史维度与现实维度R01规则,按案例主题识别同类事项中的风险特征并生成疑点。,文章案例文本；审计事项清单；问题线索台账；审计证据资料；内控制度；会计凭证,风险词命中/数据缺失/证据不一致/指标偏离/流程缺陷,命中对象、风险等级、证据资料、核查建议,D:\openclaw-workspace\knowledge\11-杂志文献\财政监督\2.财会监督的历史维度与现实维度.md,P0
MAGSUPV-0110-R02,MAGSUPV-0110,监督检查与经费舞弊 / 全场景通用 / 金融审计,财会监督的历史维度与现实维度,财会监督的历史维度与现实维度R02规则,核查案例涉及的数据、证据和整改链条是否完整一致。,文章案例文本；审计事项清单；问题线索台账；审计证据资料；内控制度；会计凭证,风险词命中/数据缺失/证据不一致/指标偏离/流程缺陷,命中对象、风险等级、证据资料、核查建议,D:\openclaw-workspace\knowledge\11-杂志文献\财政监督\2.财会监督的历史维度与现实维度.md,P0
MAGSOC-0049-R01,MAGSOC-0049,民生与社保医保 / 预算执行与财政管理 / 招投标与政府采购,财政监督与共同富裕,财政监督与共同富裕R01规则,按案例主题识别同类事项中的风险特征并生成疑点。,文章案例文本；审计事项清单；问题线索台账；审计证据资料；预算指标表；财政支出明细,风险词命中/数据缺失/证据不一致/指标偏离/流程缺陷,命中对象、风险等级、证据资料、核查建议,D:\openclaw-workspace\knowledge\11-杂志文献\财政监督\2.财政监督与共同富裕.md,P1
MAGSOC-0049-R02,MAGSOC-0049,民生与社保医保 / 预算执行与财政管理 / 招投标与政府采购,财政监督与共同富裕,财政监督与共同富裕R02规则,核查案例涉及的数据、证据和整改链条是否完整一致。,文章案例文本；审计事项清单；问题线索台账；审计证据资料；预算指标表；财政支出明细,风险词命中/数据缺失/证据不一致/指标偏离/流程缺陷,命中对象、风险等级、证据资料、核查建议,D:\openclaw-workspace\knowledge\11-杂志文献\财政监督\2.财政监督与共同富裕.md,P1
MAGSUPV-0111-R01,MAGSUPV-0111,监督检查与经费舞弊 / 全场景通用 / 金融审计,财政部负责人就《关于进一步加强财会监督工作的意见》答记者问,财政部负责人就《关于进一步加强财会监督工作的意见》答记者问R01规则,按案例主题识别同类事项中的风险特征并生成疑点。,文章案例文本；审计事项清单；问题线索台账；审计证据资料；预算指标表；财政支出明细,风险词命中/数据缺失/证据不一致/指标偏离/流程缺陷,命中对象、风险等级、证据资料、核查建议,D:\openclaw-workspace\knowledge\11-杂志文献\财政监督\2.财政部负责人就《关于进一步加强财会监督 工作的意见》答记者问.md,P1
MAGSUPV-0111-R02,MAGSUPV-0111,监督检查与经费舞弊 / 全场景通用 / 金融审计,财政部负责人就《关于进一步加强财会监督工作的意见》答记者问,财政部负责人就《关于进一步加强财会监督工作的意见》答记者问R02规则,核查案例涉及的数据、证据和整改链条是否完整一致。,文章案例文本；审计事项清单；问题线索台账；审计证据资料；预算指标表；财政支出明细,风险词命中/数据缺失/证据不一致/指标偏离/流程缺陷,命中对象、风险等级、证据资料、核查建议,D:\openclaw-workspace\knowledge\11-杂志文献\财政监督\2.财政部负责人就《关于进一步加强财会监督 工作的意见》答记者问.md,P1
MAGSOC-0050-R01,MAGSOC-0050,民生与社保医保 / 预算执行与财政管理 / 招投标与政府采购,重大政策和项目全周期跟踪问效的探索与实践,重大政策和项目全周期跟踪问效的探索与实践R01规则,按案例主题识别同类事项中的风险特征并生成疑点。,文章案例文本；审计事项清单；问题线索台账；审计证据资料；预算指标表；财政支出明细,风险词命中/数据缺失/证据不一致/指标偏离/流程缺陷,命中对象、风险等级、证据资料、核查建议,D:\openclaw-workspace\knowledge\11-杂志文献\财政监督\2.重大政策和项目全周期跟踪问效的探索与实践.md,P0
MAGSOC-0050-R02,MAGSOC-0050,民生与社保医保 / 预算执行与财政管理 / 招投标与政府采购,重大政策和项目全周期跟踪问效的探索与实践,重大政策和项目全周期跟踪问效的探索与实践R02规则,核查案例涉及的数据、证据和整改链条是否完整一致。,文章案例文本；审计事项清单；问题线索台账；审计证据资料；预算指标表；财政支出明细,风险词命中/数据缺失/证据不一致/指标偏离/流程缺陷,命中对象、风险等级、证据资料、核查建议,D:\openclaw-workspace\knowledge\11-杂志文献\财政监督\2.重大政策和项目全周期跟踪问效的探索与实践.md,P0
MAGSOC-0051-R01,MAGSOC-0051,民生与社保医保 / 预算执行与财政管理 / 招投标与政府采购,事业单位财务数智化转型路径研究,事业单位财务数智化转型路径研究R01规则,按案例主题识别同类事项中的风险特征并生成疑点。,文章案例文本；审计事项清单；问题线索台账；审计证据资料；预算指标表；财政支出明细,风险词命中/数据缺失/证据不一致/指标偏离/流程缺陷,命中对象、风险等级、证据资料、核查建议,D:\openclaw-workspace\knowledge\11-杂志文献\财政监督\20.事业单位财务数智化转型路径研究.md,P0
MAGSOC-0051-R02,MAGSOC-0051,民生与社保医保 / 预算执行与财政管理 / 招投标与政府采购,事业单位财务数智化转型路径研究,事业单位财务数智化转型路径研究R02规则,核查案例涉及的数据、证据和整改链条是否完整一致。,文章案例文本；审计事项清单；问题线索台账；审计证据资料；预算指标表；财政支出明细,风险词命中/数据缺失/证据不一致/指标偏离/流程缺陷,命中对象、风险等级、证据资料、核查建议,D:\openclaw-workspace\knowledge\11-杂志文献\财政监督\20.事业单位财务数智化转型路径研究.md,P0
MAGAGR-0035-R01,MAGAGR-0035,农业农村审计 / 金融审计 / 财政与政府债务,农业科研单位生物育种项目资金管理问题研究,农业科研单位生物育种项目资金管理问题研究R01规则,按案例主题识别同类事项中的风险特征并生成疑点。,文章案例文本；审计事项清单；问题线索台账；审计证据资料；预算指标表；财政支出明细,风险词命中/数据缺失/证据不一致/指标偏离/流程缺陷,命中对象、风险等级、证据资料、核查建议,D:\openclaw-workspace\knowledge\11-杂志文献\财政监督\20.农业科研单位生物育种项目资金管理问题研究.md,P0
MAGAGR-0035-R02,MAGAGR-0035,农业农村审计 / 金融审计 / 财政与政府债务,农业科研单位生物育种项目资金管理问题研究,农业科研单位生物育种项目资金管理问题研究R02规则,核查案例涉及的数据、证据和整改链条是否完整一致。,文章案例文本；审计事项清单；问题线索台账；审计证据资料；预算指标表；财政支出明细,风险词命中/数据缺失/证据不一致/指标偏离/流程缺陷,命中对象、风险等级、证据资料、核查建议,D:\openclaw-workspace\knowledge\11-杂志文献\财政监督\20.农业科研单位生物育种项目资金管理问题研究.md,P0
MAGSUPV-0112-R01,MAGSUPV-0112,监督检查与经费舞弊 / 全场景通用 / 金融审计,制造业虚拟价值创造的模式研究,制造业虚拟价值创造的模式研究R01规则,按案例主题识别同类事项中的风险特征并生成疑点。,文章案例文本；审计事项清单；问题线索台账；审计证据资料；内控制度；会计凭证,风险词命中/数据缺失/证据不一致/指标偏离/流程缺陷,命中对象、风险等级、证据资料、核查建议,D:\openclaw-workspace\knowledge\11-杂志文献\财政监督\20.制造业虚拟价值创造的模式研究.md,P1
MAGSUPV-0112-R02,MAGSUPV-0112,监督检查与经费舞弊 / 全场景通用 / 金融审计,制造业虚拟价值创造的模式研究,制造业虚拟价值创造的模式研究R02规则,核查案例涉及的数据、证据和整改链条是否完整一致。,文章案例文本；审计事项清单；问题线索台账；审计证据资料；内控制度；会计凭证,风险词命中/数据缺失/证据不一致/指标偏离/流程缺陷,命中对象、风险等级、证据资料、核查建议,D:\openclaw-workspace\knowledge\11-杂志文献\财政监督\20.制造业虚拟价值创造的模式研究.md,P1
MAGFIN-0033-R01,MAGFIN-0033,金融审计 / 国企审计 / 监督检查与经费舞弊,“实质重于形式”原则的现金及现金等价物核算边界问题研究,“实质重于形式”原则的现金及现金等价物核算边界问题研究R01规则,按案例主题识别同类事项中的风险特征并生成疑点。,文章案例文本；审计事项清单；问题线索台账；审计证据资料；内控制度；会计凭证,风险词命中/数据缺失/证据不一致/指标偏离/流程缺陷,命中对象、风险等级、证据资料、核查建议,D:\openclaw-workspace\knowledge\11-杂志文献\财政监督\20.基于“实质重于形式”原则的现金及 现金等价物核算边界问题研究.md,P1
MAGFIN-0033-R02,MAGFIN-0033,金融审计 / 国企审计 / 监督检查与经费舞弊,“实质重于形式”原则的现金及现金等价物核算边界问题研究,“实质重于形式”原则的现金及现金等价物核算边界问题研究R02规则,核查案例涉及的数据、证据和整改链条是否完整一致。,文章案例文本；审计事项清单；问题线索台账；审计证据资料；内控制度；会计凭证,风险词命中/数据缺失/证据不一致/指标偏离/流程缺陷,命中对象、风险等级、证据资料、核查建议,D:\openclaw-workspace\knowledge\11-杂志文献\财政监督\20.基于“实质重于形式”原则的现金及 现金等价物核算边界问题研究.md,P1
MAGTAX-0029-R01,MAGTAX-0029,税务审计 / 预算执行与财政管理 / 财政与政府债务,强化财政内控建设的实践与思考,强化财政内控建设的实践与思考R01规则,按案例主题识别同类事项中的风险特征并生成疑点。,文章案例文本；审计事项清单；问题线索台账；审计证据资料；预算指标表；财政支出明细,风险词命中/数据缺失/证据不一致/指标偏离/流程缺陷,命中对象、风险等级、证据资料、核查建议,D:\openclaw-workspace\knowledge\11-杂志文献\财政监督\20.强化财政内控建设的实践与思考.md,P0
MAGTAX-0029-R02,MAGTAX-0029,税务审计 / 预算执行与财政管理 / 财政与政府债务,强化财政内控建设的实践与思考,强化财政内控建设的实践与思考R02规则,核查案例涉及的数据、证据和整改链条是否完整一致。,文章案例文本；审计事项清单；问题线索台账；审计证据资料；预算指标表；财政支出明细,风险词命中/数据缺失/证据不一致/指标偏离/流程缺陷,命中对象、风险等级、证据资料、核查建议,D:\openclaw-workspace\knowledge\11-杂志文献\财政监督\20.强化财政内控建设的实践与思考.md,P0
MAGSOC-0052-R01,MAGSOC-0052,民生与社保医保 / 预算执行与财政管理 / 招投标与政府采购,政策助力县域经济发展,政策助力县域经济发展R01规则,按案例主题识别同类事项中的风险特征并生成疑点。,文章案例文本；审计事项清单；问题线索台账；审计证据资料；预算指标表；财政支出明细,风险词命中/数据缺失/证据不一致/指标偏离/流程缺陷,命中对象、风险等级、证据资料、核查建议,D:\openclaw-workspace\knowledge\11-杂志文献\财政监督\20.政策助力县域经济发展.md,P0
MAGSOC-0052-R02,MAGSOC-0052,民生与社保医保 / 预算执行与财政管理 / 招投标与政府采购,政策助力县域经济发展,政策助力县域经济发展R02规则,核查案例涉及的数据、证据和整改链条是否完整一致。,文章案例文本；审计事项清单；问题线索台账；审计证据资料；预算指标表；财政支出明细,风险词命中/数据缺失/证据不一致/指标偏离/流程缺陷,命中对象、风险等级、证据资料、核查建议,D:\openclaw-workspace\knowledge\11-杂志文献\财政监督\20.政策助力县域经济发展.md,P0
MAGSOC-0053-R01,MAGSOC-0053,民生与社保医保 / 预算执行与财政管理 / 招投标与政府采购,数智时代企业的业务转型及财务创新,数智时代企业的业务转型及财务创新R01规则,按案例主题识别同类事项中的风险特征并生成疑点。,文章案例文本；审计事项清单；问题线索台账；审计证据资料；预算指标表；财政支出明细,风险词命中/数据缺失/证据不一致/指标偏离/流程缺陷,命中对象、风险等级、证据资料、核查建议,D:\openclaw-workspace\knowledge\11-杂志文献\财政监督\20.数智时代企业的业务转型及财务创新.md,P0
MAGSOC-0053-R02,MAGSOC-0053,民生与社保医保 / 预算执行与财政管理 / 招投标与政府采购,数智时代企业的业务转型及财务创新,数智时代企业的业务转型及财务创新R02规则,核查案例涉及的数据、证据和整改链条是否完整一致。,文章案例文本；审计事项清单；问题线索台账；审计证据资料；预算指标表；财政支出明细,风险词命中/数据缺失/证据不一致/指标偏离/流程缺陷,命中对象、风险等级、证据资料、核查建议,D:\openclaw-workspace\knowledge\11-杂志文献\财政监督\20.数智时代企业的业务转型及财务创新.md,P0
MAGBUD-0058-R01,MAGBUD-0058,预算执行与财政管理 / 财政与政府债务 / 绩效评价,电力物资公司全流程预算绩效管理体系研究,电力物资公司全流程预算绩效管理体系研究R01规则,按案例主题识别同类事项中的风险特征并生成疑点。,文章案例文本；审计事项清单；问题线索台账；审计证据资料；预算指标表；财政支出明细,风险词命中/数据缺失/证据不一致/指标偏离/流程缺陷,命中对象、风险等级、证据资料、核查建议,D:\openclaw-workspace\knowledge\11-杂志文献\财政监督\20.电力物资公司全流程预算绩效管理体系研究.md,P0
MAGBUD-0058-R02,MAGBUD-0058,预算执行与财政管理 / 财政与政府债务 / 绩效评价,电力物资公司全流程预算绩效管理体系研究,电力物资公司全流程预算绩效管理体系研究R02规则,核查案例涉及的数据、证据和整改链条是否完整一致。,文章案例文本；审计事项清单；问题线索台账；审计证据资料；预算指标表；财政支出明细,风险词命中/数据缺失/证据不一致/指标偏离/流程缺陷,命中对象、风险等级、证据资料、核查建议,D:\openclaw-workspace\knowledge\11-杂志文献\财政监督\20.电力物资公司全流程预算绩效管理体系研究.md,P0
MAGTAX-0030-R01,MAGTAX-0030,税务审计 / 预算执行与财政管理 / 财政与政府债务,“大数据”背景下提升税式支出管理水平的研究,“大数据”背景下提升税式支出管理水平的研究R01规则,按案例主题识别同类事项中的风险特征并生成疑点。,文章案例文本；审计事项清单；问题线索台账；审计证据资料；预算指标表；财政支出明细,风险词命中/数据缺失/证据不一致/指标偏离/流程缺陷,命中对象、风险等级、证据资料、核查建议,D:\openclaw-workspace\knowledge\11-杂志文献\财政监督\21.“大数据”背景下提升税式支出管理水平的研究.md,P1
MAGTAX-0030-R02,MAGTAX-0030,税务审计 / 预算执行与财政管理 / 财政与政府债务,“大数据”背景下提升税式支出管理水平的研究,“大数据”背景下提升税式支出管理水平的研究R02规则,核查案例涉及的数据、证据和整改链条是否完整一致。,文章案例文本；审计事项清单；问题线索台账；审计证据资料；预算指标表；财政支出明细,风险词命中/数据缺失/证据不一致/指标偏离/流程缺陷,命中对象、风险等级、证据资料、核查建议,D:\openclaw-workspace\knowledge\11-杂志文献\财政监督\21.“大数据”背景下提升税式支出管理水平的研究.md,P1
MAGSOC-0054-R01,MAGSOC-0054,民生与社保医保 / 预算执行与财政管理 / 招投标与政府采购,基层央行数字人民币应用的财务问题研究,基层央行数字人民币应用的财务问题研究R01规则,按案例主题识别同类事项中的风险特征并生成疑点。,文章案例文本；审计事项清单；问题线索台账；审计证据资料；预算指标表；财政支出明细,风险词命中/数据缺失/证据不一致/指标偏离/流程缺陷,命中对象、风险等级、证据资料、核查建议,D:\openclaw-workspace\knowledge\11-杂志文献\财政监督\21.基层央行数字人民币应用的财务问题研究.md,P0
MAGSOC-0054-R02,MAGSOC-0054,民生与社保医保 / 预算执行与财政管理 / 招投标与政府采购,基层央行数字人民币应用的财务问题研究,基层央行数字人民币应用的财务问题研究R02规则,核查案例涉及的数据、证据和整改链条是否完整一致。,文章案例文本；审计事项清单；问题线索台账；审计证据资料；预算指标表；财政支出明细,风险词命中/数据缺失/证据不一致/指标偏离/流程缺陷,命中对象、风险等级、证据资料、核查建议,D:\openclaw-workspace\knowledge\11-杂志文献\财政监督\21.基层央行数字人民币应用的财务问题研究.md,P0
MAGFIN-0034-R01,MAGFIN-0034,金融审计 / 国企审计 / 监督检查与经费舞弊,商业汇票风险管控体系构建研究,商业汇票风险管控体系构建研究R01规则,按案例主题识别同类事项中的风险特征并生成疑点。,文章案例文本；审计事项清单；问题线索台账；审计证据资料；内控制度；会计凭证,风险词命中/数据缺失/证据不一致/指标偏离/流程缺陷,命中对象、风险等级、证据资料、核查建议,D:\openclaw-workspace\knowledge\11-杂志文献\财政监督\21.新形势下商业汇票风险管控体系构建研究.md,P0
MAGFIN-0034-R02,MAGFIN-0034,金融审计 / 国企审计 / 监督检查与经费舞弊,商业汇票风险管控体系构建研究,商业汇票风险管控体系构建研究R02规则,核查案例涉及的数据、证据和整改链条是否完整一致。,文章案例文本；审计事项清单；问题线索台账；审计证据资料；内控制度；会计凭证,风险词命中/数据缺失/证据不一致/指标偏离/流程缺陷,命中对象、风险等级、证据资料、核查建议,D:\openclaw-workspace\knowledge\11-杂志文献\财政监督\21.新形势下商业汇票风险管控体系构建研究.md,P0
MAGFIN-0035-R01,MAGFIN-0035,金融审计 / 国企审计 / 监督检查与经费舞弊,智慧财务建设助力企业财务转型的探讨,智慧财务建设助力企业财务转型的探讨R01规则,按案例主题识别同类事项中的风险特征并生成疑点。,文章案例文本；审计事项清单；问题线索台账；审计证据资料；内控制度；会计凭证,风险词命中/数据缺失/证据不一致/指标偏离/流程缺陷,命中对象、风险等级、证据资料、核查建议,D:\openclaw-workspace\knowledge\11-杂志文献\财政监督\21.智慧财务建设助力企业财务转型的探讨.md,P0
MAGFIN-0035-R02,MAGFIN-0035,金融审计 / 国企审计 / 监督检查与经费舞弊,智慧财务建设助力企业财务转型的探讨,智慧财务建设助力企业财务转型的探讨R02规则,核查案例涉及的数据、证据和整改链条是否完整一致。,文章案例文本；审计事项清单；问题线索台账；审计证据资料；内控制度；会计凭证,风险词命中/数据缺失/证据不一致/指标偏离/流程缺陷,命中对象、风险等级、证据资料、核查建议,D:\openclaw-workspace\knowledge\11-杂志文献\财政监督\21.智慧财务建设助力企业财务转型的探讨.md,P0
MAGTAX-0031-R01,MAGTAX-0031,税务审计 / 预算执行与财政管理 / 财政与政府债务,社会公众参与预算监督的现状及影响因素分析,社会公众参与预算监督的现状及影响因素分析R01规则,按案例主题识别同类事项中的风险特征并生成疑点。,文章案例文本；审计事项清单；问题线索台账；审计证据资料；预算指标表；财政支出明细,风险词命中/数据缺失/证据不一致/指标偏离/流程缺陷,命中对象、风险等级、证据资料、核查建议,D:\openclaw-workspace\knowledge\11-杂志文献\财政监督\21.社会公众参与预算监督的现状及影响因素分析.md,P0
MAGTAX-0031-R02,MAGTAX-0031,税务审计 / 预算执行与财政管理 / 财政与政府债务,社会公众参与预算监督的现状及影响因素分析,社会公众参与预算监督的现状及影响因素分析R02规则,核查案例涉及的数据、证据和整改链条是否完整一致。,文章案例文本；审计事项清单；问题线索台账；审计证据资料；预算指标表；财政支出明细,风险词命中/数据缺失/证据不一致/指标偏离/流程缺陷,命中对象、风险等级、证据资料、核查建议,D:\openclaw-workspace\knowledge\11-杂志文献\财政监督\21.社会公众参与预算监督的现状及影响因素分析.md,P0
MAGBUD-0059-R01,MAGBUD-0059,预算执行与财政管理 / 财政与政府债务 / 绩效评价,21电网企业“双链协同”预算全域管理体系构建研究,21电网企业“双链协同”预算全域管理体系构建研究R01规则,按案例主题识别同类事项中的风险特征并生成疑点。,文章案例文本；审计事项清单；问题线索台账；审计证据资料；预算指标表；财政支出明细,风险词命中/数据缺失/证据不一致/指标偏离/流程缺陷,命中对象、风险等级、证据资料、核查建议,D:\openclaw-workspace\knowledge\11-杂志文献\财政监督\21电网企业“双链协同”预算全域管理体系构建研究.md,P0
MAGBUD-0059-R02,MAGBUD-0059,预算执行与财政管理 / 财政与政府债务 / 绩效评价,21电网企业“双链协同”预算全域管理体系构建研究,21电网企业“双链协同”预算全域管理体系构建研究R02规则,核查案例涉及的数据、证据和整改链条是否完整一致。,文章案例文本；审计事项清单；问题线索台账；审计证据资料；预算指标表；财政支出明细,风险词命中/数据缺失/证据不一致/指标偏离/流程缺陷,命中对象、风险等级、证据资料、核查建议,D:\openclaw-workspace\knowledge\11-杂志文献\财政监督\21电网企业“双链协同”预算全域管理体系构建研究.md,P0
MAGSOC-0055-R01,MAGSOC-0055,民生与社保医保 / 预算执行与财政管理 / 招投标与政府采购,中国税制改革的十年(2012—2022)回顾与前瞻,中国税制改革的十年(2012—2022)回顾与前瞻R01规则,按案例主题识别同类事项中的风险特征并生成疑点。,文章案例文本；审计事项清单；问题线索台账；审计证据资料；预算指标表；财政支出明细,风险词命中/数据缺失/证据不一致/指标偏离/流程缺陷,命中对象、风险等级、证据资料、核查建议,D:\openclaw-workspace\knowledge\11-杂志文献\财政监督\22.中国税制改革的十年(2012—2022)回顾与前瞻.md,P0
MAGSOC-0055-R02,MAGSOC-0055,民生与社保医保 / 预算执行与财政管理 / 招投标与政府采购,中国税制改革的十年(2012—2022)回顾与前瞻,中国税制改革的十年(2012—2022)回顾与前瞻R02规则,核查案例涉及的数据、证据和整改链条是否完整一致。,文章案例文本；审计事项清单；问题线索台账；审计证据资料；预算指标表；财政支出明细,风险词命中/数据缺失/证据不一致/指标偏离/流程缺陷,命中对象、风险等级、证据资料、核查建议,D:\openclaw-workspace\knowledge\11-杂志文献\财政监督\22.中国税制改革的十年(2012—2022)回顾与前瞻.md,P0
MAGBUD-0060-R01,MAGBUD-0060,预算执行与财政管理 / 财政与政府债务 / 绩效评价,内部模拟市场体系的国网省级营销服务中心预算管理优化探索,内部模拟市场体系的国网省级营销服务中心预算管理优化探索R01规则,按案例主题识别同类事项中的风险特征并生成疑点。,文章案例文本；审计事项清单；问题线索台账；审计证据资料；预算指标表；财政支出明细,风险词命中/数据缺失/证据不一致/指标偏离/流程缺陷,命中对象、风险等级、证据资料、核查建议,D:\openclaw-workspace\knowledge\11-杂志文献\财政监督\22.基于内部模拟市场体系的国网省级营销服务中心预算管理优化探索.md,P0
MAGBUD-0060-R02,MAGBUD-0060,预算执行与财政管理 / 财政与政府债务 / 绩效评价,内部模拟市场体系的国网省级营销服务中心预算管理优化探索,内部模拟市场体系的国网省级营销服务中心预算管理优化探索R02规则,核查案例涉及的数据、证据和整改链条是否完整一致。,文章案例文本；审计事项清单；问题线索台账；审计证据资料；预算指标表；财政支出明细,风险词命中/数据缺失/证据不一致/指标偏离/流程缺陷,命中对象、风险等级、证据资料、核查建议,D:\openclaw-workspace\knowledge\11-杂志文献\财政监督\22.基于内部模拟市场体系的国网省级营销服务中心预算管理优化探索.md,P0
MAGTAX-0032-R01,MAGTAX-0032,税务审计 / 预算执行与财政管理 / 财政与政府债务,财政补贴对高技术行业企业创新意愿的影响研究,财政补贴对高技术行业企业创新意愿的影响研究R01规则,按案例主题识别同类事项中的风险特征并生成疑点。,文章案例文本；审计事项清单；问题线索台账；审计证据资料；预算指标表；财政支出明细,风险词命中/数据缺失/证据不一致/指标偏离/流程缺陷,命中对象、风险等级、证据资料、核查建议,D:\openclaw-workspace\knowledge\11-杂志文献\财政监督\22.财政补贴对高技术行业企业创新意愿的影响研究.md,P0
MAGTAX-0032-R02,MAGTAX-0032,税务审计 / 预算执行与财政管理 / 财政与政府债务,财政补贴对高技术行业企业创新意愿的影响研究,财政补贴对高技术行业企业创新意愿的影响研究R02规则,核查案例涉及的数据、证据和整改链条是否完整一致。,文章案例文本；审计事项清单；问题线索台账；审计证据资料；预算指标表；财政支出明细,风险词命中/数据缺失/证据不一致/指标偏离/流程缺陷,命中对象、风险等级、证据资料、核查建议,D:\openclaw-workspace\knowledge\11-杂志文献\财政监督\22.财政补贴对高技术行业企业创新意愿的影响研究.md,P0
MAGFIN-0036-R01,MAGFIN-0036,金融审计 / 国企审计 / 监督检查与经费舞弊,内控视角的高校所属单位财务监管问题研究,内控视角的高校所属单位财务监管问题研究R01规则,按案例主题识别同类事项中的风险特征并生成疑点。,文章案例文本；审计事项清单；问题线索台账；审计证据资料；内控制度；会计凭证,风险词命中/数据缺失/证据不一致/指标偏离/流程缺陷,命中对象、风险等级、证据资料、核查建议,D:\openclaw-workspace\knowledge\11-杂志文献\财政监督\23.基于内控视角的高校所属单位财务监管问题研究.md,P1
MAGFIN-0036-R02,MAGFIN-0036,金融审计 / 国企审计 / 监督检查与经费舞弊,内控视角的高校所属单位财务监管问题研究,内控视角的高校所属单位财务监管问题研究R02规则,核查案例涉及的数据、证据和整改链条是否完整一致。,文章案例文本；审计事项清单；问题线索台账；审计证据资料；内控制度；会计凭证,风险词命中/数据缺失/证据不一致/指标偏离/流程缺陷,命中对象、风险等级、证据资料、核查建议,D:\openclaw-workspace\knowledge\11-杂志文献\财政监督\23.基于内控视角的高校所属单位财务监管问题研究.md,P1
MAGBUD-0061-R01,MAGBUD-0061,预算执行与财政管理 / 财政与政府债务 / 绩效评价,多维精益管理体系的地市供电企业,多维精益管理体系的地市供电企业R01规则,按案例主题识别同类事项中的风险特征并生成疑点。,文章案例文本；审计事项清单；问题线索台账；审计证据资料；预算指标表；财政支出明细,风险词命中/数据缺失/证据不一致/指标偏离/流程缺陷,命中对象、风险等级、证据资料、核查建议,D:\openclaw-workspace\knowledge\11-杂志文献\财政监督\23.基于多维精益管理体系的地市供电企业.md,P0
MAGBUD-0061-R02,MAGBUD-0061,预算执行与财政管理 / 财政与政府债务 / 绩效评价,多维精益管理体系的地市供电企业,多维精益管理体系的地市供电企业R02规则,核查案例涉及的数据、证据和整改链条是否完整一致。,文章案例文本；审计事项清单；问题线索台账；审计证据资料；预算指标表；财政支出明细,风险词命中/数据缺失/证据不一致/指标偏离/流程缺陷,命中对象、风险等级、证据资料、核查建议,D:\openclaw-workspace\knowledge\11-杂志文献\财政监督\23.基于多维精益管理体系的地市供电企业.md,P0
MAGSOC-0056-R01,MAGSOC-0056,民生与社保医保 / 预算执行与财政管理 / 招投标与政府采购,企业财务管理转型目标探讨,企业财务管理转型目标探讨R01规则,按案例主题识别同类事项中的风险特征并生成疑点。,文章案例文本；审计事项清单；问题线索台账；审计证据资料；预算指标表；财政支出明细,风险词命中/数据缺失/证据不一致/指标偏离/流程缺陷,命中对象、风险等级、证据资料、核查建议,D:\openclaw-workspace\knowledge\11-杂志文献\财政监督\24.数字化背景下企业财务管理转型目标探讨.md,P0
MAGSOC-0056-R02,MAGSOC-0056,民生与社保医保 / 预算执行与财政管理 / 招投标与政府采购,企业财务管理转型目标探讨,企业财务管理转型目标探讨R02规则,核查案例涉及的数据、证据和整改链条是否完整一致。,文章案例文本；审计事项清单；问题线索台账；审计证据资料；预算指标表；财政支出明细,风险词命中/数据缺失/证据不一致/指标偏离/流程缺陷,命中对象、风险等级、证据资料、核查建议,D:\openclaw-workspace\knowledge\11-杂志文献\财政监督\24.数字化背景下企业财务管理转型目标探讨.md,P0
MAGTAX-0033-R01,MAGTAX-0033,税务审计 / 预算执行与财政管理 / 财政与政府债务,数字经济时代企业财务管理变革研究,数字经济时代企业财务管理变革研究R01规则,按案例主题识别同类事项中的风险特征并生成疑点。,文章案例文本；审计事项清单；问题线索台账；审计证据资料；预算指标表；财政支出明细,风险词命中/数据缺失/证据不一致/指标偏离/流程缺陷,命中对象、风险等级、证据资料、核查建议,D:\openclaw-workspace\knowledge\11-杂志文献\财政监督\24.数字经济时代企业财务管理变革研究.md,P0
MAGTAX-0033-R02,MAGTAX-0033,税务审计 / 预算执行与财政管理 / 财政与政府债务,数字经济时代企业财务管理变革研究,数字经济时代企业财务管理变革研究R02规则,核查案例涉及的数据、证据和整改链条是否完整一致。,文章案例文本；审计事项清单；问题线索台账；审计证据资料；预算指标表；财政支出明细,风险词命中/数据缺失/证据不一致/指标偏离/流程缺陷,命中对象、风险等级、证据资料、核查建议,D:\openclaw-workspace\knowledge\11-杂志文献\财政监督\24.数字经济时代企业财务管理变革研究.md,P0
MAGFIN-0037-R01,MAGFIN-0037,金融审计 / 国企审计 / 监督检查与经费舞弊,建筑行业货币资金内部控制优化的案例研究,建筑行业货币资金内部控制优化的案例研究R01规则,按案例主题识别同类事项中的风险特征并生成疑点。,文章案例文本；审计事项清单；问题线索台账；审计证据资料；内控制度；会计凭证,风险词命中/数据缺失/证据不一致/指标偏离/流程缺陷,命中对象、风险等级、证据资料、核查建议,D:\openclaw-workspace\knowledge\11-杂志文献\财政监督\25.建筑行业货币资金内部控制优化的案例研究.md,P0
MAGFIN-0037-R02,MAGFIN-0037,金融审计 / 国企审计 / 监督检查与经费舞弊,建筑行业货币资金内部控制优化的案例研究,建筑行业货币资金内部控制优化的案例研究R02规则,核查案例涉及的数据、证据和整改链条是否完整一致。,文章案例文本；审计事项清单；问题线索台账；审计证据资料；内控制度；会计凭证,风险词命中/数据缺失/证据不一致/指标偏离/流程缺陷,命中对象、风险等级、证据资料、核查建议,D:\openclaw-workspace\knowledge\11-杂志文献\财政监督\25.建筑行业货币资金内部控制优化的案例研究.md,P0
MAGSOC-0057-R01,MAGSOC-0057,民生与社保医保 / 预算执行与财政管理 / 招投标与政府采购,依法审查监督开拓人大预算审查监督新局面,依法审查监督开拓人大预算审查监督新局面R01规则,按案例主题识别同类事项中的风险特征并生成疑点。,文章案例文本；审计事项清单；问题线索台账；审计证据资料；预算指标表；财政支出明细,风险词命中/数据缺失/证据不一致/指标偏离/流程缺陷,命中对象、风险等级、证据资料、核查建议,D:\openclaw-workspace\knowledge\11-杂志文献\财政监督\3.依法审查监督开拓人大预算审查监督新局面.md,P0
MAGSOC-0057-R02,MAGSOC-0057,民生与社保医保 / 预算执行与财政管理 / 招投标与政府采购,依法审查监督开拓人大预算审查监督新局面,依法审查监督开拓人大预算审查监督新局面R02规则,核查案例涉及的数据、证据和整改链条是否完整一致。,文章案例文本；审计事项清单；问题线索台账；审计证据资料；预算指标表；财政支出明细,风险词命中/数据缺失/证据不一致/指标偏离/流程缺陷,命中对象、风险等级、证据资料、核查建议,D:\openclaw-workspace\knowledge\11-杂志文献\财政监督\3.依法审查监督开拓人大预算审查监督新局面.md,P0
MAGSUPV-0113-R01,MAGSUPV-0113,监督检查与经费舞弊 / 全场景通用 / 金融审计,健全现代预算制度助力经济高质量发展,健全现代预算制度助力经济高质量发展R01规则,按案例主题识别同类事项中的风险特征并生成疑点。,文章案例文本；审计事项清单；问题线索台账；审计证据资料；预算指标表；财政支出明细,风险词命中/数据缺失/证据不一致/指标偏离/流程缺陷,命中对象、风险等级、证据资料、核查建议,D:\openclaw-workspace\knowledge\11-杂志文献\财政监督\3.健全现代预算制度助力经济高质量发展.md,P1
MAGSUPV-0113-R02,MAGSUPV-0113,监督检查与经费舞弊 / 全场景通用 / 金融审计,健全现代预算制度助力经济高质量发展,健全现代预算制度助力经济高质量发展R02规则,核查案例涉及的数据、证据和整改链条是否完整一致。,文章案例文本；审计事项清单；问题线索台账；审计证据资料；预算指标表；财政支出明细,风险词命中/数据缺失/证据不一致/指标偏离/流程缺陷,命中对象、风险等级、证据资料、核查建议,D:\openclaw-workspace\knowledge\11-杂志文献\财政监督\3.健全现代预算制度助力经济高质量发展.md,P1
MAGSUPV-0114-R01,MAGSUPV-0114,监督检查与经费舞弊 / 全场景通用 / 金融审计,共同富裕背景下完善分配制度的财会监督体系优化研究,共同富裕背景下完善分配制度的财会监督体系优化研究R01规则,按案例主题识别同类事项中的风险特征并生成疑点。,文章案例文本；审计事项清单；问题线索台账；审计证据资料；内控制度；会计凭证,风险词命中/数据缺失/证据不一致/指标偏离/流程缺陷,命中对象、风险等级、证据资料、核查建议,D:\openclaw-workspace\knowledge\11-杂志文献\财政监督\3.共同富裕背景下完善分配制度的财会监督体系优化研究.md,P1
MAGSUPV-0114-R02,MAGSUPV-0114,监督检查与经费舞弊 / 全场景通用 / 金融审计,共同富裕背景下完善分配制度的财会监督体系优化研究,共同富裕背景下完善分配制度的财会监督体系优化研究R02规则,核查案例涉及的数据、证据和整改链条是否完整一致。,文章案例文本；审计事项清单；问题线索台账；审计证据资料；内控制度；会计凭证,风险词命中/数据缺失/证据不一致/指标偏离/流程缺陷,命中对象、风险等级、证据资料、核查建议,D:\openclaw-workspace\knowledge\11-杂志文献\财政监督\3.共同富裕背景下完善分配制度的财会监督体系优化研究.md,P1
MAGSUPV-0115-R01,MAGSUPV-0115,监督检查与经费舞弊 / 全场景通用 / 金融审计,凝心聚力以财政新作为新担当推动高质量发展,凝心聚力以财政新作为新担当推动高质量发展R01规则,按案例主题识别同类事项中的风险特征并生成疑点。,文章案例文本；审计事项清单；问题线索台账；审计证据资料；预算指标表；财政支出明细,风险词命中/数据缺失/证据不一致/指标偏离/流程缺陷,命中对象、风险等级、证据资料、核查建议,D:\openclaw-workspace\knowledge\11-杂志文献\财政监督\3.凝心聚力以财政新作为新担当推动高质量发展.md,P1
MAGSUPV-0115-R02,MAGSUPV-0115,监督检查与经费舞弊 / 全场景通用 / 金融审计,凝心聚力以财政新作为新担当推动高质量发展,凝心聚力以财政新作为新担当推动高质量发展R02规则,核查案例涉及的数据、证据和整改链条是否完整一致。,文章案例文本；审计事项清单；问题线索台账；审计证据资料；预算指标表；财政支出明细,风险词命中/数据缺失/证据不一致/指标偏离/流程缺陷,命中对象、风险等级、证据资料、核查建议,D:\openclaw-workspace\knowledge\11-杂志文献\财政监督\3.凝心聚力以财政新作为新担当推动高质量发展.md,P1
MAGSUPV-0116-R01,MAGSUPV-0116,监督检查与经费舞弊 / 全场景通用 / 金融审计,加快推进我国新型财会监督体系建设的对策研究,加快推进我国新型财会监督体系建设的对策研究R01规则,按案例主题识别同类事项中的风险特征并生成疑点。,文章案例文本；审计事项清单；问题线索台账；审计证据资料；内控制度；会计凭证,风险词命中/数据缺失/证据不一致/指标偏离/流程缺陷,命中对象、风险等级、证据资料、核查建议,D:\openclaw-workspace\knowledge\11-杂志文献\财政监督\3.加快推进我国新型财会监督体系建设的对策研究.md,P0
MAGSUPV-0116-R02,MAGSUPV-0116,监督检查与经费舞弊 / 全场景通用 / 金融审计,加快推进我国新型财会监督体系建设的对策研究,加快推进我国新型财会监督体系建设的对策研究R02规则,核查案例涉及的数据、证据和整改链条是否完整一致。,文章案例文本；审计事项清单；问题线索台账；审计证据资料；内控制度；会计凭证,风险词命中/数据缺失/证据不一致/指标偏离/流程缺陷,命中对象、风险等级、证据资料、核查建议,D:\openclaw-workspace\knowledge\11-杂志文献\财政监督\3.加快推进我国新型财会监督体系建设的对策研究.md,P0
MAGSUPV-0117-R01,MAGSUPV-0117,监督检查与经费舞弊 / 全场景通用 / 金融审计,完善重大财政政策绩效评价机制探索,完善重大财政政策绩效评价机制探索R01规则,按案例主题识别同类事项中的风险特征并生成疑点。,文章案例文本；审计事项清单；问题线索台账；审计证据资料；预算指标表；财政支出明细,风险词命中/数据缺失/证据不一致/指标偏离/流程缺陷,命中对象、风险等级、证据资料、核查建议,D:\openclaw-workspace\knowledge\11-杂志文献\财政监督\3.完善重大财政政策绩效评价机制探索.md,P0
MAGSUPV-0117-R02,MAGSUPV-0117,监督检查与经费舞弊 / 全场景通用 / 金融审计,完善重大财政政策绩效评价机制探索,完善重大财政政策绩效评价机制探索R02规则,核查案例涉及的数据、证据和整改链条是否完整一致。,文章案例文本；审计事项清单；问题线索台账；审计证据资料；预算指标表；财政支出明细,风险词命中/数据缺失/证据不一致/指标偏离/流程缺陷,命中对象、风险等级、证据资料、核查建议,D:\openclaw-workspace\knowledge\11-杂志文献\财政监督\3.完善重大财政政策绩效评价机制探索.md,P0
MAGSUPV-0118-R01,MAGSUPV-0118,监督检查与经费舞弊 / 全场景通用 / 金融审计,强化预算执行监督推进财政预算与绩效管理一体化,强化预算执行监督推进财政预算与绩效管理一体化R01规则,按案例主题识别同类事项中的风险特征并生成疑点。,文章案例文本；审计事项清单；问题线索台账；审计证据资料；预算指标表；财政支出明细,风险词命中/数据缺失/证据不一致/指标偏离/流程缺陷,命中对象、风险等级、证据资料、核查建议,D:\openclaw-workspace\knowledge\11-杂志文献\财政监督\3.强化预算执行监督推进财政预算与绩效管理一体化.md,P0
MAGSUPV-0118-R02,MAGSUPV-0118,监督检查与经费舞弊 / 全场景通用 / 金融审计,强化预算执行监督推进财政预算与绩效管理一体化,强化预算执行监督推进财政预算与绩效管理一体化R02规则,核查案例涉及的数据、证据和整改链条是否完整一致。,文章案例文本；审计事项清单；问题线索台账；审计证据资料；预算指标表；财政支出明细,风险词命中/数据缺失/证据不一致/指标偏离/流程缺陷,命中对象、风险等级、证据资料、核查建议,D:\openclaw-workspace\knowledge\11-杂志文献\财政监督\3.强化预算执行监督推进财政预算与绩效管理一体化.md,P0
MAGBUD-0062-R01,MAGBUD-0062,预算执行与财政管理 / 财政与政府债务 / 绩效评价,政府补贴项目全成本预算绩效管理实践探索,政府补贴项目全成本预算绩效管理实践探索R01规则,按案例主题识别同类事项中的风险特征并生成疑点。,文章案例文本；审计事项清单；问题线索台账；审计证据资料；预算指标表；财政支出明细,风险词命中/数据缺失/证据不一致/指标偏离/流程缺陷,命中对象、风险等级、证据资料、核查建议,D:\openclaw-workspace\knowledge\11-杂志文献\财政监督\3.政府补贴项目全成本预算绩效管理实践探索.md,P0
MAGBUD-0062-R02,MAGBUD-0062,预算执行与财政管理 / 财政与政府债务 / 绩效评价,政府补贴项目全成本预算绩效管理实践探索,政府补贴项目全成本预算绩效管理实践探索R02规则,核查案例涉及的数据、证据和整改链条是否完整一致。,文章案例文本；审计事项清单；问题线索台账；审计证据资料；预算指标表；财政支出明细,风险词命中/数据缺失/证据不一致/指标偏离/流程缺陷,命中对象、风险等级、证据资料、核查建议,D:\openclaw-workspace\knowledge\11-杂志文献\财政监督\3.政府补贴项目全成本预算绩效管理实践探索.md,P0
MAGBUD-0063-R01,MAGBUD-0063,预算执行与财政管理 / 财政与政府债务 / 绩效评价,政府采购预算绩效管理实践及建议,政府采购预算绩效管理实践及建议R01规则,按案例主题识别同类事项中的风险特征并生成疑点。,文章案例文本；审计事项清单；问题线索台账；审计证据资料；预算指标表；财政支出明细,风险词命中/数据缺失/证据不一致/指标偏离/流程缺陷,命中对象、风险等级、证据资料、核查建议,D:\openclaw-workspace\knowledge\11-杂志文献\财政监督\3.政府采购预算绩效管理实践及建议.md,P0
MAGBUD-0063-R02,MAGBUD-0063,预算执行与财政管理 / 财政与政府债务 / 绩效评价,政府采购预算绩效管理实践及建议,政府采购预算绩效管理实践及建议R02规则,核查案例涉及的数据、证据和整改链条是否完整一致。,文章案例文本；审计事项清单；问题线索台账；审计证据资料；预算指标表；财政支出明细,风险词命中/数据缺失/证据不一致/指标偏离/流程缺陷,命中对象、风险等级、证据资料、核查建议,D:\openclaw-workspace\knowledge\11-杂志文献\财政监督\3.政府采购预算绩效管理实践及建议.md,P0
MAGAGR-0036-R01,MAGAGR-0036,农业农村审计 / 金融审计 / 财政与政府债务,涉农整合类项目绩效重点评价的难点及解决思路,涉农整合类项目绩效重点评价的难点及解决思路R01规则,按案例主题识别同类事项中的风险特征并生成疑点。,文章案例文本；审计事项清单；问题线索台账；审计证据资料；预算指标表；财政支出明细,风险词命中/数据缺失/证据不一致/指标偏离/流程缺陷,命中对象、风险等级、证据资料、核查建议,D:\openclaw-workspace\knowledge\11-杂志文献\财政监督\3.涉农整合类项目绩效重点评价的难点及解决思路.md,P1
MAGAGR-0036-R02,MAGAGR-0036,农业农村审计 / 金融审计 / 财政与政府债务,涉农整合类项目绩效重点评价的难点及解决思路,涉农整合类项目绩效重点评价的难点及解决思路R02规则,核查案例涉及的数据、证据和整改链条是否完整一致。,文章案例文本；审计事项清单；问题线索台账；审计证据资料；预算指标表；财政支出明细,风险词命中/数据缺失/证据不一致/指标偏离/流程缺陷,命中对象、风险等级、证据资料、核查建议,D:\openclaw-workspace\knowledge\11-杂志文献\财政监督\3.涉农整合类项目绩效重点评价的难点及解决思路.md,P1
MAGSUPV-0119-R01,MAGSUPV-0119,监督检查与经费舞弊 / 全场景通用 / 金融审计,积极打造财会监督“山东特色”服务保障经济社会高质量发展,积极打造财会监督“山东特色”服务保障经济社会高质量发展R01规则,按案例主题识别同类事项中的风险特征并生成疑点。,文章案例文本；审计事项清单；问题线索台账；审计证据资料；内控制度；会计凭证,风险词命中/数据缺失/证据不一致/指标偏离/流程缺陷,命中对象、风险等级、证据资料、核查建议,D:\openclaw-workspace\knowledge\11-杂志文献\财政监督\3.积极打造财会监督“山东特色” 服务保障经济社会高质量发展.md,P0
MAGSUPV-0119-R02,MAGSUPV-0119,监督检查与经费舞弊 / 全场景通用 / 金融审计,积极打造财会监督“山东特色”服务保障经济社会高质量发展,积极打造财会监督“山东特色”服务保障经济社会高质量发展R02规则,核查案例涉及的数据、证据和整改链条是否完整一致。,文章案例文本；审计事项清单；问题线索台账；审计证据资料；内控制度；会计凭证,风险词命中/数据缺失/证据不一致/指标偏离/流程缺陷,命中对象、风险等级、证据资料、核查建议,D:\openclaw-workspace\knowledge\11-杂志文献\财政监督\3.积极打造财会监督“山东特色” 服务保障经济社会高质量发展.md,P0
MAGAGR-0037-R01,MAGAGR-0037,农业农村审计 / 金融审计 / 财政与政府债务,规范省以下财政管理的困境及建议,规范省以下财政管理的困境及建议R01规则,按案例主题识别同类事项中的风险特征并生成疑点。,文章案例文本；审计事项清单；问题线索台账；审计证据资料；预算指标表；财政支出明细,风险词命中/数据缺失/证据不一致/指标偏离/流程缺陷,命中对象、风险等级、证据资料、核查建议,D:\openclaw-workspace\knowledge\11-杂志文献\财政监督\3.规范省以下财政管理的困境及建议.md,P1
MAGAGR-0037-R02,MAGAGR-0037,农业农村审计 / 金融审计 / 财政与政府债务,规范省以下财政管理的困境及建议,规范省以下财政管理的困境及建议R02规则,核查案例涉及的数据、证据和整改链条是否完整一致。,文章案例文本；审计事项清单；问题线索台账；审计证据资料；预算指标表；财政支出明细,风险词命中/数据缺失/证据不一致/指标偏离/流程缺陷,命中对象、风险等级、证据资料、核查建议,D:\openclaw-workspace\knowledge\11-杂志文献\财政监督\3.规范省以下财政管理的困境及建议.md,P1
MAGBUD-0064-R01,MAGBUD-0064,预算执行与财政管理 / 财政与政府债务 / 绩效评价,财会监督新形势下内控信息化建设路径实践和探讨,财会监督新形势下内控信息化建设路径实践和探讨R01规则,按案例主题识别同类事项中的风险特征并生成疑点。,文章案例文本；审计事项清单；问题线索台账；审计证据资料；预算指标表；财政支出明细,风险词命中/数据缺失/证据不一致/指标偏离/流程缺陷,命中对象、风险等级、证据资料、核查建议,D:\openclaw-workspace\knowledge\11-杂志文献\财政监督\3.财会监督新形势下内控信息化建设路径实践和探讨.md,P0
MAGBUD-0064-R02,MAGBUD-0064,预算执行与财政管理 / 财政与政府债务 / 绩效评价,财会监督新形势下内控信息化建设路径实践和探讨,财会监督新形势下内控信息化建设路径实践和探讨R02规则,核查案例涉及的数据、证据和整改链条是否完整一致。,文章案例文本；审计事项清单；问题线索台账；审计证据资料；预算指标表；财政支出明细,风险词命中/数据缺失/证据不一致/指标偏离/流程缺陷,命中对象、风险等级、证据资料、核查建议,D:\openclaw-workspace\knowledge\11-杂志文献\财政监督\3.财会监督新形势下内控信息化建设路径实践和探讨.md,P0
MAGFIN-0038-R01,MAGFIN-0038,金融审计 / 国企审计 / 监督检查与经费舞弊,从内部控制信息化角度探索财会监督新模式,从内部控制信息化角度探索财会监督新模式R01规则,按案例主题识别同类事项中的风险特征并生成疑点。,文章案例文本；审计事项清单；问题线索台账；审计证据资料；内控制度；会计凭证,风险词命中/数据缺失/证据不一致/指标偏离/流程缺陷,命中对象、风险等级、证据资料、核查建议,D:\openclaw-workspace\knowledge\11-杂志文献\财政监督\4.从内部控制信息化角度探索财会监督新模式.md,P0
MAGFIN-0038-R02,MAGFIN-0038,金融审计 / 国企审计 / 监督检查与经费舞弊,从内部控制信息化角度探索财会监督新模式,从内部控制信息化角度探索财会监督新模式R02规则,核查案例涉及的数据、证据和整改链条是否完整一致。,文章案例文本；审计事项清单；问题线索台账；审计证据资料；内控制度；会计凭证,风险词命中/数据缺失/证据不一致/指标偏离/流程缺陷,命中对象、风险等级、证据资料、核查建议,D:\openclaw-workspace\knowledge\11-杂志文献\财政监督\4.从内部控制信息化角度探索财会监督新模式.md,P0
MAGSOC-0058-R01,MAGSOC-0058,民生与社保医保 / 预算执行与财政管理 / 招投标与政府采购,全成本预算绩效管理实例分析,全成本预算绩效管理实例分析R01规则,按案例主题识别同类事项中的风险特征并生成疑点。,文章案例文本；审计事项清单；问题线索台账；审计证据资料；预算指标表；财政支出明细,风险词命中/数据缺失/证据不一致/指标偏离/流程缺陷,命中对象、风险等级、证据资料、核查建议,D:\openclaw-workspace\knowledge\11-杂志文献\财政监督\4.全成本预算绩效管理实例分析.md,P0
MAGSOC-0058-R02,MAGSOC-0058,民生与社保医保 / 预算执行与财政管理 / 招投标与政府采购,全成本预算绩效管理实例分析,全成本预算绩效管理实例分析R02规则,核查案例涉及的数据、证据和整改链条是否完整一致。,文章案例文本；审计事项清单；问题线索台账；审计证据资料；预算指标表；财政支出明细,风险词命中/数据缺失/证据不一致/指标偏离/流程缺陷,命中对象、风险等级、证据资料、核查建议,D:\openclaw-workspace\knowledge\11-杂志文献\财政监督\4.全成本预算绩效管理实例分析.md,P0
MAGAGR-0038-R01,MAGAGR-0038,农业农村审计 / 金融审计 / 财政与政府债务,共同富裕目标下财会监督的重要使命探讨,共同富裕目标下财会监督的重要使命探讨R01规则,按案例主题识别同类事项中的风险特征并生成疑点。,文章案例文本；审计事项清单；问题线索台账；审计证据资料；预算指标表；财政支出明细,风险词命中/数据缺失/证据不一致/指标偏离/流程缺陷,命中对象、风险等级、证据资料、核查建议,D:\openclaw-workspace\knowledge\11-杂志文献\财政监督\4.共同富裕目标下财会监督的重要使命探讨.md,P0
MAGAGR-0038-R02,MAGAGR-0038,农业农村审计 / 金融审计 / 财政与政府债务,共同富裕目标下财会监督的重要使命探讨,共同富裕目标下财会监督的重要使命探讨R02规则,核查案例涉及的数据、证据和整改链条是否完整一致。,文章案例文本；审计事项清单；问题线索台账；审计证据资料；预算指标表；财政支出明细,风险词命中/数据缺失/证据不一致/指标偏离/流程缺陷,命中对象、风险等级、证据资料、核查建议,D:\openclaw-workspace\knowledge\11-杂志文献\财政监督\4.共同富裕目标下财会监督的重要使命探讨.md,P0
MAGAGR-0039-R01,MAGAGR-0039,农业农村审计 / 金融审计 / 财政与政府债务,完善省以下转移支付制度的思考,完善省以下转移支付制度的思考R01规则,按案例主题识别同类事项中的风险特征并生成疑点。,文章案例文本；审计事项清单；问题线索台账；审计证据资料；预算指标表；财政支出明细,风险词命中/数据缺失/证据不一致/指标偏离/流程缺陷,命中对象、风险等级、证据资料、核查建议,D:\openclaw-workspace\knowledge\11-杂志文献\财政监督\4.关于完善省以下转移支付制度的思考.md,P1
MAGAGR-0039-R02,MAGAGR-0039,农业农村审计 / 金融审计 / 财政与政府债务,完善省以下转移支付制度的思考,完善省以下转移支付制度的思考R02规则,核查案例涉及的数据、证据和整改链条是否完整一致。,文章案例文本；审计事项清单；问题线索台账；审计证据资料；预算指标表；财政支出明细,风险词命中/数据缺失/证据不一致/指标偏离/流程缺陷,命中对象、风险等级、证据资料、核查建议,D:\openclaw-workspace\knowledge\11-杂志文献\财政监督\4.关于完善省以下转移支付制度的思考.md,P1
MAGSOC-0059-R01,MAGSOC-0059,民生与社保医保 / 预算执行与财政管理 / 招投标与政府采购,完善预算执行动态监控机制探索,完善预算执行动态监控机制探索R01规则,按案例主题识别同类事项中的风险特征并生成疑点。,文章案例文本；审计事项清单；问题线索台账；审计证据资料；预算指标表；财政支出明细,风险词命中/数据缺失/证据不一致/指标偏离/流程缺陷,命中对象、风险等级、证据资料、核查建议,D:\openclaw-workspace\knowledge\11-杂志文献\财政监督\4.大数据背景下完善预算执行动态监控机制探索.md,P0
MAGSOC-0059-R02,MAGSOC-0059,民生与社保医保 / 预算执行与财政管理 / 招投标与政府采购,完善预算执行动态监控机制探索,完善预算执行动态监控机制探索R02规则,核查案例涉及的数据、证据和整改链条是否完整一致。,文章案例文本；审计事项清单；问题线索台账；审计证据资料；预算指标表；财政支出明细,风险词命中/数据缺失/证据不一致/指标偏离/流程缺陷,命中对象、风险等级、证据资料、核查建议,D:\openclaw-workspace\knowledge\11-杂志文献\财政监督\4.大数据背景下完善预算执行动态监控机制探索.md,P0
MAGSOC-0060-R01,MAGSOC-0060,民生与社保医保 / 预算执行与财政管理 / 招投标与政府采购,完善地方人大预算绩效监督的思考,完善地方人大预算绩效监督的思考R01规则,按案例主题识别同类事项中的风险特征并生成疑点。,文章案例文本；审计事项清单；问题线索台账；审计证据资料；预算指标表；财政支出明细,风险词命中/数据缺失/证据不一致/指标偏离/流程缺陷,命中对象、风险等级、证据资料、核查建议,D:\openclaw-workspace\knowledge\11-杂志文献\财政监督\4.完善地方人大预算绩效监督的思考.md,P0
MAGSOC-0060-R02,MAGSOC-0060,民生与社保医保 / 预算执行与财政管理 / 招投标与政府采购,完善地方人大预算绩效监督的思考,完善地方人大预算绩效监督的思考R02规则,核查案例涉及的数据、证据和整改链条是否完整一致。,文章案例文本；审计事项清单；问题线索台账；审计证据资料；预算指标表；财政支出明细,风险词命中/数据缺失/证据不一致/指标偏离/流程缺陷,命中对象、风险等级、证据资料、核查建议,D:\openclaw-workspace\knowledge\11-杂志文献\财政监督\4.完善地方人大预算绩效监督的思考.md,P0
MAGSOC-0061-R01,MAGSOC-0061,民生与社保医保 / 预算执行与财政管理 / 招投标与政府采购,强化重大财政政策评价全面推进预算绩效管理,强化重大财政政策评价全面推进预算绩效管理R01规则,按案例主题识别同类事项中的风险特征并生成疑点。,文章案例文本；审计事项清单；问题线索台账；审计证据资料；预算指标表；财政支出明细,风险词命中/数据缺失/证据不一致/指标偏离/流程缺陷,命中对象、风险等级、证据资料、核查建议,D:\openclaw-workspace\knowledge\11-杂志文献\财政监督\4.强化重大财政政策评价全面推进预算绩效管理.md,P1
MAGSOC-0061-R02,MAGSOC-0061,民生与社保医保 / 预算执行与财政管理 / 招投标与政府采购,强化重大财政政策评价全面推进预算绩效管理,强化重大财政政策评价全面推进预算绩效管理R02规则,核查案例涉及的数据、证据和整改链条是否完整一致。,文章案例文本；审计事项清单；问题线索台账；审计证据资料；预算指标表；财政支出明细,风险词命中/数据缺失/证据不一致/指标偏离/流程缺陷,命中对象、风险等级、证据资料、核查建议,D:\openclaw-workspace\knowledge\11-杂志文献\财政监督\4.强化重大财政政策评价全面推进预算绩效管理.md,P1
MAGAGR-0040-R01,MAGAGR-0040,农业农村审计 / 金融审计 / 财政与政府债务,接续奋进有力保障全面推进中国式现代化,接续奋进有力保障全面推进中国式现代化R01规则,按案例主题识别同类事项中的风险特征并生成疑点。,文章案例文本；审计事项清单；问题线索台账；审计证据资料；预算指标表；财政支出明细,风险词命中/数据缺失/证据不一致/指标偏离/流程缺陷,命中对象、风险等级、证据资料、核查建议,D:\openclaw-workspace\knowledge\11-杂志文献\财政监督\4.接续奋进有力保障全面推进中国式现代化.md,P0
MAGAGR-0040-R02,MAGAGR-0040,农业农村审计 / 金融审计 / 财政与政府债务,接续奋进有力保障全面推进中国式现代化,接续奋进有力保障全面推进中国式现代化R02规则,核查案例涉及的数据、证据和整改链条是否完整一致。,文章案例文本；审计事项清单；问题线索台账；审计证据资料；预算指标表；财政支出明细,风险词命中/数据缺失/证据不一致/指标偏离/流程缺陷,命中对象、风险等级、证据资料、核查建议,D:\openclaw-workspace\knowledge\11-杂志文献\财政监督\4.接续奋进有力保障全面推进中国式现代化.md,P0
MAGAGR-0041-R01,MAGAGR-0041,农业农村审计 / 金融审计 / 财政与政府债务,新历史起点上积极的财政政策,新历史起点上积极的财政政策R01规则,按案例主题识别同类事项中的风险特征并生成疑点。,文章案例文本；审计事项清单；问题线索台账；审计证据资料；预算指标表；财政支出明细,风险词命中/数据缺失/证据不一致/指标偏离/流程缺陷,命中对象、风险等级、证据资料、核查建议,D:\openclaw-workspace\knowledge\11-杂志文献\财政监督\4.新历史起点上积极的财政政策.md,P0
MAGAGR-0041-R02,MAGAGR-0041,农业农村审计 / 金融审计 / 财政与政府债务,新历史起点上积极的财政政策,新历史起点上积极的财政政策R02规则,核查案例涉及的数据、证据和整改链条是否完整一致。,文章案例文本；审计事项清单；问题线索台账；审计证据资料；预算指标表；财政支出明细,风险词命中/数据缺失/证据不一致/指标偏离/流程缺陷,命中对象、风险等级、证据资料、核查建议,D:\openclaw-workspace\knowledge\11-杂志文献\财政监督\4.新历史起点上积极的财政政策.md,P0
MAGSUPV-0120-R01,MAGSUPV-0120,监督检查与经费舞弊 / 全场景通用 / 金融审计,加强财会监督的应然之义、方向及举措,加强财会监督的应然之义、方向及举措R01规则,按案例主题识别同类事项中的风险特征并生成疑点。,文章案例文本；审计事项清单；问题线索台账；审计证据资料；内控制度；会计凭证,风险词命中/数据缺失/证据不一致/指标偏离/流程缺陷,命中对象、风险等级、证据资料、核查建议,D:\openclaw-workspace\knowledge\11-杂志文献\财政监督\4.新时代加强财会监督的应然之义、方向及举措.md,P0
MAGSUPV-0120-R02,MAGSUPV-0120,监督检查与经费舞弊 / 全场景通用 / 金融审计,加强财会监督的应然之义、方向及举措,加强财会监督的应然之义、方向及举措R02规则,核查案例涉及的数据、证据和整改链条是否完整一致。,文章案例文本；审计事项清单；问题线索台账；审计证据资料；内控制度；会计凭证,风险词命中/数据缺失/证据不一致/指标偏离/流程缺陷,命中对象、风险等级、证据资料、核查建议,D:\openclaw-workspace\knowledge\11-杂志文献\财政监督\4.新时代加强财会监督的应然之义、方向及举措.md,P0
MAGTAX-0034-R01,MAGTAX-0034,税务审计 / 预算执行与财政管理 / 财政与政府债务,服务类政府采购项目绩效评价研究,服务类政府采购项目绩效评价研究R01规则,按案例主题识别同类事项中的风险特征并生成疑点。,文章案例文本；审计事项清单；问题线索台账；审计证据资料；预算指标表；财政支出明细,风险词命中/数据缺失/证据不一致/指标偏离/流程缺陷,命中对象、风险等级、证据资料、核查建议,D:\openclaw-workspace\knowledge\11-杂志文献\财政监督\4.服务类政府采购项目绩效评价研究.md,P0
MAGTAX-0034-R02,MAGTAX-0034,税务审计 / 预算执行与财政管理 / 财政与政府债务,服务类政府采购项目绩效评价研究,服务类政府采购项目绩效评价研究R02规则,核查案例涉及的数据、证据和整改链条是否完整一致。,文章案例文本；审计事项清单；问题线索台账；审计证据资料；预算指标表；财政支出明细,风险词命中/数据缺失/证据不一致/指标偏离/流程缺陷,命中对象、风险等级、证据资料、核查建议,D:\openclaw-workspace\knowledge\11-杂志文献\财政监督\4.服务类政府采购项目绩效评价研究.md,P0
MAGAGR-0042-R01,MAGAGR-0042,农业农村审计 / 金融审计 / 财政与政府债务,构建农业科技成果转化交易效果评价指标体系,构建农业科技成果转化交易效果评价指标体系R01规则,按案例主题识别同类事项中的风险特征并生成疑点。,文章案例文本；审计事项清单；问题线索台账；审计证据资料；预算指标表；财政支出明细,风险词命中/数据缺失/证据不一致/指标偏离/流程缺陷,命中对象、风险等级、证据资料、核查建议,D:\openclaw-workspace\knowledge\11-杂志文献\财政监督\4.构建农业科技成果转化交易效果评价指标体系.md,P0
MAGAGR-0042-R02,MAGAGR-0042,农业农村审计 / 金融审计 / 财政与政府债务,构建农业科技成果转化交易效果评价指标体系,构建农业科技成果转化交易效果评价指标体系R02规则,核查案例涉及的数据、证据和整改链条是否完整一致。,文章案例文本；审计事项清单；问题线索台账；审计证据资料；预算指标表；财政支出明细,风险词命中/数据缺失/证据不一致/指标偏离/流程缺陷,命中对象、风险等级、证据资料、核查建议,D:\openclaw-workspace\knowledge\11-杂志文献\财政监督\4.构建农业科技成果转化交易效果评价指标体系.md,P0
MAGSUPV-0121-R01,MAGSUPV-0121,监督检查与经费舞弊 / 全场景通用 / 金融审计,着力“四个强化”推动四川财会监督工作再上新台阶,着力“四个强化”推动四川财会监督工作再上新台阶R01规则,按案例主题识别同类事项中的风险特征并生成疑点。,文章案例文本；审计事项清单；问题线索台账；审计证据资料；内控制度；会计凭证,风险词命中/数据缺失/证据不一致/指标偏离/流程缺陷,命中对象、风险等级、证据资料、核查建议,D:\openclaw-workspace\knowledge\11-杂志文献\财政监督\4.着力“四个强化”推动四川财会监督工作 再上新台阶.md,P0
MAGSUPV-0121-R02,MAGSUPV-0121,监督检查与经费舞弊 / 全场景通用 / 金融审计,着力“四个强化”推动四川财会监督工作再上新台阶,着力“四个强化”推动四川财会监督工作再上新台阶R02规则,核查案例涉及的数据、证据和整改链条是否完整一致。,文章案例文本；审计事项清单；问题线索台账；审计证据资料；内控制度；会计凭证,风险词命中/数据缺失/证据不一致/指标偏离/流程缺陷,命中对象、风险等级、证据资料、核查建议,D:\openclaw-workspace\knowledge\11-杂志文献\财政监督\4.着力“四个强化”推动四川财会监督工作 再上新台阶.md,P0
MAGTAX-0035-R01,MAGTAX-0035,税务审计 / 预算执行与财政管理 / 财政与政府债务,中国增值税制度的演进和展望(上),中国增值税制度的演进和展望(上)R01规则,按案例主题识别同类事项中的风险特征并生成疑点。,文章案例文本；审计事项清单；问题线索台账；审计证据资料；预算指标表；财政支出明细,风险词命中/数据缺失/证据不一致/指标偏离/流程缺陷,命中对象、风险等级、证据资料、核查建议,D:\openclaw-workspace\knowledge\11-杂志文献\财政监督\5.中国增值税制度的演进和展望(上).md,P1
MAGTAX-0035-R02,MAGTAX-0035,税务审计 / 预算执行与财政管理 / 财政与政府债务,中国增值税制度的演进和展望(上),中国增值税制度的演进和展望(上)R02规则,核查案例涉及的数据、证据和整改链条是否完整一致。,文章案例文本；审计事项清单；问题线索台账；审计证据资料；预算指标表；财政支出明细,风险词命中/数据缺失/证据不一致/指标偏离/流程缺陷,命中对象、风险等级、证据资料、核查建议,D:\openclaw-workspace\knowledge\11-杂志文献\财政监督\5.中国增值税制度的演进和展望(上).md,P1
MAGSOC-0062-R01,MAGSOC-0062,民生与社保医保 / 预算执行与财政管理 / 招投标与政府采购,以人大预算审查监督防范地方财政风险,以人大预算审查监督防范地方财政风险R01规则,按案例主题识别同类事项中的风险特征并生成疑点。,文章案例文本；审计事项清单；问题线索台账；审计证据资料；预算指标表；财政支出明细,风险词命中/数据缺失/证据不一致/指标偏离/流程缺陷,命中对象、风险等级、证据资料、核查建议,D:\openclaw-workspace\knowledge\11-杂志文献\财政监督\5.以人大预算审查监督防范地方财政风险.md,P0
MAGSOC-0062-R02,MAGSOC-0062,民生与社保医保 / 预算执行与财政管理 / 招投标与政府采购,以人大预算审查监督防范地方财政风险,以人大预算审查监督防范地方财政风险R02规则,核查案例涉及的数据、证据和整改链条是否完整一致。,文章案例文本；审计事项清单；问题线索台账；审计证据资料；预算指标表；财政支出明细,风险词命中/数据缺失/证据不一致/指标偏离/流程缺陷,命中对象、风险等级、证据资料、核查建议,D:\openclaw-workspace\knowledge\11-杂志文献\财政监督\5.以人大预算审查监督防范地方财政风险.md,P0
MAGTAX-0036-R01,MAGTAX-0036,税务审计 / 预算执行与财政管理 / 财政与政府债务,以内控信息化加快推进财政数字化改革的探索,以内控信息化加快推进财政数字化改革的探索R01规则,按案例主题识别同类事项中的风险特征并生成疑点。,文章案例文本；审计事项清单；问题线索台账；审计证据资料；预算指标表；财政支出明细,风险词命中/数据缺失/证据不一致/指标偏离/流程缺陷,命中对象、风险等级、证据资料、核查建议,D:\openclaw-workspace\knowledge\11-杂志文献\财政监督\5.以内控信息化加快推进财政数字化改革的探索.md,P0
MAGTAX-0036-R02,MAGTAX-0036,税务审计 / 预算执行与财政管理 / 财政与政府债务,以内控信息化加快推进财政数字化改革的探索,以内控信息化加快推进财政数字化改革的探索R02规则,核查案例涉及的数据、证据和整改链条是否完整一致。,文章案例文本；审计事项清单；问题线索台账；审计证据资料；预算指标表；财政支出明细,风险词命中/数据缺失/证据不一致/指标偏离/流程缺陷,命中对象、风险等级、证据资料、核查建议,D:\openclaw-workspace\knowledge\11-杂志文献\财政监督\5.以内控信息化加快推进财政数字化改革的探索.md,P0
MAGAGR-0043-R01,MAGAGR-0043,农业农村审计 / 金融审计 / 财政与政府债务,加力提效统筹合力助推中国式现代化开局起步,加力提效统筹合力助推中国式现代化开局起步R01规则,按案例主题识别同类事项中的风险特征并生成疑点。,文章案例文本；审计事项清单；问题线索台账；审计证据资料；预算指标表；财政支出明细,风险词命中/数据缺失/证据不一致/指标偏离/流程缺陷,命中对象、风险等级、证据资料、核查建议,D:\openclaw-workspace\knowledge\11-杂志文献\财政监督\5.加力提效统筹合力助推中国式现代化开局起步.md,P0
MAGAGR-0043-R02,MAGAGR-0043,农业农村审计 / 金融审计 / 财政与政府债务,加力提效统筹合力助推中国式现代化开局起步,加力提效统筹合力助推中国式现代化开局起步R02规则,核查案例涉及的数据、证据和整改链条是否完整一致。,文章案例文本；审计事项清单；问题线索台账；审计证据资料；预算指标表；财政支出明细,风险词命中/数据缺失/证据不一致/指标偏离/流程缺陷,命中对象、风险等级、证据资料、核查建议,D:\openclaw-workspace\knowledge\11-杂志文献\财政监督\5.加力提效统筹合力助推中国式现代化开局起步.md,P0
MAGBUD-0065-R01,MAGBUD-0065,预算执行与财政管理 / 财政与政府债务 / 绩效评价,加快建构新时代财会监督长效机制的治理路径,加快建构新时代财会监督长效机制的治理路径R01规则,按案例主题识别同类事项中的风险特征并生成疑点。,文章案例文本；审计事项清单；问题线索台账；审计证据资料；预算指标表；财政支出明细,风险词命中/数据缺失/证据不一致/指标偏离/流程缺陷,命中对象、风险等级、证据资料、核查建议,D:\openclaw-workspace\knowledge\11-杂志文献\财政监督\5.加快建构新时代财会监督长效机制的治理路径.md,P0
MAGBUD-0065-R02,MAGBUD-0065,预算执行与财政管理 / 财政与政府债务 / 绩效评价,加快建构新时代财会监督长效机制的治理路径,加快建构新时代财会监督长效机制的治理路径R02规则,核查案例涉及的数据、证据和整改链条是否完整一致。,文章案例文本；审计事项清单；问题线索台账；审计证据资料；预算指标表；财政支出明细,风险词命中/数据缺失/证据不一致/指标偏离/流程缺陷,命中对象、风险等级、证据资料、核查建议,D:\openclaw-workspace\knowledge\11-杂志文献\财政监督\5.加快建构新时代财会监督长效机制的治理路径.md,P0
MAGAGR-0044-R01,MAGAGR-0044,农业农村审计 / 金融审计 / 财政与政府债务,回顾与展望：新时代财税改革助推中国式现代化,回顾与展望：新时代财税改革助推中国式现代化R01规则,按案例主题识别同类事项中的风险特征并生成疑点。,文章案例文本；审计事项清单；问题线索台账；审计证据资料；预算指标表；财政支出明细,风险词命中/数据缺失/证据不一致/指标偏离/流程缺陷,命中对象、风险等级、证据资料、核查建议,D:\openclaw-workspace\knowledge\11-杂志文献\财政监督\5.回顾与展望：新时代财税改革助推中国式现代化.md,P0
MAGAGR-0044-R02,MAGAGR-0044,农业农村审计 / 金融审计 / 财政与政府债务,回顾与展望：新时代财税改革助推中国式现代化,回顾与展望：新时代财税改革助推中国式现代化R02规则,核查案例涉及的数据、证据和整改链条是否完整一致。,文章案例文本；审计事项清单；问题线索台账；审计证据资料；预算指标表；财政支出明细,风险词命中/数据缺失/证据不一致/指标偏离/流程缺陷,命中对象、风险等级、证据资料、核查建议,D:\openclaw-workspace\knowledge\11-杂志文献\财政监督\5.回顾与展望：新时代财税改革助推中国式现代化.md,P0
MAGSUPV-0122-R01,MAGSUPV-0122,监督检查与经费舞弊 / 全场景通用 / 金融审计,围绕中心任务聚焦核心职能推动财会监督工作高质量发展,围绕中心任务聚焦核心职能推动财会监督工作高质量发展R01规则,按案例主题识别同类事项中的风险特征并生成疑点。,文章案例文本；审计事项清单；问题线索台账；审计证据资料；内控制度；会计凭证,风险词命中/数据缺失/证据不一致/指标偏离/流程缺陷,命中对象、风险等级、证据资料、核查建议,D:\openclaw-workspace\knowledge\11-杂志文献\财政监督\5.围绕中心任务聚焦核心职能推动财会监督工作高质量发展.md,P0
MAGSUPV-0122-R02,MAGSUPV-0122,监督检查与经费舞弊 / 全场景通用 / 金融审计,围绕中心任务聚焦核心职能推动财会监督工作高质量发展,围绕中心任务聚焦核心职能推动财会监督工作高质量发展R02规则,核查案例涉及的数据、证据和整改链条是否完整一致。,文章案例文本；审计事项清单；问题线索台账；审计证据资料；内控制度；会计凭证,风险词命中/数据缺失/证据不一致/指标偏离/流程缺陷,命中对象、风险等级、证据资料、核查建议,D:\openclaw-workspace\knowledge\11-杂志文献\财政监督\5.围绕中心任务聚焦核心职能推动财会监督工作高质量发展.md,P0
MAGAGR-0045-R01,MAGAGR-0045,农业农村审计 / 金融审计 / 财政与政府债务,“当下改”和“长久立”的常态化预算执行监控机制研究,“当下改”和“长久立”的常态化预算执行监控机制研究R01规则,按案例主题识别同类事项中的风险特征并生成疑点。,文章案例文本；审计事项清单；问题线索台账；审计证据资料；预算指标表；财政支出明细,风险词命中/数据缺失/证据不一致/指标偏离/流程缺陷,命中对象、风险等级、证据资料、核查建议,D:\openclaw-workspace\knowledge\11-杂志文献\财政监督\5.基于“当下改”和“长久立”的常态化预算执行监控机制研究.md,P0
MAGAGR-0045-R02,MAGAGR-0045,农业农村审计 / 金融审计 / 财政与政府债务,“当下改”和“长久立”的常态化预算执行监控机制研究,“当下改”和“长久立”的常态化预算执行监控机制研究R02规则,核查案例涉及的数据、证据和整改链条是否完整一致。,文章案例文本；审计事项清单；问题线索台账；审计证据资料；预算指标表；财政支出明细,风险词命中/数据缺失/证据不一致/指标偏离/流程缺陷,命中对象、风险等级、证据资料、核查建议,D:\openclaw-workspace\knowledge\11-杂志文献\财政监督\5.基于“当下改”和“长久立”的常态化预算执行监控机制研究.md,P0
MAGAGR-0046-R01,MAGAGR-0046,农业农村审计 / 金融审计 / 财政与政府债务,现代农业产业技术体系创新团队建设项目绩效评价指标体系构建,现代农业产业技术体系创新团队建设项目绩效评价指标体系构建R01规则,按案例主题识别同类事项中的风险特征并生成疑点。,文章案例文本；审计事项清单；问题线索台账；审计证据资料；预算指标表；财政支出明细,风险词命中/数据缺失/证据不一致/指标偏离/流程缺陷,命中对象、风险等级、证据资料、核查建议,D:\openclaw-workspace\knowledge\11-杂志文献\财政监督\5.现代农业产业技术体系创新团队建设项目绩效评价指标体系构建.md,P0
MAGAGR-0046-R02,MAGAGR-0046,农业农村审计 / 金融审计 / 财政与政府债务,现代农业产业技术体系创新团队建设项目绩效评价指标体系构建,现代农业产业技术体系创新团队建设项目绩效评价指标体系构建R02规则,核查案例涉及的数据、证据和整改链条是否完整一致。,文章案例文本；审计事项清单；问题线索台账；审计证据资料；预算指标表；财政支出明细,风险词命中/数据缺失/证据不一致/指标偏离/流程缺陷,命中对象、风险等级、证据资料、核查建议,D:\openclaw-workspace\knowledge\11-杂志文献\财政监督\5.现代农业产业技术体系创新团队建设项目绩效评价指标体系构建.md,P0
MAGSOC-0063-R01,MAGSOC-0063,民生与社保医保 / 预算执行与财政管理 / 招投标与政府采购,财政分权、审计监督与区域绿色创新(下),财政分权、审计监督与区域绿色创新(下)R01规则,按案例主题识别同类事项中的风险特征并生成疑点。,文章案例文本；审计事项清单；问题线索台账；审计证据资料；预算指标表；财政支出明细,风险词命中/数据缺失/证据不一致/指标偏离/流程缺陷,命中对象、风险等级、证据资料、核查建议,D:\openclaw-workspace\knowledge\11-杂志文献\财政监督\5.财政分权、审计监督与区域绿色创新(下).md,P0
MAGSOC-0063-R02,MAGSOC-0063,民生与社保医保 / 预算执行与财政管理 / 招投标与政府采购,财政分权、审计监督与区域绿色创新(下),财政分权、审计监督与区域绿色创新(下)R02规则,核查案例涉及的数据、证据和整改链条是否完整一致。,文章案例文本；审计事项清单；问题线索台账；审计证据资料；预算指标表；财政支出明细,风险词命中/数据缺失/证据不一致/指标偏离/流程缺陷,命中对象、风险等级、证据资料、核查建议,D:\openclaw-workspace\knowledge\11-杂志文献\财政监督\5.财政分权、审计监督与区域绿色创新(下).md,P0
MAGSOC-0064-R01,MAGSOC-0064,民生与社保医保 / 预算执行与财政管理 / 招投标与政府采购,财政支出政策绩效评价思路研究与应用,财政支出政策绩效评价思路研究与应用R01规则,按案例主题识别同类事项中的风险特征并生成疑点。,文章案例文本；审计事项清单；问题线索台账；审计证据资料；预算指标表；财政支出明细,风险词命中/数据缺失/证据不一致/指标偏离/流程缺陷,命中对象、风险等级、证据资料、核查建议,D:\openclaw-workspace\knowledge\11-杂志文献\财政监督\5.财政支出政策绩效评价思路研究与应用.md,P1
MAGSOC-0064-R02,MAGSOC-0064,民生与社保医保 / 预算执行与财政管理 / 招投标与政府采购,财政支出政策绩效评价思路研究与应用,财政支出政策绩效评价思路研究与应用R02规则,核查案例涉及的数据、证据和整改链条是否完整一致。,文章案例文本；审计事项清单；问题线索台账；审计证据资料；预算指标表；财政支出明细,风险词命中/数据缺失/证据不一致/指标偏离/流程缺陷,命中对象、风险等级、证据资料、核查建议,D:\openclaw-workspace\knowledge\11-杂志文献\财政监督\5.财政支出政策绩效评价思路研究与应用.md,P1
MAGSOC-0065-R01,MAGSOC-0065,民生与社保医保 / 预算执行与财政管理 / 招投标与政府采购,财政资金采购医疗设备绩效管理探讨,财政资金采购医疗设备绩效管理探讨R01规则,按案例主题识别同类事项中的风险特征并生成疑点。,文章案例文本；审计事项清单；问题线索台账；审计证据资料；预算指标表；财政支出明细,风险词命中/数据缺失/证据不一致/指标偏离/流程缺陷,命中对象、风险等级、证据资料、核查建议,D:\openclaw-workspace\knowledge\11-杂志文献\财政监督\5.财政资金采购医疗设备绩效管理探讨.md,P0
MAGSOC-0065-R02,MAGSOC-0065,民生与社保医保 / 预算执行与财政管理 / 招投标与政府采购,财政资金采购医疗设备绩效管理探讨,财政资金采购医疗设备绩效管理探讨R02规则,核查案例涉及的数据、证据和整改链条是否完整一致。,文章案例文本；审计事项清单；问题线索台账；审计证据资料；预算指标表；财政支出明细,风险词命中/数据缺失/证据不一致/指标偏离/流程缺陷,命中对象、风险等级、证据资料、核查建议,D:\openclaw-workspace\knowledge\11-杂志文献\财政监督\5.财政资金采购医疗设备绩效管理探讨.md,P0
MAGSOC-0066-R01,MAGSOC-0066,民生与社保医保 / 预算执行与财政管理 / 招投标与政府采购,部门整体成本预算绩效分析思路研究,部门整体成本预算绩效分析思路研究R01规则,按案例主题识别同类事项中的风险特征并生成疑点。,文章案例文本；审计事项清单；问题线索台账；审计证据资料；预算指标表；财政支出明细,风险词命中/数据缺失/证据不一致/指标偏离/流程缺陷,命中对象、风险等级、证据资料、核查建议,D:\openclaw-workspace\knowledge\11-杂志文献\财政监督\5.部门整体成本预算绩效分析思路研究.md,P0
MAGSOC-0066-R02,MAGSOC-0066,民生与社保医保 / 预算执行与财政管理 / 招投标与政府采购,部门整体成本预算绩效分析思路研究,部门整体成本预算绩效分析思路研究R02规则,核查案例涉及的数据、证据和整改链条是否完整一致。,文章案例文本；审计事项清单；问题线索台账；审计证据资料；预算指标表；财政支出明细,风险词命中/数据缺失/证据不一致/指标偏离/流程缺陷,命中对象、风险等级、证据资料、核查建议,D:\openclaw-workspace\knowledge\11-杂志文献\财政监督\5.部门整体成本预算绩效分析思路研究.md,P0
MAGSUPV-0123-R01,MAGSUPV-0123,监督检查与经费舞弊 / 全场景通用 / 金融审计,不断深化认识努力提升财会监督质效,不断深化认识努力提升财会监督质效R01规则,按案例主题识别同类事项中的风险特征并生成疑点。,文章案例文本；审计事项清单；问题线索台账；审计证据资料；内控制度；会计凭证,风险词命中/数据缺失/证据不一致/指标偏离/流程缺陷,命中对象、风险等级、证据资料、核查建议,D:\openclaw-workspace\knowledge\11-杂志文献\财政监督\6.不断深化认识努力提升财会监督质效.md,P0
MAGSUPV-0123-R02,MAGSUPV-0123,监督检查与经费舞弊 / 全场景通用 / 金融审计,不断深化认识努力提升财会监督质效,不断深化认识努力提升财会监督质效R02规则,核查案例涉及的数据、证据和整改链条是否完整一致。,文章案例文本；审计事项清单；问题线索台账；审计证据资料；内控制度；会计凭证,风险词命中/数据缺失/证据不一致/指标偏离/流程缺陷,命中对象、风险等级、证据资料、核查建议,D:\openclaw-workspace\knowledge\11-杂志文献\财政监督\6.不断深化认识努力提升财会监督质效.md,P0
MAGSUPV-0124-R01,MAGSUPV-0124,监督检查与经费舞弊 / 全场景通用 / 金融审计,乡村振兴背景下财政支农资金绩效评价指标优化研究,乡村振兴背景下财政支农资金绩效评价指标优化研究R01规则,按案例主题识别同类事项中的风险特征并生成疑点。,文章案例文本；审计事项清单；问题线索台账；审计证据资料；预算指标表；财政支出明细,风险词命中/数据缺失/证据不一致/指标偏离/流程缺陷,命中对象、风险等级、证据资料、核查建议,D:\openclaw-workspace\knowledge\11-杂志文献\财政监督\6.乡村振兴背景下财政支农资金绩效评价指标优化研究。.md,P1
MAGSUPV-0124-R02,MAGSUPV-0124,监督检查与经费舞弊 / 全场景通用 / 金融审计,乡村振兴背景下财政支农资金绩效评价指标优化研究,乡村振兴背景下财政支农资金绩效评价指标优化研究R02规则,核查案例涉及的数据、证据和整改链条是否完整一致。,文章案例文本；审计事项清单；问题线索台账；审计证据资料；预算指标表；财政支出明细,风险词命中/数据缺失/证据不一致/指标偏离/流程缺陷,命中对象、风险等级、证据资料、核查建议,D:\openclaw-workspace\knowledge\11-杂志文献\财政监督\6.乡村振兴背景下财政支农资金绩效评价指标优化研究。.md,P1
MAGSOC-0067-R01,MAGSOC-0067,民生与社保医保 / 预算执行与财政管理 / 招投标与政府采购,关注地方预决算公开度排行榜,关注地方预决算公开度排行榜R01规则,按案例主题识别同类事项中的风险特征并生成疑点。,文章案例文本；审计事项清单；问题线索台账；审计证据资料；预算指标表；财政支出明细,风险词命中/数据缺失/证据不一致/指标偏离/流程缺陷,命中对象、风险等级、证据资料、核查建议,D:\openclaw-workspace\knowledge\11-杂志文献\财政监督\6.关注地方预决算公开度排行榜.md,P0
MAGSOC-0067-R02,MAGSOC-0067,民生与社保医保 / 预算执行与财政管理 / 招投标与政府采购,关注地方预决算公开度排行榜,关注地方预决算公开度排行榜R02规则,核查案例涉及的数据、证据和整改链条是否完整一致。,文章案例文本；审计事项清单；问题线索台账；审计证据资料；预算指标表；财政支出明细,风险词命中/数据缺失/证据不一致/指标偏离/流程缺陷,命中对象、风险等级、证据资料、核查建议,D:\openclaw-workspace\knowledge\11-杂志文献\财政监督\6.关注地方预决算公开度排行榜.md,P0
MAGAGR-0047-R01,MAGAGR-0047,农业农村审计 / 金融审计 / 财政与政府债务,商鞅变法的国家治理意义与儒法合流的公共经济内涵（上）,商鞅变法的国家治理意义与儒法合流的公共经济内涵（上）R01规则,按案例主题识别同类事项中的风险特征并生成疑点。,文章案例文本；审计事项清单；问题线索台账；审计证据资料；预算指标表；财政支出明细,风险词命中/数据缺失/证据不一致/指标偏离/流程缺陷,命中对象、风险等级、证据资料、核查建议,D:\openclaw-workspace\knowledge\11-杂志文献\财政监督\6.商鞅变法的国家治理意义与儒法合流的公共经济内涵（上）.md,P1
MAGAGR-0047-R02,MAGAGR-0047,农业农村审计 / 金融审计 / 财政与政府债务,商鞅变法的国家治理意义与儒法合流的公共经济内涵（上）,商鞅变法的国家治理意义与儒法合流的公共经济内涵（上）R02规则,核查案例涉及的数据、证据和整改链条是否完整一致。,文章案例文本；审计事项清单；问题线索台账；审计证据资料；预算指标表；财政支出明细,风险词命中/数据缺失/证据不一致/指标偏离/流程缺陷,命中对象、风险等级、证据资料、核查建议,D:\openclaw-workspace\knowledge\11-杂志文献\财政监督\6.商鞅变法的国家治理意义与儒法合流的公共经济内涵（上）.md,P1
MAGBUD-0066-R01,MAGBUD-0066,预算执行与财政管理 / 财政与政府债务 / 绩效评价,商鞅变法的国家治理意义与儒法合流的公共经济内涵（下）,商鞅变法的国家治理意义与儒法合流的公共经济内涵（下）R01规则,按案例主题识别同类事项中的风险特征并生成疑点。,文章案例文本；审计事项清单；问题线索台账；审计证据资料；预算指标表；财政支出明细,风险词命中/数据缺失/证据不一致/指标偏离/流程缺陷,命中对象、风险等级、证据资料、核查建议,D:\openclaw-workspace\knowledge\11-杂志文献\财政监督\6.商鞅变法的国家治理意义与儒法合流的公共经济内涵（下）.md,P1
MAGBUD-0066-R02,MAGBUD-0066,预算执行与财政管理 / 财政与政府债务 / 绩效评价,商鞅变法的国家治理意义与儒法合流的公共经济内涵（下）,商鞅变法的国家治理意义与儒法合流的公共经济内涵（下）R02规则,核查案例涉及的数据、证据和整改链条是否完整一致。,文章案例文本；审计事项清单；问题线索台账；审计证据资料；预算指标表；财政支出明细,风险词命中/数据缺失/证据不一致/指标偏离/流程缺陷,命中对象、风险等级、证据资料、核查建议,D:\openclaw-workspace\knowledge\11-杂志文献\财政监督\6.商鞅变法的国家治理意义与儒法合流的公共经济内涵（下）.md,P1
MAGFIN-0039-R01,MAGFIN-0039,金融审计 / 国企审计 / 监督检查与经费舞弊,国内外“漂绿”研究进展比较分析(2002—2022)(上),国内外“漂绿”研究进展比较分析(2002—2022)(上)R01规则,按案例主题识别同类事项中的风险特征并生成疑点。,文章案例文本；审计事项清单；问题线索台账；审计证据资料；内控制度；会计凭证,风险词命中/数据缺失/证据不一致/指标偏离/流程缺陷,命中对象、风险等级、证据资料、核查建议,D:\openclaw-workspace\knowledge\11-杂志文献\财政监督\6.国内外“漂绿”研究进展比较分析(2002—2022)(上).md,P0
MAGFIN-0039-R02,MAGFIN-0039,金融审计 / 国企审计 / 监督检查与经费舞弊,国内外“漂绿”研究进展比较分析(2002—2022)(上),国内外“漂绿”研究进展比较分析(2002—2022)(上)R02规则,核查案例涉及的数据、证据和整改链条是否完整一致。,文章案例文本；审计事项清单；问题线索台账；审计证据资料；内控制度；会计凭证,风险词命中/数据缺失/证据不一致/指标偏离/流程缺陷,命中对象、风险等级、证据资料、核查建议,D:\openclaw-workspace\knowledge\11-杂志文献\财政监督\6.国内外“漂绿”研究进展比较分析(2002—2022)(上).md,P0
MAGSUPV-0125-R01,MAGSUPV-0125,监督检查与经费舞弊 / 全场景通用 / 金融审计,我国财政机构设置基本架构的内在逻辑探析(上),我国财政机构设置基本架构的内在逻辑探析(上)R01规则,按案例主题识别同类事项中的风险特征并生成疑点。,文章案例文本；审计事项清单；问题线索台账；审计证据资料；预算指标表；财政支出明细,风险词命中/数据缺失/证据不一致/指标偏离/流程缺陷,命中对象、风险等级、证据资料、核查建议,D:\openclaw-workspace\knowledge\11-杂志文献\财政监督\6.我国财政机构设置基本架构的内在逻辑探析(上).md,P1
MAGSUPV-0125-R02,MAGSUPV-0125,监督检查与经费舞弊 / 全场景通用 / 金融审计,我国财政机构设置基本架构的内在逻辑探析(上),我国财政机构设置基本架构的内在逻辑探析(上)R02规则,核查案例涉及的数据、证据和整改链条是否完整一致。,文章案例文本；审计事项清单；问题线索台账；审计证据资料；预算指标表；财政支出明细,风险词命中/数据缺失/证据不一致/指标偏离/流程缺陷,命中对象、风险等级、证据资料、核查建议,D:\openclaw-workspace\knowledge\11-杂志文献\财政监督\6.我国财政机构设置基本架构的内在逻辑探析(上).md,P1
MAGSOC-0068-R01,MAGSOC-0068,民生与社保医保 / 预算执行与财政管理 / 招投标与政府采购,推行绩效管理加强财会监督：如何落实《行政单位财务规则》新规(下),推行绩效管理加强财会监督：如何落实《行政单位财务规则》新规(下)R01规则,按案例主题识别同类事项中的风险特征并生成疑点。,文章案例文本；审计事项清单；问题线索台账；审计证据资料；预算指标表；财政支出明细,风险词命中/数据缺失/证据不一致/指标偏离/流程缺陷,命中对象、风险等级、证据资料、核查建议,D:\openclaw-workspace\knowledge\11-杂志文献\财政监督\6.推行绩效管理加强财会监督：如何落实《行政单位财务规则》新规(下).md,P0
MAGSOC-0068-R02,MAGSOC-0068,民生与社保医保 / 预算执行与财政管理 / 招投标与政府采购,推行绩效管理加强财会监督：如何落实《行政单位财务规则》新规(下),推行绩效管理加强财会监督：如何落实《行政单位财务规则》新规(下)R02规则,核查案例涉及的数据、证据和整改链条是否完整一致。,文章案例文本；审计事项清单；问题线索台账；审计证据资料；预算指标表；财政支出明细,风险词命中/数据缺失/证据不一致/指标偏离/流程缺陷,命中对象、风险等级、证据资料、核查建议,D:\openclaw-workspace\knowledge\11-杂志文献\财政监督\6.推行绩效管理加强财会监督：如何落实《行政单位财务规则》新规(下).md,P0
MAGFIN-0040-R01,MAGFIN-0040,金融审计 / 国企审计 / 监督检查与经费舞弊,财税政策支持绿色低碳转型研究(上),财税政策支持绿色低碳转型研究(上)R01规则,按案例主题识别同类事项中的风险特征并生成疑点。,文章案例文本；审计事项清单；问题线索台账；审计证据资料；内控制度；会计凭证,风险词命中/数据缺失/证据不一致/指标偏离/流程缺陷,命中对象、风险等级、证据资料、核查建议,D:\openclaw-workspace\knowledge\11-杂志文献\财政监督\6.新形势下财税政策支持绿色低碳转型研究(上).md,P1
MAGFIN-0040-R02,MAGFIN-0040,金融审计 / 国企审计 / 监督检查与经费舞弊,财税政策支持绿色低碳转型研究(上),财税政策支持绿色低碳转型研究(上)R02规则,核查案例涉及的数据、证据和整改链条是否完整一致。,文章案例文本；审计事项清单；问题线索台账；审计证据资料；内控制度；会计凭证,风险词命中/数据缺失/证据不一致/指标偏离/流程缺陷,命中对象、风险等级、证据资料、核查建议,D:\openclaw-workspace\knowledge\11-杂志文献\财政监督\6.新形势下财税政策支持绿色低碳转型研究(上).md,P1
MAGSOC-0069-R01,MAGSOC-0069,民生与社保医保 / 预算执行与财政管理 / 招投标与政府采购,聚焦积极财政政策的“三个着力点”,聚焦积极财政政策的“三个着力点”R01规则,按案例主题识别同类事项中的风险特征并生成疑点。,文章案例文本；审计事项清单；问题线索台账；审计证据资料；预算指标表；财政支出明细,风险词命中/数据缺失/证据不一致/指标偏离/流程缺陷,命中对象、风险等级、证据资料、核查建议,D:\openclaw-workspace\knowledge\11-杂志文献\财政监督\6.聚焦积极财政政策的“三个着力点”.md,P1
MAGSOC-0069-R02,MAGSOC-0069,民生与社保医保 / 预算执行与财政管理 / 招投标与政府采购,聚焦积极财政政策的“三个着力点”,聚焦积极财政政策的“三个着力点”R02规则,核查案例涉及的数据、证据和整改链条是否完整一致。,文章案例文本；审计事项清单；问题线索台账；审计证据资料；预算指标表；财政支出明细,风险词命中/数据缺失/证据不一致/指标偏离/流程缺陷,命中对象、风险等级、证据资料、核查建议,D:\openclaw-workspace\knowledge\11-杂志文献\财政监督\6.聚焦积极财政政策的“三个着力点”.md,P1
MAGSOC-0070-R01,MAGSOC-0070,民生与社保医保 / 预算执行与财政管理 / 招投标与政府采购,财政预备费绩效管理的现实挑战与路径选择,财政预备费绩效管理的现实挑战与路径选择R01规则,按案例主题识别同类事项中的风险特征并生成疑点。,文章案例文本；审计事项清单；问题线索台账；审计证据资料；预算指标表；财政支出明细,风险词命中/数据缺失/证据不一致/指标偏离/流程缺陷,命中对象、风险等级、证据资料、核查建议,D:\openclaw-workspace\knowledge\11-杂志文献\财政监督\6.财政预备费绩效管理的现实挑战与路径选择.md,P0
MAGSOC-0070-R02,MAGSOC-0070,民生与社保医保 / 预算执行与财政管理 / 招投标与政府采购,财政预备费绩效管理的现实挑战与路径选择,财政预备费绩效管理的现实挑战与路径选择R02规则,核查案例涉及的数据、证据和整改链条是否完整一致。,文章案例文本；审计事项清单；问题线索台账；审计证据资料；预算指标表；财政支出明细,风险词命中/数据缺失/证据不一致/指标偏离/流程缺陷,命中对象、风险等级、证据资料、核查建议,D:\openclaw-workspace\knowledge\11-杂志文献\财政监督\6.财政预备费绩效管理的现实挑战与路径选择.md,P0
MAGTAX-0037-R01,MAGTAX-0037,税务审计 / 预算执行与财政管理 / 财政与政府债务,预算绩效管理激励约束机制的国际比较与启示,预算绩效管理激励约束机制的国际比较与启示R01规则,按案例主题识别同类事项中的风险特征并生成疑点。,文章案例文本；审计事项清单；问题线索台账；审计证据资料；预算指标表；财政支出明细,风险词命中/数据缺失/证据不一致/指标偏离/流程缺陷,命中对象、风险等级、证据资料、核查建议,D:\openclaw-workspace\knowledge\11-杂志文献\财政监督\6.预算绩效管理激励约束机制的国际比较与启示.md,P0
MAGTAX-0037-R02,MAGTAX-0037,税务审计 / 预算执行与财政管理 / 财政与政府债务,预算绩效管理激励约束机制的国际比较与启示,预算绩效管理激励约束机制的国际比较与启示R02规则,核查案例涉及的数据、证据和整改链条是否完整一致。,文章案例文本；审计事项清单；问题线索台账；审计证据资料；预算指标表；财政支出明细,风险词命中/数据缺失/证据不一致/指标偏离/流程缺陷,命中对象、风险等级、证据资料、核查建议,D:\openclaw-workspace\knowledge\11-杂志文献\财政监督\6.预算绩效管理激励约束机制的国际比较与启示.md,P0
MAGTAX-0038-R01,MAGTAX-0038,税务审计 / 预算执行与财政管理 / 财政与政府债务,世界一流财务管理体系建设助力企业高质量发展,世界一流财务管理体系建设助力企业高质量发展R01规则,按案例主题识别同类事项中的风险特征并生成疑点。,文章案例文本；审计事项清单；问题线索台账；审计证据资料；预算指标表；财政支出明细,风险词命中/数据缺失/证据不一致/指标偏离/流程缺陷,命中对象、风险等级、证据资料、核查建议,D:\openclaw-workspace\knowledge\11-杂志文献\财政监督\7.世界一流财务管理体系建设助力企业高 质量发展.md,P1
MAGTAX-0038-R02,MAGTAX-0038,税务审计 / 预算执行与财政管理 / 财政与政府债务,世界一流财务管理体系建设助力企业高质量发展,世界一流财务管理体系建设助力企业高质量发展R02规则,核查案例涉及的数据、证据和整改链条是否完整一致。,文章案例文本；审计事项清单；问题线索台账；审计证据资料；预算指标表；财政支出明细,风险词命中/数据缺失/证据不一致/指标偏离/流程缺陷,命中对象、风险等级、证据资料、核查建议,D:\openclaw-workspace\knowledge\11-杂志文献\财政监督\7.世界一流财务管理体系建设助力企业高 质量发展.md,P1
MAGSOC-0071-R01,MAGSOC-0071,民生与社保医保 / 预算执行与财政管理 / 招投标与政府采购,以成本效益分析法推动财政支出标准体系建设初探,以成本效益分析法推动财政支出标准体系建设初探R01规则,按案例主题识别同类事项中的风险特征并生成疑点。,文章案例文本；审计事项清单；问题线索台账；审计证据资料；预算指标表；财政支出明细,风险词命中/数据缺失/证据不一致/指标偏离/流程缺陷,命中对象、风险等级、证据资料、核查建议,D:\openclaw-workspace\knowledge\11-杂志文献\财政监督\7.以成本效益分析法推动财政支出标准体系建设初探.md,P1
MAGSOC-0071-R02,MAGSOC-0071,民生与社保医保 / 预算执行与财政管理 / 招投标与政府采购,以成本效益分析法推动财政支出标准体系建设初探,以成本效益分析法推动财政支出标准体系建设初探R02规则,核查案例涉及的数据、证据和整改链条是否完整一致。,文章案例文本；审计事项清单；问题线索台账；审计证据资料；预算指标表；财政支出明细,风险词命中/数据缺失/证据不一致/指标偏离/流程缺陷,命中对象、风险等级、证据资料、核查建议,D:\openclaw-workspace\knowledge\11-杂志文献\财政监督\7.以成本效益分析法推动财政支出标准体系建设初探.md,P1
MAGBUD-0067-R01,MAGBUD-0067,预算执行与财政管理 / 财政与政府债务 / 绩效评价,准确把握新时代财会监督背景下检查组长履职之责,准确把握新时代财会监督背景下检查组长履职之责R01规则,按案例主题识别同类事项中的风险特征并生成疑点。,文章案例文本；审计事项清单；问题线索台账；审计证据资料；预算指标表；财政支出明细,风险词命中/数据缺失/证据不一致/指标偏离/流程缺陷,命中对象、风险等级、证据资料、核查建议,D:\openclaw-workspace\knowledge\11-杂志文献\财政监督\7.准确把握新时代财会监督背景下检查组长履 职之责.md,P0
MAGBUD-0067-R02,MAGBUD-0067,预算执行与财政管理 / 财政与政府债务 / 绩效评价,准确把握新时代财会监督背景下检查组长履职之责,准确把握新时代财会监督背景下检查组长履职之责R02规则,核查案例涉及的数据、证据和整改链条是否完整一致。,文章案例文本；审计事项清单；问题线索台账；审计证据资料；预算指标表；财政支出明细,风险词命中/数据缺失/证据不一致/指标偏离/流程缺陷,命中对象、风险等级、证据资料、核查建议,D:\openclaw-workspace\knowledge\11-杂志文献\财政监督\7.准确把握新时代财会监督背景下检查组长履 职之责.md,P0
MAGSUPV-0126-R01,MAGSUPV-0126,监督检查与经费舞弊 / 全场景通用 / 金融审计,切实提升财会监督工作质效,切实提升财会监督工作质效R01规则,按案例主题识别同类事项中的风险特征并生成疑点。,文章案例文本；审计事项清单；问题线索台账；审计证据资料；内控制度；会计凭证,风险词命中/数据缺失/证据不一致/指标偏离/流程缺陷,命中对象、风险等级、证据资料、核查建议,D:\openclaw-workspace\knowledge\11-杂志文献\财政监督\7.切实提升财会监督工作质效.md,P0
MAGSUPV-0126-R02,MAGSUPV-0126,监督检查与经费舞弊 / 全场景通用 / 金融审计,切实提升财会监督工作质效,切实提升财会监督工作质效R02规则,核查案例涉及的数据、证据和整改链条是否完整一致。,文章案例文本；审计事项清单；问题线索台账；审计证据资料；内控制度；会计凭证,风险词命中/数据缺失/证据不一致/指标偏离/流程缺陷,命中对象、风险等级、证据资料、核查建议,D:\openclaw-workspace\knowledge\11-杂志文献\财政监督\7.切实提升财会监督工作质效.md,P0
MAGSOC-0072-R01,MAGSOC-0072,民生与社保医保 / 预算执行与财政管理 / 招投标与政府采购,加强民生支出财政监督切实提升民生福祉,加强民生支出财政监督切实提升民生福祉R01规则,按案例主题识别同类事项中的风险特征并生成疑点。,文章案例文本；审计事项清单；问题线索台账；审计证据资料；预算指标表；财政支出明细,风险词命中/数据缺失/证据不一致/指标偏离/流程缺陷,命中对象、风险等级、证据资料、核查建议,D:\openclaw-workspace\knowledge\11-杂志文献\财政监督\7.加强民生支出财政监督切实提升民生福祉.md,P0
MAGSOC-0072-R02,MAGSOC-0072,民生与社保医保 / 预算执行与财政管理 / 招投标与政府采购,加强民生支出财政监督切实提升民生福祉,加强民生支出财政监督切实提升民生福祉R02规则,核查案例涉及的数据、证据和整改链条是否完整一致。,文章案例文本；审计事项清单；问题线索台账；审计证据资料；预算指标表；财政支出明细,风险词命中/数据缺失/证据不一致/指标偏离/流程缺陷,命中对象、风险等级、证据资料、核查建议,D:\openclaw-workspace\knowledge\11-杂志文献\财政监督\7.加强民生支出财政监督切实提升民生福祉.md,P0
MAGSUPV-0127-R01,MAGSUPV-0127,监督检查与经费舞弊 / 全场景通用 / 金融审计,强化审计报告查验加力注会行业信息化监管,强化审计报告查验加力注会行业信息化监管R01规则,按案例主题识别同类事项中的风险特征并生成疑点。,文章案例文本；审计事项清单；问题线索台账；审计证据资料；内控制度；会计凭证,风险词命中/数据缺失/证据不一致/指标偏离/流程缺陷,命中对象、风险等级、证据资料、核查建议,D:\openclaw-workspace\knowledge\11-杂志文献\财政监督\7.强化审计报告查验加力注会行业 信息化监管.md,P0
MAGSUPV-0127-R02,MAGSUPV-0127,监督检查与经费舞弊 / 全场景通用 / 金融审计,强化审计报告查验加力注会行业信息化监管,强化审计报告查验加力注会行业信息化监管R02规则,核查案例涉及的数据、证据和整改链条是否完整一致。,文章案例文本；审计事项清单；问题线索台账；审计证据资料；内控制度；会计凭证,风险词命中/数据缺失/证据不一致/指标偏离/流程缺陷,命中对象、风险等级、证据资料、核查建议,D:\openclaw-workspace\knowledge\11-杂志文献\财政监督\7.强化审计报告查验加力注会行业 信息化监管.md,P0
MAGAGR-0048-R01,MAGAGR-0048,农业农村审计 / 金融审计 / 财政与政府债务,我国地方政府债务现状、原因分析与因应对策,我国地方政府债务现状、原因分析与因应对策R01规则,按案例主题识别同类事项中的风险特征并生成疑点。,文章案例文本；审计事项清单；问题线索台账；审计证据资料；预算指标表；财政支出明细,风险词命中/数据缺失/证据不一致/指标偏离/流程缺陷,命中对象、风险等级、证据资料、核查建议,D:\openclaw-workspace\knowledge\11-杂志文献\财政监督\7.我国地方政府债务现状、原因分析与因应对策.md,P0
MAGAGR-0048-R02,MAGAGR-0048,农业农村审计 / 金融审计 / 财政与政府债务,我国地方政府债务现状、原因分析与因应对策,我国地方政府债务现状、原因分析与因应对策R02规则,核查案例涉及的数据、证据和整改链条是否完整一致。,文章案例文本；审计事项清单；问题线索台账；审计证据资料；预算指标表；财政支出明细,风险词命中/数据缺失/证据不一致/指标偏离/流程缺陷,命中对象、风险等级、证据资料、核查建议,D:\openclaw-workspace\knowledge\11-杂志文献\财政监督\7.我国地方政府债务现状、原因分析与因应对策.md,P0
MAGAGR-0049-R01,MAGAGR-0049,农业农村审计 / 金融审计 / 财政与政府债务,持续纠治形式主义让财政资金花出最大效益,持续纠治形式主义让财政资金花出最大效益R01规则,按案例主题识别同类事项中的风险特征并生成疑点。,文章案例文本；审计事项清单；问题线索台账；审计证据资料；预算指标表；财政支出明细,风险词命中/数据缺失/证据不一致/指标偏离/流程缺陷,命中对象、风险等级、证据资料、核查建议,D:\openclaw-workspace\knowledge\11-杂志文献\财政监督\7.持续纠治形式主义让财政资金花出最大效益.md,P0
MAGAGR-0049-R02,MAGAGR-0049,农业农村审计 / 金融审计 / 财政与政府债务,持续纠治形式主义让财政资金花出最大效益,持续纠治形式主义让财政资金花出最大效益R02规则,核查案例涉及的数据、证据和整改链条是否完整一致。,文章案例文本；审计事项清单；问题线索台账；审计证据资料；预算指标表；财政支出明细,风险词命中/数据缺失/证据不一致/指标偏离/流程缺陷,命中对象、风险等级、证据资料、核查建议,D:\openclaw-workspace\knowledge\11-杂志文献\财政监督\7.持续纠治形式主义让财政资金花出最大效益.md,P0
MAGSOC-0073-R01,MAGSOC-0073,民生与社保医保 / 预算执行与财政管理 / 招投标与政府采购,浅析政府购买公共服务绩效管理,浅析政府购买公共服务绩效管理R01规则,按案例主题识别同类事项中的风险特征并生成疑点。,文章案例文本；审计事项清单；问题线索台账；审计证据资料；预算指标表；财政支出明细,风险词命中/数据缺失/证据不一致/指标偏离/流程缺陷,命中对象、风险等级、证据资料、核查建议,D:\openclaw-workspace\knowledge\11-杂志文献\财政监督\7.浅析政府购买公共服务绩效管理.md,P1
MAGSOC-0073-R02,MAGSOC-0073,民生与社保医保 / 预算执行与财政管理 / 招投标与政府采购,浅析政府购买公共服务绩效管理,浅析政府购买公共服务绩效管理R02规则,核查案例涉及的数据、证据和整改链条是否完整一致。,文章案例文本；审计事项清单；问题线索台账；审计证据资料；预算指标表；财政支出明细,风险词命中/数据缺失/证据不一致/指标偏离/流程缺陷,命中对象、风险等级、证据资料、核查建议,D:\openclaw-workspace\knowledge\11-杂志文献\财政监督\7.浅析政府购买公共服务绩效管理.md,P1
MAGSUPV-0128-R01,MAGSUPV-0128,监督检查与经费舞弊 / 全场景通用 / 金融审计,深入学习贯彻《意见》精神全面提升财会监督绩效,深入学习贯彻《意见》精神全面提升财会监督绩效R01规则,按案例主题识别同类事项中的风险特征并生成疑点。,文章案例文本；审计事项清单；问题线索台账；审计证据资料；绩效目标表；绩效评价指标,风险词命中/数据缺失/证据不一致/指标偏离/流程缺陷,命中对象、风险等级、证据资料、核查建议,D:\openclaw-workspace\knowledge\11-杂志文献\财政监督\7.深入学习贯彻《意见》精神全面提升财会监督绩效.md,P1
MAGSUPV-0128-R02,MAGSUPV-0128,监督检查与经费舞弊 / 全场景通用 / 金融审计,深入学习贯彻《意见》精神全面提升财会监督绩效,深入学习贯彻《意见》精神全面提升财会监督绩效R02规则,核查案例涉及的数据、证据和整改链条是否完整一致。,文章案例文本；审计事项清单；问题线索台账；审计证据资料；绩效目标表；绩效评价指标,风险词命中/数据缺失/证据不一致/指标偏离/流程缺陷,命中对象、风险等级、证据资料、核查建议,D:\openclaw-workspace\knowledge\11-杂志文献\财政监督\7.深入学习贯彻《意见》精神全面提升财会监督绩效.md,P1
MAGSUPV-0129-R01,MAGSUPV-0129,监督检查与经费舞弊 / 全场景通用 / 金融审计,牢基础、强监管：新时代改进代理记账工作再加力(下),牢基础、强监管：新时代改进代理记账工作再加力(下)R01规则,按案例主题识别同类事项中的风险特征并生成疑点。,文章案例文本；审计事项清单；问题线索台账；审计证据资料；内控制度；会计凭证,风险词命中/数据缺失/证据不一致/指标偏离/流程缺陷,命中对象、风险等级、证据资料、核查建议,D:\openclaw-workspace\knowledge\11-杂志文献\财政监督\7.牢基础、强监管：新时代改进代理记 账工作再加力(下).md,P0
MAGSUPV-0129-R02,MAGSUPV-0129,监督检查与经费舞弊 / 全场景通用 / 金融审计,牢基础、强监管：新时代改进代理记账工作再加力(下),牢基础、强监管：新时代改进代理记账工作再加力(下)R02规则,核查案例涉及的数据、证据和整改链条是否完整一致。,文章案例文本；审计事项清单；问题线索台账；审计证据资料；内控制度；会计凭证,风险词命中/数据缺失/证据不一致/指标偏离/流程缺陷,命中对象、风险等级、证据资料、核查建议,D:\openclaw-workspace\knowledge\11-杂志文献\财政监督\7.牢基础、强监管：新时代改进代理记 账工作再加力(下).md,P0
MAGBUD-0068-R01,MAGBUD-0068,预算执行与财政管理 / 财政与政府债务 / 绩效评价,行政事业性国有资产监管：如何持续提质增效(上),行政事业性国有资产监管：如何持续提质增效(上)R01规则,按案例主题识别同类事项中的风险特征并生成疑点。,文章案例文本；审计事项清单；问题线索台账；审计证据资料；预算指标表；财政支出明细,风险词命中/数据缺失/证据不一致/指标偏离/流程缺陷,命中对象、风险等级、证据资料、核查建议,D:\openclaw-workspace\knowledge\11-杂志文献\财政监督\7.行政事业性国有资产监管：如何持续提质增效(上).md,P0
MAGBUD-0068-R02,MAGBUD-0068,预算执行与财政管理 / 财政与政府债务 / 绩效评价,行政事业性国有资产监管：如何持续提质增效(上),行政事业性国有资产监管：如何持续提质增效(上)R02规则,核查案例涉及的数据、证据和整改链条是否完整一致。,文章案例文本；审计事项清单；问题线索台账；审计证据资料；预算指标表；财政支出明细,风险词命中/数据缺失/证据不一致/指标偏离/流程缺陷,命中对象、风险等级、证据资料、核查建议,D:\openclaw-workspace\knowledge\11-杂志文献\财政监督\7.行政事业性国有资产监管：如何持续提质增效(上).md,P0
MAGBUD-0069-R01,MAGBUD-0069,预算执行与财政管理 / 财政与政府债务 / 绩效评价,产业扶持政策绩效评价推进数字政府建设场景初探,产业扶持政策绩效评价推进数字政府建设场景初探R01规则,按案例主题识别同类事项中的风险特征并生成疑点。,文章案例文本；审计事项清单；问题线索台账；审计证据资料；预算指标表；财政支出明细,风险词命中/数据缺失/证据不一致/指标偏离/流程缺陷,命中对象、风险等级、证据资料、核查建议,D:\openclaw-workspace\knowledge\11-杂志文献\财政监督\8.产业扶持政策绩效评价推进数字政府建设场景初探.md,P0
MAGBUD-0069-R02,MAGBUD-0069,预算执行与财政管理 / 财政与政府债务 / 绩效评价,产业扶持政策绩效评价推进数字政府建设场景初探,产业扶持政策绩效评价推进数字政府建设场景初探R02规则,核查案例涉及的数据、证据和整改链条是否完整一致。,文章案例文本；审计事项清单；问题线索台账；审计证据资料；预算指标表；财政支出明细,风险词命中/数据缺失/证据不一致/指标偏离/流程缺陷,命中对象、风险等级、证据资料、核查建议,D:\openclaw-workspace\knowledge\11-杂志文献\财政监督\8.产业扶持政策绩效评价推进数字政府建设场景初探.md,P0
MAGAGR-0050-R01,MAGAGR-0050,农业农村审计 / 金融审计 / 财政与政府债务,全面乡村振兴战略促进了农村基本公共服务均等化吗,全面乡村振兴战略促进了农村基本公共服务均等化吗R01规则,按案例主题识别同类事项中的风险特征并生成疑点。,文章案例文本；审计事项清单；问题线索台账；审计证据资料；预算指标表；财政支出明细,风险词命中/数据缺失/证据不一致/指标偏离/流程缺陷,命中对象、风险等级、证据资料、核查建议,D:\openclaw-workspace\knowledge\11-杂志文献\财政监督\8.全面乡村振兴战略促进了农村基本公共服务均等化吗.md,P0
MAGAGR-0050-R02,MAGAGR-0050,农业农村审计 / 金融审计 / 财政与政府债务,全面乡村振兴战略促进了农村基本公共服务均等化吗,全面乡村振兴战略促进了农村基本公共服务均等化吗R02规则,核查案例涉及的数据、证据和整改链条是否完整一致。,文章案例文本；审计事项清单；问题线索台账；审计证据资料；预算指标表；财政支出明细,风险词命中/数据缺失/证据不一致/指标偏离/流程缺陷,命中对象、风险等级、证据资料、核查建议,D:\openclaw-workspace\knowledge\11-杂志文献\财政监督\8.全面乡村振兴战略促进了农村基本公共服务均等化吗.md,P0
MAGFIN-0041-R01,MAGFIN-0041,金融审计 / 国企审计 / 监督检查与经费舞弊,公共部门战略与绩效的匹配性研究,公共部门战略与绩效的匹配性研究R01规则,按案例主题识别同类事项中的风险特征并生成疑点。,文章案例文本；审计事项清单；问题线索台账；审计证据资料；绩效目标表；绩效评价指标,风险词命中/数据缺失/证据不一致/指标偏离/流程缺陷,命中对象、风险等级、证据资料、核查建议,D:\openclaw-workspace\knowledge\11-杂志文献\财政监督\8.公共部门战略与绩效的匹配性研究.md,P1
MAGFIN-0041-R02,MAGFIN-0041,金融审计 / 国企审计 / 监督检查与经费舞弊,公共部门战略与绩效的匹配性研究,公共部门战略与绩效的匹配性研究R02规则,核查案例涉及的数据、证据和整改链条是否完整一致。,文章案例文本；审计事项清单；问题线索台账；审计证据资料；绩效目标表；绩效评价指标,风险词命中/数据缺失/证据不一致/指标偏离/流程缺陷,命中对象、风险等级、证据资料、核查建议,D:\openclaw-workspace\knowledge\11-杂志文献\财政监督\8.公共部门战略与绩效的匹配性研究.md,P1
MAGTAX-0039-R01,MAGTAX-0039,税务审计 / 预算执行与财政管理 / 财政与政府债务,准确把握财会监督定位持续发挥基础支撑功能,准确把握财会监督定位持续发挥基础支撑功能R01规则,按案例主题识别同类事项中的风险特征并生成疑点。,文章案例文本；审计事项清单；问题线索台账；审计证据资料；预算指标表；财政支出明细,风险词命中/数据缺失/证据不一致/指标偏离/流程缺陷,命中对象、风险等级、证据资料、核查建议,D:\openclaw-workspace\knowledge\11-杂志文献\财政监督\8.准确把握财会监督定位持续发挥基础支撑功能.md,P1
MAGTAX-0039-R02,MAGTAX-0039,税务审计 / 预算执行与财政管理 / 财政与政府债务,准确把握财会监督定位持续发挥基础支撑功能,准确把握财会监督定位持续发挥基础支撑功能R02规则,核查案例涉及的数据、证据和整改链条是否完整一致。,文章案例文本；审计事项清单；问题线索台账；审计证据资料；预算指标表；财政支出明细,风险词命中/数据缺失/证据不一致/指标偏离/流程缺陷,命中对象、风险等级、证据资料、核查建议,D:\openclaw-workspace\knowledge\11-杂志文献\财政监督\8.准确把握财会监督定位持续发挥基础支撑功能.md,P1
MAGSOC-0074-R01,MAGSOC-0074,民生与社保医保 / 预算执行与财政管理 / 招投标与政府采购,区县财政运行综合绩效评价探索,区县财政运行综合绩效评价探索R01规则,按案例主题识别同类事项中的风险特征并生成疑点。,文章案例文本；审计事项清单；问题线索台账；审计证据资料；预算指标表；财政支出明细,风险词命中/数据缺失/证据不一致/指标偏离/流程缺陷,命中对象、风险等级、证据资料、核查建议,D:\openclaw-workspace\knowledge\11-杂志文献\财政监督\8.区县财政运行综合绩效评价探索.md,P0
MAGSOC-0074-R02,MAGSOC-0074,民生与社保医保 / 预算执行与财政管理 / 招投标与政府采购,区县财政运行综合绩效评价探索,区县财政运行综合绩效评价探索R02规则,核查案例涉及的数据、证据和整改链条是否完整一致。,文章案例文本；审计事项清单；问题线索台账；审计证据资料；预算指标表；财政支出明细,风险词命中/数据缺失/证据不一致/指标偏离/流程缺陷,命中对象、风险等级、证据资料、核查建议,D:\openclaw-workspace\knowledge\11-杂志文献\财政监督\8.区县财政运行综合绩效评价探索.md,P0
MAGBUD-0070-R01,MAGBUD-0070,预算执行与财政管理 / 财政与政府债务 / 绩效评价,县级政府预算绩效管理改革制约因素与优化路径研究,县级政府预算绩效管理改革制约因素与优化路径研究R01规则,按案例主题识别同类事项中的风险特征并生成疑点。,文章案例文本；审计事项清单；问题线索台账；审计证据资料；预算指标表；财政支出明细,风险词命中/数据缺失/证据不一致/指标偏离/流程缺陷,命中对象、风险等级、证据资料、核查建议,D:\openclaw-workspace\knowledge\11-杂志文献\财政监督\8.县级政府预算绩效管理改革制约因素与优化路径研究.md,P0
MAGBUD-0070-R02,MAGBUD-0070,预算执行与财政管理 / 财政与政府债务 / 绩效评价,县级政府预算绩效管理改革制约因素与优化路径研究,县级政府预算绩效管理改革制约因素与优化路径研究R02规则,核查案例涉及的数据、证据和整改链条是否完整一致。,文章案例文本；审计事项清单；问题线索台账；审计证据资料；预算指标表；财政支出明细,风险词命中/数据缺失/证据不一致/指标偏离/流程缺陷,命中对象、风险等级、证据资料、核查建议,D:\openclaw-workspace\knowledge\11-杂志文献\财政监督\8.县级政府预算绩效管理改革制约因素与优化路径研究.md,P0
MAGSUPV-0130-R01,MAGSUPV-0130,监督检查与经费舞弊 / 全场景通用 / 金融审计,国外贷款项目绩效评价实践研究,国外贷款项目绩效评价实践研究R01规则,按案例主题识别同类事项中的风险特征并生成疑点。,文章案例文本；审计事项清单；问题线索台账；审计证据资料；绩效目标表；绩效评价指标,风险词命中/数据缺失/证据不一致/指标偏离/流程缺陷,命中对象、风险等级、证据资料、核查建议,D:\openclaw-workspace\knowledge\11-杂志文献\财政监督\8.国外贷款项目绩效评价实践研究.md,P0
MAGSUPV-0130-R02,MAGSUPV-0130,监督检查与经费舞弊 / 全场景通用 / 金融审计,国外贷款项目绩效评价实践研究,国外贷款项目绩效评价实践研究R02规则,核查案例涉及的数据、证据和整改链条是否完整一致。,文章案例文本；审计事项清单；问题线索台账；审计证据资料；绩效目标表；绩效评价指标,风险词命中/数据缺失/证据不一致/指标偏离/流程缺陷,命中对象、风险等级、证据资料、核查建议,D:\openclaw-workspace\knowledge\11-杂志文献\财政监督\8.国外贷款项目绩效评价实践研究.md,P0
MAGSUPV-0131-R01,MAGSUPV-0131,监督检查与经费舞弊 / 全场景通用 / 金融审计,如何提升预算绩效信息公开质量,如何提升预算绩效信息公开质量R01规则,按案例主题识别同类事项中的风险特征并生成疑点。,文章案例文本；审计事项清单；问题线索台账；审计证据资料；预算指标表；财政支出明细,风险词命中/数据缺失/证据不一致/指标偏离/流程缺陷,命中对象、风险等级、证据资料、核查建议,D:\openclaw-workspace\knowledge\11-杂志文献\财政监督\8.如何提升预算绩效信息公开质量.md,P1
MAGSUPV-0131-R02,MAGSUPV-0131,监督检查与经费舞弊 / 全场景通用 / 金融审计,如何提升预算绩效信息公开质量,如何提升预算绩效信息公开质量R02规则,核查案例涉及的数据、证据和整改链条是否完整一致。,文章案例文本；审计事项清单；问题线索台账；审计证据资料；预算指标表；财政支出明细,风险词命中/数据缺失/证据不一致/指标偏离/流程缺陷,命中对象、风险等级、证据资料、核查建议,D:\openclaw-workspace\knowledge\11-杂志文献\财政监督\8.如何提升预算绩效信息公开质量.md,P1
MAGSUPV-0132-R01,MAGSUPV-0132,监督检查与经费舞弊 / 全场景通用 / 金融审计,强穿透、用重典：财会监督正加力(下),强穿透、用重典：财会监督正加力(下)R01规则,按案例主题识别同类事项中的风险特征并生成疑点。,文章案例文本；审计事项清单；问题线索台账；审计证据资料；内控制度；会计凭证,风险词命中/数据缺失/证据不一致/指标偏离/流程缺陷,命中对象、风险等级、证据资料、核查建议,D:\openclaw-workspace\knowledge\11-杂志文献\财政监督\8.强穿透、用重典：财会监督正加力(下).md,P0
MAGSUPV-0132-R02,MAGSUPV-0132,监督检查与经费舞弊 / 全场景通用 / 金融审计,强穿透、用重典：财会监督正加力(下),强穿透、用重典：财会监督正加力(下)R02规则,核查案例涉及的数据、证据和整改链条是否完整一致。,文章案例文本；审计事项清单；问题线索台账；审计证据资料；内控制度；会计凭证,风险词命中/数据缺失/证据不一致/指标偏离/流程缺陷,命中对象、风险等级、证据资料、核查建议,D:\openclaw-workspace\knowledge\11-杂志文献\财政监督\8.强穿透、用重典：财会监督正加力(下).md,P0
MAGBUD-0071-R01,MAGBUD-0071,预算执行与财政管理 / 财政与政府债务 / 绩效评价,推行绩效管理加强财会监督：如何落实《行政单位财务规则》新规(上),推行绩效管理加强财会监督：如何落实《行政单位财务规则》新规(上)R01规则,按案例主题识别同类事项中的风险特征并生成疑点。,文章案例文本；审计事项清单；问题线索台账；审计证据资料；预算指标表；财政支出明细,风险词命中/数据缺失/证据不一致/指标偏离/流程缺陷,命中对象、风险等级、证据资料、核查建议,D:\openclaw-workspace\knowledge\11-杂志文献\财政监督\8.推行绩效管理加强财会监督：如何落实《行政单位财务规则》新规(上).md,P0
MAGBUD-0071-R02,MAGBUD-0071,预算执行与财政管理 / 财政与政府债务 / 绩效评价,推行绩效管理加强财会监督：如何落实《行政单位财务规则》新规(上),推行绩效管理加强财会监督：如何落实《行政单位财务规则》新规(上)R02规则,核查案例涉及的数据、证据和整改链条是否完整一致。,文章案例文本；审计事项清单；问题线索台账；审计证据资料；预算指标表；财政支出明细,风险词命中/数据缺失/证据不一致/指标偏离/流程缺陷,命中对象、风险等级、证据资料、核查建议,D:\openclaw-workspace\knowledge\11-杂志文献\财政监督\8.推行绩效管理加强财会监督：如何落实《行政单位财务规则》新规(上).md,P0
MAGSOC-0075-R01,MAGSOC-0075,民生与社保医保 / 预算执行与财政管理 / 招投标与政府采购,新型研发机构绩效评价研究,新型研发机构绩效评价研究R01规则,按案例主题识别同类事项中的风险特征并生成疑点。,文章案例文本；审计事项清单；问题线索台账；审计证据资料；预算指标表；财政支出明细,风险词命中/数据缺失/证据不一致/指标偏离/流程缺陷,命中对象、风险等级、证据资料、核查建议,D:\openclaw-workspace\knowledge\11-杂志文献\财政监督\8.新型研发机构绩效评价研究.md,P0
MAGSOC-0075-R02,MAGSOC-0075,民生与社保医保 / 预算执行与财政管理 / 招投标与政府采购,新型研发机构绩效评价研究,新型研发机构绩效评价研究R02规则,核查案例涉及的数据、证据和整改链条是否完整一致。,文章案例文本；审计事项清单；问题线索台账；审计证据资料；预算指标表；财政支出明细,风险词命中/数据缺失/证据不一致/指标偏离/流程缺陷,命中对象、风险等级、证据资料、核查建议,D:\openclaw-workspace\knowledge\11-杂志文献\财政监督\8.新型研发机构绩效评价研究.md,P0
MAGBUD-0072-R01,MAGBUD-0072,预算执行与财政管理 / 财政与政府债务 / 绩效评价,规范监督检查工作流程高质量完成财会监,规范监督检查工作流程高质量完成财会监R01规则,按案例主题识别同类事项中的风险特征并生成疑点。,文章案例文本；审计事项清单；问题线索台账；审计证据资料；预算指标表；财政支出明细,风险词命中/数据缺失/证据不一致/指标偏离/流程缺陷,命中对象、风险等级、证据资料、核查建议,D:\openclaw-workspace\knowledge\11-杂志文献\财政监督\8.规范监督检查工作流程高质量完成财会监.md,P1
MAGBUD-0072-R02,MAGBUD-0072,预算执行与财政管理 / 财政与政府债务 / 绩效评价,规范监督检查工作流程高质量完成财会监,规范监督检查工作流程高质量完成财会监R02规则,核查案例涉及的数据、证据和整改链条是否完整一致。,文章案例文本；审计事项清单；问题线索台账；审计证据资料；预算指标表；财政支出明细,风险词命中/数据缺失/证据不一致/指标偏离/流程缺陷,命中对象、风险等级、证据资料、核查建议,D:\openclaw-workspace\knowledge\11-杂志文献\财政监督\8.规范监督检查工作流程高质量完成财会监.md,P1
MAGBUD-0073-R01,MAGBUD-0073,预算执行与财政管理 / 财政与政府债务 / 绩效评价,“业、财、控”融合模式下公用事业财政补贴模式创新研究,“业、财、控”融合模式下公用事业财政补贴模式创新研究R01规则,按案例主题识别同类事项中的风险特征并生成疑点。,文章案例文本；审计事项清单；问题线索台账；审计证据资料；预算指标表；财政支出明细,风险词命中/数据缺失/证据不一致/指标偏离/流程缺陷,命中对象、风险等级、证据资料、核查建议,D:\openclaw-workspace\knowledge\11-杂志文献\财政监督\9.“业、财、控”融合模式下公用事业财政补贴模式创新研究.md,P0
MAGBUD-0073-R02,MAGBUD-0073,预算执行与财政管理 / 财政与政府债务 / 绩效评价,“业、财、控”融合模式下公用事业财政补贴模式创新研究,“业、财、控”融合模式下公用事业财政补贴模式创新研究R02规则,核查案例涉及的数据、证据和整改链条是否完整一致。,文章案例文本；审计事项清单；问题线索台账；审计证据资料；预算指标表；财政支出明细,风险词命中/数据缺失/证据不一致/指标偏离/流程缺陷,命中对象、风险等级、证据资料、核查建议,D:\openclaw-workspace\knowledge\11-杂志文献\财政监督\9.“业、财、控”融合模式下公用事业财政补贴模式创新研究.md,P0
MAGSUPV-0133-R01,MAGSUPV-0133,监督检查与经费舞弊 / 全场景通用 / 金融审计,事前绩效评估机制完善与优化探讨,事前绩效评估机制完善与优化探讨R01规则,按案例主题识别同类事项中的风险特征并生成疑点。,文章案例文本；审计事项清单；问题线索台账；审计证据资料；绩效目标表；绩效评价指标,风险词命中/数据缺失/证据不一致/指标偏离/流程缺陷,命中对象、风险等级、证据资料、核查建议,D:\openclaw-workspace\knowledge\11-杂志文献\财政监督\9.事前绩效评估机制完善与优化探讨.md,P0
MAGSUPV-0133-R02,MAGSUPV-0133,监督检查与经费舞弊 / 全场景通用 / 金融审计,事前绩效评估机制完善与优化探讨,事前绩效评估机制完善与优化探讨R02规则,核查案例涉及的数据、证据和整改链条是否完整一致。,文章案例文本；审计事项清单；问题线索台账；审计证据资料；绩效目标表；绩效评价指标,风险词命中/数据缺失/证据不一致/指标偏离/流程缺陷,命中对象、风险等级、证据资料、核查建议,D:\openclaw-workspace\knowledge\11-杂志文献\财政监督\9.事前绩效评估机制完善与优化探讨.md,P0
MAGSOC-0076-R01,MAGSOC-0076,民生与社保医保 / 预算执行与财政管理 / 招投标与政府采购,人才专项资金绩效评价实践探索,人才专项资金绩效评价实践探索R01规则,按案例主题识别同类事项中的风险特征并生成疑点。,文章案例文本；审计事项清单；问题线索台账；审计证据资料；预算指标表；财政支出明细,风险词命中/数据缺失/证据不一致/指标偏离/流程缺陷,命中对象、风险等级、证据资料、核查建议,D:\openclaw-workspace\knowledge\11-杂志文献\财政监督\9.人才专项资金绩效评价实践探索.md,P1
MAGSOC-0076-R02,MAGSOC-0076,民生与社保医保 / 预算执行与财政管理 / 招投标与政府采购,人才专项资金绩效评价实践探索,人才专项资金绩效评价实践探索R02规则,核查案例涉及的数据、证据和整改链条是否完整一致。,文章案例文本；审计事项清单；问题线索台账；审计证据资料；预算指标表；财政支出明细,风险词命中/数据缺失/证据不一致/指标偏离/流程缺陷,命中对象、风险等级、证据资料、核查建议,D:\openclaw-workspace\knowledge\11-杂志文献\财政监督\9.人才专项资金绩效评价实践探索.md,P1
MAGSOC-0077-R01,MAGSOC-0077,民生与社保医保 / 预算执行与财政管理 / 招投标与政府采购,全成本预算绩效管理的实践及思考,全成本预算绩效管理的实践及思考R01规则,按案例主题识别同类事项中的风险特征并生成疑点。,文章案例文本；审计事项清单；问题线索台账；审计证据资料；预算指标表；财政支出明细,风险词命中/数据缺失/证据不一致/指标偏离/流程缺陷,命中对象、风险等级、证据资料、核查建议,D:\openclaw-workspace\knowledge\11-杂志文献\财政监督\9.全成本预算绩效管理的实践及思考.md,P0
MAGSOC-0077-R02,MAGSOC-0077,民生与社保医保 / 预算执行与财政管理 / 招投标与政府采购,全成本预算绩效管理的实践及思考,全成本预算绩效管理的实践及思考R02规则,核查案例涉及的数据、证据和整改链条是否完整一致。,文章案例文本；审计事项清单；问题线索台账；审计证据资料；预算指标表；财政支出明细,风险词命中/数据缺失/证据不一致/指标偏离/流程缺陷,命中对象、风险等级、证据资料、核查建议,D:\openclaw-workspace\knowledge\11-杂志文献\财政监督\9.全成本预算绩效管理的实践及思考.md,P0
MAGSOC-0078-R01,MAGSOC-0078,民生与社保医保 / 预算执行与财政管理 / 招投标与政府采购,关注国有资本经营预算绩效管理,关注国有资本经营预算绩效管理R01规则,按案例主题识别同类事项中的风险特征并生成疑点。,文章案例文本；审计事项清单；问题线索台账；审计证据资料；预算指标表；财政支出明细,风险词命中/数据缺失/证据不一致/指标偏离/流程缺陷,命中对象、风险等级、证据资料、核查建议,D:\openclaw-workspace\knowledge\11-杂志文献\财政监督\9.关注国有资本经营预算绩效管理.md,P1
MAGSOC-0078-R02,MAGSOC-0078,民生与社保医保 / 预算执行与财政管理 / 招投标与政府采购,关注国有资本经营预算绩效管理,关注国有资本经营预算绩效管理R02规则,核查案例涉及的数据、证据和整改链条是否完整一致。,文章案例文本；审计事项清单；问题线索台账；审计证据资料；预算指标表；财政支出明细,风险词命中/数据缺失/证据不一致/指标偏离/流程缺陷,命中对象、风险等级、证据资料、核查建议,D:\openclaw-workspace\knowledge\11-杂志文献\财政监督\9.关注国有资本经营预算绩效管理.md,P1
MAGTAX-0040-R01,MAGTAX-0040,税务审计 / 预算执行与财政管理 / 财政与政府债务,创造价值，管控风险：财务管理变革中的央企实践,创造价值，管控风险：财务管理变革中的央企实践R01规则,按案例主题识别同类事项中的风险特征并生成疑点。,文章案例文本；审计事项清单；问题线索台账；审计证据资料；预算指标表；财政支出明细,风险词命中/数据缺失/证据不一致/指标偏离/流程缺陷,命中对象、风险等级、证据资料、核查建议,D:\openclaw-workspace\knowledge\11-杂志文献\财政监督\9.创造价值，管控风险：财务管理变革中的央企 实践.md,P0
MAGTAX-0040-R02,MAGTAX-0040,税务审计 / 预算执行与财政管理 / 财政与政府债务,创造价值，管控风险：财务管理变革中的央企实践,创造价值，管控风险：财务管理变革中的央企实践R02规则,核查案例涉及的数据、证据和整改链条是否完整一致。,文章案例文本；审计事项清单；问题线索台账；审计证据资料；预算指标表；财政支出明细,风险词命中/数据缺失/证据不一致/指标偏离/流程缺陷,命中对象、风险等级、证据资料、核查建议,D:\openclaw-workspace\knowledge\11-杂志文献\财政监督\9.创造价值，管控风险：财务管理变革中的央企 实践.md,P0
MAGAGR-0051-R01,MAGAGR-0051,农业农村审计 / 金融审计 / 财政与政府债务,县(市、区)级财政运行综合绩效评价的实践探讨,县(市、区)级财政运行综合绩效评价的实践探讨R01规则,按案例主题识别同类事项中的风险特征并生成疑点。,文章案例文本；审计事项清单；问题线索台账；审计证据资料；预算指标表；财政支出明细,风险词命中/数据缺失/证据不一致/指标偏离/流程缺陷,命中对象、风险等级、证据资料、核查建议,D:\openclaw-workspace\knowledge\11-杂志文献\财政监督\9.县(市、区)级财政运行综合绩效评价的实践探讨.md,P1
MAGAGR-0051-R02,MAGAGR-0051,农业农村审计 / 金融审计 / 财政与政府债务,县(市、区)级财政运行综合绩效评价的实践探讨,县(市、区)级财政运行综合绩效评价的实践探讨R02规则,核查案例涉及的数据、证据和整改链条是否完整一致。,文章案例文本；审计事项清单；问题线索台账；审计证据资料；预算指标表；财政支出明细,风险词命中/数据缺失/证据不一致/指标偏离/流程缺陷,命中对象、风险等级、证据资料、核查建议,D:\openclaw-workspace\knowledge\11-杂志文献\财政监督\9.县(市、区)级财政运行综合绩效评价的实践探讨.md,P1
MAGAGR-0052-R01,MAGAGR-0052,农业农村审计 / 金融审计 / 财政与政府债务,县级预算绩效管理创新性实践的探索与思考,县级预算绩效管理创新性实践的探索与思考R01规则,按案例主题识别同类事项中的风险特征并生成疑点。,文章案例文本；审计事项清单；问题线索台账；审计证据资料；预算指标表；财政支出明细,风险词命中/数据缺失/证据不一致/指标偏离/流程缺陷,命中对象、风险等级、证据资料、核查建议,D:\openclaw-workspace\knowledge\11-杂志文献\财政监督\9.县级预算绩效管理创新性实践的探索与思考.md,P0
MAGAGR-0052-R02,MAGAGR-0052,农业农村审计 / 金融审计 / 财政与政府债务,县级预算绩效管理创新性实践的探索与思考,县级预算绩效管理创新性实践的探索与思考R02规则,核查案例涉及的数据、证据和整改链条是否完整一致。,文章案例文本；审计事项清单；问题线索台账；审计证据资料；预算指标表；财政支出明细,风险词命中/数据缺失/证据不一致/指标偏离/流程缺陷,命中对象、风险等级、证据资料、核查建议,D:\openclaw-workspace\knowledge\11-杂志文献\财政监督\9.县级预算绩效管理创新性实践的探索与思考.md,P0
MAGSOC-0079-R01,MAGSOC-0079,民生与社保医保 / 预算执行与财政管理 / 招投标与政府采购,基本公共卫生服务项目绩效评价指标体系优化研究,基本公共卫生服务项目绩效评价指标体系优化研究R01规则,按案例主题识别同类事项中的风险特征并生成疑点。,文章案例文本；审计事项清单；问题线索台账；审计证据资料；预算指标表；财政支出明细,风险词命中/数据缺失/证据不一致/指标偏离/流程缺陷,命中对象、风险等级、证据资料、核查建议,D:\openclaw-workspace\knowledge\11-杂志文献\财政监督\9.基本公共卫生服务项目绩效评价指标体系优化研究.md,P1
MAGSOC-0079-R02,MAGSOC-0079,民生与社保医保 / 预算执行与财政管理 / 招投标与政府采购,基本公共卫生服务项目绩效评价指标体系优化研究,基本公共卫生服务项目绩效评价指标体系优化研究R02规则,核查案例涉及的数据、证据和整改链条是否完整一致。,文章案例文本；审计事项清单；问题线索台账；审计证据资料；预算指标表；财政支出明细,风险词命中/数据缺失/证据不一致/指标偏离/流程缺陷,命中对象、风险等级、证据资料、核查建议,D:\openclaw-workspace\knowledge\11-杂志文献\财政监督\9.基本公共卫生服务项目绩效评价指标体系优化研究.md,P1
MAGFIN-0042-R01,MAGFIN-0042,金融审计 / 国企审计 / 监督检查与经费舞弊,扶贫小额信贷资金会计信息失真,扶贫小额信贷资金会计信息失真R01规则,按案例主题识别同类事项中的风险特征并生成疑点。,文章案例文本；审计事项清单；问题线索台账；审计证据资料；内控制度；会计凭证,风险词命中/数据缺失/证据不一致/指标偏离/流程缺陷,命中对象、风险等级、证据资料、核查建议,D:\openclaw-workspace\knowledge\11-杂志文献\财政监督\9.扶贫小额信贷资金会计信息失真.md,P1
MAGFIN-0042-R02,MAGFIN-0042,金融审计 / 国企审计 / 监督检查与经费舞弊,扶贫小额信贷资金会计信息失真,扶贫小额信贷资金会计信息失真R02规则,核查案例涉及的数据、证据和整改链条是否完整一致。,文章案例文本；审计事项清单；问题线索台账；审计证据资料；内控制度；会计凭证,风险词命中/数据缺失/证据不一致/指标偏离/流程缺陷,命中对象、风险等级、证据资料、核查建议,D:\openclaw-workspace\knowledge\11-杂志文献\财政监督\9.扶贫小额信贷资金会计信息失真.md,P1
MAGSOC-0080-R01,MAGSOC-0080,民生与社保医保 / 预算执行与财政管理 / 招投标与政府采购,浅谈“大数据”在预算绩效评价中的探索与运用,浅谈“大数据”在预算绩效评价中的探索与运用R01规则,按案例主题识别同类事项中的风险特征并生成疑点。,文章案例文本；审计事项清单；问题线索台账；审计证据资料；预算指标表；财政支出明细,风险词命中/数据缺失/证据不一致/指标偏离/流程缺陷,命中对象、风险等级、证据资料、核查建议,D:\openclaw-workspace\knowledge\11-杂志文献\财政监督\9.浅谈“大数据”在预算绩效评价中的探索与运用.md,P0
MAGSOC-0080-R02,MAGSOC-0080,民生与社保医保 / 预算执行与财政管理 / 招投标与政府采购,浅谈“大数据”在预算绩效评价中的探索与运用,浅谈“大数据”在预算绩效评价中的探索与运用R02规则,核查案例涉及的数据、证据和整改链条是否完整一致。,文章案例文本；审计事项清单；问题线索台账；审计证据资料；预算指标表；财政支出明细,风险词命中/数据缺失/证据不一致/指标偏离/流程缺陷,命中对象、风险等级、证据资料、核查建议,D:\openclaw-workspace\knowledge\11-杂志文献\财政监督\9.浅谈“大数据”在预算绩效评价中的探索与运用.md,P0
MAGSUPV-0134-R01,MAGSUPV-0134,监督检查与经费舞弊 / 全场景通用 / 金融审计,绩效目标与指标设置的重要性剖析,绩效目标与指标设置的重要性剖析R01规则,按案例主题识别同类事项中的风险特征并生成疑点。,文章案例文本；审计事项清单；问题线索台账；审计证据资料；绩效目标表；绩效评价指标,风险词命中/数据缺失/证据不一致/指标偏离/流程缺陷,命中对象、风险等级、证据资料、核查建议,D:\openclaw-workspace\knowledge\11-杂志文献\财政监督\9.绩效目标与指标设置的重要性剖析.md,P0
MAGSUPV-0134-R02,MAGSUPV-0134,监督检查与经费舞弊 / 全场景通用 / 金融审计,绩效目标与指标设置的重要性剖析,绩效目标与指标设置的重要性剖析R02规则,核查案例涉及的数据、证据和整改链条是否完整一致。,文章案例文本；审计事项清单；问题线索台账；审计证据资料；绩效目标表；绩效评价指标,风险词命中/数据缺失/证据不一致/指标偏离/流程缺陷,命中对象、风险等级、证据资料、核查建议,D:\openclaw-workspace\knowledge\11-杂志文献\财政监督\9.绩效目标与指标设置的重要性剖析.md,P0
