case_id,package_sn,title,quality_score,quality_tier,linked_package_count,library_source,source_folder,source_top,source_file,scene,case_type,risk_terms,data_terms,method_terms,evidence_chain,summary
MAGISSUE-0436,,中国内部审计2025年11期,40,D,0,magazine_435_articles,中国内部审计,,D:\openclaw-workspace\knowledge\11-杂志文献\中国内部审计\中国内部审计2025年11期.md,全场景通用,整期期刊来源索引,,,,整刊目录；文章索引；案例回溯,整期期刊《中国内部审计2025年11期》作为来源索引保留，不直接重复生成算法包。
MAGISSUE-0437,,中国内部审计2025年12期,40,D,0,magazine_435_articles,中国内部审计,,D:\openclaw-workspace\knowledge\11-杂志文献\中国内部审计\中国内部审计2025年12期.md,全场景通用,整期期刊来源索引,,,,整刊目录；文章索引；案例回溯,整期期刊《中国内部审计2025年12期》作为来源索引保留，不直接重复生成算法包。
MAGISSUE-0438,,中国内部审计2025年4期,40,D,0,magazine_435_articles,中国内部审计,,D:\openclaw-workspace\knowledge\11-杂志文献\中国内部审计\中国内部审计2025年4期.md,全场景通用,整期期刊来源索引,,,,整刊目录；文章索引；案例回溯,整期期刊《中国内部审计2025年4期》作为来源索引保留，不直接重复生成算法包。
MAGISSUE-0439,,中国内部审计2025年5期,40,D,0,magazine_435_articles,中国内部审计,,D:\openclaw-workspace\knowledge\11-杂志文献\中国内部审计\中国内部审计2025年5期.md,全场景通用,整期期刊来源索引,,,,整刊目录；文章索引；案例回溯,整期期刊《中国内部审计2025年5期》作为来源索引保留，不直接重复生成算法包。
MAGISSUE-0440,,中国内部审计2025年7期,40,D,0,magazine_435_articles,中国内部审计,,D:\openclaw-workspace\knowledge\11-杂志文献\中国内部审计\中国内部审计2025年7期.md,全场景通用,整期期刊来源索引,,,,整刊目录；文章索引；案例回溯,整期期刊《中国内部审计2025年7期》作为来源索引保留，不直接重复生成算法包。
MAGISSUE-0441,,中国内部审计2025年9期,40,D,0,magazine_435_articles,中国内部审计,,D:\openclaw-workspace\knowledge\11-杂志文献\中国内部审计\中国内部审计2025年9期.md,全场景通用,整期期刊来源索引,,,,整刊目录；文章索引；案例回溯,整期期刊《中国内部审计2025年9期》作为来源索引保留，不直接重复生成算法包。
MAGCASE-0001,MAGSUPV-0001,中国注册会计师协会关于做好上市公司2025年年报审计工作的通知,84,B,1,magazine_435_articles,中国注册会计师,,D:\openclaw-workspace\knowledge\11-杂志文献\中国注册会计师\002.中国注册会计师协会关于做好上市公司2025年年报审计工作的通知.md,监督检查与经费舞弊 / 全场景通用 / 金融审计,杂志内控包,违规；异常；风险；舞弊；虚假；重复；损失；内控；缺陷；真实性,数据；样本；报表；结算；资产；税收；资金；会计；审计报告；工作底稿,模型；规则；评价；核查；关联；抽样；识别；分析；研究；体系,案例背景；审计关注点；数据资料；分析方法；疑点发现；核查程序；整改启示,《中国注册会计师协会关于做好上市公司2025年年报审计工作的通知》映射为监督检查与经费舞弊场景的杂志内控包，可用于案例检索、规则复用和底稿核查。
MAGCASE-0002,MAGSUPV-0002,中国注册会计师协会关于印发《企业内部控制审计指引实施意见》的通知,84,B,1,magazine_435_articles,中国注册会计师,,D:\openclaw-workspace\knowledge\11-杂志文献\中国注册会计师\002.中国注册会计师协会关于印发《企业内部控制审计指引实施意见》的通知.md,监督检查与经费舞弊 / 全场景通用 / 金融审计,杂志内控包,异常；风险；舞弊；重复；损失；缺陷；完整性；错报,数据；预算；样本；报表；资产；会计；审计报告；工作底稿,评价；关联；识别；验证；体系；方法,案例背景；审计关注点；数据资料；分析方法；疑点发现；核查程序；整改启示,《中国注册会计师协会关于印发《企业内部控制审计指引实施意见》的通知》映射为监督检查与经费舞弊场景的杂志内控包，可用于案例检索、规则复用和底稿核查。
MAGCASE-0003,MAGSUPV-0003,中国注册会计师协会关于印发《会计师事务所透明度报告披露指引(试行)》的通知,84,B,1,magazine_435_articles,中国注册会计师,,D:\openclaw-workspace\knowledge\11-杂志文献\中国注册会计师\003.中国注册会计师协会关于印发《会计师事务所透明度报告披露指引(试行)》的通知.md,监督检查与经费舞弊 / 全场景通用 / 金融审计,杂志内控包,风险,清单；会计；审计报告,评价；体系；机制；数字化,案例背景；审计关注点；数据资料；分析方法；疑点发现；核查程序；整改启示,《中国注册会计师协会关于印发《会计师事务所透明度报告披露指引(试行)》的通知》映射为监督检查与经费舞弊场景的杂志内控包，可用于案例检索、规则复用和底稿核查。
MAGCASE-0004,MAGSUPV-0004,中国注册会计师协会关于印发《会计师事务所基础性标准体系建设指引》的通知,76,B,1,magazine_435_articles,中国注册会计师,,D:\openclaw-workspace\knowledge\11-杂志文献\中国注册会计师\004.中国注册会计师协会关于印发《会计师事务所基础性标准体系建设指引》的通知.md,监督检查与经费舞弊 / 全场景通用 / 金融审计,杂志证据包,,会计,体系,案例背景；审计关注点；数据资料；分析方法；疑点发现；核查程序；整改启示,《中国注册会计师协会关于印发《会计师事务所基础性标准体系建设指引》的通知》映射为监督检查与经费舞弊场景的杂志证据包，可用于案例检索、规则复用和底稿核查。
MAGCASE-0005,MAGSUPV-0005,中国注册会计师行业妇联成立暨行业妇女第一次代表大会在京召开,68,C,1,magazine_435_articles,中国注册会计师,,D:\openclaw-workspace\knowledge\11-杂志文献\中国注册会计师\012.中国注册会计师行业妇联成立暨行业妇女第一次代表大会在京召开.md,监督检查与经费舞弊 / 全场景通用 / 金融审计,杂志证据包,,会计,,案例背景；审计关注点；数据资料；分析方法；疑点发现；核查程序；整改启示,《中国注册会计师行业妇联成立暨行业妇女第一次代表大会在京召开》映射为监督检查与经费舞弊场景的杂志证据包，可用于案例检索、规则复用和底稿核查。
MAGISSUE-0442,,中国注册会计师2026年1期,40,D,0,magazine_435_articles,中国注册会计师,,D:\openclaw-workspace\knowledge\11-杂志文献\中国注册会计师\中国注册会计师2026年1期.md,全场景通用,整期期刊来源索引,,,,整刊目录；文章索引；案例回溯,整期期刊《中国注册会计师2026年1期》作为来源索引保留，不直接重复生成算法包。
MAGISSUE-0443,,中国注册会计师2026年2期,40,D,0,magazine_435_articles,中国注册会计师,,D:\openclaw-workspace\knowledge\11-杂志文献\中国注册会计师\中国注册会计师2026年2期.md,全场景通用,整期期刊来源索引,,,,整刊目录；文章索引；案例回溯,整期期刊《中国注册会计师2026年2期》作为来源索引保留，不直接重复生成算法包。
MAGISSUE-0444,,中国注册会计师2026年3期,40,D,0,magazine_435_articles,中国注册会计师,,D:\openclaw-workspace\knowledge\11-杂志文献\中国注册会计师\中国注册会计师2026年3期.md,全场景通用,整期期刊来源索引,,,,整刊目录；文章索引；案例回溯,整期期刊《中国注册会计师2026年3期》作为来源索引保留，不直接重复生成算法包。
MAGISSUE-0445,,中国注册会计师2026年4期,40,D,0,magazine_435_articles,中国注册会计师,,D:\openclaw-workspace\knowledge\11-杂志文献\中国注册会计师\中国注册会计师2026年4期.md,全场景通用,整期期刊来源索引,,,,整刊目录；文章索引；案例回溯,整期期刊《中国注册会计师2026年4期》作为来源索引保留，不直接重复生成算法包。
MAGISSUE-0446,,中国注册会计师2026年5期,40,D,0,magazine_435_articles,中国注册会计师,,D:\openclaw-workspace\knowledge\11-杂志文献\中国注册会计师\中国注册会计师2026年5期.md,全场景通用,整期期刊来源索引,,,,整刊目录；文章索引；案例回溯,整期期刊《中国注册会计师2026年5期》作为来源索引保留，不直接重复生成算法包。
MAGCASE-0006,MAGSUPV-0006,中注协有关负责人就印发《可持续信息鉴证业务准则第6101号一—基本准则(试行)》答记者问,84,B,1,magazine_435_articles,四川注册会计师,,D:\openclaw-workspace\knowledge\11-杂志文献\四川注册会计师\001.中注协有关负责人就印发《可持续信息鉴证 业务准则第6101号一—基本准则(试行)》 答记者问.md,监督检查与经费舞弊 / 全场景通用 / 金融审计,杂志内控包,风险；内控；错报,会计；工作底稿,识别；分析；研究；体系；机制；方法,案例背景；审计关注点；数据资料；分析方法；疑点发现；核查程序；整改启示,《中注协有关负责人就印发《可持续信息鉴证业务准则第6101号一—基本准则(试行)》答记者问》映射为监督检查与经费舞弊场景的杂志内控包，可用于案例检索、规则复用和底稿核查。
MAGCASE-0007,MAGFIN-0001,关于联合开展《小微企业增信会计数据标准(试行版)》深化试点工作的通知,84,B,1,magazine_435_articles,四川注册会计师,,D:\openclaw-workspace\knowledge\11-杂志文献\四川注册会计师\001.关于联合开展《小微企业增信会计数据标准(试行版)》深化试点工作的通知.md,金融审计 / 国企审计 / 监督检查与经费舞弊,杂志规则包,真实性；完整性,数据；清单；凭证；审批；会计,模型；验证；研究；路径；机制；方法；数字化；大数据,案例背景；审计关注点；数据资料；分析方法；疑点发现；核查程序；整改启示,《关于联合开展《小微企业增信会计数据标准(试行版)》深化试点工作的通知》映射为金融审计场景的杂志规则包，可用于案例检索、规则复用和底稿核查。
MAGCASE-0008,MAGSUPV-0007,四川省财政厅关于印发《会计师事务所负面积分制管理办法(试行)》的通知,84,B,1,magazine_435_articles,四川注册会计师,,D:\openclaw-workspace\knowledge\11-杂志文献\四川注册会计师\001.四川省财政厅关于印发《会计师事务所负面积分制管理办法(试行)》的通知.md,监督检查与经费舞弊 / 全场景通用 / 金融审计,杂志内控包,违规；舞弊；重复；违法,数据；会计；审计报告,分析；机制,案例背景；审计关注点；数据资料；分析方法；疑点发现；核查程序；整改启示,《四川省财政厅关于印发《会计师事务所负面积分制管理办法(试行)》的通知》映射为监督检查与经费舞弊场景的杂志内控包，可用于案例检索、规则复用和底稿核查。
MAGCASE-0009,MAGSUPV-0008,奋力谱写注册会计师行业服务中国式现代化新篇章,84,B,1,magazine_435_articles,四川注册会计师,,D:\openclaw-workspace\knowledge\11-杂志文献\四川注册会计师\001.奋力谱写注册会计师行业服务中国式现代化新篇章.md,监督检查与经费舞弊 / 全场景通用 / 金融审计,杂志案例算法,违规；风险；违法,数据；会计,规则；研究；体系；机制；大数据；人工智能,案例背景；审计关注点；数据资料；分析方法；疑点发现；核查程序；整改启示,《奋力谱写注册会计师行业服务中国式现代化新篇章》映射为监督检查与经费舞弊场景的杂志案例算法，可用于案例检索、规则复用和底稿核查。
MAGCASE-0010,MAGSOC-0001,关于印发《关于进一步加强科学事业单位内部控制建设的指导意见》的通知,84,B,1,magazine_435_articles,四川注册会计师,,D:\openclaw-workspace\knowledge\11-杂志文献\四川注册会计师\002.关于印发《关于进一步加强科学事业单位 内部控制建设的指导意见》的通知.md,民生与社保医保 / 预算执行与财政管理 / 招投标与政府采购,杂志内控包,违规；风险；重复；套取；低效；真实性；绩效；预警；违法；隐患,数据；台账；清单；合同；支付；预算；决算；指标；项目库；审批,规则；指标；评价；关联；预警；分析；审查；研究；体系；机制,案例背景；审计关注点；数据资料；分析方法；疑点发现；核查程序；整改启示,《关于印发《关于进一步加强科学事业单位内部控制建设的指导意见》的通知》映射为民生与社保医保场景的杂志内控包，可用于案例检索、规则复用和底稿核查。
MAGCASE-0011,MAGAGR-0001,四川省财政厅四川省人力资源和社会保障厅关于印发《四川省会计高级职称申报评审基本条件》的通知,84,B,1,magazine_435_articles,四川注册会计师,,D:\openclaw-workspace\knowledge\11-杂志文献\四川注册会计师\002.四川省财政厅四川省人力资源和社会保障厅关于印发《四川省会计高级职称申报评审基本条件》的通知.md,农业农村审计 / 金融审计 / 财政与政府债务,杂志内控包,风险；损失；内控；绩效,预算；指标；报表；资产；申报；资金；会计,指标；评价；分析；研究；体系；机制,案例背景；审计关注点；数据资料；分析方法；疑点发现；核查程序；整改启示,《四川省财政厅四川省人力资源和社会保障厅关于印发《四川省会计高级职称申报评审基本条件》的通知》映射为农业农村审计场景的杂志内控包，可用于案例检索、规则复用和底稿核查。
MAGCASE-0012,MAGSUPV-0009,四川省人民政府办公厅关于进一步促进服务业创新突破的实施意见,84,B,1,magazine_435_articles,四川注册会计师,,D:\openclaw-workspace\knowledge\11-杂志文献\四川注册会计师\003.四川省人民政府办公厅关于进一步促进服务业创新突破的实施意见.md,监督检查与经费舞弊 / 全场景通用 / 金融审计,杂志内控包,风险；闲置,数据；清单；结算；资产；碳排放；申报；资金；会计,算法；模型；评价；监测；识别；检测；研究；体系；数字化；大数据,案例背景；审计关注点；数据资料；分析方法；疑点发现；核查程序；整改启示,《四川省人民政府办公厅关于进一步促进服务业创新突破的实施意见》映射为监督检查与经费舞弊场景的杂志内控包，可用于案例检索、规则复用和底稿核查。
MAGCASE-0013,MAGTAX-0001,四川省财政厅关于优化资产评估机构备案管理工作的通知,84,B,1,magazine_435_articles,四川注册会计师,,D:\openclaw-workspace\knowledge\11-杂志文献\四川注册会计师\003.四川省财政厅关于优化资产评估机构备案管理工作的通知.md,税务审计,杂志规则包,真实性；完整性,资产；会计,审查；机制,案例背景；审计关注点；数据资料；分析方法；疑点发现；核查程序；整改启示,《四川省财政厅关于优化资产评估机构备案管理工作的通知》映射为税务审计场景的杂志规则包，可用于案例检索、规则复用和底稿核查。
MAGCASE-0014,MAGAGR-0002,四川省财政国务院关于深入实施“人工智能+”行动的意见,84,B,1,magazine_435_articles,四川注册会计师,,D:\openclaw-workspace\knowledge\11-杂志文献\四川注册会计师\003.四川省财政国务院关于深入实施“人工智能+”行动的意见.md,农业农村审计 / 金融审计 / 财政与政府债务,杂志规则包,风险；预警,数据；采购；招标；投标；资金；会计,算法；模型；规则；评价；预警；监测；识别；研究；体系；路径,案例背景；审计关注点；数据资料；分析方法；疑点发现；核查程序；整改启示,《四川省财政国务院关于深入实施“人工智能+”行动的意见》映射为农业农村审计场景的杂志规则包，可用于案例检索、规则复用和底稿核查。
MAGCASE-0015,MAGSOC-0002,关于推动解决政府采购异常低价问题的通知,84,B,1,magazine_435_articles,四川注册会计师,,D:\openclaw-workspace\knowledge\11-杂志文献\四川注册会计师\004.关于推动解决政府采购异常低价问题的通知.md,民生与社保医保 / 预算执行与财政管理 / 招投标与政府采购,杂志规则包,异常；重复,合同；支付；预算；采购；投标；会计,评分；测算；审查,案例背景；审计关注点；数据资料；分析方法；疑点发现；核查程序；整改启示,《关于推动解决政府采购异常低价问题的通知》映射为民生与社保医保场景的杂志规则包，可用于案例检索、规则复用和底稿核查。
MAGCASE-0016,MAGFIN-0002,关于联合开展《小微企业增信会计数据标准(试行版)》深化试点工作的通知,84,B,1,magazine_435_articles,四川注册会计师,,D:\openclaw-workspace\knowledge\11-杂志文献\四川注册会计师\004.关于联合开展《小微企业增信会计数据标准(试行版)》深化试点工作的通知.md,金融审计 / 国企审计 / 监督检查与经费舞弊,杂志规则包,真实性；完整性,数据；清单；凭证；审批；会计,模型；验证；研究；路径；机制；方法；数字化；大数据,案例背景；审计关注点；数据资料；分析方法；疑点发现；核查程序；整改启示,《关于联合开展《小微企业增信会计数据标准(试行版)》深化试点工作的通知》映射为金融审计场景的杂志规则包，可用于案例检索、规则复用和底稿核查。
MAGCASE-0017,MAGFIN-0003,国务院办公厅转发财政部《关于规范政府和社会资本合作存量项目建设和运营的指导意见》的通知,84,B,1,magazine_435_articles,四川注册会计师,,D:\openclaw-workspace\knowledge\11-杂志文献\四川注册会计师\004.国务院办公厅转发财政部《关于规范政府和社会资本合作存量项目建设和运营的指导意见》的通知.md,金融审计 / 国企审计 / 监督检查与经费舞弊,杂志规则包,风险；挪用；低效；闲置；绩效,合同；支付；预算；决算；指标；审批；资产；缴纳；资金；会计,指标；评价；研究；机制,案例背景；审计关注点；数据资料；分析方法；疑点发现；核查程序；整改启示,《国务院办公厅转发财政部《关于规范政府和社会资本合作存量项目建设和运营的指导意见》的通知》映射为金融审计场景的杂志规则包，可用于案例检索、规则复用和底稿核查。
MAGCASE-0018,MAGSOC-0003,中华人民共和国国务院令,84,B,1,magazine_435_articles,四川注册会计师,,D:\openclaw-workspace\knowledge\11-杂志文献\四川注册会计师\005.中华人民共和国国务院令.md,民生与社保医保 / 预算执行与财政管理 / 招投标与政府采购,杂志规则包,损失,合同；发票；凭证；支付；结算；资产；申报；缴纳；税收；资金,研究；方法,案例背景；审计关注点；数据资料；分析方法；疑点发现；核查程序；整改启示,《中华人民共和国国务院令》映射为民生与社保医保场景的杂志规则包，可用于案例检索、规则复用和底稿核查。
MAGCASE-0019,MAGBUD-0001,关于印发《支持学前教育发展资金管理办法》的通知（正文扫描不完整）,84,B,1,magazine_435_articles,四川注册会计师,,D:\openclaw-workspace\knowledge\11-杂志文献\四川注册会计师\005.关于印发《支持学前教育发展资金管理办法》的通知（正文扫描不完整）.md,预算执行与财政管理 / 财政与政府债务 / 绩效评价,杂志规则包,风险；重复；真实性；绩效,数据；支付；预算；指标；采购；绩效目标；资产；申报；资金；会计,指标；评价；测算；分析；研究；机制,案例背景；审计关注点；数据资料；分析方法；疑点发现；核查程序；整改启示,《关于印发《支持学前教育发展资金管理办法》的通知（正文扫描不完整）》映射为预算执行与财政管理场景的杂志规则包，可用于案例检索、规则复用和底稿核查。
MAGCASE-0020,MAGAGR-0003,关于实施中小微企业贷款贴息政策的通知,84,B,1,magazine_435_articles,四川注册会计师,,D:\openclaw-workspace\knowledge\11-杂志文献\四川注册会计师\005.关于实施中小微企业贷款贴息政策的通知.md,农业农村审计 / 金融审计 / 财政与政府债务,杂志规则包,违规；重复；真实性,数据；清单；支付；预算；报表；审批；结算；资产；资金；会计,机制；人工智能,案例背景；审计关注点；数据资料；分析方法；疑点发现；核查程序；整改启示,《关于实施中小微企业贷款贴息政策的通知》映射为农业农村审计场景的杂志规则包，可用于案例检索、规则复用和底稿核查。
MAGCASE-0021,MAGDATA-0001,权益法下未确认投资净损失会计处理探讨,84,B,1,magazine_435_articles,四川注册会计师,,D:\openclaw-workspace\knowledge\11-杂志文献\四川注册会计师\005.权益法下未确认投资净损失会计处理探讨.md,全场景通用,杂志证据包,损失,明细；报表；资产；会计,分析；方法,案例背景；审计关注点；数据资料；分析方法；疑点发现；核查程序；整改启示,《权益法下未确认投资净损失会计处理探讨》映射为全场景通用场景的杂志证据包，可用于案例检索、规则复用和底稿核查。
MAGCASE-0022,MAGSUPV-0010,中国证券监督管理委员会财政部公告,84,B,1,magazine_435_articles,四川注册会计师,,D:\openclaw-workspace\knowledge\11-杂志文献\四川注册会计师\006.中国证券监督管理委员会财政部公告.md,监督检查与经费舞弊 / 全场景通用 / 预算执行与财政管理,杂志内控包,违规；舞弊；重复；缺陷；违法,合同；预算；资金；会计,核查；识别；测算,案例背景；审计关注点；数据资料；分析方法；疑点发现；核查程序；整改启示,《中国证券监督管理委员会财政部公告》映射为监督检查与经费舞弊场景的杂志内控包，可用于案例检索、规则复用和底稿核查。
MAGCASE-0023,MAGSUPV-0011,全面提升综合专业服务能力赋能经济社会高质量发展,84,B,1,magazine_435_articles,四川注册会计师,,D:\openclaw-workspace\knowledge\11-杂志文献\四川注册会计师\006.全面提升综合专业服务能力赋能经济社会高质量发展.md,监督检查与经费舞弊 / 全场景通用 / 金融审计,杂志案例算法,风险；舞弊,数据；资产；会计,核查；识别；分析；体系；路径；机制；方法；数字化；大数据,案例背景；审计关注点；数据资料；分析方法；疑点发现；核查程序；整改启示,《全面提升综合专业服务能力赋能经济社会高质量发展》映射为监督检查与经费舞弊场景的杂志案例算法，可用于案例检索、规则复用和底稿核查。
MAGCASE-0024,MAGSOC-0004,关于金融支持新型工业化的指导意见,84,B,1,magazine_435_articles,四川注册会计师,,D:\openclaw-workspace\knowledge\11-杂志文献\四川注册会计师\006.关于金融支持新型工业化的指导意见.md,民生与社保医保 / 预算执行与财政管理 / 招投标与政府采购,杂志规则包,违规；风险；舞弊；挪用；套取；绩效；预警；违法,数据；清单；预算；指标；结算；资产；申报；资金；会计,模型；指标；评价；预警；监测；验证；体系；机制；数字化；大数据,案例背景；审计关注点；数据资料；分析方法；疑点发现；核查程序；整改启示,《关于金融支持新型工业化的指导意见》映射为民生与社保医保场景的杂志规则包，可用于案例检索、规则复用和底稿核查。
MAGCASE-0025,MAGSUPV-0012,社会组织评估管理办法,84,B,1,magazine_435_articles,四川注册会计师,,D:\openclaw-workspace\knowledge\11-杂志文献\四川注册会计师\006.社会组织评估管理办法.md,监督检查与经费舞弊 / 全场景通用 / 金融审计,杂志内控包,违规；舞弊；虚假；绩效；违法,会计,评价；核查；研究；机制,案例背景；审计关注点；数据资料；分析方法；疑点发现；核查程序；整改启示,《社会组织评估管理办法》映射为监督检查与经费舞弊场景的杂志内控包，可用于案例检索、规则复用和底稿核查。
MAGCASE-0026,MAGTAX-0002,关于完善增值税期末留抵退税政策的公告,84,B,1,magazine_435_articles,四川注册会计师,,D:\openclaw-workspace\knowledge\11-杂志文献\四川注册会计师\007.关于完善增值税期末留抵退税政策的公告.md,税务审计 / 预算执行与财政管理 / 财政与政府债务,杂志规则包,虚假；重复,发票；凭证；资产；申报；税收；会计,研究,案例背景；审计关注点；数据资料；分析方法；疑点发现；核查程序；整改启示,《关于完善增值税期末留抵退税政策的公告》映射为税务审计场景的杂志规则包，可用于案例检索、规则复用和底稿核查。
MAGCASE-0027,MAGENG-0001,制度升级筑牢防线监督制衡守护公益,84,B,1,magazine_435_articles,四川注册会计师,,D:\openclaw-workspace\knowledge\11-杂志文献\四川注册会计师\007.制度升级筑牢防线监督制衡守护公益.md,工程与投资审计 / 招投标与政府采购 / 财政与政府债务,杂志规则包,风险；挪用；偏离,数据；支付；审批；资产；资金；会计,关联；分析；体系；机制；方法,案例背景；审计关注点；数据资料；分析方法；疑点发现；核查程序；整改启示,《制度升级筑牢防线监督制衡守护公益》映射为工程与投资审计场景的杂志规则包，可用于案例检索、规则复用和底稿核查。
MAGCASE-0028,MAGFIN-0004,四川省内部审计条例,84,B,1,magazine_435_articles,四川注册会计师,,D:\openclaw-workspace\knowledge\11-杂志文献\四川注册会计师\007.四川省内部审计条例.md,金融审计 / 国企审计 / 监督检查与经费舞弊,杂志指标包,违规；风险；虚假；损失；真实性；完整性；绩效；违法,数据；预算；采购；投标；资产；会计；审计报告；工作底稿,规则；评价；分析；研究；机制,案例背景；审计关注点；数据资料；分析方法；疑点发现；核查程序；整改启示,《四川省内部审计条例》映射为金融审计场景的杂志指标包，可用于案例检索、规则复用和底稿核查。
MAGCASE-0029,MAGFIN-0005,层次分析法在投资决策中的运用,84,B,1,magazine_435_articles,四川注册会计师,,D:\openclaw-workspace\knowledge\11-杂志文献\四川注册会计师\007.层次分析法在投资决策中的运用.md,金融审计 / 国企审计 / 监督检查与经费舞弊,杂志案例算法,风险,数据；指标；采购；资产；资金；会计,模型；指标；评价；评分；分析；验证；研究；体系；路径；方法,案例背景；审计关注点；数据资料；分析方法；疑点发现；核查程序；整改启示,《层次分析法在投资决策中的运用》映射为金融审计场景的杂志案例算法，可用于案例检索、规则复用和底稿核查。
MAGCASE-0030,MAGSUPV-0013,2025年注册会计师行业短视频展播活动结果揭晓,68,C,1,magazine_435_articles,四川注册会计师,,D:\openclaw-workspace\knowledge\11-杂志文献\四川注册会计师\008.2025年注册会计师行业短视频展播活动结果揭晓.md,监督检查与经费舞弊 / 全场景通用 / 金融审计,杂志证据包,,会计,,案例背景；审计关注点；数据资料；分析方法；疑点发现；核查程序；整改启示,《2025年注册会计师行业短视频展播活动结果揭晓》映射为监督检查与经费舞弊场景的杂志证据包，可用于案例检索、规则复用和底稿核查。
MAGCASE-0031,MAGSUPV-0014,从标准出发：会计师事务所基础性标准体系建设的意义和关注点,84,B,1,magazine_435_articles,四川注册会计师,,D:\openclaw-workspace\knowledge\11-杂志文献\四川注册会计师\008.从标准出发：会计师事务所基础性 标准体系建设的意义和关注点.md,监督检查与经费舞弊 / 全场景通用 / 金融审计,杂志内控包,违规；风险；内控；预警；漏洞,数据；清单；指标；会计,模型；规则；指标；评价；评分；穿透；预警；监测；分析；研究,案例背景；审计关注点；数据资料；分析方法；疑点发现；核查程序；整改启示,《从标准出发：会计师事务所基础性标准体系建设的意义和关注点》映射为监督检查与经费舞弊场景的杂志内控包，可用于案例检索、规则复用和底稿核查。
MAGCASE-0032,MAGFIN-0006,层次分析法在投资决策中的运用,84,B,1,magazine_435_articles,四川注册会计师,,D:\openclaw-workspace\knowledge\11-杂志文献\四川注册会计师\008.层次分析法在投资决策中的运用.md,金融审计 / 国企审计 / 监督检查与经费舞弊,杂志案例算法,风险,数据；指标；采购；资产；资金；会计,模型；指标；评价；评分；测算；分析；验证；研究；体系；路径,案例背景；审计关注点；数据资料；分析方法；疑点发现；核查程序；整改启示,《层次分析法在投资决策中的运用》映射为金融审计场景的杂志案例算法，可用于案例检索、规则复用和底稿核查。
MAGCASE-0033,MAGAGR-0004,浅析地方财税金融发展存在的问题及建议——以Y市为例,84,B,1,magazine_435_articles,四川注册会计师,,D:\openclaw-workspace\knowledge\11-杂志文献\四川注册会计师\008.浅析地方财税金融发展存在的问题及建议 ——以Y市为例.md,农业农村审计 / 金融审计 / 财政与政府债务,杂志案例算法,风险；绩效,数据；合同；支付；预算；指标；项目库；审批；绩效目标；资产；碳排放,指标；评价；关联；分析；研究；体系；机制；方法；数字化；大数据,案例背景；审计关注点；数据资料；分析方法；疑点发现；核查程序；整改启示,《浅析地方财税金融发展存在的问题及建议——以Y市为例》映射为农业农村审计场景的杂志案例算法，可用于案例检索、规则复用和底稿核查。
MAGCASE-0034,MAGENG-0002,对某一时段履行履约义务确认收入审计风险与应对,84,B,1,magazine_435_articles,四川注册会计师,,D:\openclaw-workspace\knowledge\11-杂志文献\四川注册会计师\009.对某一时段履行履约义务确认收入审计风险与应对.md,工程与投资审计 / 招投标与政府采购 / 财政与政府债务,杂志案例算法,风险；完整性；失真；错报,数据；清单；明细；合同；支付；预算；指标；报表；审批；结算,指标；比对；核查；识别；分析；勾稽；验证；审查；方法,案例背景；审计关注点；数据资料；分析方法；疑点发现；核查程序；整改启示,《对某一时段履行履约义务确认收入审计风险与应对》映射为工程与投资审计场景的杂志案例算法，可用于案例检索、规则复用和底稿核查。
MAGCASE-0035,MAGBUD-0002,政府采购中的财务风险防控与审计监督,84,B,1,magazine_435_articles,四川注册会计师,,D:\openclaw-workspace\knowledge\11-杂志文献\四川注册会计师\009.政府采购中的财务风险防控与审计监督.md,预算执行与财政管理 / 财政与政府债务 / 绩效评价,杂志案例算法,异常；风险；舞弊；虚假；重复；损失；串标；围标；内控；绩效,数据；台账；合同；凭证；支付；预算；指标；采购；招标；投标,算法；规则；指标；评价；穿透；关联；聚类；抽样；预警；识别,案例背景；审计关注点；数据资料；分析方法；疑点发现；核查程序；整改启示,《政府采购中的财务风险防控与审计监督》映射为预算执行与财政管理场景的杂志案例算法，可用于案例检索、规则复用和底稿核查。
MAGCASE-0036,MAGDATA-0002,省注协第六届理事会信息化委员会第一次会议在成都召开,76,B,1,magazine_435_articles,四川注册会计师,,D:\openclaw-workspace\knowledge\11-杂志文献\四川注册会计师\009.省注协第六届理事会信息化委员会 第一次会议在成都召开.md,全场景通用,杂志证据包,,数据；会计,分析；研究；路径；数字化,案例背景；审计关注点；数据资料；分析方法；疑点发现；核查程序；整改启示,《省注协第六届理事会信息化委员会第一次会议在成都召开》映射为全场景通用场景的杂志证据包，可用于案例检索、规则复用和底稿核查。
MAGCASE-0037,MAGSUPV-0015,社会审计助力国家审计的方法与路径研究,84,B,1,magazine_435_articles,四川注册会计师,,D:\openclaw-workspace\knowledge\11-杂志文献\四川注册会计师\009.社会审计助力国家审计的方法与路径研究.md,监督检查与经费舞弊 / 全场景通用 / 金融审计,杂志案例算法,风险；重复；真实性；绩效,数据；支付；预算；问卷；样本；报表；采购；资产；资金；会计,模型；评价；评分；穿透；关联；识别；分析；验证；研究；体系,案例背景；审计关注点；数据资料；分析方法；疑点发现；核查程序；整改启示,《社会审计助力国家审计的方法与路径研究》映射为监督检查与经费舞弊场景的杂志案例算法，可用于案例检索、规则复用和底稿核查。
MAGCASE-0038,MAGSUPV-0016,2025年“注协杯”四川省大学生会计技能大赛圆满落幕,76,B,1,magazine_435_articles,四川注册会计师,,D:\openclaw-workspace\knowledge\11-杂志文献\四川注册会计师\010.2025年“注协杯”四川省大学生会计技能大赛圆满落幕.md,监督检查与经费舞弊 / 全场景通用 / 金融审计,杂志案例算法,,数据；会计,分析；数字化,案例背景；审计关注点；数据资料；分析方法；疑点发现；核查程序；整改启示,《2025年“注协杯”四川省大学生会计技能大赛圆满落幕》映射为监督检查与经费舞弊场景的杂志案例算法，可用于案例检索、规则复用和底稿核查。
MAGCASE-0039,MAGSUPV-0017,以风险为导向以一体化为基石,84,B,1,magazine_435_articles,四川注册会计师,,D:\openclaw-workspace\knowledge\11-杂志文献\四川注册会计师\010.以风险为导向以一体化为基石.md,监督检查与经费舞弊 / 全场景通用 / 金融审计,杂志案例算法,异常；风险；舞弊；重复；预警,数据；审批；会计,评价；预警；识别；分析；研究；体系；机制,案例背景；审计关注点；数据资料；分析方法；疑点发现；核查程序；整改启示,《以风险为导向以一体化为基石》映射为监督检查与经费舞弊场景的杂志案例算法，可用于案例检索、规则复用和底稿核查。
MAGCASE-0040,MAGSUPV-0018,四川注协做好“五个坚持”全力助推行业高质量发展,84,B,1,magazine_435_articles,四川注册会计师,,D:\openclaw-workspace\knowledge\11-杂志文献\四川注册会计师\010.四川注协做好“五个坚持”全力助推行业高质量发展.md,监督检查与经费舞弊 / 全场景通用 / 金融审计,杂志案例算法,违规；风险；缺陷,数据；清单；明细；合同；指标；问卷；报表；资产；资金；会计,指标；评价；分析；验证；研究；体系；路径；机制；方法；数字化,案例背景；审计关注点；数据资料；分析方法；疑点发现；核查程序；整改启示,《四川注协做好“五个坚持”全力助推行业高质量发展》映射为监督检查与经费舞弊场景的杂志案例算法，可用于案例检索、规则复用和底稿核查。
MAGCASE-0041,MAGAGR-0005,深化经济责任审计：筑牢权力运行监督与高质量发展的重要防线,84,B,1,magazine_435_articles,四川注册会计师,,D:\openclaw-workspace\knowledge\11-杂志文献\四川注册会计师\010.深化经济责任审计：筑牢权力运行监督与高质量发展的重要防线.md,农业农村审计 / 金融审计 / 财政与政府债务,杂志案例算法,违规；异常；风险；超标；挪用；损失；真实性；绩效；预警；违法,数据；清单；支付；预算；采购；资产；税收；资金；会计；审计报告,评价；关联；预警；识别；分析；验证；审查；体系；机制；方法,案例背景；审计关注点；数据资料；分析方法；疑点发现；核查程序；整改启示,《深化经济责任审计：筑牢权力运行监督与高质量发展的重要防线》映射为农业农村审计场景的杂志案例算法，可用于案例检索、规则复用和底稿核查。
MAGCASE-0042,MAGSUPV-0019,中注协提示会计师事务所在2025年年报审计业务中严格遵守独立性要求,76,B,1,magazine_435_articles,四川注册会计师,,D:\openclaw-workspace\knowledge\11-杂志文献\四川注册会计师\011.中注协提示会计师事务所在2025年年报审计业务中严格遵守独立性要求.md,监督检查与经费舞弊 / 全场景通用 / 金融审计,杂志内控包,,报表；会计；审计报告,体系；机制,案例背景；审计关注点；数据资料；分析方法；疑点发现；核查程序；整改启示,《中注协提示会计师事务所在2025年年报审计业务中严格遵守独立性要求》映射为监督检查与经费舞弊场景的杂志内控包，可用于案例检索、规则复用和底稿核查。
MAGCASE-0043,MAGSUPV-0020,四川省注册会计师行业信息化建设现状与对策,84,B,1,magazine_435_articles,四川注册会计师,,D:\openclaw-workspace\knowledge\11-杂志文献\四川注册会计师\011.四川省注册会计师行业 信息化建设现状与对策.md,监督检查与经费舞弊 / 全场景通用 / 金融审计,杂志案例算法,风险；舞弊；重复；预警,数据；凭证；报表；采购；资产；申报；资金；会计,模型；预警；识别；分析；体系；路径；机制；数字化；大数据；人工智能,案例背景；审计关注点；数据资料；分析方法；疑点发现；核查程序；整改启示,《四川省注册会计师行业信息化建设现状与对策》映射为监督检查与经费舞弊场景的杂志案例算法，可用于案例检索、规则复用和底稿核查。
MAGCASE-0044,MAGSUPV-0021,国际会计师联合会理事会会议在北京召开,76,B,1,magazine_435_articles,四川注册会计师,,D:\openclaw-workspace\knowledge\11-杂志文献\四川注册会计师\011.国际会计师联合会理事会会议在北京召开.md,监督检查与经费舞弊 / 全场景通用 / 金融审计,杂志证据包,,会计,研究；人工智能,案例背景；审计关注点；数据资料；分析方法；疑点发现；核查程序；整改启示,《国际会计师联合会理事会会议在北京召开》映射为监督检查与经费舞弊场景的杂志证据包，可用于案例检索、规则复用和底稿核查。
MAGCASE-0045,MAGFIN-0007,掩盖资金占用实施财务造假后积极主动供述监管对惠伦晶体案拟从轻罚款合计1140万,84,B,1,magazine_435_articles,四川注册会计师,,D:\openclaw-workspace\knowledge\11-杂志文献\四川注册会计师\011.掩盖资金占用实施财务造假后积极主动供述监管对惠伦晶体案拟从轻罚款合计1140万.md,金融审计 / 国企审计 / 监督检查与经费舞弊,杂志证据包,虚假；违法,支付；采购；资产；资金；会计,关联,案例背景；审计关注点；数据资料；分析方法；疑点发现；核查程序；整改启示,《掩盖资金占用实施财务造假后积极主动供述监管对惠伦晶体案拟从轻罚款合计1140万》映射为金融审计场景的杂志证据包，可用于案例检索、规则复用和底稿核查。
MAGCASE-0046,MAGSUPV-0022,省注协发布2025年会计师事务所综合评价前百家信息及分类情况,76,B,1,magazine_435_articles,四川注册会计师,,D:\openclaw-workspace\knowledge\11-杂志文献\四川注册会计师\012.省注协发布2025年会计师事务所综合评价前百家信息及分类情况.md,监督检查与经费舞弊 / 全场景通用 / 金融审计,杂志证据包,,数据；指标；会计,指标；评价,案例背景；审计关注点；数据资料；分析方法；疑点发现；核查程序；整改启示,《省注协发布2025年会计师事务所综合评价前百家信息及分类情况》映射为监督检查与经费舞弊场景的杂志证据包，可用于案例检索、规则复用和底稿核查。
MAGCASE-0047,MAGSUPV-0023,省注协约谈会计师事务所警示印章管理问题,76,B,1,magazine_435_articles,四川注册会计师,,D:\openclaw-workspace\knowledge\11-杂志文献\四川注册会计师\012.省注协约谈会计师事务所警示印章管理问题.md,监督检查与经费舞弊 / 全场景通用 / 金融审计,杂志证据包,违规；风险；漏洞,会计；审计报告,,案例背景；审计关注点；数据资料；分析方法；疑点发现；核查程序；整改启示,《省注协约谈会计师事务所警示印章管理问题》映射为监督检查与经费舞弊场景的杂志证据包，可用于案例检索、规则复用和底稿核查。
MAGCASE-0048,MAGSUPV-0024,筑梦绿茵共育黄般中心小学足球未来,68,C,1,magazine_435_articles,四川注册会计师,,D:\openclaw-workspace\knowledge\11-杂志文献\四川注册会计师\012.筑梦绿茵共育黄般中心小学足球未来.md,监督检查与经费舞弊 / 全场景通用 / 金融审计,杂志证据包,,会计,,案例背景；审计关注点；数据资料；分析方法；疑点发现；核查程序；整改启示,《筑梦绿茵共育黄般中心小学足球未来》映射为监督检查与经费舞弊场景的杂志证据包，可用于案例检索、规则复用和底稿核查。
MAGCASE-0049,MAGSUPV-0025,信永中和会计师事务所成都分所党委组织开展警示教育主题党日活动,76,B,1,magazine_435_articles,四川注册会计师,,D:\openclaw-workspace\knowledge\11-杂志文献\四川注册会计师\013.信永中和会计师事务所成都分所党委组织开展警示教育主题党日活动.md,监督检查与经费舞弊 / 全场景通用 / 金融审计,杂志证据包,违规；风险,会计,,案例背景；审计关注点；数据资料；分析方法；疑点发现；核查程序；整改启示,《信永中和会计师事务所成都分所党委组织开展警示教育主题党日活动》映射为监督检查与经费舞弊场景的杂志证据包，可用于案例检索、规则复用和底稿核查。
MAGCASE-0050,MAGSUPV-0026,我省行业会计知识大赛颁奖仪式顺利举办,68,C,1,magazine_435_articles,四川注册会计师,,D:\openclaw-workspace\knowledge\11-杂志文献\四川注册会计师\013.我省行业会计知识大赛颁奖仪式顺利举办.md,监督检查与经费舞弊 / 全场景通用 / 金融审计,杂志证据包,,会计,,案例背景；审计关注点；数据资料；分析方法；疑点发现；核查程序；整改启示,《我省行业会计知识大赛颁奖仪式顺利举办》映射为监督检查与经费舞弊场景的杂志证据包，可用于案例检索、规则复用和底稿核查。
MAGCASE-0051,MAGSUPV-0027,省注会中心不断加强行业数据资产业务能力的提升,76,B,1,magazine_435_articles,四川注册会计师,,D:\openclaw-workspace\knowledge\11-杂志文献\四川注册会计师\013.省注会中心不断加强行业数据资产业务能力的提升.md,监督检查与经费舞弊 / 全场景通用 / 金融审计,杂志内控包,,数据；资产；会计,体系,案例背景；审计关注点；数据资料；分析方法；疑点发现；核查程序；整改启示,《省注会中心不断加强行业数据资产业务能力的提升》映射为监督检查与经费舞弊场景的杂志内控包，可用于案例检索、规则复用和底稿核查。
MAGCASE-0052,MAGSOC-0005,省注协与成都锦城学院财会学院开展座谈交流,76,B,1,magazine_435_articles,四川注册会计师,,D:\openclaw-workspace\knowledge\11-杂志文献\四川注册会计师\013.省注协与成都锦城学院财会学院开展座谈交流.md,民生与社保医保 / 预算执行与财政管理 / 招投标与政府采购,杂志证据包,,会计,研究；数字化,案例背景；审计关注点；数据资料；分析方法；疑点发现；核查程序；整改启示,《省注协与成都锦城学院财会学院开展座谈交流》映射为民生与社保医保场景的杂志证据包，可用于案例检索、规则复用和底稿核查。
MAGCASE-0053,MAGSUPV-0028,以史为鉴守初心廉洁执业担使命,76,B,1,magazine_435_articles,四川注册会计师,,D:\openclaw-workspace\knowledge\11-杂志文献\四川注册会计师\014.以史为鉴守初心廉洁执业担使命.md,监督检查与经费舞弊 / 全场景通用 / 金融审计,杂志证据包,风险,会计,,案例背景；审计关注点；数据资料；分析方法；疑点发现；核查程序；整改启示,《以史为鉴守初心廉洁执业担使命》映射为监督检查与经费舞弊场景的杂志证据包，可用于案例检索、规则复用和底稿核查。
MAGCASE-0054,MAGAGR-0006,在深化改革开放中激发高质量发展动力活力,84,B,1,magazine_435_articles,四川注册会计师,,D:\openclaw-workspace\knowledge\11-杂志文献\四川注册会计师\014.在深化改革开放中激发高质量发展动力活力.md,农业农村审计 / 金融审计 / 财政与政府债务,杂志案例算法,风险；预警；隐患,指标；能耗；会计,规则；指标；预警；审查；研究；体系；路径；机制；方法；数字化,案例背景；审计关注点；数据资料；分析方法；疑点发现；核查程序；整改启示,《在深化改革开放中激发高质量发展动力活力》映射为农业农村审计场景的杂志案例算法，可用于案例检索、规则复用和底稿核查。
MAGCASE-0055,MAGSUPV-0029,省注协一月份主要工作动态,76,B,1,magazine_435_articles,四川注册会计师,,D:\openclaw-workspace\knowledge\11-杂志文献\四川注册会计师\014.省注协一月份主要工作动态.md,监督检查与经费舞弊 / 全场景通用 / 金融审计,杂志案例算法,,数据；清单；合同；问卷；申报；会计,数字化,案例背景；审计关注点；数据资料；分析方法；疑点发现；核查程序；整改启示,《省注协一月份主要工作动态》映射为监督检查与经费舞弊场景的杂志案例算法，可用于案例检索、规则复用和底稿核查。
MAGCASE-0056,MAGSUPV-0030,省注协召开行业数字化共享平台软件产品推介会,76,B,1,magazine_435_articles,四川注册会计师,,D:\openclaw-workspace\knowledge\11-杂志文献\四川注册会计师\014.省注协召开行业数字化共享平台软件产品推介会.md,监督检查与经费舞弊 / 全场景通用 / 金融审计,杂志证据包,,会计,数字化,案例背景；审计关注点；数据资料；分析方法；疑点发现；核查程序；整改启示,《省注协召开行业数字化共享平台软件产品推介会》映射为监督检查与经费舞弊场景的杂志证据包，可用于案例检索、规则复用和底稿核查。
MAGCASE-0057,MAGSUPV-0031,三大新态势凸显监管加码打击财务造假,84,B,1,magazine_435_articles,四川注册会计师,,D:\openclaw-workspace\knowledge\11-杂志文献\四川注册会计师\015.三大新态势凸显监管加码打击财务造假.md,监督检查与经费舞弊 / 全场景通用 / 金融审计,杂志案例算法,违规；异常；风险；虚假；损失；预警；违法,数据；合同；指标；资产；会计,指标；评价；预警；监测；识别；研究；体系；机制；大数据；人工智能,案例背景；审计关注点；数据资料；分析方法；疑点发现；核查程序；整改启示,《三大新态势凸显监管加码打击财务造假》映射为监督检查与经费舞弊场景的杂志案例算法，可用于案例检索、规则复用和底稿核查。
MAGCASE-0058,MAGSUPV-0032,以案为鉴知敬畏警钟长鸣筑防线,76,B,1,magazine_435_articles,四川注册会计师,,D:\openclaw-workspace\knowledge\11-杂志文献\四川注册会计师\015.以案为鉴知敬畏警钟长鸣筑防线.md,监督检查与经费舞弊 / 全场景通用 / 金融审计,杂志内控包,违规；违法,会计,,案例背景；审计关注点；数据资料；分析方法；疑点发现；核查程序；整改启示,《以案为鉴知敬畏警钟长鸣筑防线》映射为监督检查与经费舞弊场景的杂志内控包，可用于案例检索、规则复用和底稿核查。
MAGCASE-0059,MAGSUPV-0033,注册会计师行业“十四五”规划实施评估报告,84,B,1,magazine_435_articles,四川注册会计师,,D:\openclaw-workspace\knowledge\11-杂志文献\四川注册会计师\015.注册会计师行业“十四五”规划实施评估报告.md,监督检查与经费舞弊 / 全场景通用 / 金融审计,杂志案例算法,违规；风险；舞弊；虚假；绩效；预警；违法,数据；指标；报表；资产；资金；会计；审计报告,指标；评价；核查；预警；监测；识别；分析；验证；研究；体系,案例背景；审计关注点；数据资料；分析方法；疑点发现；核查程序；整改启示,《注册会计师行业“十四五”规划实施评估报告》映射为监督检查与经费舞弊场景的杂志案例算法，可用于案例检索、规则复用和底稿核查。
MAGCASE-0060,MAGDATA-0003,省注协召开二届三次监事会会议,76,B,1,magazine_435_articles,四川注册会计师,,D:\openclaw-workspace\knowledge\11-杂志文献\四川注册会计师\015.省注协召开二届三次监事会会议.md,全场景通用,杂志证据包,,会计,研究,案例背景；审计关注点；数据资料；分析方法；疑点发现；核查程序；整改启示,《省注协召开二届三次监事会会议》映射为全场景通用场景的杂志证据包，可用于案例检索、规则复用和底稿核查。
MAGCASE-0061,MAGSUPV-0034,《中国会计报》会计师事务所透明度建设迈出关键一步,84,B,1,magazine_435_articles,四川注册会计师,,D:\openclaw-workspace\knowledge\11-杂志文献\四川注册会计师\016.《中国会计报》会计师事务所透明度建设迈出关键一步.md,监督检查与经费舞弊 / 全场景通用 / 金融审计,杂志案例算法,异常；风险,清单；会计,规则；评价；比对；核查；识别；分析；验证；研究；体系；路径,案例背景；审计关注点；数据资料；分析方法；疑点发现；核查程序；整改启示,《《中国会计报》会计师事务所透明度建设迈出关键一步》映射为监督检查与经费舞弊场景的杂志案例算法，可用于案例检索、规则复用和底稿核查。
MAGCASE-0062,MAGSUPV-0035,寻访先贤故居浸润廉洁初心,84,B,1,magazine_435_articles,四川注册会计师,,D:\openclaw-workspace\knowledge\11-杂志文献\四川注册会计师\016.寻访先贤故居浸润廉洁初心.md,监督检查与经费舞弊 / 全场景通用 / 金融审计,杂志证据包,风险,会计,穿透；路径,案例背景；审计关注点；数据资料；分析方法；疑点发现；核查程序；整改启示,《寻访先贤故居浸润廉洁初心》映射为监督检查与经费舞弊场景的杂志证据包，可用于案例检索、规则复用和底稿核查。
MAGCASE-0063,MAGDATA-0004,盛世阅兵展风采抗战精神永流传,68,C,1,magazine_435_articles,四川注册会计师,,D:\openclaw-workspace\knowledge\11-杂志文献\四川注册会计师\016.盛世阅兵展风采抗战精神永流传.md,全场景通用,杂志证据包,,会计,,案例背景；审计关注点；数据资料；分析方法；疑点发现；核查程序；整改启示,《盛世阅兵展风采抗战精神永流传》映射为全场景通用场景的杂志证据包，可用于案例检索、规则复用和底稿核查。
MAGCASE-0064,MAGTAX-0003,省注协监事会与省税协监事会开展座谈交流,76,B,1,magazine_435_articles,四川注册会计师,,D:\openclaw-workspace\knowledge\11-杂志文献\四川注册会计师\016.省注协监事会与省税协监事会开展座谈交流.md,税务审计 / 预算执行与财政管理 / 财政与政府债务,杂志证据包,,会计,体系；机制,案例背景；审计关注点；数据资料；分析方法；疑点发现；核查程序；整改启示,《省注协监事会与省税协监事会开展座谈交流》映射为税务审计场景的杂志证据包，可用于案例检索、规则复用和底稿核查。
MAGCASE-0065,MAGSUPV-0036,四川华光会计师事务所赴米易廉政文化主题公园开展警示教育活动,76,B,1,magazine_435_articles,四川注册会计师,,D:\openclaw-workspace\knowledge\11-杂志文献\四川注册会计师\017.四川华光会计师事务所赴米易廉政文化主题公园开展警示教育活动.md,监督检查与经费舞弊 / 全场景通用 / 金融审计,杂志证据包,违规；风险；损失,资产；会计,,案例背景；审计关注点；数据资料；分析方法；疑点发现；核查程序；整改启示,《四川华光会计师事务所赴米易廉政文化主题公园开展警示教育活动》映射为监督检查与经费舞弊场景的杂志证据包，可用于案例检索、规则复用和底稿核查。
MAGCASE-0066,MAGSUPV-0037,四川省注册会计师行业组织观看阅兵仪式集锦,68,C,1,magazine_435_articles,四川注册会计师,,D:\openclaw-workspace\knowledge\11-杂志文献\四川注册会计师\017.四川省注册会计师行业组织观看阅兵仪式集锦.md,监督检查与经费舞弊 / 全场景通用 / 金融审计,杂志内控包,,数据；会计,,案例背景；审计关注点；数据资料；分析方法；疑点发现；核查程序；整改启示,《四川省注册会计师行业组织观看阅兵仪式集锦》映射为监督检查与经费舞弊场景的杂志内控包，可用于案例检索、规则复用和底稿核查。
MAGCASE-0067,MAGSOC-0006,德阳市注会行业党总支组织开展“传承家珍精神以红色教育助发展”主题党日活动,76,B,1,magazine_435_articles,四川注册会计师,,D:\openclaw-workspace\knowledge\11-杂志文献\四川注册会计师\017.德阳市注会行业党总支组织开展“传承家珍精神以红色教育助发展”主题党日活动.md,民生与社保医保 / 预算执行与财政管理 / 招投标与政府采购,杂志证据包,,会计,路径,案例背景；审计关注点；数据资料；分析方法；疑点发现；核查程序；整改启示,《德阳市注会行业党总支组织开展“传承家珍精神以红色教育助发展”主题党日活动》映射为民生与社保医保场景的杂志证据包，可用于案例检索、规则复用和底稿核查。
MAGCASE-0068,MAGDATA-0005,017巾帼聚力担使命行业妇联绽芳华,76,B,1,magazine_435_articles,四川注册会计师,,D:\openclaw-workspace\knowledge\11-杂志文献\四川注册会计师\017巾帼聚力担使命行业妇联绽芳华.md,全场景通用,杂志证据包,,会计,体系；机制,案例背景；审计关注点；数据资料；分析方法；疑点发现；核查程序；整改启示,《017巾帼聚力担使命行业妇联绽芳华》映射为全场景通用场景的杂志证据包，可用于案例检索、规则复用和底稿核查。
MAGCASE-0069,MAGSUPV-0038,党建引领聚合力校企共建促发展,76,B,1,magazine_435_articles,四川注册会计师,,D:\openclaw-workspace\knowledge\11-杂志文献\四川注册会计师\018.党建引领聚合力校企共建促发展.md,监督检查与经费舞弊 / 全场景通用 / 金融审计,杂志内控包,违规；风险；损失,资产；会计,,案例背景；审计关注点；数据资料；分析方法；疑点发现；核查程序；整改启示,《党建引领聚合力校企共建促发展》映射为监督检查与经费舞弊场景的杂志内控包，可用于案例检索、规则复用和底稿核查。
MAGCASE-0070,MAGSUPV-0039,四川众益会计师事务所开展从业人员应知应会专业知识考试,76,B,1,magazine_435_articles,四川注册会计师,,D:\openclaw-workspace\knowledge\11-杂志文献\四川注册会计师\018.四川众益会计师事务所开展从业人员应知应会专业知识考试.md,监督检查与经费舞弊 / 全场景通用 / 金融审计,杂志证据包,,会计,分析,案例背景；审计关注点；数据资料；分析方法；疑点发现；核查程序；整改启示,《四川众益会计师事务所开展从业人员应知应会专业知识考试》映射为监督检查与经费舞弊场景的杂志证据包，可用于案例检索、规则复用和底稿核查。
MAGCASE-0071,MAGSUPV-0040,天健会计师事务所四川分所举办九三阅兵直播暨科技与军工行业财税专题研讨会,84,B,1,magazine_435_articles,四川注册会计师,,D:\openclaw-workspace\knowledge\11-杂志文献\四川注册会计师\018.天健会计师事务所四川分所举办九三阅兵直播暨科技与军工行业财税专题研讨会.md,监督检查与经费舞弊 / 全场景通用 / 金融审计,杂志内控包,风险；内控,会计,分析,案例背景；审计关注点；数据资料；分析方法；疑点发现；核查程序；整改启示,《天健会计师事务所四川分所举办九三阅兵直播暨科技与军工行业财税专题研讨会》映射为监督检查与经费舞弊场景的杂志内控包，可用于案例检索、规则复用和底稿核查。
MAGCASE-0072,MAGSUPV-0041,锦旗寄深情服务暖人心,68,C,1,magazine_435_articles,四川注册会计师,,D:\openclaw-workspace\knowledge\11-杂志文献\四川注册会计师\018.锦旗寄深情服务暖人心.md,监督检查与经费舞弊 / 全场景通用 / 金融审计,杂志证据包,,会计,,案例背景；审计关注点；数据资料；分析方法；疑点发现；核查程序；整改启示,《锦旗寄深情服务暖人心》映射为监督检查与经费舞弊场景的杂志证据包，可用于案例检索、规则复用和底稿核查。
MAGCASE-0073,MAGSUPV-0042,党建引领聚合力校企共建促发展,76,B,1,magazine_435_articles,四川注册会计师,,D:\openclaw-workspace\knowledge\11-杂志文献\四川注册会计师\019.党建引领聚合力校企共建促发展.md,监督检查与经费舞弊 / 全场景通用 / 金融审计,杂志内控包,,会计,研究；路径,案例背景；审计关注点；数据资料；分析方法；疑点发现；核查程序；整改启示,《党建引领聚合力校企共建促发展》映射为监督检查与经费舞弊场景的杂志内控包，可用于案例检索、规则复用和底稿核查。
MAGCASE-0074,MAGSUPV-0043,四川省注册会计师行业扎实开展警示教育活动,84,B,1,magazine_435_articles,四川注册会计师,,D:\openclaw-workspace\knowledge\11-杂志文献\四川注册会计师\019.四川省注册会计师行业扎实开展警示教育活动.md,监督检查与经费舞弊 / 全场景通用 / 金融审计,杂志证据包,违规；风险；腐败,会计,机制,案例背景；审计关注点；数据资料；分析方法；疑点发现；核查程序；整改启示,《四川省注册会计师行业扎实开展警示教育活动》映射为监督检查与经费舞弊场景的杂志证据包，可用于案例检索、规则复用和底稿核查。
MAGCASE-0075,MAGSUPV-0044,瑞马迎新启新章凝心聚力向未来,68,C,1,magazine_435_articles,四川注册会计师,,D:\openclaw-workspace\knowledge\11-杂志文献\四川注册会计师\019.瑞马迎新启新章凝心聚力向未来.md,监督检查与经费舞弊 / 全场景通用 / 金融审计,杂志内控包,,清单；资产；会计,,案例背景；审计关注点；数据资料；分析方法；疑点发现；核查程序；整改启示,《瑞马迎新启新章凝心聚力向未来》映射为监督检查与经费舞弊场景的杂志内控包，可用于案例检索、规则复用和底稿核查。
MAGCASE-0076,MAGSUPV-0045,筑牢信仰之基弘扬爱国情怀,68,C,1,magazine_435_articles,四川注册会计师,,D:\openclaw-workspace\knowledge\11-杂志文献\四川注册会计师\019.筑牢信仰之基弘扬爱国情怀.md,监督检查与经费舞弊 / 全场景通用 / 金融审计,杂志证据包,,会计,,案例背景；审计关注点；数据资料；分析方法；疑点发现；核查程序；整改启示,《筑牢信仰之基弘扬爱国情怀》映射为监督检查与经费舞弊场景的杂志证据包，可用于案例检索、规则复用和底稿核查。
MAGCASE-0077,MAGSUPV-0046,信永中和会计师事务所成都分所妇联成立暨第一次代表大会顺利召开,76,B,1,magazine_435_articles,四川注册会计师,,D:\openclaw-workspace\knowledge\11-杂志文献\四川注册会计师\020.信永中和会计师事务所成都分所妇联成立暨第一次代表大会顺利召开.md,监督检查与经费舞弊 / 全场景通用 / 金融审计,杂志证据包,,会计,体系；机制,案例背景；审计关注点；数据资料；分析方法；疑点发现；核查程序；整改启示,《信永中和会计师事务所成都分所妇联成立暨第一次代表大会顺利召开》映射为监督检查与经费舞弊场景的杂志证据包，可用于案例检索、规则复用和底稿核查。
MAGCASE-0078,MAGSUPV-0047,四川录永维诚会计师事务所荣获川联中小企业商会两项荣誉,68,C,1,magazine_435_articles,四川注册会计师,,D:\openclaw-workspace\knowledge\11-杂志文献\四川注册会计师\020.四川录永维诚会计师事务所荣获川联中小企业商会两项荣誉.md,监督检查与经费舞弊 / 全场景通用 / 金融审计,杂志证据包,,会计,,案例背景；审计关注点；数据资料；分析方法；疑点发现；核查程序；整改启示,《四川录永维诚会计师事务所荣获川联中小企业商会两项荣誉》映射为监督检查与经费舞弊场景的杂志证据包，可用于案例检索、规则复用和底稿核查。
MAGCASE-0079,MAGSUPV-0048,弘扬家风树诚信心存敬畏守底线,84,B,1,magazine_435_articles,四川注册会计师,,D:\openclaw-workspace\knowledge\11-杂志文献\四川注册会计师\020.弘扬家风树诚信心存敬畏守底线.md,监督检查与经费舞弊 / 全场景通用 / 金融审计,杂志证据包,风险,会计,研究,案例背景；审计关注点；数据资料；分析方法；疑点发现；核查程序；整改启示,《弘扬家风树诚信心存敬畏守底线》映射为监督检查与经费舞弊场景的杂志证据包，可用于案例检索、规则复用和底稿核查。
MAGCASE-0080,MAGSUPV-0049,铭记血泪历史汲取奋进力量,68,C,1,magazine_435_articles,四川注册会计师,,D:\openclaw-workspace\knowledge\11-杂志文献\四川注册会计师\020.铭记血泪历史汲取奋进力量.md,监督检查与经费舞弊 / 全场景通用 / 金融审计,杂志证据包,,会计,,案例背景；审计关注点；数据资料；分析方法；疑点发现；核查程序；整改启示,《铭记血泪历史汲取奋进力量》映射为监督检查与经费舞弊场景的杂志证据包，可用于案例检索、规则复用和底稿核查。
MAGCASE-0081,MAGSUPV-0050,光影铭记历史初心照耀未来,68,C,1,magazine_435_articles,四川注册会计师,,D:\openclaw-workspace\knowledge\11-杂志文献\四川注册会计师\021.光影铭记历史初心照耀未来.md,监督检查与经费舞弊 / 全场景通用 / 金融审计,杂志证据包,,数据；会计,,案例背景；审计关注点；数据资料；分析方法；疑点发现；核查程序；整改启示,《光影铭记历史初心照耀未来》映射为监督检查与经费舞弊场景的杂志证据包，可用于案例检索、规则复用和底稿核查。
MAGCASE-0082,MAGSUPV-0051,多维联动强警示廉洁护航执业路,84,B,1,magazine_435_articles,四川注册会计师,,D:\openclaw-workspace\knowledge\11-杂志文献\四川注册会计师\021.多维联动强警示廉洁护航执业路.md,监督检查与经费舞弊 / 全场景通用 / 金融审计,杂志证据包,风险,会计,路径,案例背景；审计关注点；数据资料；分析方法；疑点发现；核查程序；整改启示,《多维联动强警示廉洁护航执业路》映射为监督检查与经费舞弊场景的杂志证据包，可用于案例检索、规则复用和底稿核查。
MAGCASE-0083,MAGSUPV-0052,拥抱AI驱动未来,84,B,1,magazine_435_articles,四川注册会计师,,D:\openclaw-workspace\knowledge\11-杂志文献\四川注册会计师\021.拥抱AI驱动未来.md,监督检查与经费舞弊 / 全场景通用 / 金融审计,杂志案例算法,风险,数据；报表；资产；会计,算法；模型；核查；分析；机制；方法,案例背景；审计关注点；数据资料；分析方法；疑点发现；核查程序；整改启示,《拥抱AI驱动未来》映射为监督检查与经费舞弊场景的杂志案例算法，可用于案例检索、规则复用和底稿核查。
MAGCASE-0084,MAGSUPV-0053,四川德文会计师事务所开展2025年度注册会计师诚信宣誓活动,84,B,1,magazine_435_articles,四川注册会计师,,D:\openclaw-workspace\knowledge\11-杂志文献\四川注册会计师\022.四川德文会计师事务所开展2025年度注册会计师诚信宣誓活动.md,监督检查与经费舞弊 / 全场景通用 / 金融审计,杂志证据包,违规；异常；风险,数据；会计,核查；体系,案例背景；审计关注点；数据资料；分析方法；疑点发现；核查程序；整改启示,《四川德文会计师事务所开展2025年度注册会计师诚信宣誓活动》映射为监督检查与经费舞弊场景的杂志证据包，可用于案例检索、规则复用和底稿核查。
MAGCASE-0085,MAGSUPV-0054,天健会计师事务所四川、重庆分所党组织联合四川长虹财务管理部党支部联合开展主题党日活动,68,C,1,magazine_435_articles,四川注册会计师,,D:\openclaw-workspace\knowledge\11-杂志文献\四川注册会计师\022.天健会计师事务所四川、重庆分所党组织 联合四川长虹财务管理部党支部联合开展主题党日活动.md,监督检查与经费舞弊 / 全场景通用 / 金融审计,杂志证据包,,会计,,案例背景；审计关注点；数据资料；分析方法；疑点发现；核查程序；整改启示,《天健会计师事务所四川、重庆分所党组织联合四川长虹财务管理部党支部联合开展主题党日活动》映射为监督检查与经费舞弊场景的杂志证据包，可用于案例检索、规则复用和底稿核查。
MAGCASE-0086,MAGSUPV-0055,筑牢廉洁防线护航执业之路,76,B,1,magazine_435_articles,四川注册会计师,,D:\openclaw-workspace\knowledge\11-杂志文献\四川注册会计师\022.筑牢廉洁防线护航执业之路.md,监督检查与经费舞弊 / 全场景通用 / 金融审计,杂志证据包,违规；风险,会计,,案例背景；审计关注点；数据资料；分析方法；疑点发现；核查程序；整改启示,《筑牢廉洁防线护航执业之路》映射为监督检查与经费舞弊场景的杂志证据包，可用于案例检索、规则复用和底稿核查。
MAGCASE-0087,MAGSUPV-0056,履职尽责显担当专业赋能助发展,76,B,1,magazine_435_articles,四川注册会计师,,D:\openclaw-workspace\knowledge\11-杂志文献\四川注册会计师\023.履职尽责显担当专业赋能助发展.md,监督检查与经费舞弊 / 全场景通用 / 金融审计,杂志证据包,风险,会计,,案例背景；审计关注点；数据资料；分析方法；疑点发现；核查程序；整改启示,《履职尽责显担当专业赋能助发展》映射为监督检查与经费舞弊场景的杂志证据包，可用于案例检索、规则复用和底稿核查。
MAGCASE-0088,MAGSUPV-0057,聚焦赛事直播促学砺行共进,68,C,1,magazine_435_articles,四川注册会计师,,D:\openclaw-workspace\knowledge\11-杂志文献\四川注册会计师\023.聚焦赛事直播促学砺行共进.md,监督检查与经费舞弊 / 全场景通用 / 金融审计,杂志证据包,,会计,,案例背景；审计关注点；数据资料；分析方法；疑点发现；核查程序；整改启示,《聚焦赛事直播促学砺行共进》映射为监督检查与经费舞弊场景的杂志证据包，可用于案例检索、规则复用和底稿核查。
MAGCASE-0089,MAGSUPV-0058,警示教育守底线诚信执业有担当,76,B,1,magazine_435_articles,四川注册会计师,,D:\openclaw-workspace\knowledge\11-杂志文献\四川注册会计师\023.警示教育守底线诚信执业有担当.md,监督检查与经费舞弊 / 全场景通用 / 金融审计,杂志证据包,违规；风险；腐败,会计,,案例背景；审计关注点；数据资料；分析方法；疑点发现；核查程序；整改启示,《警示教育守底线诚信执业有担当》映射为监督检查与经费舞弊场景的杂志证据包，可用于案例检索、规则复用和底稿核查。
MAGCASE-0090,MAGSUPV-0059,专业护航情暖人心,76,B,1,magazine_435_articles,四川注册会计师,,D:\openclaw-workspace\knowledge\11-杂志文献\四川注册会计师\024.专业护航情暖人心.md,监督检查与经费舞弊 / 全场景通用 / 金融审计,杂志证据包,,会计,评价,案例背景；审计关注点；数据资料；分析方法；疑点发现；核查程序；整改启示,《专业护航情暖人心》映射为监督检查与经费舞弊场景的杂志证据包，可用于案例检索、规则复用和底稿核查。
MAGCASE-0091,MAGSUPV-0060,凝心聚力向未来协作共赢谱新篇,76,B,1,magazine_435_articles,四川注册会计师,,D:\openclaw-workspace\knowledge\11-杂志文献\四川注册会计师\024.凝心聚力向未来协作共赢谱新篇.md,监督检查与经费舞弊 / 全场景通用 / 金融审计,杂志内控包,风险,资金；会计,,案例背景；审计关注点；数据资料；分析方法；疑点发现；核查程序；整改启示,《凝心聚力向未来协作共赢谱新篇》映射为监督检查与经费舞弊场景的杂志内控包，可用于案例检索、规则复用和底稿核查。
MAGCASE-0092,MAGDATA-0006,凝心聚力启新程砥砺奋进谱新篇,68,C,1,magazine_435_articles,四川注册会计师,,D:\openclaw-workspace\knowledge\11-杂志文献\四川注册会计师\024.凝心聚力启新程砥砺奋进谱新篇.md,全场景通用,杂志证据包,,会计,,案例背景；审计关注点；数据资料；分析方法；疑点发现；核查程序；整改启示,《凝心聚力启新程砥砺奋进谱新篇》映射为全场景通用场景的杂志证据包，可用于案例检索、规则复用和底稿核查。
MAGCASE-0093,MAGSUPV-0061,一名老审计人的自白：我为什么要亲手开发一套管理系统,84,B,1,magazine_435_articles,四川注册会计师,,D:\openclaw-workspace\knowledge\11-杂志文献\四川注册会计师\025.一名老审计人的自白：我为什么要亲手开发一套管理系统.md,监督检查与经费舞弊 / 全场景通用 / 金融审计,杂志案例算法,异常；风险；低效；绩效；预警,数据；凭证；报表；投标；资产；会计,关联；抽样；预警；识别；分析；验证；体系；路径；方法；数字化,案例背景；审计关注点；数据资料；分析方法；疑点发现；核查程序；整改启示,《一名老审计人的自白：我为什么要亲手开发一套管理系统》映射为监督检查与经费舞弊场景的杂志案例算法，可用于案例检索、规则复用和底稿核查。
MAGCASE-0094,MAGSUPV-0062,缅怀先烈砺初心红色基因永传承,68,C,1,magazine_435_articles,四川注册会计师,,D:\openclaw-workspace\knowledge\11-杂志文献\四川注册会计师\025.缅怀先烈砺初心红色基因永传承.md,监督检查与经费舞弊 / 全场景通用 / 金融审计,杂志内控包,,会计,,案例背景；审计关注点；数据资料；分析方法；疑点发现；核查程序；整改启示,《缅怀先烈砺初心红色基因永传承》映射为监督检查与经费舞弊场景的杂志内控包，可用于案例检索、规则复用和底稿核查。
MAGCASE-0095,MAGSUPV-0063,聚焦风险护航年报,84,B,1,magazine_435_articles,四川注册会计师,,D:\openclaw-workspace\knowledge\11-杂志文献\四川注册会计师\026.聚焦风险护航年报.md,监督检查与经费舞弊 / 全场景通用 / 金融审计,杂志案例算法,风险；内控；缺陷；真实性；完整性,数据；合同；报表；资产；会计,规则；评价；核查；穿透；关联；研究,案例背景；审计关注点；数据资料；分析方法；疑点发现；核查程序；整改启示,《聚焦风险护航年报》映射为监督检查与经费舞弊场景的杂志案例算法，可用于案例检索、规则复用和底稿核查。
MAGCASE-0096,MAGSUPV-0064,赋能审计提质增效筑牢合规发展,84,B,1,magazine_435_articles,四川注册会计师,,D:\openclaw-workspace\knowledge\11-杂志文献\四川注册会计师\027.赋能审计提质增效筑牢合规发展.md,监督检查与经费舞弊 / 全场景通用 / 金融审计,杂志证据包,风险,会计,分析；路径；数字化,案例背景；审计关注点；数据资料；分析方法；疑点发现；核查程序；整改启示,《赋能审计提质增效筑牢合规发展》映射为监督检查与经费舞弊场景的杂志证据包，可用于案例检索、规则复用和底稿核查。
MAGISSUE-0447,,12,40,D,0,magazine_435_articles,四川注册会计师,,D:\openclaw-workspace\knowledge\11-杂志文献\四川注册会计师\2025.12.md,全场景通用,整期期刊来源索引,,,,整刊目录；文章索引；案例回溯,整期期刊《12》作为来源索引保留，不直接重复生成算法包。
MAGCASE-0097,MAGSUPV-0065,9,84,B,1,magazine_435_articles,四川注册会计师,,D:\openclaw-workspace\knowledge\11-杂志文献\四川注册会计师\2025.9.md,监督检查与经费舞弊 / 全场景通用 / 金融审计,杂志案例算法,违规；异常；风险；舞弊；虚假；重复；挪用；套取；损失；低效,数据；清单；明细；合同；发票；凭证；支付；预算；决算；指标,算法；模型；规则；指标；评价；评分；比对；核查；穿透；预警,案例背景；审计关注点；数据资料；分析方法；疑点发现；核查程序；整改启示,《9》映射为监督检查与经费舞弊场景的杂志案例算法，可用于案例检索、规则复用和底稿核查。
MAGCASE-0098,MAGSUPV-0066,1,84,B,1,magazine_435_articles,四川注册会计师,,D:\openclaw-workspace\knowledge\11-杂志文献\四川注册会计师\2026.1.md,监督检查与经费舞弊 / 全场景通用 / 金融审计,杂志案例算法,违规；异常；风险；舞弊；虚假；重复；超标；挪用；损失；内控,数据；清单；合同；发票；凭证；支付；预算；指标；问卷；样本,模型；规则；指标；评价；评分；核查；穿透；关联；抽样；预警,案例背景；审计关注点；数据资料；分析方法；疑点发现；核查程序；整改启示,《1》映射为监督检查与经费舞弊场景的杂志案例算法，可用于案例检索、规则复用和底稿核查。
MAGCASE-0099,MAGSUPV-0067,2,84,B,1,magazine_435_articles,四川注册会计师,,D:\openclaw-workspace\knowledge\11-杂志文献\四川注册会计师\2026.2.md,监督检查与经费舞弊 / 全场景通用 / 金融审计,杂志案例算法,违规；异常；风险；舞弊；虚假；重复；损失；闲置；串标；围标,数据；台账；清单；明细；合同；凭证；支付；预算；指标；问卷,算法；模型；规则；指标；评价；评分；比对；核查；穿透；关联,案例背景；审计关注点；数据资料；分析方法；疑点发现；核查程序；整改启示,《2》映射为监督检查与经费舞弊场景的杂志案例算法，可用于案例检索、规则复用和底稿核查。
MAGCASE-0100,MAGENV-0001,反垄断法与时俱进护航经济社会高质发展,84,B,1,magazine_435_articles,审计观察,,D:\openclaw-workspace\knowledge\11-杂志文献\审计观察\1.反垄断法与时俱进护航经济社会高质发展.md,资源环境审计 / 绩效评价 / 财政与政府债务,杂志案例算法,虚假；违法；漏洞,数据；清单；资产；申报,算法；规则；评价；监测；审查；体系；机制,案例背景；审计关注点；数据资料；分析方法；疑点发现；核查程序；整改启示,《反垄断法与时俱进护航经济社会高质发展》映射为资源环境审计场景的杂志案例算法，可用于案例检索、规则复用和底稿核查。
MAGCASE-0101,MAGFIN-0008,美国审计署优先建议信函的主要内容及特点,84,B,1,magazine_435_articles,审计观察,,D:\openclaw-workspace\knowledge\11-杂志文献\审计观察\10.美国审计署优先建议信函的 主要内容及特点.md,金融审计 / 国企审计 / 监督检查与经费舞弊,杂志案例算法,风险；绩效,数据；清单；合同；预算；税收；资金；审计报告,检测；审查；体系；方法,案例背景；审计关注点；数据资料；分析方法；疑点发现；核查程序；整改启示,《美国审计署优先建议信函的主要内容及特点》映射为金融审计场景的杂志案例算法，可用于案例检索、规则复用和底稿核查。
MAGCASE-0102,MAGENV-0002,数字法治政府建设中区块链的引入与适用路径,84,B,1,magazine_435_articles,审计观察,,D:\openclaw-workspace\knowledge\11-杂志文献\审计观察\11.数字法治政府建设中区块链的引入与适用路径.md,资源环境审计 / 绩效评价 / 财政与政府债务,杂志案例算法,真实性；完整性；违法；腐败,数据；清单；发票；资金,算法；规则；关联；监测；分析；研究；体系；路径；机制；方法,案例背景；审计关注点；数据资料；分析方法；疑点发现；核查程序；整改启示,《数字法治政府建设中区块链的引入与适用路径》映射为资源环境审计场景的杂志案例算法，可用于案例检索、规则复用和底稿核查。
MAGCASE-0103,MAGSOC-0007,加强出版学科建设推动出版业高质量发展,76,B,1,magazine_435_articles,审计观察,,D:\openclaw-workspace\knowledge\11-杂志文献\审计观察\12.加强出版学科建设推动出版业高质量发展.md,民生与社保医保 / 预算执行与财政管理 / 招投标与政府采购,杂志案例算法,,数据,研究；体系；路径；机制；大数据；人工智能,案例背景；审计关注点；数据资料；分析方法；疑点发现；核查程序；整改启示,《加强出版学科建设推动出版业高质量发展》映射为民生与社保医保场景的杂志案例算法，可用于案例检索、规则复用和底稿核查。
MAGCASE-0104,MAGAGR-0007,勇担审计职责使命奋力推进浙江“两个先行”,84,B,1,magazine_435_articles,审计观察,,D:\openclaw-workspace\knowledge\11-杂志文献\审计观察\13.勇担审计职责使命奋力推进浙江“两个先行”.md,农业农村审计 / 金融审计 / 财政与政府债务,杂志案例算法,风险；闲置；绩效；违法；隐患；腐败,数据；清单；指标；采购；招标；资产；资金；审计报告,指标；评价；评分；识别；分析；研究；体系；路径；机制；方法,案例背景；审计关注点；数据资料；分析方法；疑点发现；核查程序；整改启示,《勇担审计职责使命奋力推进浙江“两个先行”》映射为农业农村审计场景的杂志案例算法，可用于案例检索、规则复用和底稿核查。
MAGCASE-0105,MAGSUPV-0068,数字治理时代我国审计法治发展研究,84,B,1,magazine_435_articles,审计观察,,D:\openclaw-workspace\knowledge\11-杂志文献\审计观察\14.数字治理时代我国审计法治发展研究.md,监督检查与经费舞弊 / 全场景通用 / 金融审计,杂志案例算法,风险,数据；预算；会计,模型；规则；评价；分析；审查；研究；体系；机制；方法；数字化,案例背景；审计关注点；数据资料；分析方法；疑点发现；核查程序；整改启示,《数字治理时代我国审计法治发展研究》映射为监督检查与经费舞弊场景的杂志案例算法，可用于案例检索、规则复用和底稿核查。
MAGCASE-0106,MAGFIN-0009,防范化解金融风险的审计实践,84,B,1,magazine_435_articles,审计观察,,D:\openclaw-workspace\knowledge\11-杂志文献\审计观察\15.防范化解金融风险的审计实践.md,金融审计 / 国企审计 / 监督检查与经费舞弊,杂志案例算法,违规；风险；套取；损失；闲置；缺陷；偏离；预警；违法；隐患,明细；预算；资产；资金；审计报告,评价；预警；监测；识别；分析；审查；研究；体系；机制,案例背景；审计关注点；数据资料；分析方法；疑点发现；核查程序；整改启示,《防范化解金融风险的审计实践》映射为金融审计场景的杂志案例算法，可用于案例检索、规则复用和底稿核查。
MAGCASE-0107,MAGSUPV-0069,走出不限于内部审计的后续审计误区,84,B,1,magazine_435_articles,审计观察,,D:\openclaw-workspace\knowledge\11-杂志文献\审计观察\16.走出不限于内部审计的 后续审计误区.md,监督检查与经费舞弊 / 资源环境审计 / 经济责任审计,杂志规则包,重复；不合规；完整性,审计报告,分析；机制,案例背景；审计关注点；数据资料；分析方法；疑点发现；核查程序；整改启示,《走出不限于内部审计的后续审计误区》映射为监督检查与经费舞弊场景的杂志规则包，可用于案例检索、规则复用和底稿核查。
MAGCASE-0108,MAGFIN-0010,技术产权证券化产品的设计与应用,84,B,1,magazine_435_articles,审计观察,,D:\openclaw-workspace\knowledge\11-杂志文献\审计观察\17.技术产权证券化产品的 设计与应用.md,金融审计 / 国企审计 / 监督检查与经费舞弊,杂志案例算法,风险；损失,数据；合同；凭证；支付；指标；样本；资产；资金,模型；指标；评价；回归；分析；研究；体系；路径；机制,案例背景；审计关注点；数据资料；分析方法；疑点发现；核查程序；整改启示,《技术产权证券化产品的设计与应用》映射为金融审计场景的杂志案例算法，可用于案例检索、规则复用和底稿核查。
MAGCASE-0109,MAGENV-0003,读懂中国的产业革命,84,B,1,magazine_435_articles,审计观察,,D:\openclaw-workspace\knowledge\11-杂志文献\审计观察\18.读懂中国的产业革命.md,资源环境审计 / 绩效评价 / 财政与政府债务,杂志案例算法,重复,数据；采购,研究；体系；机制；大数据；人工智能,案例背景；审计关注点；数据资料；分析方法；疑点发现；核查程序；整改启示,《读懂中国的产业革命》映射为资源环境审计场景的杂志案例算法，可用于案例检索、规则复用和底稿核查。
MAGCASE-0110,MAGSUPV-0070,“双碳”目标下碳审计的本质、由来与推进策略,84,B,1,magazine_435_articles,审计观察,,D:\openclaw-workspace\knowledge\11-杂志文献\审计观察\2.“双碳”目标下碳审计的本质、 由来与推进策略.md,监督检查与经费舞弊 / 全场景通用 / 金融审计,杂志指标包,违规；异常；风险；真实性；绩效；违法,数据；合同；资产；碳排放；税收；资金；会计；审计报告,评价；研究；体系；路径；机制；方法,案例背景；审计关注点；数据资料；分析方法；疑点发现；核查程序；整改启示,《“双碳”目标下碳审计的本质、由来与推进策略》映射为监督检查与经费舞弊场景的杂志指标包，可用于案例检索、规则复用和底稿核查。
MAGCASE-0111,MAGAGR-0008,深入研究“双碳”审计服务国家发展战略,84,B,1,magazine_435_articles,审计观察,,D:\openclaw-workspace\knowledge\11-杂志文献\审计观察\3.深入研究“双碳”审计服务国家发展战略.md,农业农村审计 / 金融审计 / 财政与政府债务,杂志案例算法,异常；风险；真实性；完整性；错报,数据；指标；资产；能耗；碳排放；资金；会计；审计报告,模型；规则；指标；评价；核查；监测；识别；分析；审查；研究,案例背景；审计关注点；数据资料；分析方法；疑点发现；核查程序；整改启示,《深入研究“双碳”审计服务国家发展战略》映射为农业农村审计场景的杂志案例算法，可用于案例检索、规则复用和底稿核查。
MAGCASE-0112,MAGENG-0003,我国碳审计的发展现状及技术路径分析,84,B,1,magazine_435_articles,审计观察,,D:\openclaw-workspace\knowledge\11-杂志文献\审计观察\4.我国碳审计的发展现状及 技术路径分析.md,工程与投资审计 / 招投标与政府采购 / 财政与政府债务,杂志案例算法,绩效,数据；遥感；碳排放；资金；会计；审计报告,算法；规则；评价；核查；监测；识别；分析；验证；审查；研究,案例背景；审计关注点；数据资料；分析方法；疑点发现；核查程序；整改启示,《我国碳审计的发展现状及技术路径分析》映射为工程与投资审计场景的杂志案例算法，可用于案例检索、规则复用和底稿核查。
MAGCASE-0113,MAGBUD-0003,国家审计赋能“双碳”目标：内在逻辑与运作机理,84,B,1,magazine_435_articles,审计观察,,D:\openclaw-workspace\knowledge\11-杂志文献\审计观察\5.国家审计赋能“双碳”目标： 内在逻辑与运作机理.md,预算执行与财政管理 / 财政与政府债务 / 绩效评价,杂志案例算法,违规；风险；挪用；套取；低效；截留；真实性；绩效；偏离；预警,支付；预算；指标；招标；投标；碳排放；资金,指标；评价；回归；预警；分析；审查；研究；体系；路径；机制,案例背景；审计关注点；数据资料；分析方法；疑点发现；核查程序；整改启示,《国家审计赋能“双碳”目标：内在逻辑与运作机理》映射为预算执行与财政管理场景的杂志案例算法，可用于案例检索、规则复用和底稿核查。
MAGCASE-0114,MAGENG-0004,“双碳”目标下烟酒型审计的探索与实践,84,B,1,magazine_435_articles,审计观察,,D:\openclaw-workspace\knowledge\11-杂志文献\审计观察\6.“双碳”目标下烟酒型审计的探索与实践.md,工程与投资审计 / 招投标与政府采购 / 财政与政府债务,杂志案例算法,违规；风险；缺陷；预警；漏洞,数据；清单；审批；采购；审计报告；工作底稿,预警；分析；研究；体系；路径；机制；方法；大数据,案例背景；审计关注点；数据资料；分析方法；疑点发现；核查程序；整改启示,《“双碳”目标下烟酒型审计的探索与实践》映射为工程与投资审计场景的杂志案例算法，可用于案例检索、规则复用和底稿核查。
MAGCASE-0115,MAGBUD-0004,编制“六张清单”开展自然资源产离任审计,84,B,1,magazine_435_articles,审计观察,,D:\openclaw-workspace\knowledge\11-杂志文献\审计观察\7.编制“六张清单”开展自然资源产离任审计.md,预算执行与财政管理 / 财政与政府债务 / 绩效评价,杂志案例算法,风险；重复；绩效；预警,数据；清单；图斑；报表；资产；资金；审计报告,评价；核查；预警；分析；验证；研究；体系；机制；方法；数字化,案例背景；审计关注点；数据资料；分析方法；疑点发现；核查程序；整改启示,《编制“六张清单”开展自然资源产离任审计》映射为预算执行与财政管理场景的杂志案例算法，可用于案例检索、规则复用和底稿核查。
MAGCASE-0116,MAGENV-0004,立足“严”的主基调构建审计机关容错纠错机制,84,B,1,magazine_435_articles,审计观察,,D:\openclaw-workspace\knowledge\11-杂志文献\审计观察\8.立足“严”的主基调构建审计机关容错纠错机制.md,资源环境审计 / 绩效评价 / 财政与政府债务,杂志案例算法,违规；风险；损失；绩效；违法,资产；资金；审计报告,评价；关联；识别；分析；审查；研究；机制；方法,案例背景；审计关注点；数据资料；分析方法；疑点发现；核查程序；整改启示,《立足“严”的主基调构建审计机关容错纠错机制》映射为资源环境审计场景的杂志案例算法，可用于案例检索、规则复用和底稿核查。
MAGCASE-0117,MAGSUPV-0071,审计期望差距对注册会计师法律责任的影响分析,84,B,1,magazine_435_articles,审计观察,,D:\openclaw-workspace\knowledge\11-杂志文献\审计观察\9.审计期望差距对注册会计师法律责任的影响分析.md,监督检查与经费舞弊 / 全场景通用 / 金融审计,杂志案例算法,风险；舞弊；损失；真实性；违法；错报,数据；报表；会计；审计报告,模型；评价；抽样；识别；分析；研究；体系；人工智能,案例背景；审计关注点；数据资料；分析方法；疑点发现；核查程序；整改启示,《审计期望差距对注册会计师法律责任的影响分析》映射为监督检查与经费舞弊场景的杂志案例算法，可用于案例检索、规则复用和底稿核查。
MAGCASE-0118,MAGBUD-0005,0001财政内部控制,84,B,1,magazine_435_articles,财政监督,,D:\openclaw-workspace\knowledge\11-杂志文献\财政监督\0001财政内部控制.md,预算执行与财政管理 / 财政与政府债务 / 绩效评价,杂志指标包,风险；舞弊；内控；绩效；漏洞；腐败,预算；资金,体系；机制；方法,案例背景；审计关注点；数据资料；分析方法；疑点发现；核查程序；整改启示,《0001财政内部控制》映射为预算执行与财政管理场景的杂志指标包，可用于案例检索、规则复用和底稿核查。
MAGCASE-0119,MAGSUPV-0072,主题教育成果要转化成财会监督“物质的力量,84,B,1,magazine_435_articles,财政监督,,D:\openclaw-workspace\knowledge\11-杂志文献\财政监督\001.主题教育成果要转化成财会监督“物质的力量.md,监督检查与经费舞弊 / 全场景通用 / 金融审计,杂志案例算法,违规；异常；风险；重复；超预算；挪用；损失；低效；闲置；截留,数据；台账；清单；合同；发票；支付；流水；预算；决算；指标,算法；模型；规则；指标；评价；核查；穿透；关联；抽样；预警,案例背景；审计关注点；数据资料；分析方法；疑点发现；核查程序；整改启示,《主题教育成果要转化成财会监督“物质的力量》映射为监督检查与经费舞弊场景的杂志案例算法，可用于案例检索、规则复用和底稿核查。
MAGCASE-0120,MAGSOC-0008,001呵护我们共有“生态”,76,B,1,magazine_435_articles,财政监督,,D:\openclaw-workspace\knowledge\11-杂志文献\财政监督\001呵护我们共有“生态”.md,民生与社保医保 / 预算执行与财政管理 / 招投标与政府采购,杂志规则包,风险；违法,,体系,案例背景；审计关注点；数据资料；分析方法；疑点发现；核查程序；整改启示,《001呵护我们共有“生态”》映射为民生与社保医保场景的杂志规则包，可用于案例检索、规则复用和底稿核查。
MAGCASE-0121,MAGBUD-0006,001财政“自我持续增长”的治理之路,84,B,1,magazine_435_articles,财政监督,,D:\openclaw-workspace\knowledge\11-杂志文献\财政监督\001财政“自我持续增长”的治理之路.md,预算执行与财政管理 / 财政与政府债务 / 绩效评价,杂志指标包,风险；绩效；腐败,支付；预算,体系,案例背景；审计关注点；数据资料；分析方法；疑点发现；核查程序；整改启示,《001财政“自我持续增长”的治理之路》映射为预算执行与财政管理场景的杂志指标包，可用于案例检索、规则复用和底稿核查。
MAGCASE-0122,MAGAGR-0009,002中国式现代化引领财政现代化的历史脉络与展望,84,B,1,magazine_435_articles,财政监督,,D:\openclaw-workspace\knowledge\11-杂志文献\财政监督\002中国式现代化引领财政现代化的历史脉络与展望.md,农业农村审计 / 金融审计 / 财政与政府债务,杂志案例算法,风险；绩效,数据；支付；预算；决算；采购；资产；申报；税收；资金；会计,算法；规则；评价；分析；研究；体系；路径；机制；方法；大数据,案例背景；审计关注点；数据资料；分析方法；疑点发现；核查程序；整改启示,《002中国式现代化引领财政现代化的历史脉络与展望》映射为农业农村审计场景的杂志案例算法，可用于案例检索、规则复用和底稿核查。
MAGCASE-0123,MAGSUPV-0073,002努力做到三个“紧紧跟随”以主题教育推动财政监管事业高质量发展,84,B,1,magazine_435_articles,财政监督,,D:\openclaw-workspace\knowledge\11-杂志文献\财政监督\002努力做到三个“紧紧跟随”以主题教育推动财政监管事业高质量发展.md,监督检查与经费舞弊 / 全场景通用 / 金融审计,杂志案例算法,风险；低效；闲置；内控；真实性；绩效,数据；支付；预算；决算；资产；资金；会计；工作底稿,评价；核查；穿透；监测；分析；研究；体系；机制；方法；大数据,案例背景；审计关注点；数据资料；分析方法；疑点发现；核查程序；整改启示,《002努力做到三个“紧紧跟随”以主题教育推动财政监管事业高质量发展》映射为监督检查与经费舞弊场景的杂志案例算法，可用于案例检索、规则复用和底稿核查。
MAGCASE-0124,MAGSUPV-0074,002多措并举持续推动绩效评价提质增效,84,B,1,magazine_435_articles,财政监督,,D:\openclaw-workspace\knowledge\11-杂志文献\财政监督\002多措并举持续推动绩效评价提质增效.md,监督检查与经费舞弊 / 全场景通用 / 金融审计,杂志案例算法,真实性；绩效；偏离,数据；清单；支付；预算；指标；样本；报表；采购；绩效目标；资产,规则；指标；评价；评分；比对；核查；关联；监测；分析；审查,案例背景；审计关注点；数据资料；分析方法；疑点发现；核查程序；整改启示,《002多措并举持续推动绩效评价提质增效》映射为监督检查与经费舞弊场景的杂志案例算法，可用于案例检索、规则复用和底稿核查。
MAGCASE-0125,MAGTAX-0004,002系统推进财政内控制度建设的脉络、维度与进路,84,B,1,magazine_435_articles,财政监督,,D:\openclaw-workspace\knowledge\11-杂志文献\财政监督\002系统推进财政内控制度建设的脉络、维度与进路.md,税务审计 / 预算执行与财政管理 / 财政与政府债务,杂志内控包,违规；风险；内控；绩效；预警；违法,数据；合同；支付；预算；决算；指标；采购；资产；税收；资金,算法；规则；指标；评价；核查；穿透；关联；预警；分析；研究,案例背景；审计关注点；数据资料；分析方法；疑点发现；核查程序；整改启示,《002系统推进财政内控制度建设的脉络、维度与进路》映射为税务审计场景的杂志内控包，可用于案例检索、规则复用和底稿核查。
MAGCASE-0126,MAGFIN-0011,003中国式现代化进程中财会监督发展历程与展望,84,B,1,magazine_435_articles,财政监督,,D:\openclaw-workspace\knowledge\11-杂志文献\财政监督\003中国式现代化进程中财会监督发展历程与展望.md,金融审计 / 国企审计 / 监督检查与经费舞弊,杂志案例算法,违规；风险；挪用；损失；内控；绩效；漏洞,数据；预算；指标；采购；税收；资金；会计,算法；规则；指标；评价；核查；分析；研究；体系；机制；方法,案例背景；审计关注点；数据资料；分析方法；疑点发现；核查程序；整改启示,《003中国式现代化进程中财会监督发展历程与展望》映射为金融审计场景的杂志案例算法，可用于案例检索、规则复用和底稿核查。
MAGCASE-0127,MAGSUPV-0075,003充分发挥绩效评价“手术刀”作用，为财政经济高质量发展提供坚强保障,84,B,1,magazine_435_articles,财政监督,,D:\openclaw-workspace\knowledge\11-杂志文献\财政监督\003充分发挥绩效评价“手术刀”作用，为财政经济高质量发展提供坚强保障.md,监督检查与经费舞弊 / 全场景通用 / 金融审计,杂志指标包,风险；低效；绩效；偏离,台账；支付；预算；指标；样本；采购；资产；资金；会计,规则；指标；评价；评分；分析；研究；体系；路径；机制,案例背景；审计关注点；数据资料；分析方法；疑点发现；核查程序；整改启示,《003充分发挥绩效评价“手术刀”作用，为财政经济高质量发展提供坚强保障》映射为监督检查与经费舞弊场景的杂志指标包，可用于案例检索、规则复用和底稿核查。
MAGCASE-0128,MAGAGR-0010,003财政中心工作以主题教育开展成效推动财政监管工作高质量发展,84,B,1,magazine_435_articles,财政监督,,D:\openclaw-workspace\knowledge\11-杂志文献\财政监督\003财政中心工作以主题教育开展成效推动财政监管工作高质量发展.md,农业农村审计 / 金融审计 / 财政与政府债务,杂志案例算法,风险；内控；腐败,清单；支付；预算；问卷；资产,评价；分析；研究；体系；机制；方法,案例背景；审计关注点；数据资料；分析方法；疑点发现；核查程序；整改启示,《003财政中心工作以主题教育开展成效推动财政监管工作高质量发展》映射为农业农村审计场景的杂志案例算法，可用于案例检索、规则复用和底稿核查。
MAGCASE-0129,MAGTAX-0005,003适应新时代财政治理需要扎实推进监管局内控工作,84,B,1,magazine_435_articles,财政监督,,D:\openclaw-workspace\knowledge\11-杂志文献\财政监督\003适应新时代财政治理需要扎实推进监管局内控工作.md,税务审计 / 预算执行与财政管理 / 财政与政府债务,杂志指标包,风险；内控；绩效,数据；预算；审批；税收；会计,核查；分析；研究；体系；路径；机制；方法,案例背景；审计关注点；数据资料；分析方法；疑点发现；核查程序；整改启示,《003适应新时代财政治理需要扎实推进监管局内控工作》映射为税务审计场景的杂志指标包，可用于案例检索、规则复用和底稿核查。
MAGCASE-0130,MAGSOC-0009,004中国式现代化预算绩效管理改革之路,84,B,1,magazine_435_articles,财政监督,,D:\openclaw-workspace\knowledge\11-杂志文献\财政监督\004中国式现代化预算绩效管理改革之路.md,民生与社保医保 / 预算执行与财政管理 / 招投标与政府采购,杂志案例算法,风险；低效；闲置；绩效,支付；预算；指标；采购；绩效目标；资产；碳排放；税收；资金,算法；规则；指标；评价；识别；分析；审查；研究；体系；路径,案例背景；审计关注点；数据资料；分析方法；疑点发现；核查程序；整改启示,《004中国式现代化预算绩效管理改革之路》映射为民生与社保医保场景的杂志案例算法，可用于案例检索、规则复用和底稿核查。
MAGCASE-0131,MAGSUPV-0076,004学思践悟正风促干以主题教育推动财会监督事业高质量发展,84,B,1,magazine_435_articles,财政监督,,D:\openclaw-workspace\knowledge\11-杂志文献\财政监督\004学思践悟正风促干以主题教育推动财会监督事业高质量发展.md,监督检查与经费舞弊 / 全场景通用 / 金融审计,杂志案例算法,风险；内控；绩效,数据；台账；支付；预算；决算；税收；资金；会计,规则；评价；核查；监测；分析；研究；体系；机制；方法,案例背景；审计关注点；数据资料；分析方法；疑点发现；核查程序；整改启示,《004学思践悟正风促干以主题教育推动财会监督事业高质量发展》映射为监督检查与经费舞弊场景的杂志案例算法，可用于案例检索、规则复用和底稿核查。
MAGCASE-0132,MAGSOC-0010,004秉持四字原则注重实效实绩，打造全链条绩效评价闭环管理体系,84,B,1,magazine_435_articles,财政监督,,D:\openclaw-workspace\knowledge\11-杂志文献\财政监督\004秉持四字原则注重实效实绩，打造全链条绩效评价闭环管理体系.md,民生与社保医保 / 预算执行与财政管理 / 招投标与政府采购,杂志指标包,风险；内控；完整性；绩效；失真；错报,数据；清单；支付；预算；指标；项目库；问卷；绩效目标；申报；资金,规则；指标；评价；评分；测算；分析；研究；体系；路径；机制,案例背景；审计关注点；数据资料；分析方法；疑点发现；核查程序；整改启示,《004秉持四字原则注重实效实绩，打造全链条绩效评价闭环管理体系》映射为民生与社保医保场景的杂志指标包，可用于案例检索、规则复用和底稿核查。
MAGCASE-0133,MAGBUD-0007,004财政内控理论、实践与未来展望,84,B,1,magazine_435_articles,财政监督,,D:\openclaw-workspace\knowledge\11-杂志文献\财政监督\004财政内控理论、实践与未来展望.md,预算执行与财政管理 / 财政与政府债务 / 绩效评价,杂志案例算法,异常；风险；虚假；内控；绩效；预警,数据；预算；指标；采购；资产；资金；会计,模型；规则；指标；评价；预警；识别；分析；研究；体系；路径,案例背景；审计关注点；数据资料；分析方法；疑点发现；核查程序；整改启示,《004财政内控理论、实践与未来展望》映射为预算执行与财政管理场景的杂志案例算法，可用于案例检索、规则复用和底稿核查。
MAGCASE-0134,MAGBUD-0008,005厚植绩效理念坚持守土尽责，做深做实转移支付资金绩效评价工作,84,B,1,magazine_435_articles,财政监督,,D:\openclaw-workspace\knowledge\11-杂志文献\财政监督\005厚植绩效理念坚持守土尽责，做深做实转移支付资金绩效评价工作.md,预算执行与财政管理 / 财政与政府债务 / 绩效评价,杂志案例算法,违规；套取；损失；内控；真实性；绩效；偏离,台账；清单；凭证；支付；预算；指标；申报；资金,规则；指标；评价；核查；分析；研究；体系；机制；方法,案例背景；审计关注点；数据资料；分析方法；疑点发现；核查程序；整改启示,《005厚植绩效理念坚持守土尽责，做深做实转移支付资金绩效评价工作》映射为预算执行与财政管理场景的杂志案例算法，可用于案例检索、规则复用和底稿核查。
MAGCASE-0135,MAGSOC-0011,005新时代人大预算监督改革回顾与展望,84,B,1,magazine_435_articles,财政监督,,D:\openclaw-workspace\knowledge\11-杂志文献\财政监督\005新时代人大预算监督改革回顾与展望.md,民生与社保医保 / 预算执行与财政管理 / 招投标与政府采购,杂志案例算法,风险；真实性；绩效；违法,数据；支付；预算；决算；招标；绩效目标；资产；资金,算法；评价；分析；审查；研究；体系；路径；机制；方法；大数据,案例背景；审计关注点；数据资料；分析方法；疑点发现；核查程序；整改启示,《005新时代人大预算监督改革回顾与展望》映射为民生与社保医保场景的杂志案例算法，可用于案例检索、规则复用和底稿核查。
MAGCASE-0136,MAGAGR-0011,005紧紧围绕主题教育总要求推动财会监督高质量发展,84,B,1,magazine_435_articles,财政监督,,D:\openclaw-workspace\knowledge\11-杂志文献\财政监督\005紧紧围绕主题教育总要求推动财会监督高质量发展.md,农业农村审计 / 金融审计 / 财政与政府债务,杂志案例算法,违规；风险；违法,支付；预算；指标；资产；税收；资金；会计,算法；指标；核查；监测；分析；研究；体系；机制；方法,案例背景；审计关注点；数据资料；分析方法；疑点发现；核查程序；整改启示,《005紧紧围绕主题教育总要求推动财会监督高质量发展》映射为农业农村审计场景的杂志案例算法，可用于案例检索、规则复用和底稿核查。
MAGCASE-0137,MAGTAX-0006,005财政内部控制建设述评与展望,84,B,1,magazine_435_articles,财政监督,,D:\openclaw-workspace\knowledge\11-杂志文献\财政监督\005财政内部控制建设述评与展望.md,税务审计 / 预算执行与财政管理 / 财政与政府债务,杂志案例算法,违规；风险；舞弊；内控；绩效；预警；腐败,数据；预算；指标；审批；采购；资产；税收；资金；会计,指标；评价；预警；监测；识别；分析；审查；研究；体系；机制,案例背景；审计关注点；数据资料；分析方法；疑点发现；核查程序；整改启示,《005财政内部控制建设述评与展望》映射为税务审计场景的杂志案例算法，可用于案例检索、规则复用和底稿核查。
MAGCASE-0138,MAGFIN-0012,006把“两个结合”融人财政工作中,84,B,1,magazine_435_articles,财政监督,,D:\openclaw-workspace\knowledge\11-杂志文献\财政监督\006把“两个结合”融人财政工作中.md,金融审计 / 国企审计 / 监督检查与经费舞弊,杂志指标包,风险,税收；会计,评价；研究；体系；方法,案例背景；审计关注点；数据资料；分析方法；疑点发现；核查程序；整改启示,《006把“两个结合”融人财政工作中》映射为金融审计场景的杂志指标包，可用于案例检索、规则复用和底稿核查。
MAGCASE-0139,MAGBUD-0009,006财政运行综合绩效评价,84,B,1,magazine_435_articles,财政监督,,D:\openclaw-workspace\knowledge\11-杂志文献\财政监督\006财 政 运 行 综 合 绩 效 评 价.md,预算执行与财政管理 / 财政与政府债务 / 绩效评价,杂志案例算法,风险；绩效,支付；预算；指标,指标；评价；监测；分析；研究；体系；路径；方法,案例背景；审计关注点；数据资料；分析方法；疑点发现；核查程序；整改启示,《006财政运行综合绩效评价》映射为预算执行与财政管理场景的杂志案例算法，可用于案例检索、规则复用和底稿核查。
MAGCASE-0140,MAGFIN-0013,006财政监督论,84,B,1,magazine_435_articles,财政监督,,D:\openclaw-workspace\knowledge\11-杂志文献\财政监督\006财政监督论.md,金融审计 / 国企审计 / 监督检查与经费舞弊,杂志案例算法,挪用；违法,支付；预算；决算；审批；税收；资金；会计,算法；分析；审查；研究；体系；机制；方法,案例背景；审计关注点；数据资料；分析方法；疑点发现；核查程序；整改启示,《006财政监督论》映射为金融审计场景的杂志案例算法，可用于案例检索、规则复用和底稿核查。
MAGCASE-0141,MAGSUPV-0077,006预算绩效评价理念嬗变及基本问题,84,B,1,magazine_435_articles,财政监督,,D:\openclaw-workspace\knowledge\11-杂志文献\财政监督\006预算绩效评价理念嬗变及基本问题.md,监督检查与经费舞弊 / 全场景通用 / 金融审计,杂志案例算法,风险；缺陷；绩效；偏离；预警；形式主义,数据；凭证；支付；预算；指标；审批；绩效目标；税收；资金；会计,算法；模型；指标；评价；关联；预警；监测；分析；审查；研究,案例背景；审计关注点；数据资料；分析方法；疑点发现；核查程序；整改启示,《006预算绩效评价理念嬗变及基本问题》映射为监督检查与经费舞弊场景的杂志案例算法，可用于案例检索、规则复用和底稿核查。
MAGCASE-0142,MAGSOC-0012,007如何进一步强化财政暂付款监管,84,B,1,magazine_435_articles,财政监督,,D:\openclaw-workspace\knowledge\11-杂志文献\财政监督\007如何进一步强化财政暂付款监管.md,民生与社保医保 / 预算执行与财政管理 / 招投标与政府采购,杂志案例算法,违规；异常；风险；超预算；挪用；损失；低效；闲置；绩效；预警,数据；台账；清单；支付；预算；审批；结算；绩效目标；资产；资金,算法；评价；核查；预警；监测；测算；分析；审查；研究；体系,案例背景；审计关注点；数据资料；分析方法；疑点发现；核查程序；整改启示,《007如何进一步强化财政暂付款监管》映射为民生与社保医保场景的杂志案例算法，可用于案例检索、规则复用和底稿核查。
MAGCASE-0143,MAGBUD-0010,007把握重点突破难点逐步推进财政运行综合绩效评价全覆盖,84,B,1,magazine_435_articles,财政监督,,D:\openclaw-workspace\knowledge\11-杂志文献\财政监督\007把握重点突破难点逐步推进财政运行综合绩效评价全覆盖.md,预算执行与财政管理 / 财政与政府债务 / 绩效评价,杂志指标包,违规；完整性；绩效；违法,数据；支付；预算；指标；资金,指标；评价；关联；分析；研究；体系；机制；方法,案例背景；审计关注点；数据资料；分析方法；疑点发现；核查程序；整改启示,《007把握重点突破难点逐步推进财政运行综合绩效评价全覆盖》映射为预算执行与财政管理场景的杂志指标包，可用于案例检索、规则复用和底稿核查。
MAGCASE-0144,MAGSUPV-0078,007新时代政府预算绩效管理的现实与前瞻,84,B,1,magazine_435_articles,财政监督,,D:\openclaw-workspace\knowledge\11-杂志文献\财政监督\007新时代政府预算绩效管理的现实与前瞻.md,监督检查与经费舞弊 / 全场景通用 / 金融审计,杂志案例算法,风险；绩效,数据；明细；预算；指标；绩效目标；资产；资金；会计,指标；评价；识别；分析；审查；研究；体系；路径；机制；方法,案例背景；审计关注点；数据资料；分析方法；疑点发现；核查程序；整改启示,《007新时代政府预算绩效管理的现实与前瞻》映射为监督检查与经费舞弊场景的杂志案例算法，可用于案例检索、规则复用和底稿核查。
MAGCASE-0145,MAGBUD-0011,007财务运行综合绩效评价：怎么评？如何用？（上）,84,B,1,magazine_435_articles,财政监督,,D:\openclaw-workspace\knowledge\11-杂志文献\财政监督\007财务运行综合绩效评价：怎么评？如何用？（上）.md,预算执行与财政管理 / 财政与政府债务 / 绩效评价,杂志案例算法,风险；绩效,数据；支付；预算；指标,指标；评价；监测；分析；研究；体系；路径；方法,案例背景；审计关注点；数据资料；分析方法；疑点发现；核查程序；整改启示,《007财务运行综合绩效评价：怎么评？如何用？（上）》映射为预算执行与财政管理场景的杂志案例算法，可用于案例检索、规则复用和底稿核查。
MAGCASE-0146,MAGBUD-0012,008中国式现代化是以人为核心的现代化,84,B,1,magazine_435_articles,财政监督,,D:\openclaw-workspace\knowledge\11-杂志文献\财政监督\008中国式现代化是以人为核心的现代化.md,预算执行与财政管理 / 财政与政府债务 / 绩效评价,杂志案例算法,偏离,指标,指标；关联；研究；路径；数字化,案例背景；审计关注点；数据资料；分析方法；疑点发现；核查程序；整改启示,《008中国式现代化是以人为核心的现代化》映射为预算执行与财政管理场景的杂志案例算法，可用于案例检索、规则复用和底稿核查。
MAGCASE-0147,MAGBUD-0013,008成本预算绩效分析中的成本标准核定方法分析,84,B,1,magazine_435_articles,财政监督,,D:\openclaw-workspace\knowledge\11-杂志文献\财政监督\008成本预算绩效分析中的成本标准核定方法分析.md,预算执行与财政管理 / 财政与政府债务 / 绩效评价,杂志规则包,绩效,数据；预算；指标；绩效目标；缴纳；资金,指标；分析；检测；研究；体系；方法,案例背景；审计关注点；数据资料；分析方法；疑点发现；核查程序；整改启示,《008成本预算绩效分析中的成本标准核定方法分析》映射为预算执行与财政管理场景的杂志规则包，可用于案例检索、规则复用和底稿核查。
MAGCASE-0148,MAGBUD-0014,008探索构建符合省、市、县、乡镇特点多层次的财政运行综合绩效评价指标体系,84,B,1,magazine_435_articles,财政监督,,D:\openclaw-workspace\knowledge\11-杂志文献\财政监督\008探索构建符合省、市、县、乡镇特点多层次的财政运行综合绩效评价指标体系.md,预算执行与财政管理 / 财政与政府债务 / 绩效评价,杂志案例算法,风险；绩效；失真,数据；指标；绩效目标,指标；评价；分析；研究；体系；机制；数字化,案例背景；审计关注点；数据资料；分析方法；疑点发现；核查程序；整改启示,《008探索构建符合省、市、县、乡镇特点多层次的财政运行综合绩效评价指标体系》映射为预算执行与财政管理场景的杂志案例算法，可用于案例检索、规则复用和底稿核查。
MAGCASE-0149,MAGTAX-0007,008构建“三全”预算绩效管理体系做实财政运行综合绩效评价,84,B,1,magazine_435_articles,财政监督,,D:\openclaw-workspace\knowledge\11-杂志文献\财政监督\008构建“三全”预算绩效管理体系做实财政运行综 合绩效评价.md,税务审计 / 预算执行与财政管理 / 财政与政府债务,杂志案例算法,风险；绩效；预警,数据；支付；预算；决算；指标；绩效目标；资产；税收；资金；会计,指标；评价；关联；预警；监测；分析；研究；体系；机制；方法,案例背景；审计关注点；数据资料；分析方法；疑点发现；核查程序；整改启示,《008构建“三全”预算绩效管理体系做实财政运行综合绩效评价》映射为税务审计场景的杂志案例算法，可用于案例检索、规则复用和底稿核查。
MAGCASE-0150,MAGAGR-0012,009因地制宜探索创新财政运行综合绩效评价实践,84,B,1,magazine_435_articles,财政监督,,D:\openclaw-workspace\knowledge\11-杂志文献\财政监督\009因地制宜探索创新财政运行综合绩效评价实践.md,农业农村审计 / 金融审计 / 财政与政府债务,杂志案例算法,风险；完整性；绩效；腐败,数据；预算；指标；样本；结算；税收；资金,模型；指标；评价；评分；分析；研究；体系；路径；机制；方法,案例背景；审计关注点；数据资料；分析方法；疑点发现；核查程序；整改启示,《009因地制宜探索创新财政运行综合绩效评价实践》映射为农业农村审计场景的杂志案例算法，可用于案例检索、规则复用和底稿核查。
MAGCASE-0151,MAGBUD-0015,009多措并举推进财政运行综合绩效评价结果运用,84,B,1,magazine_435_articles,财政监督,,D:\openclaw-workspace\knowledge\11-杂志文献\财政监督\009多措并举推进财政运行综合绩效评价结果运用.md,预算执行与财政管理 / 财政与政府债务 / 绩效评价,杂志案例算法,风险；绩效,数据；支付；预算；指标；报表；资金,指标；评价；监测；识别；分析；体系；机制；大数据,案例背景；审计关注点；数据资料；分析方法；疑点发现；核查程序；整改启示,《009多措并举推进财政运行综合绩效评价结果运用》映射为预算执行与财政管理场景的杂志案例算法，可用于案例检索、规则复用和底稿核查。
MAGCASE-0152,MAGSUPV-0079,009牢基础、强监管：新时代改进代理记账工作再加力(上),84,B,1,magazine_435_articles,财政监督,,D:\openclaw-workspace\knowledge\11-杂志文献\财政监督\009牢基础、强监管：新时代改进代理记 账工作再加力(上).md,监督检查与经费舞弊 / 全场景通用 / 金融审计,杂志案例算法,违规；风险；虚假；重复；真实性；完整性；绩效；违法；漏洞,数据；支付；报表；审批；招标；申报；会计,核查；分析；研究；体系；机制；方法；数字化；大数据,案例背景；审计关注点；数据资料；分析方法；疑点发现；核查程序；整改启示,《009牢基础、强监管：新时代改进代理记账工作再加力(上)》映射为监督检查与经费舞弊场景的杂志案例算法，可用于案例检索、规则复用和底稿核查。
MAGCASE-0153,MAGSOC-0013,010关于数字化转型背景下政务信息化项目事前绩效评估的思考,84,B,1,magazine_435_articles,财政监督,,D:\openclaw-workspace\knowledge\11-杂志文献\财政监督\010关于数字化转型背景下政务信息化项目事前绩效评估的思考.md,民生与社保医保 / 预算执行与财政管理 / 招投标与政府采购,杂志案例算法,风险；重复；闲置；完整性；绩效；偏离,数据；清单；预算；指标；项目库；审批；招标；绩效目标；资金,规则；指标；评价；关联；测算；研究；体系；机制；方法；数字化,案例背景；审计关注点；数据资料；分析方法；疑点发现；核查程序；整改启示,《010关于数字化转型背景下政务信息化项目事前绩效评估的思考》映射为民生与社保医保场景的杂志案例算法，可用于案例检索、规则复用和底稿核查。
MAGCASE-0154,MAGFIN-0014,010推动财政重点绩效评价结果应用的思考,84,B,1,magazine_435_articles,财政监督,,D:\openclaw-workspace\knowledge\11-杂志文献\财政监督\010推动财政重点绩效评价结果应用的思考.md,金融审计 / 国企审计 / 监督检查与经费舞弊,杂志案例算法,违规；风险；重复；低效；完整性；绩效,数据；台账；清单；支付；预算；决算；指标；项目库；采购；绩效目标,算法；规则；指标；评价；评分；核查；关联；测算；分析；审查,案例背景；审计关注点；数据资料；分析方法；疑点发现；核查程序；整改启示,《010推动财政重点绩效评价结果应用的思考》映射为金融审计场景的杂志案例算法，可用于案例检索、规则复用和底稿核查。
MAGCASE-0155,MAGBUD-0016,010部门整体支出绩效评价框架体系优化设计,84,B,1,magazine_435_articles,财政监督,,D:\openclaw-workspace\knowledge\11-杂志文献\财政监督\010部门整体支出绩效评价框架体系优化设计.md,预算执行与财政管理 / 财政与政府债务 / 绩效评价,杂志案例算法,缺陷；完整性；绩效；偏离,数据；清单；预算；决算；指标；报表；审批；采购；绩效目标；资产,模型；指标；评价；关联；分析；审查；研究；体系；机制；方法,案例背景；审计关注点；数据资料；分析方法；疑点发现；核查程序；整改启示,《010部门整体支出绩效评价框架体系优化设计》映射为预算执行与财政管理场景的杂志案例算法，可用于案例检索、规则复用和底稿核查。
MAGCASE-0156,MAGBUD-0017,011关于基层出台财政部门预算绩效评价工作实施细则的设想,84,B,1,magazine_435_articles,财政监督,,D:\openclaw-workspace\knowledge\11-杂志文献\财政监督\011关于基层出台财政部门预算绩效评价工作实施细则的设想.md,预算执行与财政管理 / 财政与政府债务 / 绩效评价,杂志案例算法,重复；超预算；内控；绩效；偏离；预警；漏洞；形式主义,数据；预算；指标；审批；绩效目标；资金,指标；评价；核查；预警；测算；分析；研究；体系；机制；方法,案例背景；审计关注点；数据资料；分析方法；疑点发现；核查程序；整改启示,《011关于基层出台财政部门预算绩效评价工作实施细则的设想》映射为预算执行与财政管理场景的杂志案例算法，可用于案例检索、规则复用和底稿核查。
MAGCASE-0157,MAGSOC-0014,011打造政策绩效评估新模式助力实体经济高质量发展,84,B,1,magazine_435_articles,财政监督,,D:\openclaw-workspace\knowledge\11-杂志文献\财政监督\011打造政策绩效评估新模式助力实体经济高质量发展.md,民生与社保医保 / 预算执行与财政管理 / 招投标与政府采购,杂志案例算法,风险；重复；不合规；绩效,数据；清单；预算；指标；问卷；申报；税收；资金,规则；指标；评价；评分；比对；关联；测算；分析；审查；研究,案例背景；审计关注点；数据资料；分析方法；疑点发现；核查程序；整改启示,《011打造政策绩效评估新模式助力实体经济高质量发展》映射为民生与社保医保场景的杂志案例算法，可用于案例检索、规则复用和底稿核查。
MAGCASE-0158,MAGSUPV-0080,011深化结果应用推进财政“大绩效”管理提质增效,84,B,1,magazine_435_articles,财政监督,,D:\openclaw-workspace\knowledge\11-杂志文献\财政监督\011深化结果应用推进财政“大绩效”管理提质增效.md,监督检查与经费舞弊 / 全场景通用 / 金融审计,杂志指标包,重复；低效；绩效；隐患,数据；清单；合同；预算；指标；审批；采购；绩效目标；资产；申报,指标；评价；关联；分析；审查；研究；体系；路径；机制；方法,案例背景；审计关注点；数据资料；分析方法；疑点发现；核查程序；整改启示,《011深化结果应用推进财政“大绩效”管理提质增效》映射为监督检查与经费舞弊场景的杂志指标包，可用于案例检索、规则复用和底稿核查。
MAGCASE-0159,MAGSOC-0015,012全面实施预算绩效管理的地方实践,84,B,1,magazine_435_articles,财政监督,,D:\openclaw-workspace\knowledge\11-杂志文献\财政监督\012全面实施预算绩效管理的地方实践.md,民生与社保医保 / 预算执行与财政管理 / 招投标与政府采购,杂志案例算法,绩效；偏离；预警,数据；台账；预算；决算；指标；项目库；绩效目标；申报；资金,指标；评价；预警；分析；审查；研究；体系；路径；机制；方法,案例背景；审计关注点；数据资料；分析方法；疑点发现；核查程序；整改启示,《012全面实施预算绩效管理的地方实践》映射为民生与社保医保场景的杂志案例算法，可用于案例检索、规则复用和底稿核查。
MAGCASE-0160,MAGSOC-0016,012绩效管理导向下派出所经费保障的全成本分析,84,B,1,magazine_435_articles,财政监督,,D:\openclaw-workspace\knowledge\11-杂志文献\财政监督\012绩效管理导向下派出所经费保障的全成本分析.md,民生与社保医保 / 预算执行与财政管理 / 招投标与政府采购,杂志案例算法,异常；低效；绩效,数据；合同；预算；采购；资产；资金,模型；测算；分析；研究；体系；路径；机制；方法；大数据,案例背景；审计关注点；数据资料；分析方法；疑点发现；核查程序；整改启示,《012绩效管理导向下派出所经费保障的全成本分析》映射为民生与社保医保场景的杂志案例算法，可用于案例检索、规则复用和底稿核查。
MAGCASE-0161,MAGAGR-0013,012衔接推进乡村振兴补助资金绩效评价实践探索,84,B,1,magazine_435_articles,财政监督,,D:\openclaw-workspace\knowledge\11-杂志文献\财政监督\012衔接推进乡村振兴补助资金绩效评价实践探索.md,农业农村审计 / 金融审计 / 财政与政府债务,杂志案例算法,违规；风险；真实性；绩效；隐患,数据；明细；合同；凭证；流水；预算；指标；项目库；问卷；报表,指标；评价；核查；监测；分析；验证；体系；机制,案例背景；审计关注点；数据资料；分析方法；疑点发现；核查程序；整改启示,《012衔接推进乡村振兴补助资金绩效评价实践探索》映射为农业农村审计场景的杂志案例算法，可用于案例检索、规则复用和底稿核查。
MAGCASE-0162,MAGBUD-0018,013基于业财融合的中央高校预算绩效管理实践探讨,84,B,1,magazine_435_articles,财政监督,,D:\openclaw-workspace\knowledge\11-杂志文献\财政监督\013基于业财融合的中央高校预算绩效管理实践探讨.md,预算执行与财政管理 / 财政与政府债务 / 绩效评价,杂志案例算法,违规；风险；重复；内控；绩效,数据；预算；决算；指标；审批；绩效目标；资产；申报；资金,算法；模型；规则；指标；评价；分析；审查；研究；体系；路径,案例背景；审计关注点；数据资料；分析方法；疑点发现；核查程序；整改启示,《013基于业财融合的中央高校预算绩效管理实践探讨》映射为预算执行与财政管理场景的杂志案例算法，可用于案例检索、规则复用和底稿核查。
MAGCASE-0163,MAGTAX-0008,013巩固深化主题教育成果推动财政监管工作走深走实,84,B,1,magazine_435_articles,财政监督,,D:\openclaw-workspace\knowledge\11-杂志文献\财政监督\013巩固深化主题教育成果推动财政监管工作走深走实.md,税务审计 / 预算执行与财政管理 / 财政与政府债务,杂志案例算法,违规；绩效,数据；台账；清单；凭证；支付；预算；报表；资产；资金,比对；核查；分析；研究；机制；方法；大数据,案例背景；审计关注点；数据资料；分析方法；疑点发现；核查程序；整改启示,《013巩固深化主题教育成果推动财政监管工作走深走实》映射为税务审计场景的杂志案例算法，可用于案例检索、规则复用和底稿核查。
MAGCASE-0164,MAGSUPV-0081,013深化绩效改革与财会监督贯通协调的探讨,84,B,1,magazine_435_articles,财政监督,,D:\openclaw-workspace\knowledge\11-杂志文献\财政监督\013深化绩效改革与财会监督贯通协调的探讨.md,监督检查与经费舞弊 / 全场景通用 / 金融审计,杂志案例算法,违规；绩效；预警；违法,支付；预算；指标；报表；采购；绩效目标；资产；资金；会计,指标；评价；预警；分析；体系；机制；方法,案例背景；审计关注点；数据资料；分析方法；疑点发现；核查程序；整改启示,《013深化绩效改革与财会监督贯通协调的探讨》映射为监督检查与经费舞弊场景的杂志案例算法，可用于案例检索、规则复用和底稿核查。
MAGCASE-0165,MAGSOC-0017,014提升政府购买服务监管质效,84,B,1,magazine_435_articles,财政监督,,D:\openclaw-workspace\knowledge\11-杂志文献\财政监督\014提升政府购买服务监管质效.md,民生与社保医保 / 预算执行与财政管理 / 招投标与政府采购,杂志案例算法,违规；风险；重复；超标；内控；绩效；预警,数据；清单；明细；合同；支付；预算；决算；指标；采购；招标,指标；评价；核查；预警；测算；分析；机制,案例背景；审计关注点；数据资料；分析方法；疑点发现；核查程序；整改启示,《014提升政府购买服务监管质效》映射为民生与社保医保场景的杂志案例算法，可用于案例检索、规则复用和底稿核查。
MAGCASE-0166,MAGBUD-0019,014提升行政事业单位财会监督质效的思考,84,B,1,magazine_435_articles,财政监督,,D:\openclaw-workspace\knowledge\11-杂志文献\财政监督\014提升行政事业单位财会监督质效的思考.md,预算执行与财政管理 / 财政与政府债务 / 绩效评价,杂志指标包,违规；风险；内控；真实性；完整性；绩效；违法,数据；清单；合同；凭证；预算；指标；报表；审批；采购；资产,指标；评价；分析；体系；路径；机制；方法,案例背景；审计关注点；数据资料；分析方法；疑点发现；核查程序；整改启示,《014提升行政事业单位财会监督质效的思考》映射为预算执行与财政管理场景的杂志指标包，可用于案例检索、规则复用和底稿核查。
MAGCASE-0167,MAGSOC-0018,014数智化赋能财会监督人才培养研究,84,B,1,magazine_435_articles,财政监督,,D:\openclaw-workspace\knowledge\11-杂志文献\财政监督\014数智化赋能财会监督人才培养研究.md,民生与社保医保 / 预算执行与财政管理 / 招投标与政府采购,杂志案例算法,风险；重复；缺陷；预警,数据；预算；资金；会计,评价；抽样；预警；识别；分析；研究；体系；路径；机制；方法,案例背景；审计关注点；数据资料；分析方法；疑点发现；核查程序；整改启示,《014数智化赋能财会监督人才培养研究》映射为民生与社保医保场景的杂志案例算法，可用于案例检索、规则复用和底稿核查。
MAGCASE-0168,MAGSUPV-0082,015应用“区块链”提升财会监督能力的探讨,84,B,1,magazine_435_articles,财政监督,,D:\openclaw-workspace\knowledge\11-杂志文献\财政监督\015应用“区块链”提升财会监督能力的探讨.md,监督检查与经费舞弊 / 全场景通用 / 金融审计,杂志案例算法,违规；异常；风险；重复；挪用；损失；截留；真实性；绩效；预警,数据；合同；发票；支付；流水；预算；决算；指标；审批；采购,算法；模型；规则；指标；评价；核查；穿透；关联；抽样；预警,案例背景；审计关注点；数据资料；分析方法；疑点发现；核查程序；整改启示,《015应用“区块链”提升财会监督能力的探讨》映射为监督检查与经费舞弊场景的杂志案例算法，可用于案例检索、规则复用和底稿核查。
MAGCASE-0169,MAGSUPV-0083,015财会监督横向协同与纵向联动实践探索,84,B,1,magazine_435_articles,财政监督,,D:\openclaw-workspace\knowledge\11-杂志文献\财政监督\015财会监督横向协同与纵向联动实践探索.md,监督检查与经费舞弊 / 全场景通用 / 金融审计,杂志案例算法,违规；风险；低效；内控；不合规；绩效；预警；违法；漏洞,数据；凭证；支付；预算；指标；报表；采购；绩效目标；资产；申报,规则；指标；评价；核查；关联；预警；识别；分析；审查；研究,案例背景；审计关注点；数据资料；分析方法；疑点发现；核查程序；整改启示,《015财会监督横向协同与纵向联动实践探索》映射为监督检查与经费舞弊场景的杂志案例算法，可用于案例检索、规则复用和底稿核查。
MAGCASE-0170,MAGBUD-0020,015高质量推进财会监督人才库建设,84,B,1,magazine_435_articles,财政监督,,D:\openclaw-workspace\knowledge\11-杂志文献\财政监督\015高质量推进财会监督人才库建设.md,预算执行与财政管理 / 财政与政府债务 / 绩效评价,杂志案例算法,风险；内控；绩效；预警；违法,数据；凭证；预算；指标；采购；资产；资金；会计,指标；评价；关联；预警；分析；研究；体系；机制；方法；数字化,案例背景；审计关注点；数据资料；分析方法；疑点发现；核查程序；整改启示,《015高质量推进财会监督人才库建设》映射为预算执行与财政管理场景的杂志案例算法，可用于案例检索、规则复用和底稿核查。
MAGCASE-0171,MAGTAX-0009,016基于预算管理一体化的内控信息化路径探索,84,B,1,magazine_435_articles,财政监督,,D:\openclaw-workspace\knowledge\11-杂志文献\财政监督\016基于预算管理一体化的内控信息化路径探索.md,税务审计 / 预算执行与财政管理 / 财政与政府债务,杂志案例算法,违规；异常；风险；内控；缺陷；绩效；预警；隐患；漏洞,数据；支付；预算；决算；指标；项目库；报表；采购；税收；资金,规则；指标；评价；预警；分析；研究；体系；路径；机制；大数据,案例背景；审计关注点；数据资料；分析方法；疑点发现；核查程序；整改启示,《016基于预算管理一体化的内控信息化路径探索》映射为税务审计场景的杂志案例算法，可用于案例检索、规则复用和底稿核查。
MAGCASE-0172,MAGBUD-0021,016推进内控考评深化内控管理,84,B,1,magazine_435_articles,财政监督,,D:\openclaw-workspace\knowledge\11-杂志文献\财政监督\016推进内控考评深化内控管理.md,预算执行与财政管理 / 财政与政府债务 / 绩效评价,杂志指标包,风险；内控；隐患；漏洞,台账；支付；预算；决算；指标；审批；资金,指标；评价；体系；机制；方法,案例背景；审计关注点；数据资料；分析方法；疑点发现；核查程序；整改启示,《016推进内控考评深化内控管理》映射为预算执行与财政管理场景的杂志指标包，可用于案例检索、规则复用和底稿核查。
MAGCASE-0173,MAGAGR-0014,016财政部宁波监管局,84,B,1,magazine_435_articles,财政监督,,D:\openclaw-workspace\knowledge\11-杂志文献\财政监督\016财政部宁波监管局.md,农业农村审计 / 金融审计 / 财政与政府债务,杂志指标包,完整性；绩效,预算；指标；绩效目标；申报；资金,指标；评价；测算；分析；研究；体系；机制；方法,案例背景；审计关注点；数据资料；分析方法；疑点发现；核查程序；整改启示,《016财政部宁波监管局》映射为农业农村审计场景的杂志指标包，可用于案例检索、规则复用和底稿核查。
MAGCASE-0174,MAGSOC-0019,017医疗保障经办机构内控制度建设的实践困境与路径优化,84,B,1,magazine_435_articles,财政监督,,D:\openclaw-workspace\knowledge\11-杂志文献\财政监督\017医疗保障经办机构内控制度建设的实践困境与路径优化.md,民生与社保医保 / 预算执行与财政管理 / 招投标与政府采购,杂志内控包,违规；异常；风险；重复；内控；不合规；真实性；绩效；预警；违法,数据；台账；支付；决算；指标；保单；审批；结算；申报；缴纳,指标；评价；核查；预警；审查；研究；体系；路径；机制；方法,案例背景；审计关注点；数据资料；分析方法；疑点发现；核查程序；整改启示,《017医疗保障经办机构内控制度建设的实践困境与路径优化》映射为民生与社保医保场景的杂志内控包，可用于案例检索、规则复用和底稿核查。
MAGCASE-0175,MAGBUD-0022,017抓纲举目促规范积厚成势启新程,84,B,1,magazine_435_articles,财政监督,,D:\openclaw-workspace\knowledge\11-杂志文献\财政监督\017抓纲举目促规范积厚成势启新程.md,预算执行与财政管理 / 财政与政府债务 / 绩效评价,杂志内控包,违规；风险；内控；缺陷；真实性；完整性；预警；隐患；漏洞,数据；清单；合同；凭证；预算；决算；报表；审批；采购；资产,预警；分析；审查；体系；机制,案例背景；审计关注点；数据资料；分析方法；疑点发现；核查程序；整改启示,《017抓纲举目促规范积厚成势启新程》映射为预算执行与财政管理场景的杂志内控包，可用于案例检索、规则复用和底稿核查。
MAGCASE-0176,MAGAGR-0015,017省直管县后财政转移支付问题研究,84,B,1,magazine_435_articles,财政监督,,D:\openclaw-workspace\knowledge\11-杂志文献\财政监督\017省直管县后财政转移支付问题研究.md,农业农村审计 / 金融审计 / 财政与政府债务,杂志案例算法,风险；绩效；偏离,数据；支付；预算；指标；项目库；审批；绩效目标；资产；申报；税收,算法；指标；评价；监测；测算；分析；研究；体系；路径；机制,案例背景；审计关注点；数据资料；分析方法；疑点发现；核查程序；整改启示,《017省直管县后财政转移支付问题研究》映射为农业农村审计场景的杂志案例算法，可用于案例检索、规则复用和底稿核查。
MAGCASE-0177,MAGAGR-0016,018人人充当监督员助力县域经济高质量发展,84,B,1,magazine_435_articles,财政监督,,D:\openclaw-workspace\knowledge\11-杂志文献\财政监督\018人人充当监督员助力县域经济高质量发展.md,农业农村审计 / 金融审计 / 财政与政府债务,杂志案例算法,违规；风险；重复；不合规；真实性；完整性；绩效；预警；漏洞,数据；支付；预算；决算；指标；项目库；报表；审批；采购；投标,算法；指标；评价；预警；测算；分析；研究；体系；机制,案例背景；审计关注点；数据资料；分析方法；疑点发现；核查程序；整改启示,《018人人充当监督员助力县域经济高质量发展》映射为农业农村审计场景的杂志案例算法，可用于案例检索、规则复用和底稿核查。
MAGCASE-0178,MAGSOC-0020,018按效付费下的PPP项目物有所值目标研究,84,B,1,magazine_435_articles,财政监督,,D:\openclaw-workspace\knowledge\11-杂志文献\财政监督\018按效付费下的PPP 项目物有所值目标研究.md,民生与社保医保 / 预算执行与财政管理 / 招投标与政府采购,杂志案例算法,风险；真实性；完整性；绩效,数据；合同；支付；指标；报表；审批；招标；绩效目标；资金；会计,指标；评价；评分；比对；监测；识别；测算；分析；检测；研究,案例背景；审计关注点；数据资料；分析方法；疑点发现；核查程序；整改启示,《018按效付费下的PPP项目物有所值目标研究》映射为民生与社保医保场景的杂志案例算法，可用于案例检索、规则复用和底稿核查。
MAGCASE-0179,MAGAGR-0017,018碳中和目标下德国绿色预算实践的审视与借鉴,84,B,1,magazine_435_articles,财政监督,,D:\openclaw-workspace\knowledge\11-杂志文献\财政监督\018碳中和目标下德国绿色预算实践的审视与借鉴.md,农业农村审计 / 金融审计 / 财政与政府债务,杂志案例算法,风险；绩效,支付；预算；采购；能耗；碳排放；税收；资金；审计报告,评价；监测；测算；分析；审查；研究；体系；路径；机制；方法,案例背景；审计关注点；数据资料；分析方法；疑点发现；核查程序；整改启示,《018碳中和目标下德国绿色预算实践的审视与借鉴》映射为农业农村审计场景的杂志案例算法，可用于案例检索、规则复用和底稿核查。
MAGCASE-0180,MAGFIN-0015,019政府引导基金中财政资金的体制性困境与出路,84,B,1,magazine_435_articles,财政监督,,D:\openclaw-workspace\knowledge\11-杂志文献\财政监督\019政府引导基金中财政资金的体制性困境与出路.md,金融审计 / 国企审计 / 监督检查与经费舞弊,杂志案例算法,风险；损失；低效；闲置；缺陷；绩效；偏离,数据；指标；资产；资金,指标；评价；监测；分析；研究；体系；路径；机制,案例背景；审计关注点；数据资料；分析方法；疑点发现；核查程序；整改启示,《019政府引导基金中财政资金的体制性困境与出路》映射为金融审计场景的杂志案例算法，可用于案例检索、规则复用和底稿核查。
MAGCASE-0181,MAGBUD-0023,019新政府会计制度下事业单位固定资产管理问题及优化研究,84,B,1,magazine_435_articles,财政监督,,D:\openclaw-workspace\knowledge\11-杂志文献\财政监督\019新政府会计制度下事业单位固定资产管理 问题及优化研究.md,预算执行与财政管理 / 财政与政府债务 / 绩效评价,杂志内控包,风险；重复；损失；闲置；绩效；偏离,数据；清单；预算；指标；报表；审批；采购；资产；申报；资金,模型；指标；评价；监测；识别；分析；研究；体系；机制；方法,案例背景；审计关注点；数据资料；分析方法；疑点发现；核查程序；整改启示,《019新政府会计制度下事业单位固定资产管理问题及优化研究》映射为预算执行与财政管理场景的杂志内控包，可用于案例检索、规则复用和底稿核查。
MAGCASE-0182,MAGBUD-0024,019浅析科学事业单位基本建设经费管理,84,B,1,magazine_435_articles,财政监督,,D:\openclaw-workspace\knowledge\11-杂志文献\财政监督\019浅析科学事业单位基本建设经费管理.md,预算执行与财政管理 / 财政与政府债务 / 绩效评价,杂志规则包,风险；内控；不合规；真实性；腐败,数据；台账；明细；合同；发票；凭证；支付；预算；决算；报表,规则；分析；研究；体系；路径；机制,案例背景；审计关注点；数据资料；分析方法；疑点发现；核查程序；整改启示,《019浅析科学事业单位基本建设经费管理》映射为预算执行与财政管理场景的杂志规则包，可用于案例检索、规则复用和底稿核查。
MAGCASE-0183,MAGTAX-0010,020企业构建世界一流财务管理体系的实践探索,84,B,1,magazine_435_articles,财政监督,,D:\openclaw-workspace\knowledge\11-杂志文献\财政监督\020企业构建世界一流财务管理体系的实践探索.md,税务审计 / 预算执行与财政管理 / 财政与政府债务,杂志案例算法,风险；重复；低效；真实性；完整性；绩效,数据；支付；预算；指标；审批；结算；资金；会计,指标；穿透；关联；分析；研究；体系；路径；机制；方法；数字化,案例背景；审计关注点；数据资料；分析方法；疑点发现；核查程序；整改启示,《020企业构建世界一流财务管理体系的实践探索》映射为税务审计场景的杂志案例算法，可用于案例检索、规则复用和底稿核查。
MAGCASE-0184,MAGBUD-0025,020内部模拟市场助力企业提质增效,84,B,1,magazine_435_articles,财政监督,,D:\openclaw-workspace\knowledge\11-杂志文献\财政监督\020内部模拟市场助力企业提质增效.md,预算执行与财政管理 / 财政与政府债务 / 绩效评价,杂志案例算法,重复；绩效,数据；清单；明细；预算；指标；采购；结算；资产,模型；规则；指标；评价；比对；关联；识别；测算；分析；研究,案例背景；审计关注点；数据资料；分析方法；疑点发现；核查程序；整改启示,《020内部模拟市场助力企业提质增效》映射为预算执行与财政管理场景的杂志案例算法，可用于案例检索、规则复用和底稿核查。
MAGCASE-0185,MAGSOC-0021,020防范地方政府性债务风险的对策建议,84,B,1,magazine_435_articles,财政监督,,D:\openclaw-workspace\knowledge\11-杂志文献\财政监督\020防范地方政府性债务风险的对策建议.md,民生与社保医保 / 预算执行与财政管理 / 招投标与政府采购,杂志案例算法,违规；风险；预警；违法,数据；支付；预算；指标；资产；税收；资金；会计,算法；指标；评价；关联；预警；识别；测算；分析；研究；体系,案例背景；审计关注点；数据资料；分析方法；疑点发现；核查程序；整改启示,《020防范地方政府性债务风险的对策建议》映射为民生与社保医保场景的杂志案例算法，可用于案例检索、规则复用和底稿核查。
MAGCASE-0186,MAGSUPV-0084,021ERP审计模块在大型企业内部审计中的应用探析,84,B,1,magazine_435_articles,财政监督,,D:\openclaw-workspace\knowledge\11-杂志文献\财政监督\021ERP审计模块在大型企业内部审计中的应用探析.md,监督检查与经费舞弊 / 全场景通用 / 金融审计,杂志案例算法,违规；异常；风险；完整性；预警,数据；台账；清单；明细；合同；发票；凭证；支付；决算；指标,模型；指标；评价；核查；关联；抽样；预警；监测；识别；分析,案例背景；审计关注点；数据资料；分析方法；疑点发现；核查程序；整改启示,《021ERP审计模块在大型企业内部审计中的应用探析》映射为监督检查与经费舞弊场景的杂志案例算法，可用于案例检索、规则复用和底稿核查。
MAGCASE-0187,MAGTAX-0011,021基于平衡记分卡的Z烟草工业企业综合绩效管理体系构建,84,B,1,magazine_435_articles,财政监督,,D:\openclaw-workspace\knowledge\11-杂志文献\财政监督\021基于平衡记分卡的Z 烟草工业企业综合绩效管理体系构建.md,税务审计 / 预算执行与财政管理 / 财政与政府债务,杂志案例算法,风险；缺陷；绩效,数据；明细；指标；绩效目标；资产；税收；资金,模型；指标；评价；评分；分析；研究；体系；机制；方法；数字化,案例背景；审计关注点；数据资料；分析方法；疑点发现；核查程序；整改启示,《021基于平衡记分卡的Z烟草工业企业综合绩效管理体系构建》映射为税务审计场景的杂志案例算法，可用于案例检索、规则复用和底稿核查。
MAGCASE-0188,MAGBUD-0026,021电网信息资本项目全价值链财务数智化管控探索,84,B,1,magazine_435_articles,财政监督,,D:\openclaw-workspace\knowledge\11-杂志文献\财政监督\021电网信息资本项目全价值链财务数智化管控探索.md,预算执行与财政管理 / 财政与政府债务 / 绩效评价,杂志案例算法,异常；风险；重复；低效；缺陷；预警,数据；清单；明细；合同；支付；预算；决算；指标；项目库；报表,模型；规则；指标；评价；穿透；关联；预警；监测；识别；测算,案例背景；审计关注点；数据资料；分析方法；疑点发现；核查程序；整改启示,《021电网信息资本项目全价值链财务数智化管控探索》映射为预算执行与财政管理场景的杂志案例算法，可用于案例检索、规则复用和底稿核查。
MAGCASE-0189,MAGBUD-0027,022基于哈佛分析框架的Z烟草工业企业财务,84,B,1,magazine_435_articles,财政监督,,D:\openclaw-workspace\knowledge\11-杂志文献\财政监督\022基于哈佛分析框架的Z 烟草工业企业财务.md,预算执行与财政管理 / 财政与政府债务 / 绩效评价,杂志案例算法,风险；绩效；预警,数据；清单；指标；报表；采购；资产；资金；会计,算法；模型；指标；评价；关联；预警；监测；识别；测算；分析,案例背景；审计关注点；数据资料；分析方法；疑点发现；核查程序；整改启示,《022基于哈佛分析框架的Z烟草工业企业财务》映射为预算执行与财政管理场景的杂志案例算法，可用于案例检索、规则复用和底稿核查。
MAGCASE-0190,MAGBUD-0028,023新兴产业风险防控体系建设探索与实践,84,B,1,magazine_435_articles,财政监督,,D:\openclaw-workspace\knowledge\11-杂志文献\财政监督\023新兴产业风险防控体系建设探索与实践.md,预算执行与财政管理 / 财政与政府债务 / 绩效评价,杂志案例算法,风险；损失；闲置；内控；绩效；预警；隐患,数据；合同；指标；问卷；结算；资产,模型；规则；指标；评价；关联；预警；监测；识别；测算；分析,案例背景；审计关注点；数据资料；分析方法；疑点发现；核查程序；整改启示,《023新兴产业风险防控体系建设探索与实践》映射为预算执行与财政管理场景的杂志案例算法，可用于案例检索、规则复用和底稿核查。
MAGCASE-0191,MAGAGR-0018,中国式现代化进程中省以下财政体制改革探讨,84,B,1,magazine_435_articles,财政监督,,D:\openclaw-workspace\knowledge\11-杂志文献\财政监督\1.中国式现代化进程中省以下财政体制改革探讨.md,农业农村审计 / 金融审计 / 财政与政府债务,杂志指标包,违规；风险；绩效,支付；预算；决算；指标；税收；资金,规则；指标；关联；测算；分析；研究；体系；路径；机制；方法,案例背景；审计关注点；数据资料；分析方法；疑点发现；核查程序；整改启示,《中国式现代化进程中省以下财政体制改革探讨》映射为农业农村审计场景的杂志指标包，可用于案例检索、规则复用和底稿核查。
MAGCASE-0192,MAGBUD-0029,借专项行动东风寻常态化预算执行监督之道,84,B,1,magazine_435_articles,财政监督,,D:\openclaw-workspace\knowledge\11-杂志文献\财政监督\1.借专项行动东风寻常态化预算执行监督之道.md,预算执行与财政管理 / 财政与政府债务 / 绩效评价,杂志指标包,风险；绩效,支付；预算,评价；审查；研究；路径；机制；方法,案例背景；审计关注点；数据资料；分析方法；疑点发现；核查程序；整改启示,《借专项行动东风寻常态化预算执行监督之道》映射为预算执行与财政管理场景的杂志指标包，可用于案例检索、规则复用和底稿核查。
MAGCASE-0193,MAGSUPV-0085,关于进一步加强财会监督工作的意见,84,B,1,magazine_435_articles,财政监督,,D:\openclaw-workspace\knowledge\11-杂志文献\财政监督\1.关于进一步加强财会监督工作的意见.md,监督检查与经费舞弊 / 全场景通用 / 金融审计,杂志内控包,违规；风险；舞弊；虚假；不合规；真实性；完整性；绩效；预警；违法,数据；预算；采购；资产；税收；资金；会计,算法；评价；核查；穿透；预警；监测；识别；审查；研究；体系,案例背景；审计关注点；数据资料；分析方法；疑点发现；核查程序；整改启示,《关于进一步加强财会监督工作的意见》映射为监督检查与经费舞弊场景的杂志内控包，可用于案例检索、规则复用和底稿核查。
MAGCASE-0194,MAGBUD-0030,切实保障政府采购绩效评价脱虚向实,84,B,1,magazine_435_articles,财政监督,,D:\openclaw-workspace\knowledge\11-杂志文献\财政监督\1.切实保障政府采购绩效评价脱虚向实.md,预算执行与财政管理 / 财政与政府债务 / 绩效评价,杂志指标包,风险；真实性；绩效；形式主义,数据；预算；指标；采购；投标；绩效目标,规则；指标；评价；分析；验证；体系；机制,案例背景；审计关注点；数据资料；分析方法；疑点发现；核查程序；整改启示,《切实保障政府采购绩效评价脱虚向实》映射为预算执行与财政管理场景的杂志指标包，可用于案例检索、规则复用和底稿核查。
MAGCASE-0195,MAGBUD-0031,建立财会监督长效机制需要坚定对制度的信念,76,B,1,magazine_435_articles,财政监督,,D:\openclaw-workspace\knowledge\11-杂志文献\财政监督\1.建立财会监督长效机制需要坚定对制度的信念.md,预算执行与财政管理 / 财政与政府债务 / 绩效评价,杂志规则包,风险；漏洞；形式主义,,体系；机制,案例背景；审计关注点；数据资料；分析方法；疑点发现；核查程序；整改启示,《建立财会监督长效机制需要坚定对制度的信念》映射为预算执行与财政管理场景的杂志规则包，可用于案例检索、规则复用和底稿核查。
MAGCASE-0196,MAGBUD-0032,控制政务成本：城管制服舆情的启示,84,B,1,magazine_435_articles,财政监督,,D:\openclaw-workspace\knowledge\11-杂志文献\财政监督\1.控制政务成本：城管制服舆情的启示.md,预算执行与财政管理 / 财政与政府债务 / 绩效评价,杂志指标包,舞弊,采购；资金,评价；机制,案例背景；审计关注点；数据资料；分析方法；疑点发现；核查程序；整改启示,《控制政务成本：城管制服舆情的启示》映射为预算执行与财政管理场景的杂志指标包，可用于案例检索、规则复用和底稿核查。
MAGCASE-0197,MAGBUD-0033,提高人大预算审查监督的针对性和有效性,84,B,1,magazine_435_articles,财政监督,,D:\openclaw-workspace\knowledge\11-杂志文献\财政监督\1.提高人大预算审查监督的针对性和有效性.md,预算执行与财政管理 / 财政与政府债务 / 绩效评价,杂志指标包,违规；风险；舞弊；绩效；违法,支付；预算；项目库；资金,评价；审查；机制,案例背景；审计关注点；数据资料；分析方法；疑点发现；核查程序；整改启示,《提高人大预算审查监督的针对性和有效性》映射为预算执行与财政管理场景的杂志指标包，可用于案例检索、规则复用和底稿核查。
MAGCASE-0198,MAGSUPV-0086,浙江特色“三位一体”财会监督体系为助力共同富裕“打样”,84,B,1,magazine_435_articles,财政监督,,D:\openclaw-workspace\knowledge\11-杂志文献\财政监督\1.浙江特色“三位一体”财会监督体系 为助力共同富裕“打样”.md,监督检查与经费舞弊 / 全场景通用 / 金融审计,杂志案例算法,违规；异常；风险；舞弊；虚假；重复；损失；低效；内控；真实性,数据；台账；清单；明细；合同；凭证；支付；预算；决算；指标,规则；指标；评价；比对；核查；关联；预警；监测；识别；测算,案例背景；审计关注点；数据资料；分析方法；疑点发现；核查程序；整改启示,《浙江特色“三位一体”财会监督体系为助力共同富裕“打样”》映射为监督检查与经费舞弊场景的杂志案例算法，可用于案例检索、规则复用和底稿核查。
MAGCASE-0199,MAGSOC-0022,用好财政政策工具进一步推进经济回升向好,84,B,1,magazine_435_articles,财政监督,,D:\openclaw-workspace\knowledge\11-杂志文献\财政监督\1.用好财政政策工具进一步推进经济回升向好.md,民生与社保医保 / 预算执行与财政管理 / 招投标与政府采购,杂志指标包,风险；隐患,支付；采购；资金,分析,案例背景；审计关注点；数据资料；分析方法；疑点发现；核查程序；整改启示,《用好财政政策工具进一步推进经济回升向好》映射为民生与社保医保场景的杂志指标包，可用于案例检索、规则复用和底稿核查。
MAGCASE-0200,MAGAGR-0019,砥砺奋进谱写新时代财政改革发展新篇章,84,B,1,magazine_435_articles,财政监督,,D:\openclaw-workspace\knowledge\11-杂志文献\财政监督\1.砥砺奋进谱写新时代财政改革发展新篇章.md,农业农村审计 / 金融审计 / 财政与政府债务,杂志案例算法,风险；内控；绩效；预警,清单；支付；预算；资产；税收；资金；会计,算法；预警；监测；分析；研究；体系；机制,案例背景；审计关注点；数据资料；分析方法；疑点发现；核查程序；整改启示,《砥砺奋进谱写新时代财政改革发展新篇章》映射为农业农村审计场景的杂志案例算法，可用于案例检索、规则复用和底稿核查。
MAGCASE-0201,MAGBUD-0034,绩效评价的群众路线,84,B,1,magazine_435_articles,财政监督,,D:\openclaw-workspace\knowledge\11-杂志文献\财政监督\1.绩效评价的群众路线.md,预算执行与财政管理 / 财政与政府债务 / 绩效评价,杂志指标包,绩效,预算；资金,评价；体系,案例背景；审计关注点；数据资料；分析方法；疑点发现；核查程序；整改启示,《绩效评价的群众路线》映射为预算执行与财政管理场景的杂志指标包，可用于案例检索、规则复用和底稿核查。
MAGCASE-0202,MAGBUD-0035,让财政部门内部控制更具智慧,84,B,1,magazine_435_articles,财政监督,,D:\openclaw-workspace\knowledge\11-杂志文献\财政监督\1.让财政部门内部控制更具智慧.md,预算执行与财政管理 / 财政与政府债务 / 绩效评价,杂志案例算法,风险；舞弊；内控；绩效；预警,数据；预算；资金；会计,预警；监测；识别；分析；体系,案例背景；审计关注点；数据资料；分析方法；疑点发现；核查程序；整改启示,《让财政部门内部控制更具智慧》映射为预算执行与财政管理场景的杂志案例算法，可用于案例检索、规则复用和底稿核查。
MAGCASE-0203,MAGTAX-0012,财政政策评价的基本逻辑,84,B,1,magazine_435_articles,财政监督,,D:\openclaw-workspace\knowledge\11-杂志文献\财政监督\1.财政政策评价的基本逻辑.md,税务审计 / 预算执行与财政管理 / 财政与政府债务,杂志指标包,风险；绩效；腐败,支付；预算；税收；资金,评价；机制,案例背景；审计关注点；数据资料；分析方法；疑点发现；核查程序；整改启示,《财政政策评价的基本逻辑》映射为税务审计场景的杂志指标包，可用于案例检索、规则复用和底稿核查。
MAGCASE-0204,MAGAGR-0020,下级政府财政运行综合绩效评价的问题及优化思路,84,B,1,magazine_435_articles,财政监督,,D:\openclaw-workspace\knowledge\11-杂志文献\财政监督\10.下级政府财政运行综合绩效评价的问题及优化思路.md,农业农村审计 / 金融审计 / 财政与政府债务,杂志案例算法,违规；风险；闲置；截留；完整性；绩效,数据；支付；预算；决算；指标；采购；绩效目标；税收；资金；会计,模型；指标；评价；关联；分析；体系；机制；方法,案例背景；审计关注点；数据资料；分析方法；疑点发现；核查程序；整改启示,《下级政府财政运行综合绩效评价的问题及优化思路》映射为农业农村审计场景的杂志案例算法，可用于案例检索、规则复用和底稿核查。
MAGCASE-0205,MAGSOC-0023,共同富裕背景下财政促进就业政策绩效分析,84,B,1,magazine_435_articles,财政监督,,D:\openclaw-workspace\knowledge\11-杂志文献\财政监督\10.共同富裕背景下财政促进就业政策绩效分析.md,民生与社保医保 / 预算执行与财政管理 / 招投标与政府采购,杂志案例算法,重复；低效；绩效,数据；预算；指标；问卷；审批；申报；资金,指标；评价；抽样；识别；测算；分析；研究；体系；路径；机制,案例背景；审计关注点；数据资料；分析方法；疑点发现；核查程序；整改启示,《共同富裕背景下财政促进就业政策绩效分析》映射为民生与社保医保场景的杂志案例算法，可用于案例检索、规则复用和底稿核查。
MAGCASE-0206,MAGSOC-0024,关于全面深化预算绩效管理改革的实践与探索,84,B,1,magazine_435_articles,财政监督,,D:\openclaw-workspace\knowledge\11-杂志文献\财政监督\10.关于全面深化预算绩效管理改革的实践与探索.md,民生与社保医保 / 预算执行与财政管理 / 招投标与政府采购,杂志指标包,风险；重复；绩效；隐患,支付；预算；指标；采购；招标；绩效目标；税收；资金,指标；评价；测算；分析；研究；体系；路径；机制；方法；人工智能,案例背景；审计关注点；数据资料；分析方法；疑点发现；核查程序；整改启示,《关于全面深化预算绩效管理改革的实践与探索》映射为民生与社保医保场景的杂志指标包，可用于案例检索、规则复用和底稿核查。
MAGCASE-0207,MAGBUD-0036,基于事前绩效评估的预算绩效管理实践与思考,84,B,1,magazine_435_articles,财政监督,,D:\openclaw-workspace\knowledge\11-杂志文献\财政监督\10.基于事前绩效评估的预算绩效管理实践与思考.md,预算执行与财政管理 / 财政与政府债务 / 绩效评价,杂志指标包,绩效；隐患,明细；支付；预算；指标；项目库；审批；绩效目标；申报；资金,指标；评价；测算；分析；体系；机制；方法,案例背景；审计关注点；数据资料；分析方法；疑点发现；核查程序；整改启示,《基于事前绩效评估的预算绩效管理实践与思考》映射为预算执行与财政管理场景的杂志指标包，可用于案例检索、规则复用和底稿核查。
MAGCASE-0208,MAGBUD-0037,小议公众评判法在预算绩效管理中的运用,84,B,1,magazine_435_articles,财政监督,,D:\openclaw-workspace\knowledge\11-杂志文献\财政监督\10.小议公众评判法在预算绩效管理中的运用.md,预算执行与财政管理 / 财政与政府债务 / 绩效评价,杂志案例算法,真实性；完整性；绩效,数据；预算；指标；问卷；样本；绩效目标；资金,指标；评价；比对；抽样；分析；验证；检测；研究；机制；方法,案例背景；审计关注点；数据资料；分析方法；疑点发现；核查程序；整改启示,《小议公众评判法在预算绩效管理中的运用》映射为预算执行与财政管理场景的杂志案例算法，可用于案例检索、规则复用和底稿核查。
MAGCASE-0209,MAGBUD-0038,推进预算绩效管理的现实途径与实践探索,84,B,1,magazine_435_articles,财政监督,,D:\openclaw-workspace\knowledge\11-杂志文献\财政监督\10.推进预算绩效管理的现实途径与实践探索.md,预算执行与财政管理 / 财政与政府债务 / 绩效评价,杂志指标包,风险；低效；绩效,数据；台账；支付；预算；决算；指标；绩效目标；申报；资金,指标；评价；测算；分析；体系；路径；机制；方法,案例背景；审计关注点；数据资料；分析方法；疑点发现；核查程序；整改启示,《推进预算绩效管理的现实途径与实践探索》映射为预算执行与财政管理场景的杂志指标包，可用于案例检索、规则复用和底稿核查。
MAGCASE-0210,MAGBUD-0039,政府项目全生命周期管理流程标准化的可行路径,84,B,1,magazine_435_articles,财政监督,,D:\openclaw-workspace\knowledge\11-杂志文献\财政监督\10.政府项目全生命周期管理流程标准化的可行路径.md,预算执行与财政管理 / 财政与政府债务 / 绩效评价,杂志内控包,风险；内控；绩效；形式主义,数据；清单；明细；预算；指标；审批；采购；绩效目标；资产；申报,规则；指标；评价；关联；测算；分析；研究；体系；路径；机制,案例背景；审计关注点；数据资料；分析方法；疑点发现；核查程序；整改启示,《政府项目全生命周期管理流程标准化的可行路径》映射为预算执行与财政管理场景的杂志内控包，可用于案例检索、规则复用和底稿核查。
MAGCASE-0211,MAGAGR-0021,粮食主产区财政支农项目绩效评价探索,84,B,1,magazine_435_articles,财政监督,,D:\openclaw-workspace\knowledge\11-杂志文献\财政监督\10.粮食主产区财政支农项目绩效评价探索.md,农业农村审计 / 金融审计 / 财政与政府债务,杂志案例算法,损失；绩效,数据；清单；合同；预算；指标；问卷；采购；招标；投标；绩效目标,指标；评价；评分；核查；监测；分析；审查；研究；体系；机制,案例背景；审计关注点；数据资料；分析方法；疑点发现；核查程序；整改启示,《粮食主产区财政支农项目绩效评价探索》映射为农业农村审计场景的杂志案例算法，可用于案例检索、规则复用和底稿核查。
MAGCASE-0212,MAGAGR-0022,衔接推进乡村振兴补助资金省级评价体系构建路径探索,84,B,1,magazine_435_articles,财政监督,,D:\openclaw-workspace\knowledge\11-杂志文献\财政监督\10.衔接推进乡村振兴补助资金省级 评价体系构建路径探索.md,农业农村审计 / 金融审计 / 财政与政府债务,杂志案例算法,违规；绩效；偏离,支付；预算；指标；项目库；绩效目标；资产；申报；资金,指标；评价；评分；比对；监测；研究；体系；路径；机制,案例背景；审计关注点；数据资料；分析方法；疑点发现；核查程序；整改启示,《衔接推进乡村振兴补助资金省级评价体系构建路径探索》映射为农业农村审计场景的杂志案例算法，可用于案例检索、规则复用和底稿核查。
MAGCASE-0213,MAGSUPV-0087,论政府采购框架协议采购监督机制的完善,84,B,1,magazine_435_articles,财政监督,,D:\openclaw-workspace\knowledge\11-杂志文献\财政监督\10.论政府采购框架协议采购监督机制的完善.md,监督检查与经费舞弊 / 全场景通用 / 金融审计,杂志案例算法,违规；风险；内控；绩效；违法；腐败,合同；预算；采购；招标；资产；税收；资金；会计,规则；评价；分析；检测；研究；体系；路径；机制；方法,案例背景；审计关注点；数据资料；分析方法；疑点发现；核查程序；整改启示,《论政府采购框架协议采购监督机制的完善》映射为监督检查与经费舞弊场景的杂志案例算法，可用于案例检索、规则复用和底稿核查。
MAGCASE-0214,MAGFIN-0016,金融企业绩效评价指标体系回顾及展望,84,B,1,magazine_435_articles,财政监督,,D:\openclaw-workspace\knowledge\11-杂志文献\财政监督\10.金融企业绩效评价指标体系回顾及展望.md,金融审计 / 国企审计 / 监督检查与经费舞弊,杂志指标包,违规；风险；绩效；漏洞,数据；凭证；预算；指标；报表；资产；碳排放；资金；会计,规则；指标；评价；分析；审查；研究；体系；路径；机制；方法,案例背景；审计关注点；数据资料；分析方法；疑点发现；核查程序；整改启示,《金融企业绩效评价指标体系回顾及展望》映射为金融审计场景的杂志指标包，可用于案例检索、规则复用和底稿核查。
MAGCASE-0215,MAGSOC-0025,项目资金绩效指标体系建设思路分析,84,B,1,magazine_435_articles,财政监督,,D:\openclaw-workspace\knowledge\11-杂志文献\财政监督\10.项目资金绩效指标体系建设思路分析.md,民生与社保医保 / 预算执行与财政管理 / 招投标与政府采购,杂志案例算法,风险；缺陷；绩效,数据；支付；预算；指标；问卷；样本；绩效目标；资金,模型；指标；评价；评分；监测；分析；研究；体系；机制；方法,案例背景；审计关注点；数据资料；分析方法；疑点发现；核查程序；整改启示,《项目资金绩效指标体系建设思路分析》映射为民生与社保医保场景的杂志案例算法，可用于案例检索、规则复用和底稿核查。
MAGCASE-0216,MAGAGR-0023,乡村振兴背景下加强财政涉农资金绩效管理的探究,84,B,1,magazine_435_articles,财政监督,,D:\openclaw-workspace\knowledge\11-杂志文献\财政监督\11.乡村振兴背景下加强财政涉农资金绩效管理的探究.md,农业农村审计 / 金融审计 / 财政与政府债务,杂志指标包,重复；绩效；形式主义,数据；清单；合同；预算；指标；采购；绩效目标；资产；申报；资金,指标；评价；核查；测算；分析；研究；体系；路径；机制；方法,案例背景；审计关注点；数据资料；分析方法；疑点发现；核查程序；整改启示,《乡村振兴背景下加强财政涉农资金绩效管理的探究》映射为农业农村审计场景的杂志指标包，可用于案例检索、规则复用和底稿核查。
MAGCASE-0217,MAGSOC-0026,人才政策绩效评价及分析,84,B,1,magazine_435_articles,财政监督,,D:\openclaw-workspace\knowledge\11-杂志文献\财政监督\11.人才政策绩效评价及分析.md,民生与社保医保 / 预算执行与财政管理 / 招投标与政府采购,杂志案例算法,绩效,数据；合同；预算；指标；问卷；绩效目标；资金,模型；指标；评价；比对；关联；回归；分析；验证；研究；体系,案例背景；审计关注点；数据资料；分析方法；疑点发现；核查程序；整改启示,《人才政策绩效评价及分析》映射为民生与社保医保场景的杂志案例算法，可用于案例检索、规则复用和底稿核查。
MAGCASE-0218,MAGTAX-0013,国际航线补助绩效评价研究,84,B,1,magazine_435_articles,财政监督,,D:\openclaw-workspace\knowledge\11-杂志文献\财政监督\11.国际航线补助绩效评价研究.md,税务审计 / 预算执行与财政管理 / 财政与政府债务,杂志案例算法,绩效,数据；预算；指标；问卷；审批；投标；绩效目标；申报；税收；资金,指标；评价；关联；分析；研究；体系；路径；机制,案例背景；审计关注点；数据资料；分析方法；疑点发现；核查程序；整改启示,《国际航线补助绩效评价研究》映射为税务审计场景的杂志案例算法，可用于案例检索、规则复用和底稿核查。
MAGCASE-0219,MAGBUD-0040,基于预算绩效内控一体化的高校项目库管理研究,84,B,1,magazine_435_articles,财政监督,,D:\openclaw-workspace\knowledge\11-杂志文献\财政监督\11.基于预算绩效内控一体化的高校项目库管理研究.md,预算执行与财政管理 / 财政与政府债务 / 绩效评价,杂志案例算法,风险；滞留；内控；绩效；预警；错报,数据；合同；预算；决算；指标；项目库；审批；采购；招标；投标,指标；评价；预警；分析；研究；体系；路径；机制；方法；数字化,案例背景；审计关注点；数据资料；分析方法；疑点发现；核查程序；整改启示,《基于预算绩效内控一体化的高校项目库管理研究》映射为预算执行与财政管理场景的杂志案例算法，可用于案例检索、规则复用和底稿核查。
MAGCASE-0220,MAGBUD-0041,基于预算绩效管理系统的高校内控机制优化研究,84,B,1,magazine_435_articles,财政监督,,D:\openclaw-workspace\knowledge\11-杂志文献\财政监督\11.基于预算绩效管理系统的高校内控机制优化研究.md,预算执行与财政管理 / 财政与政府债务 / 绩效评价,杂志案例算法,异常；风险；内控；绩效；偏离；预警,数据；支付；预算；指标；项目库；采购；绩效目标；资产；申报；资金,模型；指标；评价；关联；预警；监测；识别；分析；研究；体系,案例背景；审计关注点；数据资料；分析方法；疑点发现；核查程序；整改启示,《基于预算绩效管理系统的高校内控机制优化研究》映射为预算执行与财政管理场景的杂志案例算法，可用于案例检索、规则复用和底稿核查。
MAGCASE-0221,MAGBUD-0042,打造“1+2”内控管理体系赋能财政监管高质量发展,84,B,1,magazine_435_articles,财政监督,,D:\openclaw-workspace\knowledge\11-杂志文献\财政监督\11.打造“1+2”内控管理体系赋能财政监管高质量发展.md,预算执行与财政管理 / 财政与政府债务 / 绩效评价,杂志内控包,风险；内控；违法；隐患；漏洞,台账；清单,分析；研究；体系；机制,案例背景；审计关注点；数据资料；分析方法；疑点发现；核查程序；整改启示,《打造“1+2”内控管理体系赋能财政监管高质量发展》映射为预算执行与财政管理场景的杂志内控包，可用于案例检索、规则复用和底稿核查。
MAGCASE-0222,MAGSUPV-0088,探索共建联合监管机制助推上市公司高质量发展,84,B,1,magazine_435_articles,财政监督,,D:\openclaw-workspace\knowledge\11-杂志文献\财政监督\11.探索共建联合监管机制助推上市公司高质量发展.md,监督检查与经费舞弊 / 全场景通用 / 金融审计,杂志内控包,风险；重复,数据；会计,关联；研究；体系；机制,案例背景；审计关注点；数据资料；分析方法；疑点发现；核查程序；整改启示,《探索共建联合监管机制助推上市公司高质量发展》映射为监督检查与经费舞弊场景的杂志内控包，可用于案例检索、规则复用和底稿核查。
MAGCASE-0223,MAGSOC-0027,探索新型研发机构绩效评价指标体系设计新思路,84,B,1,magazine_435_articles,财政监督,,D:\openclaw-workspace\knowledge\11-杂志文献\财政监督\11.探索新型研发机构绩效评价指标体系设计新思路.md,民生与社保医保 / 预算执行与财政管理 / 招投标与政府采购,杂志指标包,风险；绩效,数据；清单；合同；预算；指标；审批；绩效目标；资产；缴纳；资金,规则；指标；评价；关联；分析；研究；体系；机制,案例背景；审计关注点；数据资料；分析方法；疑点发现；核查程序；整改启示,《探索新型研发机构绩效评价指标体系设计新思路》映射为民生与社保医保场景的杂志指标包，可用于案例检索、规则复用和底稿核查。
MAGCASE-0224,MAGSOC-0028,浅析绩效管理在政府投资数字化项目管理上的运用和优化,84,B,1,magazine_435_articles,财政监督,,D:\openclaw-workspace\knowledge\11-杂志文献\财政监督\11.浅析绩效管理在政府投资数字化项目管理上的运用和优化.md,民生与社保医保 / 预算执行与财政管理 / 招投标与政府采购,杂志案例算法,重复；低效；绩效；预警,数据；清单；合同；支付；预算；指标；项目库；审批；采购；投标,算法；模型；规则；指标；评价；评分；预警；监测；分析；审查,案例背景；审计关注点；数据资料；分析方法；疑点发现；核查程序；整改启示,《浅析绩效管理在政府投资数字化项目管理上的运用和优化》映射为民生与社保医保场景的杂志案例算法，可用于案例检索、规则复用和底稿核查。
MAGCASE-0225,MAGBUD-0043,科研机构财会监督制度建设的思路与方法,84,B,1,magazine_435_articles,财政监督,,D:\openclaw-workspace\knowledge\11-杂志文献\财政监督\11.科研机构财会监督制度建设的思路与方法.md,预算执行与财政管理 / 财政与政府债务 / 绩效评价,杂志内控包,风险；内控；真实性；绩效；违法,数据；预算；资产；资金；会计,评价；关联；分析；研究；体系；机制；方法,案例背景；审计关注点；数据资料；分析方法；疑点发现；核查程序；整改启示,《科研机构财会监督制度建设的思路与方法》映射为预算执行与财政管理场景的杂志内控包，可用于案例检索、规则复用和底稿核查。
MAGCASE-0226,MAGBUD-0044,财务审查在绩效评价中的作用与应用,84,B,1,magazine_435_articles,财政监督,,D:\openclaw-workspace\knowledge\11-杂志文献\财政监督\11.财务审查在绩效评价中的作用与应用.md,预算执行与财政管理 / 财政与政府债务 / 绩效评价,杂志指标包,违规；异常；风险；超标；滞留；不合规；真实性；绩效,数据；台账；明细；合同；发票；凭证；预算；指标；审批；采购,指标；评价；评分；核查；分析；审查；方法,案例背景；审计关注点；数据资料；分析方法；疑点发现；核查程序；整改启示,《财务审查在绩效评价中的作用与应用》映射为预算执行与财政管理场景的杂志指标包，可用于案例检索、规则复用和底稿核查。
MAGCASE-0227,MAGBUD-0045,高校预算绩效管理一体化系统应用研究,84,B,1,magazine_435_articles,财政监督,,D:\openclaw-workspace\knowledge\11-杂志文献\财政监督\11.高校预算绩效管理一体化系统应用研究.md,预算执行与财政管理 / 财政与政府债务 / 绩效评价,杂志指标包,风险；超预算；内控；完整性；绩效,数据；清单；明细；合同；预算；决算；指标；项目库；报表；审批,规则；指标；评价；关联；测算；分析；审查；研究；体系；路径,案例背景；审计关注点；数据资料；分析方法；疑点发现；核查程序；整改启示,《高校预算绩效管理一体化系统应用研究》映射为预算执行与财政管理场景的杂志指标包，可用于案例检索、规则复用和底稿核查。
MAGCASE-0228,MAGTAX-0014,个人所得税促进科技创新：作用路径与政策优化,84,B,1,magazine_435_articles,财政监督,,D:\openclaw-workspace\knowledge\11-杂志文献\财政监督\12.个人所得税促进科技创新：作用路径与政策优化.md,税务审计 / 预算执行与财政管理 / 财政与政府债务,杂志指标包,风险；重复,支付；指标；资产；缴纳；税收；资金,指标；分析；研究；路径；机制；方法,案例背景；审计关注点；数据资料；分析方法；疑点发现；核查程序；整改启示,《个人所得税促进科技创新：作用路径与政策优化》映射为税务审计场景的杂志指标包，可用于案例检索、规则复用和底稿核查。
MAGCASE-0229,MAGTAX-0015,产业扶持政策绩效评价难点及对策探析,84,B,1,magazine_435_articles,财政监督,,D:\openclaw-workspace\knowledge\11-杂志文献\财政监督\12.产业扶持政策绩效评价难点及对策探析.md,税务审计 / 预算执行与财政管理 / 财政与政府债务,杂志案例算法,风险；重复；完整性；绩效,数据；预算；指标；问卷；样本；申报；税收；资金,规则；指标；评价；评分；关联；分析；研究；体系；机制；方法,案例背景；审计关注点；数据资料；分析方法；疑点发现；核查程序；整改启示,《产业扶持政策绩效评价难点及对策探析》映射为税务审计场景的杂志案例算法，可用于案例检索、规则复用和底稿核查。
MAGCASE-0230,MAGFIN-0017,创新推动中央收入监管工作提质增效,84,B,1,magazine_435_articles,财政监督,,D:\openclaw-workspace\knowledge\11-杂志文献\财政监督\12.创新推动中央收入监管工作提质增效.md,金融审计 / 国企审计 / 监督检查与经费舞弊,杂志案例算法,风险；重复；内控,数据；预算；报表；审批；申报；税收,监测；分析；研究；机制,案例背景；审计关注点；数据资料；分析方法；疑点发现；核查程序；整改启示,《创新推动中央收入监管工作提质增效》映射为金融审计场景的杂志案例算法，可用于案例检索、规则复用和底稿核查。
MAGCASE-0231,MAGTAX-0016,利用关联交易控制转让定价避税,84,B,1,magazine_435_articles,财政监督,,D:\openclaw-workspace\knowledge\11-杂志文献\财政监督\12.利用关联交易控制转让定价避税.md,税务审计 / 预算执行与财政管理 / 财政与政府债务,杂志指标包,违规；风险；重复,支付；采购；税收；资金；会计,规则；核查；关联；分析；研究；机制；方法,案例背景；审计关注点；数据资料；分析方法；疑点发现；核查程序；整改启示,《利用关联交易控制转让定价避税》映射为税务审计场景的杂志指标包，可用于案例检索、规则复用和底稿核查。
MAGCASE-0232,MAGSUPV-0089,司法会计鉴定的行政监管问题探析,84,B,1,magazine_435_articles,财政监督,,D:\openclaw-workspace\knowledge\11-杂志文献\财政监督\12.司法会计鉴定的行政监管问题探析.md,监督检查与经费舞弊 / 全场景通用 / 金融审计,杂志案例算法,违规；违法,报表；审批；会计；审计报告,评价；核查；监测；分析；验证；审查；研究；体系；路径；方法,案例背景；审计关注点；数据资料；分析方法；疑点发现；核查程序；整改启示,《司法会计鉴定的行政监管问题探析》映射为监督检查与经费舞弊场景的杂志案例算法，可用于案例检索、规则复用和底稿核查。
MAGCASE-0233,MAGSUPV-0090,基于BSC与KPI理论视角下的财政支出绩效评价,84,B,1,magazine_435_articles,财政监督,,D:\openclaw-workspace\knowledge\11-杂志文献\财政监督\12.基于BSC 与KPI 理论视角下的财政支出绩效评价.md,监督检查与经费舞弊 / 全场景通用 / 金融审计,杂志案例算法,损失；绩效,数据；明细；预算；指标；问卷；采购；结算；资金；会计,指标；评价；关联；监测；分析；研究；体系；机制；方法,案例背景；审计关注点；数据资料；分析方法；疑点发现；核查程序；整改启示,《基于BSC与KPI理论视角下的财政支出绩效评价》映射为监督检查与经费舞弊场景的杂志案例算法，可用于案例检索、规则复用和底稿核查。
MAGCASE-0234,MAGSOC-0029,强化中央部门预算执行监管,84,B,1,magazine_435_articles,财政监督,,D:\openclaw-workspace\knowledge\11-杂志文献\财政监督\12.强化中央部门预算执行监管.md,民生与社保医保 / 预算执行与财政管理 / 招投标与政府采购,杂志案例算法,违规；风险；绩效；预警,数据；台账；合同；凭证；支付；预算；决算；指标；采购；资金,指标；核查；预警；分析；研究；机制,案例背景；审计关注点；数据资料；分析方法；疑点发现；核查程序；整改启示,《强化中央部门预算执行监管》映射为民生与社保医保场景的杂志案例算法，可用于案例检索、规则复用和底稿核查。
MAGCASE-0235,MAGSOC-0030,技术改造专项资金绩效评价实践探索,84,B,1,magazine_435_articles,财政监督,,D:\openclaw-workspace\knowledge\11-杂志文献\财政监督\12.技术改造专项资金绩效评价实践探索.md,民生与社保医保 / 预算执行与财政管理 / 招投标与政府采购,杂志案例算法,重复；绩效,数据；预算；指标；问卷；样本；报表；绩效目标；申报；税收；资金,指标；评价；评分；核查；抽样；分析；体系；机制；数字化,案例背景；审计关注点；数据资料；分析方法；疑点发现；核查程序；整改启示,《技术改造专项资金绩效评价实践探索》映射为民生与社保医保场景的杂志案例算法，可用于案例检索、规则复用和底稿核查。
MAGCASE-0236,MAGSUPV-0091,探索构建财会监督常态化协同联动机制,84,B,1,magazine_435_articles,财政监督,,D:\openclaw-workspace\knowledge\11-杂志文献\财政监督\12.探索构建财会监督常态化协同联动机制.md,监督检查与经费舞弊 / 全场景通用 / 金融审计,杂志案例算法,违规；风险；虚假；真实性；完整性；违法；漏洞,数据；资产；会计,穿透；监测；机制,案例背景；审计关注点；数据资料；分析方法；疑点发现；核查程序；整改启示,《探索构建财会监督常态化协同联动机制》映射为监督检查与经费舞弊场景的杂志案例算法，可用于案例检索、规则复用和底稿核查。
MAGCASE-0237,MAGBUD-0046,新时代国有媒体单位预算绩效评价指标体系研究,84,B,1,magazine_435_articles,财政监督,,D:\openclaw-workspace\knowledge\11-杂志文献\财政监督\12.新时代国有媒体单位预算绩效评价指标体系研究.md,预算执行与财政管理 / 财政与政府债务 / 绩效评价,杂志指标包,虚假；低效；绩效,数据；预算；指标；采购；绩效目标；资产；资金；会计,指标；评价；评分；分析；验证；审查；研究；体系；路径；机制,案例背景；审计关注点；数据资料；分析方法；疑点发现；核查程序；整改启示,《新时代国有媒体单位预算绩效评价指标体系研究》映射为预算执行与财政管理场景的杂志指标包，可用于案例检索、规则复用和底稿核查。
MAGCASE-0238,MAGSUPV-0092,编制虚假财务报告骗取高新技术资格,84,B,1,magazine_435_articles,财政监督,,D:\openclaw-workspace\knowledge\11-杂志文献\财政监督\12.编制虚假财务报告骗取高新技术资格.md,监督检查与经费舞弊 / 全场景通用 / 金融审计,杂志指标包,违规；舞弊；虚假；违法,凭证；流水；指标；报表；资产；申报；税收；会计；审计报告,指标；分析；验证；审查；研究；方法,案例背景；审计关注点；数据资料；分析方法；疑点发现；核查程序；整改启示,《编制虚假财务报告骗取高新技术资格》映射为监督检查与经费舞弊场景的杂志指标包，可用于案例检索、规则复用和底稿核查。
MAGCASE-0239,MAGSUPV-0093,虚构采购业务虚增营业成本,84,B,1,magazine_435_articles,财政监督,,D:\openclaw-workspace\knowledge\11-杂志文献\财政监督\12.虚构采购业务虚增营业成本.md,监督检查与经费舞弊 / 全场景通用 / 金融审计,杂志案例算法,违规；风险；虚假；内控；真实性；完整性；违法；漏洞,数据；合同；支付；流水；审批；采购；结算；资金；会计,穿透；关联；验证；体系；机制；方法,案例背景；审计关注点；数据资料；分析方法；疑点发现；核查程序；整改启示,《虚构采购业务虚增营业成本》映射为监督检查与经费舞弊场景的杂志案例算法，可用于案例检索、规则复用和底稿核查。
MAGCASE-0240,MAGFIN-0018,“资产减值准备”成为企业利润的“调节器”,84,B,1,magazine_435_articles,财政监督,,D:\openclaw-workspace\knowledge\11-杂志文献\财政监督\13.“资产减值准备”成为企业利润的“调节器”.md,金融审计 / 国企审计 / 监督检查与经费舞弊,杂志指标包,违规；风险；虚假；缺陷；真实性；绩效；失真,指标；报表；审批；资产；会计,指标；关联；分析；审查,案例背景；审计关注点；数据资料；分析方法；疑点发现；核查程序；整改启示,《“资产减值准备”成为企业利润的“调节器”》映射为金融审计场景的杂志指标包，可用于案例检索、规则复用和底稿核查。
MAGCASE-0241,MAGAGR-0024,乡镇财政资金监管问题及策略探究,84,B,1,magazine_435_articles,财政监督,,D:\openclaw-workspace\knowledge\11-杂志文献\财政监督\13.乡镇财政资金监管问题及策略探究.md,农业农村审计 / 金融审计 / 财政与政府债务,杂志案例算法,风险；超标；超预算；闲置；内控；绩效；预警；腐败,数据；支付；预算；项目库；审批；申报；资金,比对；预警；研究；机制；大数据,案例背景；审计关注点；数据资料；分析方法；疑点发现；核查程序；整改启示,《乡镇财政资金监管问题及策略探究》映射为农业农村审计场景的杂志案例算法，可用于案例检索、规则复用和底稿核查。
MAGCASE-0242,MAGSUPV-0094,从《注册会计师法修订草案(征求意见稿)》看财会监督变化,84,B,1,magazine_435_articles,财政监督,,D:\openclaw-workspace\knowledge\11-杂志文献\财政监督\13.从《注册会计师法修订草案(征求意见稿)》 看财会监督变化.md,监督检查与经费舞弊 / 全场景通用 / 金融审计,杂志内控包,违规；风险；舞弊；虚假；损失；真实性；完整性；违法,数据；合同；报表；审批；资产；会计；审计报告,规则；评价；监测；分析；审查；研究；体系；机制,案例背景；审计关注点；数据资料；分析方法；疑点发现；核查程序；整改启示,《从《注册会计师法修订草案(征求意见稿)》看财会监督变化》映射为监督检查与经费舞弊场景的杂志内控包，可用于案例检索、规则复用和底稿核查。
MAGCASE-0243,MAGAGR-0025,健全我国财政资金直达监管机制的思考,84,B,1,magazine_435_articles,财政监督,,D:\openclaw-workspace\knowledge\11-杂志文献\财政监督\13.健全我国财政资金直达监管机制的思考.md,农业农村审计 / 金融审计 / 财政与政府债务,杂志案例算法,违规；挪用；低效；闲置；截留；完整性；绩效；预警,数据；台账；明细；支付；预算；决算；指标；项目库；保单；审批,规则；指标；评价；核查；预警；识别；分析；研究；体系；机制,案例背景；审计关注点；数据资料；分析方法；疑点发现；核查程序；整改启示,《健全我国财政资金直达监管机制的思考》映射为农业农村审计场景的杂志案例算法，可用于案例检索、规则复用和底稿核查。
MAGCASE-0244,MAGSUPV-0095,儒家文化与审计质量研究,84,B,1,magazine_435_articles,财政监督,,D:\openclaw-workspace\knowledge\11-杂志文献\财政监督\13.儒家文化与审计质量研究.md,监督检查与经费舞弊 / 全场景通用 / 金融审计,杂志案例算法,异常；风险；重复；真实性；错报,数据；支付；指标；样本；报表；资产；会计；审计报告,模型；指标；回归；识别；分析；验证；研究；体系；路径；机制,案例背景；审计关注点；数据资料；分析方法；疑点发现；核查程序；整改启示,《儒家文化与审计质量研究》映射为监督检查与经费舞弊场景的杂志案例算法，可用于案例检索、规则复用和底稿核查。
MAGCASE-0245,MAGFIN-0019,全面推动债务监管工作提质增效,84,B,1,magazine_435_articles,财政监督,,D:\openclaw-workspace\knowledge\11-杂志文献\财政监督\13.全面推动债务监管工作提质增效.md,金融审计 / 国企审计 / 监督检查与经费舞弊,杂志案例算法,违规；风险；闲置；绩效；预警；违法,数据；清单；预算；指标；报表；审批；资金,指标；核查；穿透；预警；监测；分析；研究；体系；机制；大数据,案例背景；审计关注点；数据资料；分析方法；疑点发现；核查程序；整改启示,《全面推动债务监管工作提质增效》映射为金融审计场景的杂志案例算法，可用于案例检索、规则复用和底稿核查。
MAGCASE-0246,MAGFIN-0020,关于加强地方预算执行和财政收支管理的思考,84,B,1,magazine_435_articles,财政监督,,D:\openclaw-workspace\knowledge\11-杂志文献\财政监督\13.关于加强地方预算执行和财政收支管理的思考.md,金融审计 / 国企审计 / 监督检查与经费舞弊,杂志案例算法,违规；风险；重复；低效；闲置；滞留；内控；不合规；完整性；绩效,数据；清单；合同；支付；预算；决算；指标；项目库；审批；采购,算法；指标；评价；核查；穿透；预警；监测；测算；分析；审查,案例背景；审计关注点；数据资料；分析方法；疑点发现；核查程序；整改启示,《关于加强地方预算执行和财政收支管理的思考》映射为金融审计场景的杂志案例算法，可用于案例检索、规则复用和底稿核查。
MAGCASE-0247,MAGTAX-0017,关于钢铁企业绿色创新绩效评价体系的探讨与应用,84,B,1,magazine_435_articles,财政监督,,D:\openclaw-workspace\knowledge\11-杂志文献\财政监督\13.关于钢铁企业绿色创新绩效评价体系的探讨与应用.md,税务审计 / 预算执行与财政管理 / 财政与政府债务,杂志案例算法,重复；绩效,数据；指标；报表；资产；能耗；税收；资金,规则；指标；评价；分析；研究；体系；机制；方法；数字化,案例背景；审计关注点；数据资料；分析方法；疑点发现；核查程序；整改启示,《关于钢铁企业绿色创新绩效评价体系的探讨与应用》映射为税务审计场景的杂志案例算法，可用于案例检索、规则复用和底稿核查。
MAGCASE-0248,MAGSOC-0031,基层预算绩效管理改革的创新实践,84,B,1,magazine_435_articles,财政监督,,D:\openclaw-workspace\knowledge\11-杂志文献\财政监督\13.基层预算绩效管理改革的创新实践.md,民生与社保医保 / 预算执行与财政管理 / 招投标与政府采购,杂志案例算法,风险；损失；低效；闲置；完整性；绩效,数据；预算；决算；指标；项目库；报表；采购；绩效目标；资产；申报,规则；指标；评价；核查；关联；测算；分析；体系；路径；机制,案例背景；审计关注点；数据资料；分析方法；疑点发现；核查程序；整改启示,《基层预算绩效管理改革的创新实践》映射为民生与社保医保场景的杂志案例算法，可用于案例检索、规则复用和底稿核查。
MAGCASE-0249,MAGTAX-0018,基建延期“转固”隐匿经营亏损,84,B,1,magazine_435_articles,财政监督,,D:\openclaw-workspace\knowledge\11-杂志文献\财政监督\13.基建延期“转固”隐匿经营亏损.md,税务审计 / 预算执行与财政管理 / 财政与政府债务,杂志指标包,违规；舞弊；超概算；绩效；失真,数据；明细；预算；决算；指标；报表；审批；结算；资产；税收,指标；核查；分析；审查；体系；机制；方法,案例背景；审计关注点；数据资料；分析方法；疑点发现；核查程序；整改启示,《基建延期“转固”隐匿经营亏损》映射为税务审计场景的杂志指标包，可用于案例检索、规则复用和底稿核查。
MAGCASE-0250,MAGSUPV-0096,构建协同高效财会监督机制的理论思维与路径研究,84,B,1,magazine_435_articles,财政监督,,D:\openclaw-workspace\knowledge\11-杂志文献\财政监督\13.构建协同高效财会监督机制的理论思维与路径研究.md,监督检查与经费舞弊 / 全场景通用 / 金融审计,杂志案例算法,违规；异常；风险；舞弊；重复；超标；超预算；低效；内控；缺陷,数据；清单；支付；预算；决算；指标；项目库；审批；采购；投标,算法；规则；指标；评价；比对；关联；预警；监测；识别；分析,案例背景；审计关注点；数据资料；分析方法；疑点发现；核查程序；整改启示,《构建协同高效财会监督机制的理论思维与路径研究》映射为监督检查与经费舞弊场景的杂志案例算法，可用于案例检索、规则复用和底稿核查。
MAGCASE-0251,MAGSUPV-0097,进一步提升财政部门财会监督效能的思考,84,B,1,magazine_435_articles,财政监督,,D:\openclaw-workspace\knowledge\11-杂志文献\财政监督\13.进一步提升财政部门财会监督效能的思考.md,监督检查与经费舞弊 / 全场景通用 / 金融审计,杂志案例算法,违规；异常；风险；舞弊；虚假；重复；内控；不合规；真实性；完整性,数据；清单；支付；预算；决算；指标；审批；采购；资产；税收,算法；规则；指标；评价；比对；核查；穿透；预警；监测；识别,案例背景；审计关注点；数据资料；分析方法；疑点发现；核查程序；整改启示,《进一步提升财政部门财会监督效能的思考》映射为监督检查与经费舞弊场景的杂志案例算法，可用于案例检索、规则复用和底稿核查。
MAGCASE-0252,MAGAGR-0026,以跟踪评价模式探索提升财会监督工作质效,84,B,1,magazine_435_articles,财政监督,,D:\openclaw-workspace\knowledge\11-杂志文献\财政监督\14.以跟踪评价模式探索提升财会监督工作质效.md,农业农村审计 / 金融审计 / 财政与政府债务,杂志案例算法,违规；风险；挪用；损失；闲置；截留；内控；完整性；绩效；偏离,数据；台账；清单；凭证；支付；预算；指标；保单；样本；审批,算法；规则；指标；评价；比对；核查；穿透；预警；分析；审查,案例背景；审计关注点；数据资料；分析方法；疑点发现；核查程序；整改启示,《以跟踪评价模式探索提升财会监督工作质效》映射为农业农村审计场景的杂志案例算法，可用于案例检索、规则复用和底稿核查。
MAGCASE-0253,MAGSUPV-0098,吉林省财政厅：预算绩效管理建设跑出“加速度”,84,B,1,magazine_435_articles,财政监督,,D:\openclaw-workspace\knowledge\11-杂志文献\财政监督\14.吉林省财政厅：预算绩效管理 建设跑出“加速度”.md,监督检查与经费舞弊 / 全场景通用 / 金融审计,杂志案例算法,违规；风险；内控；完整性；绩效；偏离；预警；违法,数据；清单；预算；决算；指标；报表；采购；结算；绩效目标；资产,算法；指标；评价；核查；预警；测算；分析；研究；体系；路径,案例背景；审计关注点；数据资料；分析方法；疑点发现；核查程序；整改启示,《吉林省财政厅：预算绩效管理建设跑出“加速度”》映射为监督检查与经费舞弊场景的杂志案例算法，可用于案例检索、规则复用和底稿核查。
MAGCASE-0254,MAGSUPV-0099,多个账户长期未纳入法定账簿核算,84,B,1,magazine_435_articles,财政监督,,D:\openclaw-workspace\knowledge\11-杂志文献\财政监督\14.多个账户长期未纳入法定账簿核算.md,监督检查与经费舞弊 / 全场景通用 / 金融审计,杂志案例算法,违规；闲置；内控；真实性；完整性；预警；违法；隐患；漏洞；腐败,支付；流水；结算；缴纳；资金；会计,预警；识别；分析；体系；机制；方法,案例背景；审计关注点；数据资料；分析方法；疑点发现；核查程序；整改启示,《多个账户长期未纳入法定账簿核算》映射为监督检查与经费舞弊场景的杂志案例算法，可用于案例检索、规则复用和底稿核查。
MAGCASE-0255,MAGFIN-0021,实际控制人侵占上市公司利益,84,B,1,magazine_435_articles,财政监督,,D:\openclaw-workspace\knowledge\11-杂志文献\财政监督\14.实际控制人侵占上市公司利益.md,金融审计 / 国企审计 / 监督检查与经费舞弊,杂志案例算法,违规；风险；违法,数据；清单；合同；发票；凭证；支付；报表；采购；结算；资产,核查；关联；识别；测算；分析；体系；机制；方法,案例背景；审计关注点；数据资料；分析方法；疑点发现；核查程序；整改启示,《实际控制人侵占上市公司利益》映射为金融审计场景的杂志案例算法，可用于案例检索、规则复用和底稿核查。
MAGCASE-0256,MAGTAX-0019,山东威海火炬高技术产业开发区：稳步推进预算绩效管理工作,84,B,1,magazine_435_articles,财政监督,,D:\openclaw-workspace\knowledge\11-杂志文献\财政监督\14.山东威海火炬高技术产业开发 区：稳步推进预算绩效管理工作.md,税务审计 / 预算执行与财政管理 / 财政与政府债务,杂志指标包,违规；风险；内控；绩效；偏离；违法；隐患,数据；清单；支付；预算；指标；项目库；采购；绩效目标；资产；申报,指标；评价；核查；分析；研究；体系；机制,案例背景；审计关注点；数据资料；分析方法；疑点发现；核查程序；整改启示,《山东威海火炬高技术产业开发区：稳步推进预算绩效管理工作》映射为税务审计场景的杂志指标包，可用于案例检索、规则复用和底稿核查。
MAGCASE-0257,MAGBUD-0047,山东青岛：打造“四三二一”模式,84,B,1,magazine_435_articles,财政监督,,D:\openclaw-workspace\knowledge\11-杂志文献\财政监督\14.山东青岛：打造“四三二一”模式.md,预算执行与财政管理 / 财政与政府债务 / 绩效评价,杂志指标包,违规；异常；绩效；漏洞；腐败,数据；清单；预算；决算；指标；采购；绩效目标；资金；会计,指标；评价；核查；体系；机制,案例背景；审计关注点；数据资料；分析方法；疑点发现；核查程序；整改启示,《山东青岛：打造“四三二一”模式》映射为预算执行与财政管理场景的杂志指标包，可用于案例检索、规则复用和底稿核查。
MAGCASE-0258,MAGBUD-0048,江苏苏州：正式建立财政监督基层联系点制度,84,B,1,magazine_435_articles,财政监督,,D:\openclaw-workspace\knowledge\11-杂志文献\财政监督\14.江苏苏州：正式建立财政监督 基层联系点制度.md,预算执行与财政管理 / 财政与政府债务 / 绩效评价,杂志内控包,违规；风险；闲置；缺陷；绩效；隐患；漏洞,数据；预算；指标；结算；资金,规则；指标；评价；分析；研究；体系；机制；方法,案例背景；审计关注点；数据资料；分析方法；疑点发现；核查程序；整改启示,《江苏苏州：正式建立财政监督基层联系点制度》映射为预算执行与财政管理场景的杂志内控包，可用于案例检索、规则复用和底稿核查。
MAGCASE-0259,MAGFIN-0022,法人大户融资风险敏捷审计研究,84,B,1,magazine_435_articles,财政监督,,D:\openclaw-workspace\knowledge\11-杂志文献\财政监督\14.法人大户融资风险敏捷审计研究.md,金融审计 / 国企审计 / 监督检查与经费舞弊,杂志案例算法,违规；异常；风险；损失；不合规；完整性；预警；违法；失真；隐患,数据；清单；明细；指标；样本；审批；资产；资金；审计报告,模型；指标；评价；核查；关联；抽样；预警；监测；识别；分析,案例背景；审计关注点；数据资料；分析方法；疑点发现；核查程序；整改启示,《法人大户融资风险敏捷审计研究》映射为金融审计场景的杂志案例算法，可用于案例检索、规则复用和底稿核查。
MAGCASE-0260,MAGBUD-0049,精准把脉户外资产数字赋能高效监管,84,B,1,magazine_435_articles,财政监督,,D:\openclaw-workspace\knowledge\11-杂志文献\财政监督\14.精准把脉户外资产数字赋能高效监管.md,预算执行与财政管理 / 财政与政府债务 / 绩效评价,杂志案例算法,异常；预警；违法,数据；资产；资金,预警；监测；识别；检测；体系；数字化,案例背景；审计关注点；数据资料；分析方法；疑点发现；核查程序；整改启示,《精准把脉户外资产数字赋能高效监管》映射为预算执行与财政管理场景的杂志案例算法，可用于案例检索、规则复用和底稿核查。
MAGCASE-0261,MAGSOC-0032,肃清“微腐败”强化惠民惠农财政补贴资金监管,84,B,1,magazine_435_articles,财政监督,,D:\openclaw-workspace\knowledge\11-杂志文献\财政监督\14.肃清“微腐败”强化惠民惠农财政补贴资金监管.md,民生与社保医保 / 预算执行与财政管理 / 招投标与政府采购,杂志案例算法,违规；风险；重复；挪用；损失；截留；违法；错报；漏洞；腐败,数据；台账；明细；凭证；报表；审批；资金；会计,规则；比对；核查；分析；审查；机制；方法；大数据,案例背景；审计关注点；数据资料；分析方法；疑点发现；核查程序；整改启示,《肃清“微腐败”强化惠民惠农财政补贴资金监管》映射为民生与社保医保场景的杂志案例算法，可用于案例检索、规则复用和底稿核查。
MAGCASE-0262,MAGSOC-0033,财政支出培训项目绩效评价指标体系构建研究,84,B,1,magazine_435_articles,财政监督,,D:\openclaw-workspace\knowledge\11-杂志文献\财政监督\14.财政支出培训项目绩效评价指标体系构建研究.md,民生与社保医保 / 预算执行与财政管理 / 招投标与政府采购,杂志案例算法,真实性；完整性；绩效,数据；预算；指标；问卷；资金；会计,模型；指标；评价；评分；核查；分析；研究；体系；机制；方法,案例背景；审计关注点；数据资料；分析方法；疑点发现；核查程序；整改启示,《财政支出培训项目绩效评价指标体系构建研究》映射为民生与社保医保场景的杂志案例算法，可用于案例检索、规则复用和底稿核查。
MAGCASE-0263,MAGSUPV-0100,财政部宁波监管局：“五步法”督促会计师事务所提升执业质,84,B,1,magazine_435_articles,财政监督,,D:\openclaw-workspace\knowledge\11-杂志文献\财政监督\14.财政部宁波监管局：“五步法” 督促会计师事务所提升执业质.md,监督检查与经费舞弊 / 全场景通用 / 金融审计,杂志案例算法,风险；低效；内控；完整性；绩效,预算；项目库；样本；审批；绩效目标；资产；资金；会计,评价；关联；识别；测算；体系；机制；方法,案例背景；审计关注点；数据资料；分析方法；疑点发现；核查程序；整改启示,《财政部宁波监管局：“五步法”督促会计师事务所提升执业质》映射为监督检查与经费舞弊场景的杂志案例算法，可用于案例检索、规则复用和底稿核查。
MAGCASE-0264,MAGBUD-0050,“三高三全”推进内控建设加力提升财政监管质效,84,B,1,magazine_435_articles,财政监督,,D:\openclaw-workspace\knowledge\11-杂志文献\财政监督\15.“三高三全”推进内控建设加力提升财政监管质效.md,预算执行与财政管理 / 财政与政府债务 / 绩效评价,杂志内控包,风险；损失；内控；隐患；漏洞,合同；预算；采购；资产,核查；研究；体系；机制,案例背景；审计关注点；数据资料；分析方法；疑点发现；核查程序；整改启示,《“三高三全”推进内控建设加力提升财政监管质效》映射为预算执行与财政管理场景的杂志内控包，可用于案例检索、规则复用和底稿核查。
MAGCASE-0265,MAGBUD-0051,“四举措”做好驻粤中央行政事业单位内部控制报告喝茶工作,84,B,1,magazine_435_articles,财政监督,,D:\openclaw-workspace\knowledge\11-杂志文献\财政监督\15.“四举措”做好驻粤中央行政事业单位内部控制报告喝茶工作.md,预算执行与财政管理 / 财政与政府债务 / 绩效评价,杂志案例算法,风险；完整性；漏洞,数据；台账；清单；合同；凭证；预算；指标；报表；采购；资产,指标；评价；比对；核查；分析；验证；体系；机制,案例背景；审计关注点；数据资料；分析方法；疑点发现；核查程序；整改启示,《“四举措”做好驻粤中央行政事业单位内部控制报告喝茶工作》映射为预算执行与财政管理场景的杂志案例算法，可用于案例检索、规则复用和底稿核查。
MAGCASE-0266,MAGSOC-0034,公立医院内部控制信息化体系研究,84,B,1,magazine_435_articles,财政监督,,D:\openclaw-workspace\knowledge\11-杂志文献\财政监督\15.公立医院内部控制信息化体系研究.md,民生与社保医保 / 预算执行与财政管理 / 招投标与政府采购,杂志案例算法,违规；风险；舞弊；超标；损失；内控；缺陷；真实性；绩效；腐败,数据；明细；合同；凭证；支付；预算；决算；指标；审批；采购,指标；评价；关联；识别；分析；验证；研究；体系；路径；机制,案例背景；审计关注点；数据资料；分析方法；疑点发现；核查程序；整改启示,《公立医院内部控制信息化体系研究》映射为民生与社保医保场景的杂志案例算法，可用于案例检索、规则复用和底稿核查。
MAGCASE-0267,MAGAGR-0027,县级财政支持乡村振兴面临的困难及建议,84,B,1,magazine_435_articles,财政监督,,D:\openclaw-workspace\knowledge\11-杂志文献\财政监督\15.县级财政支持乡村振兴面临的困难及建议.md,农业农村审计 / 金融审计 / 财政与政府债务,杂志案例算法,违规；异常；风险；重复；超预算；挪用；损失；低效；闲置；截留,数据；台账；清单；明细；支付；预算；决算；指标；项目库；审批,指标；评价；核查；预警；监测；分析；研究；体系；路径；机制,案例背景；审计关注点；数据资料；分析方法；疑点发现；核查程序；整改启示,《县级财政支持乡村振兴面临的困难及建议》映射为农业农村审计场景的杂志案例算法，可用于案例检索、规则复用和底稿核查。
MAGCASE-0268,MAGSOC-0035,基层财政监督促共富路径探索,84,B,1,magazine_435_articles,财政监督,,D:\openclaw-workspace\knowledge\11-杂志文献\财政监督\15.基层财政监督促共富路径探索.md,民生与社保医保 / 预算执行与财政管理 / 招投标与政府采购,杂志案例算法,风险；重复；内控；绩效；预警,数据；清单；支付；预算；指标；审批；采购；绩效目标；申报；资金,算法；规则；指标；评价；核查；预警；监测；识别；分析；研究,案例背景；审计关注点；数据资料；分析方法；疑点发现；核查程序；整改启示,《基层财政监督促共富路径探索》映射为民生与社保医保场景的杂志案例算法，可用于案例检索、规则复用和底稿核查。
MAGCASE-0269,MAGBUD-0052,强化内控机制建设提升财政治理能力,84,B,1,magazine_435_articles,财政监督,,D:\openclaw-workspace\knowledge\11-杂志文献\财政监督\15.强化内控机制建设提升财政治理能力.md,预算执行与财政管理 / 财政与政府债务 / 绩效评价,杂志案例算法,违规；风险；舞弊；内控；缺陷；绩效；预警；违法；漏洞,数据；台账；清单；合同；凭证；支付；预算；决算；指标；报表,指标；评价；比对；关联；预警；研究；体系；机制；方法；数字化,案例背景；审计关注点；数据资料；分析方法；疑点发现；核查程序；整改启示,《强化内控机制建设提升财政治理能力》映射为预算执行与财政管理场景的杂志案例算法，可用于案例检索、规则复用和底稿核查。
MAGCASE-0270,MAGAGR-0028,流转税税收优惠政策的激励效果,76,B,1,magazine_435_articles,财政监督,,D:\openclaw-workspace\knowledge\11-杂志文献\财政监督\15.流转税税收优惠政策的激励效果.md,农业农村审计 / 金融审计 / 财政与政府债务,杂志案例算法,,数据；明细；指标；样本；资产；税收；资金,模型；指标；比对；回归；识别；分析；验证；研究；体系；机制,案例背景；审计关注点；数据资料；分析方法；疑点发现；核查程序；整改启示,《流转税税收优惠政策的激励效果》映射为农业农村审计场景的杂志案例算法，可用于案例检索、规则复用和底稿核查。
MAGCASE-0271,MAGSOC-0036,相对贫困视域下我国转移支付资金监管问题研究,84,B,1,magazine_435_articles,财政监督,,D:\openclaw-workspace\knowledge\11-杂志文献\财政监督\15.相对贫困视域下我国转移支付资金监管问题研究.md,民生与社保医保 / 预算执行与财政管理 / 招投标与政府采购,杂志案例算法,损失；绩效；偏离；漏洞；腐败,数据；支付；预算；决算；指标；绩效目标；资金,算法；指标；评价；分析；研究；体系；路径；机制；方法；大数据,案例背景；审计关注点；数据资料；分析方法；疑点发现；核查程序；整改启示,《相对贫困视域下我国转移支付资金监管问题研究》映射为民生与社保医保场景的杂志案例算法，可用于案例检索、规则复用和底稿核查。
MAGCASE-0272,MAGSUPV-0101,统筹规划“规定+自选”动作建立“专项+日常”财会监督工作机制,84,B,1,magazine_435_articles,财政监督,,D:\openclaw-workspace\knowledge\11-杂志文献\财政监督\15.统筹规划“规定+自选”动作建立 “专项+日常”财会监督工作机制.md,监督检查与经费舞弊 / 全场景通用 / 金融审计,杂志内控包,异常；风险；骗补；内控；绩效,数据；明细；支付；预算；决算；资产；资金；会计,评价；核查；监测；分析；机制,案例背景；审计关注点；数据资料；分析方法；疑点发现；核查程序；整改启示,《统筹规划“规定+自选”动作建立“专项+日常”财会监督工作机制》映射为监督检查与经费舞弊场景的杂志内控包，可用于案例检索、规则复用和底稿核查。
MAGCASE-0273,MAGSUPV-0102,调节成本操控业绩,84,B,1,magazine_435_articles,财政监督,,D:\openclaw-workspace\knowledge\11-杂志文献\财政监督\15.调节成本操控业绩.md,监督检查与经费舞弊 / 全场景通用 / 金融审计,杂志案例算法,违规；风险；舞弊；内控；绩效,合同；支付；指标；报表；采购；结算；资产；缴纳；税收；会计,指标；比对；核查；关联；测算；分析；研究；体系；机制；方法,案例背景；审计关注点；数据资料；分析方法；疑点发现；核查程序；整改启示,《调节成本操控业绩》映射为监督检查与经费舞弊场景的杂志案例算法，可用于案例检索、规则复用和底稿核查。
MAGCASE-0274,MAGAGR-0029,财政部辽宁监管局：前移监管关口提早介入项目以全流程监管精准护航国债资金,84,B,1,magazine_435_articles,财政监督,,D:\openclaw-workspace\knowledge\11-杂志文献\财政监督\15.财政部辽宁监管局：前移监管 关 口 提 早 介 入 项 目 以全流 程监管精准护航国债资金.md,农业农村审计 / 金融审计 / 财政与政府债务,杂志案例算法,绩效；偏离；预警,支付；预算；决算；指标；报表；采购；绩效目标；资金,指标；评价；预警；测算；分析；审查；研究；体系；机制,案例背景；审计关注点；数据资料；分析方法；疑点发现；核查程序；整改启示,《财政部辽宁监管局：前移监管关口提早介入项目以全流程监管精准护航国债资金》映射为农业农村审计场景的杂志案例算法，可用于案例检索、规则复用和底稿核查。
MAGCASE-0275,MAGSOC-0037,以预算管理改革提升财政资金使用绩效,84,B,1,magazine_435_articles,财政监督,,D:\openclaw-workspace\knowledge\11-杂志文献\财政监督\16.以预算管理改革提升财政资金使用绩效.md,民生与社保医保 / 预算执行与财政管理 / 招投标与政府采购,杂志案例算法,风险；虚假；超标；低效；闲置；绩效；偏离；预警,数据；台账；清单；支付；预算；指标；项目库；审批；采购；结算,指标；评价；核查；关联；预警；监测；测算；分析；审查；研究,案例背景；审计关注点；数据资料；分析方法；疑点发现；核查程序；整改启示,《以预算管理改革提升财政资金使用绩效》映射为民生与社保医保场景的杂志案例算法，可用于案例检索、规则复用和底稿核查。
MAGCASE-0276,MAGAGR-0030,农业保险中的利益需求风险及对策探析,84,B,1,magazine_435_articles,财政监督,,D:\openclaw-workspace\knowledge\11-杂志文献\财政监督\16.农业保险中的利益需求风险及对策探析.md,农业农村审计 / 金融审计 / 财政与政府债务,杂志案例算法,违规；风险；挪用；骗保；损失；漏洞,数据；支付；指标；保单；理赔；申报；缴纳；资金,指标；分析；研究；机制；方法,案例背景；审计关注点；数据资料；分析方法；疑点发现；核查程序；整改启示,《农业保险中的利益需求风险及对策探析》映射为农业农村审计场景的杂志案例算法，可用于案例检索、规则复用和底稿核查。
MAGCASE-0277,MAGAGR-0031,农田建设补助资金管理探讨,76,B,1,magazine_435_articles,财政监督,,D:\openclaw-workspace\knowledge\11-杂志文献\财政监督\16.农田建设补助资金管理探讨.md,农业农村审计 / 金融审计 / 财政与政府债务,杂志案例算法,,支付；预算；决算；指标；审批；招标；资金,指标；评价；测算；分析；检测；体系；机制；方法；数字化,案例背景；审计关注点；数据资料；分析方法；疑点发现；核查程序；整改启示,《农田建设补助资金管理探讨》映射为农业农村审计场景的杂志案例算法，可用于案例检索、规则复用和底稿核查。
MAGCASE-0278,MAGBUD-0053,宝钢股份基于“双碳”目标的战略成本管理实践与启示,84,B,1,magazine_435_articles,财政监督,,D:\openclaw-workspace\knowledge\11-杂志文献\财政监督\16.宝钢股份基于“双碳”目标的战略成本管理实践与启示.md,预算执行与财政管理 / 财政与政府债务 / 绩效评价,杂志案例算法,风险；损失；绩效,数据；预算；指标；采购；资产；能耗；碳排放,模型；指标；评价；关联；分析；研究；体系；机制；方法；数字化,案例背景；审计关注点；数据资料；分析方法；疑点发现；核查程序；整改启示,《宝钢股份基于“双碳”目标的战略成本管理实践与启示》映射为预算执行与财政管理场景的杂志案例算法，可用于案例检索、规则复用和底稿核查。
MAGCASE-0279,MAGSOC-0038,将公益性资产列入固定资产虚增资产规模,84,B,1,magazine_435_articles,财政监督,,D:\openclaw-workspace\knowledge\11-杂志文献\财政监督\16.将公益性资产列入固定资产虚增资产规模.md,民生与社保医保 / 预算执行与财政管理 / 招投标与政府采购,杂志指标包,违规；风险,指标；报表；审批；资产；资金；会计,指标；方法,案例背景；审计关注点；数据资料；分析方法；疑点发现；核查程序；整改启示,《将公益性资产列入固定资产虚增资产规模》映射为民生与社保医保场景的杂志指标包，可用于案例检索、规则复用和底稿核查。
MAGCASE-0280,MAGTAX-0020,强化“三个抓手”推进内控管理走深走实,84,B,1,magazine_435_articles,财政监督,,D:\openclaw-workspace\knowledge\11-杂志文献\财政监督\16.强化“三个抓手”推进内控管理走深走实.md,税务审计 / 预算执行与财政管理 / 财政与政府债务,杂志案例算法,风险；内控,数据；清单；预算；审批；资产；资金,核查；分析；研究；体系；机制；大数据,案例背景；审计关注点；数据资料；分析方法；疑点发现；核查程序；整改启示,《强化“三个抓手”推进内控管理走深走实》映射为税务审计场景的杂志案例算法，可用于案例检索、规则复用和底稿核查。
MAGCASE-0281,MAGAGR-0032,更足的“监督分量”更多的“民生含量”,84,B,1,magazine_435_articles,财政监督,,D:\openclaw-workspace\knowledge\11-杂志文献\财政监督\16.更足的“监督分量”更多的“民生含量”.md,农业农村审计 / 金融审计 / 财政与政府债务,杂志案例算法,违规；异常；挪用；套取；截留；内控；绩效；预警；腐败,数据；台账；清单；支付；审批；资产；申报；资金,模型；评价；比对；核查；预警；分析；体系；机制；大数据,案例背景；审计关注点；数据资料；分析方法；疑点发现；核查程序；整改启示,《更足的“监督分量”更多的“民生含量”》映射为农业农村审计场景的杂志案例算法，可用于案例检索、规则复用和底稿核查。
MAGCASE-0282,MAGAGR-0033,监督动态,84,B,1,magazine_435_articles,财政监督,,D:\openclaw-workspace\knowledge\11-杂志文献\财政监督\16.监督动态.md,农业农村审计 / 金融审计 / 财政与政府债务,杂志指标包,绩效；漏洞；腐败,台账；清单；预算；决算；指标；采购；绩效目标；资产；申报；资金,指标；评价；评分；分析；研究；体系；机制；方法,案例背景；审计关注点；数据资料；分析方法；疑点发现；核查程序；整改启示,《监督动态》映射为农业农村审计场景的杂志指标包，可用于案例检索、规则复用和底稿核查。
MAGCASE-0283,MAGFIN-0023,税收优惠、财政补贴与企业绿色技术创新,84,B,1,magazine_435_articles,财政监督,,D:\openclaw-workspace\knowledge\11-杂志文献\财政监督\16.税收优惠、财政补贴与企业绿色技术创新.md,金融审计 / 国企审计 / 监督检查与经费舞弊,杂志案例算法,风险；损失,数据；清单；指标；样本；资产；税收；资金,模型；指标；回归；分析；验证；研究；体系；机制；方法,案例背景；审计关注点；数据资料；分析方法；疑点发现；核查程序；整改启示,《税收优惠、财政补贴与企业绿色技术创新》映射为金融审计场景的杂志案例算法，可用于案例检索、规则复用和底稿核查。
MAGCASE-0284,MAGBUD-0054,黑龙江省财政厅：召开地方预决算公开检查工作培训会,84,B,1,magazine_435_articles,财政监督,,D:\openclaw-workspace\knowledge\11-杂志文献\财政监督\16.黑龙江省财政厅：召开地方预 决算公开检查工作培训会.md,预算执行与财政管理 / 财政与政府债务 / 绩效评价,杂志证据包,违规；风险；骗补；内控；真实性；绩效；违法；隐患；漏洞,数据；台账；清单；支付；预算；决算；指标；绩效目标；资金；会计,规则；指标；评价；比对；核查；监测；测算；分析；审查；研究,案例背景；审计关注点；数据资料；分析方法；疑点发现；核查程序；整改启示,《黑龙江省财政厅：召开地方预决算公开检查工作培训会》映射为预算执行与财政管理场景的杂志证据包，可用于案例检索、规则复用和底稿核查。
MAGCASE-0285,MAGFIN-0024,PDCA循环理论在高校资金存放管理中的应用探讨,84,B,1,magazine_435_articles,财政监督,,D:\openclaw-workspace\knowledge\11-杂志文献\财政监督\17.PDCA循环理论在高校资金存放管理中的应用探讨.md,金融审计 / 国企审计 / 监督检查与经费舞弊,杂志案例算法,违规；风险；重复；损失；闲置；内控；真实性；绩效；违法；隐患,数据；明细；合同；发票；支付；预算；指标；项目库；审批；采购,指标；评价；评分；关联；识别；测算；分析；审查；研究；体系,案例背景；审计关注点；数据资料；分析方法；疑点发现；核查程序；整改启示,《PDCA循环理论在高校资金存放管理中的应用探讨》映射为金融审计场景的杂志案例算法，可用于案例检索、规则复用和底稿核查。
MAGCASE-0286,MAGSUPV-0103,从浑水做空瑞幸和欢聚集团看新经济对审计的新要求,84,B,1,magazine_435_articles,财政监督,,D:\openclaw-workspace\knowledge\11-杂志文献\财政监督\17.从浑水做空瑞幸和欢聚集团看新经济对审计的新要求.md,监督检查与经费舞弊 / 全场景通用 / 金融审计,杂志案例算法,风险；舞弊；虚假；损失；缺陷,数据；凭证；支付；样本；报表；资产；申报；资金；会计；审计报告,模型；评价；比对；关联；抽样；识别；分析；验证；审查；研究,案例背景；审计关注点；数据资料；分析方法；疑点发现；核查程序；整改启示,《从浑水做空瑞幸和欢聚集团看新经济对审计的新要求》映射为监督检查与经费舞弊场景的杂志案例算法，可用于案例检索、规则复用和底稿核查。
MAGCASE-0287,MAGSOC-0039,内部控制视域下加强地方政府债务风险管理的对策,84,B,1,magazine_435_articles,财政监督,,D:\openclaw-workspace\knowledge\11-杂志文献\财政监督\17.内部控制视域下加强地方政府债务风险管理的对策.md,民生与社保医保 / 预算执行与财政管理 / 招投标与政府采购,杂志案例算法,违规；风险；舞弊；重复；损失；低效；内控；绩效；预警；违法,数据；预算；指标；审批；资产；资金；会计,算法；指标；评价；预警；监测；识别；分析；体系；路径；机制,案例背景；审计关注点；数据资料；分析方法；疑点发现；核查程序；整改启示,《内部控制视域下加强地方政府债务风险管理的对策》映射为民生与社保医保场景的杂志案例算法，可用于案例检索、规则复用和底稿核查。
MAGCASE-0288,MAGFIN-0025,抓早抓小抓长抓常深入推动财政内控提质增效,84,B,1,magazine_435_articles,财政监督,,D:\openclaw-workspace\knowledge\11-杂志文献\财政监督\17.抓早抓小抓长抓常深入推动财政内控提质增效.md,金融审计 / 国企审计 / 监督检查与经费舞弊,杂志案例算法,风险；内控；预警；隐患,支付；税收；资金,评价；关联；预警；研究；体系,案例背景；审计关注点；数据资料；分析方法；疑点发现；核查程序；整改启示,《抓早抓小抓长抓常深入推动财政内控提质增效》映射为金融审计场景的杂志案例算法，可用于案例检索、规则复用和底稿核查。
MAGCASE-0289,MAGBUD-0055,持续推进财政内控建设的实践与思考,84,B,1,magazine_435_articles,财政监督,,D:\openclaw-workspace\knowledge\11-杂志文献\财政监督\17.持续推进财政内控建设的实践与思考.md,预算执行与财政管理 / 财政与政府债务 / 绩效评价,杂志案例算法,风险；内控；预警；漏洞,数据；清单；预算；指标；采购；资产；资金；会计,指标；预警；监测；分析；研究；体系；路径；机制；方法,案例背景；审计关注点；数据资料；分析方法；疑点发现；核查程序；整改启示,《持续推进财政内控建设的实践与思考》映射为预算执行与财政管理场景的杂志案例算法，可用于案例检索、规则复用和底稿核查。
MAGCASE-0290,MAGTAX-0021,监督动态,84,B,1,magazine_435_articles,财政监督,,D:\openclaw-workspace\knowledge\11-杂志文献\财政监督\17.监督动态.md,税务审计 / 预算执行与财政管理 / 财政与政府债务,杂志内控包,违规；内控；违法,数据；预算；资产；会计,分析；研究；体系；机制；方法,案例背景；审计关注点；数据资料；分析方法；疑点发现；核查程序；整改启示,《监督动态》映射为税务审计场景的杂志内控包，可用于案例检索、规则复用和底稿核查。
MAGCASE-0291,MAGSOC-0040,税款滞纳金能否超过本金,84,B,1,magazine_435_articles,财政监督,,D:\openclaw-workspace\knowledge\11-杂志文献\财政监督\17.税款滞纳金能否超过本金.md,民生与社保医保 / 预算执行与财政管理 / 招投标与政府采购,杂志规则包,风险；违法,数据；发票；支付；指标；审批；申报；缴纳；税收,规则；指标；分析；审查；研究；机制,案例背景；审计关注点；数据资料；分析方法；疑点发现；核查程序；整改启示,《税款滞纳金能否超过本金》映射为民生与社保医保场景的杂志规则包，可用于案例检索、规则复用和底稿核查。
MAGCASE-0292,MAGTAX-0022,绩效审计的功能定位与推进路径：基于三种比较视角,84,B,1,magazine_435_articles,财政监督,,D:\openclaw-workspace\knowledge\11-杂志文献\财政监督\17.绩效审计的功能定位与推进路径：基于三种比较视角.md,税务审计 / 预算执行与财政管理 / 财政与政府债务,杂志指标包,风险；损失；缺陷；完整性；绩效；隐患,数据；合同；预算；指标；问卷；绩效目标；资产；税收；资金；会计,指标；评价；评分；分析；审查；研究；体系；路径；机制；方法,案例背景；审计关注点；数据资料；分析方法；疑点发现；核查程序；整改启示,《绩效审计的功能定位与推进路径：基于三种比较视角》映射为税务审计场景的杂志指标包，可用于案例检索、规则复用和底稿核查。
MAGCASE-0293,MAGSUPV-0104,罔顾独立客观必担审计风险,84,B,1,magazine_435_articles,财政监督,,D:\openclaw-workspace\knowledge\11-杂志文献\财政监督\17.罔顾独立客观必担审计风险.md,监督检查与经费舞弊 / 全场景通用 / 金融审计,杂志案例算法,违规；风险；损失；预警；违法,数据；指标；报表；招标；投标；资产；申报；会计；审计报告；工作底稿,规则；指标；比对；预警；分析；方法,案例背景；审计关注点；数据资料；分析方法；疑点发现；核查程序；整改启示,《罔顾独立客观必担审计风险》映射为监督检查与经费舞弊场景的杂志案例算法，可用于案例检索、规则复用和底稿核查。
MAGCASE-0294,MAGFIN-0026,财政政策支持碳减排的路径探析,84,B,1,magazine_435_articles,财政监督,,D:\openclaw-workspace\knowledge\11-杂志文献\财政监督\17.财政政策支持碳减排的路径探析.md,金融审计 / 国企审计 / 监督检查与经费舞弊,杂志指标包,风险；重复；损失；绩效,清单；预算；指标；采购；资产；碳排放；申报；缴纳；税收；资金,指标；分析；体系；路径；机制,案例背景；审计关注点；数据资料；分析方法；疑点发现；核查程序；整改启示,《财政政策支持碳减排的路径探析》映射为金融审计场景的杂志指标包，可用于案例检索、规则复用和底稿核查。
MAGCASE-0295,MAGSUPV-0105,PPP项目税收风险评价研究,84,B,1,magazine_435_articles,财政监督,,D:\openclaw-workspace\knowledge\11-杂志文献\财政监督\18.PPP 项目税收风险评价研究.md,监督检查与经费舞弊 / 全场景通用 / 金融审计,杂志案例算法,风险；重复；损失；违法,数据；清单；合同；发票；支付；指标；项目库；问卷；投标；资产,模型；指标；评价；评分；关联；识别；测算；分析；验证；研究,案例背景；审计关注点；数据资料；分析方法；疑点发现；核查程序；整改启示,《PPP项目税收风险评价研究》映射为监督检查与经费舞弊场景的杂志案例算法，可用于案例检索、规则复用和底稿核查。
MAGCASE-0296,MAGBUD-0056,“四个突出”深化财政内控建设,84,B,1,magazine_435_articles,财政监督,,D:\openclaw-workspace\knowledge\11-杂志文献\财政监督\18.“四个突出”深化财政内控建设.md,预算执行与财政管理 / 财政与政府债务 / 绩效评价,杂志指标包,风险；内控；绩效,合同；预算；审批；资金,规则；评价；核查；研究；体系；机制,案例背景；审计关注点；数据资料；分析方法；疑点发现；核查程序；整改启示,《“四个突出”深化财政内控建设》映射为预算执行与财政管理场景的杂志指标包，可用于案例检索、规则复用和底稿核查。
MAGCASE-0297,MAGFIN-0027,“大智移云物”新技术背景下企业财务管理的优化,84,B,1,magazine_435_articles,财政监督,,D:\openclaw-workspace\knowledge\11-杂志文献\财政监督\18.“大智移云物”新技术背景下企业财务管理的优化.md,金融审计 / 国企审计 / 监督检查与经费舞弊,杂志案例算法,风险；舞弊；损失；真实性；绩效；预警；失真；隐患,数据；支付；预算；报表；审批；资产；税收；资金；会计,关联；预警；识别；分析；勾稽；机制；数字化；大数据；人工智能,案例背景；审计关注点；数据资料；分析方法；疑点发现；核查程序；整改启示,《“大智移云物”新技术背景下企业财务管理的优化》映射为金融审计场景的杂志案例算法，可用于案例检索、规则复用和底稿核查。
MAGCASE-0298,MAGFIN-0028,优化政府投资项目管理对策研究,84,B,1,magazine_435_articles,财政监督,,D:\openclaw-workspace\knowledge\11-杂志文献\财政监督\18.优化政府投资项目管理对策研究.md,金融审计 / 国企审计 / 监督检查与经费舞弊,杂志案例算法,违规；风险；重复；超概算；损失；低效；闲置；滞留；绩效；预警,数据；明细；合同；支付；预算；决算；指标；项目库；问卷；样本,指标；评价；预警；监测；分析；审查；研究；体系；机制；大数据,案例背景；审计关注点；数据资料；分析方法；疑点发现；核查程序；整改启示,《优化政府投资项目管理对策研究》映射为金融审计场景的杂志案例算法，可用于案例检索、规则复用和底稿核查。
MAGCASE-0299,MAGTAX-0023,医药企业境内分拆上市动因及绩效研究,84,B,1,magazine_435_articles,财政监督,,D:\openclaw-workspace\knowledge\11-杂志文献\财政监督\18.医药企业境内分拆上市动因及绩效研究.md,税务审计 / 预算执行与财政管理 / 财政与政府债务,杂志案例算法,风险；闲置；内控；绩效,指标；样本；报表；资产；资金；会计,模型；指标；评价；关联；分析；研究；体系；路径；机制；方法,案例背景；审计关注点；数据资料；分析方法；疑点发现；核查程序；整改启示,《医药企业境内分拆上市动因及绩效研究》映射为税务审计场景的杂志案例算法，可用于案例检索、规则复用和底稿核查。
MAGCASE-0300,MAGSOC-0041,多维度改革创新惠民惠农财政补贴资金“一卡通”监管模式,84,B,1,magazine_435_articles,财政监督,,D:\openclaw-workspace\knowledge\11-杂志文献\财政监督\18.多维度改革创新惠民惠农财政补贴资金 “一卡通”监管模式.md,民生与社保医保 / 预算执行与财政管理 / 招投标与政府采购,杂志案例算法,风险；不合规；绩效；预警；腐败,数据；清单；预算；指标；资金,指标；比对；预警；分析；研究；体系；机制；大数据,案例背景；审计关注点；数据资料；分析方法；疑点发现；核查程序；整改启示,《多维度改革创新惠民惠农财政补贴资金“一卡通”监管模式》映射为民生与社保医保场景的杂志案例算法，可用于案例检索、规则复用和底稿核查。
MAGCASE-0301,MAGFIN-0029,大数据时代内部经济责任审计路径探讨,84,B,1,magazine_435_articles,财政监督,,D:\openclaw-workspace\knowledge\11-杂志文献\财政监督\18.大数据时代内部经济责任审计路径探讨.md,金融审计 / 国企审计 / 监督检查与经费舞弊,杂志案例算法,违规；异常；风险；损失；闲置；内控；绩效,数据；明细；合同；发票；凭证；支付；指标；报表；审批；采购,模型；指标；评价；穿透；关联；抽样；分析；路径；方法；大数据,案例背景；审计关注点；数据资料；分析方法；疑点发现；核查程序；整改启示,《大数据时代内部经济责任审计路径探讨》映射为金融审计场景的杂志案例算法，可用于案例检索、规则复用和底稿核查。
MAGCASE-0302,MAGSOC-0042,平台经济下个人所得税征管问题研究,84,B,1,magazine_435_articles,财政监督,,D:\openclaw-workspace\knowledge\11-杂志文献\财政监督\18.平台经济下个人所得税征管问题研究.md,民生与社保医保 / 预算执行与财政管理 / 招投标与政府采购,杂志案例算法,风险,数据；合同；发票；凭证；支付；流水；结算；资产；申报；缴纳,关联；识别；分析；研究；体系；路径；机制；方法；数字化,案例背景；审计关注点；数据资料；分析方法；疑点发现；核查程序；整改启示,《平台经济下个人所得税征管问题研究》映射为民生与社保医保场景的杂志案例算法，可用于案例检索、规则复用和底稿核查。
MAGCASE-0303,MAGBUD-0057,拟上市民营企业内控体系建设探析与实践,84,B,1,magazine_435_articles,财政监督,,D:\openclaw-workspace\knowledge\11-杂志文献\财政监督\18.拟上市民营企业内控体系建设探析与实践.md,预算执行与财政管理 / 财政与政府债务 / 绩效评价,杂志案例算法,异常；风险；舞弊；重复；损失；内控；缺陷；真实性；绩效；预警,数据；合同；指标；保单；报表；审批；采购；资产；资金,指标；评价；预警；识别；分析；审查；体系；路径；机制；方法,案例背景；审计关注点；数据资料；分析方法；疑点发现；核查程序；整改启示,《拟上市民营企业内控体系建设探析与实践》映射为预算执行与财政管理场景的杂志案例算法，可用于案例检索、规则复用和底稿核查。
MAGCASE-0304,MAGTAX-0024,行政事业单位内部控制问题研究,84,B,1,magazine_435_articles,财政监督,,D:\openclaw-workspace\knowledge\11-杂志文献\财政监督\18.行政事业单位内部控制问题研究.md,税务审计 / 预算执行与财政管理 / 财政与政府债务,杂志指标包,风险；内控；绩效；隐患；漏洞,数据；清单；合同；凭证；预算；决算；指标；审批；采购；资产,指标；评价；核查；研究；体系；机制,案例背景；审计关注点；数据资料；分析方法；疑点发现；核查程序；整改启示,《行政事业单位内部控制问题研究》映射为税务审计场景的杂志指标包，可用于案例检索、规则复用和底稿核查。
MAGCASE-0305,MAGSOC-0043,PPP发展水平与地方财政承受力研究,84,B,1,magazine_435_articles,财政监督,,D:\openclaw-workspace\knowledge\11-杂志文献\财政监督\19.PPP 发展水平与地方财政承受力研究.md,民生与社保医保 / 预算执行与财政管理 / 招投标与政府采购,杂志案例算法,风险；真实性；预警,数据；合同；预算；决算；指标；项目库；样本；报表；税收；资金,模型；指标；评价；关联；回归；预警；监测；分析；验证；研究,案例背景；审计关注点；数据资料；分析方法；疑点发现；核查程序；整改启示,《PPP发展水平与地方财政承受力研究》映射为民生与社保医保场景的杂志案例算法，可用于案例检索、规则复用和底稿核查。
MAGCASE-0306,MAGSOC-0044,地方政府产业投资基金审计质量提升路径探讨,84,B,1,magazine_435_articles,财政监督,,D:\openclaw-workspace\knowledge\11-杂志文献\财政监督\19.地方政府产业投资基金审计质量提升路径探讨.md,民生与社保医保 / 预算执行与财政管理 / 招投标与政府采购,杂志案例算法,违规；风险；套取；损失；闲置；真实性；绩效；偏离；违法,数据；预算；指标；资产；资金,算法；模型；指标；评价；关联；识别；测算；分析；审查；研究,案例背景；审计关注点；数据资料；分析方法；疑点发现；核查程序；整改启示,《地方政府产业投资基金审计质量提升路径探讨》映射为民生与社保医保场景的杂志案例算法，可用于案例检索、规则复用和底稿核查。
MAGCASE-0307,MAGSOC-0045,建筑企业数字化转型的动因与路径研究,84,B,1,magazine_435_articles,财政监督,,D:\openclaw-workspace\knowledge\11-杂志文献\财政监督\19.建筑企业数字化转型的动因与路径研究.md,民生与社保医保 / 预算执行与财政管理 / 招投标与政府采购,杂志案例算法,风险；损失；绩效；预警,数据；合同；预算；指标；报表；资产；资金,模型；规则；指标；评价；预警；监测；测算；分析；研究；体系,案例背景；审计关注点；数据资料；分析方法；疑点发现；核查程序；整改启示,《建筑企业数字化转型的动因与路径研究》映射为民生与社保医保场景的杂志案例算法，可用于案例检索、规则复用和底稿核查。
MAGCASE-0308,MAGSOC-0046,我国房地产企业成本控制问题研究,84,B,1,magazine_435_articles,财政监督,,D:\openclaw-workspace\knowledge\11-杂志文献\财政监督\19.我国房地产企业成本控制问题研究.md,民生与社保医保 / 预算执行与财政管理 / 招投标与政府采购,杂志案例算法,风险；超标；损失；完整性；漏洞,数据；合同；支付；预算；决算；指标；报表；审批；采购；招标,算法；指标；评价；比对；测算；分析；研究；体系；机制；方法,案例背景；审计关注点；数据资料；分析方法；疑点发现；核查程序；整改启示,《我国房地产企业成本控制问题研究》映射为民生与社保医保场景的杂志案例算法，可用于案例检索、规则复用和底稿核查。
MAGCASE-0309,MAGFIN-0030,提升高校财务管理信息化水平的路径分析,84,B,1,magazine_435_articles,财政监督,,D:\openclaw-workspace\knowledge\11-杂志文献\财政监督\19.提升高校财务管理信息化水平的路径分析.md,金融审计 / 国企审计 / 监督检查与经费舞弊,杂志案例算法,风险；重复；损失；低效；内控；真实性；完整性；绩效；隐患,数据；清单；明细；合同；发票；凭证；支付；预算；决算；报表,比对；关联；识别；分析；研究；体系；路径；机制；方法；数字化,案例背景；审计关注点；数据资料；分析方法；疑点发现；核查程序；整改启示,《提升高校财务管理信息化水平的路径分析》映射为金融审计场景的杂志案例算法，可用于案例检索、规则复用和底稿核查。
MAGCASE-0310,MAGFIN-0031,新租赁准则在建筑企业的实施及管理升级,84,B,1,magazine_435_articles,财政监督,,D:\openclaw-workspace\knowledge\11-杂志文献\财政监督\19.新租赁准则在建筑企业的实施及管理升级.md,金融审计 / 国企审计 / 监督检查与经费舞弊,杂志规则包,风险；真实性；预警,数据；明细；合同；支付；指标；报表；资产；资金；会计,模型；指标；关联；预警；识别；体系；机制；方法,案例背景；审计关注点；数据资料；分析方法；疑点发现；核查程序；整改启示,《新租赁准则在建筑企业的实施及管理升级》映射为金融审计场景的杂志规则包，可用于案例检索、规则复用和底稿核查。
MAGCASE-0311,MAGTAX-0025,智慧校园视域下高校财务信息化建设路径探究,84,B,1,magazine_435_articles,财政监督,,D:\openclaw-workspace\knowledge\11-杂志文献\财政监督\19.智慧校园视域下高校财务信息化建设路径探究.md,税务审计 / 预算执行与财政管理 / 财政与政府债务,杂志案例算法,风险；重复；闲置；内控；真实性；完整性,数据；发票；凭证；预算；决算；报表；审批；资金；会计,分析；体系；路径；机制；大数据；人工智能,案例背景；审计关注点；数据资料；分析方法；疑点发现；核查程序；整改启示,《智慧校园视域下高校财务信息化建设路径探究》映射为税务审计场景的杂志案例算法，可用于案例检索、规则复用和底稿核查。
MAGCASE-0312,MAGSUPV-0106,论高质量发展下的企业管理会计升级,84,B,1,magazine_435_articles,财政监督,,D:\openclaw-workspace\knowledge\11-杂志文献\财政监督\19.论高质量发展下的企业管理会计升级.md,监督检查与经费舞弊 / 全场景通用 / 金融审计,杂志案例算法,风险；绩效；预警；隐患；漏洞,数据；台账；清单；合同；预算；指标；采购；结算；资产；资金,模型；规则；指标；评价；预警；监测；识别；分析；研究；体系,案例背景；审计关注点；数据资料；分析方法；疑点发现；核查程序；整改启示,《论高质量发展下的企业管理会计升级》映射为监督检查与经费舞弊场景的杂志案例算法，可用于案例检索、规则复用和底稿核查。
MAGCASE-0313,MAGSUPV-0107,财政部福建监管局：推动中介机构充分发挥执业监督作用,84,B,1,magazine_435_articles,财政监督,,D:\openclaw-workspace\knowledge\11-杂志文献\财政监督\19.财政部福建监管局：推动中介 机构充分发挥执业监督作用.md,监督检查与经费舞弊 / 全场景通用 / 金融审计,杂志案例算法,风险；绩效,数据；审批；采购；结算；资产；资金；会计,比对；分析；体系；机制；方法；大数据,案例背景；审计关注点；数据资料；分析方法；疑点发现；核查程序；整改启示,《财政部福建监管局：推动中介机构充分发挥执业监督作用》映射为监督检查与经费舞弊场景的杂志案例算法，可用于案例检索、规则复用和底稿核查。
MAGCASE-0314,MAGFIN-0032,优化预算执行动态监控体系的思考,84,B,1,magazine_435_articles,财政监督,,D:\openclaw-workspace\knowledge\11-杂志文献\财政监督\2.优化预算执行动态监控体系的思考.md,金融审计 / 国企审计 / 监督检查与经费舞弊,杂志案例算法,违规；风险；内控；绩效；预警；漏洞；腐败,数据；清单；支付；预算；指标；报表；采购；招标；资产；资金,算法；规则；指标；核查；预警；监测；分析；审查；体系；路径,案例背景；审计关注点；数据资料；分析方法；疑点发现；核查程序；整改启示,《优化预算执行动态监控体系的思考》映射为金融审计场景的杂志案例算法，可用于案例检索、规则复用和底稿核查。
MAGCASE-0315,MAGSOC-0047,全成本预算绩效管理优化路径分析,84,B,1,magazine_435_articles,财政监督,,D:\openclaw-workspace\knowledge\11-杂志文献\财政监督\2.全成本预算绩效管理优化路径分析.md,民生与社保医保 / 预算执行与财政管理 / 招投标与政府采购,杂志案例算法,风险；低效；完整性；绩效,数据；台账；支付；预算；指标；项目库；采购；绩效目标；税收；资金,算法；规则；指标；评价；核查；监测；识别；测算；分析；验证,案例背景；审计关注点；数据资料；分析方法；疑点发现；核查程序；整改启示,《全成本预算绩效管理优化路径分析》映射为民生与社保医保场景的杂志案例算法，可用于案例检索、规则复用和底稿核查。
MAGCASE-0316,MAGAGR-0034,农业领域财政支出项目绩效评价思路探析,84,B,1,magazine_435_articles,财政监督,,D:\openclaw-workspace\knowledge\11-杂志文献\财政监督\2.农业领域财政支出项目绩效评价思路探析.md,农业农村审计 / 金融审计 / 财政与政府债务,杂志指标包,违规；风险；挪用；低效；滞留；截留；完整性；绩效,数据；明细；预算；指标；问卷；绩效目标；申报；资金,指标；评价；测算；分析；研究；体系；机制；方法,案例背景；审计关注点；数据资料；分析方法；疑点发现；核查程序；整改启示,《农业领域财政支出项目绩效评价思路探析》映射为农业农村审计场景的杂志指标包，可用于案例检索、规则复用和底稿核查。
MAGCASE-0317,MAGTAX-0026,地方财政内控信息化建设实践与探索,84,B,1,magazine_435_articles,财政监督,,D:\openclaw-workspace\knowledge\11-杂志文献\财政监督\2.地方财政内控信息化建设实践与探索.md,税务审计 / 预算执行与财政管理 / 财政与政府债务,杂志案例算法,风险；内控；缺陷；绩效；预警；隐患；漏洞,数据；台账；清单；合同；支付；预算；指标；项目库；报表；审批,规则；指标；评价；评分；比对；核查；关联；预警；监测；识别,案例背景；审计关注点；数据资料；分析方法；疑点发现；核查程序；整改启示,《地方财政内控信息化建设实践与探索》映射为税务审计场景的杂志案例算法，可用于案例检索、规则复用和底稿核查。
MAGCASE-0318,MAGTAX-0027,完善省以下政府间收入划分的研究,84,B,1,magazine_435_articles,财政监督,,D:\openclaw-workspace\knowledge\11-杂志文献\财政监督\2.完善省以下政府间收入划分的研究.md,税务审计 / 预算执行与财政管理 / 财政与政府债务,杂志规则包,风险,数据；支付；预算；缴纳；税收；资金,测算；分析；研究；体系；方法,案例背景；审计关注点；数据资料；分析方法；疑点发现；核查程序；整改启示,《完善省以下政府间收入划分的研究》映射为税务审计场景的杂志规则包，可用于案例检索、规则复用和底稿核查。
MAGCASE-0319,MAGSUPV-0108,探索采购与绩效融合全过程推动预算绩效管理工作脱虚向实,84,B,1,magazine_435_articles,财政监督,,D:\openclaw-workspace\knowledge\11-杂志文献\财政监督\2.探索采购与绩效融合全过程推动预算绩效管理工作脱虚向实.md,监督检查与经费舞弊 / 全场景通用 / 金融审计,杂志案例算法,缺陷；真实性；完整性；绩效；偏离；预警；失真,数据；合同；支付；预算；指标；采购；招标；绩效目标；资产；申报,指标；评价；评分；关联；回归；预警；分析；体系；路径；机制,案例背景；审计关注点；数据资料；分析方法；疑点发现；核查程序；整改启示,《探索采购与绩效融合全过程推动预算绩效管理工作脱虚向实》映射为监督检查与经费舞弊场景的杂志案例算法，可用于案例检索、规则复用和底稿核查。
MAGCASE-0320,MAGSOC-0048,新时代人大预算审查监督工作创新发展探讨,84,B,1,magazine_435_articles,财政监督,,D:\openclaw-workspace\knowledge\11-杂志文献\财政监督\2.新时代人大预算审查监督工作创新发展探讨.md,民生与社保医保 / 预算执行与财政管理 / 招投标与政府采购,杂志案例算法,违规；风险；真实性；绩效；违法；腐败,数据；清单；支付；预算；决算；指标；绩效目标；资产；税收；资金,算法；指标；穿透；分析；审查；研究；体系；路径；机制；方法,案例背景；审计关注点；数据资料；分析方法；疑点发现；核查程序；整改启示,《新时代人大预算审查监督工作创新发展探讨》映射为民生与社保医保场景的杂志案例算法，可用于案例检索、规则复用和底稿核查。
MAGCASE-0321,MAGTAX-0028,深学细悟习近平新时代中国特色社会主义思想走好新时代新征程财政改革发展之路,84,B,1,magazine_435_articles,财政监督,,D:\openclaw-workspace\knowledge\11-杂志文献\财政监督\2.深学细悟习近平新时代中国特色社会主义思想走好新时代新征程财政改革发展之路.md,税务审计 / 预算执行与财政管理 / 财政与政府债务,杂志案例算法,风险；绩效；隐患；形式主义,清单；支付；预算；税收；资金,研究；体系；机制；方法；数字化,案例背景；审计关注点；数据资料；分析方法；疑点发现；核查程序；整改启示,《深学细悟习近平新时代中国特色社会主义思想走好新时代新征程财政改革发展之路》映射为税务审计场景的杂志案例算法，可用于案例检索、规则复用和底稿核查。
MAGCASE-0322,MAGSUPV-0109,稳中求进扎实做好2023年财政工作,84,B,1,magazine_435_articles,财政监督,,D:\openclaw-workspace\knowledge\11-杂志文献\财政监督\2.稳中求进扎实做好2023年财政工作.md,监督检查与经费舞弊 / 全场景通用 / 金融审计,杂志案例算法,违规；风险；舞弊；绩效；预警；违法；隐患,数据；清单；凭证；支付；预算；采购；资产；税收；资金；会计,规则；评价；预警；监测；研究；体系；机制；数字化；大数据,案例背景；审计关注点；数据资料；分析方法；疑点发现；核查程序；整改启示,《稳中求进扎实做好2023年财政工作》映射为监督检查与经费舞弊场景的杂志案例算法，可用于案例检索、规则复用和底稿核查。
MAGCASE-0323,MAGSUPV-0110,财会监督的历史维度与现实维度,84,B,1,magazine_435_articles,财政监督,,D:\openclaw-workspace\knowledge\11-杂志文献\财政监督\2.财会监督的历史维度与现实维度.md,监督检查与经费舞弊 / 全场景通用 / 金融审计,杂志案例算法,违规；风险；低效；内控；绩效；漏洞；腐败,预算；决算；资产；税收；资金；会计,算法；评价；核查；审查；研究；体系；机制,案例背景；审计关注点；数据资料；分析方法；疑点发现；核查程序；整改启示,《财会监督的历史维度与现实维度》映射为监督检查与经费舞弊场景的杂志案例算法，可用于案例检索、规则复用和底稿核查。
MAGCASE-0324,MAGSOC-0049,财政监督与共同富裕,84,B,1,magazine_435_articles,财政监督,,D:\openclaw-workspace\knowledge\11-杂志文献\财政监督\2.财政监督与共同富裕.md,民生与社保医保 / 预算执行与财政管理 / 招投标与政府采购,杂志指标包,缺陷,支付；预算；缴纳；税收；资金,规则；评价；分析；研究；体系；路径；机制；方法,案例背景；审计关注点；数据资料；分析方法；疑点发现；核查程序；整改启示,《财政监督与共同富裕》映射为民生与社保医保场景的杂志指标包，可用于案例检索、规则复用和底稿核查。
MAGCASE-0325,MAGSUPV-0111,财政部负责人就《关于进一步加强财会监督工作的意见》答记者问,84,B,1,magazine_435_articles,财政监督,,D:\openclaw-workspace\knowledge\11-杂志文献\财政监督\2.财政部负责人就《关于进一步加强财会监督 工作的意见》答记者问.md,监督检查与经费舞弊 / 全场景通用 / 金融审计,杂志内控包,违规；舞弊；违法；失真,资产；资金；会计,体系；机制,案例背景；审计关注点；数据资料；分析方法；疑点发现；核查程序；整改启示,《财政部负责人就《关于进一步加强财会监督工作的意见》答记者问》映射为监督检查与经费舞弊场景的杂志内控包，可用于案例检索、规则复用和底稿核查。
MAGCASE-0326,MAGSOC-0050,重大政策和项目全周期跟踪问效的探索与实践,84,B,1,magazine_435_articles,财政监督,,D:\openclaw-workspace\knowledge\11-杂志文献\财政监督\2.重大政策和项目全周期跟踪问效的探索与实践.md,民生与社保医保 / 预算执行与财政管理 / 招投标与政府采购,杂志案例算法,重复；低效；绩效；偏离；预警；漏洞,清单；预算；资金,评价；预警；分析；研究；体系；路径；机制,案例背景；审计关注点；数据资料；分析方法；疑点发现；核查程序；整改启示,《重大政策和项目全周期跟踪问效的探索与实践》映射为民生与社保医保场景的杂志案例算法，可用于案例检索、规则复用和底稿核查。
MAGCASE-0327,MAGSOC-0051,事业单位财务数智化转型路径研究,84,B,1,magazine_435_articles,财政监督,,D:\openclaw-workspace\knowledge\11-杂志文献\财政监督\20.事业单位财务数智化转型路径研究.md,民生与社保医保 / 预算执行与财政管理 / 招投标与政府采购,杂志案例算法,风险；重复；完整性；绩效；预警；隐患,数据；预算；决算；审批；采购；结算；资产；资金；会计,规则；评价；关联；预警；识别；测算；分析；研究；体系；路径,案例背景；审计关注点；数据资料；分析方法；疑点发现；核查程序；整改启示,《事业单位财务数智化转型路径研究》映射为民生与社保医保场景的杂志案例算法，可用于案例检索、规则复用和底稿核查。
MAGCASE-0328,MAGAGR-0035,农业科研单位生物育种项目资金管理问题研究,84,B,1,magazine_435_articles,财政监督,,D:\openclaw-workspace\knowledge\11-杂志文献\财政监督\20.农业科研单位生物育种项目资金管理问题研究.md,农业农村审计 / 金融审计 / 财政与政府债务,杂志案例算法,风险；重复；超预算；挪用；套取；闲置；内控；完整性；绩效；隐患,数据；台账；明细；合同；支付；预算；决算；指标；问卷；报表,指标；评价；穿透；分析；审查；研究；体系；路径；机制；方法,案例背景；审计关注点；数据资料；分析方法；疑点发现；核查程序；整改启示,《农业科研单位生物育种项目资金管理问题研究》映射为农业农村审计场景的杂志案例算法，可用于案例检索、规则复用和底稿核查。
MAGCASE-0329,MAGSUPV-0112,制造业虚拟价值创造的模式研究,84,B,1,magazine_435_articles,财政监督,,D:\openclaw-workspace\knowledge\11-杂志文献\财政监督\20.制造业虚拟价值创造的模式研究.md,监督检查与经费舞弊 / 全场景通用 / 金融审计,杂志指标包,风险,数据；能耗；资金；会计,分析；研究；体系；路径；方法,案例背景；审计关注点；数据资料；分析方法；疑点发现；核查程序；整改启示,《制造业虚拟价值创造的模式研究》映射为监督检查与经费舞弊场景的杂志指标包，可用于案例检索、规则复用和底稿核查。
MAGCASE-0330,MAGFIN-0033,基于“实质重于形式”原则的现金及现金等价物核算边界问题研究,84,B,1,magazine_435_articles,财政监督,,D:\openclaw-workspace\knowledge\11-杂志文献\财政监督\20.基于“实质重于形式”原则的现金及 现金等价物核算边界问题研究.md,金融审计 / 国企审计 / 监督检查与经费舞弊,杂志指标包,风险；挪用；套取；损失；完整性；失真,数据；凭证；支付；指标；报表；采购；结算；资产；资金；会计,规则；指标；分析；研究；体系；机制,案例背景；审计关注点；数据资料；分析方法；疑点发现；核查程序；整改启示,《基于“实质重于形式”原则的现金及现金等价物核算边界问题研究》映射为金融审计场景的杂志指标包，可用于案例检索、规则复用和底稿核查。
MAGCASE-0331,MAGTAX-0029,强化财政内控建设的实践与思考,84,B,1,magazine_435_articles,财政监督,,D:\openclaw-workspace\knowledge\11-杂志文献\财政监督\20.强化财政内控建设的实践与思考.md,税务审计 / 预算执行与财政管理 / 财政与政府债务,杂志案例算法,违规；风险；内控；绩效；预警；隐患,数据；台账；预算；指标；采购；税收；资金；会计,指标；评价；比对；关联；预警；识别；分析；审查；研究；体系,案例背景；审计关注点；数据资料；分析方法；疑点发现；核查程序；整改启示,《强化财政内控建设的实践与思考》映射为税务审计场景的杂志案例算法，可用于案例检索、规则复用和底稿核查。
MAGCASE-0332,MAGSOC-0052,政策助力县域经济发展,84,B,1,magazine_435_articles,财政监督,,D:\openclaw-workspace\knowledge\11-杂志文献\财政监督\20.政策助力县域经济发展.md,民生与社保医保 / 预算执行与财政管理 / 招投标与政府采购,杂志案例算法,风险,数据；清单；发票；指标；审批；资产；申报；缴纳；税收；资金,指标；评价；比对；核查；测算；分析；检测；审查；研究；体系,案例背景；审计关注点；数据资料；分析方法；疑点发现；核查程序；整改启示,《政策助力县域经济发展》映射为民生与社保医保场景的杂志案例算法，可用于案例检索、规则复用和底稿核查。
MAGCASE-0333,MAGSOC-0053,数智时代企业的业务转型及财务创新,84,B,1,magazine_435_articles,财政监督,,D:\openclaw-workspace\knowledge\11-杂志文献\财政监督\20.数智时代企业的业务转型及财务创新.md,民生与社保医保 / 预算执行与财政管理 / 招投标与政府采购,杂志案例算法,风险；重复；损失；不合规；绩效；预警,数据；预算；指标；报表；采购；结算；资产；碳排放；资金；会计,算法；模型；规则；指标；评价；预警；监测；识别；分析；研究,案例背景；审计关注点；数据资料；分析方法；疑点发现；核查程序；整改启示,《数智时代企业的业务转型及财务创新》映射为民生与社保医保场景的杂志案例算法，可用于案例检索、规则复用和底稿核查。
MAGCASE-0334,MAGBUD-0058,电力物资公司全流程预算绩效管理体系研究,84,B,1,magazine_435_articles,财政监督,,D:\openclaw-workspace\knowledge\11-杂志文献\财政监督\20.电力物资公司全流程预算绩效管理体系研究.md,预算执行与财政管理 / 财政与政府债务 / 绩效评价,杂志案例算法,异常；风险；重复；低效；闲置；绩效；偏离；预警,数据；清单；明细；合同；支付；预算；指标；采购；招标；结算,模型；规则；指标；评价；评分；比对；预警；识别；测算；分析,案例背景；审计关注点；数据资料；分析方法；疑点发现；核查程序；整改启示,《电力物资公司全流程预算绩效管理体系研究》映射为预算执行与财政管理场景的杂志案例算法，可用于案例检索、规则复用和底稿核查。
MAGCASE-0335,MAGTAX-0030,“大数据”背景下提升税式支出管理水平的研究,76,B,1,magazine_435_articles,财政监督,,D:\openclaw-workspace\knowledge\11-杂志文献\财政监督\21.“大数据”背景下提升税式支出管理水平的研究.md,税务审计 / 预算执行与财政管理 / 财政与政府债务,杂志证据包,,数据,研究；大数据,案例背景；审计关注点；数据资料；分析方法；疑点发现；核查程序；整改启示,《“大数据”背景下提升税式支出管理水平的研究》映射为税务审计场景的杂志证据包，可用于案例检索、规则复用和底稿核查。
MAGCASE-0336,MAGSOC-0054,基层央行数字人民币应用的财务问题研究,84,B,1,magazine_435_articles,财政监督,,D:\openclaw-workspace\knowledge\11-杂志文献\财政监督\21.基层央行数字人民币应用的财务问题研究.md,民生与社保医保 / 预算执行与财政管理 / 招投标与政府采购,杂志案例算法,风险；内控；完整性；隐患,数据；明细；合同；凭证；支付；预算；问卷；审批；结算；资产,算法；规则；分析；验证；研究；体系；机制；方法；数字化；大数据,案例背景；审计关注点；数据资料；分析方法；疑点发现；核查程序；整改启示,《基层央行数字人民币应用的财务问题研究》映射为民生与社保医保场景的杂志案例算法，可用于案例检索、规则复用和底稿核查。
MAGCASE-0337,MAGFIN-0034,新形势下商业汇票风险管控体系构建研究,84,B,1,magazine_435_articles,财政监督,,D:\openclaw-workspace\knowledge\11-杂志文献\财政监督\21.新形势下商业汇票风险管控体系构建研究.md,金融审计 / 国企审计 / 监督检查与经费舞弊,杂志案例算法,异常；风险；损失；内控；真实性；完整性；预警,数据；清单；合同；发票；凭证；支付；指标；问卷；报表；采购,模型；指标；评价；评分；预警；识别；测算；分析；检测；研究,案例背景；审计关注点；数据资料；分析方法；疑点发现；核查程序；整改启示,《新形势下商业汇票风险管控体系构建研究》映射为金融审计场景的杂志案例算法，可用于案例检索、规则复用和底稿核查。
MAGCASE-0338,MAGFIN-0035,智慧财务建设助力企业财务转型的探讨,84,B,1,magazine_435_articles,财政监督,,D:\openclaw-workspace\knowledge\11-杂志文献\财政监督\21.智慧财务建设助力企业财务转型的探讨.md,金融审计 / 国企审计 / 监督检查与经费舞弊,杂志案例算法,风险；重复；完整性；预警,数据；台账；发票；凭证；支付；流水；预算；指标；报表；审批,算法；模型；规则；指标；评价；比对；核查；预警；监测；识别,案例背景；审计关注点；数据资料；分析方法；疑点发现；核查程序；整改启示,《智慧财务建设助力企业财务转型的探讨》映射为金融审计场景的杂志案例算法，可用于案例检索、规则复用和底稿核查。
MAGCASE-0339,MAGTAX-0031,社会公众参与预算监督的现状及影响因素分析,84,B,1,magazine_435_articles,财政监督,,D:\openclaw-workspace\knowledge\11-杂志文献\财政监督\21.社会公众参与预算监督的现状及影响因素分析.md,税务审计 / 预算执行与财政管理 / 财政与政府债务,杂志案例算法,风险；完整性；绩效；违法,数据；预算；决算；指标；问卷；样本；报表；审批；采购；税收,算法；模型；规则；指标；评价；关联；回归；分析；验证；审查,案例背景；审计关注点；数据资料；分析方法；疑点发现；核查程序；整改启示,《社会公众参与预算监督的现状及影响因素分析》映射为税务审计场景的杂志案例算法，可用于案例检索、规则复用和底稿核查。
MAGCASE-0340,MAGBUD-0059,21电网企业“双链协同”预算全域管理体系构建研究,84,B,1,magazine_435_articles,财政监督,,D:\openclaw-workspace\knowledge\11-杂志文献\财政监督\21电网企业“双链协同”预算全域管理体系构建研究.md,预算执行与财政管理 / 财政与政府债务 / 绩效评价,杂志案例算法,异常；风险；不合规；绩效；预警,数据；清单；明细；合同；支付；预算；决算；指标；报表；结算,模型；规则；指标；评价；穿透；关联；预警；监测；识别；测算,案例背景；审计关注点；数据资料；分析方法；疑点发现；核查程序；整改启示,《21电网企业“双链协同”预算全域管理体系构建研究》映射为预算执行与财政管理场景的杂志案例算法，可用于案例检索、规则复用和底稿核查。
MAGCASE-0341,MAGSOC-0055,中国税制改革的十年(2012—2022)回顾与前瞻,84,B,1,magazine_435_articles,财政监督,,D:\openclaw-workspace\knowledge\11-杂志文献\财政监督\22.中国税制改革的十年(2012—2022)回顾与前瞻.md,民生与社保医保 / 预算执行与财政管理 / 招投标与政府采购,杂志案例算法,风险；重复；绩效；违法,数据；预算；指标；审批；资产；碳排放；申报；缴纳；税收,规则；指标；监测；识别；分析；体系；路径；机制；方法；大数据,案例背景；审计关注点；数据资料；分析方法；疑点发现；核查程序；整改启示,《中国税制改革的十年(2012—2022)回顾与前瞻》映射为民生与社保医保场景的杂志案例算法，可用于案例检索、规则复用和底稿核查。
MAGCASE-0342,MAGBUD-0060,基于内部模拟市场体系的国网省级营销服务中心预算管理优化探索,84,B,1,magazine_435_articles,财政监督,,D:\openclaw-workspace\knowledge\11-杂志文献\财政监督\22.基于内部模拟市场体系的国网省级营销服务中心预算管理优化探索.md,预算执行与财政管理 / 财政与政府债务 / 绩效评价,杂志案例算法,风险；预警,数据；预算；指标；结算；资产；资金；会计,规则；指标；评价；预警；测算；分析；勾稽；检测；审查；研究,案例背景；审计关注点；数据资料；分析方法；疑点发现；核查程序；整改启示,《基于内部模拟市场体系的国网省级营销服务中心预算管理优化探索》映射为预算执行与财政管理场景的杂志案例算法，可用于案例检索、规则复用和底稿核查。
MAGCASE-0343,MAGTAX-0032,财政补贴对高技术行业企业创新意愿的影响研究,84,B,1,magazine_435_articles,财政监督,,D:\openclaw-workspace\knowledge\11-杂志文献\财政监督\22.财政补贴对高技术行业企业创新意愿的影响研究.md,税务审计 / 预算执行与财政管理 / 财政与政府债务,杂志案例算法,风险；挪用；损失；低效；缺陷；偏离,数据；预算；指标；样本；资产；税收；资金,模型；指标；关联；回归；分析；研究；体系；机制；数字化,案例背景；审计关注点；数据资料；分析方法；疑点发现；核查程序；整改启示,《财政补贴对高技术行业企业创新意愿的影响研究》映射为税务审计场景的杂志案例算法，可用于案例检索、规则复用和底稿核查。
MAGCASE-0344,MAGFIN-0036,基于内控视角的高校所属单位财务监管问题研究,84,B,1,magazine_435_articles,财政监督,,D:\openclaw-workspace\knowledge\11-杂志文献\财政监督\23.基于内控视角的高校所属单位财务监管问题研究.md,金融审计 / 国企审计 / 监督检查与经费舞弊,杂志指标包,异常；风险；内控；绩效；违法；腐败,清单；支付；预算；决算；问卷；样本；报表；结算；资产；资金,规则；评价；分析；研究；体系；机制；方法,案例背景；审计关注点；数据资料；分析方法；疑点发现；核查程序；整改启示,《基于内控视角的高校所属单位财务监管问题研究》映射为金融审计场景的杂志指标包，可用于案例检索、规则复用和底稿核查。
MAGCASE-0345,MAGBUD-0061,基于多维精益管理体系的地市供电企业,84,B,1,magazine_435_articles,财政监督,,D:\openclaw-workspace\knowledge\11-杂志文献\财政监督\23.基于多维精益管理体系的地市供电企业.md,预算执行与财政管理 / 财政与政府债务 / 绩效评价,杂志案例算法,重复；绩效,数据；清单；预算；指标；结算；资产；会计,模型；规则；指标；评价；关联；识别；测算；分析；勾稽；验证,案例背景；审计关注点；数据资料；分析方法；疑点发现；核查程序；整改启示,《基于多维精益管理体系的地市供电企业》映射为预算执行与财政管理场景的杂志案例算法，可用于案例检索、规则复用和底稿核查。
MAGCASE-0346,MAGSOC-0056,数字化背景下企业财务管理转型目标探讨,84,B,1,magazine_435_articles,财政监督,,D:\openclaw-workspace\knowledge\11-杂志文献\财政监督\24.数字化背景下企业财务管理转型目标探讨.md,民生与社保医保 / 预算执行与财政管理 / 招投标与政府采购,杂志案例算法,风险；重复；内控；真实性；预警,数据；支付；流水；预算；指标；报表；采购；资产；资金；会计,指标；预警；分析；研究；体系；路径；机制；数字化；大数据；人工智能,案例背景；审计关注点；数据资料；分析方法；疑点发现；核查程序；整改启示,《数字化背景下企业财务管理转型目标探讨》映射为民生与社保医保场景的杂志案例算法，可用于案例检索、规则复用和底稿核查。
MAGCASE-0347,MAGTAX-0033,数字经济时代企业财务管理变革研究,84,B,1,magazine_435_articles,财政监督,,D:\openclaw-workspace\knowledge\11-杂志文献\财政监督\24.数字经济时代企业财务管理变革研究.md,税务审计 / 预算执行与财政管理 / 财政与政府债务,杂志案例算法,风险；重复；损失；内控；绩效；偏离；预警；失真；隐患,数据；合同；支付；预算；指标；报表；审批；采购；资产；税收,指标；关联；预警；识别；分析；研究；体系；路径；机制；数字化,案例背景；审计关注点；数据资料；分析方法；疑点发现；核查程序；整改启示,《数字经济时代企业财务管理变革研究》映射为税务审计场景的杂志案例算法，可用于案例检索、规则复用和底稿核查。
MAGCASE-0348,MAGFIN-0037,建筑行业货币资金内部控制优化的案例研究,84,B,1,magazine_435_articles,财政监督,,D:\openclaw-workspace\knowledge\11-杂志文献\财政监督\25.建筑行业货币资金内部控制优化的案例研究.md,金融审计 / 国企审计 / 监督检查与经费舞弊,杂志案例算法,违规；风险；舞弊；重复；挪用；套取；损失；截留；内控；缺陷,数据；清单；明细；发票；凭证；支付；预算；审批；结算；资金,预警；识别；分析；审查；研究；体系；机制；数字化；大数据,案例背景；审计关注点；数据资料；分析方法；疑点发现；核查程序；整改启示,《建筑行业货币资金内部控制优化的案例研究》映射为金融审计场景的杂志案例算法，可用于案例检索、规则复用和底稿核查。
MAGCASE-0349,MAGSOC-0057,依法审查监督开拓人大预算审查监督新局面,84,B,1,magazine_435_articles,财政监督,,D:\openclaw-workspace\knowledge\11-杂志文献\财政监督\3.依法审查监督开拓人大预算审查监督新局面.md,民生与社保医保 / 预算执行与财政管理 / 招投标与政府采购,杂志案例算法,风险；绩效,支付；预算；决算；指标；申报；资金；审计报告,算法；指标；评价；分析；审查；研究；体系；机制；方法,案例背景；审计关注点；数据资料；分析方法；疑点发现；核查程序；整改启示,《依法审查监督开拓人大预算审查监督新局面》映射为民生与社保医保场景的杂志案例算法，可用于案例检索、规则复用和底稿核查。
MAGCASE-0350,MAGSUPV-0113,健全现代预算制度助力经济高质量发展,84,B,1,magazine_435_articles,财政监督,,D:\openclaw-workspace\knowledge\11-杂志文献\财政监督\3.健全现代预算制度助力经济高质量发展.md,监督检查与经费舞弊 / 全场景通用 / 金融审计,杂志内控包,违规；风险；重复；低效；闲置；真实性；绩效；预警；违法；隐患,数据；支付；预算；决算；审批；采购；绩效目标；资产；申报；资金,算法；规则；评价；预警；监测；勾稽；研究；体系；机制；方法,案例背景；审计关注点；数据资料；分析方法；疑点发现；核查程序；整改启示,《健全现代预算制度助力经济高质量发展》映射为监督检查与经费舞弊场景的杂志内控包，可用于案例检索、规则复用和底稿核查。
MAGCASE-0351,MAGSUPV-0114,共同富裕背景下完善分配制度的财会监督体系优化研究,84,B,1,magazine_435_articles,财政监督,,D:\openclaw-workspace\knowledge\11-杂志文献\财政监督\3.共同富裕背景下完善分配制度的财会监督体系优化研究.md,监督检查与经费舞弊 / 全场景通用 / 金融审计,杂志内控包,风险；虚假；损失；闲置；偏离；预警；违法,数据；支付；预算；采购；资产；税收；资金；会计；审计报告,算法；预警；分析；研究；体系；路径；机制；大数据,案例背景；审计关注点；数据资料；分析方法；疑点发现；核查程序；整改启示,《共同富裕背景下完善分配制度的财会监督体系优化研究》映射为监督检查与经费舞弊场景的杂志内控包，可用于案例检索、规则复用和底稿核查。
MAGCASE-0352,MAGSUPV-0115,凝心聚力以财政新作为新担当推动高质量发展,84,B,1,magazine_435_articles,财政监督,,D:\openclaw-workspace\knowledge\11-杂志文献\财政监督\3.凝心聚力以财政新作为新担当推动高质量发展.md,监督检查与经费舞弊 / 全场景通用 / 金融审计,杂志案例算法,风险；内控；绩效；预警,支付；预算；资产；税收；资金；会计,规则；评价；预警；监测；分析；研究；体系；机制；方法；数字化,案例背景；审计关注点；数据资料；分析方法；疑点发现；核查程序；整改启示,《凝心聚力以财政新作为新担当推动高质量发展》映射为监督检查与经费舞弊场景的杂志案例算法，可用于案例检索、规则复用和底稿核查。
MAGCASE-0353,MAGSUPV-0116,加快推进我国新型财会监督体系建设的对策研究,84,B,1,magazine_435_articles,财政监督,,D:\openclaw-workspace\knowledge\11-杂志文献\财政监督\3.加快推进我国新型财会监督体系建设的对策研究.md,监督检查与经费舞弊 / 全场景通用 / 金融审计,杂志案例算法,违规；异常；风险；虚假；重复；串标；围标；内控；完整性；绩效,数据；凭证；支付；预算；决算；问卷；报表；采购；招标；投标,算法；规则；评价；关联；预警；分析；研究；体系；机制；大数据,案例背景；审计关注点；数据资料；分析方法；疑点发现；核查程序；整改启示,《加快推进我国新型财会监督体系建设的对策研究》映射为监督检查与经费舞弊场景的杂志案例算法，可用于案例检索、规则复用和底稿核查。
MAGCASE-0354,MAGSUPV-0117,完善重大财政政策绩效评价机制探索,84,B,1,magazine_435_articles,财政监督,,D:\openclaw-workspace\knowledge\11-杂志文献\财政监督\3.完善重大财政政策绩效评价机制探索.md,监督检查与经费舞弊 / 全场景通用 / 金融审计,杂志案例算法,挪用；截留；绩效,数据；清单；预算；指标；问卷；采购；招标；投标；绩效目标；资金,指标；评价；评分；核查；分析；验证；研究；体系；机制；方法,案例背景；审计关注点；数据资料；分析方法；疑点发现；核查程序；整改启示,《完善重大财政政策绩效评价机制探索》映射为监督检查与经费舞弊场景的杂志案例算法，可用于案例检索、规则复用和底稿核查。
MAGCASE-0355,MAGSUPV-0118,强化预算执行监督推进财政预算与绩效管理一体化,84,B,1,magazine_435_articles,财政监督,,D:\openclaw-workspace\knowledge\11-杂志文献\财政监督\3.强化预算执行监督推进财政预算与绩效管理一体化.md,监督检查与经费舞弊 / 全场景通用 / 金融审计,杂志案例算法,风险；损失；绩效；隐患,数据；支付；预算；指标；问卷；审批；结算；绩效目标；资金,指标；评价；核查；分析；研究；体系；机制；方法；大数据,案例背景；审计关注点；数据资料；分析方法；疑点发现；核查程序；整改启示,《强化预算执行监督推进财政预算与绩效管理一体化》映射为监督检查与经费舞弊场景的杂志案例算法，可用于案例检索、规则复用和底稿核查。
MAGCASE-0356,MAGBUD-0062,政府补贴项目全成本预算绩效管理实践探索,84,B,1,magazine_435_articles,财政监督,,D:\openclaw-workspace\knowledge\11-杂志文献\财政监督\3.政府补贴项目全成本预算绩效管理实践探索.md,预算执行与财政管理 / 财政与政府债务 / 绩效评价,杂志案例算法,异常；损失；低效；绩效,数据；合同；预算；决算；指标；项目库；采购；绩效目标；申报；资金,指标；评价；关联；监测；测算；分析；审查；研究；体系；机制,案例背景；审计关注点；数据资料；分析方法；疑点发现；核查程序；整改启示,《政府补贴项目全成本预算绩效管理实践探索》映射为预算执行与财政管理场景的杂志案例算法，可用于案例检索、规则复用和底稿核查。
MAGCASE-0357,MAGBUD-0063,政府采购预算绩效管理实践及建议,84,B,1,magazine_435_articles,财政监督,,D:\openclaw-workspace\knowledge\11-杂志文献\财政监督\3.政府采购预算绩效管理实践及建议.md,预算执行与财政管理 / 财政与政府债务 / 绩效评价,杂志案例算法,串标；围标；绩效,数据；合同；支付；预算；指标；项目库；审批；采购；招标；投标,算法；指标；评价；研究；体系；路径；机制；方法,案例背景；审计关注点；数据资料；分析方法；疑点发现；核查程序；整改启示,《政府采购预算绩效管理实践及建议》映射为预算执行与财政管理场景的杂志案例算法，可用于案例检索、规则复用和底稿核查。
MAGCASE-0358,MAGAGR-0036,涉农整合类项目绩效重点评价的难点及解决思路,84,B,1,magazine_435_articles,财政监督,,D:\openclaw-workspace\knowledge\11-杂志文献\财政监督\3.涉农整合类项目绩效重点评价的难点及解决思路.md,农业农村审计 / 金融审计 / 财政与政府债务,杂志指标包,重复；绩效,数据；预算；指标；问卷；绩效目标；资金,指标；评价；评分；关联；抽样；分析；研究；体系；路径；机制,案例背景；审计关注点；数据资料；分析方法；疑点发现；核查程序；整改启示,《涉农整合类项目绩效重点评价的难点及解决思路》映射为农业农村审计场景的杂志指标包，可用于案例检索、规则复用和底稿核查。
MAGCASE-0359,MAGSUPV-0119,积极打造财会监督“山东特色”服务保障经济社会高质量发展,84,B,1,magazine_435_articles,财政监督,,D:\openclaw-workspace\knowledge\11-杂志文献\财政监督\3.积极打造财会监督“山东特色” 服务保障经济社会高质量发展.md,监督检查与经费舞弊 / 全场景通用 / 金融审计,杂志案例算法,违规；风险；内控；绩效；预警；违法,数据；预算；指标；采购；资产；资金；会计,指标；核查；预警；体系；机制；大数据,案例背景；审计关注点；数据资料；分析方法；疑点发现；核查程序；整改启示,《积极打造财会监督“山东特色”服务保障经济社会高质量发展》映射为监督检查与经费舞弊场景的杂志案例算法，可用于案例检索、规则复用和底稿核查。
MAGCASE-0360,MAGAGR-0037,规范省以下财政管理的困境及建议,84,B,1,magazine_435_articles,财政监督,,D:\openclaw-workspace\knowledge\11-杂志文献\财政监督\3.规范省以下财政管理的困境及建议.md,农业农村审计 / 金融审计 / 财政与政府债务,杂志规则包,违规；风险；隐患,数据；清单；合同；支付；预算；审批；结算；资产；税收；资金,算法；分析；研究；机制；方法；大数据,案例背景；审计关注点；数据资料；分析方法；疑点发现；核查程序；整改启示,《规范省以下财政管理的困境及建议》映射为农业农村审计场景的杂志规则包，可用于案例检索、规则复用和底稿核查。
MAGCASE-0361,MAGBUD-0064,财会监督新形势下内控信息化建设路径实践和探讨,84,B,1,magazine_435_articles,财政监督,,D:\openclaw-workspace\knowledge\11-杂志文献\财政监督\3.财会监督新形势下内控信息化建设路径实践和探讨.md,预算执行与财政管理 / 财政与政府债务 / 绩效评价,杂志案例算法,违规；风险；内控；缺陷；绩效；预警；漏洞,数据；清单；支付；预算；指标；项目库；资产；资金,规则；指标；评价；核查；预警；分析；研究；体系；路径；机制,案例背景；审计关注点；数据资料；分析方法；疑点发现；核查程序；整改启示,《财会监督新形势下内控信息化建设路径实践和探讨》映射为预算执行与财政管理场景的杂志案例算法，可用于案例检索、规则复用和底稿核查。
MAGCASE-0362,MAGFIN-0038,从内部控制信息化角度探索财会监督新模式,84,B,1,magazine_435_articles,财政监督,,D:\openclaw-workspace\knowledge\11-杂志文献\财政监督\4.从内部控制信息化角度探索财会监督新模式.md,金融审计 / 国企审计 / 监督检查与经费舞弊,杂志案例算法,违规；风险；内控；不合规；真实性；偏离；失真；漏洞,数据；清单；明细；合同；发票；凭证；支付；预算；问卷；审批,规则；评价；核查；测算；分析；研究；体系；机制；大数据,案例背景；审计关注点；数据资料；分析方法；疑点发现；核查程序；整改启示,《从内部控制信息化角度探索财会监督新模式》映射为金融审计场景的杂志案例算法，可用于案例检索、规则复用和底稿核查。
MAGCASE-0363,MAGSOC-0058,全成本预算绩效管理实例分析,84,B,1,magazine_435_articles,财政监督,,D:\openclaw-workspace\knowledge\11-杂志文献\财政监督\4.全成本预算绩效管理实例分析.md,民生与社保医保 / 预算执行与财政管理 / 招投标与政府采购,杂志案例算法,损失；低效；闲置；绩效,数据；清单；合同；发票；凭证；支付；预算；指标；问卷；采购,指标；评价；测算；分析；验证；审查；研究；体系；路径；机制,案例背景；审计关注点；数据资料；分析方法；疑点发现；核查程序；整改启示,《全成本预算绩效管理实例分析》映射为民生与社保医保场景的杂志案例算法，可用于案例检索、规则复用和底稿核查。
MAGCASE-0364,MAGAGR-0038,共同富裕目标下财会监督的重要使命探讨,84,B,1,magazine_435_articles,财政监督,,D:\openclaw-workspace\knowledge\11-杂志文献\财政监督\4.共同富裕目标下财会监督的重要使命探讨.md,农业农村审计 / 金融审计 / 财政与政府债务,杂志案例算法,违规；风险；损失；违法；隐患；漏洞,支付；预算；资产；申报；税收；资金,规则；关联；分析；体系；机制；数字化,案例背景；审计关注点；数据资料；分析方法；疑点发现；核查程序；整改启示,《共同富裕目标下财会监督的重要使命探讨》映射为农业农村审计场景的杂志案例算法，可用于案例检索、规则复用和底稿核查。
MAGCASE-0365,MAGAGR-0039,关于完善省以下转移支付制度的思考,84,B,1,magazine_435_articles,财政监督,,D:\openclaw-workspace\knowledge\11-杂志文献\财政监督\4.关于完善省以下转移支付制度的思考.md,农业农村审计 / 金融审计 / 财政与政府债务,杂志规则包,违规；风险；挪用；闲置；滞留；绩效；偏离,数据；合同；支付；预算；指标；项目库；投标；绩效目标；申报；税收,算法；指标；评价；核查；分析；研究；体系；机制,案例背景；审计关注点；数据资料；分析方法；疑点发现；核查程序；整改启示,《关于完善省以下转移支付制度的思考》映射为农业农村审计场景的杂志规则包，可用于案例检索、规则复用和底稿核查。
MAGCASE-0366,MAGSOC-0059,大数据背景下完善预算执行动态监控机制探索,84,B,1,magazine_435_articles,财政监督,,D:\openclaw-workspace\knowledge\11-杂志文献\财政监督\4.大数据背景下完善预算执行动态监控机制探索.md,民生与社保医保 / 预算执行与财政管理 / 招投标与政府采购,杂志案例算法,违规；异常；风险；虚假；低效；不合规；绩效；预警；违法；漏洞,数据；支付；预算；决算；审批；绩效目标；资金,算法；规则；核查；预警；监测；识别；分析；审查；体系；机制,案例背景；审计关注点；数据资料；分析方法；疑点发现；核查程序；整改启示,《大数据背景下完善预算执行动态监控机制探索》映射为民生与社保医保场景的杂志案例算法，可用于案例检索、规则复用和底稿核查。
MAGCASE-0367,MAGSOC-0060,完善地方人大预算绩效监督的思考,84,B,1,magazine_435_articles,财政监督,,D:\openclaw-workspace\knowledge\11-杂志文献\财政监督\4.完善地方人大预算绩效监督的思考.md,民生与社保医保 / 预算执行与财政管理 / 招投标与政府采购,杂志案例算法,风险；内控；绩效；偏离；预警,数据；支付；预算；决算；指标；审批；绩效目标；资产；资金；审计报告,算法；模型；指标；评价；预警；分析；检测；审查；研究；体系,案例背景；审计关注点；数据资料；分析方法；疑点发现；核查程序；整改启示,《完善地方人大预算绩效监督的思考》映射为民生与社保医保场景的杂志案例算法，可用于案例检索、规则复用和底稿核查。
MAGCASE-0368,MAGSOC-0061,强化重大财政政策评价全面推进预算绩效管理,84,B,1,magazine_435_articles,财政监督,,D:\openclaw-workspace\knowledge\11-杂志文献\财政监督\4.强化重大财政政策评价全面推进预算绩效管理.md,民生与社保医保 / 预算执行与财政管理 / 招投标与政府采购,杂志指标包,完整性；绩效,数据；支付；预算；决算；指标；资金,指标；评价；关联；分析；研究；体系；机制,案例背景；审计关注点；数据资料；分析方法；疑点发现；核查程序；整改启示,《强化重大财政政策评价全面推进预算绩效管理》映射为民生与社保医保场景的杂志指标包，可用于案例检索、规则复用和底稿核查。
MAGCASE-0369,MAGAGR-0040,接续奋进有力保障全面推进中国式现代化,84,B,1,magazine_435_articles,财政监督,,D:\openclaw-workspace\knowledge\11-杂志文献\财政监督\4.接续奋进有力保障全面推进中国式现代化.md,农业农村审计 / 金融审计 / 财政与政府债务,杂志案例算法,违规；风险；损失；绩效；预警；违法；隐患；漏洞,清单；支付；预算；指标；审批；采购；资产；税收；资金；会计,指标；穿透；预警；监测；研究；体系；路径；机制；数字化,案例背景；审计关注点；数据资料；分析方法；疑点发现；核查程序；整改启示,《接续奋进有力保障全面推进中国式现代化》映射为农业农村审计场景的杂志案例算法，可用于案例检索、规则复用和底稿核查。
MAGCASE-0370,MAGAGR-0041,新历史起点上积极的财政政策,84,B,1,magazine_435_articles,财政监督,,D:\openclaw-workspace\knowledge\11-杂志文献\财政监督\4.新历史起点上积极的财政政策.md,农业农村审计 / 金融审计 / 财政与政府债务,杂志案例算法,风险；截留；绩效,数据；支付；预算；指标；资产；税收；资金,规则；指标；评价；关联；回归；监测；分析；研究；体系；路径,案例背景；审计关注点；数据资料；分析方法；疑点发现；核查程序；整改启示,《新历史起点上积极的财政政策》映射为农业农村审计场景的杂志案例算法，可用于案例检索、规则复用和底稿核查。
MAGCASE-0371,MAGSUPV-0120,新时代加强财会监督的应然之义、方向及举措,84,B,1,magazine_435_articles,财政监督,,D:\openclaw-workspace\knowledge\11-杂志文献\财政监督\4.新时代加强财会监督的应然之义、方向及举措.md,监督检查与经费舞弊 / 全场景通用 / 金融审计,杂志案例算法,违规；风险；舞弊；违法；失真,数据；台账；预算；资产；资金；会计,算法；评价；分析；研究；体系；机制；方法；数字化,案例背景；审计关注点；数据资料；分析方法；疑点发现；核查程序；整改启示,《新时代加强财会监督的应然之义、方向及举措》映射为监督检查与经费舞弊场景的杂志案例算法，可用于案例检索、规则复用和底稿核查。
MAGCASE-0372,MAGTAX-0034,服务类政府采购项目绩效评价研究,84,B,1,magazine_435_articles,财政监督,,D:\openclaw-workspace\knowledge\11-杂志文献\财政监督\4.服务类政府采购项目绩效评价研究.md,税务审计 / 预算执行与财政管理 / 财政与政府债务,杂志案例算法,重复；内控；绩效,合同；支付；预算；指标；审批；采购；招标；投标；结算；绩效目标,算法；指标；评价；穿透；测算；分析；研究；体系；机制；方法,案例背景；审计关注点；数据资料；分析方法；疑点发现；核查程序；整改启示,《服务类政府采购项目绩效评价研究》映射为税务审计场景的杂志案例算法，可用于案例检索、规则复用和底稿核查。
MAGCASE-0373,MAGAGR-0042,构建农业科技成果转化交易效果评价指标体系,84,B,1,magazine_435_articles,财政监督,,D:\openclaw-workspace\knowledge\11-杂志文献\财政监督\4.构建农业科技成果转化交易效果评价指标体系.md,农业农村审计 / 金融审计 / 财政与政府债务,杂志案例算法,绩效,数据；合同；指标；申报；资金,模型；指标；评价；评分；分析；研究；体系；机制,案例背景；审计关注点；数据资料；分析方法；疑点发现；核查程序；整改启示,《构建农业科技成果转化交易效果评价指标体系》映射为农业农村审计场景的杂志案例算法，可用于案例检索、规则复用和底稿核查。
MAGCASE-0374,MAGSUPV-0121,着力“四个强化”推动四川财会监督工作再上新台阶,84,B,1,magazine_435_articles,财政监督,,D:\openclaw-workspace\knowledge\11-杂志文献\财政监督\4.着力“四个强化”推动四川财会监督工作 再上新台阶.md,监督检查与经费舞弊 / 全场景通用 / 金融审计,杂志案例算法,违规；风险；舞弊；虚假；挪用；截留；内控；绩效；预警；失真,数据；清单；预算；决算；审批；采购；绩效目标；资产；申报；缴纳,核查；穿透；关联；预警；分析；研究；机制,案例背景；审计关注点；数据资料；分析方法；疑点发现；核查程序；整改启示,《着力“四个强化”推动四川财会监督工作再上新台阶》映射为监督检查与经费舞弊场景的杂志案例算法，可用于案例检索、规则复用和底稿核查。
MAGCASE-0375,MAGTAX-0035,中国增值税制度的演进和展望(上),84,B,1,magazine_435_articles,财政监督,,D:\openclaw-workspace\knowledge\11-杂志文献\财政监督\5.中国增值税制度的演进和展望(上).md,税务审计 / 预算执行与财政管理 / 财政与政府债务,杂志规则包,重复,发票；支付；预算；决算；采购；资产；缴纳；税收；会计,测算；研究；机制；方法,案例背景；审计关注点；数据资料；分析方法；疑点发现；核查程序；整改启示,《中国增值税制度的演进和展望(上)》映射为税务审计场景的杂志规则包，可用于案例检索、规则复用和底稿核查。
MAGCASE-0376,MAGSOC-0062,以人大预算审查监督防范地方财政风险,84,B,1,magazine_435_articles,财政监督,,D:\openclaw-workspace\knowledge\11-杂志文献\财政监督\5.以人大预算审查监督防范地方财政风险.md,民生与社保医保 / 预算执行与财政管理 / 招投标与政府采购,杂志案例算法,违规；风险；低效；绩效；偏离；预警,数据；支付；预算；决算；指标；项目库；样本；审批；绩效目标；资产,指标；评价；预警；监测；测算；分析；审查；体系；路径；方法,案例背景；审计关注点；数据资料；分析方法；疑点发现；核查程序；整改启示,《以人大预算审查监督防范地方财政风险》映射为民生与社保医保场景的杂志案例算法，可用于案例检索、规则复用和底稿核查。
MAGCASE-0377,MAGTAX-0036,以内控信息化加快推进财政数字化改革的探索,84,B,1,magazine_435_articles,财政监督,,D:\openclaw-workspace\knowledge\11-杂志文献\财政监督\5.以内控信息化加快推进财政数字化改革的探索.md,税务审计 / 预算执行与财政管理 / 财政与政府债务,杂志案例算法,风险；舞弊；重复；损失；内控；完整性；绩效；预警；漏洞；腐败,数据；清单；支付；预算；指标；问卷；报表；审批；采购；资产,规则；指标；评价；穿透；预警；监测；识别；分析；审查；研究,案例背景；审计关注点；数据资料；分析方法；疑点发现；核查程序；整改启示,《以内控信息化加快推进财政数字化改革的探索》映射为税务审计场景的杂志案例算法，可用于案例检索、规则复用和底稿核查。
MAGCASE-0378,MAGAGR-0043,加力提效统筹合力助推中国式现代化开局起步,84,B,1,magazine_435_articles,财政监督,,D:\openclaw-workspace\knowledge\11-杂志文献\财政监督\5.加力提效统筹合力助推中国式现代化开局起步.md,农业农村审计 / 金融审计 / 财政与政府债务,杂志案例算法,违规；风险；闲置,数据；支付；预算；样本；资产；税收；资金,分析；研究；体系；机制；大数据,案例背景；审计关注点；数据资料；分析方法；疑点发现；核查程序；整改启示,《加力提效统筹合力助推中国式现代化开局起步》映射为农业农村审计场景的杂志案例算法，可用于案例检索、规则复用和底稿核查。
MAGCASE-0379,MAGBUD-0065,加快建构新时代财会监督长效机制的治理路径,84,B,1,magazine_435_articles,财政监督,,D:\openclaw-workspace\knowledge\11-杂志文献\财政监督\5.加快建构新时代财会监督长效机制的治理路径.md,预算执行与财政管理 / 财政与政府债务 / 绩效评价,杂志案例算法,违规；风险；舞弊；重复；绩效；违法,数据；预算；指标；采购；资产；资金；会计,算法；规则；指标；评价；关联；识别；审查；研究；体系；路径,案例背景；审计关注点；数据资料；分析方法；疑点发现；核查程序；整改启示,《加快建构新时代财会监督长效机制的治理路径》映射为预算执行与财政管理场景的杂志案例算法，可用于案例检索、规则复用和底稿核查。
MAGCASE-0380,MAGAGR-0044,回顾与展望：新时代财税改革助推中国式现代化,84,B,1,magazine_435_articles,财政监督,,D:\openclaw-workspace\knowledge\11-杂志文献\财政监督\5.回顾与展望：新时代财税改革助推中国式现代化.md,农业农村审计 / 金融审计 / 财政与政府债务,杂志案例算法,违规；风险；违法,支付；预算；采购；碳排放；缴纳；税收；资金；会计,规则；研究；体系；路径；机制；数字化,案例背景；审计关注点；数据资料；分析方法；疑点发现；核查程序；整改启示,《回顾与展望：新时代财税改革助推中国式现代化》映射为农业农村审计场景的杂志案例算法，可用于案例检索、规则复用和底稿核查。
MAGCASE-0381,MAGSUPV-0122,围绕中心任务聚焦核心职能推动财会监督工作高质量发展,84,B,1,magazine_435_articles,财政监督,,D:\openclaw-workspace\knowledge\11-杂志文献\财政监督\5.围绕中心任务聚焦核心职能推动财会监督工作高质量发展.md,监督检查与经费舞弊 / 全场景通用 / 金融审计,杂志案例算法,违规；风险；绩效；隐患,数据；台账；支付；预算；决算；指标；会计；审计报告,指标；评价；比对；关联；监测；分析；体系；机制,案例背景；审计关注点；数据资料；分析方法；疑点发现；核查程序；整改启示,《围绕中心任务聚焦核心职能推动财会监督工作高质量发展》映射为监督检查与经费舞弊场景的杂志案例算法，可用于案例检索、规则复用和底稿核查。
MAGCASE-0382,MAGAGR-0045,基于“当下改”和“长久立”的常态化预算执行监控机制研究,84,B,1,magazine_435_articles,财政监督,,D:\openclaw-workspace\knowledge\11-杂志文献\财政监督\5.基于“当下改”和“长久立”的常态化预算执行监控机制研究.md,农业农村审计 / 金融审计 / 财政与政府债务,杂志案例算法,异常；损失；真实性；绩效；预警；违法；漏洞；腐败,数据；支付；预算；决算；采购；资金,算法；规则；关联；预警；分析；研究；体系；机制；大数据；人工智能,案例背景；审计关注点；数据资料；分析方法；疑点发现；核查程序；整改启示,《基于“当下改”和“长久立”的常态化预算执行监控机制研究》映射为农业农村审计场景的杂志案例算法，可用于案例检索、规则复用和底稿核查。
MAGCASE-0383,MAGAGR-0046,现代农业产业技术体系创新团队建设项目绩效评价指标体系构建,84,B,1,magazine_435_articles,财政监督,,D:\openclaw-workspace\knowledge\11-杂志文献\财政监督\5.现代农业产业技术体系创新团队建设项目绩效评价指标体系构建.md,农业农村审计 / 金融审计 / 财政与政府债务,杂志案例算法,完整性；绩效；预警,数据；指标；问卷；绩效目标；资金,模型；指标；评价；回归；预警；监测；分析；研究；体系；路径,案例背景；审计关注点；数据资料；分析方法；疑点发现；核查程序；整改启示,《现代农业产业技术体系创新团队建设项目绩效评价指标体系构建》映射为农业农村审计场景的杂志案例算法，可用于案例检索、规则复用和底稿核查。
MAGCASE-0384,MAGSOC-0063,财政分权、审计监督与区域绿色创新(下),84,B,1,magazine_435_articles,财政监督,,D:\openclaw-workspace\knowledge\11-杂志文献\财政监督\5.财政分权、审计监督与区域绿色创新(下).md,民生与社保医保 / 预算执行与财政管理 / 招投标与政府采购,杂志案例算法,腐败,数据；预算；指标；样本；资金,模型；规则；指标；回归；分析；验证；研究；体系；机制；方法,案例背景；审计关注点；数据资料；分析方法；疑点发现；核查程序；整改启示,《财政分权、审计监督与区域绿色创新(下)》映射为民生与社保医保场景的杂志案例算法，可用于案例检索、规则复用和底稿核查。
MAGCASE-0385,MAGSOC-0064,财政支出政策绩效评价思路研究与应用,84,B,1,magazine_435_articles,财政监督,,D:\openclaw-workspace\knowledge\11-杂志文献\财政监督\5.财政支出政策绩效评价思路研究与应用.md,民生与社保医保 / 预算执行与财政管理 / 招投标与政府采购,杂志指标包,绩效,支付；预算；指标；采购；招标；绩效目标；资产；碳排放；资金,指标；评价；评分；关联；分析；研究；体系；机制；方法,案例背景；审计关注点；数据资料；分析方法；疑点发现；核查程序；整改启示,《财政支出政策绩效评价思路研究与应用》映射为民生与社保医保场景的杂志指标包，可用于案例检索、规则复用和底稿核查。
MAGCASE-0386,MAGSOC-0065,财政资金采购医疗设备绩效管理探讨,84,B,1,magazine_435_articles,财政监督,,D:\openclaw-workspace\knowledge\11-杂志文献\财政监督\5.财政资金采购医疗设备绩效管理探讨.md,民生与社保医保 / 预算执行与财政管理 / 招投标与政府采购,杂志案例算法,风险；低效；闲置；真实性；绩效；漏洞,数据；合同；预算；决算；指标；审批；采购；招标；投标；绩效目标,指标；评价；评分；分析；研究；体系；机制；方法,案例背景；审计关注点；数据资料；分析方法；疑点发现；核查程序；整改启示,《财政资金采购医疗设备绩效管理探讨》映射为民生与社保医保场景的杂志案例算法，可用于案例检索、规则复用和底稿核查。
MAGCASE-0387,MAGSOC-0066,部门整体成本预算绩效分析思路研究,84,B,1,magazine_435_articles,财政监督,,D:\openclaw-workspace\knowledge\11-杂志文献\财政监督\5.部门整体成本预算绩效分析思路研究.md,民生与社保医保 / 预算执行与财政管理 / 招投标与政府采购,杂志案例算法,异常；绩效,数据；明细；凭证；预算；决算；资产；申报；资金,评价；关联；识别；测算；分析；研究；体系；机制；方法；大数据,案例背景；审计关注点；数据资料；分析方法；疑点发现；核查程序；整改启示,《部门整体成本预算绩效分析思路研究》映射为民生与社保医保场景的杂志案例算法，可用于案例检索、规则复用和底稿核查。
MAGCASE-0388,MAGSUPV-0123,不断深化认识努力提升财会监督质效,84,B,1,magazine_435_articles,财政监督,,D:\openclaw-workspace\knowledge\11-杂志文献\财政监督\6.不断深化认识努力提升财会监督质效.md,监督检查与经费舞弊 / 全场景通用 / 金融审计,杂志案例算法,异常；风险；闲置,数据；预算；决算；指标；报表；资产；缴纳；资金；会计,指标；核查；监测；分析；研究；体系；路径；机制；方法,案例背景；审计关注点；数据资料；分析方法；疑点发现；核查程序；整改启示,《不断深化认识努力提升财会监督质效》映射为监督检查与经费舞弊场景的杂志案例算法，可用于案例检索、规则复用和底稿核查。
MAGCASE-0389,MAGSUPV-0124,乡村振兴背景下财政支农资金绩效评价指标优化研究,84,B,1,magazine_435_articles,财政监督,,D:\openclaw-workspace\knowledge\11-杂志文献\财政监督\6.乡村振兴背景下财政支农资金绩效评价指标优化研究。.md,监督检查与经费舞弊 / 全场景通用 / 金融审计,杂志指标包,重复；绩效,数据；预算；决算；指标；问卷；审批；采购；投标；绩效目标；申报,指标；评价；评分；核查；测算；分析；研究；体系；机制；方法,案例背景；审计关注点；数据资料；分析方法；疑点发现；核查程序；整改启示,《乡村振兴背景下财政支农资金绩效评价指标优化研究》映射为监督检查与经费舞弊场景的杂志指标包，可用于案例检索、规则复用和底稿核查。
MAGCASE-0390,MAGSOC-0067,关注地方预决算公开度排行榜,84,B,1,magazine_435_articles,财政监督,,D:\openclaw-workspace\knowledge\11-杂志文献\财政监督\6.关注地方预决算公开度排行榜.md,民生与社保医保 / 预算执行与财政管理 / 招投标与政府采购,杂志案例算法,违规；风险；真实性；完整性；绩效；违法；隐患,数据；支付；预算；决算；指标；报表；审批；采购；绩效目标；税收,算法；指标；评价；核查；穿透；关联；分析；勾稽；研究；体系,案例背景；审计关注点；数据资料；分析方法；疑点发现；核查程序；整改启示,《关注地方预决算公开度排行榜》映射为民生与社保医保场景的杂志案例算法，可用于案例检索、规则复用和底稿核查。
MAGCASE-0391,MAGAGR-0047,商鞅变法的国家治理意义与儒法合流的公共经济内涵（上）,84,B,1,magazine_435_articles,财政监督,,D:\openclaw-workspace\knowledge\11-杂志文献\财政监督\6.商鞅变法的国家治理意义与儒法合流的公共经济内涵（上）.md,农业农村审计 / 金融审计 / 财政与政府债务,杂志指标包,风险；缺陷；绩效,合同；税收,回归；分析；研究；体系；路径；机制,案例背景；审计关注点；数据资料；分析方法；疑点发现；核查程序；整改启示,《商鞅变法的国家治理意义与儒法合流的公共经济内涵（上）》映射为农业农村审计场景的杂志指标包，可用于案例检索、规则复用和底稿核查。
MAGCASE-0392,MAGBUD-0066,商鞅变法的国家治理意义与儒法合流的公共经济内涵（下）,76,B,1,magazine_435_articles,财政监督,,D:\openclaw-workspace\knowledge\11-杂志文献\财政监督\6.商鞅变法的国家治理意义与儒法合流的公共经济内涵（下）.md,预算执行与财政管理 / 财政与政府债务 / 绩效评价,杂志指标包,绩效；腐败,,规则；分析；研究；体系；路径；机制,案例背景；审计关注点；数据资料；分析方法；疑点发现；核查程序；整改启示,《商鞅变法的国家治理意义与儒法合流的公共经济内涵（下）》映射为预算执行与财政管理场景的杂志指标包，可用于案例检索、规则复用和底稿核查。
MAGCASE-0393,MAGFIN-0039,国内外“漂绿”研究进展比较分析(2002—2022)(上),84,B,1,magazine_435_articles,财政监督,,D:\openclaw-workspace\knowledge\11-杂志文献\财政监督\6.国内外“漂绿”研究进展比较分析(2002—2022)(上).md,金融审计 / 国企审计 / 监督检查与经费舞弊,杂志案例算法,风险；虚假；绩效,数据；资产；税收；资金；会计,模型；聚类；分析；审查；研究；体系；路径；机制,案例背景；审计关注点；数据资料；分析方法；疑点发现；核查程序；整改启示,《国内外“漂绿”研究进展比较分析(2002—2022)(上)》映射为金融审计场景的杂志案例算法，可用于案例检索、规则复用和底稿核查。
MAGCASE-0394,MAGSUPV-0125,我国财政机构设置基本架构的内在逻辑探析(上),84,B,1,magazine_435_articles,财政监督,,D:\openclaw-workspace\knowledge\11-杂志文献\财政监督\6.我国财政机构设置基本架构的内在逻辑探析(上).md,监督检查与经费舞弊 / 全场景通用 / 金融审计,杂志指标包,绩效；违法,预算；决算；审批；采购；资产；申报；税收；资金；会计,评价；分析；研究；体系；机制,案例背景；审计关注点；数据资料；分析方法；疑点发现；核查程序；整改启示,《我国财政机构设置基本架构的内在逻辑探析(上)》映射为监督检查与经费舞弊场景的杂志指标包，可用于案例检索、规则复用和底稿核查。
MAGCASE-0395,MAGSOC-0068,推行绩效管理加强财会监督：如何落实《行政单位财务规则》新规(下),84,B,1,magazine_435_articles,财政监督,,D:\openclaw-workspace\knowledge\11-杂志文献\财政监督\6.推行绩效管理加强财会监督：如何落实《行政单位财务规则》新规(下).md,民生与社保医保 / 预算执行与财政管理 / 招投标与政府采购,杂志案例算法,违规；风险；损失；内控；缺陷；绩效；预警；违法；失真；漏洞,数据；清单；合同；预算；决算；指标；保单；报表；审批；采购,算法；模型；规则；指标；评价；预警；分析；审查；研究；体系,案例背景；审计关注点；数据资料；分析方法；疑点发现；核查程序；整改启示,《推行绩效管理加强财会监督：如何落实《行政单位财务规则》新规(下)》映射为民生与社保医保场景的杂志案例算法，可用于案例检索、规则复用和底稿核查。
MAGCASE-0396,MAGFIN-0040,新形势下财税政策支持绿色低碳转型研究(上),84,B,1,magazine_435_articles,财政监督,,D:\openclaw-workspace\knowledge\11-杂志文献\财政监督\6.新形势下财税政策支持绿色低碳转型研究(上).md,金融审计 / 国企审计 / 监督检查与经费舞弊,杂志指标包,损失,数据；清单；合同；支付；预算；指标；采购；能耗；碳排放；税收,指标；研究；体系；路径；机制,案例背景；审计关注点；数据资料；分析方法；疑点发现；核查程序；整改启示,《新形势下财税政策支持绿色低碳转型研究(上)》映射为金融审计场景的杂志指标包，可用于案例检索、规则复用和底稿核查。
MAGCASE-0397,MAGSOC-0069,聚焦积极财政政策的“三个着力点”,84,B,1,magazine_435_articles,财政监督,,D:\openclaw-workspace\knowledge\11-杂志文献\财政监督\6.聚焦积极财政政策的“三个着力点”.md,民生与社保医保 / 预算执行与财政管理 / 招投标与政府采购,杂志指标包,违规；风险；绩效,数据；支付；预算；采购；税收；资金,规则；分析；研究；体系；机制,案例背景；审计关注点；数据资料；分析方法；疑点发现；核查程序；整改启示,《聚焦积极财政政策的“三个着力点”》映射为民生与社保医保场景的杂志指标包，可用于案例检索、规则复用和底稿核查。
MAGCASE-0398,MAGSOC-0070,财政预备费绩效管理的现实挑战与路径选择,84,B,1,magazine_435_articles,财政监督,,D:\openclaw-workspace\knowledge\11-杂志文献\财政监督\6.财政预备费绩效管理的现实挑战与路径选择.md,民生与社保医保 / 预算执行与财政管理 / 招投标与政府采购,杂志案例算法,风险；挪用；损失；不合规；绩效,数据；支付；预算；决算；指标；报表；审批；绩效目标；税收；资金,算法；指标；评价；分析；审查；体系；路径；机制；方法,案例背景；审计关注点；数据资料；分析方法；疑点发现；核查程序；整改启示,《财政预备费绩效管理的现实挑战与路径选择》映射为民生与社保医保场景的杂志案例算法，可用于案例检索、规则复用和底稿核查。
MAGCASE-0399,MAGTAX-0037,预算绩效管理激励约束机制的国际比较与启示,84,B,1,magazine_435_articles,财政监督,,D:\openclaw-workspace\knowledge\11-杂志文献\财政监督\6.预算绩效管理激励约束机制的国际比较与启示.md,税务审计 / 预算执行与财政管理 / 财政与政府债务,杂志案例算法,违规；缺陷；绩效,数据；合同；支付；预算；决算；指标；问卷；绩效目标；资金；审计报告,模型；规则；指标；评价；评分；识别；分析；审查；研究；体系,案例背景；审计关注点；数据资料；分析方法；疑点发现；核查程序；整改启示,《预算绩效管理激励约束机制的国际比较与启示》映射为税务审计场景的杂志案例算法，可用于案例检索、规则复用和底稿核查。
MAGCASE-0400,MAGTAX-0038,世界一流财务管理体系建设助力企业高质量发展,84,B,1,magazine_435_articles,财政监督,,D:\openclaw-workspace\knowledge\11-杂志文献\财政监督\7.世界一流财务管理体系建设助力企业高 质量发展.md,税务审计 / 预算执行与财政管理 / 财政与政府债务,杂志指标包,风险；损失,凭证；预算；资产；资金；会计,评价；研究；体系；方法,案例背景；审计关注点；数据资料；分析方法；疑点发现；核查程序；整改启示,《世界一流财务管理体系建设助力企业高质量发展》映射为税务审计场景的杂志指标包，可用于案例检索、规则复用和底稿核查。
MAGCASE-0401,MAGSOC-0071,以成本效益分析法推动财政支出标准体系建设初探,84,B,1,magazine_435_articles,财政监督,,D:\openclaw-workspace\knowledge\11-杂志文献\财政监督\7.以成本效益分析法推动财政支出标准体系建设初探.md,民生与社保医保 / 预算执行与财政管理 / 招投标与政府采购,杂志规则包,超标；绩效；偏离,数据；清单；明细；支付；预算；指标；项目库；审批；绩效目标；申报,算法；指标；评价；测算；分析；研究；体系；路径；机制；方法,案例背景；审计关注点；数据资料；分析方法；疑点发现；核查程序；整改启示,《以成本效益分析法推动财政支出标准体系建设初探》映射为民生与社保医保场景的杂志规则包，可用于案例检索、规则复用和底稿核查。
MAGCASE-0402,MAGBUD-0067,准确把握新时代财会监督背景下检查组长履职之责,84,B,1,magazine_435_articles,财政监督,,D:\openclaw-workspace\knowledge\11-杂志文献\财政监督\7.准确把握新时代财会监督背景下检查组长履 职之责.md,预算执行与财政管理 / 财政与政府债务 / 绩效评价,杂志案例算法,违规；风险；舞弊；内控；预警；违法；漏洞,数据；预算；会计,穿透；预警；分析；体系；机制；方法；大数据,案例背景；审计关注点；数据资料；分析方法；疑点发现；核查程序；整改启示,《准确把握新时代财会监督背景下检查组长履职之责》映射为预算执行与财政管理场景的杂志案例算法，可用于案例检索、规则复用和底稿核查。
MAGCASE-0403,MAGSUPV-0126,切实提升财会监督工作质效,84,B,1,magazine_435_articles,财政监督,,D:\openclaw-workspace\knowledge\11-杂志文献\财政监督\7.切实提升财会监督工作质效.md,监督检查与经费舞弊 / 全场景通用 / 金融审计,杂志案例算法,违规；风险；舞弊；虚假；重复；挪用；套取；内控；不合规；真实性,清单；支付；预算；采购；资产；税收；资金；会计；审计报告,算法；评价；核查；穿透；预警；监测；识别；审查；研究；体系,案例背景；审计关注点；数据资料；分析方法；疑点发现；核查程序；整改启示,《切实提升财会监督工作质效》映射为监督检查与经费舞弊场景的杂志案例算法，可用于案例检索、规则复用和底稿核查。
MAGCASE-0404,MAGSOC-0072,加强民生支出财政监督切实提升民生福祉,84,B,1,magazine_435_articles,财政监督,,D:\openclaw-workspace\knowledge\11-杂志文献\财政监督\7.加强民生支出财政监督切实提升民生福祉.md,民生与社保医保 / 预算执行与财政管理 / 招投标与政府采购,杂志案例算法,缺陷；绩效；预警,数据；预算；采购；资产；资金,算法；比对；关联；预警；分析；体系；机制；数字化；大数据；人工智能,案例背景；审计关注点；数据资料；分析方法；疑点发现；核查程序；整改启示,《加强民生支出财政监督切实提升民生福祉》映射为民生与社保医保场景的杂志案例算法，可用于案例检索、规则复用和底稿核查。
MAGCASE-0405,MAGSUPV-0127,强化审计报告查验加力注会行业信息化监管,84,B,1,magazine_435_articles,财政监督,,D:\openclaw-workspace\knowledge\11-杂志文献\财政监督\7.强化审计报告查验加力注会行业 信息化监管.md,监督检查与经费舞弊 / 全场景通用 / 金融审计,杂志案例算法,违规；异常；风险；舞弊；虚假；重复；真实性；绩效；预警；违法,数据；清单；发票；支付；指标；报表；审批；资产；申报；资金,模型；规则；指标；评价；比对；核查；穿透；关联；预警；监测,案例背景；审计关注点；数据资料；分析方法；疑点发现；核查程序；整改启示,《强化审计报告查验加力注会行业信息化监管》映射为监督检查与经费舞弊场景的杂志案例算法，可用于案例检索、规则复用和底稿核查。
MAGCASE-0406,MAGAGR-0048,我国地方政府债务现状、原因分析与因应对策,84,B,1,magazine_435_articles,财政监督,,D:\openclaw-workspace\knowledge\11-杂志文献\财政监督\7.我国地方政府债务现状、原因分析与因应对策.md,农业农村审计 / 金融审计 / 财政与政府债务,杂志案例算法,风险；损失；低效；预警；隐患；漏洞,数据；支付；预算；指标；资产；申报；税收；资金,指标；评价；穿透；预警；监测；分析；审查；研究；体系；机制,案例背景；审计关注点；数据资料；分析方法；疑点发现；核查程序；整改启示,《我国地方政府债务现状、原因分析与因应对策》映射为农业农村审计场景的杂志案例算法，可用于案例检索、规则复用和底稿核查。
MAGCASE-0407,MAGAGR-0049,持续纠治形式主义让财政资金花出最大效益,84,B,1,magazine_435_articles,财政监督,,D:\openclaw-workspace\knowledge\11-杂志文献\财政监督\7.持续纠治形式主义让财政资金花出最大效益.md,农业农村审计 / 金融审计 / 财政与政府债务,杂志案例算法,违规；风险；损失；闲置；缺陷；绩效；偏离；违法；漏洞；腐败,数据；清单；支付；预算；指标；问卷；采购；绩效目标；资产；资金,算法；指标；评价；核查；测算；分析；审查；研究；体系；机制,案例背景；审计关注点；数据资料；分析方法；疑点发现；核查程序；整改启示,《持续纠治形式主义让财政资金花出最大效益》映射为农业农村审计场景的杂志案例算法，可用于案例检索、规则复用和底稿核查。
MAGCASE-0408,MAGSOC-0073,浅析政府购买公共服务绩效管理,84,B,1,magazine_435_articles,财政监督,,D:\openclaw-workspace\knowledge\11-杂志文献\财政监督\7.浅析政府购买公共服务绩效管理.md,民生与社保医保 / 预算执行与财政管理 / 招投标与政府采购,杂志指标包,绩效；偏离,清单；明细；合同；预算；指标；采购；绩效目标；资金,指标；评价；评分；核查；测算；分析；研究；体系；路径；机制,案例背景；审计关注点；数据资料；分析方法；疑点发现；核查程序；整改启示,《浅析政府购买公共服务绩效管理》映射为民生与社保医保场景的杂志指标包，可用于案例检索、规则复用和底稿核查。
MAGCASE-0409,MAGSUPV-0128,深入学习贯彻《意见》精神全面提升财会监督绩效,84,B,1,magazine_435_articles,财政监督,,D:\openclaw-workspace\knowledge\11-杂志文献\财政监督\7.深入学习贯彻《意见》精神全面提升财会监督绩效.md,监督检查与经费舞弊 / 全场景通用 / 金融审计,杂志内控包,违规；风险；重复；内控；绩效；预警；违法；失真,数据；合同；预算；资产；资金；会计,评价；比对；核查；穿透；预警；监测；体系；机制；方法,案例背景；审计关注点；数据资料；分析方法；疑点发现；核查程序；整改启示,《深入学习贯彻《意见》精神全面提升财会监督绩效》映射为监督检查与经费舞弊场景的杂志内控包，可用于案例检索、规则复用和底稿核查。
MAGCASE-0410,MAGSUPV-0129,牢基础、强监管：新时代改进代理记账工作再加力(下),84,B,1,magazine_435_articles,财政监督,,D:\openclaw-workspace\knowledge\11-杂志文献\财政监督\7.牢基础、强监管：新时代改进代理记 账工作再加力(下).md,监督检查与经费舞弊 / 全场景通用 / 金融审计,杂志案例算法,违规；风险；预警；违法,数据；凭证；指标；项目库；审批；申报；资金；会计,模型；指标；评价；核查；预警；分析；研究；体系；路径；机制,案例背景；审计关注点；数据资料；分析方法；疑点发现；核查程序；整改启示,《牢基础、强监管：新时代改进代理记账工作再加力(下)》映射为监督检查与经费舞弊场景的杂志案例算法，可用于案例检索、规则复用和底稿核查。
MAGCASE-0411,MAGBUD-0068,行政事业性国有资产监管：如何持续提质增效(上),84,B,1,magazine_435_articles,财政监督,,D:\openclaw-workspace\knowledge\11-杂志文献\财政监督\7.行政事业性国有资产监管：如何持续提质增效(上).md,预算执行与财政管理 / 财政与政府债务 / 绩效评价,杂志案例算法,风险；超标；损失；低效；闲置；绩效；隐患,数据；支付；预算；审批；资产；资金,规则；评价；研究；体系；路径；机制；方法；数字化；大数据,案例背景；审计关注点；数据资料；分析方法；疑点发现；核查程序；整改启示,《行政事业性国有资产监管：如何持续提质增效(上)》映射为预算执行与财政管理场景的杂志案例算法，可用于案例检索、规则复用和底稿核查。
MAGCASE-0412,MAGBUD-0069,产业扶持政策绩效评价推进数字政府建设场景初探,84,B,1,magazine_435_articles,财政监督,,D:\openclaw-workspace\knowledge\11-杂志文献\财政监督\8.产业扶持政策绩效评价推进数字政府建设场景初探.md,预算执行与财政管理 / 财政与政府债务 / 绩效评价,杂志案例算法,异常；风险；重复；绩效；偏离；预警；漏洞,数据；预算；指标；资产；资金,算法；模型；指标；评价；比对；核查；关联；预警；监测；识别,案例背景；审计关注点；数据资料；分析方法；疑点发现；核查程序；整改启示,《产业扶持政策绩效评价推进数字政府建设场景初探》映射为预算执行与财政管理场景的杂志案例算法，可用于案例检索、规则复用和底稿核查。
MAGCASE-0413,MAGAGR-0050,全面乡村振兴战略促进了农村基本公共服务均等化吗,84,B,1,magazine_435_articles,财政监督,,D:\openclaw-workspace\knowledge\11-杂志文献\财政监督\8.全面乡村振兴战略促进了农村基本公共服务均等化吗.md,农业农村审计 / 金融审计 / 财政与政府债务,杂志案例算法,异常；风险,数据；支付；预算；指标；样本；税收；资金,模型；指标；评价；回归；监测；分析；验证；研究；体系；机制,案例背景；审计关注点；数据资料；分析方法；疑点发现；核查程序；整改启示,《全面乡村振兴战略促进了农村基本公共服务均等化吗》映射为农业农村审计场景的杂志案例算法，可用于案例检索、规则复用和底稿核查。
MAGCASE-0414,MAGFIN-0041,公共部门战略与绩效的匹配性研究,84,B,1,magazine_435_articles,财政监督,,D:\openclaw-workspace\knowledge\11-杂志文献\财政监督\8.公共部门战略与绩效的匹配性研究.md,金融审计 / 国企审计 / 监督检查与经费舞弊,杂志指标包,风险；截留；绩效；腐败,数据；明细；发票；支付；预算；审批；采购；绩效目标；税收；资金,评价；分析；审查；研究；体系；机制；方法,案例背景；审计关注点；数据资料；分析方法；疑点发现；核查程序；整改启示,《公共部门战略与绩效的匹配性研究》映射为金融审计场景的杂志指标包，可用于案例检索、规则复用和底稿核查。
MAGCASE-0415,MAGTAX-0039,准确把握财会监督定位持续发挥基础支撑功能,84,B,1,magazine_435_articles,财政监督,,D:\openclaw-workspace\knowledge\11-杂志文献\财政监督\8.准确把握财会监督定位持续发挥基础支撑功能.md,税务审计 / 预算执行与财政管理 / 财政与政府债务,杂志指标包,风险；不合规,指标；资产；会计,指标；分析；体系；机制,案例背景；审计关注点；数据资料；分析方法；疑点发现；核查程序；整改启示,《准确把握财会监督定位持续发挥基础支撑功能》映射为税务审计场景的杂志指标包，可用于案例检索、规则复用和底稿核查。
MAGCASE-0416,MAGSOC-0074,区县财政运行综合绩效评价探索,84,B,1,magazine_435_articles,财政监督,,D:\openclaw-workspace\knowledge\11-杂志文献\财政监督\8.区县财政运行综合绩效评价探索.md,民生与社保医保 / 预算执行与财政管理 / 招投标与政府采购,杂志案例算法,风险；重复；完整性；绩效,数据；支付；预算；决算；指标；项目库；采购；资产；缴纳；税收,算法；指标；评价；测算；分析；研究；体系；机制；方法,案例背景；审计关注点；数据资料；分析方法；疑点发现；核查程序；整改启示,《区县财政运行综合绩效评价探索》映射为民生与社保医保场景的杂志案例算法，可用于案例检索、规则复用和底稿核查。
MAGCASE-0417,MAGBUD-0070,县级政府预算绩效管理改革制约因素与优化路径研究,84,B,1,magazine_435_articles,财政监督,,D:\openclaw-workspace\knowledge\11-杂志文献\财政监督\8.县级政府预算绩效管理改革制约因素与优化路径研究.md,预算执行与财政管理 / 财政与政府债务 / 绩效评价,杂志案例算法,虚假；绩效,数据；预算；决算；指标；问卷；绩效目标；资金,模型；规则；指标；评价；识别；分析；研究；体系；路径；机制,案例背景；审计关注点；数据资料；分析方法；疑点发现；核查程序；整改启示,《县级政府预算绩效管理改革制约因素与优化路径研究》映射为预算执行与财政管理场景的杂志案例算法，可用于案例检索、规则复用和底稿核查。
MAGCASE-0418,MAGSUPV-0130,国外贷款项目绩效评价实践研究,84,B,1,magazine_435_articles,财政监督,,D:\openclaw-workspace\knowledge\11-杂志文献\财政监督\8.国外贷款项目绩效评价实践研究.md,监督检查与经费舞弊 / 全场景通用 / 金融审计,杂志案例算法,违规；风险；内控；不合规；绩效,数据；清单；合同；支付；预算；指标；问卷；样本；审批；采购,规则；指标；评价；评分；比对；抽样；监测；分析；验证；研究,案例背景；审计关注点；数据资料；分析方法；疑点发现；核查程序；整改启示,《国外贷款项目绩效评价实践研究》映射为监督检查与经费舞弊场景的杂志案例算法，可用于案例检索、规则复用和底稿核查。
MAGCASE-0419,MAGSUPV-0131,如何提升预算绩效信息公开质量,84,B,1,magazine_435_articles,财政监督,,D:\openclaw-workspace\knowledge\11-杂志文献\财政监督\8.如何提升预算绩效信息公开质量.md,监督检查与经费舞弊 / 全场景通用 / 金融审计,杂志指标包,真实性；完整性；绩效,数据；预算；决算；指标；绩效目标；资金,指标；评价；关联；分析；审查；研究；体系；路径；机制；方法,案例背景；审计关注点；数据资料；分析方法；疑点发现；核查程序；整改启示,《如何提升预算绩效信息公开质量》映射为监督检查与经费舞弊场景的杂志指标包，可用于案例检索、规则复用和底稿核查。
MAGCASE-0420,MAGSUPV-0132,强穿透、用重典：财会监督正加力(下),84,B,1,magazine_435_articles,财政监督,,D:\openclaw-workspace\knowledge\11-杂志文献\财政监督\8.强穿透、用重典：财会监督正加力(下).md,监督检查与经费舞弊 / 全场景通用 / 金融审计,杂志案例算法,违规；异常；风险；舞弊；虚假；损失；内控；缺陷；真实性；完整性,数据；预算；指标；报表；审批；采购；资产；资金；会计；审计报告,模型；规则；指标；评价；穿透；预警；识别；分析；审查；研究,案例背景；审计关注点；数据资料；分析方法；疑点发现；核查程序；整改启示,《强穿透、用重典：财会监督正加力(下)》映射为监督检查与经费舞弊场景的杂志案例算法，可用于案例检索、规则复用和底稿核查。
MAGCASE-0421,MAGBUD-0071,推行绩效管理加强财会监督：如何落实《行政单位财务规则》新规(上),84,B,1,magazine_435_articles,财政监督,,D:\openclaw-workspace\knowledge\11-杂志文献\财政监督\8.推行绩效管理加强财会监督：如何落实《行政单位财务规则》新规(上).md,预算执行与财政管理 / 财政与政府债务 / 绩效评价,杂志案例算法,违规；风险；舞弊；重复；损失；低效；缺陷；绩效,数据；台账；清单；预算；决算；指标；项目库；审批；采购；绩效目标,算法；规则；指标；评价；评分；监测；分析；审查；体系；机制,案例背景；审计关注点；数据资料；分析方法；疑点发现；核查程序；整改启示,《推行绩效管理加强财会监督：如何落实《行政单位财务规则》新规(上)》映射为预算执行与财政管理场景的杂志案例算法，可用于案例检索、规则复用和底稿核查。
MAGCASE-0422,MAGSOC-0075,新型研发机构绩效评价研究,84,B,1,magazine_435_articles,财政监督,,D:\openclaw-workspace\knowledge\11-杂志文献\财政监督\8.新型研发机构绩效评价研究.md,民生与社保医保 / 预算执行与财政管理 / 招投标与政府采购,杂志案例算法,风险；虚假；缺陷；绩效,数据；支付；指标；资产；能耗；碳排放；资金,算法；模型；指标；评价；关联；识别；分析；研究；体系；路径,案例背景；审计关注点；数据资料；分析方法；疑点发现；核查程序；整改启示,《新型研发机构绩效评价研究》映射为民生与社保医保场景的杂志案例算法，可用于案例检索、规则复用和底稿核查。
MAGCASE-0423,MAGBUD-0072,规范监督检查工作流程高质量完成财会监,84,B,1,magazine_435_articles,财政监督,,D:\openclaw-workspace\knowledge\11-杂志文献\财政监督\8.规范监督检查工作流程高质量完成财会监.md,预算执行与财政管理 / 财政与政府债务 / 绩效评价,杂志内控包,风险；内控；真实性；完整性；形式主义,数据；清单；合同；凭证；审批；工作底稿,分析；审查；方法,案例背景；审计关注点；数据资料；分析方法；疑点发现；核查程序；整改启示,《规范监督检查工作流程高质量完成财会监》映射为预算执行与财政管理场景的杂志内控包，可用于案例检索、规则复用和底稿核查。
MAGCASE-0424,MAGBUD-0073,“业、财、控”融合模式下公用事业财政补贴模式创新研究,84,B,1,magazine_435_articles,财政监督,,D:\openclaw-workspace\knowledge\11-杂志文献\财政监督\9.“业、财、控”融合模式下公用事业财政补贴模式创新研究.md,预算执行与财政管理 / 财政与政府债务 / 绩效评价,杂志案例算法,风险；挪用；损失；截留；绩效,数据；预算；指标；采购；资产；资金；会计,模型；指标；评价；监测；分析；研究；体系；机制,案例背景；审计关注点；数据资料；分析方法；疑点发现；核查程序；整改启示,《“业、财、控”融合模式下公用事业财政补贴模式创新研究》映射为预算执行与财政管理场景的杂志案例算法，可用于案例检索、规则复用和底稿核查。
MAGCASE-0425,MAGSUPV-0133,事前绩效评估机制完善与优化探讨,84,B,1,magazine_435_articles,财政监督,,D:\openclaw-workspace\knowledge\11-杂志文献\财政监督\9.事前绩效评估机制完善与优化探讨.md,监督检查与经费舞弊 / 全场景通用 / 金融审计,杂志案例算法,风险；完整性；绩效；预警,数据；清单；支付；预算；指标；项目库；审批；绩效目标；申报；资金,模型；指标；评价；评分；预警；测算；分析；研究；体系；机制,案例背景；审计关注点；数据资料；分析方法；疑点发现；核查程序；整改启示,《事前绩效评估机制完善与优化探讨》映射为监督检查与经费舞弊场景的杂志案例算法，可用于案例检索、规则复用和底稿核查。
MAGCASE-0426,MAGSOC-0076,人才专项资金绩效评价实践探索,84,B,1,magazine_435_articles,财政监督,,D:\openclaw-workspace\knowledge\11-杂志文献\财政监督\9.人才专项资金绩效评价实践探索.md,民生与社保医保 / 预算执行与财政管理 / 招投标与政府采购,杂志指标包,风险；重复；完整性；绩效,数据；合同；预算；指标；问卷；招标；绩效目标；资产；申报；缴纳,指标；评价；核查；关联；回归；测算；分析；体系；机制；方法,案例背景；审计关注点；数据资料；分析方法；疑点发现；核查程序；整改启示,《人才专项资金绩效评价实践探索》映射为民生与社保医保场景的杂志指标包，可用于案例检索、规则复用和底稿核查。
MAGCASE-0427,MAGSOC-0077,全成本预算绩效管理的实践及思考,84,B,1,magazine_435_articles,财政监督,,D:\openclaw-workspace\knowledge\11-杂志文献\财政监督\9.全成本预算绩效管理的实践及思考.md,民生与社保医保 / 预算执行与财政管理 / 招投标与政府采购,杂志案例算法,绩效,数据；预算；指标；报表；绩效目标；资产；资金,指标；评价；监测；测算；分析；研究；体系；路径；机制；方法,案例背景；审计关注点；数据资料；分析方法；疑点发现；核查程序；整改启示,《全成本预算绩效管理的实践及思考》映射为民生与社保医保场景的杂志案例算法，可用于案例检索、规则复用和底稿核查。
MAGCASE-0428,MAGSOC-0078,关注国有资本经营预算绩效管理,84,B,1,magazine_435_articles,财政监督,,D:\openclaw-workspace\knowledge\11-杂志文献\财政监督\9.关注国有资本经营预算绩效管理.md,民生与社保医保 / 预算执行与财政管理 / 招投标与政府采购,杂志指标包,风险；低效；闲置；绩效,数据；支付；预算；决算；指标；项目库；审批；绩效目标；资产；申报,指标；评价；关联；监测；分析；审查；研究；体系；机制；方法,案例背景；审计关注点；数据资料；分析方法；疑点发现；核查程序；整改启示,《关注国有资本经营预算绩效管理》映射为民生与社保医保场景的杂志指标包，可用于案例检索、规则复用和底稿核查。
MAGCASE-0429,MAGTAX-0040,创造价值，管控风险：财务管理变革中的央企实践,84,B,1,magazine_435_articles,财政监督,,D:\openclaw-workspace\knowledge\11-杂志文献\财政监督\9.创造价值，管控风险：财务管理变革中的央企 实践.md,税务审计 / 预算执行与财政管理 / 财政与政府债务,杂志案例算法,违规；风险；损失；内控；绩效；预警,数据；合同；预算；指标；投标；结算；资金；会计,模型；指标；评价；穿透；预警；分析；体系；机制；数字化,案例背景；审计关注点；数据资料；分析方法；疑点发现；核查程序；整改启示,《创造价值，管控风险：财务管理变革中的央企实践》映射为税务审计场景的杂志案例算法，可用于案例检索、规则复用和底稿核查。
MAGCASE-0430,MAGAGR-0051,县(市、区)级财政运行综合绩效评价的实践探讨,84,B,1,magazine_435_articles,财政监督,,D:\openclaw-workspace\knowledge\11-杂志文献\财政监督\9.县(市、区)级财政运行综合绩效评价的实践探讨.md,农业农村审计 / 金融审计 / 财政与政府债务,杂志指标包,风险；完整性；绩效,数据；支付；预算；决算；指标；采购；绩效目标；资产；申报；税收,指标；评价；关联；分析；研究；体系；路径；机制；方法,案例背景；审计关注点；数据资料；分析方法；疑点发现；核查程序；整改启示,《县(市、区)级财政运行综合绩效评价的实践探讨》映射为农业农村审计场景的杂志指标包，可用于案例检索、规则复用和底稿核查。
MAGCASE-0431,MAGAGR-0052,县级预算绩效管理创新性实践的探索与思考,84,B,1,magazine_435_articles,财政监督,,D:\openclaw-workspace\knowledge\11-杂志文献\财政监督\9.县级预算绩效管理创新性实践的探索与思考.md,农业农村审计 / 金融审计 / 财政与政府债务,杂志案例算法,风险；低效；内控；绩效,数据；清单；预算；指标；结算；绩效目标；申报；资金,算法；模型；指标；评价；关联；测算；分析；审查；研究；体系,案例背景；审计关注点；数据资料；分析方法；疑点发现；核查程序；整改启示,《县级预算绩效管理创新性实践的探索与思考》映射为农业农村审计场景的杂志案例算法，可用于案例检索、规则复用和底稿核查。
MAGCASE-0432,MAGSOC-0079,基本公共卫生服务项目绩效评价指标体系优化研究,84,B,1,magazine_435_articles,财政监督,,D:\openclaw-workspace\knowledge\11-杂志文献\财政监督\9.基本公共卫生服务项目绩效评价指标体系优化研究.md,民生与社保医保 / 预算执行与财政管理 / 招投标与政府采购,杂志指标包,重复；绩效,数据；预算；决算；指标；结算；绩效目标；资金,指标；评价；测算；分析；审查；研究；体系；机制,案例背景；审计关注点；数据资料；分析方法；疑点发现；核查程序；整改启示,《基本公共卫生服务项目绩效评价指标体系优化研究》映射为民生与社保医保场景的杂志指标包，可用于案例检索、规则复用和底稿核查。
MAGCASE-0433,MAGFIN-0042,扶贫小额信贷资金会计信息失真,84,B,1,magazine_435_articles,财政监督,,D:\openclaw-workspace\knowledge\11-杂志文献\财政监督\9.扶贫小额信贷资金会计信息失真.md,金融审计 / 国企审计 / 监督检查与经费舞弊,杂志内控包,违规；风险；虚假；内控；违法；失真,数据；台账；明细；合同；发票；凭证；支付；报表；审批；资产,分析；研究；机制,案例背景；审计关注点；数据资料；分析方法；疑点发现；核查程序；整改启示,《扶贫小额信贷资金会计信息失真》映射为金融审计场景的杂志内控包，可用于案例检索、规则复用和底稿核查。
MAGCASE-0434,MAGSOC-0080,浅谈“大数据”在预算绩效评价中的探索与运用,84,B,1,magazine_435_articles,财政监督,,D:\openclaw-workspace\knowledge\11-杂志文献\财政监督\9.浅谈“大数据”在预算绩效评价中的探索与运用.md,民生与社保医保 / 预算执行与财政管理 / 招投标与政府采购,杂志案例算法,虚假；重复；套取；真实性；绩效；预警,数据；预算；决算；指标；问卷；绩效目标；申报；资金,指标；评价；评分；比对；关联；抽样；预警；监测；识别；分析,案例背景；审计关注点；数据资料；分析方法；疑点发现；核查程序；整改启示,《浅谈“大数据”在预算绩效评价中的探索与运用》映射为民生与社保医保场景的杂志案例算法，可用于案例检索、规则复用和底稿核查。
MAGCASE-0435,MAGSUPV-0134,绩效目标与指标设置的重要性剖析,84,B,1,magazine_435_articles,财政监督,,D:\openclaw-workspace\knowledge\11-杂志文献\财政监督\9.绩效目标与指标设置的重要性剖析.md,监督检查与经费舞弊 / 全场景通用 / 金融审计,杂志案例算法,风险；低效；滞留；绩效；偏离,数据；明细；预算；决算；指标；问卷；绩效目标；资产；资金；会计,指标；评价；分析；研究；体系；机制；方法；大数据,案例背景；审计关注点；数据资料；分析方法；疑点发现；核查程序；整改启示,《绩效目标与指标设置的重要性剖析》映射为监督检查与经费舞弊场景的杂志案例算法，可用于案例检索、规则复用和底稿核查。
MAGISSUE-0448,,DOC260707-20260707110016,40,D,0,magazine_435_articles,财政监督,,D:\openclaw-workspace\knowledge\11-杂志文献\财政监督\DOC260707-20260707110016.md,全场景通用,整期期刊来源索引,,,,整刊目录；文章索引；案例回溯,整期期刊《DOC260707-20260707110016》作为来源索引保留，不直接重复生成算法包。
MAGISSUE-0449,,DOC260707-20260707111418,40,D,0,magazine_435_articles,财政监督,,D:\openclaw-workspace\knowledge\11-杂志文献\财政监督\DOC260707-20260707111418.md,全场景通用,整期期刊来源索引,,,,整刊目录；文章索引；案例回溯,整期期刊《DOC260707-20260707111418》作为来源索引保留，不直接重复生成算法包。
MAGISSUE-0450,,财政监督2022年17期,40,D,0,magazine_435_articles,财政监督,,D:\openclaw-workspace\knowledge\11-杂志文献\财政监督\财政监督2022年17期.md,全场景通用,整期期刊来源索引,,,,整刊目录；文章索引；案例回溯,整期期刊《财政监督2022年17期》作为来源索引保留，不直接重复生成算法包。
MAGISSUE-0451,,财政监督2022年18期,40,D,0,magazine_435_articles,财政监督,,D:\openclaw-workspace\knowledge\11-杂志文献\财政监督\财政监督2022年18期.md,全场景通用,整期期刊来源索引,,,,整刊目录；文章索引；案例回溯,整期期刊《财政监督2022年18期》作为来源索引保留，不直接重复生成算法包。
MAGISSUE-0452,,财政监督2022年19期,40,D,0,magazine_435_articles,财政监督,,D:\openclaw-workspace\knowledge\11-杂志文献\财政监督\财政监督2022年19期.md,全场景通用,整期期刊来源索引,,,,整刊目录；文章索引；案例回溯,整期期刊《财政监督2022年19期》作为来源索引保留，不直接重复生成算法包。
MAGISSUE-0453,,财政监督2022年20期,40,D,0,magazine_435_articles,财政监督,,D:\openclaw-workspace\knowledge\11-杂志文献\财政监督\财政监督2022年20期.md,全场景通用,整期期刊来源索引,,,,整刊目录；文章索引；案例回溯,整期期刊《财政监督2022年20期》作为来源索引保留，不直接重复生成算法包。
MAGISSUE-0454,,财政监督2023年12期,40,D,0,magazine_435_articles,财政监督,,D:\openclaw-workspace\knowledge\11-杂志文献\财政监督\财政监督2023年12期.md,全场景通用,整期期刊来源索引,,,,整刊目录；文章索引；案例回溯,整期期刊《财政监督2023年12期》作为来源索引保留，不直接重复生成算法包。
MAGISSUE-0455,,财政监督2023年13期,40,D,0,magazine_435_articles,财政监督,,D:\openclaw-workspace\knowledge\11-杂志文献\财政监督\财政监督2023年13期.md,全场景通用,整期期刊来源索引,,,,整刊目录；文章索引；案例回溯,整期期刊《财政监督2023年13期》作为来源索引保留，不直接重复生成算法包。
MAGISSUE-0456,,财政监督2023年15期,40,D,0,magazine_435_articles,财政监督,,D:\openclaw-workspace\knowledge\11-杂志文献\财政监督\财政监督2023年15期.md,全场景通用,整期期刊来源索引,,,,整刊目录；文章索引；案例回溯,整期期刊《财政监督2023年15期》作为来源索引保留，不直接重复生成算法包。
MAGISSUE-0457,,财政监督2023年18期,40,D,0,magazine_435_articles,财政监督,,D:\openclaw-workspace\knowledge\11-杂志文献\财政监督\财政监督2023年18期.md,全场景通用,整期期刊来源索引,,,,整刊目录；文章索引；案例回溯,整期期刊《财政监督2023年18期》作为来源索引保留，不直接重复生成算法包。
MAGISSUE-0458,,财政监督2023年19期,40,D,0,magazine_435_articles,财政监督,,D:\openclaw-workspace\knowledge\11-杂志文献\财政监督\财政监督2023年19期.md,全场景通用,整期期刊来源索引,,,,整刊目录；文章索引；案例回溯,整期期刊《财政监督2023年19期》作为来源索引保留，不直接重复生成算法包。
MAGISSUE-0459,,财政监督2023年20期,40,D,0,magazine_435_articles,财政监督,,D:\openclaw-workspace\knowledge\11-杂志文献\财政监督\财政监督2023年20期.md,全场景通用,整期期刊来源索引,,,,整刊目录；文章索引；案例回溯,整期期刊《财政监督2023年20期》作为来源索引保留，不直接重复生成算法包。
MAGISSUE-0460,,财政监督2023年21期,40,D,0,magazine_435_articles,财政监督,,D:\openclaw-workspace\knowledge\11-杂志文献\财政监督\财政监督2023年21期.md,全场景通用,整期期刊来源索引,,,,整刊目录；文章索引；案例回溯,整期期刊《财政监督2023年21期》作为来源索引保留，不直接重复生成算法包。
MAGISSUE-0461,,财政监督2023年2期,40,D,0,magazine_435_articles,财政监督,,D:\openclaw-workspace\knowledge\11-杂志文献\财政监督\财政监督2023年2期.md,全场景通用,整期期刊来源索引,,,,整刊目录；文章索引；案例回溯,整期期刊《财政监督2023年2期》作为来源索引保留，不直接重复生成算法包。
MAGISSUE-0462,,财政监督2024年6期,40,D,0,magazine_435_articles,财政监督,,D:\openclaw-workspace\knowledge\11-杂志文献\财政监督\财政监督2024年6期.md,全场景通用,整期期刊来源索引,,,,整刊目录；文章索引；案例回溯,整期期刊《财政监督2024年6期》作为来源索引保留，不直接重复生成算法包。
MAGISSUE-0463,,财政监督2024年7期,40,D,0,magazine_435_articles,财政监督,,D:\openclaw-workspace\knowledge\11-杂志文献\财政监督\财政监督2024年7期.md,全场景通用,整期期刊来源索引,,,,整刊目录；文章索引；案例回溯,整期期刊《财政监督2024年7期》作为来源索引保留，不直接重复生成算法包。
CASEV6D-001,,“一老一小”政策落实情况审计关注重点,84,B,1,ocr_55_books_deep,,1中国审计_7期,E:\2026\审计方法&政策文件\_ocr_output\1中国审计_7期\“一老一小”政策落实情况审计关注重点.md,民生与社保医保 / 绩效评价 / 金融审计,期刊文章案例/经验,绩效；挪用,数据；清单；明细；预算,审查；评价；分析；核查；监测,背景事实；审计关注点；数据来源；分析方法；疑点定位；现场核查；处理整改,从《“一老一小”政策落实情况审计关注重点》抽取审计场景、风险词、数据词和方法词，用于验证或升级民生与社保医保相关算法。
CASEV6D-002,,“两新”审计,84,B,1,ocr_55_books_deep,,1中国审计_7期,E:\2026\审计方法&政策文件\_ocr_output\1中国审计_7期\“两新”审计.md,财政与政府债务 / 预算执行与财政管理 / 绩效评价,期刊文章案例/经验,挪用,数据；审批；采购；凭证；指标,模型；指标；比对；测算；分析,背景事实；审计关注点；数据来源；分析方法；疑点定位；现场核查；处理整改,从《“两新”审计》抽取审计场景、风险词、数据词和方法词，用于验证或升级工程与投资审计相关算法。
CASEV6D-003,,“两重”“两新”政策落实审计的思考,84,B,1,ocr_55_books_deep,,1中国审计_7期,E:\2026\审计方法&政策文件\_ocr_output\1中国审计_7期\“两重”“两新”政策落实审计的思考.md,财政与政府债务 / 预算执行与财政管理 / 绩效评价,期刊文章案例/经验,违规；重复；截留；挪用；真实性,招标；支付；采购；合同；预算,分析；指标；穿透；识别,背景事实；审计关注点；数据来源；分析方法；疑点定位；现场核查；处理整改,从《“两重”“两新”政策落实审计的思考》抽取审计场景、风险词、数据词和方法词，用于验证或升级招投标与政府采购相关算法。
CASEV6D-004,,“收不回”的逾期贷款,84,B,1,ocr_55_books_deep,,1中国审计_7期,E:\2026\审计方法&政策文件\_ocr_output\1中国审计_7期\“收不回”的逾期贷款.md,金融审计 / 国企审计 / 监督检查与经费舞弊,期刊文章案例/经验,违规；风险；重复；损失；预警,审批；资产；台账；数据；清单,关联；核查；审查；分析；预警,背景事实；审计关注点；数据来源；分析方法；疑点定位；现场核查；处理整改,从《“收不回”的逾期贷款》抽取审计场景、风险词、数据词和方法词，用于验证或升级金融审计相关算法。
CASEV6D-005,,以实干担使命 以匠心守初心——记山东省威海市文登区审计局赛婷羽,84,B,1,ocr_55_books_deep,,1中国审计_7期,E:\2026\审计方法&政策文件\_ocr_output\1中国审计_7期\以实干担使命 以匠心守初心——记山东省威海市文登区审计局赛婷羽.md,农业农村审计 / 民生与社保医保 / 工程与投资审计,期刊文章案例/经验,绩效；风险；闲置；违规；真实性,数据；资产；合同；台账；审批,核查；分析；审查；模型；穿透,背景事实；审计关注点；数据来源；分析方法；疑点定位；现场核查；处理整改,从《以实干担使命 以匠心守初心——记山东省威海市文登区审计局赛婷羽》抽取审计场景、风险词、数据词和方法词，用于验证或升级农业农村审计相关算法。
CASEV6D-006,,以有力有效的审计监督助力上海在长三角一体化发展中更好发挥龙头带动作用,84,B,1,ocr_55_books_deep,,1中国审计_7期,E:\2026\审计方法&政策文件\_ocr_output\1中国审计_7期\以有力有效的审计监督助力上海在长三角一体化发展中更好发挥龙头带动作用.md,监督检查与经费舞弊 / 资源环境审计 / 国企审计,期刊文章案例/经验,风险,数据,模型,背景事实；审计关注点；数据来源；分析方法；疑点定位；现场核查；处理整改,从《以有力有效的审计监督助力上海在长三角一体化发展中更好发挥龙头带动作用》抽取审计场景、风险词、数据词和方法词，用于验证或升级监督检查与经费舞弊相关算法。
CASEV6D-007,,以正确政绩观书写审计“为民答卷”,76,B,1,ocr_55_books_deep,,1中国审计_7期,E:\2026\审计方法&政策文件\_ocr_output\1中国审计_7期\以正确政绩观书写审计“为民答卷”.md,民生与社保医保 / 监督检查与经费舞弊,期刊文章案例/经验,风险,,分析,背景事实；审计关注点；数据来源；分析方法；疑点定位；现场核查；处理整改,从《以正确政绩观书写审计“为民答卷”》抽取审计场景、风险词、数据词和方法词，用于验证或升级民生与社保医保相关算法。
CASEV6D-008,,侯凯为审计署党员干部讲授树立和践行正确政绩观学习教育专题党课,84,B,1,ocr_55_books_deep,,1中国审计_7期,E:\2026\审计方法&政策文件\_ocr_output\1中国审计_7期\侯凯为审计署党员干部讲授树立和践行正确政绩观学习教育专题党课.md,监督检查与经费舞弊 / 预算执行与财政管理 / 民生与社保医保,期刊文章案例/经验,违规；风险；虚假,预算；支付；采购,模型；核查；穿透,背景事实；审计关注点；数据来源；分析方法；疑点定位；现场核查；处理整改,从《侯凯为审计署党员干部讲授树立和践行正确政绩观学习教育专题党课》抽取审计场景、风险词、数据词和方法词，用于验证或升级监督检查与经费舞弊相关算法。
CASEV6D-009,,去向不明的会计档案,84,B,1,ocr_55_books_deep,,1中国审计_7期,E:\2026\审计方法&政策文件\_ocr_output\1中国审计_7期\去向不明的会计档案.md,监督检查与经费舞弊 / 经济责任审计 / 预算执行与财政管理,期刊文章案例/经验,重复；套取；异常；挪用；违规,支付；明细；清单；数据；流水,核查；分析；比对；关联；审查,背景事实；审计关注点；数据来源；分析方法；疑点定位；现场核查；处理整改,从《去向不明的会计档案》抽取审计场景、风险词、数据词和方法词，用于验证或升级监督检查与经费舞弊相关算法。
CASEV6D-010,,国务院关于2025年度中央预算执行和其他财政收支的审计工作报告,84,B,1,ocr_55_books_deep,,1中国审计_7期,E:\2026\审计方法&政策文件\_ocr_output\1中国审计_7期\国务院关于2025年度中央预算执行和其他财政收支的审计工作报告.md,财政与政府债务 / 预算执行与财政管理 / 绩效评价,期刊文章案例/经验,违规；风险；挪用；套取；闲置,资产；预算；支付；数据；采购,评价；审查；算法；指标；穿透,背景事实；审计关注点；数据来源；分析方法；疑点定位；现场核查；处理整改,从《国务院关于2025年度中央预算执行和其他财政收支的审计工作报告》抽取审计场景、风险词、数据词和方法词，用于验证或升级金融审计相关算法。
CASEV6D-011,,城中村改造关键风险点审计思路,84,B,1,ocr_55_books_deep,,1中国审计_7期,E:\2026\审计方法&政策文件\_ocr_output\1中国审计_7期\城中村改造关键风险点审计思路.md,工程与投资审计 / 财政与政府债务 / 资源环境审计,期刊文章案例/经验,风险；真实性；闲置；虚假；挪用,审批；数据；指标；台账；清单,核查；指标；比对；关联；审查,背景事实；审计关注点；数据来源；分析方法；疑点定位；现场核查；处理整改,从《城中村改造关键风险点审计思路》抽取审计场景、风险词、数据词和方法词，用于验证或升级工程与投资审计相关算法。
CASEV6D-012,,审计署党组召开会议学习贯彻习近平总书记,60,C,1,ocr_55_books_deep,,1中国审计_7期,E:\2026\审计方法&政策文件\_ocr_output\1中国审计_7期\审计署党组召开会议学习贯彻习近平总书记.md,监督检查与经费舞弊,期刊文章案例/经验,,,,背景事实；审计关注点；数据来源；分析方法；疑点定位；现场核查；处理整改,从《审计署党组召开会议学习贯彻习近平总书记》抽取审计场景、风险词、数据词和方法词，用于验证或升级监督检查与经费舞弊相关算法。
CASEV6D-013,,巩固深化“科学规范提升年”行动成果以高质量审计监督保障实现“十五五”良好开局,84,B,1,ocr_55_books_deep,,1中国审计_7期,E:\2026\审计方法&政策文件\_ocr_output\1中国审计_7期\巩固深化“科学规范提升年”行动成果以高质量审计监督保障实现“十五五”良好开局.md,金融审计 / 监督检查与经费舞弊 / 民生与社保医保,期刊文章案例/经验,风险；挪用；虚假；套取；截留,预算；资产；清单；采购,评价；分析,背景事实；审计关注点；数据来源；分析方法；疑点定位；现场核查；处理整改,从《巩固深化“科学规范提升年”行动成果以高质量审计监督保障实现“十五五”良好开局》抽取审计场景、风险词、数据词和方法词，用于验证或升级金融审计相关算法。
CASEV6D-014,,微动探测技术在隐蔽工程审计中的应用,84,B,1,ocr_55_books_deep,,1中国审计_7期,E:\2026\审计方法&政策文件\_ocr_output\1中国审计_7期\微动探测技术在隐蔽工程审计中的应用.md,工程与投资审计 / 财政与政府债务 / 资源环境审计,期刊文章案例/经验,异常；违规,数据；结算；清单；明细,核查；验证；检测；分析；比对,背景事实；审计关注点；数据来源；分析方法；疑点定位；现场核查；处理整改,从《微动探测技术在隐蔽工程审计中的应用》抽取审计场景、风险词、数据词和方法词，用于验证或升级工程与投资审计相关算法。
CASEV6D-015,,政治铸魂 固本强基为经济社会高质量发展提供审计保障,84,B,1,ocr_55_books_deep,,1中国审计_7期,E:\2026\审计方法&政策文件\_ocr_output\1中国审计_7期\政治铸魂 固本强基为经济社会高质量发展提供审计保障.md,监督检查与经费舞弊 / 经济责任审计 / 民生与社保医保,期刊文章案例/经验,风险,清单；数据；台账；审批；资产,规则,背景事实；审计关注点；数据来源；分析方法；疑点定位；现场核查；处理整改,从《政治铸魂 固本强基为经济社会高质量发展提供审计保障》抽取审计场景、风险词、数据词和方法词，用于验证或升级监督检查与经费舞弊相关算法。
CASEV6D-016,,穿透式监管与高校内部审计融合路径探析,84,B,1,ocr_55_books_deep,,1中国审计_7期,E:\2026\审计方法&政策文件\_ocr_output\1中国审计_7期\穿透式监管与高校内部审计融合路径探析.md,监督检查与经费舞弊 / 招投标与政府采购 / 预算执行与财政管理,期刊文章案例/经验,风险；违规；预警；异常；缺陷,数据；采购；资产；预算；审批,穿透；核查；关联；预警；识别,背景事实；审计关注点；数据来源；分析方法；疑点定位；现场核查；处理整改,从《穿透式监管与高校内部审计融合路径探析》抽取审计场景、风险词、数据词和方法词，用于验证或升级监督检查与经费舞弊相关算法。
CASEV6D-017,,筑梦苍穹：顾诵芬,58,C,0,ocr_55_books_deep,,1中国审计_7期,E:\2026\审计方法&政策文件\_ocr_output\1中国审计_7期\筑梦苍穹：顾诵芬.md,全场景通用,期刊文章案例/经验,,数据,,背景事实；审计关注点；数据来源；分析方法；疑点定位；现场核查；处理整改,从《筑梦苍穹：顾诵芬》抽取审计场景、风险词、数据词和方法词，用于验证或升级全场景通用相关算法。
CASEV6D-018,,精准审计细把脉 深处发力提质效——浙江省宁波市审计局开展公立医院和药品医疗器械生产经销使用情况专项审计调查经验总结,84,B,1,ocr_55_books_deep,,1中国审计_7期,E:\2026\审计方法&政策文件\_ocr_output\1中国审计_7期\精准审计细把脉 深处发力提质效——浙江省宁波市审计局开展公立医院和药品医疗器械生产经销使用情况专项审计调查经验总结.md,民生与社保医保 / 招投标与政府采购 / 预算执行与财政管理,期刊文章案例/经验,风险；违规；异常；重复；绩效,数据；采购；结算；招标；投标,分析；穿透；模型；规则；指标,背景事实；审计关注点；数据来源；分析方法；疑点定位；现场核查；处理整改,从《精准审计细把脉 深处发力提质效——浙江省宁波市审计局开展公立医院和药品医疗器械生产经销使用情况专项审计调查经验总结》抽取审计场景、风险词、数据词和方法词，用于验证或升级民生与社保医保相关算法。
CASEV6D-019,,精准监督促医改 靶向发力增福祉——江苏省盐城市医药卫生体制改革政策措施落实情况专项审计调查经验总结,84,B,1,ocr_55_books_deep,,1中国审计_7期,E:\2026\审计方法&政策文件\_ocr_output\1中国审计_7期\精准监督促医改 靶向发力增福祉——江苏省盐城市医药卫生体制改革政策措施落实情况专项审计调查经验总结.md,民生与社保医保 / 招投标与政府采购 / 预算执行与财政管理,期刊文章案例/经验,风险；违规,数据；清单；采购；台账；支付,核查；分析；穿透；模型,背景事实；审计关注点；数据来源；分析方法；疑点定位；现场核查；处理整改,从《精准监督促医改 靶向发力增福祉——江苏省盐城市医药卫生体制改革政策措施落实情况专项审计调查经验总结》抽取审计场景、风险词、数据词和方法词，用于验证或升级民生与社保医保相关算法。
CASEV6D-020,,紧扣“一体化”和“高质量”推动“十五五”长三角一体化发展取得新突破,74,B,0,ocr_55_books_deep,,1中国审计_7期,E:\2026\审计方法&政策文件\_ocr_output\1中国审计_7期\紧扣“一体化”和“高质量”推动“十五五”长三角一体化发展取得新突破.md,资源环境审计 / 经济责任审计 / 民生与社保医保,期刊文章案例/经验,风险；预警,数据；资产,规则；预警,背景事实；审计关注点；数据来源；分析方法；疑点定位；现场核查；处理整改,从《紧扣“一体化”和“高质量”推动“十五五”长三角一体化发展取得新突破》抽取审计场景、风险词、数据词和方法词，用于验证或升级资源环境审计相关算法。
CASEV6D-021,,聚焦“两重”“两新”强化审计监督 推动十五五长三角一体化高质量发展,84,B,1,ocr_55_books_deep,,1中国审计_7期,E:\2026\审计方法&政策文件\_ocr_output\1中国审计_7期\聚焦“两重”“两新”强化审计监督 推动十五五长三角一体化高质量发展.md,财政与政府债务 / 预算执行与财政管理 / 绩效评价,期刊文章案例/经验,套取；绩效,数据,穿透；分析,背景事实；审计关注点；数据来源；分析方法；疑点定位；现场核查；处理整改,从《聚焦“两重”“两新”强化审计监督 推动十五五长三角一体化高质量发展》抽取审计场景、风险词、数据词和方法词，用于验证或升级监督检查与经费舞弊相关算法。
CASEV6D-022,,聚焦重点 系统施策 以审促治——重庆市审计局开展公立医院药械采购及医疗收费专项审计调查经验总结,84,B,1,ocr_55_books_deep,,1中国审计_7期,E:\2026\审计方法&政策文件\_ocr_output\1中国审计_7期\聚焦重点 系统施策 以审促治——重庆市审计局开展公立医院药械采购及医疗收费专项审计调查经验总结.md,民生与社保医保 / 招投标与政府采购 / 预算执行与财政管理,期刊文章案例/经验,风险；违规；预警,数据；采购；清单；支付,分析；核查；模型；穿透；关联,背景事实；审计关注点；数据来源；分析方法；疑点定位；现场核查；处理整改,从《聚焦重点 系统施策 以审促治——重庆市审计局开展公立医院药械采购及医疗收费专项审计调查经验总结》抽取审计场景、风险词、数据词和方法词，用于验证或升级民生与社保医保相关算法。
CASEV6D-023,,运用多技术融合模型核查违规投保骗取农业保险保费补贴问题——以Z市城乡融合发展政策落实情况专项审计为例,84,B,1,ocr_55_books_deep,,1中国审计_7期,E:\2026\审计方法&政策文件\_ocr_output\1中国审计_7期\运用多技术融合模型核查违规投保骗取农业保险保费补贴问题——以Z市城乡融合发展政策落实情况专项审计为例.md,农业农村审计 / 金融审计 / 资源环境审计,期刊文章案例/经验,违规；真实性；重复；套取；绩效,数据；图斑；明细；合同；保单,分析；关联；核查；模型；穿透,背景事实；审计关注点；数据来源；分析方法；疑点定位；现场核查；处理整改,从《运用多技术融合模型核查违规投保骗取农业保险保费补贴问题——以Z市城乡融合发展政策落实情况专项审计为例》抽取审计场景、风险词、数据词和方法词，用于验证或升级资源环境审计相关算法。
CASEV6D-024,,高举思想旗帜 凝聚奋进力量以审计文化建设赋能审计事业高质量发展,76,B,1,ocr_55_books_deep,,1中国审计_7期,E:\2026\审计方法&政策文件\_ocr_output\1中国审计_7期\高举思想旗帜 凝聚奋进力量以审计文化建设赋能审计事业高质量发展.md,监督检查与经费舞弊 / 农业农村审计 / 民生与社保医保,期刊文章案例/经验,绩效,数据；清单；遥感,,背景事实；审计关注点；数据来源；分析方法；疑点定位；现场核查；处理整改,从《高举思想旗帜 凝聚奋进力量以审计文化建设赋能审计事业高质量发展》抽取审计场景、风险词、数据词和方法词，用于验证或升级监督检查与经费舞弊相关算法。
CASEV6D-025,,内部控制视角下审计监督提升事业单位绩效管理路径研究,84,B,1,ocr_55_books_deep,,2经济责任审计_6期,E:\2026\审计方法&政策文件\_ocr_output\2经济责任审计_6期\内部控制视角下审计监督提升事业单位绩效管理路径研究.md,监督检查与经费舞弊 / 经济责任审计 / 预算执行与财政管理,期刊文章案例/经验,绩效；风险；缺陷；真实性；违规,数据；绩效目标；指标；审批；清单,评价；分析；指标；关联；识别,背景事实；审计关注点；数据来源；分析方法；疑点定位；现场核查；处理整改,从《内部控制视角下审计监督提升事业单位绩效管理路径研究》抽取审计场景、风险词、数据词和方法词，用于验证或升级绩效评价相关算法。
CASEV6D-026,,华中革命根据地战时审计机制与效能研究,84,B,1,ocr_55_books_deep,,2经济责任审计_6期,E:\2026\审计方法&政策文件\_ocr_output\2经济责任审计_6期\华中革命根据地战时审计机制与效能研究.md,监督检查与经费舞弊 / 预算执行与财政管理 / 经济责任审计,期刊文章案例/经验,风险；不合规,决算；预算；支付；数据；清单,审查；核查,背景事实；审计关注点；数据来源；分析方法；疑点定位；现场核查；处理整改,从《华中革命根据地战时审计机制与效能研究》抽取审计场景、风险词、数据词和方法词，用于验证或升级监督检查与经费舞弊相关算法。
CASEV6D-027,,印度审计署2023-2030年战略规划概况,84,B,1,ocr_55_books_deep,,2经济责任审计_6期,E:\2026\审计方法&政策文件\_ocr_output\2经济责任审计_6期\印度审计署2023-2030年战略规划概况.md,监督检查与经费舞弊 / 绩效评价 / 民生与社保医保,期刊文章案例/经验,风险；绩效；异常；缺陷,数据；审批；资产,分析；监测；识别；规则；核查,背景事实；审计关注点；数据来源；分析方法；疑点定位；现场核查；处理整改,从《印度审计署2023-2030年战略规划概况》抽取审计场景、风险词、数据词和方法词，用于验证或升级监督检查与经费舞弊相关算法。
CASEV6D-028,,县域经济特色发展的典型模式与战略路径,84,B,1,ocr_55_books_deep,,2经济责任审计_6期,E:\2026\审计方法&政策文件\_ocr_output\2经济责任审计_6期\县域经济特色发展的典型模式与战略路径.md,农业农村审计 / 资源环境审计 / 金融审计,期刊文章案例/经验,风险；预警,数据；资产,关联；预警；监测；分析,背景事实；审计关注点；数据来源；分析方法；疑点定位；现场核查；处理整改,从《县域经济特色发展的典型模式与战略路径》抽取审计场景、风险词、数据词和方法词，用于验证或升级农业农村审计相关算法。
CASEV6D-029,,奋楫笃行担使命踔厉奋发启新程以高质量审计监督助力开创富民兴陇新局面,84,B,1,ocr_55_books_deep,,2经济责任审计_6期,E:\2026\审计方法&政策文件\_ocr_output\2经济责任审计_6期\奋楫笃行担使命踔厉奋发启新程以高质量审计监督助力开创富民兴陇新局面.md,经济责任审计 / 监督检查与经费舞弊 / 农业农村审计,期刊文章案例/经验,风险；违规；绩效；损失,数据；清单；资产；支付；预算,评价；分析,背景事实；审计关注点；数据来源；分析方法；疑点定位；现场核查；处理整改,从《奋楫笃行担使命踔厉奋发启新程以高质量审计监督助力开创富民兴陇新局面》抽取审计场景、风险词、数据词和方法词，用于验证或升级经济责任审计相关算法。
CASEV6D-030,,审判机关领导干部应当履行的推动法院工作高质量发展职责,74,B,0,ocr_55_books_deep,,2经济责任审计_6期,E:\2026\审计方法&政策文件\_ocr_output\2经济责任审计_6期\审判机关领导干部应当履行的推动法院工作高质量发展职责.md,经济责任审计 / 监督检查与经费舞弊 / 预算执行与财政管理,期刊文章案例/经验,违规；损失,预算,评价；分析,背景事实；审计关注点；数据来源；分析方法；疑点定位；现场核查；处理整改,从《审判机关领导干部应当履行的推动法院工作高质量发展职责》抽取审计场景、风险词、数据词和方法词，用于验证或升级经济责任审计相关算法。
CASEV6D-031,,山东省聊城市大气污染防治政策落实和资金管理使用情况专项审计实践,84,B,1,ocr_55_books_deep,,2经济责任审计_6期,E:\2026\审计方法&政策文件\_ocr_output\2经济责任审计_6期\山东省聊城市大气污染防治政策落实和资金管理使用情况专项审计实践.md,资源环境审计 / 绩效评价 / 财政与政府债务,期刊文章案例/经验,违规；闲置；绩效；套取；虚假,采购；数据；合同；投标；招标,核查；模型；指标；监测；识别,背景事实；审计关注点；数据来源；分析方法；疑点定位；现场核查；处理整改,从《山东省聊城市大气污染防治政策落实和资金管理使用情况专项审计实践》抽取审计场景、风险词、数据词和方法词，用于验证或升级招投标与政府采购相关算法。
CASEV6D-032,,我国审计学人才自主培养模式探索与创新2026年全国审计学专业教育联盟会议综述,84,B,1,ocr_55_books_deep,,2经济责任审计_6期,E:\2026\审计方法&政策文件\_ocr_output\2经济责任审计_6期\我国审计学人才自主培养模式探索与创新2026年全国审计学专业教育联盟会议综述.md,监督检查与经费舞弊 / 经济责任审计 / 绩效评价,期刊文章案例/经验,风险；虚假,数据；指标；资产,分析；评价；模型；指标,背景事实；审计关注点；数据来源；分析方法；疑点定位；现场核查；处理整改,从《我国审计学人才自主培养模式探索与创新2026年全国审计学专业教育联盟会议综述》抽取审计场景、风险词、数据词和方法词，用于验证或升级监督检查与经费舞弊相关算法。
CASEV6D-033,,政策性农业保险审计探讨,84,B,1,ocr_55_books_deep,,2经济责任审计_6期,E:\2026\审计方法&政策文件\_ocr_output\2经济责任审计_6期\政策性农业保险审计探讨.md,农业农村审计 / 金融审计 / 资源环境审计,期刊文章案例/经验,风险；违规；虚假；重复；损失,理赔；数据；支付；预算；遥感,评价；核查；分析；关联；预警,背景事实；审计关注点；数据来源；分析方法；疑点定位；现场核查；处理整改,从《政策性农业保险审计探讨》抽取审计场景、风险词、数据词和方法词，用于验证或升级金融审计相关算法。
CASEV6D-034,,数智化背景下供应链金融审计的实务难点与突破路径,84,B,1,ocr_55_books_deep,,2经济责任审计_6期,E:\2026\审计方法&政策文件\_ocr_output\2经济责任审计_6期\数智化背景下供应链金融审计的实务难点与突破路径.md,金融审计 / 国企审计 / 监督检查与经费舞弊,期刊文章案例/经验,风险；预警；异常；内控；虚假,数据；支付；合同；指标；明细,穿透；核查；预警；分析；关联,背景事实；审计关注点；数据来源；分析方法；疑点定位；现场核查；处理整改,从《数智化背景下供应链金融审计的实务难点与突破路径》抽取审计场景、风险词、数据词和方法词，用于验证或升级金融审计相关算法。
CASEV6D-035,,新修订的《上市公司治理准则》总体变化及其制度逻辑,74,B,0,ocr_55_books_deep,,2经济责任审计_6期,E:\2026\审计方法&政策文件\_ocr_output\2经济责任审计_6期\新修订的《上市公司治理准则》总体变化及其制度逻辑.md,经济责任审计 / 监督检查与经费舞弊 / 国企审计,期刊文章案例/经验,风险；绩效；违规；损失；真实性,合同；审批；资产,规则；穿透；审查；识别；分析,背景事实；审计关注点；数据来源；分析方法；疑点定位；现场核查；处理整改,从《新修订的《上市公司治理准则》总体变化及其制度逻辑》抽取审计场景、风险词、数据词和方法词，用于验证或升级经济责任审计相关算法。
CASEV6D-036,,汾渭平原大气污染联防联控现状及审计建议,84,B,1,ocr_55_books_deep,,2经济责任审计_6期,E:\2026\审计方法&政策文件\_ocr_output\2经济责任审计_6期\汾渭平原大气污染联防联控现状及审计建议.md,资源环境审计 / 绩效评价 / 财政与政府债务,期刊文章案例/经验,预警；风险；超标；挪用；违规,数据；清单；指标,核查；预警；分析；指标；评价,背景事实；审计关注点；数据来源；分析方法；疑点定位；现场核查；处理整改,从《汾渭平原大气污染联防联控现状及审计建议》抽取审计场景、风险词、数据词和方法词，用于验证或升级资源环境审计相关算法。
CASEV6D-037,,经济责任审计科学化制度化模块化探索以同类型县域党政主要领导干部 步开展经济责任审计为例,76,B,1,ocr_55_books_deep,,2经济责任审计_6期,E:\2026\审计方法&政策文件\_ocr_output\2经济责任审计_6期\经济责任审计科学化制度化模块化探索以同类型县域党政主要领导干部 步开展经济责任审计为例.md,经济责任审计 / 监督检查与经费舞弊 / 预算执行与财政管理,期刊文章案例/经验,,数据；指标；台账；清单；资产,评价；分析；指标；关联,背景事实；审计关注点；数据来源；分析方法；疑点定位；现场核查；处理整改,从《经济责任审计科学化制度化模块化探索以同类型县域党政主要领导干部 步开展经济责任审计为例》抽取审计场景、风险词、数据词和方法词，用于验证或升级经济责任审计相关算法。
CASEV6D-038,,经济责任审计证据（下）,84,B,1,ocr_55_books_deep,,2经济责任审计_6期,E:\2026\审计方法&政策文件\_ocr_output\2经济责任审计_6期\经济责任审计证据（下）.md,经济责任审计 / 监督检查与经费舞弊 / 预算执行与财政管理,期刊文章案例/经验,风险；异常,数据；清单；资产,分析；评价；穿透；核查；验证,背景事实；审计关注点；数据来源；分析方法；疑点定位；现场核查；处理整改,从《经济责任审计证据（下）》抽取审计场景、风险词、数据词和方法词，用于验证或升级经济责任审计相关算法。
CASEV6D-039,,面向十五五邮储银行体系化审计发展战略的内涵与贯通思路,84,B,1,ocr_55_books_deep,,2经济责任审计_6期,E:\2026\审计方法&政策文件\_ocr_output\2经济责任审计_6期\面向十五五邮储银行体系化审计发展战略的内涵与贯通思路.md,金融审计 / 国企审计 / 监督检查与经费舞弊,期刊文章案例/经验,风险；内控；预警；异常；绩效,数据；资产；指标；台账；清单,模型；监测；评价；预警；识别,背景事实；审计关注点；数据来源；分析方法；疑点定位；现场核查；处理整改,从《面向十五五邮储银行体系化审计发展战略的内涵与贯通思路》抽取审计场景、风险词、数据词和方法词，用于验证或升级金融审计相关算法。
CASEV6D-040,,领导干部权力寻租风险治理路径探析基于县区党政主要领导干部经济责任审计实践,84,B,1,ocr_55_books_deep,,2经济责任审计_6期,E:\2026\审计方法&政策文件\_ocr_output\2经济责任审计_6期\领导干部权力寻租风险治理路径探析基于县区党政主要领导干部经济责任审计实践.md,经济责任审计 / 监督检查与经费舞弊 / 预算执行与财政管理,期刊文章案例/经验,风险；违规；预警；虚假；围标,资产；审批；数据；清单；支付,分析；核查；穿透；关联；预警,背景事实；审计关注点；数据来源；分析方法；疑点定位；现场核查；处理整改,从《领导干部权力寻租风险治理路径探析基于县区党政主要领导干部经济责任审计实践》抽取审计场景、风险词、数据词和方法词，用于验证或升级经济责任审计相关算法。
CASEV6D-041,,高校内部管理领导人员经济责任审计实务困境与全流程优化建议,84,B,1,ocr_55_books_deep,,2经济责任审计_6期,E:\2026\审计方法&政策文件\_ocr_output\2经济责任审计_6期\高校内部管理领导人员经济责任审计实务困境与全流程优化建议.md,经济责任审计 / 监督检查与经费舞弊 / 预算执行与财政管理,期刊文章案例/经验,风险；重复；缺陷；违规；内控,清单；审批；预算；采购；数据,评价；核查；分析；指标；穿透,背景事实；审计关注点；数据来源；分析方法；疑点定位；现场核查；处理整改,从《高校内部管理领导人员经济责任审计实务困境与全流程优化建议》抽取审计场景、风险词、数据词和方法词，用于验证或升级监督检查与经费舞弊相关算法。
BOOKEVID-001,,工程总承包政策精要,84,B,8,ocr_55_books_deep,,工程,E:\2026\审计方法&政策文件\_ocr_output\工程\工程总承包政策精要.pdf.md,工程与投资审计 / 招投标与政府采购 / 财政与政府债务,书籍章节证据模板,违规；异常；风险；超标；超预算；超概算；挪用；损失,数据；清单；明细；合同；支付；流水；预算；决算,模型；规则；指标；评价；评分；核查；关联；回归,章节依据；风险假设；数据需求；规则/指标；疑点输出；人工核查；底稿归档,从《工程总承包政策精要》抽取8个算法/规则/指标包，并形成书籍级证据模板。
BOOKEVID-002,,工程项目利润创造与造价风险控制,84,B,10,ocr_55_books_deep,,工程,E:\2026\审计方法&政策文件\_ocr_output\工程\工程项目利润创造与造价风险控制.pdf.md,工程与投资审计 / 招投标与政府采购 / 财政与政府债务,书籍章节证据模板,违规；异常；风险；虚假；重复；超标；套取；损失,数据；台账；清单；明细；合同；发票；凭证；支付,模型；规则；指标；评价；比对；核查；穿透；关联,章节依据；风险假设；数据需求；规则/指标；疑点输出；人工核查；底稿归档,从《工程项目利润创造与造价风险控制》抽取10个算法/规则/指标包，并形成书籍级证据模板。
BOOKEVID-003,,内部经济责任审计,84,B,8,ocr_55_books_deep,,经责,E:\2026\审计方法&政策文件\_ocr_output\经责\内部经济责任审计.pdf.md,经济责任审计 / 监督检查与经费舞弊,书籍章节证据模板,违规；异常；风险；舞弊；虚假；重复；超标；超概算,数据；台账；清单；明细；合同；发票；凭证；支付,算法；模型；规则；指标；评价；评分；比对；核查,章节依据；风险假设；数据需求；规则/指标；疑点输出；人工核查；底稿归档,从《内部经济责任审计》抽取8个算法/规则/指标包，并形成书籍级证据模板。
BOOKEVID-004,,国有企业经济责任审计实务指南,84,B,7,ocr_55_books_deep,,经责,E:\2026\审计方法&政策文件\_ocr_output\经责\国有企业经济责任审计实务指南.pdf.md,经济责任审计 / 国企审计 / 监督检查与经费舞弊,书籍章节证据模板,违规；异常；风险；舞弊；虚假；重复；超标；超预算,数据；清单；明细；合同；发票；凭证；支付；流水,算法；规则；指标；评价；比对；核查；关联；预警,章节依据；风险假设；数据需求；规则/指标；疑点输出；人工核查；底稿归档,从《国有企业经济责任审计实务指南》抽取7个算法/规则/指标包，并形成书籍级证据模板。
BOOKEVID-005,,经济责任审计实务,84,B,5,ocr_55_books_deep,,经责,E:\2026\审计方法&政策文件\_ocr_output\经责\经济责任审计实务.md,经济责任审计 / 监督检查与经费舞弊,书籍章节证据模板,违规；异常；风险；舞弊；虚假；重复；超标；超预算,数据；台账；清单；明细；合同；发票；凭证；支付,模型；规则；指标；评价；比对；核查；关联；抽样,章节依据；风险假设；数据需求；规则/指标；疑点输出；人工核查；底稿归档,从《经济责任审计实务》抽取5个算法/规则/指标包，并形成书籍级证据模板。
BOOKEVID-006,,经济责任审计实务,84,B,5,ocr_55_books_deep,,经责,E:\2026\审计方法&政策文件\_ocr_output\经责\经济责任审计实务.pdf.md,经济责任审计 / 监督检查与经费舞弊,书籍章节证据模板,违规；异常；风险；舞弊；虚假；重复；超标；超预算,数据；台账；清单；明细；合同；发票；凭证；支付,模型；规则；指标；评价；比对；核查；关联；抽样,章节依据；风险假设；数据需求；规则/指标；疑点输出；人工核查；底稿归档,从《经济责任审计实务》抽取5个算法/规则/指标包，并形成书籍级证据模板。
BOOKEVID-007,,行政单位经济责任审计实务指南,84,B,6,ocr_55_books_deep,,经责,E:\2026\审计方法&政策文件\_ocr_output\经责\行政单位经济责任审计实务指南.pdf.md,经济责任审计 / 预算执行与财政管理 / 监督检查与经费舞弊,书籍章节证据模板,违规；异常；风险；舞弊；虚假；重复；超标；超预算,数据；台账；清单；明细；合同；发票；凭证；支付,算法；规则；指标；评价；评分；核查；关联；抽样,章节依据；风险假设；数据需求；规则/指标；疑点输出；人工核查；底稿归档,从《行政单位经济责任审计实务指南》抽取6个算法/规则/指标包，并形成书籍级证据模板。
BOOKEVID-008,,领导干部自然资源资产离任审计实务与操作指引,84,B,8,ocr_55_books_deep,,经责,E:\2026\审计方法&政策文件\_ocr_output\经责\领导干部自然资源资产离任审计实务与操作指引.pdf.md,经济责任审计 / 资源环境审计 / 监督检查与经费舞弊,书籍章节证据模板,违规；异常；风险；舞弊；虚假；重复；超标；挪用,数据；台账；清单；明细；合同；凭证；支付；流水,算法；模型；规则；指标；评价；评分；比对；核查,章节依据；风险假设；数据需求；规则/指标；疑点输出；人工核查；底稿归档,从《领导干部自然资源资产离任审计实务与操作指引》抽取8个算法/规则/指标包，并形成书籍级证据模板。
BOOKEVID-009,,领导干部自然资源资产离任审计常见问题定性与评价指南,84,B,6,ocr_55_books_deep,,经责,E:\2026\审计方法&政策文件\_ocr_output\经责\领导干部自然资源资产离任审计常见问题定性与评价指南.pdf.md,经济责任审计 / 资源环境审计 / 监督检查与经费舞弊,书籍章节证据模板,违规；异常；风险；虚假；重复；超标；挪用；套取,数据；台账；清单；明细；合同；凭证；支付；预算,算法；规则；指标；评价；比对；核查；关联；抽样,章节依据；风险假设；数据需求；规则/指标；疑点输出；人工核查；底稿归档,从《领导干部自然资源资产离任审计常见问题定性与评价指南》抽取6个算法/规则/指标包，并形成书籍级证据模板。
BOOKEVID-010,,高校领导干部经济责任审计指南,84,B,7,ocr_55_books_deep,,经责,E:\2026\审计方法&政策文件\_ocr_output\经责\高校领导干部经济责任审计指南.pdf.md,经济责任审计 / 预算执行与财政管理 / 监督检查与经费舞弊,书籍章节证据模板,违规；异常；风险；舞弊；虚假；重复；超标；超预算,数据；台账；清单；明细；合同；发票；凭证；支付,算法；模型；规则；指标；评价；评分；比对；核查,章节依据；风险假设；数据需求；规则/指标；疑点输出；人工核查；底稿归档,从《高校领导干部经济责任审计指南》抽取7个算法/规则/指标包，并形成书籍级证据模板。
BOOKEVID-011,,中国财政支出政策绩效评价体系研究,84,B,7,ocr_55_books_deep,,绩效,E:\2026\审计方法&政策文件\_ocr_output\绩效\中国财政支出政策绩效评价体系研究.pdf.md,绩效评价 / 预算执行与财政管理 / 财政与政府债务,书籍章节证据模板,违规；风险；重复；挪用；骗补；损失；低效；闲置,数据；台账；清单；合同；支付；预算；决算；指标,算法；模型；规则；指标；评价；评分；比对；核查,章节依据；风险假设；数据需求；规则/指标；疑点输出；人工核查；底稿归档,从《中国财政支出政策绩效评价体系研究》抽取7个算法/规则/指标包，并形成书籍级证据模板。
BOOKEVID-012,,抽样调查设计导论,84,B,7,ocr_55_books_deep,,绩效,E:\2026\审计方法&政策文件\_ocr_output\绩效\抽样调查设计导论.pdf.md,绩效评价 / 预算执行与财政管理 / 财政与政府债务,书籍章节证据模板,违规；异常；风险；重复；挪用；低效；缺陷；绩效,数据；清单；支付；预算；指标；问卷；样本；报表,算法；模型；规则；指标；评价；比对；核查；关联,章节依据；风险假设；数据需求；规则/指标；疑点输出；人工核查；底稿归档,从《抽样调查设计导论》抽取7个算法/规则/指标包，并形成书籍级证据模板。
BOOKEVID-013,,水利系统部门整体支出绩效评价的思考与探索,84,B,5,ocr_55_books_deep,,绩效,E:\2026\审计方法&政策文件\_ocr_output\绩效\水利系统部门整体支出绩效评价的思考与探索.pdf.md,绩效评价 / 预算执行与财政管理 / 财政与政府债务,书籍章节证据模板,违规；风险；虚假；重复；损失；低效；滞留；内控,数据；清单；明细；合同；凭证；支付；预算；决算,算法；模型；规则；指标；评价；评分；比对；核查,章节依据；风险假设；数据需求；规则/指标；疑点输出；人工核查；底稿归档,从《水利系统部门整体支出绩效评价的思考与探索》抽取5个算法/规则/指标包，并形成书籍级证据模板。
BOOKEVID-014,,环境绩效审计实务指南,84,B,6,ocr_55_books_deep,,绩效,E:\2026\审计方法&政策文件\_ocr_output\绩效\环境绩效审计实务指南.pdf.md,绩效评价 / 资源环境审计 / 预算执行与财政管理,书籍章节证据模板,违规；异常；风险；虚假；重复；超标；超预算；超概算,数据；台账；清单；明细；合同；发票；凭证；支付,指标；评价；评分；比对；核查；关联；抽样；监测,章节依据；风险假设；数据需求；规则/指标；疑点输出；人工核查；底稿归档,从《环境绩效审计实务指南》抽取6个算法/规则/指标包，并形成书籍级证据模板。
BOOKEVID-015,,绩效审计一个计量的过程和方法,84,B,8,ocr_55_books_deep,,绩效,E:\2026\审计方法&政策文件\_ocr_output\绩效\绩效审计一个计量的过程和方法.pdf.md,绩效评价 / 预算执行与财政管理 / 财政与政府债务,书籍章节证据模板,违规；异常；风险；舞弊；重复；挪用；损失；低效,数据；清单；合同；发票；凭证；支付；流水；预算,算法；模型；规则；指标；评价；评分；核查；关联,章节依据；风险假设；数据需求；规则/指标；疑点输出；人工核查；底稿归档,从《绩效审计一个计量的过程和方法》抽取8个算法/规则/指标包，并形成书籍级证据模板。
BOOKEVID-016,,绩效审计方法,84,B,7,ocr_55_books_deep,,绩效,E:\2026\审计方法&政策文件\_ocr_output\绩效\绩效审计方法.pdf.md,绩效评价 / 预算执行与财政管理 / 财政与政府债务,书籍章节证据模板,违规；异常；风险；舞弊；虚假；重复；超标；挪用,数据；清单；明细；合同；发票；凭证；支付；流水,算法；模型；规则；指标；评价；评分；比对；核查,章节依据；风险假设；数据需求；规则/指标；疑点输出；人工核查；底稿归档,从《绩效审计方法》抽取7个算法/规则/指标包，并形成书籍级证据模板。
BOOKEVID-017,,调查问卷设计与处理分析,84,B,6,ocr_55_books_deep,,绩效,E:\2026\审计方法&政策文件\_ocr_output\绩效\调查问卷设计与处理分析.pdf.md,绩效评价 / 预算执行与财政管理 / 财政与政府债务,书籍章节证据模板,风险；虚假；重复；损失；完整性；绩效；偏离；预警,数据；台账；预算；指标；问卷；样本；报表；审批,模型；规则；指标；评价；核查；关联；聚类；抽样,章节依据；风险假设；数据需求；规则/指标；疑点输出；人工核查；底稿归档,从《调查问卷设计与处理分析》抽取6个算法/规则/指标包，并形成书籍级证据模板。
BOOKEVID-018,,财政支出绩效评价研究,84,B,7,ocr_55_books_deep,,绩效,E:\2026\审计方法&政策文件\_ocr_output\绩效\财政支出绩效评价研究.pdf.md,绩效评价 / 预算执行与财政管理 / 财政与政府债务,书籍章节证据模板,违规；风险；虚假；重复；超概算；挪用；损失；低效,数据；清单；明细；合同；凭证；支付；预算；决算,算法；模型；规则；指标；评价；评分；比对；核查,章节依据；风险假设；数据需求；规则/指标；疑点输出；人工核查；底稿归档,从《财政支出绩效评价研究》抽取7个算法/规则/指标包，并形成书籍级证据模板。
BOOKEVID-019,,中国碳排放权交易实务,84,B,8,ocr_55_books_deep,,能源,E:\2026\审计方法&政策文件\_ocr_output\能源\中国碳排放权交易实务.pdf.md,能源与双碳审计 / 资源环境审计 / 绩效评价,书籍章节证据模板,违规；异常；风险；重复；损失；内控；真实性；完整性,数据；台账；清单；明细；合同；发票；凭证；支付,模型；规则；指标；评价；比对；核查；关联；抽样,章节依据；风险假设；数据需求；规则/指标；疑点输出；人工核查；底稿归档,从《中国碳排放权交易实务》抽取8个算法/规则/指标包，并形成书籍级证据模板。
BOOKEVID-020,,公共机构能源审计,84,B,6,ocr_55_books_deep,,能源,E:\2026\审计方法&政策文件\_ocr_output\能源\公共机构能源审计.pdf.md,能源与双碳审计 / 资源环境审计 / 绩效评价,书籍章节证据模板,违规；异常；风险；重复；损失；低效；闲置；缺陷,数据；台账；清单；明细；合同；发票；凭证；支付,算法；模型；规则；指标；评价；比对；核查；关联,章节依据；风险假设；数据需求；规则/指标；疑点输出；人工核查；底稿归档,从《公共机构能源审计》抽取6个算法/规则/指标包，并形成书籍级证据模板。
BOOKEVID-021,,公共机构能源审计实务,84,B,7,ocr_55_books_deep,,能源,E:\2026\审计方法&政策文件\_ocr_output\能源\公共机构能源审计实务.pdf.md,能源与双碳审计 / 资源环境审计 / 绩效评价,书籍章节证据模板,违规；异常；风险；舞弊；虚假；重复；超标；损失,数据；台账；清单；明细；合同；发票；凭证；支付,算法；模型；规则；指标；评价；评分；比对；核查,章节依据；风险假设；数据需求；规则/指标；疑点输出；人工核查；底稿归档,从《公共机构能源审计实务》抽取7个算法/规则/指标包，并形成书籍级证据模板。
BOOKEVID-022,,碳达峰与碳中和实施指南,84,B,6,ocr_55_books_deep,,能源,E:\2026\审计方法&政策文件\_ocr_output\能源\碳达峰与碳中和实施指南.pdf.md,能源与双碳审计 / 资源环境审计 / 绩效评价,书籍章节证据模板,违规；异常；风险；重复；超标；损失；低效；闲置,数据；台账；清单；合同；发票；支付；预算；指标,规则；指标；评价；核查；关联；回归；预警；监测,章节依据；风险假设；数据需求；规则/指标；疑点输出；人工核查；底稿归档,从《碳达峰与碳中和实施指南》抽取6个算法/规则/指标包，并形成书籍级证据模板。
BOOKEVID-023,,能源审计原理与实施方法,84,B,6,ocr_55_books_deep,,能源,E:\2026\审计方法&政策文件\_ocr_output\能源\能源审计原理与实施方法.pdf.md,能源与双碳审计 / 资源环境审计 / 绩效评价,书籍章节证据模板,违规；异常；风险；虚假；重复；超标；损失；低效,数据；台账；清单；合同；发票；凭证；支付；流水,模型；规则；指标；评价；比对；核查；抽样；回归,章节依据；风险假设；数据需求；规则/指标；疑点输出；人工核查；底稿归档,从《能源审计原理与实施方法》抽取6个算法/规则/指标包，并形成书籍级证据模板。
BOOKEVID-024,,内部审计工作法,84,B,7,ocr_55_books_deep,,通用,E:\2026\审计方法&政策文件\_ocr_output\通用\内部审计工作法.pdf.md,全场景通用 / 监督检查与经费舞弊 / 预算执行与财政管理,书籍章节证据模板,违规；异常；风险；舞弊；虚假；重复；挪用；损失,数据；清单；明细；合同；发票；凭证；支付；流水,算法；模型；规则；指标；评价；评分；比对；核查,章节依据；风险假设；数据需求；规则/指标；疑点输出；人工核查；底稿归档,从《内部审计工作法》抽取7个算法/规则/指标包，并形成书籍级证据模板。
BOOKEVID-025,,内部审计思维与沟通,84,B,6,ocr_55_books_deep,,通用,E:\2026\审计方法&政策文件\_ocr_output\通用\内部审计思维与沟通.pdf.md,全场景通用 / 监督检查与经费舞弊 / 预算执行与财政管理,书籍章节证据模板,违规；异常；风险；舞弊；虚假；重复；超预算；挪用,数据；台账；清单；明细；合同；发票；凭证；支付,模型；规则；指标；评价；评分；核查；关联；抽样,章节依据；风险假设；数据需求；规则/指标；疑点输出；人工核查；底稿归档,从《内部审计思维与沟通》抽取6个算法/规则/指标包，并形成书籍级证据模板。
BOOKEVID-026,,内部控制审计实务指南,84,B,7,ocr_55_books_deep,,通用,E:\2026\审计方法&政策文件\_ocr_output\通用\内部控制审计实务指南.pdf.md,监督检查与经费舞弊 / 预算执行与财政管理 / 经济责任审计,书籍章节证据模板,违规；异常；风险；舞弊；虚假；重复；超标；超预算,数据；台账；清单；明细；合同；发票；凭证；支付,模型；规则；指标；评价；评分；核查；关联；抽样,章节依据；风险假设；数据需求；规则/指标；疑点输出；人工核查；底稿归档,从《内部控制审计实务指南》抽取7个算法/规则/指标包，并形成书籍级证据模板。
BOOKEVID-027,,国家治理导向的政府审计,84,B,10,ocr_55_books_deep,,通用,E:\2026\审计方法&政策文件\_ocr_output\通用\国家治理导向的政府审计.pdf.md,监督检查与经费舞弊 / 预算执行与财政管理 / 绩效评价,书籍章节证据模板,违规；异常；风险；舞弊；虚假；重复；挪用；损失,数据；台账；清单；明细；合同；发票；凭证；支付,算法；模型；规则；指标；评价；评分；比对；核查,章节依据；风险假设；数据需求；规则/指标；疑点输出；人工核查；底稿归档,从《国家治理导向的政府审计》抽取10个算法/规则/指标包，并形成书籍级证据模板。
BOOKEVID-028,,基层审计业务操作规程,84,B,6,ocr_55_books_deep,,通用,E:\2026\审计方法&政策文件\_ocr_output\通用\基层审计业务操作规程.pdf.md,全场景通用 / 监督检查与经费舞弊 / 预算执行与财政管理,书籍章节证据模板,违规；异常；风险；虚假；重复；超标；超预算；超概算,数据；台账；清单；明细；合同；发票；凭证；支付,算法；模型；规则；指标；评价；比对；核查；关联,章节依据；风险假设；数据需求；规则/指标；疑点输出；人工核查；底稿归档,从《基层审计业务操作规程》抽取6个算法/规则/指标包，并形成书籍级证据模板。
BOOKEVID-029,,审计专题教学案例精选,84,B,7,ocr_55_books_deep,,通用,E:\2026\审计方法&政策文件\_ocr_output\通用\审计专题教学案例精选.pdf.md,全场景通用 / 监督检查与经费舞弊 / 绩效评价,书籍章节证据模板,违规；异常；风险；舞弊；虚假；重复；超标；超预算,数据；台账；清单；明细；合同；发票；凭证；支付,算法；模型；规则；指标；评价；评分；核查；关联,章节依据；风险假设；数据需求；规则/指标；疑点输出；人工核查；底稿归档,从《审计专题教学案例精选》抽取7个算法/规则/指标包，并形成书籍级证据模板。
BOOKEVID-030,,审计案例,84,B,7,ocr_55_books_deep,,通用,E:\2026\审计方法&政策文件\_ocr_output\通用\审计案例.pdf.md,全场景通用 / 监督检查与经费舞弊 / 绩效评价,书籍章节证据模板,违规；异常；风险；舞弊；虚假；重复；超标；超预算,数据；台账；清单；明细；合同；发票；凭证；支付,算法；模型；规则；指标；评价；评分；比对；核查,章节依据；风险假设；数据需求；规则/指标；疑点输出；人工核查；底稿归档,从《审计案例》抽取7个算法/规则/指标包，并形成书籍级证据模板。
BOOKEVID-031,,政府审计,84,B,8,ocr_55_books_deep,,通用,E:\2026\审计方法&政策文件\_ocr_output\通用\政府审计.pdf.md,监督检查与经费舞弊 / 预算执行与财政管理 / 绩效评价,书籍章节证据模板,违规；异常；风险；舞弊；虚假；重复；超标；超预算,数据；台账；清单；明细；合同；发票；凭证；支付,算法；模型；规则；指标；评价；评分；比对；核查,章节依据；风险假设；数据需求；规则/指标；疑点输出；人工核查；底稿归档,从《政府审计》抽取8个算法/规则/指标包，并形成书籍级证据模板。
BOOKEVID-032,,政府审计学,84,B,10,ocr_55_books_deep,,通用,E:\2026\审计方法&政策文件\_ocr_output\通用\政府审计学.pdf.md,监督检查与经费舞弊 / 预算执行与财政管理 / 绩效评价,书籍章节证据模板,违规；异常；风险；舞弊；虚假；重复；超标；超预算,数据；台账；清单；明细；合同；发票；凭证；支付,算法；模型；规则；指标；评价；评分；比对；核查,章节依据；风险假设；数据需求；规则/指标；疑点输出；人工核查；底稿归档,从《政府审计学》抽取10个算法/规则/指标包，并形成书籍级证据模板。
BOOKEVID-033,,政府审计理论与实务,84,B,8,ocr_55_books_deep,,通用,E:\2026\审计方法&政策文件\_ocr_output\通用\政府审计理论与实务.pdf.md,监督检查与经费舞弊 / 预算执行与财政管理 / 绩效评价,书籍章节证据模板,违规；异常；风险；舞弊；虚假；重复；超标；超预算,数据；台账；清单；明细；合同；发票；凭证；支付,算法；模型；规则；指标；评价；评分；核查；关联,章节依据；风险假设；数据需求；规则/指标；疑点输出；人工核查；底稿归档,从《政府审计理论与实务》抽取8个算法/规则/指标包，并形成书籍级证据模板。
BOOKEVID-034,,行政事业单位内部控制体系建设全流程操作指南,84,B,7,ocr_55_books_deep,,通用,E:\2026\审计方法&政策文件\_ocr_output\通用\行政事业单位内部控制体系建设全流程操作指南.pdf.md,监督检查与经费舞弊 / 预算执行与财政管理 / 经济责任审计,书籍章节证据模板,违规；异常；风险；舞弊；虚假；重复；超标；超预算,数据；台账；清单；明细；合同；发票；凭证；支付,算法；模型；规则；指标；评价；核查；关联；抽样,章节依据；风险假设；数据需求；规则/指标；疑点输出；人工核查；底稿归档,从《行政事业单位内部控制体系建设全流程操作指南》抽取7个算法/规则/指标包，并形成书籍级证据模板。
BOOKEVID-035,,行政事业单位内部控制体系建设实操手册,84,B,6,ocr_55_books_deep,,通用,E:\2026\审计方法&政策文件\_ocr_output\通用\行政事业单位内部控制体系建设实操手册.pdf.md,监督检查与经费舞弊 / 预算执行与财政管理 / 经济责任审计,书籍章节证据模板,违规；风险；舞弊；虚假；重复；超预算；超概算；挪用,数据；台账；清单；明细；合同；发票；凭证；支付,算法；规则；指标；评价；评分；核查；关联；抽样,章节依据；风险假设；数据需求；规则/指标；疑点输出；人工核查；底稿归档,从《行政事业单位内部控制体系建设实操手册》抽取6个算法/规则/指标包，并形成书籍级证据模板。
BOOKEVID-036,,行政事业单位内部控制建设原理与操作实务,84,B,10,ocr_55_books_deep,,通用,E:\2026\审计方法&政策文件\_ocr_output\通用\行政事业单位内部控制建设原理与操作实务.pdf.md,监督检查与经费舞弊 / 预算执行与财政管理 / 经济责任审计,书籍章节证据模板,违规；异常；风险；舞弊；虚假；重复；超标；超预算,数据；台账；清单；明细；合同；发票；凭证；支付,算法；模型；规则；指标；评价；评分；比对；核查,章节依据；风险假设；数据需求；规则/指标；疑点输出；人工核查；底稿归档,从《行政事业单位内部控制建设原理与操作实务》抽取10个算法/规则/指标包，并形成书籍级证据模板。
BOOKEVID-037,,行政事业单位内部控制规范实施指南,84,B,7,ocr_55_books_deep,,通用,E:\2026\审计方法&政策文件\_ocr_output\通用\行政事业单位内部控制规范实施指南.pdf.md,监督检查与经费舞弊 / 预算执行与财政管理 / 经济责任审计,书籍章节证据模板,违规；异常；风险；舞弊；虚假；重复；超标；超预算,数据；台账；清单；明细；合同；发票；凭证；支付,算法；模型；规则；指标；评价；比对；核查；穿透,章节依据；风险假设；数据需求；规则/指标；疑点输出；人工核查；底稿归档,从《行政事业单位内部控制规范实施指南》抽取7个算法/规则/指标包，并形成书籍级证据模板。
BOOKEVID-038,,财政审计,84,B,8,ocr_55_books_deep,,通用,E:\2026\审计方法&政策文件\_ocr_output\通用\财政审计.pdf.md,预算执行与财政管理 / 财政与政府债务 / 监督检查与经费舞弊,书籍章节证据模板,违规；异常；风险；舞弊；虚假；重复；超标；超预算,数据；台账；清单；明细；合同；发票；凭证；支付,算法；模型；规则；指标；评价；比对；核查；关联,章节依据；风险假设；数据需求；规则/指标；疑点输出；人工核查；底稿归档,从《财政审计》抽取8个算法/规则/指标包，并形成书籍级证据模板。
BOOKEVID-039,,财政审计读本,84,B,6,ocr_55_books_deep,,通用,E:\2026\审计方法&政策文件\_ocr_output\通用\财政审计读本.pdf.md,预算执行与财政管理 / 财政与政府债务 / 监督检查与经费舞弊,书籍章节证据模板,违规；异常；风险；虚假；重复；超标；超预算；超概算,数据；台账；清单；明细；合同；发票；凭证；支付,算法；规则；指标；评价；比对；核查；关联；预警,章节依据；风险假设；数据需求；规则/指标；疑点输出；人工核查；底稿归档,从《财政审计读本》抽取6个算法/规则/指标包，并形成书籍级证据模板。
BOOKEVID-040,,财政监督检查实务操作指南,84,B,8,ocr_55_books_deep,,通用,E:\2026\审计方法&政策文件\_ocr_output\通用\财政监督检查实务操作指南.pdf.md,预算执行与财政管理 / 财政与政府债务 / 监督检查与经费舞弊,书籍章节证据模板,违规；异常；风险；舞弊；虚假；重复；超标；超预算,数据；台账；清单；明细；合同；发票；凭证；支付,算法；规则；指标；评价；评分；比对；核查；关联,章节依据；风险假设；数据需求；规则/指标；疑点输出；人工核查；底稿归档,从《财政监督检查实务操作指南》抽取8个算法/规则/指标包，并形成书籍级证据模板。
BOOKEVID-041,,高级审计技术方法,84,B,8,ocr_55_books_deep,,通用,E:\2026\审计方法&政策文件\_ocr_output\通用\高级审计技术方法.pdf.md,全场景通用 / 监督检查与经费舞弊 / 绩效评价,书籍章节证据模板,违规；异常；风险；舞弊；虚假；重复；挪用；套取,数据；清单；明细；合同；发票；凭证；支付；预算,算法；模型；规则；指标；评价；评分；比对；核查,章节依据；风险假设；数据需求；规则/指标；疑点输出；人工核查；底稿归档,从《高级审计技术方法》抽取8个算法/规则/指标包，并形成书籍级证据模板。
BOOKEVID-042,,中央部门预算执行审计常用定性表述及适用法规向导,84,B,6,ocr_55_books_deep,,预算,E:\2026\审计方法&政策文件\_ocr_output\预算\中央部门预算执行审计常用定性表述及适用法规向导.pdf.md,预算执行与财政管理 / 绩效评价 / 财政与政府债务,书籍章节证据模板,违规；风险；舞弊；虚假；重复；超标；超预算；挪用,数据；台账；清单；明细；合同；发票；凭证；支付,算法；规则；指标；评价；评分；核查；关联；监测,章节依据；风险假设；数据需求；规则/指标；疑点输出；人工核查；底稿归档,从《中央部门预算执行审计常用定性表述及适用法规向导》抽取6个算法/规则/指标包，并形成书籍级证据模板。
BOOKEVID-043,,全面实施预算绩效管理实践指导,84,B,7,ocr_55_books_deep,,预算,E:\2026\审计方法&政策文件\_ocr_output\预算\全面实施预算绩效管理实践指导.pdf.md,预算执行与财政管理 / 绩效评价 / 财政与政府债务,书籍章节证据模板,违规；异常；风险；重复；超标；超概算；挪用；损失,数据；台账；清单；明细；合同；支付；预算；决算,算法；模型；规则；指标；评价；评分；比对；核查,章节依据；风险假设；数据需求；规则/指标；疑点输出；人工核查；底稿归档,从《全面实施预算绩效管理实践指导》抽取7个算法/规则/指标包，并形成书籍级证据模板。
BOOKEVID-044,,全面实施预算绩效管理案例解读,84,B,7,ocr_55_books_deep,,预算,E:\2026\审计方法&政策文件\_ocr_output\预算\全面实施预算绩效管理案例解读.pdf.md,预算执行与财政管理 / 绩效评价 / 财政与政府债务,书籍章节证据模板,违规；异常；风险；重复；超概算；损失；低效；闲置,数据；台账；清单；明细；合同；发票；凭证；支付,模型；规则；指标；评价；评分；比对；核查；关联,章节依据；风险假设；数据需求；规则/指标；疑点输出；人工核查；底稿归档,从《全面实施预算绩效管理案例解读》抽取7个算法/规则/指标包，并形成书籍级证据模板。
BOOKEVID-045,,发电基本建设项目竣工财务决算编制实务,84,B,6,ocr_55_books_deep,,预算,E:\2026\审计方法&政策文件\_ocr_output\预算\发电基本建设项目竣工财务决算编制实务.pdf.md,预算执行与财政管理 / 工程与投资审计 / 绩效评价,书籍章节证据模板,风险；虚假；重复；超标；超概算；挪用；损失；内控,数据；台账；清单；明细；合同；发票；凭证；支付,算法；规则；指标；评价；核查；关联；预警；监测,章节依据；风险假设；数据需求；规则/指标；疑点输出；人工核查；底稿归档,从《发电基本建设项目竣工财务决算编制实务》抽取6个算法/规则/指标包，并形成书籍级证据模板。
BOOKEVID-046,,建立全过程预算绩效管理体系,84,B,6,ocr_55_books_deep,,预算,E:\2026\审计方法&政策文件\_ocr_output\预算\建立全过程预算绩效管理体系.pdf.md,预算执行与财政管理 / 绩效评价 / 财政与政府债务,书籍章节证据模板,违规；异常；风险；舞弊；重复；挪用；损失；低效,数据；合同；凭证；支付；预算；决算；指标；项目库,算法；模型；规则；指标；评价；评分；核查；关联,章节依据；风险假设；数据需求；规则/指标；疑点输出；人工核查；底稿归档,从《建立全过程预算绩效管理体系》抽取6个算法/规则/指标包，并形成书籍级证据模板。
BOOKEVID-047,,成本预算绩效分析方法与案例,84,B,7,ocr_55_books_deep,,预算,E:\2026\审计方法&政策文件\_ocr_output\预算\成本预算绩效分析方法与案例.pdf.md,预算执行与财政管理 / 绩效评价 / 财政与政府债务,书籍章节证据模板,异常；风险；重复；超标；超概算；损失；低效；闲置,数据；台账；清单；明细；合同；发票；凭证；支付,算法；模型；规则；指标；评价；评分；比对；核查,章节依据；风险假设；数据需求；规则/指标；疑点输出；人工核查；底稿归档,从《成本预算绩效分析方法与案例》抽取7个算法/规则/指标包，并形成书籍级证据模板。
BOOKEVID-048,,政府部门预算管理,84,B,10,ocr_55_books_deep,,预算,E:\2026\审计方法&政策文件\_ocr_output\预算\政府部门预算管理.pdf.md,预算执行与财政管理 / 绩效评价 / 财政与政府债务,书籍章节证据模板,违规；异常；风险；虚假；重复；超标；超预算；挪用,数据；台账；清单；明细；合同；发票；凭证；支付,算法；模型；规则；指标；评价；评分；核查；关联,章节依据；风险假设；数据需求；规则/指标；疑点输出；人工核查；底稿归档,从《政府部门预算管理》抽取10个算法/规则/指标包，并形成书籍级证据模板。
BOOKEVID-049,,新能源发电工竣工决算编制理论与实务,84,B,10,ocr_55_books_deep,,预算,E:\2026\审计方法&政策文件\_ocr_output\预算\新能源发电工竣工决算编制理论与实务.pdf.md,预算执行与财政管理 / 工程与投资审计 / 绩效评价,书籍章节证据模板,违规；异常；风险；舞弊；虚假；重复；超标；超概算,数据；台账；清单；明细；合同；发票；凭证；支付,算法；模型；规则；指标；评价；评分；比对；核查,章节依据；风险假设；数据需求；规则/指标；疑点输出；人工核查；底稿归档,从《新能源发电工竣工决算编制理论与实务》抽取10个算法/规则/指标包，并形成书籍级证据模板。
BOOKEVID-050,,水利基本建设项目竣工财务决算编制教程,84,B,10,ocr_55_books_deep,,预算,E:\2026\审计方法&政策文件\_ocr_output\预算\水利基本建设项目竣工财务决算编制教程.pdf.md,预算执行与财政管理 / 工程与投资审计 / 绩效评价,书籍章节证据模板,违规；风险；舞弊；虚假；重复；超标；超预算；超概算,数据；台账；清单；明细；合同；发票；凭证；支付,算法；模型；规则；指标；评价；比对；核查；关联,章节依据；风险假设；数据需求；规则/指标；疑点输出；人工核查；底稿归档,从《水利基本建设项目竣工财务决算编制教程》抽取10个算法/规则/指标包，并形成书籍级证据模板。
BOOKEVID-051,,部门整体预算绩效评价研究,84,B,8,ocr_55_books_deep,,预算,E:\2026\审计方法&政策文件\_ocr_output\预算\部门整体预算绩效评价研究.pdf.md,预算执行与财政管理 / 绩效评价 / 财政与政府债务,书籍章节证据模板,违规；风险；虚假；重复；超标；超概算；挪用；损失,数据；明细；合同；支付；预算；决算；指标；项目库,算法；模型；规则；指标；评价；评分；比对；关联,章节依据；风险假设；数据需求；规则/指标；疑点输出；人工核查；底稿归档,从《部门整体预算绩效评价研究》抽取8个算法/规则/指标包，并形成书籍级证据模板。
BOOKEVID-052,,部门预算执行审计指南,84,B,8,ocr_55_books_deep,,预算,E:\2026\审计方法&政策文件\_ocr_output\预算\部门预算执行审计指南.pdf.md,预算执行与财政管理 / 绩效评价 / 财政与政府债务,书籍章节证据模板,违规；异常；风险；舞弊；虚假；重复；超标；超预算,数据；台账；清单；明细；合同；发票；凭证；支付,算法；模型；规则；指标；评价；评分；核查；关联,章节依据；风险假设；数据需求；规则/指标；疑点输出；人工核查；底稿归档,从《部门预算执行审计指南》抽取8个算法/规则/指标包，并形成书籍级证据模板。
BOOKEVID-053,,部门预算绩效管理,84,B,8,ocr_55_books_deep,,预算,E:\2026\审计方法&政策文件\_ocr_output\预算\部门预算绩效管理.pdf.md,预算执行与财政管理 / 绩效评价 / 财政与政府债务,书籍章节证据模板,违规；风险；虚假；重复；超标；超预算；挪用；损失,数据；台账；清单；明细；合同；发票；凭证；支付,算法；模型；规则；指标；评价；评分；比对；核查,章节依据；风险假设；数据需求；规则/指标；疑点输出；人工核查；底稿归档,从《部门预算绩效管理》抽取8个算法/规则/指标包，并形成书籍级证据模板。
BOOKEVID-054,,预算绩效评价方法与指标,84,B,8,ocr_55_books_deep,,预算,E:\2026\审计方法&政策文件\_ocr_output\预算\预算绩效评价方法与指标.pdf.md,预算执行与财政管理 / 绩效评价 / 财政与政府债务,书籍章节证据模板,违规；异常；风险；重复；超标；挪用；套取；损失,数据；清单；明细；合同；发票；凭证；支付；流水,算法；模型；规则；指标；评价；评分；比对；核查,章节依据；风险假设；数据需求；规则/指标；疑点输出；人工核查；底稿归档,从《预算绩效评价方法与指标》抽取8个算法/规则/指标包，并形成书籍级证据模板。
BOOKEVID-055,,预算项目政策绩效评价研究,84,B,6,ocr_55_books_deep,,预算,E:\2026\审计方法&政策文件\_ocr_output\预算\预算项目政策绩效评价研究.pdf.md,预算执行与财政管理 / 绩效评价 / 财政与政府债务,书籍章节证据模板,异常；风险；重复；挪用；损失；低效；闲置；截留,数据；台账；明细；合同；支付；流水；预算；指标,算法；模型；规则；指标；评价；评分；比对；关联,章节依据；风险假设；数据需求；规则/指标；疑点输出；人工核查；底稿归档,从《预算项目政策绩效评价研究》抽取6个算法/规则/指标包，并形成书籍级证据模板。
