asset_id,asset_type,source_type,package_sn,quality_score,quality_tier,scene,topic,name,description,input_fields,condition,output,priority,library_source,source_file
MAGDATA-0005-R01,audit_rule,generated_rule,MAGDATA-0005,53,D,全场景通用,017巾帼聚力担使命行业妇联绽芳华,017巾帼聚力担使命行业妇联绽芳华R01规则,按案例主题识别同类事项中的风险特征并生成疑点。,文章案例文本；审计事项清单；问题线索台账；审计证据资料；会计相关数据,风险词命中/数据缺失/证据不一致/指标偏离/流程缺陷,命中对象、风险等级、证据资料、核查建议,P1,magazine_435_articles,D:\openclaw-workspace\knowledge\11-杂志文献\四川注册会计师\017巾帼聚力担使命行业妇联绽芳华.md
MAGDATA-0005-R02,audit_rule,generated_rule,MAGDATA-0005,53,D,全场景通用,017巾帼聚力担使命行业妇联绽芳华,017巾帼聚力担使命行业妇联绽芳华R02规则,核查案例涉及的数据、证据和整改链条是否完整一致。,文章案例文本；审计事项清单；问题线索台账；审计证据资料；会计相关数据,风险词命中/数据缺失/证据不一致/指标偏离/流程缺陷,命中对象、风险等级、证据资料、核查建议,P1,magazine_435_articles,D:\openclaw-workspace\knowledge\11-杂志文献\四川注册会计师\017巾帼聚力担使命行业妇联绽芳华.md
MAGDATA-0006-R01,audit_rule,generated_rule,MAGDATA-0006,53,D,全场景通用,凝心聚力启新程砥砺奋进谱新篇,凝心聚力启新程砥砺奋进谱新篇R01规则,按案例主题识别同类事项中的风险特征并生成疑点。,文章案例文本；审计事项清单；问题线索台账；审计证据资料；会计相关数据,风险词命中/数据缺失/证据不一致/指标偏离/流程缺陷,命中对象、风险等级、证据资料、核查建议,P1,magazine_435_articles,D:\openclaw-workspace\knowledge\11-杂志文献\四川注册会计师\024.凝心聚力启新程砥砺奋进谱新篇.md
MAGDATA-0006-R02,audit_rule,generated_rule,MAGDATA-0006,53,D,全场景通用,凝心聚力启新程砥砺奋进谱新篇,凝心聚力启新程砥砺奋进谱新篇R02规则,核查案例涉及的数据、证据和整改链条是否完整一致。,文章案例文本；审计事项清单；问题线索台账；审计证据资料；会计相关数据,风险词命中/数据缺失/证据不一致/指标偏离/流程缺陷,命中对象、风险等级、证据资料、核查建议,P1,magazine_435_articles,D:\openclaw-workspace\knowledge\11-杂志文献\四川注册会计师\024.凝心聚力启新程砥砺奋进谱新篇.md
MAGDATA-0001-R01,audit_rule,generated_rule,MAGDATA-0001,53,D,全场景通用,权益法下未确认投资净损失会计处理探讨,权益法下未确认投资净损失会计处理探讨R01规则,按案例主题识别同类事项中的风险特征并生成疑点。,文章案例文本；审计事项清单；问题线索台账；审计证据资料；内控制度；会计凭证,风险词命中/数据缺失/证据不一致/指标偏离/流程缺陷,命中对象、风险等级、证据资料、核查建议,P1,magazine_435_articles,D:\openclaw-workspace\knowledge\11-杂志文献\四川注册会计师\005.权益法下未确认投资净损失会计处理探讨.md
MAGDATA-0001-R02,audit_rule,generated_rule,MAGDATA-0001,53,D,全场景通用,权益法下未确认投资净损失会计处理探讨,权益法下未确认投资净损失会计处理探讨R02规则,核查案例涉及的数据、证据和整改链条是否完整一致。,文章案例文本；审计事项清单；问题线索台账；审计证据资料；内控制度；会计凭证,风险词命中/数据缺失/证据不一致/指标偏离/流程缺陷,命中对象、风险等级、证据资料、核查建议,P1,magazine_435_articles,D:\openclaw-workspace\knowledge\11-杂志文献\四川注册会计师\005.权益法下未确认投资净损失会计处理探讨.md
MAGDATA-0004-R01,audit_rule,generated_rule,MAGDATA-0004,53,D,全场景通用,盛世阅兵展风采抗战精神永流传,盛世阅兵展风采抗战精神永流传R01规则,按案例主题识别同类事项中的风险特征并生成疑点。,文章案例文本；审计事项清单；问题线索台账；审计证据资料；会计相关数据,风险词命中/数据缺失/证据不一致/指标偏离/流程缺陷,命中对象、风险等级、证据资料、核查建议,P1,magazine_435_articles,D:\openclaw-workspace\knowledge\11-杂志文献\四川注册会计师\016.盛世阅兵展风采抗战精神永流传.md
MAGDATA-0004-R02,audit_rule,generated_rule,MAGDATA-0004,53,D,全场景通用,盛世阅兵展风采抗战精神永流传,盛世阅兵展风采抗战精神永流传R02规则,核查案例涉及的数据、证据和整改链条是否完整一致。,文章案例文本；审计事项清单；问题线索台账；审计证据资料；会计相关数据,风险词命中/数据缺失/证据不一致/指标偏离/流程缺陷,命中对象、风险等级、证据资料、核查建议,P1,magazine_435_articles,D:\openclaw-workspace\knowledge\11-杂志文献\四川注册会计师\016.盛世阅兵展风采抗战精神永流传.md
MAGDATA-0003-R01,audit_rule,generated_rule,MAGDATA-0003,53,D,全场景通用,省注协召开二届三次监事会会议,省注协召开二届三次监事会会议R01规则,按案例主题识别同类事项中的风险特征并生成疑点。,文章案例文本；审计事项清单；问题线索台账；审计证据资料；会计相关数据,风险词命中/数据缺失/证据不一致/指标偏离/流程缺陷,命中对象、风险等级、证据资料、核查建议,P1,magazine_435_articles,D:\openclaw-workspace\knowledge\11-杂志文献\四川注册会计师\015.省注协召开二届三次监事会会议.md
MAGDATA-0003-R02,audit_rule,generated_rule,MAGDATA-0003,53,D,全场景通用,省注协召开二届三次监事会会议,省注协召开二届三次监事会会议R02规则,核查案例涉及的数据、证据和整改链条是否完整一致。,文章案例文本；审计事项清单；问题线索台账；审计证据资料；会计相关数据,风险词命中/数据缺失/证据不一致/指标偏离/流程缺陷,命中对象、风险等级、证据资料、核查建议,P1,magazine_435_articles,D:\openclaw-workspace\knowledge\11-杂志文献\四川注册会计师\015.省注协召开二届三次监事会会议.md
MAGDATA-0002-R01,audit_rule,generated_rule,MAGDATA-0002,53,D,全场景通用,省注协第六届理事会信息化委员会第一次会议在成都召开,省注协第六届理事会信息化委员会第一次会议在成都召开R01规则,按案例主题识别同类事项中的风险特征并生成疑点。,文章案例文本；审计事项清单；问题线索台账；审计证据资料；数据相关数据；会计相关数据,风险词命中/数据缺失/证据不一致/指标偏离/流程缺陷,命中对象、风险等级、证据资料、核查建议,P1,magazine_435_articles,D:\openclaw-workspace\knowledge\11-杂志文献\四川注册会计师\009.省注协第六届理事会信息化委员会 第一次会议在成都召开.md
MAGDATA-0002-R02,audit_rule,generated_rule,MAGDATA-0002,53,D,全场景通用,省注协第六届理事会信息化委员会第一次会议在成都召开,省注协第六届理事会信息化委员会第一次会议在成都召开R02规则,核查案例涉及的数据、证据和整改链条是否完整一致。,文章案例文本；审计事项清单；问题线索台账；审计证据资料；数据相关数据；会计相关数据,风险词命中/数据缺失/证据不一致/指标偏离/流程缺陷,命中对象、风险等级、证据资料、核查建议,P1,magazine_435_articles,D:\openclaw-workspace\knowledge\11-杂志文献\四川注册会计师\009.省注协第六届理事会信息化委员会 第一次会议在成都召开.md
SOEV6D-001-R01,audit_rule,generated_rule,SOEV6D-001,69,C,全场景通用 / 监督检查与经费舞弊 / 绩效评价,2.6责任观：遇到问题找方法，而不是刻意只去查后果／22,2.6责任观：遇到问题找方法，而不是刻意只去查后果／22完整性规则,检查2.6责任观：遇到问题找方法，而不是刻意只去查后果／22相关台账、凭证、审批和支付数据是否完整，缺失率超过阈值则预警。,项目台账；财务收支明细；合同与审批资料；支付凭证；审计发现清单；绩效指标表,字段缺失/跨表不一致/偏离阈值/重复异常/时序异常/空间不一致,命中对象、风险等级、证据字段、核查建议,P0,ocr_55_books_deep,E:\2026\审计方法&政策文件\_ocr_output\通用\内部审计工作法.pdf.md
SOEV6D-001-R02,audit_rule,generated_rule,SOEV6D-001,69,C,全场景通用 / 监督检查与经费舞弊 / 绩效评价,2.6责任观：遇到问题找方法，而不是刻意只去查后果／22,2.6责任观：遇到问题找方法，而不是刻意只去查后果／22一致性规则,检查2.6责任观：遇到问题找方法，而不是刻意只去查后果／22在合同、支付、预算、绩效或业务台账之间是否一致。,项目台账；财务收支明细；合同与审批资料；支付凭证；审计发现清单；绩效指标表,字段缺失/跨表不一致/偏离阈值/重复异常/时序异常/空间不一致,命中对象、风险等级、证据字段、核查建议,P0,ocr_55_books_deep,E:\2026\审计方法&政策文件\_ocr_output\通用\内部审计工作法.pdf.md
SOEV6D-001-R03,audit_rule,generated_rule,SOEV6D-001,69,C,全场景通用 / 监督检查与经费舞弊 / 绩效评价,2.6责任观：遇到问题找方法，而不是刻意只去查后果／22,2.6责任观：遇到问题找方法，而不是刻意只去查后果／22异常性规则,按历史均值、同类项目分位数或政策标准识别2.6责任观：遇到问题找方法，而不是刻意只去查后果／22异常偏离。,项目台账；财务收支明细；合同与审批资料；支付凭证；审计发现清单；绩效指标表,字段缺失/跨表不一致/偏离阈值/重复异常/时序异常/空间不一致,命中对象、风险等级、证据字段、核查建议,P0,ocr_55_books_deep,E:\2026\审计方法&政策文件\_ocr_output\通用\内部审计工作法.pdf.md
PERFV6D-048-R01,audit_rule,generated_rule,PERFV6D-048,69,C,全场景通用 / 监督检查与经费舞弊 / 绩效评价,4审计人员分析问题的思维能力训练案例,4审计人员分析问题的思维能力训练案例完整性规则,检查4审计人员分析问题的思维能力训练案例相关台账、凭证、审批和支付数据是否完整，缺失率超过阈值则预警。,项目台账；财务收支明细；合同与审批资料；支付凭证；审计发现清单；绩效指标表,字段缺失/跨表不一致/偏离阈值/重复异常/时序异常/空间不一致,命中对象、风险等级、证据字段、核查建议,P0,ocr_55_books_deep,E:\2026\审计方法&政策文件\_ocr_output\通用\内部审计思维与沟通.pdf.md
PERFV6D-048-R02,audit_rule,generated_rule,PERFV6D-048,69,C,全场景通用 / 监督检查与经费舞弊 / 绩效评价,4审计人员分析问题的思维能力训练案例,4审计人员分析问题的思维能力训练案例一致性规则,检查4审计人员分析问题的思维能力训练案例在合同、支付、预算、绩效或业务台账之间是否一致。,项目台账；财务收支明细；合同与审批资料；支付凭证；审计发现清单；绩效指标表,字段缺失/跨表不一致/偏离阈值/重复异常/时序异常/空间不一致,命中对象、风险等级、证据字段、核查建议,P0,ocr_55_books_deep,E:\2026\审计方法&政策文件\_ocr_output\通用\内部审计思维与沟通.pdf.md
PERFV6D-048-R03,audit_rule,generated_rule,PERFV6D-048,69,C,全场景通用 / 监督检查与经费舞弊 / 绩效评价,4审计人员分析问题的思维能力训练案例,4审计人员分析问题的思维能力训练案例异常性规则,按历史均值、同类项目分位数或政策标准识别4审计人员分析问题的思维能力训练案例异常偏离。,项目台账；财务收支明细；合同与审批资料；支付凭证；审计发现清单；绩效指标表,字段缺失/跨表不一致/偏离阈值/重复异常/时序异常/空间不一致,命中对象、风险等级、证据字段、核查建议,P0,ocr_55_books_deep,E:\2026\审计方法&政策文件\_ocr_output\通用\内部审计思维与沟通.pdf.md
SOEV6D-003-R01,audit_rule,generated_rule,SOEV6D-003,59,C,全场景通用 / 监督检查与经费舞弊 / 绩效评价,“快乐审计团队的实操案例”介绍了我们快乐审计团队共同面对,“快乐审计团队的实操案例”介绍了我们快乐审计团队共同面对完整性规则,检查“快乐审计团队的实操案例”介绍了我们快乐审计团队共同面对相关台账、凭证、审批和支付数据是否完整，缺失率超过阈值则预警。,项目台账；财务收支明细；合同与审批资料；支付凭证；审计发现清单；绩效指标表,字段缺失/跨表不一致/偏离阈值/重复异常/时序异常/空间不一致,命中对象、风险等级、证据字段、核查建议,P1,ocr_55_books_deep,E:\2026\审计方法&政策文件\_ocr_output\通用\内部审计工作法.pdf.md
SOEV6D-003-R02,audit_rule,generated_rule,SOEV6D-003,59,C,全场景通用 / 监督检查与经费舞弊 / 绩效评价,“快乐审计团队的实操案例”介绍了我们快乐审计团队共同面对,“快乐审计团队的实操案例”介绍了我们快乐审计团队共同面对一致性规则,检查“快乐审计团队的实操案例”介绍了我们快乐审计团队共同面对在合同、支付、预算、绩效或业务台账之间是否一致。,项目台账；财务收支明细；合同与审批资料；支付凭证；审计发现清单；绩效指标表,字段缺失/跨表不一致/偏离阈值/重复异常/时序异常/空间不一致,命中对象、风险等级、证据字段、核查建议,P1,ocr_55_books_deep,E:\2026\审计方法&政策文件\_ocr_output\通用\内部审计工作法.pdf.md
SOEV6D-003-R03,audit_rule,generated_rule,SOEV6D-003,59,C,全场景通用 / 监督检查与经费舞弊 / 绩效评价,“快乐审计团队的实操案例”介绍了我们快乐审计团队共同面对,“快乐审计团队的实操案例”介绍了我们快乐审计团队共同面对异常性规则,按历史均值、同类项目分位数或政策标准识别“快乐审计团队的实操案例”介绍了我们快乐审计团队共同面对异常偏离。,项目台账；财务收支明细；合同与审批资料；支付凭证；审计发现清单；绩效指标表,字段缺失/跨表不一致/偏离阈值/重复异常/时序异常/空间不一致,命中对象、风险等级、证据字段、核查建议,P1,ocr_55_books_deep,E:\2026\审计方法&政策文件\_ocr_output\通用\内部审计工作法.pdf.md
SOEV6D-012-R01,audit_rule,generated_rule,SOEV6D-012,59,C,全场景通用 / 监督检查与经费舞弊 / 绩效评价,与现代审计理论相关的案例,与现代审计理论相关的案例完整性规则,检查与现代审计理论相关的案例相关台账、凭证、审批和支付数据是否完整，缺失率超过阈值则预警。,项目台账；财务收支明细；合同与审批资料；支付凭证；审计发现清单,字段缺失/跨表不一致/偏离阈值/重复异常/时序异常/空间不一致,命中对象、风险等级、证据字段、核查建议,P1,ocr_55_books_deep,E:\2026\审计方法&政策文件\_ocr_output\通用\审计专题教学案例精选.pdf.md
SOEV6D-012-R02,audit_rule,generated_rule,SOEV6D-012,59,C,全场景通用 / 监督检查与经费舞弊 / 绩效评价,与现代审计理论相关的案例,与现代审计理论相关的案例一致性规则,检查与现代审计理论相关的案例在合同、支付、预算、绩效或业务台账之间是否一致。,项目台账；财务收支明细；合同与审批资料；支付凭证；审计发现清单,字段缺失/跨表不一致/偏离阈值/重复异常/时序异常/空间不一致,命中对象、风险等级、证据字段、核查建议,P1,ocr_55_books_deep,E:\2026\审计方法&政策文件\_ocr_output\通用\审计专题教学案例精选.pdf.md
SOEV6D-012-R03,audit_rule,generated_rule,SOEV6D-012,59,C,全场景通用 / 监督检查与经费舞弊 / 绩效评价,与现代审计理论相关的案例,与现代审计理论相关的案例异常性规则,按历史均值、同类项目分位数或政策标准识别与现代审计理论相关的案例异常偏离。,项目台账；财务收支明细；合同与审批资料；支付凭证；审计发现清单,字段缺失/跨表不一致/偏离阈值/重复异常/时序异常/空间不一致,命中对象、风险等级、证据字段、核查建议,P1,ocr_55_books_deep,E:\2026\审计方法&政策文件\_ocr_output\通用\审计专题教学案例精选.pdf.md
PERFV6D-085-R01,audit_rule,generated_rule,PERFV6D-085,59,C,全场景通用 / 监督检查与经费舞弊 / 绩效评价,哲学对审计方法的指导意义,哲学对审计方法的指导意义完整性规则,检查哲学对审计方法的指导意义相关台账、凭证、审批和支付数据是否完整，缺失率超过阈值则预警。,项目台账；财务收支明细；合同与审批资料；支付凭证；审计发现清单；绩效指标表,字段缺失/跨表不一致/偏离阈值/重复异常/时序异常/空间不一致,命中对象、风险等级、证据字段、核查建议,P1,ocr_55_books_deep,E:\2026\审计方法&政策文件\_ocr_output\通用\高级审计技术方法.pdf.md
PERFV6D-085-R02,audit_rule,generated_rule,PERFV6D-085,59,C,全场景通用 / 监督检查与经费舞弊 / 绩效评价,哲学对审计方法的指导意义,哲学对审计方法的指导意义一致性规则,检查哲学对审计方法的指导意义在合同、支付、预算、绩效或业务台账之间是否一致。,项目台账；财务收支明细；合同与审批资料；支付凭证；审计发现清单；绩效指标表,字段缺失/跨表不一致/偏离阈值/重复异常/时序异常/空间不一致,命中对象、风险等级、证据字段、核查建议,P1,ocr_55_books_deep,E:\2026\审计方法&政策文件\_ocr_output\通用\高级审计技术方法.pdf.md
PERFV6D-085-R03,audit_rule,generated_rule,PERFV6D-085,59,C,全场景通用 / 监督检查与经费舞弊 / 绩效评价,哲学对审计方法的指导意义,哲学对审计方法的指导意义异常性规则,按历史均值、同类项目分位数或政策标准识别哲学对审计方法的指导意义异常偏离。,项目台账；财务收支明细；合同与审批资料；支付凭证；审计发现清单；绩效指标表,字段缺失/跨表不一致/偏离阈值/重复异常/时序异常/空间不一致,命中对象、风险等级、证据字段、核查建议,P1,ocr_55_books_deep,E:\2026\审计方法&政策文件\_ocr_output\通用\高级审计技术方法.pdf.md
PERFV6D-079-R01,audit_rule,generated_rule,PERFV6D-079,59,C,全场景通用 / 监督检查与经费舞弊 / 绩效评价,多维数据分析审计技术,多维数据分析审计技术完整性规则,检查多维数据分析审计技术相关台账、凭证、审批和支付数据是否完整，缺失率超过阈值则预警。,项目台账；财务收支明细；合同与审批资料；支付凭证；审计发现清单；绩效指标表,字段缺失/跨表不一致/偏离阈值/重复异常/时序异常/空间不一致,命中对象、风险等级、证据字段、核查建议,P1,ocr_55_books_deep,E:\2026\审计方法&政策文件\_ocr_output\通用\高级审计技术方法.pdf.md
PERFV6D-079-R02,audit_rule,generated_rule,PERFV6D-079,59,C,全场景通用 / 监督检查与经费舞弊 / 绩效评价,多维数据分析审计技术,多维数据分析审计技术一致性规则,检查多维数据分析审计技术在合同、支付、预算、绩效或业务台账之间是否一致。,项目台账；财务收支明细；合同与审批资料；支付凭证；审计发现清单；绩效指标表,字段缺失/跨表不一致/偏离阈值/重复异常/时序异常/空间不一致,命中对象、风险等级、证据字段、核查建议,P1,ocr_55_books_deep,E:\2026\审计方法&政策文件\_ocr_output\通用\高级审计技术方法.pdf.md
PERFV6D-079-R03,audit_rule,generated_rule,PERFV6D-079,59,C,全场景通用 / 监督检查与经费舞弊 / 绩效评价,多维数据分析审计技术,多维数据分析审计技术异常性规则,按历史均值、同类项目分位数或政策标准识别多维数据分析审计技术异常偏离。,项目台账；财务收支明细；合同与审批资料；支付凭证；审计发现清单；绩效指标表,字段缺失/跨表不一致/偏离阈值/重复异常/时序异常/空间不一致,命中对象、风险等级、证据字段、核查建议,P1,ocr_55_books_deep,E:\2026\审计方法&政策文件\_ocr_output\通用\高级审计技术方法.pdf.md
SOEV6D-014-R01,audit_rule,generated_rule,SOEV6D-014,59,C,全场景通用 / 监督检查与经费舞弊 / 绩效评价,宏盛科技：公司治理问题分析,宏盛科技：公司治理问题分析完整性规则,检查宏盛科技：公司治理问题分析相关台账、凭证、审批和支付数据是否完整，缺失率超过阈值则预警。,项目台账；财务收支明细；合同与审批资料；支付凭证；审计发现清单,字段缺失/跨表不一致/偏离阈值/重复异常/时序异常/空间不一致,命中对象、风险等级、证据字段、核查建议,P1,ocr_55_books_deep,E:\2026\审计方法&政策文件\_ocr_output\通用\审计专题教学案例精选.pdf.md
SOEV6D-014-R02,audit_rule,generated_rule,SOEV6D-014,59,C,全场景通用 / 监督检查与经费舞弊 / 绩效评价,宏盛科技：公司治理问题分析,宏盛科技：公司治理问题分析一致性规则,检查宏盛科技：公司治理问题分析在合同、支付、预算、绩效或业务台账之间是否一致。,项目台账；财务收支明细；合同与审批资料；支付凭证；审计发现清单,字段缺失/跨表不一致/偏离阈值/重复异常/时序异常/空间不一致,命中对象、风险等级、证据字段、核查建议,P1,ocr_55_books_deep,E:\2026\审计方法&政策文件\_ocr_output\通用\审计专题教学案例精选.pdf.md
SOEV6D-014-R03,audit_rule,generated_rule,SOEV6D-014,59,C,全场景通用 / 监督检查与经费舞弊 / 绩效评价,宏盛科技：公司治理问题分析,宏盛科技：公司治理问题分析异常性规则,按历史均值、同类项目分位数或政策标准识别宏盛科技：公司治理问题分析异常偏离。,项目台账；财务收支明细；合同与审批资料；支付凭证；审计发现清单,字段缺失/跨表不一致/偏离阈值/重复异常/时序异常/空间不一致,命中对象、风险等级、证据字段、核查建议,P1,ocr_55_books_deep,E:\2026\审计方法&政策文件\_ocr_output\通用\审计专题教学案例精选.pdf.md
SOEV6D-011-R01,audit_rule,generated_rule,SOEV6D-011,59,C,全场景通用 / 监督检查与经费舞弊 / 绩效评价,审计专题教学案例精选.pdf,审计专题教学案例精选.pdf完整性规则,检查审计专题教学案例精选.pdf相关台账、凭证、审批和支付数据是否完整，缺失率超过阈值则预警。,项目台账；财务收支明细；合同与审批资料；支付凭证；审计发现清单,字段缺失/跨表不一致/偏离阈值/重复异常/时序异常/空间不一致,命中对象、风险等级、证据字段、核查建议,P1,ocr_55_books_deep,E:\2026\审计方法&政策文件\_ocr_output\通用\审计专题教学案例精选.pdf.md
SOEV6D-011-R02,audit_rule,generated_rule,SOEV6D-011,59,C,全场景通用 / 监督检查与经费舞弊 / 绩效评价,审计专题教学案例精选.pdf,审计专题教学案例精选.pdf一致性规则,检查审计专题教学案例精选.pdf在合同、支付、预算、绩效或业务台账之间是否一致。,项目台账；财务收支明细；合同与审批资料；支付凭证；审计发现清单,字段缺失/跨表不一致/偏离阈值/重复异常/时序异常/空间不一致,命中对象、风险等级、证据字段、核查建议,P1,ocr_55_books_deep,E:\2026\审计方法&政策文件\_ocr_output\通用\审计专题教学案例精选.pdf.md
SOEV6D-011-R03,audit_rule,generated_rule,SOEV6D-011,59,C,全场景通用 / 监督检查与经费舞弊 / 绩效评价,审计专题教学案例精选.pdf,审计专题教学案例精选.pdf异常性规则,按历史均值、同类项目分位数或政策标准识别审计专题教学案例精选.pdf异常偏离。,项目台账；财务收支明细；合同与审批资料；支付凭证；审计发现清单,字段缺失/跨表不一致/偏离阈值/重复异常/时序异常/空间不一致,命中对象、风险等级、证据字段、核查建议,P1,ocr_55_books_deep,E:\2026\审计方法&政策文件\_ocr_output\通用\审计专题教学案例精选.pdf.md
FINV6D-004-R01,audit_rule,generated_rule,FINV6D-004,59,C,全场景通用 / 监督检查与经费舞弊 / 绩效评价,审计案例.pdf,审计案例.pdf完整性规则,检查审计案例.pdf相关台账、凭证、审批和支付数据是否完整，缺失率超过阈值则预警。,项目台账；财务收支明细；合同与审批资料；支付凭证；审计发现清单；采购公告,字段缺失/跨表不一致/偏离阈值/重复异常/时序异常/空间不一致,命中对象、风险等级、证据字段、核查建议,P1,ocr_55_books_deep,E:\2026\审计方法&政策文件\_ocr_output\通用\审计案例.pdf.md
FINV6D-004-R02,audit_rule,generated_rule,FINV6D-004,59,C,全场景通用 / 监督检查与经费舞弊 / 绩效评价,审计案例.pdf,审计案例.pdf一致性规则,检查审计案例.pdf在合同、支付、预算、绩效或业务台账之间是否一致。,项目台账；财务收支明细；合同与审批资料；支付凭证；审计发现清单；采购公告,字段缺失/跨表不一致/偏离阈值/重复异常/时序异常/空间不一致,命中对象、风险等级、证据字段、核查建议,P1,ocr_55_books_deep,E:\2026\审计方法&政策文件\_ocr_output\通用\审计案例.pdf.md
FINV6D-004-R03,audit_rule,generated_rule,FINV6D-004,59,C,全场景通用 / 监督检查与经费舞弊 / 绩效评价,审计案例.pdf,审计案例.pdf异常性规则,按历史均值、同类项目分位数或政策标准识别审计案例.pdf异常偏离。,项目台账；财务收支明细；合同与审批资料；支付凭证；审计发现清单；采购公告,字段缺失/跨表不一致/偏离阈值/重复异常/时序异常/空间不一致,命中对象、风险等级、证据字段、核查建议,P1,ocr_55_books_deep,E:\2026\审计方法&政策文件\_ocr_output\通用\审计案例.pdf.md
SOEV6D-007-R01,audit_rule,generated_rule,SOEV6D-007,59,C,全场景通用 / 监督检查与经费舞弊 / 绩效评价,审计案例规则化,审计案例规则化完整性规则,检查审计案例规则化相关台账、凭证、审批和支付数据是否完整，缺失率超过阈值则预警。,项目台账；财务收支明细；合同与审批资料；支付凭证；审计发现清单；绩效指标表,字段缺失/跨表不一致/偏离阈值/重复异常/时序异常/空间不一致,命中对象、风险等级、证据字段、核查建议,P1,ocr_55_books_deep,E:\2026\审计方法&政策文件\_ocr_output\通用\内部审计工作法.pdf.md
SOEV6D-007-R02,audit_rule,generated_rule,SOEV6D-007,59,C,全场景通用 / 监督检查与经费舞弊 / 绩效评价,审计案例规则化,审计案例规则化一致性规则,检查审计案例规则化在合同、支付、预算、绩效或业务台账之间是否一致。,项目台账；财务收支明细；合同与审批资料；支付凭证；审计发现清单；绩效指标表,字段缺失/跨表不一致/偏离阈值/重复异常/时序异常/空间不一致,命中对象、风险等级、证据字段、核查建议,P1,ocr_55_books_deep,E:\2026\审计方法&政策文件\_ocr_output\通用\内部审计工作法.pdf.md
SOEV6D-007-R03,audit_rule,generated_rule,SOEV6D-007,59,C,全场景通用 / 监督检查与经费舞弊 / 绩效评价,审计案例规则化,审计案例规则化异常性规则,按历史均值、同类项目分位数或政策标准识别审计案例规则化异常偏离。,项目台账；财务收支明细；合同与审批资料；支付凭证；审计发现清单；绩效指标表,字段缺失/跨表不一致/偏离阈值/重复异常/时序异常/空间不一致,命中对象、风险等级、证据字段、核查建议,P1,ocr_55_books_deep,E:\2026\审计方法&政策文件\_ocr_output\通用\内部审计工作法.pdf.md
SUPVV6D-010-R01,audit_rule,generated_rule,SUPVV6D-010,59,C,全场景通用 / 监督检查与经费舞弊 / 绩效评价,审计案例规则化,审计案例规则化完整性规则,检查审计案例规则化相关台账、凭证、审批和支付数据是否完整，缺失率超过阈值则预警。,项目台账；财务收支明细；合同与审批资料；支付凭证；审计发现清单；绩效指标表,字段缺失/跨表不一致/偏离阈值/重复异常/时序异常/空间不一致,命中对象、风险等级、证据字段、核查建议,P1,ocr_55_books_deep,E:\2026\审计方法&政策文件\_ocr_output\通用\国家治理导向的政府审计.pdf.md
SUPVV6D-010-R02,audit_rule,generated_rule,SUPVV6D-010,59,C,全场景通用 / 监督检查与经费舞弊 / 绩效评价,审计案例规则化,审计案例规则化一致性规则,检查审计案例规则化在合同、支付、预算、绩效或业务台账之间是否一致。,项目台账；财务收支明细；合同与审批资料；支付凭证；审计发现清单；绩效指标表,字段缺失/跨表不一致/偏离阈值/重复异常/时序异常/空间不一致,命中对象、风险等级、证据字段、核查建议,P1,ocr_55_books_deep,E:\2026\审计方法&政策文件\_ocr_output\通用\国家治理导向的政府审计.pdf.md
SUPVV6D-010-R03,audit_rule,generated_rule,SUPVV6D-010,59,C,全场景通用 / 监督检查与经费舞弊 / 绩效评价,审计案例规则化,审计案例规则化异常性规则,按历史均值、同类项目分位数或政策标准识别审计案例规则化异常偏离。,项目台账；财务收支明细；合同与审批资料；支付凭证；审计发现清单；绩效指标表,字段缺失/跨表不一致/偏离阈值/重复异常/时序异常/空间不一致,命中对象、风险等级、证据字段、核查建议,P1,ocr_55_books_deep,E:\2026\审计方法&政策文件\_ocr_output\通用\国家治理导向的政府审计.pdf.md
ECONV6D-042-R01,audit_rule,generated_rule,ECONV6D-042,59,C,全场景通用 / 监督检查与经费舞弊 / 绩效评价,审计案例规则化,审计案例规则化完整性规则,检查审计案例规则化相关台账、凭证、审批和支付数据是否完整，缺失率超过阈值则预警。,项目台账；财务收支明细；合同与审批资料；支付凭证；审计发现清单；预算批复表,字段缺失/跨表不一致/偏离阈值/重复异常/时序异常/空间不一致,命中对象、风险等级、证据字段、核查建议,P1,ocr_55_books_deep,E:\2026\审计方法&政策文件\_ocr_output\通用\基层审计业务操作规程.pdf.md
ECONV6D-042-R02,audit_rule,generated_rule,ECONV6D-042,59,C,全场景通用 / 监督检查与经费舞弊 / 绩效评价,审计案例规则化,审计案例规则化一致性规则,检查审计案例规则化在合同、支付、预算、绩效或业务台账之间是否一致。,项目台账；财务收支明细；合同与审批资料；支付凭证；审计发现清单；预算批复表,字段缺失/跨表不一致/偏离阈值/重复异常/时序异常/空间不一致,命中对象、风险等级、证据字段、核查建议,P1,ocr_55_books_deep,E:\2026\审计方法&政策文件\_ocr_output\通用\基层审计业务操作规程.pdf.md
ECONV6D-042-R03,audit_rule,generated_rule,ECONV6D-042,59,C,全场景通用 / 监督检查与经费舞弊 / 绩效评价,审计案例规则化,审计案例规则化异常性规则,按历史均值、同类项目分位数或政策标准识别审计案例规则化异常偏离。,项目台账；财务收支明细；合同与审批资料；支付凭证；审计发现清单；预算批复表,字段缺失/跨表不一致/偏离阈值/重复异常/时序异常/空间不一致,命中对象、风险等级、证据字段、核查建议,P1,ocr_55_books_deep,E:\2026\审计方法&政策文件\_ocr_output\通用\基层审计业务操作规程.pdf.md
SUPVV6D-013-R01,audit_rule,generated_rule,SUPVV6D-013,59,C,全场景通用 / 监督检查与经费舞弊 / 绩效评价,审计案例规则化,审计案例规则化完整性规则,检查审计案例规则化相关台账、凭证、审批和支付数据是否完整，缺失率超过阈值则预警。,项目台账；财务收支明细；合同与审批资料；支付凭证；审计发现清单；绩效指标表,字段缺失/跨表不一致/偏离阈值/重复异常/时序异常/空间不一致,命中对象、风险等级、证据字段、核查建议,P1,ocr_55_books_deep,E:\2026\审计方法&政策文件\_ocr_output\通用\政府审计.pdf.md
SUPVV6D-013-R02,audit_rule,generated_rule,SUPVV6D-013,59,C,全场景通用 / 监督检查与经费舞弊 / 绩效评价,审计案例规则化,审计案例规则化一致性规则,检查审计案例规则化在合同、支付、预算、绩效或业务台账之间是否一致。,项目台账；财务收支明细；合同与审批资料；支付凭证；审计发现清单；绩效指标表,字段缺失/跨表不一致/偏离阈值/重复异常/时序异常/空间不一致,命中对象、风险等级、证据字段、核查建议,P1,ocr_55_books_deep,E:\2026\审计方法&政策文件\_ocr_output\通用\政府审计.pdf.md
SUPVV6D-013-R03,audit_rule,generated_rule,SUPVV6D-013,59,C,全场景通用 / 监督检查与经费舞弊 / 绩效评价,审计案例规则化,审计案例规则化异常性规则,按历史均值、同类项目分位数或政策标准识别审计案例规则化异常偏离。,项目台账；财务收支明细；合同与审批资料；支付凭证；审计发现清单；绩效指标表,字段缺失/跨表不一致/偏离阈值/重复异常/时序异常/空间不一致,命中对象、风险等级、证据字段、核查建议,P1,ocr_55_books_deep,E:\2026\审计方法&政策文件\_ocr_output\通用\政府审计.pdf.md
SUPVV6D-025-R01,audit_rule,generated_rule,SUPVV6D-025,59,C,全场景通用 / 监督检查与经费舞弊 / 绩效评价,审计案例规则化,审计案例规则化完整性规则,检查审计案例规则化相关台账、凭证、审批和支付数据是否完整，缺失率超过阈值则预警。,项目台账；财务收支明细；合同与审批资料；支付凭证；审计发现清单；预算批复表,字段缺失/跨表不一致/偏离阈值/重复异常/时序异常/空间不一致,命中对象、风险等级、证据字段、核查建议,P1,ocr_55_books_deep,E:\2026\审计方法&政策文件\_ocr_output\通用\政府审计学.pdf.md
SUPVV6D-025-R02,audit_rule,generated_rule,SUPVV6D-025,59,C,全场景通用 / 监督检查与经费舞弊 / 绩效评价,审计案例规则化,审计案例规则化一致性规则,检查审计案例规则化在合同、支付、预算、绩效或业务台账之间是否一致。,项目台账；财务收支明细；合同与审批资料；支付凭证；审计发现清单；预算批复表,字段缺失/跨表不一致/偏离阈值/重复异常/时序异常/空间不一致,命中对象、风险等级、证据字段、核查建议,P1,ocr_55_books_deep,E:\2026\审计方法&政策文件\_ocr_output\通用\政府审计学.pdf.md
SUPVV6D-025-R03,audit_rule,generated_rule,SUPVV6D-025,59,C,全场景通用 / 监督检查与经费舞弊 / 绩效评价,审计案例规则化,审计案例规则化异常性规则,按历史均值、同类项目分位数或政策标准识别审计案例规则化异常偏离。,项目台账；财务收支明细；合同与审批资料；支付凭证；审计发现清单；预算批复表,字段缺失/跨表不一致/偏离阈值/重复异常/时序异常/空间不一致,命中对象、风险等级、证据字段、核查建议,P1,ocr_55_books_deep,E:\2026\审计方法&政策文件\_ocr_output\通用\政府审计学.pdf.md
SUPVV6D-034-R01,audit_rule,generated_rule,SUPVV6D-034,59,C,全场景通用 / 监督检查与经费舞弊 / 绩效评价,审计案例规则化,审计案例规则化完整性规则,检查审计案例规则化相关台账、凭证、审批和支付数据是否完整，缺失率超过阈值则预警。,项目台账；财务收支明细；合同与审批资料；支付凭证；审计发现清单；预算批复表,字段缺失/跨表不一致/偏离阈值/重复异常/时序异常/空间不一致,命中对象、风险等级、证据字段、核查建议,P1,ocr_55_books_deep,E:\2026\审计方法&政策文件\_ocr_output\通用\政府审计理论与实务.pdf.md
SUPVV6D-034-R02,audit_rule,generated_rule,SUPVV6D-034,59,C,全场景通用 / 监督检查与经费舞弊 / 绩效评价,审计案例规则化,审计案例规则化一致性规则,检查审计案例规则化在合同、支付、预算、绩效或业务台账之间是否一致。,项目台账；财务收支明细；合同与审批资料；支付凭证；审计发现清单；预算批复表,字段缺失/跨表不一致/偏离阈值/重复异常/时序异常/空间不一致,命中对象、风险等级、证据字段、核查建议,P1,ocr_55_books_deep,E:\2026\审计方法&政策文件\_ocr_output\通用\政府审计理论与实务.pdf.md
SUPVV6D-034-R03,audit_rule,generated_rule,SUPVV6D-034,59,C,全场景通用 / 监督检查与经费舞弊 / 绩效评价,审计案例规则化,审计案例规则化异常性规则,按历史均值、同类项目分位数或政策标准识别审计案例规则化异常偏离。,项目台账；财务收支明细；合同与审批资料；支付凭证；审计发现清单；预算批复表,字段缺失/跨表不一致/偏离阈值/重复异常/时序异常/空间不一致,命中对象、风险等级、证据字段、核查建议,P1,ocr_55_books_deep,E:\2026\审计方法&政策文件\_ocr_output\通用\政府审计理论与实务.pdf.md
PERFV6D-078-R01,audit_rule,generated_rule,PERFV6D-078,69,C,全场景通用 / 监督检查与经费舞弊 / 绩效评价,征兆发现审计技术，吕君杰；第九章探索性审计数据分析，陈伟,征兆发现审计技术，吕君杰；第九章探索性审计数据分析，陈伟完整性规则,检查征兆发现审计技术，吕君杰；第九章探索性审计数据分析，陈伟相关台账、凭证、审批和支付数据是否完整，缺失率超过阈值则预警。,项目台账；财务收支明细；合同与审批资料；支付凭证；审计发现清单；绩效指标表,字段缺失/跨表不一致/偏离阈值/重复异常/时序异常/空间不一致,命中对象、风险等级、证据字段、核查建议,P0,ocr_55_books_deep,E:\2026\审计方法&政策文件\_ocr_output\通用\高级审计技术方法.pdf.md
PERFV6D-078-R02,audit_rule,generated_rule,PERFV6D-078,69,C,全场景通用 / 监督检查与经费舞弊 / 绩效评价,征兆发现审计技术，吕君杰；第九章探索性审计数据分析，陈伟,征兆发现审计技术，吕君杰；第九章探索性审计数据分析，陈伟一致性规则,检查征兆发现审计技术，吕君杰；第九章探索性审计数据分析，陈伟在合同、支付、预算、绩效或业务台账之间是否一致。,项目台账；财务收支明细；合同与审批资料；支付凭证；审计发现清单；绩效指标表,字段缺失/跨表不一致/偏离阈值/重复异常/时序异常/空间不一致,命中对象、风险等级、证据字段、核查建议,P0,ocr_55_books_deep,E:\2026\审计方法&政策文件\_ocr_output\通用\高级审计技术方法.pdf.md
PERFV6D-078-R03,audit_rule,generated_rule,PERFV6D-078,69,C,全场景通用 / 监督检查与经费舞弊 / 绩效评价,征兆发现审计技术，吕君杰；第九章探索性审计数据分析，陈伟,征兆发现审计技术，吕君杰；第九章探索性审计数据分析，陈伟异常性规则,按历史均值、同类项目分位数或政策标准识别征兆发现审计技术，吕君杰；第九章探索性审计数据分析，陈伟异常偏离。,项目台账；财务收支明细；合同与审批资料；支付凭证；审计发现清单；绩效指标表,字段缺失/跨表不一致/偏离阈值/重复异常/时序异常/空间不一致,命中对象、风险等级、证据字段、核查建议,P0,ocr_55_books_deep,E:\2026\审计方法&政策文件\_ocr_output\通用\高级审计技术方法.pdf.md
SUPVV6D-022-R01,audit_rule,generated_rule,SUPVV6D-022,59,C,全场景通用 / 监督检查与经费舞弊 / 绩效评价,政策措施落实情况审计的主要方法,政策措施落实情况审计的主要方法完整性规则,检查政策措施落实情况审计的主要方法相关台账、凭证、审批和支付数据是否完整，缺失率超过阈值则预警。,项目台账；财务收支明细；合同与审批资料；支付凭证；审计发现清单；预算批复表,字段缺失/跨表不一致/偏离阈值/重复异常/时序异常/空间不一致,命中对象、风险等级、证据字段、核查建议,P1,ocr_55_books_deep,E:\2026\审计方法&政策文件\_ocr_output\通用\政府审计学.pdf.md
SUPVV6D-022-R02,audit_rule,generated_rule,SUPVV6D-022,59,C,全场景通用 / 监督检查与经费舞弊 / 绩效评价,政策措施落实情况审计的主要方法,政策措施落实情况审计的主要方法一致性规则,检查政策措施落实情况审计的主要方法在合同、支付、预算、绩效或业务台账之间是否一致。,项目台账；财务收支明细；合同与审批资料；支付凭证；审计发现清单；预算批复表,字段缺失/跨表不一致/偏离阈值/重复异常/时序异常/空间不一致,命中对象、风险等级、证据字段、核查建议,P1,ocr_55_books_deep,E:\2026\审计方法&政策文件\_ocr_output\通用\政府审计学.pdf.md
SUPVV6D-022-R03,audit_rule,generated_rule,SUPVV6D-022,59,C,全场景通用 / 监督检查与经费舞弊 / 绩效评价,政策措施落实情况审计的主要方法,政策措施落实情况审计的主要方法异常性规则,按历史均值、同类项目分位数或政策标准识别政策措施落实情况审计的主要方法异常偏离。,项目台账；财务收支明细；合同与审批资料；支付凭证；审计发现清单；预算批复表,字段缺失/跨表不一致/偏离阈值/重复异常/时序异常/空间不一致,命中对象、风险等级、证据字段、核查建议,P1,ocr_55_books_deep,E:\2026\审计方法&政策文件\_ocr_output\通用\政府审计学.pdf.md
FINV6D-007-R01,audit_rule,generated_rule,FINV6D-007,59,C,全场景通用 / 监督检查与经费舞弊 / 绩效评价,教学案例的选择以政府审计为重点，兼顾注册会计师审计和内部,教学案例的选择以政府审计为重点，兼顾注册会计师审计和内部完整性规则,检查教学案例的选择以政府审计为重点，兼顾注册会计师审计和内部相关台账、凭证、审批和支付数据是否完整，缺失率超过阈值则预警。,项目台账；财务收支明细；合同与审批资料；支付凭证；审计发现清单；采购公告,字段缺失/跨表不一致/偏离阈值/重复异常/时序异常/空间不一致,命中对象、风险等级、证据字段、核查建议,P1,ocr_55_books_deep,E:\2026\审计方法&政策文件\_ocr_output\通用\审计案例.pdf.md
FINV6D-007-R02,audit_rule,generated_rule,FINV6D-007,59,C,全场景通用 / 监督检查与经费舞弊 / 绩效评价,教学案例的选择以政府审计为重点，兼顾注册会计师审计和内部,教学案例的选择以政府审计为重点，兼顾注册会计师审计和内部一致性规则,检查教学案例的选择以政府审计为重点，兼顾注册会计师审计和内部在合同、支付、预算、绩效或业务台账之间是否一致。,项目台账；财务收支明细；合同与审批资料；支付凭证；审计发现清单；采购公告,字段缺失/跨表不一致/偏离阈值/重复异常/时序异常/空间不一致,命中对象、风险等级、证据字段、核查建议,P1,ocr_55_books_deep,E:\2026\审计方法&政策文件\_ocr_output\通用\审计案例.pdf.md
FINV6D-007-R03,audit_rule,generated_rule,FINV6D-007,59,C,全场景通用 / 监督检查与经费舞弊 / 绩效评价,教学案例的选择以政府审计为重点，兼顾注册会计师审计和内部,教学案例的选择以政府审计为重点，兼顾注册会计师审计和内部异常性规则,按历史均值、同类项目分位数或政策标准识别教学案例的选择以政府审计为重点，兼顾注册会计师审计和内部异常偏离。,项目台账；财务收支明细；合同与审批资料；支付凭证；审计发现清单；采购公告,字段缺失/跨表不一致/偏离阈值/重复异常/时序异常/空间不一致,命中对象、风险等级、证据字段、核查建议,P1,ocr_55_books_deep,E:\2026\审计方法&政策文件\_ocr_output\通用\审计案例.pdf.md
FINV6D-005-R01,audit_rule,generated_rule,FINV6D-005,59,C,全场景通用 / 监督检查与经费舞弊 / 绩效评价,本教材的审计案例突显审计专业理论教学中的知识点。审计实例,本教材的审计案例突显审计专业理论教学中的知识点。审计实例完整性规则,检查本教材的审计案例突显审计专业理论教学中的知识点。审计实例相关台账、凭证、审批和支付数据是否完整，缺失率超过阈值则预警。,项目台账；财务收支明细；合同与审批资料；支付凭证；审计发现清单；采购公告,字段缺失/跨表不一致/偏离阈值/重复异常/时序异常/空间不一致,命中对象、风险等级、证据字段、核查建议,P1,ocr_55_books_deep,E:\2026\审计方法&政策文件\_ocr_output\通用\审计案例.pdf.md
FINV6D-005-R02,audit_rule,generated_rule,FINV6D-005,59,C,全场景通用 / 监督检查与经费舞弊 / 绩效评价,本教材的审计案例突显审计专业理论教学中的知识点。审计实例,本教材的审计案例突显审计专业理论教学中的知识点。审计实例一致性规则,检查本教材的审计案例突显审计专业理论教学中的知识点。审计实例在合同、支付、预算、绩效或业务台账之间是否一致。,项目台账；财务收支明细；合同与审批资料；支付凭证；审计发现清单；采购公告,字段缺失/跨表不一致/偏离阈值/重复异常/时序异常/空间不一致,命中对象、风险等级、证据字段、核查建议,P1,ocr_55_books_deep,E:\2026\审计方法&政策文件\_ocr_output\通用\审计案例.pdf.md
FINV6D-005-R03,audit_rule,generated_rule,FINV6D-005,59,C,全场景通用 / 监督检查与经费舞弊 / 绩效评价,本教材的审计案例突显审计专业理论教学中的知识点。审计实例,本教材的审计案例突显审计专业理论教学中的知识点。审计实例异常性规则,按历史均值、同类项目分位数或政策标准识别本教材的审计案例突显审计专业理论教学中的知识点。审计实例异常偏离。,项目台账；财务收支明细；合同与审批资料；支付凭证；审计发现清单；采购公告,字段缺失/跨表不一致/偏离阈值/重复异常/时序异常/空间不一致,命中对象、风险等级、证据字段、核查建议,P1,ocr_55_books_deep,E:\2026\审计方法&政策文件\_ocr_output\通用\审计案例.pdf.md
FINV6D-006-R01,audit_rule,generated_rule,FINV6D-006,59,C,全场景通用 / 监督检查与经费舞弊 / 绩效评价,本教材的教学案例均来源于审计实务界真实的案例。为了增强现,本教材的教学案例均来源于审计实务界真实的案例。为了增强现完整性规则,检查本教材的教学案例均来源于审计实务界真实的案例。为了增强现相关台账、凭证、审批和支付数据是否完整，缺失率超过阈值则预警。,项目台账；财务收支明细；合同与审批资料；支付凭证；审计发现清单；采购公告,字段缺失/跨表不一致/偏离阈值/重复异常/时序异常/空间不一致,命中对象、风险等级、证据字段、核查建议,P1,ocr_55_books_deep,E:\2026\审计方法&政策文件\_ocr_output\通用\审计案例.pdf.md
FINV6D-006-R02,audit_rule,generated_rule,FINV6D-006,59,C,全场景通用 / 监督检查与经费舞弊 / 绩效评价,本教材的教学案例均来源于审计实务界真实的案例。为了增强现,本教材的教学案例均来源于审计实务界真实的案例。为了增强现一致性规则,检查本教材的教学案例均来源于审计实务界真实的案例。为了增强现在合同、支付、预算、绩效或业务台账之间是否一致。,项目台账；财务收支明细；合同与审批资料；支付凭证；审计发现清单；采购公告,字段缺失/跨表不一致/偏离阈值/重复异常/时序异常/空间不一致,命中对象、风险等级、证据字段、核查建议,P1,ocr_55_books_deep,E:\2026\审计方法&政策文件\_ocr_output\通用\审计案例.pdf.md
FINV6D-006-R03,audit_rule,generated_rule,FINV6D-006,59,C,全场景通用 / 监督检查与经费舞弊 / 绩效评价,本教材的教学案例均来源于审计实务界真实的案例。为了增强现,本教材的教学案例均来源于审计实务界真实的案例。为了增强现异常性规则,按历史均值、同类项目分位数或政策标准识别本教材的教学案例均来源于审计实务界真实的案例。为了增强现异常偏离。,项目台账；财务收支明细；合同与审批资料；支付凭证；审计发现清单；采购公告,字段缺失/跨表不一致/偏离阈值/重复异常/时序异常/空间不一致,命中对象、风险等级、证据字段、核查建议,P1,ocr_55_books_deep,E:\2026\审计方法&政策文件\_ocr_output\通用\审计案例.pdf.md
FINV6D-003-R01,audit_rule,generated_rule,FINV6D-003,59,C,全场景通用 / 监督检查与经费舞弊 / 绩效评价,经济责任审计案例·…·,经济责任审计案例·…·完整性规则,检查经济责任审计案例·…·相关台账、凭证、审批和支付数据是否完整，缺失率超过阈值则预警。,项目台账；财务收支明细；合同与审批资料；支付凭证；审计发现清单；会议纪要,字段缺失/跨表不一致/偏离阈值/重复异常/时序异常/空间不一致,命中对象、风险等级、证据字段、核查建议,P1,ocr_55_books_deep,E:\2026\审计方法&政策文件\_ocr_output\通用\审计案例.pdf.md
FINV6D-003-R02,audit_rule,generated_rule,FINV6D-003,59,C,全场景通用 / 监督检查与经费舞弊 / 绩效评价,经济责任审计案例·…·,经济责任审计案例·…·一致性规则,检查经济责任审计案例·…·在合同、支付、预算、绩效或业务台账之间是否一致。,项目台账；财务收支明细；合同与审批资料；支付凭证；审计发现清单；会议纪要,字段缺失/跨表不一致/偏离阈值/重复异常/时序异常/空间不一致,命中对象、风险等级、证据字段、核查建议,P1,ocr_55_books_deep,E:\2026\审计方法&政策文件\_ocr_output\通用\审计案例.pdf.md
FINV6D-003-R03,audit_rule,generated_rule,FINV6D-003,59,C,全场景通用 / 监督检查与经费舞弊 / 绩效评价,经济责任审计案例·…·,经济责任审计案例·…·异常性规则,按历史均值、同类项目分位数或政策标准识别经济责任审计案例·…·异常偏离。,项目台账；财务收支明细；合同与审批资料；支付凭证；审计发现清单；会议纪要,字段缺失/跨表不一致/偏离阈值/重复异常/时序异常/空间不一致,命中对象、风险等级、证据字段、核查建议,P1,ocr_55_books_deep,E:\2026\审计方法&政策文件\_ocr_output\通用\审计案例.pdf.md
FINV6D-002-R01,audit_rule,generated_rule,FINV6D-002,59,C,全场景通用 / 监督检查与经费舞弊 / 绩效评价,绩效审计案例,绩效审计案例完整性规则,检查绩效审计案例相关台账、凭证、审批和支付数据是否完整，缺失率超过阈值则预警。,项目台账；财务收支明细；合同与审批资料；支付凭证；审计发现清单；绩效指标表,字段缺失/跨表不一致/偏离阈值/重复异常/时序异常/空间不一致,命中对象、风险等级、证据字段、核查建议,P1,ocr_55_books_deep,E:\2026\审计方法&政策文件\_ocr_output\通用\审计案例.pdf.md
FINV6D-002-R02,audit_rule,generated_rule,FINV6D-002,59,C,全场景通用 / 监督检查与经费舞弊 / 绩效评价,绩效审计案例,绩效审计案例一致性规则,检查绩效审计案例在合同、支付、预算、绩效或业务台账之间是否一致。,项目台账；财务收支明细；合同与审批资料；支付凭证；审计发现清单；绩效指标表,字段缺失/跨表不一致/偏离阈值/重复异常/时序异常/空间不一致,命中对象、风险等级、证据字段、核查建议,P1,ocr_55_books_deep,E:\2026\审计方法&政策文件\_ocr_output\通用\审计案例.pdf.md
FINV6D-002-R03,audit_rule,generated_rule,FINV6D-002,59,C,全场景通用 / 监督检查与经费舞弊 / 绩效评价,绩效审计案例,绩效审计案例异常性规则,按历史均值、同类项目分位数或政策标准识别绩效审计案例异常偏离。,项目台账；财务收支明细；合同与审批资料；支付凭证；审计发现清单；绩效指标表,字段缺失/跨表不一致/偏离阈值/重复异常/时序异常/空间不一致,命中对象、风险等级、证据字段、核查建议,P1,ocr_55_books_deep,E:\2026\审计方法&政策文件\_ocr_output\通用\审计案例.pdf.md
SOEV6D-013-R01,audit_rule,generated_rule,SOEV6D-013,59,C,全场景通用 / 监督检查与经费舞弊 / 绩效评价,银广夏事件：风险导向审计引人中国的导火线,银广夏事件：风险导向审计引人中国的导火线完整性规则,检查银广夏事件：风险导向审计引人中国的导火线相关台账、凭证、审批和支付数据是否完整，缺失率超过阈值则预警。,项目台账；财务收支明细；合同与审批资料；支付凭证；审计发现清单,字段缺失/跨表不一致/偏离阈值/重复异常/时序异常/空间不一致,命中对象、风险等级、证据字段、核查建议,P1,ocr_55_books_deep,E:\2026\审计方法&政策文件\_ocr_output\通用\审计专题教学案例精选.pdf.md
SOEV6D-013-R02,audit_rule,generated_rule,SOEV6D-013,59,C,全场景通用 / 监督检查与经费舞弊 / 绩效评价,银广夏事件：风险导向审计引人中国的导火线,银广夏事件：风险导向审计引人中国的导火线一致性规则,检查银广夏事件：风险导向审计引人中国的导火线在合同、支付、预算、绩效或业务台账之间是否一致。,项目台账；财务收支明细；合同与审批资料；支付凭证；审计发现清单,字段缺失/跨表不一致/偏离阈值/重复异常/时序异常/空间不一致,命中对象、风险等级、证据字段、核查建议,P1,ocr_55_books_deep,E:\2026\审计方法&政策文件\_ocr_output\通用\审计专题教学案例精选.pdf.md
SOEV6D-013-R03,audit_rule,generated_rule,SOEV6D-013,59,C,全场景通用 / 监督检查与经费舞弊 / 绩效评价,银广夏事件：风险导向审计引人中国的导火线,银广夏事件：风险导向审计引人中国的导火线异常性规则,按历史均值、同类项目分位数或政策标准识别银广夏事件：风险导向审计引人中国的导火线异常偏离。,项目台账；财务收支明细；合同与审批资料；支付凭证；审计发现清单,字段缺失/跨表不一致/偏离阈值/重复异常/时序异常/空间不一致,命中对象、风险等级、证据字段、核查建议,P1,ocr_55_books_deep,E:\2026\审计方法&政策文件\_ocr_output\通用\审计专题教学案例精选.pdf.md
SOEV6D-008-R01,audit_rule,generated_rule,SOEV6D-008,69,C,全场景通用 / 监督检查与经费舞弊 / 绩效评价,银河科技：审计独立性问题分析,银河科技：审计独立性问题分析完整性规则,检查银河科技：审计独立性问题分析相关台账、凭证、审批和支付数据是否完整，缺失率超过阈值则预警。,项目台账；财务收支明细；合同与审批资料；支付凭证；审计发现清单,字段缺失/跨表不一致/偏离阈值/重复异常/时序异常/空间不一致,命中对象、风险等级、证据字段、核查建议,P0,ocr_55_books_deep,E:\2026\审计方法&政策文件\_ocr_output\通用\审计专题教学案例精选.pdf.md
SOEV6D-008-R02,audit_rule,generated_rule,SOEV6D-008,69,C,全场景通用 / 监督检查与经费舞弊 / 绩效评价,银河科技：审计独立性问题分析,银河科技：审计独立性问题分析一致性规则,检查银河科技：审计独立性问题分析在合同、支付、预算、绩效或业务台账之间是否一致。,项目台账；财务收支明细；合同与审批资料；支付凭证；审计发现清单,字段缺失/跨表不一致/偏离阈值/重复异常/时序异常/空间不一致,命中对象、风险等级、证据字段、核查建议,P0,ocr_55_books_deep,E:\2026\审计方法&政策文件\_ocr_output\通用\审计专题教学案例精选.pdf.md
SOEV6D-008-R03,audit_rule,generated_rule,SOEV6D-008,69,C,全场景通用 / 监督检查与经费舞弊 / 绩效评价,银河科技：审计独立性问题分析,银河科技：审计独立性问题分析异常性规则,按历史均值、同类项目分位数或政策标准识别银河科技：审计独立性问题分析异常偏离。,项目台账；财务收支明细；合同与审批资料；支付凭证；审计发现清单,字段缺失/跨表不一致/偏离阈值/重复异常/时序异常/空间不一致,命中对象、风险等级、证据字段、核查建议,P0,ocr_55_books_deep,E:\2026\审计方法&政策文件\_ocr_output\通用\审计专题教学案例精选.pdf.md
PERFV6D-080-R01,audit_rule,generated_rule,PERFV6D-080,59,C,全场景通用 / 监督检查与经费舞弊 / 绩效评价,高级审计技术方法.pdf,高级审计技术方法.pdf完整性规则,检查高级审计技术方法.pdf相关台账、凭证、审批和支付数据是否完整，缺失率超过阈值则预警。,项目台账；财务收支明细；合同与审批资料；支付凭证；审计发现清单；绩效指标表,字段缺失/跨表不一致/偏离阈值/重复异常/时序异常/空间不一致,命中对象、风险等级、证据字段、核查建议,P1,ocr_55_books_deep,E:\2026\审计方法&政策文件\_ocr_output\通用\高级审计技术方法.pdf.md
PERFV6D-080-R02,audit_rule,generated_rule,PERFV6D-080,59,C,全场景通用 / 监督检查与经费舞弊 / 绩效评价,高级审计技术方法.pdf,高级审计技术方法.pdf一致性规则,检查高级审计技术方法.pdf在合同、支付、预算、绩效或业务台账之间是否一致。,项目台账；财务收支明细；合同与审批资料；支付凭证；审计发现清单；绩效指标表,字段缺失/跨表不一致/偏离阈值/重复异常/时序异常/空间不一致,命中对象、风险等级、证据字段、核查建议,P1,ocr_55_books_deep,E:\2026\审计方法&政策文件\_ocr_output\通用\高级审计技术方法.pdf.md
PERFV6D-080-R03,audit_rule,generated_rule,PERFV6D-080,59,C,全场景通用 / 监督检查与经费舞弊 / 绩效评价,高级审计技术方法.pdf,高级审计技术方法.pdf异常性规则,按历史均值、同类项目分位数或政策标准识别高级审计技术方法.pdf异常偏离。,项目台账；财务收支明细；合同与审批资料；支付凭证；审计发现清单；绩效指标表,字段缺失/跨表不一致/偏离阈值/重复异常/时序异常/空间不一致,命中对象、风险等级、证据字段、核查建议,P1,ocr_55_books_deep,E:\2026\审计方法&政策文件\_ocr_output\通用\高级审计技术方法.pdf.md
PERFV6D-084-R01,audit_rule,generated_rule,PERFV6D-084,59,C,全场景通用 / 监督检查与经费舞弊 / 绩效评价,高级审计技术方法体系与选用,高级审计技术方法体系与选用完整性规则,检查高级审计技术方法体系与选用相关台账、凭证、审批和支付数据是否完整，缺失率超过阈值则预警。,项目台账；财务收支明细；合同与审批资料；支付凭证；审计发现清单；绩效指标表,字段缺失/跨表不一致/偏离阈值/重复异常/时序异常/空间不一致,命中对象、风险等级、证据字段、核查建议,P1,ocr_55_books_deep,E:\2026\审计方法&政策文件\_ocr_output\通用\高级审计技术方法.pdf.md
PERFV6D-084-R02,audit_rule,generated_rule,PERFV6D-084,59,C,全场景通用 / 监督检查与经费舞弊 / 绩效评价,高级审计技术方法体系与选用,高级审计技术方法体系与选用一致性规则,检查高级审计技术方法体系与选用在合同、支付、预算、绩效或业务台账之间是否一致。,项目台账；财务收支明细；合同与审批资料；支付凭证；审计发现清单；绩效指标表,字段缺失/跨表不一致/偏离阈值/重复异常/时序异常/空间不一致,命中对象、风险等级、证据字段、核查建议,P1,ocr_55_books_deep,E:\2026\审计方法&政策文件\_ocr_output\通用\高级审计技术方法.pdf.md
PERFV6D-084-R03,audit_rule,generated_rule,PERFV6D-084,59,C,全场景通用 / 监督检查与经费舞弊 / 绩效评价,高级审计技术方法体系与选用,高级审计技术方法体系与选用异常性规则,按历史均值、同类项目分位数或政策标准识别高级审计技术方法体系与选用异常偏离。,项目台账；财务收支明细；合同与审批资料；支付凭证；审计发现清单；绩效指标表,字段缺失/跨表不一致/偏离阈值/重复异常/时序异常/空间不一致,命中对象、风险等级、证据字段、核查建议,P1,ocr_55_books_deep,E:\2026\审计方法&政策文件\_ocr_output\通用\高级审计技术方法.pdf.md
PERFV6D-082-R01,audit_rule,generated_rule,PERFV6D-082,59,C,全场景通用 / 监督检查与经费舞弊 / 绩效评价,高级审计技术方法概论,高级审计技术方法概论完整性规则,检查高级审计技术方法概论相关台账、凭证、审批和支付数据是否完整，缺失率超过阈值则预警。,项目台账；财务收支明细；合同与审批资料；支付凭证；审计发现清单；绩效指标表,字段缺失/跨表不一致/偏离阈值/重复异常/时序异常/空间不一致,命中对象、风险等级、证据字段、核查建议,P1,ocr_55_books_deep,E:\2026\审计方法&政策文件\_ocr_output\通用\高级审计技术方法.pdf.md
PERFV6D-082-R02,audit_rule,generated_rule,PERFV6D-082,59,C,全场景通用 / 监督检查与经费舞弊 / 绩效评价,高级审计技术方法概论,高级审计技术方法概论一致性规则,检查高级审计技术方法概论在合同、支付、预算、绩效或业务台账之间是否一致。,项目台账；财务收支明细；合同与审批资料；支付凭证；审计发现清单；绩效指标表,字段缺失/跨表不一致/偏离阈值/重复异常/时序异常/空间不一致,命中对象、风险等级、证据字段、核查建议,P1,ocr_55_books_deep,E:\2026\审计方法&政策文件\_ocr_output\通用\高级审计技术方法.pdf.md
PERFV6D-082-R03,audit_rule,generated_rule,PERFV6D-082,59,C,全场景通用 / 监督检查与经费舞弊 / 绩效评价,高级审计技术方法概论,高级审计技术方法概论异常性规则,按历史均值、同类项目分位数或政策标准识别高级审计技术方法概论异常偏离。,项目台账；财务收支明细；合同与审批资料；支付凭证；审计发现清单；绩效指标表,字段缺失/跨表不一致/偏离阈值/重复异常/时序异常/空间不一致,命中对象、风险等级、证据字段、核查建议,P1,ocr_55_books_deep,E:\2026\审计方法&政策文件\_ocr_output\通用\高级审计技术方法.pdf.md
PERFV6D-081-R01,audit_rule,generated_rule,PERFV6D-081,59,C,全场景通用 / 监督检查与经费舞弊 / 绩效评价,高级审计技术方法概论，王会金；第二章哲学对审计方法的指导,高级审计技术方法概论，王会金；第二章哲学对审计方法的指导完整性规则,检查高级审计技术方法概论，王会金；第二章哲学对审计方法的指导相关台账、凭证、审批和支付数据是否完整，缺失率超过阈值则预警。,项目台账；财务收支明细；合同与审批资料；支付凭证；审计发现清单；绩效指标表,字段缺失/跨表不一致/偏离阈值/重复异常/时序异常/空间不一致,命中对象、风险等级、证据字段、核查建议,P1,ocr_55_books_deep,E:\2026\审计方法&政策文件\_ocr_output\通用\高级审计技术方法.pdf.md
PERFV6D-081-R02,audit_rule,generated_rule,PERFV6D-081,59,C,全场景通用 / 监督检查与经费舞弊 / 绩效评价,高级审计技术方法概论，王会金；第二章哲学对审计方法的指导,高级审计技术方法概论，王会金；第二章哲学对审计方法的指导一致性规则,检查高级审计技术方法概论，王会金；第二章哲学对审计方法的指导在合同、支付、预算、绩效或业务台账之间是否一致。,项目台账；财务收支明细；合同与审批资料；支付凭证；审计发现清单；绩效指标表,字段缺失/跨表不一致/偏离阈值/重复异常/时序异常/空间不一致,命中对象、风险等级、证据字段、核查建议,P1,ocr_55_books_deep,E:\2026\审计方法&政策文件\_ocr_output\通用\高级审计技术方法.pdf.md
PERFV6D-081-R03,audit_rule,generated_rule,PERFV6D-081,59,C,全场景通用 / 监督检查与经费舞弊 / 绩效评价,高级审计技术方法概论，王会金；第二章哲学对审计方法的指导,高级审计技术方法概论，王会金；第二章哲学对审计方法的指导异常性规则,按历史均值、同类项目分位数或政策标准识别高级审计技术方法概论，王会金；第二章哲学对审计方法的指导异常偏离。,项目台账；财务收支明细；合同与审批资料；支付凭证；审计发现清单；绩效指标表,字段缺失/跨表不一致/偏离阈值/重复异常/时序异常/空间不一致,命中对象、风险等级、证据字段、核查建议,P1,ocr_55_books_deep,E:\2026\审计方法&政策文件\_ocr_output\通用\高级审计技术方法.pdf.md
PERFV6D-083-R01,audit_rule,generated_rule,PERFV6D-083,59,C,全场景通用 / 监督检查与经费舞弊 / 绩效评价,高级审计技术方法的含义,高级审计技术方法的含义完整性规则,检查高级审计技术方法的含义相关台账、凭证、审批和支付数据是否完整，缺失率超过阈值则预警。,项目台账；财务收支明细；合同与审批资料；支付凭证；审计发现清单；绩效指标表,字段缺失/跨表不一致/偏离阈值/重复异常/时序异常/空间不一致,命中对象、风险等级、证据字段、核查建议,P1,ocr_55_books_deep,E:\2026\审计方法&政策文件\_ocr_output\通用\高级审计技术方法.pdf.md
PERFV6D-083-R02,audit_rule,generated_rule,PERFV6D-083,59,C,全场景通用 / 监督检查与经费舞弊 / 绩效评价,高级审计技术方法的含义,高级审计技术方法的含义一致性规则,检查高级审计技术方法的含义在合同、支付、预算、绩效或业务台账之间是否一致。,项目台账；财务收支明细；合同与审批资料；支付凭证；审计发现清单；绩效指标表,字段缺失/跨表不一致/偏离阈值/重复异常/时序异常/空间不一致,命中对象、风险等级、证据字段、核查建议,P1,ocr_55_books_deep,E:\2026\审计方法&政策文件\_ocr_output\通用\高级审计技术方法.pdf.md
PERFV6D-083-R03,audit_rule,generated_rule,PERFV6D-083,59,C,全场景通用 / 监督检查与经费舞弊 / 绩效评价,高级审计技术方法的含义,高级审计技术方法的含义异常性规则,按历史均值、同类项目分位数或政策标准识别高级审计技术方法的含义异常偏离。,项目台账；财务收支明细；合同与审批资料；支付凭证；审计发现清单；绩效指标表,字段缺失/跨表不一致/偏离阈值/重复异常/时序异常/空间不一致,命中对象、风险等级、证据字段、核查建议,P1,ocr_55_books_deep,E:\2026\审计方法&政策文件\_ocr_output\通用\高级审计技术方法.pdf.md
SOEV6D-004-R01,audit_rule,generated_rule,SOEV6D-004,59,C,全场景通用 / 监督检查与经费舞弊 / 预算执行与财政管理,1.7内部审计是大数据时代的宠儿／12,1.7内部审计是大数据时代的宠儿／12完整性规则,检查1.7内部审计是大数据时代的宠儿／12相关台账、凭证、审批和支付数据是否完整，缺失率超过阈值则预警。,项目台账；财务收支明细；合同与审批资料；支付凭证；审计发现清单；绩效指标表,字段缺失/跨表不一致/偏离阈值/重复异常/时序异常/空间不一致,命中对象、风险等级、证据字段、核查建议,P1,ocr_55_books_deep,E:\2026\审计方法&政策文件\_ocr_output\通用\内部审计工作法.pdf.md
SOEV6D-004-R02,audit_rule,generated_rule,SOEV6D-004,59,C,全场景通用 / 监督检查与经费舞弊 / 预算执行与财政管理,1.7内部审计是大数据时代的宠儿／12,1.7内部审计是大数据时代的宠儿／12一致性规则,检查1.7内部审计是大数据时代的宠儿／12在合同、支付、预算、绩效或业务台账之间是否一致。,项目台账；财务收支明细；合同与审批资料；支付凭证；审计发现清单；绩效指标表,字段缺失/跨表不一致/偏离阈值/重复异常/时序异常/空间不一致,命中对象、风险等级、证据字段、核查建议,P1,ocr_55_books_deep,E:\2026\审计方法&政策文件\_ocr_output\通用\内部审计工作法.pdf.md
SOEV6D-004-R03,audit_rule,generated_rule,SOEV6D-004,59,C,全场景通用 / 监督检查与经费舞弊 / 预算执行与财政管理,1.7内部审计是大数据时代的宠儿／12,1.7内部审计是大数据时代的宠儿／12异常性规则,按历史均值、同类项目分位数或政策标准识别1.7内部审计是大数据时代的宠儿／12异常偏离。,项目台账；财务收支明细；合同与审批资料；支付凭证；审计发现清单；绩效指标表,字段缺失/跨表不一致/偏离阈值/重复异常/时序异常/空间不一致,命中对象、风险等级、证据字段、核查建议,P1,ocr_55_books_deep,E:\2026\审计方法&政策文件\_ocr_output\通用\内部审计工作法.pdf.md
PERFV6D-051-R01,audit_rule,generated_rule,PERFV6D-051,59,C,全场景通用 / 监督检查与经费舞弊 / 预算执行与财政管理,1内部审计人员思维能力自我评价,1内部审计人员思维能力自我评价完整性规则,检查1内部审计人员思维能力自我评价相关台账、凭证、审批和支付数据是否完整，缺失率超过阈值则预警。,项目台账；财务收支明细；合同与审批资料；支付凭证；审计发现清单；绩效指标表,字段缺失/跨表不一致/偏离阈值/重复异常/时序异常/空间不一致,命中对象、风险等级、证据字段、核查建议,P1,ocr_55_books_deep,E:\2026\审计方法&政策文件\_ocr_output\通用\内部审计思维与沟通.pdf.md
PERFV6D-051-R02,audit_rule,generated_rule,PERFV6D-051,59,C,全场景通用 / 监督检查与经费舞弊 / 预算执行与财政管理,1内部审计人员思维能力自我评价,1内部审计人员思维能力自我评价一致性规则,检查1内部审计人员思维能力自我评价在合同、支付、预算、绩效或业务台账之间是否一致。,项目台账；财务收支明细；合同与审批资料；支付凭证；审计发现清单；绩效指标表,字段缺失/跨表不一致/偏离阈值/重复异常/时序异常/空间不一致,命中对象、风险等级、证据字段、核查建议,P1,ocr_55_books_deep,E:\2026\审计方法&政策文件\_ocr_output\通用\内部审计思维与沟通.pdf.md
PERFV6D-051-R03,audit_rule,generated_rule,PERFV6D-051,59,C,全场景通用 / 监督检查与经费舞弊 / 预算执行与财政管理,1内部审计人员思维能力自我评价,1内部审计人员思维能力自我评价异常性规则,按历史均值、同类项目分位数或政策标准识别1内部审计人员思维能力自我评价异常偏离。,项目台账；财务收支明细；合同与审批资料；支付凭证；审计发现清单；绩效指标表,字段缺失/跨表不一致/偏离阈值/重复异常/时序异常/空间不一致,命中对象、风险等级、证据字段、核查建议,P1,ocr_55_books_deep,E:\2026\审计方法&政策文件\_ocr_output\通用\内部审计思维与沟通.pdf.md
SOEV6D-002-R01,audit_rule,generated_rule,SOEV6D-002,59,C,全场景通用 / 监督检查与经费舞弊 / 预算执行与财政管理,“审计计划”提供了三套由浅入深的风险问卷模板。审计计划好,“审计计划”提供了三套由浅入深的风险问卷模板。审计计划好完整性规则,检查“审计计划”提供了三套由浅入深的风险问卷模板。审计计划好相关台账、凭证、审批和支付数据是否完整，缺失率超过阈值则预警。,项目台账；财务收支明细；合同与审批资料；支付凭证；审计发现清单；绩效指标表,字段缺失/跨表不一致/偏离阈值/重复异常/时序异常/空间不一致,命中对象、风险等级、证据字段、核查建议,P1,ocr_55_books_deep,E:\2026\审计方法&政策文件\_ocr_output\通用\内部审计工作法.pdf.md
SOEV6D-002-R02,audit_rule,generated_rule,SOEV6D-002,59,C,全场景通用 / 监督检查与经费舞弊 / 预算执行与财政管理,“审计计划”提供了三套由浅入深的风险问卷模板。审计计划好,“审计计划”提供了三套由浅入深的风险问卷模板。审计计划好一致性规则,检查“审计计划”提供了三套由浅入深的风险问卷模板。审计计划好在合同、支付、预算、绩效或业务台账之间是否一致。,项目台账；财务收支明细；合同与审批资料；支付凭证；审计发现清单；绩效指标表,字段缺失/跨表不一致/偏离阈值/重复异常/时序异常/空间不一致,命中对象、风险等级、证据字段、核查建议,P1,ocr_55_books_deep,E:\2026\审计方法&政策文件\_ocr_output\通用\内部审计工作法.pdf.md
SOEV6D-002-R03,audit_rule,generated_rule,SOEV6D-002,59,C,全场景通用 / 监督检查与经费舞弊 / 预算执行与财政管理,“审计计划”提供了三套由浅入深的风险问卷模板。审计计划好,“审计计划”提供了三套由浅入深的风险问卷模板。审计计划好异常性规则,按历史均值、同类项目分位数或政策标准识别“审计计划”提供了三套由浅入深的风险问卷模板。审计计划好异常偏离。,项目台账；财务收支明细；合同与审批资料；支付凭证；审计发现清单；绩效指标表,字段缺失/跨表不一致/偏离阈值/重复异常/时序异常/空间不一致,命中对象、风险等级、证据字段、核查建议,P1,ocr_55_books_deep,E:\2026\审计方法&政策文件\_ocr_output\通用\内部审计工作法.pdf.md
ECONV6D-044-R01,audit_rule,generated_rule,ECONV6D-044,59,C,全场景通用 / 监督检查与经费舞弊 / 预算执行与财政管理,多源数据勾稽,多源数据勾稽完整性规则,检查多源数据勾稽相关台账、凭证、审批和支付数据是否完整，缺失率超过阈值则预警。,项目台账；财务收支明细；合同与审批资料；支付凭证；审计发现清单；预算批复表,字段缺失/跨表不一致/偏离阈值/重复异常/时序异常/空间不一致,命中对象、风险等级、证据字段、核查建议,P1,ocr_55_books_deep,E:\2026\审计方法&政策文件\_ocr_output\通用\基层审计业务操作规程.pdf.md
ECONV6D-044-R02,audit_rule,generated_rule,ECONV6D-044,59,C,全场景通用 / 监督检查与经费舞弊 / 预算执行与财政管理,多源数据勾稽,多源数据勾稽一致性规则,检查多源数据勾稽在合同、支付、预算、绩效或业务台账之间是否一致。,项目台账；财务收支明细；合同与审批资料；支付凭证；审计发现清单；预算批复表,字段缺失/跨表不一致/偏离阈值/重复异常/时序异常/空间不一致,命中对象、风险等级、证据字段、核查建议,P1,ocr_55_books_deep,E:\2026\审计方法&政策文件\_ocr_output\通用\基层审计业务操作规程.pdf.md
ECONV6D-044-R03,audit_rule,generated_rule,ECONV6D-044,59,C,全场景通用 / 监督检查与经费舞弊 / 预算执行与财政管理,多源数据勾稽,多源数据勾稽异常性规则,按历史均值、同类项目分位数或政策标准识别多源数据勾稽异常偏离。,项目台账；财务收支明细；合同与审批资料；支付凭证；审计发现清单；预算批复表,字段缺失/跨表不一致/偏离阈值/重复异常/时序异常/空间不一致,命中对象、风险等级、证据字段、核查建议,P1,ocr_55_books_deep,E:\2026\审计方法&政策文件\_ocr_output\通用\基层审计业务操作规程.pdf.md
SOEV6D-005-R01,audit_rule,generated_rule,SOEV6D-005,59,C,全场景通用 / 监督检查与经费舞弊 / 预算执行与财政管理,审计证据链抽取,审计证据链抽取完整性规则,检查审计证据链抽取相关台账、凭证、审批和支付数据是否完整，缺失率超过阈值则预警。,项目台账；财务收支明细；合同与审批资料；支付凭证；审计发现清单；绩效指标表,字段缺失/跨表不一致/偏离阈值/重复异常/时序异常/空间不一致,命中对象、风险等级、证据字段、核查建议,P1,ocr_55_books_deep,E:\2026\审计方法&政策文件\_ocr_output\通用\内部审计工作法.pdf.md
SOEV6D-005-R02,audit_rule,generated_rule,SOEV6D-005,59,C,全场景通用 / 监督检查与经费舞弊 / 预算执行与财政管理,审计证据链抽取,审计证据链抽取一致性规则,检查审计证据链抽取在合同、支付、预算、绩效或业务台账之间是否一致。,项目台账；财务收支明细；合同与审批资料；支付凭证；审计发现清单；绩效指标表,字段缺失/跨表不一致/偏离阈值/重复异常/时序异常/空间不一致,命中对象、风险等级、证据字段、核查建议,P1,ocr_55_books_deep,E:\2026\审计方法&政策文件\_ocr_output\通用\内部审计工作法.pdf.md
SOEV6D-005-R03,audit_rule,generated_rule,SOEV6D-005,59,C,全场景通用 / 监督检查与经费舞弊 / 预算执行与财政管理,审计证据链抽取,审计证据链抽取异常性规则,按历史均值、同类项目分位数或政策标准识别审计证据链抽取异常偏离。,项目台账；财务收支明细；合同与审批资料；支付凭证；审计发现清单；绩效指标表,字段缺失/跨表不一致/偏离阈值/重复异常/时序异常/空间不一致,命中对象、风险等级、证据字段、核查建议,P1,ocr_55_books_deep,E:\2026\审计方法&政策文件\_ocr_output\通用\内部审计工作法.pdf.md
PERFV6D-052-R01,audit_rule,generated_rule,PERFV6D-052,59,C,全场景通用 / 监督检查与经费舞弊 / 预算执行与财政管理,审计证据链抽取,审计证据链抽取完整性规则,检查审计证据链抽取相关台账、凭证、审批和支付数据是否完整，缺失率超过阈值则预警。,项目台账；财务收支明细；合同与审批资料；支付凭证；审计发现清单；绩效指标表,字段缺失/跨表不一致/偏离阈值/重复异常/时序异常/空间不一致,命中对象、风险等级、证据字段、核查建议,P1,ocr_55_books_deep,E:\2026\审计方法&政策文件\_ocr_output\通用\内部审计思维与沟通.pdf.md
PERFV6D-052-R02,audit_rule,generated_rule,PERFV6D-052,59,C,全场景通用 / 监督检查与经费舞弊 / 预算执行与财政管理,审计证据链抽取,审计证据链抽取一致性规则,检查审计证据链抽取在合同、支付、预算、绩效或业务台账之间是否一致。,项目台账；财务收支明细；合同与审批资料；支付凭证；审计发现清单；绩效指标表,字段缺失/跨表不一致/偏离阈值/重复异常/时序异常/空间不一致,命中对象、风险等级、证据字段、核查建议,P1,ocr_55_books_deep,E:\2026\审计方法&政策文件\_ocr_output\通用\内部审计思维与沟通.pdf.md
PERFV6D-052-R03,audit_rule,generated_rule,PERFV6D-052,59,C,全场景通用 / 监督检查与经费舞弊 / 预算执行与财政管理,审计证据链抽取,审计证据链抽取异常性规则,按历史均值、同类项目分位数或政策标准识别审计证据链抽取异常偏离。,项目台账；财务收支明细；合同与审批资料；支付凭证；审计发现清单；绩效指标表,字段缺失/跨表不一致/偏离阈值/重复异常/时序异常/空间不一致,命中对象、风险等级、证据字段、核查建议,P1,ocr_55_books_deep,E:\2026\审计方法&政策文件\_ocr_output\通用\内部审计思维与沟通.pdf.md
ECONV6D-040-R01,audit_rule,generated_rule,ECONV6D-040,59,C,全场景通用 / 监督检查与经费舞弊 / 预算执行与财政管理,审计证据链抽取,审计证据链抽取完整性规则,检查审计证据链抽取相关台账、凭证、审批和支付数据是否完整，缺失率超过阈值则预警。,项目台账；财务收支明细；合同与审批资料；支付凭证；审计发现清单；预算批复表,字段缺失/跨表不一致/偏离阈值/重复异常/时序异常/空间不一致,命中对象、风险等级、证据字段、核查建议,P1,ocr_55_books_deep,E:\2026\审计方法&政策文件\_ocr_output\通用\基层审计业务操作规程.pdf.md
ECONV6D-040-R02,audit_rule,generated_rule,ECONV6D-040,59,C,全场景通用 / 监督检查与经费舞弊 / 预算执行与财政管理,审计证据链抽取,审计证据链抽取一致性规则,检查审计证据链抽取在合同、支付、预算、绩效或业务台账之间是否一致。,项目台账；财务收支明细；合同与审批资料；支付凭证；审计发现清单；预算批复表,字段缺失/跨表不一致/偏离阈值/重复异常/时序异常/空间不一致,命中对象、风险等级、证据字段、核查建议,P1,ocr_55_books_deep,E:\2026\审计方法&政策文件\_ocr_output\通用\基层审计业务操作规程.pdf.md
ECONV6D-040-R03,audit_rule,generated_rule,ECONV6D-040,59,C,全场景通用 / 监督检查与经费舞弊 / 预算执行与财政管理,审计证据链抽取,审计证据链抽取异常性规则,按历史均值、同类项目分位数或政策标准识别审计证据链抽取异常偏离。,项目台账；财务收支明细；合同与审批资料；支付凭证；审计发现清单；预算批复表,字段缺失/跨表不一致/偏离阈值/重复异常/时序异常/空间不一致,命中对象、风险等级、证据字段、核查建议,P1,ocr_55_books_deep,E:\2026\审计方法&政策文件\_ocr_output\通用\基层审计业务操作规程.pdf.md
PERFV6D-050-R01,audit_rule,generated_rule,PERFV6D-050,59,C,全场景通用 / 监督检查与经费舞弊 / 预算执行与财政管理,数据挖掘与分析,数据挖掘与分析完整性规则,检查数据挖掘与分析相关台账、凭证、审批和支付数据是否完整，缺失率超过阈值则预警。,项目台账；财务收支明细；合同与审批资料；支付凭证；审计发现清单；绩效指标表,字段缺失/跨表不一致/偏离阈值/重复异常/时序异常/空间不一致,命中对象、风险等级、证据字段、核查建议,P1,ocr_55_books_deep,E:\2026\审计方法&政策文件\_ocr_output\通用\内部审计思维与沟通.pdf.md
PERFV6D-050-R02,audit_rule,generated_rule,PERFV6D-050,59,C,全场景通用 / 监督检查与经费舞弊 / 预算执行与财政管理,数据挖掘与分析,数据挖掘与分析一致性规则,检查数据挖掘与分析在合同、支付、预算、绩效或业务台账之间是否一致。,项目台账；财务收支明细；合同与审批资料；支付凭证；审计发现清单；绩效指标表,字段缺失/跨表不一致/偏离阈值/重复异常/时序异常/空间不一致,命中对象、风险等级、证据字段、核查建议,P1,ocr_55_books_deep,E:\2026\审计方法&政策文件\_ocr_output\通用\内部审计思维与沟通.pdf.md
PERFV6D-050-R03,audit_rule,generated_rule,PERFV6D-050,59,C,全场景通用 / 监督检查与经费舞弊 / 预算执行与财政管理,数据挖掘与分析,数据挖掘与分析异常性规则,按历史均值、同类项目分位数或政策标准识别数据挖掘与分析异常偏离。,项目台账；财务收支明细；合同与审批资料；支付凭证；审计发现清单；绩效指标表,字段缺失/跨表不一致/偏离阈值/重复异常/时序异常/空间不一致,命中对象、风险等级、证据字段、核查建议,P1,ocr_55_books_deep,E:\2026\审计方法&政策文件\_ocr_output\通用\内部审计思维与沟通.pdf.md
ECONV6D-043-R01,audit_rule,generated_rule,ECONV6D-043,59,C,全场景通用 / 监督检查与经费舞弊 / 预算执行与财政管理,数据质量检查,数据质量检查完整性规则,检查数据质量检查相关台账、凭证、审批和支付数据是否完整，缺失率超过阈值则预警。,项目台账；财务收支明细；合同与审批资料；支付凭证；审计发现清单；预算批复表,字段缺失/跨表不一致/偏离阈值/重复异常/时序异常/空间不一致,命中对象、风险等级、证据字段、核查建议,P1,ocr_55_books_deep,E:\2026\审计方法&政策文件\_ocr_output\通用\基层审计业务操作规程.pdf.md
ECONV6D-043-R02,audit_rule,generated_rule,ECONV6D-043,59,C,全场景通用 / 监督检查与经费舞弊 / 预算执行与财政管理,数据质量检查,数据质量检查一致性规则,检查数据质量检查在合同、支付、预算、绩效或业务台账之间是否一致。,项目台账；财务收支明细；合同与审批资料；支付凭证；审计发现清单；预算批复表,字段缺失/跨表不一致/偏离阈值/重复异常/时序异常/空间不一致,命中对象、风险等级、证据字段、核查建议,P1,ocr_55_books_deep,E:\2026\审计方法&政策文件\_ocr_output\通用\基层审计业务操作规程.pdf.md
ECONV6D-043-R03,audit_rule,generated_rule,ECONV6D-043,59,C,全场景通用 / 监督检查与经费舞弊 / 预算执行与财政管理,数据质量检查,数据质量检查异常性规则,按历史均值、同类项目分位数或政策标准识别数据质量检查异常偏离。,项目台账；财务收支明细；合同与审批资料；支付凭证；审计发现清单；预算批复表,字段缺失/跨表不一致/偏离阈值/重复异常/时序异常/空间不一致,命中对象、风险等级、证据字段、核查建议,P1,ocr_55_books_deep,E:\2026\审计方法&政策文件\_ocr_output\通用\基层审计业务操作规程.pdf.md
ECONV6D-039-R01,audit_rule,generated_rule,ECONV6D-039,59,C,全场景通用 / 监督检查与经费舞弊 / 预算执行与财政管理,经济责任审计公示参考格式,经济责任审计公示参考格式完整性规则,检查经济责任审计公示参考格式相关台账、凭证、审批和支付数据是否完整，缺失率超过阈值则预警。,项目台账；财务收支明细；合同与审批资料；支付凭证；审计发现清单；预算批复表,字段缺失/跨表不一致/偏离阈值/重复异常/时序异常/空间不一致,命中对象、风险等级、证据字段、核查建议,P1,ocr_55_books_deep,E:\2026\审计方法&政策文件\_ocr_output\通用\基层审计业务操作规程.pdf.md
ECONV6D-039-R02,audit_rule,generated_rule,ECONV6D-039,59,C,全场景通用 / 监督检查与经费舞弊 / 预算执行与财政管理,经济责任审计公示参考格式,经济责任审计公示参考格式一致性规则,检查经济责任审计公示参考格式在合同、支付、预算、绩效或业务台账之间是否一致。,项目台账；财务收支明细；合同与审批资料；支付凭证；审计发现清单；预算批复表,字段缺失/跨表不一致/偏离阈值/重复异常/时序异常/空间不一致,命中对象、风险等级、证据字段、核查建议,P1,ocr_55_books_deep,E:\2026\审计方法&政策文件\_ocr_output\通用\基层审计业务操作规程.pdf.md
ECONV6D-039-R03,audit_rule,generated_rule,ECONV6D-039,59,C,全场景通用 / 监督检查与经费舞弊 / 预算执行与财政管理,经济责任审计公示参考格式,经济责任审计公示参考格式异常性规则,按历史均值、同类项目分位数或政策标准识别经济责任审计公示参考格式异常偏离。,项目台账；财务收支明细；合同与审批资料；支付凭证；审计发现清单；预算批复表,字段缺失/跨表不一致/偏离阈值/重复异常/时序异常/空间不一致,命中对象、风险等级、证据字段、核查建议,P1,ocr_55_books_deep,E:\2026\审计方法&政策文件\_ocr_output\通用\基层审计业务操作规程.pdf.md
PERFV6D-049-R01,audit_rule,generated_rule,PERFV6D-049,59,C,全场景通用 / 监督检查与经费舞弊 / 预算执行与财政管理,风险管理保障,风险管理保障完整性规则,检查风险管理保障相关台账、凭证、审批和支付数据是否完整，缺失率超过阈值则预警。,项目台账；财务收支明细；合同与审批资料；支付凭证；审计发现清单；绩效指标表,字段缺失/跨表不一致/偏离阈值/重复异常/时序异常/空间不一致,命中对象、风险等级、证据字段、核查建议,P1,ocr_55_books_deep,E:\2026\审计方法&政策文件\_ocr_output\通用\内部审计思维与沟通.pdf.md
PERFV6D-049-R02,audit_rule,generated_rule,PERFV6D-049,59,C,全场景通用 / 监督检查与经费舞弊 / 预算执行与财政管理,风险管理保障,风险管理保障一致性规则,检查风险管理保障在合同、支付、预算、绩效或业务台账之间是否一致。,项目台账；财务收支明细；合同与审批资料；支付凭证；审计发现清单；绩效指标表,字段缺失/跨表不一致/偏离阈值/重复异常/时序异常/空间不一致,命中对象、风险等级、证据字段、核查建议,P1,ocr_55_books_deep,E:\2026\审计方法&政策文件\_ocr_output\通用\内部审计思维与沟通.pdf.md
PERFV6D-049-R03,audit_rule,generated_rule,PERFV6D-049,59,C,全场景通用 / 监督检查与经费舞弊 / 预算执行与财政管理,风险管理保障,风险管理保障异常性规则,按历史均值、同类项目分位数或政策标准识别风险管理保障异常偏离。,项目台账；财务收支明细；合同与审批资料；支付凭证；审计发现清单；绩效指标表,字段缺失/跨表不一致/偏离阈值/重复异常/时序异常/空间不一致,命中对象、风险等级、证据字段、核查建议,P1,ocr_55_books_deep,E:\2026\审计方法&政策文件\_ocr_output\通用\内部审计思维与沟通.pdf.md
AGRV6D-001-R01,audit_rule,generated_rule,AGRV6D-001,59,C,农业农村审计 / 民生与社保医保 / 工程与投资审计,以实干担使命以匠心守初心——记山东省威海市文登区,以实干担使命以匠心守初心——记山东省威海市文登区完整性规则,检查以实干担使命以匠心守初心——记山东省威海市文登区相关台账、凭证、审批和支付数据是否完整，缺失率超过阈值则预警。,项目台账；财务收支明细；合同与审批资料；支付凭证；审计发现清单；工程量清单,字段缺失/跨表不一致/偏离阈值/重复异常/时序异常/空间不一致,命中对象、风险等级、证据字段、核查建议,P1,ocr_55_books_deep,E:\2026\审计方法&政策文件\_ocr_output\1中国审计_7期\以实干担使命 以匠心守初心——记山东省威海市文登区审计局赛婷羽.md
AGRV6D-001-R02,audit_rule,generated_rule,AGRV6D-001,59,C,农业农村审计 / 民生与社保医保 / 工程与投资审计,以实干担使命以匠心守初心——记山东省威海市文登区,以实干担使命以匠心守初心——记山东省威海市文登区一致性规则,检查以实干担使命以匠心守初心——记山东省威海市文登区在合同、支付、预算、绩效或业务台账之间是否一致。,项目台账；财务收支明细；合同与审批资料；支付凭证；审计发现清单；工程量清单,字段缺失/跨表不一致/偏离阈值/重复异常/时序异常/空间不一致,命中对象、风险等级、证据字段、核查建议,P1,ocr_55_books_deep,E:\2026\审计方法&政策文件\_ocr_output\1中国审计_7期\以实干担使命 以匠心守初心——记山东省威海市文登区审计局赛婷羽.md
AGRV6D-001-R03,audit_rule,generated_rule,AGRV6D-001,59,C,农业农村审计 / 民生与社保医保 / 工程与投资审计,以实干担使命以匠心守初心——记山东省威海市文登区,以实干担使命以匠心守初心——记山东省威海市文登区异常性规则,按历史均值、同类项目分位数或政策标准识别以实干担使命以匠心守初心——记山东省威海市文登区异常偏离。,项目台账；财务收支明细；合同与审批资料；支付凭证；审计发现清单；工程量清单,字段缺失/跨表不一致/偏离阈值/重复异常/时序异常/空间不一致,命中对象、风险等级、证据字段、核查建议,P1,ocr_55_books_deep,E:\2026\审计方法&政策文件\_ocr_output\1中国审计_7期\以实干担使命 以匠心守初心——记山东省威海市文登区审计局赛婷羽.md
AGRV6D-002-R01,audit_rule,generated_rule,AGRV6D-002,59,C,农业农村审计 / 资源环境审计 / 金融审计,县域经济特色发展的典型模式与战略路径,县域经济特色发展的典型模式与战略路径完整性规则,检查县域经济特色发展的典型模式与战略路径相关台账、凭证、审批和支付数据是否完整，缺失率超过阈值则预警。,项目台账；财务收支明细；合同与审批资料；支付凭证；审计发现清单；农户信息,字段缺失/跨表不一致/偏离阈值/重复异常/时序异常/空间不一致,命中对象、风险等级、证据字段、核查建议,P1,ocr_55_books_deep,E:\2026\审计方法&政策文件\_ocr_output\2经济责任审计_6期\县域经济特色发展的典型模式与战略路径.md
AGRV6D-002-R02,audit_rule,generated_rule,AGRV6D-002,59,C,农业农村审计 / 资源环境审计 / 金融审计,县域经济特色发展的典型模式与战略路径,县域经济特色发展的典型模式与战略路径一致性规则,检查县域经济特色发展的典型模式与战略路径在合同、支付、预算、绩效或业务台账之间是否一致。,项目台账；财务收支明细；合同与审批资料；支付凭证；审计发现清单；农户信息,字段缺失/跨表不一致/偏离阈值/重复异常/时序异常/空间不一致,命中对象、风险等级、证据字段、核查建议,P1,ocr_55_books_deep,E:\2026\审计方法&政策文件\_ocr_output\2经济责任审计_6期\县域经济特色发展的典型模式与战略路径.md
AGRV6D-002-R03,audit_rule,generated_rule,AGRV6D-002,59,C,农业农村审计 / 资源环境审计 / 金融审计,县域经济特色发展的典型模式与战略路径,县域经济特色发展的典型模式与战略路径异常性规则,按历史均值、同类项目分位数或政策标准识别县域经济特色发展的典型模式与战略路径异常偏离。,项目台账；财务收支明细；合同与审批资料；支付凭证；审计发现清单；农户信息,字段缺失/跨表不一致/偏离阈值/重复异常/时序异常/空间不一致,命中对象、风险等级、证据字段、核查建议,P1,ocr_55_books_deep,E:\2026\审计方法&政策文件\_ocr_output\2经济责任审计_6期\县域经济特色发展的典型模式与战略路径.md
MAGAGR-0009-R01,audit_rule,generated_rule,MAGAGR-0009,63,C,农业农村审计 / 金融审计 / 财政与政府债务,002中国式现代化引领财政现代化的历史脉络与展望,002中国式现代化引领财政现代化的历史脉络与展望R01规则,按案例主题识别同类事项中的风险特征并生成疑点。,文章案例文本；审计事项清单；问题线索台账；审计证据资料；预算指标表；财政支出明细,风险词命中/数据缺失/证据不一致/指标偏离/流程缺陷,命中对象、风险等级、证据资料、核查建议,P0,magazine_435_articles,D:\openclaw-workspace\knowledge\11-杂志文献\财政监督\002中国式现代化引领财政现代化的历史脉络与展望.md
MAGAGR-0009-R02,audit_rule,generated_rule,MAGAGR-0009,63,C,农业农村审计 / 金融审计 / 财政与政府债务,002中国式现代化引领财政现代化的历史脉络与展望,002中国式现代化引领财政现代化的历史脉络与展望R02规则,核查案例涉及的数据、证据和整改链条是否完整一致。,文章案例文本；审计事项清单；问题线索台账；审计证据资料；预算指标表；财政支出明细,风险词命中/数据缺失/证据不一致/指标偏离/流程缺陷,命中对象、风险等级、证据资料、核查建议,P0,magazine_435_articles,D:\openclaw-workspace\knowledge\11-杂志文献\财政监督\002中国式现代化引领财政现代化的历史脉络与展望.md
MAGAGR-0010-R01,audit_rule,generated_rule,MAGAGR-0010,63,C,农业农村审计 / 金融审计 / 财政与政府债务,003财政中心工作以主题教育开展成效推动财政监管工作高质量发展,003财政中心工作以主题教育开展成效推动财政监管工作高质量发展R01规则,按案例主题识别同类事项中的风险特征并生成疑点。,文章案例文本；审计事项清单；问题线索台账；审计证据资料；预算指标表；财政支出明细,风险词命中/数据缺失/证据不一致/指标偏离/流程缺陷,命中对象、风险等级、证据资料、核查建议,P0,magazine_435_articles,D:\openclaw-workspace\knowledge\11-杂志文献\财政监督\003财政中心工作以主题教育开展成效推动财政监管工作高质量发展.md
MAGAGR-0010-R02,audit_rule,generated_rule,MAGAGR-0010,63,C,农业农村审计 / 金融审计 / 财政与政府债务,003财政中心工作以主题教育开展成效推动财政监管工作高质量发展,003财政中心工作以主题教育开展成效推动财政监管工作高质量发展R02规则,核查案例涉及的数据、证据和整改链条是否完整一致。,文章案例文本；审计事项清单；问题线索台账；审计证据资料；预算指标表；财政支出明细,风险词命中/数据缺失/证据不一致/指标偏离/流程缺陷,命中对象、风险等级、证据资料、核查建议,P0,magazine_435_articles,D:\openclaw-workspace\knowledge\11-杂志文献\财政监督\003财政中心工作以主题教育开展成效推动财政监管工作高质量发展.md
MAGAGR-0011-R01,audit_rule,generated_rule,MAGAGR-0011,63,C,农业农村审计 / 金融审计 / 财政与政府债务,005紧紧围绕主题教育总要求推动财会监督高质量发展,005紧紧围绕主题教育总要求推动财会监督高质量发展R01规则,按案例主题识别同类事项中的风险特征并生成疑点。,文章案例文本；审计事项清单；问题线索台账；审计证据资料；预算指标表；财政支出明细,风险词命中/数据缺失/证据不一致/指标偏离/流程缺陷,命中对象、风险等级、证据资料、核查建议,P0,magazine_435_articles,D:\openclaw-workspace\knowledge\11-杂志文献\财政监督\005紧紧围绕主题教育总要求推动财会监督高质量发展.md
MAGAGR-0011-R02,audit_rule,generated_rule,MAGAGR-0011,63,C,农业农村审计 / 金融审计 / 财政与政府债务,005紧紧围绕主题教育总要求推动财会监督高质量发展,005紧紧围绕主题教育总要求推动财会监督高质量发展R02规则,核查案例涉及的数据、证据和整改链条是否完整一致。,文章案例文本；审计事项清单；问题线索台账；审计证据资料；预算指标表；财政支出明细,风险词命中/数据缺失/证据不一致/指标偏离/流程缺陷,命中对象、风险等级、证据资料、核查建议,P0,magazine_435_articles,D:\openclaw-workspace\knowledge\11-杂志文献\财政监督\005紧紧围绕主题教育总要求推动财会监督高质量发展.md
MAGAGR-0012-R01,audit_rule,generated_rule,MAGAGR-0012,63,C,农业农村审计 / 金融审计 / 财政与政府债务,009因地制宜探索创新财政运行综合绩效评价实践,009因地制宜探索创新财政运行综合绩效评价实践R01规则,按案例主题识别同类事项中的风险特征并生成疑点。,文章案例文本；审计事项清单；问题线索台账；审计证据资料；预算指标表；财政支出明细,风险词命中/数据缺失/证据不一致/指标偏离/流程缺陷,命中对象、风险等级、证据资料、核查建议,P0,magazine_435_articles,D:\openclaw-workspace\knowledge\11-杂志文献\财政监督\009因地制宜探索创新财政运行综合绩效评价实践.md
MAGAGR-0012-R02,audit_rule,generated_rule,MAGAGR-0012,63,C,农业农村审计 / 金融审计 / 财政与政府债务,009因地制宜探索创新财政运行综合绩效评价实践,009因地制宜探索创新财政运行综合绩效评价实践R02规则,核查案例涉及的数据、证据和整改链条是否完整一致。,文章案例文本；审计事项清单；问题线索台账；审计证据资料；预算指标表；财政支出明细,风险词命中/数据缺失/证据不一致/指标偏离/流程缺陷,命中对象、风险等级、证据资料、核查建议,P0,magazine_435_articles,D:\openclaw-workspace\knowledge\11-杂志文献\财政监督\009因地制宜探索创新财政运行综合绩效评价实践.md
MAGAGR-0013-R01,audit_rule,generated_rule,MAGAGR-0013,63,C,农业农村审计 / 金融审计 / 财政与政府债务,012衔接推进乡村振兴补助资金绩效评价实践探索,012衔接推进乡村振兴补助资金绩效评价实践探索R01规则,按案例主题识别同类事项中的风险特征并生成疑点。,文章案例文本；审计事项清单；问题线索台账；审计证据资料；预算指标表；财政支出明细,风险词命中/数据缺失/证据不一致/指标偏离/流程缺陷,命中对象、风险等级、证据资料、核查建议,P0,magazine_435_articles,D:\openclaw-workspace\knowledge\11-杂志文献\财政监督\012衔接推进乡村振兴补助资金绩效评价实践探索.md
MAGAGR-0013-R02,audit_rule,generated_rule,MAGAGR-0013,63,C,农业农村审计 / 金融审计 / 财政与政府债务,012衔接推进乡村振兴补助资金绩效评价实践探索,012衔接推进乡村振兴补助资金绩效评价实践探索R02规则,核查案例涉及的数据、证据和整改链条是否完整一致。,文章案例文本；审计事项清单；问题线索台账；审计证据资料；预算指标表；财政支出明细,风险词命中/数据缺失/证据不一致/指标偏离/流程缺陷,命中对象、风险等级、证据资料、核查建议,P0,magazine_435_articles,D:\openclaw-workspace\knowledge\11-杂志文献\财政监督\012衔接推进乡村振兴补助资金绩效评价实践探索.md
MAGAGR-0014-R01,audit_rule,generated_rule,MAGAGR-0014,53,D,农业农村审计 / 金融审计 / 财政与政府债务,016财政部宁波监管局,016财政部宁波监管局R01规则,按案例主题识别同类事项中的风险特征并生成疑点。,文章案例文本；审计事项清单；问题线索台账；审计证据资料；预算指标表；财政支出明细,风险词命中/数据缺失/证据不一致/指标偏离/流程缺陷,命中对象、风险等级、证据资料、核查建议,P1,magazine_435_articles,D:\openclaw-workspace\knowledge\11-杂志文献\财政监督\016财政部宁波监管局.md
MAGAGR-0014-R02,audit_rule,generated_rule,MAGAGR-0014,53,D,农业农村审计 / 金融审计 / 财政与政府债务,016财政部宁波监管局,016财政部宁波监管局R02规则,核查案例涉及的数据、证据和整改链条是否完整一致。,文章案例文本；审计事项清单；问题线索台账；审计证据资料；预算指标表；财政支出明细,风险词命中/数据缺失/证据不一致/指标偏离/流程缺陷,命中对象、风险等级、证据资料、核查建议,P1,magazine_435_articles,D:\openclaw-workspace\knowledge\11-杂志文献\财政监督\016财政部宁波监管局.md
MAGAGR-0015-R01,audit_rule,generated_rule,MAGAGR-0015,63,C,农业农村审计 / 金融审计 / 财政与政府债务,017省直管县后财政转移支付问题研究,017省直管县后财政转移支付问题研究R01规则,按案例主题识别同类事项中的风险特征并生成疑点。,文章案例文本；审计事项清单；问题线索台账；审计证据资料；预算指标表；财政支出明细,风险词命中/数据缺失/证据不一致/指标偏离/流程缺陷,命中对象、风险等级、证据资料、核查建议,P0,magazine_435_articles,D:\openclaw-workspace\knowledge\11-杂志文献\财政监督\017省直管县后财政转移支付问题研究.md
MAGAGR-0015-R02,audit_rule,generated_rule,MAGAGR-0015,63,C,农业农村审计 / 金融审计 / 财政与政府债务,017省直管县后财政转移支付问题研究,017省直管县后财政转移支付问题研究R02规则,核查案例涉及的数据、证据和整改链条是否完整一致。,文章案例文本；审计事项清单；问题线索台账；审计证据资料；预算指标表；财政支出明细,风险词命中/数据缺失/证据不一致/指标偏离/流程缺陷,命中对象、风险等级、证据资料、核查建议,P0,magazine_435_articles,D:\openclaw-workspace\knowledge\11-杂志文献\财政监督\017省直管县后财政转移支付问题研究.md
MAGAGR-0016-R01,audit_rule,generated_rule,MAGAGR-0016,63,C,农业农村审计 / 金融审计 / 财政与政府债务,018人人充当监督员助力县域经济高质量发展,018人人充当监督员助力县域经济高质量发展R01规则,按案例主题识别同类事项中的风险特征并生成疑点。,文章案例文本；审计事项清单；问题线索台账；审计证据资料；预算指标表；财政支出明细,风险词命中/数据缺失/证据不一致/指标偏离/流程缺陷,命中对象、风险等级、证据资料、核查建议,P0,magazine_435_articles,D:\openclaw-workspace\knowledge\11-杂志文献\财政监督\018人人充当监督员助力县域经济高质量发展.md
MAGAGR-0016-R02,audit_rule,generated_rule,MAGAGR-0016,63,C,农业农村审计 / 金融审计 / 财政与政府债务,018人人充当监督员助力县域经济高质量发展,018人人充当监督员助力县域经济高质量发展R02规则,核查案例涉及的数据、证据和整改链条是否完整一致。,文章案例文本；审计事项清单；问题线索台账；审计证据资料；预算指标表；财政支出明细,风险词命中/数据缺失/证据不一致/指标偏离/流程缺陷,命中对象、风险等级、证据资料、核查建议,P0,magazine_435_articles,D:\openclaw-workspace\knowledge\11-杂志文献\财政监督\018人人充当监督员助力县域经济高质量发展.md
MAGAGR-0017-R01,audit_rule,generated_rule,MAGAGR-0017,63,C,农业农村审计 / 金融审计 / 财政与政府债务,018碳中和目标下德国绿色预算实践的审视与借鉴,018碳中和目标下德国绿色预算实践的审视与借鉴R01规则,按案例主题识别同类事项中的风险特征并生成疑点。,文章案例文本；审计事项清单；问题线索台账；审计证据资料；预算指标表；财政支出明细,风险词命中/数据缺失/证据不一致/指标偏离/流程缺陷,命中对象、风险等级、证据资料、核查建议,P0,magazine_435_articles,D:\openclaw-workspace\knowledge\11-杂志文献\财政监督\018碳中和目标下德国绿色预算实践的审视与借鉴.md
MAGAGR-0017-R02,audit_rule,generated_rule,MAGAGR-0017,63,C,农业农村审计 / 金融审计 / 财政与政府债务,018碳中和目标下德国绿色预算实践的审视与借鉴,018碳中和目标下德国绿色预算实践的审视与借鉴R02规则,核查案例涉及的数据、证据和整改链条是否完整一致。,文章案例文本；审计事项清单；问题线索台账；审计证据资料；预算指标表；财政支出明细,风险词命中/数据缺失/证据不一致/指标偏离/流程缺陷,命中对象、风险等级、证据资料、核查建议,P0,magazine_435_articles,D:\openclaw-workspace\knowledge\11-杂志文献\财政监督\018碳中和目标下德国绿色预算实践的审视与借鉴.md
MAGAGR-0045-R01,audit_rule,generated_rule,MAGAGR-0045,63,C,农业农村审计 / 金融审计 / 财政与政府债务,“当下改”和“长久立”的常态化预算执行监控机制研究,“当下改”和“长久立”的常态化预算执行监控机制研究R01规则,按案例主题识别同类事项中的风险特征并生成疑点。,文章案例文本；审计事项清单；问题线索台账；审计证据资料；预算指标表；财政支出明细,风险词命中/数据缺失/证据不一致/指标偏离/流程缺陷,命中对象、风险等级、证据资料、核查建议,P0,magazine_435_articles,D:\openclaw-workspace\knowledge\11-杂志文献\财政监督\5.基于“当下改”和“长久立”的常态化预算执行监控机制研究.md
MAGAGR-0045-R02,audit_rule,generated_rule,MAGAGR-0045,63,C,农业农村审计 / 金融审计 / 财政与政府债务,“当下改”和“长久立”的常态化预算执行监控机制研究,“当下改”和“长久立”的常态化预算执行监控机制研究R02规则,核查案例涉及的数据、证据和整改链条是否完整一致。,文章案例文本；审计事项清单；问题线索台账；审计证据资料；预算指标表；财政支出明细,风险词命中/数据缺失/证据不一致/指标偏离/流程缺陷,命中对象、风险等级、证据资料、核查建议,P0,magazine_435_articles,D:\openclaw-workspace\knowledge\11-杂志文献\财政监督\5.基于“当下改”和“长久立”的常态化预算执行监控机制研究.md
MAGAGR-0020-R01,audit_rule,generated_rule,MAGAGR-0020,63,C,农业农村审计 / 金融审计 / 财政与政府债务,下级政府财政运行综合绩效评价的问题及优化思路,下级政府财政运行综合绩效评价的问题及优化思路R01规则,按案例主题识别同类事项中的风险特征并生成疑点。,文章案例文本；审计事项清单；问题线索台账；审计证据资料；预算指标表；财政支出明细,风险词命中/数据缺失/证据不一致/指标偏离/流程缺陷,命中对象、风险等级、证据资料、核查建议,P0,magazine_435_articles,D:\openclaw-workspace\knowledge\11-杂志文献\财政监督\10.下级政府财政运行综合绩效评价的问题及优化思路.md
MAGAGR-0020-R02,audit_rule,generated_rule,MAGAGR-0020,63,C,农业农村审计 / 金融审计 / 财政与政府债务,下级政府财政运行综合绩效评价的问题及优化思路,下级政府财政运行综合绩效评价的问题及优化思路R02规则,核查案例涉及的数据、证据和整改链条是否完整一致。,文章案例文本；审计事项清单；问题线索台账；审计证据资料；预算指标表；财政支出明细,风险词命中/数据缺失/证据不一致/指标偏离/流程缺陷,命中对象、风险等级、证据资料、核查建议,P0,magazine_435_articles,D:\openclaw-workspace\knowledge\11-杂志文献\财政监督\10.下级政府财政运行综合绩效评价的问题及优化思路.md
MAGAGR-0018-R01,audit_rule,generated_rule,MAGAGR-0018,53,D,农业农村审计 / 金融审计 / 财政与政府债务,中国式现代化进程中省以下财政体制改革探讨,中国式现代化进程中省以下财政体制改革探讨R01规则,按案例主题识别同类事项中的风险特征并生成疑点。,文章案例文本；审计事项清单；问题线索台账；审计证据资料；预算指标表；财政支出明细,风险词命中/数据缺失/证据不一致/指标偏离/流程缺陷,命中对象、风险等级、证据资料、核查建议,P1,magazine_435_articles,D:\openclaw-workspace\knowledge\11-杂志文献\财政监督\1.中国式现代化进程中省以下财政体制改革探讨.md
MAGAGR-0018-R02,audit_rule,generated_rule,MAGAGR-0018,53,D,农业农村审计 / 金融审计 / 财政与政府债务,中国式现代化进程中省以下财政体制改革探讨,中国式现代化进程中省以下财政体制改革探讨R02规则,核查案例涉及的数据、证据和整改链条是否完整一致。,文章案例文本；审计事项清单；问题线索台账；审计证据资料；预算指标表；财政支出明细,风险词命中/数据缺失/证据不一致/指标偏离/流程缺陷,命中对象、风险等级、证据资料、核查建议,P1,magazine_435_articles,D:\openclaw-workspace\knowledge\11-杂志文献\财政监督\1.中国式现代化进程中省以下财政体制改革探讨.md
MAGAGR-0023-R01,audit_rule,generated_rule,MAGAGR-0023,53,D,农业农村审计 / 金融审计 / 财政与政府债务,乡村振兴背景下加强财政涉农资金绩效管理的探究,乡村振兴背景下加强财政涉农资金绩效管理的探究R01规则,按案例主题识别同类事项中的风险特征并生成疑点。,文章案例文本；审计事项清单；问题线索台账；审计证据资料；预算指标表；财政支出明细,风险词命中/数据缺失/证据不一致/指标偏离/流程缺陷,命中对象、风险等级、证据资料、核查建议,P1,magazine_435_articles,D:\openclaw-workspace\knowledge\11-杂志文献\财政监督\11.乡村振兴背景下加强财政涉农资金绩效管理的探究.md
MAGAGR-0023-R02,audit_rule,generated_rule,MAGAGR-0023,53,D,农业农村审计 / 金融审计 / 财政与政府债务,乡村振兴背景下加强财政涉农资金绩效管理的探究,乡村振兴背景下加强财政涉农资金绩效管理的探究R02规则,核查案例涉及的数据、证据和整改链条是否完整一致。,文章案例文本；审计事项清单；问题线索台账；审计证据资料；预算指标表；财政支出明细,风险词命中/数据缺失/证据不一致/指标偏离/流程缺陷,命中对象、风险等级、证据资料、核查建议,P1,magazine_435_articles,D:\openclaw-workspace\knowledge\11-杂志文献\财政监督\11.乡村振兴背景下加强财政涉农资金绩效管理的探究.md
MAGAGR-0024-R01,audit_rule,generated_rule,MAGAGR-0024,53,D,农业农村审计 / 金融审计 / 财政与政府债务,乡镇财政资金监管问题及策略探究,乡镇财政资金监管问题及策略探究R01规则,按案例主题识别同类事项中的风险特征并生成疑点。,文章案例文本；审计事项清单；问题线索台账；审计证据资料；预算指标表；财政支出明细,风险词命中/数据缺失/证据不一致/指标偏离/流程缺陷,命中对象、风险等级、证据资料、核查建议,P1,magazine_435_articles,D:\openclaw-workspace\knowledge\11-杂志文献\财政监督\13.乡镇财政资金监管问题及策略探究.md
MAGAGR-0024-R02,audit_rule,generated_rule,MAGAGR-0024,53,D,农业农村审计 / 金融审计 / 财政与政府债务,乡镇财政资金监管问题及策略探究,乡镇财政资金监管问题及策略探究R02规则,核查案例涉及的数据、证据和整改链条是否完整一致。,文章案例文本；审计事项清单；问题线索台账；审计证据资料；预算指标表；财政支出明细,风险词命中/数据缺失/证据不一致/指标偏离/流程缺陷,命中对象、风险等级、证据资料、核查建议,P1,magazine_435_articles,D:\openclaw-workspace\knowledge\11-杂志文献\财政监督\13.乡镇财政资金监管问题及策略探究.md
MAGAGR-0026-R01,audit_rule,generated_rule,MAGAGR-0026,63,C,农业农村审计 / 金融审计 / 财政与政府债务,以跟踪评价模式探索提升财会监督工作质效,以跟踪评价模式探索提升财会监督工作质效R01规则,按案例主题识别同类事项中的风险特征并生成疑点。,文章案例文本；审计事项清单；问题线索台账；审计证据资料；预算指标表；财政支出明细,风险词命中/数据缺失/证据不一致/指标偏离/流程缺陷,命中对象、风险等级、证据资料、核查建议,P0,magazine_435_articles,D:\openclaw-workspace\knowledge\11-杂志文献\财政监督\14.以跟踪评价模式探索提升财会监督工作质效.md
MAGAGR-0026-R02,audit_rule,generated_rule,MAGAGR-0026,63,C,农业农村审计 / 金融审计 / 财政与政府债务,以跟踪评价模式探索提升财会监督工作质效,以跟踪评价模式探索提升财会监督工作质效R02规则,核查案例涉及的数据、证据和整改链条是否完整一致。,文章案例文本；审计事项清单；问题线索台账；审计证据资料；预算指标表；财政支出明细,风险词命中/数据缺失/证据不一致/指标偏离/流程缺陷,命中对象、风险等级、证据资料、核查建议,P0,magazine_435_articles,D:\openclaw-workspace\knowledge\11-杂志文献\财政监督\14.以跟踪评价模式探索提升财会监督工作质效.md
MAGAGR-0025-R01,audit_rule,generated_rule,MAGAGR-0025,63,C,农业农村审计 / 金融审计 / 财政与政府债务,健全我国财政资金直达监管机制的思考,健全我国财政资金直达监管机制的思考R01规则,按案例主题识别同类事项中的风险特征并生成疑点。,文章案例文本；审计事项清单；问题线索台账；审计证据资料；预算指标表；财政支出明细,风险词命中/数据缺失/证据不一致/指标偏离/流程缺陷,命中对象、风险等级、证据资料、核查建议,P0,magazine_435_articles,D:\openclaw-workspace\knowledge\11-杂志文献\财政监督\13.健全我国财政资金直达监管机制的思考.md
MAGAGR-0025-R02,audit_rule,generated_rule,MAGAGR-0025,63,C,农业农村审计 / 金融审计 / 财政与政府债务,健全我国财政资金直达监管机制的思考,健全我国财政资金直达监管机制的思考R02规则,核查案例涉及的数据、证据和整改链条是否完整一致。,文章案例文本；审计事项清单；问题线索台账；审计证据资料；预算指标表；财政支出明细,风险词命中/数据缺失/证据不一致/指标偏离/流程缺陷,命中对象、风险等级、证据资料、核查建议,P0,magazine_435_articles,D:\openclaw-workspace\knowledge\11-杂志文献\财政监督\13.健全我国财政资金直达监管机制的思考.md
MAGAGR-0050-R01,audit_rule,generated_rule,MAGAGR-0050,63,C,农业农村审计 / 金融审计 / 财政与政府债务,全面乡村振兴战略促进了农村基本公共服务均等化吗,全面乡村振兴战略促进了农村基本公共服务均等化吗R01规则,按案例主题识别同类事项中的风险特征并生成疑点。,文章案例文本；审计事项清单；问题线索台账；审计证据资料；预算指标表；财政支出明细,风险词命中/数据缺失/证据不一致/指标偏离/流程缺陷,命中对象、风险等级、证据资料、核查建议,P0,magazine_435_articles,D:\openclaw-workspace\knowledge\11-杂志文献\财政监督\8.全面乡村振兴战略促进了农村基本公共服务均等化吗.md
MAGAGR-0050-R02,audit_rule,generated_rule,MAGAGR-0050,63,C,农业农村审计 / 金融审计 / 财政与政府债务,全面乡村振兴战略促进了农村基本公共服务均等化吗,全面乡村振兴战略促进了农村基本公共服务均等化吗R02规则,核查案例涉及的数据、证据和整改链条是否完整一致。,文章案例文本；审计事项清单；问题线索台账；审计证据资料；预算指标表；财政支出明细,风险词命中/数据缺失/证据不一致/指标偏离/流程缺陷,命中对象、风险等级、证据资料、核查建议,P0,magazine_435_articles,D:\openclaw-workspace\knowledge\11-杂志文献\财政监督\8.全面乡村振兴战略促进了农村基本公共服务均等化吗.md
MAGAGR-0038-R01,audit_rule,generated_rule,MAGAGR-0038,63,C,农业农村审计 / 金融审计 / 财政与政府债务,共同富裕目标下财会监督的重要使命探讨,共同富裕目标下财会监督的重要使命探讨R01规则,按案例主题识别同类事项中的风险特征并生成疑点。,文章案例文本；审计事项清单；问题线索台账；审计证据资料；预算指标表；财政支出明细,风险词命中/数据缺失/证据不一致/指标偏离/流程缺陷,命中对象、风险等级、证据资料、核查建议,P0,magazine_435_articles,D:\openclaw-workspace\knowledge\11-杂志文献\财政监督\4.共同富裕目标下财会监督的重要使命探讨.md
MAGAGR-0038-R02,audit_rule,generated_rule,MAGAGR-0038,63,C,农业农村审计 / 金融审计 / 财政与政府债务,共同富裕目标下财会监督的重要使命探讨,共同富裕目标下财会监督的重要使命探讨R02规则,核查案例涉及的数据、证据和整改链条是否完整一致。,文章案例文本；审计事项清单；问题线索台账；审计证据资料；预算指标表；财政支出明细,风险词命中/数据缺失/证据不一致/指标偏离/流程缺陷,命中对象、风险等级、证据资料、核查建议,P0,magazine_435_articles,D:\openclaw-workspace\knowledge\11-杂志文献\财政监督\4.共同富裕目标下财会监督的重要使命探讨.md
MAGAGR-0030-R01,audit_rule,generated_rule,MAGAGR-0030,63,C,农业农村审计 / 金融审计 / 财政与政府债务,农业保险中的利益需求风险及对策探析,农业保险中的利益需求风险及对策探析R01规则,按案例主题识别同类事项中的风险特征并生成疑点。,文章案例文本；审计事项清单；问题线索台账；审计证据资料；预算指标表；财政支出明细,风险词命中/数据缺失/证据不一致/指标偏离/流程缺陷,命中对象、风险等级、证据资料、核查建议,P0,magazine_435_articles,D:\openclaw-workspace\knowledge\11-杂志文献\财政监督\16.农业保险中的利益需求风险及对策探析.md
MAGAGR-0030-R02,audit_rule,generated_rule,MAGAGR-0030,63,C,农业农村审计 / 金融审计 / 财政与政府债务,农业保险中的利益需求风险及对策探析,农业保险中的利益需求风险及对策探析R02规则,核查案例涉及的数据、证据和整改链条是否完整一致。,文章案例文本；审计事项清单；问题线索台账；审计证据资料；预算指标表；财政支出明细,风险词命中/数据缺失/证据不一致/指标偏离/流程缺陷,命中对象、风险等级、证据资料、核查建议,P0,magazine_435_articles,D:\openclaw-workspace\knowledge\11-杂志文献\财政监督\16.农业保险中的利益需求风险及对策探析.md
MAGAGR-0035-R01,audit_rule,generated_rule,MAGAGR-0035,63,C,农业农村审计 / 金融审计 / 财政与政府债务,农业科研单位生物育种项目资金管理问题研究,农业科研单位生物育种项目资金管理问题研究R01规则,按案例主题识别同类事项中的风险特征并生成疑点。,文章案例文本；审计事项清单；问题线索台账；审计证据资料；预算指标表；财政支出明细,风险词命中/数据缺失/证据不一致/指标偏离/流程缺陷,命中对象、风险等级、证据资料、核查建议,P0,magazine_435_articles,D:\openclaw-workspace\knowledge\11-杂志文献\财政监督\20.农业科研单位生物育种项目资金管理问题研究.md
MAGAGR-0035-R02,audit_rule,generated_rule,MAGAGR-0035,63,C,农业农村审计 / 金融审计 / 财政与政府债务,农业科研单位生物育种项目资金管理问题研究,农业科研单位生物育种项目资金管理问题研究R02规则,核查案例涉及的数据、证据和整改链条是否完整一致。,文章案例文本；审计事项清单；问题线索台账；审计证据资料；预算指标表；财政支出明细,风险词命中/数据缺失/证据不一致/指标偏离/流程缺陷,命中对象、风险等级、证据资料、核查建议,P0,magazine_435_articles,D:\openclaw-workspace\knowledge\11-杂志文献\财政监督\20.农业科研单位生物育种项目资金管理问题研究.md
MAGAGR-0034-R01,audit_rule,generated_rule,MAGAGR-0034,53,D,农业农村审计 / 金融审计 / 财政与政府债务,农业领域财政支出项目绩效评价思路探析,农业领域财政支出项目绩效评价思路探析R01规则,按案例主题识别同类事项中的风险特征并生成疑点。,文章案例文本；审计事项清单；问题线索台账；审计证据资料；预算指标表；财政支出明细,风险词命中/数据缺失/证据不一致/指标偏离/流程缺陷,命中对象、风险等级、证据资料、核查建议,P1,magazine_435_articles,D:\openclaw-workspace\knowledge\11-杂志文献\财政监督\2.农业领域财政支出项目绩效评价思路探析.md
MAGAGR-0034-R02,audit_rule,generated_rule,MAGAGR-0034,53,D,农业农村审计 / 金融审计 / 财政与政府债务,农业领域财政支出项目绩效评价思路探析,农业领域财政支出项目绩效评价思路探析R02规则,核查案例涉及的数据、证据和整改链条是否完整一致。,文章案例文本；审计事项清单；问题线索台账；审计证据资料；预算指标表；财政支出明细,风险词命中/数据缺失/证据不一致/指标偏离/流程缺陷,命中对象、风险等级、证据资料、核查建议,P1,magazine_435_articles,D:\openclaw-workspace\knowledge\11-杂志文献\财政监督\2.农业领域财政支出项目绩效评价思路探析.md
MAGAGR-0031-R01,audit_rule,generated_rule,MAGAGR-0031,63,C,农业农村审计 / 金融审计 / 财政与政府债务,农田建设补助资金管理探讨,农田建设补助资金管理探讨R01规则,按案例主题识别同类事项中的风险特征并生成疑点。,文章案例文本；审计事项清单；问题线索台账；审计证据资料；预算指标表；财政支出明细,风险词命中/数据缺失/证据不一致/指标偏离/流程缺陷,命中对象、风险等级、证据资料、核查建议,P0,magazine_435_articles,D:\openclaw-workspace\knowledge\11-杂志文献\财政监督\16.农田建设补助资金管理探讨.md
MAGAGR-0031-R02,audit_rule,generated_rule,MAGAGR-0031,63,C,农业农村审计 / 金融审计 / 财政与政府债务,农田建设补助资金管理探讨,农田建设补助资金管理探讨R02规则,核查案例涉及的数据、证据和整改链条是否完整一致。,文章案例文本；审计事项清单；问题线索台账；审计证据资料；预算指标表；财政支出明细,风险词命中/数据缺失/证据不一致/指标偏离/流程缺陷,命中对象、风险等级、证据资料、核查建议,P0,magazine_435_articles,D:\openclaw-workspace\knowledge\11-杂志文献\财政监督\16.农田建设补助资金管理探讨.md
MAGAGR-0043-R01,audit_rule,generated_rule,MAGAGR-0043,63,C,农业农村审计 / 金融审计 / 财政与政府债务,加力提效统筹合力助推中国式现代化开局起步,加力提效统筹合力助推中国式现代化开局起步R01规则,按案例主题识别同类事项中的风险特征并生成疑点。,文章案例文本；审计事项清单；问题线索台账；审计证据资料；预算指标表；财政支出明细,风险词命中/数据缺失/证据不一致/指标偏离/流程缺陷,命中对象、风险等级、证据资料、核查建议,P0,magazine_435_articles,D:\openclaw-workspace\knowledge\11-杂志文献\财政监督\5.加力提效统筹合力助推中国式现代化开局起步.md
MAGAGR-0043-R02,audit_rule,generated_rule,MAGAGR-0043,63,C,农业农村审计 / 金融审计 / 财政与政府债务,加力提效统筹合力助推中国式现代化开局起步,加力提效统筹合力助推中国式现代化开局起步R02规则,核查案例涉及的数据、证据和整改链条是否完整一致。,文章案例文本；审计事项清单；问题线索台账；审计证据资料；预算指标表；财政支出明细,风险词命中/数据缺失/证据不一致/指标偏离/流程缺陷,命中对象、风险等级、证据资料、核查建议,P0,magazine_435_articles,D:\openclaw-workspace\knowledge\11-杂志文献\财政监督\5.加力提效统筹合力助推中国式现代化开局起步.md
MAGAGR-0007-R01,audit_rule,generated_rule,MAGAGR-0007,63,C,农业农村审计 / 金融审计 / 财政与政府债务,勇担审计职责使命奋力推进浙江“两个先行”,勇担审计职责使命奋力推进浙江“两个先行”R01规则,按案例主题识别同类事项中的风险特征并生成疑点。,文章案例文本；审计事项清单；问题线索台账；审计证据资料；预算指标表；财政支出明细,风险词命中/数据缺失/证据不一致/指标偏离/流程缺陷,命中对象、风险等级、证据资料、核查建议,P0,magazine_435_articles,D:\openclaw-workspace\knowledge\11-杂志文献\审计观察\13.勇担审计职责使命奋力推进浙江“两个先行”.md
MAGAGR-0007-R02,audit_rule,generated_rule,MAGAGR-0007,63,C,农业农村审计 / 金融审计 / 财政与政府债务,勇担审计职责使命奋力推进浙江“两个先行”,勇担审计职责使命奋力推进浙江“两个先行”R02规则,核查案例涉及的数据、证据和整改链条是否完整一致。,文章案例文本；审计事项清单；问题线索台账；审计证据资料；预算指标表；财政支出明细,风险词命中/数据缺失/证据不一致/指标偏离/流程缺陷,命中对象、风险等级、证据资料、核查建议,P0,magazine_435_articles,D:\openclaw-workspace\knowledge\11-杂志文献\审计观察\13.勇担审计职责使命奋力推进浙江“两个先行”.md
MAGAGR-0051-R01,audit_rule,generated_rule,MAGAGR-0051,53,D,农业农村审计 / 金融审计 / 财政与政府债务,县(市、区)级财政运行综合绩效评价的实践探讨,县(市、区)级财政运行综合绩效评价的实践探讨R01规则,按案例主题识别同类事项中的风险特征并生成疑点。,文章案例文本；审计事项清单；问题线索台账；审计证据资料；预算指标表；财政支出明细,风险词命中/数据缺失/证据不一致/指标偏离/流程缺陷,命中对象、风险等级、证据资料、核查建议,P1,magazine_435_articles,D:\openclaw-workspace\knowledge\11-杂志文献\财政监督\9.县(市、区)级财政运行综合绩效评价的实践探讨.md
MAGAGR-0051-R02,audit_rule,generated_rule,MAGAGR-0051,53,D,农业农村审计 / 金融审计 / 财政与政府债务,县(市、区)级财政运行综合绩效评价的实践探讨,县(市、区)级财政运行综合绩效评价的实践探讨R02规则,核查案例涉及的数据、证据和整改链条是否完整一致。,文章案例文本；审计事项清单；问题线索台账；审计证据资料；预算指标表；财政支出明细,风险词命中/数据缺失/证据不一致/指标偏离/流程缺陷,命中对象、风险等级、证据资料、核查建议,P1,magazine_435_articles,D:\openclaw-workspace\knowledge\11-杂志文献\财政监督\9.县(市、区)级财政运行综合绩效评价的实践探讨.md
MAGAGR-0027-R01,audit_rule,generated_rule,MAGAGR-0027,63,C,农业农村审计 / 金融审计 / 财政与政府债务,县级财政支持乡村振兴面临的困难及建议,县级财政支持乡村振兴面临的困难及建议R01规则,按案例主题识别同类事项中的风险特征并生成疑点。,文章案例文本；审计事项清单；问题线索台账；审计证据资料；预算指标表；财政支出明细,风险词命中/数据缺失/证据不一致/指标偏离/流程缺陷,命中对象、风险等级、证据资料、核查建议,P0,magazine_435_articles,D:\openclaw-workspace\knowledge\11-杂志文献\财政监督\15.县级财政支持乡村振兴面临的困难及建议.md
MAGAGR-0027-R02,audit_rule,generated_rule,MAGAGR-0027,63,C,农业农村审计 / 金融审计 / 财政与政府债务,县级财政支持乡村振兴面临的困难及建议,县级财政支持乡村振兴面临的困难及建议R02规则,核查案例涉及的数据、证据和整改链条是否完整一致。,文章案例文本；审计事项清单；问题线索台账；审计证据资料；预算指标表；财政支出明细,风险词命中/数据缺失/证据不一致/指标偏离/流程缺陷,命中对象、风险等级、证据资料、核查建议,P0,magazine_435_articles,D:\openclaw-workspace\knowledge\11-杂志文献\财政监督\15.县级财政支持乡村振兴面临的困难及建议.md
MAGAGR-0052-R01,audit_rule,generated_rule,MAGAGR-0052,63,C,农业农村审计 / 金融审计 / 财政与政府债务,县级预算绩效管理创新性实践的探索与思考,县级预算绩效管理创新性实践的探索与思考R01规则,按案例主题识别同类事项中的风险特征并生成疑点。,文章案例文本；审计事项清单；问题线索台账；审计证据资料；预算指标表；财政支出明细,风险词命中/数据缺失/证据不一致/指标偏离/流程缺陷,命中对象、风险等级、证据资料、核查建议,P0,magazine_435_articles,D:\openclaw-workspace\knowledge\11-杂志文献\财政监督\9.县级预算绩效管理创新性实践的探索与思考.md
MAGAGR-0052-R02,audit_rule,generated_rule,MAGAGR-0052,63,C,农业农村审计 / 金融审计 / 财政与政府债务,县级预算绩效管理创新性实践的探索与思考,县级预算绩效管理创新性实践的探索与思考R02规则,核查案例涉及的数据、证据和整改链条是否完整一致。,文章案例文本；审计事项清单；问题线索台账；审计证据资料；预算指标表；财政支出明细,风险词命中/数据缺失/证据不一致/指标偏离/流程缺陷,命中对象、风险等级、证据资料、核查建议,P0,magazine_435_articles,D:\openclaw-workspace\knowledge\11-杂志文献\财政监督\9.县级预算绩效管理创新性实践的探索与思考.md
MAGAGR-0047-R01,audit_rule,generated_rule,MAGAGR-0047,53,D,农业农村审计 / 金融审计 / 财政与政府债务,商鞅变法的国家治理意义与儒法合流的公共经济内涵（上）,商鞅变法的国家治理意义与儒法合流的公共经济内涵（上）R01规则,按案例主题识别同类事项中的风险特征并生成疑点。,文章案例文本；审计事项清单；问题线索台账；审计证据资料；预算指标表；财政支出明细,风险词命中/数据缺失/证据不一致/指标偏离/流程缺陷,命中对象、风险等级、证据资料、核查建议,P1,magazine_435_articles,D:\openclaw-workspace\knowledge\11-杂志文献\财政监督\6.商鞅变法的国家治理意义与儒法合流的公共经济内涵（上）.md
MAGAGR-0047-R02,audit_rule,generated_rule,MAGAGR-0047,53,D,农业农村审计 / 金融审计 / 财政与政府债务,商鞅变法的国家治理意义与儒法合流的公共经济内涵（上）,商鞅变法的国家治理意义与儒法合流的公共经济内涵（上）R02规则,核查案例涉及的数据、证据和整改链条是否完整一致。,文章案例文本；审计事项清单；问题线索台账；审计证据资料；预算指标表；财政支出明细,风险词命中/数据缺失/证据不一致/指标偏离/流程缺陷,命中对象、风险等级、证据资料、核查建议,P1,magazine_435_articles,D:\openclaw-workspace\knowledge\11-杂志文献\财政监督\6.商鞅变法的国家治理意义与儒法合流的公共经济内涵（上）.md
MAGAGR-0001-R01,audit_rule,generated_rule,MAGAGR-0001,53,D,农业农村审计 / 金融审计 / 财政与政府债务,四川省财政厅四川省人力资源和社会保障厅关于印发《四川省会计高级职称申报评,四川省财政厅四川省人力资源和社会保障厅关于印发《四川省会计高级职称申报评R01规则,按案例主题识别同类事项中的风险特征并生成疑点。,文章案例文本；审计事项清单；问题线索台账；审计证据资料；预算指标表；财政支出明细,风险词命中/数据缺失/证据不一致/指标偏离/流程缺陷,命中对象、风险等级、证据资料、核查建议,P1,magazine_435_articles,D:\openclaw-workspace\knowledge\11-杂志文献\四川注册会计师\002.四川省财政厅四川省人力资源和社会保障厅关于印发《四川省会计高级职称申报评审基本条件》的通知.md
MAGAGR-0001-R02,audit_rule,generated_rule,MAGAGR-0001,53,D,农业农村审计 / 金融审计 / 财政与政府债务,四川省财政厅四川省人力资源和社会保障厅关于印发《四川省会计高级职称申报评,四川省财政厅四川省人力资源和社会保障厅关于印发《四川省会计高级职称申报评R02规则,核查案例涉及的数据、证据和整改链条是否完整一致。,文章案例文本；审计事项清单；问题线索台账；审计证据资料；预算指标表；财政支出明细,风险词命中/数据缺失/证据不一致/指标偏离/流程缺陷,命中对象、风险等级、证据资料、核查建议,P1,magazine_435_articles,D:\openclaw-workspace\knowledge\11-杂志文献\四川注册会计师\002.四川省财政厅四川省人力资源和社会保障厅关于印发《四川省会计高级职称申报评审基本条件》的通知.md
MAGAGR-0002-R01,audit_rule,generated_rule,MAGAGR-0002,53,D,农业农村审计 / 金融审计 / 财政与政府债务,四川省财政国务院关于深入实施“人工智能+”行动的意见,四川省财政国务院关于深入实施“人工智能+”行动的意见R01规则,按案例主题识别同类事项中的风险特征并生成疑点。,文章案例文本；审计事项清单；问题线索台账；审计证据资料；预算指标表；财政支出明细,风险词命中/数据缺失/证据不一致/指标偏离/流程缺陷,命中对象、风险等级、证据资料、核查建议,P1,magazine_435_articles,D:\openclaw-workspace\knowledge\11-杂志文献\四川注册会计师\003.四川省财政国务院关于深入实施“人工智能+”行动的意见.md
MAGAGR-0002-R02,audit_rule,generated_rule,MAGAGR-0002,53,D,农业农村审计 / 金融审计 / 财政与政府债务,四川省财政国务院关于深入实施“人工智能+”行动的意见,四川省财政国务院关于深入实施“人工智能+”行动的意见R02规则,核查案例涉及的数据、证据和整改链条是否完整一致。,文章案例文本；审计事项清单；问题线索台账；审计证据资料；预算指标表；财政支出明细,风险词命中/数据缺失/证据不一致/指标偏离/流程缺陷,命中对象、风险等级、证据资料、核查建议,P1,magazine_435_articles,D:\openclaw-workspace\knowledge\11-杂志文献\四川注册会计师\003.四川省财政国务院关于深入实施“人工智能+”行动的意见.md
MAGAGR-0044-R01,audit_rule,generated_rule,MAGAGR-0044,63,C,农业农村审计 / 金融审计 / 财政与政府债务,回顾与展望：新时代财税改革助推中国式现代化,回顾与展望：新时代财税改革助推中国式现代化R01规则,按案例主题识别同类事项中的风险特征并生成疑点。,文章案例文本；审计事项清单；问题线索台账；审计证据资料；预算指标表；财政支出明细,风险词命中/数据缺失/证据不一致/指标偏离/流程缺陷,命中对象、风险等级、证据资料、核查建议,P0,magazine_435_articles,D:\openclaw-workspace\knowledge\11-杂志文献\财政监督\5.回顾与展望：新时代财税改革助推中国式现代化.md
MAGAGR-0044-R02,audit_rule,generated_rule,MAGAGR-0044,63,C,农业农村审计 / 金融审计 / 财政与政府债务,回顾与展望：新时代财税改革助推中国式现代化,回顾与展望：新时代财税改革助推中国式现代化R02规则,核查案例涉及的数据、证据和整改链条是否完整一致。,文章案例文本；审计事项清单；问题线索台账；审计证据资料；预算指标表；财政支出明细,风险词命中/数据缺失/证据不一致/指标偏离/流程缺陷,命中对象、风险等级、证据资料、核查建议,P0,magazine_435_articles,D:\openclaw-workspace\knowledge\11-杂志文献\财政监督\5.回顾与展望：新时代财税改革助推中国式现代化.md
MAGAGR-0006-R01,audit_rule,generated_rule,MAGAGR-0006,53,D,农业农村审计 / 金融审计 / 财政与政府债务,在深化改革开放中激发高质量发展动力活力,在深化改革开放中激发高质量发展动力活力R01规则,按案例主题识别同类事项中的风险特征并生成疑点。,文章案例文本；审计事项清单；问题线索台账；审计证据资料；预算指标表；财政支出明细,风险词命中/数据缺失/证据不一致/指标偏离/流程缺陷,命中对象、风险等级、证据资料、核查建议,P1,magazine_435_articles,D:\openclaw-workspace\knowledge\11-杂志文献\四川注册会计师\014.在深化改革开放中激发高质量发展动力活力.md
MAGAGR-0006-R02,audit_rule,generated_rule,MAGAGR-0006,53,D,农业农村审计 / 金融审计 / 财政与政府债务,在深化改革开放中激发高质量发展动力活力,在深化改革开放中激发高质量发展动力活力R02规则,核查案例涉及的数据、证据和整改链条是否完整一致。,文章案例文本；审计事项清单；问题线索台账；审计证据资料；预算指标表；财政支出明细,风险词命中/数据缺失/证据不一致/指标偏离/流程缺陷,命中对象、风险等级、证据资料、核查建议,P1,magazine_435_articles,D:\openclaw-workspace\knowledge\11-杂志文献\四川注册会计师\014.在深化改革开放中激发高质量发展动力活力.md
MAGAGR-0039-R01,audit_rule,generated_rule,MAGAGR-0039,53,D,农业农村审计 / 金融审计 / 财政与政府债务,完善省以下转移支付制度的思考,完善省以下转移支付制度的思考R01规则,按案例主题识别同类事项中的风险特征并生成疑点。,文章案例文本；审计事项清单；问题线索台账；审计证据资料；预算指标表；财政支出明细,风险词命中/数据缺失/证据不一致/指标偏离/流程缺陷,命中对象、风险等级、证据资料、核查建议,P1,magazine_435_articles,D:\openclaw-workspace\knowledge\11-杂志文献\财政监督\4.关于完善省以下转移支付制度的思考.md
MAGAGR-0039-R02,audit_rule,generated_rule,MAGAGR-0039,53,D,农业农村审计 / 金融审计 / 财政与政府债务,完善省以下转移支付制度的思考,完善省以下转移支付制度的思考R02规则,核查案例涉及的数据、证据和整改链条是否完整一致。,文章案例文本；审计事项清单；问题线索台账；审计证据资料；预算指标表；财政支出明细,风险词命中/数据缺失/证据不一致/指标偏离/流程缺陷,命中对象、风险等级、证据资料、核查建议,P1,magazine_435_articles,D:\openclaw-workspace\knowledge\11-杂志文献\财政监督\4.关于完善省以下转移支付制度的思考.md
MAGAGR-0003-R01,audit_rule,generated_rule,MAGAGR-0003,53,D,农业农村审计 / 金融审计 / 财政与政府债务,实施中小微企业贷款贴息政策的通知,实施中小微企业贷款贴息政策的通知R01规则,按案例主题识别同类事项中的风险特征并生成疑点。,文章案例文本；审计事项清单；问题线索台账；审计证据资料；预算指标表；财政支出明细,风险词命中/数据缺失/证据不一致/指标偏离/流程缺陷,命中对象、风险等级、证据资料、核查建议,P1,magazine_435_articles,D:\openclaw-workspace\knowledge\11-杂志文献\四川注册会计师\005.关于实施中小微企业贷款贴息政策的通知.md
MAGAGR-0003-R02,audit_rule,generated_rule,MAGAGR-0003,53,D,农业农村审计 / 金融审计 / 财政与政府债务,实施中小微企业贷款贴息政策的通知,实施中小微企业贷款贴息政策的通知R02规则,核查案例涉及的数据、证据和整改链条是否完整一致。,文章案例文本；审计事项清单；问题线索台账；审计证据资料；预算指标表；财政支出明细,风险词命中/数据缺失/证据不一致/指标偏离/流程缺陷,命中对象、风险等级、证据资料、核查建议,P1,magazine_435_articles,D:\openclaw-workspace\knowledge\11-杂志文献\四川注册会计师\005.关于实施中小微企业贷款贴息政策的通知.md
MAGAGR-0048-R01,audit_rule,generated_rule,MAGAGR-0048,63,C,农业农村审计 / 金融审计 / 财政与政府债务,我国地方政府债务现状、原因分析与因应对策,我国地方政府债务现状、原因分析与因应对策R01规则,按案例主题识别同类事项中的风险特征并生成疑点。,文章案例文本；审计事项清单；问题线索台账；审计证据资料；预算指标表；财政支出明细,风险词命中/数据缺失/证据不一致/指标偏离/流程缺陷,命中对象、风险等级、证据资料、核查建议,P0,magazine_435_articles,D:\openclaw-workspace\knowledge\11-杂志文献\财政监督\7.我国地方政府债务现状、原因分析与因应对策.md
MAGAGR-0048-R02,audit_rule,generated_rule,MAGAGR-0048,63,C,农业农村审计 / 金融审计 / 财政与政府债务,我国地方政府债务现状、原因分析与因应对策,我国地方政府债务现状、原因分析与因应对策R02规则,核查案例涉及的数据、证据和整改链条是否完整一致。,文章案例文本；审计事项清单；问题线索台账；审计证据资料；预算指标表；财政支出明细,风险词命中/数据缺失/证据不一致/指标偏离/流程缺陷,命中对象、风险等级、证据资料、核查建议,P0,magazine_435_articles,D:\openclaw-workspace\knowledge\11-杂志文献\财政监督\7.我国地方政府债务现状、原因分析与因应对策.md
MAGAGR-0049-R01,audit_rule,generated_rule,MAGAGR-0049,63,C,农业农村审计 / 金融审计 / 财政与政府债务,持续纠治形式主义让财政资金花出最大效益,持续纠治形式主义让财政资金花出最大效益R01规则,按案例主题识别同类事项中的风险特征并生成疑点。,文章案例文本；审计事项清单；问题线索台账；审计证据资料；预算指标表；财政支出明细,风险词命中/数据缺失/证据不一致/指标偏离/流程缺陷,命中对象、风险等级、证据资料、核查建议,P0,magazine_435_articles,D:\openclaw-workspace\knowledge\11-杂志文献\财政监督\7.持续纠治形式主义让财政资金花出最大效益.md
MAGAGR-0049-R02,audit_rule,generated_rule,MAGAGR-0049,63,C,农业农村审计 / 金融审计 / 财政与政府债务,持续纠治形式主义让财政资金花出最大效益,持续纠治形式主义让财政资金花出最大效益R02规则,核查案例涉及的数据、证据和整改链条是否完整一致。,文章案例文本；审计事项清单；问题线索台账；审计证据资料；预算指标表；财政支出明细,风险词命中/数据缺失/证据不一致/指标偏离/流程缺陷,命中对象、风险等级、证据资料、核查建议,P0,magazine_435_articles,D:\openclaw-workspace\knowledge\11-杂志文献\财政监督\7.持续纠治形式主义让财政资金花出最大效益.md
MAGAGR-0040-R01,audit_rule,generated_rule,MAGAGR-0040,63,C,农业农村审计 / 金融审计 / 财政与政府债务,接续奋进有力保障全面推进中国式现代化,接续奋进有力保障全面推进中国式现代化R01规则,按案例主题识别同类事项中的风险特征并生成疑点。,文章案例文本；审计事项清单；问题线索台账；审计证据资料；预算指标表；财政支出明细,风险词命中/数据缺失/证据不一致/指标偏离/流程缺陷,命中对象、风险等级、证据资料、核查建议,P0,magazine_435_articles,D:\openclaw-workspace\knowledge\11-杂志文献\财政监督\4.接续奋进有力保障全面推进中国式现代化.md
MAGAGR-0040-R02,audit_rule,generated_rule,MAGAGR-0040,63,C,农业农村审计 / 金融审计 / 财政与政府债务,接续奋进有力保障全面推进中国式现代化,接续奋进有力保障全面推进中国式现代化R02规则,核查案例涉及的数据、证据和整改链条是否完整一致。,文章案例文本；审计事项清单；问题线索台账；审计证据资料；预算指标表；财政支出明细,风险词命中/数据缺失/证据不一致/指标偏离/流程缺陷,命中对象、风险等级、证据资料、核查建议,P0,magazine_435_articles,D:\openclaw-workspace\knowledge\11-杂志文献\财政监督\4.接续奋进有力保障全面推进中国式现代化.md
MAGAGR-0041-R01,audit_rule,generated_rule,MAGAGR-0041,63,C,农业农村审计 / 金融审计 / 财政与政府债务,新历史起点上积极的财政政策,新历史起点上积极的财政政策R01规则,按案例主题识别同类事项中的风险特征并生成疑点。,文章案例文本；审计事项清单；问题线索台账；审计证据资料；预算指标表；财政支出明细,风险词命中/数据缺失/证据不一致/指标偏离/流程缺陷,命中对象、风险等级、证据资料、核查建议,P0,magazine_435_articles,D:\openclaw-workspace\knowledge\11-杂志文献\财政监督\4.新历史起点上积极的财政政策.md
MAGAGR-0041-R02,audit_rule,generated_rule,MAGAGR-0041,63,C,农业农村审计 / 金融审计 / 财政与政府债务,新历史起点上积极的财政政策,新历史起点上积极的财政政策R02规则,核查案例涉及的数据、证据和整改链条是否完整一致。,文章案例文本；审计事项清单；问题线索台账；审计证据资料；预算指标表；财政支出明细,风险词命中/数据缺失/证据不一致/指标偏离/流程缺陷,命中对象、风险等级、证据资料、核查建议,P0,magazine_435_articles,D:\openclaw-workspace\knowledge\11-杂志文献\财政监督\4.新历史起点上积极的财政政策.md
MAGAGR-0032-R01,audit_rule,generated_rule,MAGAGR-0032,63,C,农业农村审计 / 金融审计 / 财政与政府债务,更足的“监督分量”更多的“民生含量”,更足的“监督分量”更多的“民生含量”R01规则,按案例主题识别同类事项中的风险特征并生成疑点。,文章案例文本；审计事项清单；问题线索台账；审计证据资料；预算指标表；财政支出明细,风险词命中/数据缺失/证据不一致/指标偏离/流程缺陷,命中对象、风险等级、证据资料、核查建议,P0,magazine_435_articles,D:\openclaw-workspace\knowledge\11-杂志文献\财政监督\16.更足的“监督分量”更多的“民生含量”.md
MAGAGR-0032-R02,audit_rule,generated_rule,MAGAGR-0032,63,C,农业农村审计 / 金融审计 / 财政与政府债务,更足的“监督分量”更多的“民生含量”,更足的“监督分量”更多的“民生含量”R02规则,核查案例涉及的数据、证据和整改链条是否完整一致。,文章案例文本；审计事项清单；问题线索台账；审计证据资料；预算指标表；财政支出明细,风险词命中/数据缺失/证据不一致/指标偏离/流程缺陷,命中对象、风险等级、证据资料、核查建议,P0,magazine_435_articles,D:\openclaw-workspace\knowledge\11-杂志文献\财政监督\16.更足的“监督分量”更多的“民生含量”.md
MAGAGR-0028-R01,audit_rule,generated_rule,MAGAGR-0028,63,C,农业农村审计 / 金融审计 / 财政与政府债务,流转税税收优惠政策的激励效果,流转税税收优惠政策的激励效果R01规则,按案例主题识别同类事项中的风险特征并生成疑点。,文章案例文本；审计事项清单；问题线索台账；审计证据资料；预算指标表；财政支出明细,风险词命中/数据缺失/证据不一致/指标偏离/流程缺陷,命中对象、风险等级、证据资料、核查建议,P0,magazine_435_articles,D:\openclaw-workspace\knowledge\11-杂志文献\财政监督\15.流转税税收优惠政策的激励效果.md
MAGAGR-0028-R02,audit_rule,generated_rule,MAGAGR-0028,63,C,农业农村审计 / 金融审计 / 财政与政府债务,流转税税收优惠政策的激励效果,流转税税收优惠政策的激励效果R02规则,核查案例涉及的数据、证据和整改链条是否完整一致。,文章案例文本；审计事项清单；问题线索台账；审计证据资料；预算指标表；财政支出明细,风险词命中/数据缺失/证据不一致/指标偏离/流程缺陷,命中对象、风险等级、证据资料、核查建议,P0,magazine_435_articles,D:\openclaw-workspace\knowledge\11-杂志文献\财政监督\15.流转税税收优惠政策的激励效果.md
MAGAGR-0004-R01,audit_rule,generated_rule,MAGAGR-0004,63,C,农业农村审计 / 金融审计 / 财政与政府债务,浅析地方财税金融发展存在的问题及建议——以Y市为例,浅析地方财税金融发展存在的问题及建议——以Y市为例R01规则,按案例主题识别同类事项中的风险特征并生成疑点。,文章案例文本；审计事项清单；问题线索台账；审计证据资料；预算指标表；财政支出明细,风险词命中/数据缺失/证据不一致/指标偏离/流程缺陷,命中对象、风险等级、证据资料、核查建议,P0,magazine_435_articles,D:\openclaw-workspace\knowledge\11-杂志文献\四川注册会计师\008.浅析地方财税金融发展存在的问题及建议 ——以Y市为例.md
MAGAGR-0004-R02,audit_rule,generated_rule,MAGAGR-0004,63,C,农业农村审计 / 金融审计 / 财政与政府债务,浅析地方财税金融发展存在的问题及建议——以Y市为例,浅析地方财税金融发展存在的问题及建议——以Y市为例R02规则,核查案例涉及的数据、证据和整改链条是否完整一致。,文章案例文本；审计事项清单；问题线索台账；审计证据资料；预算指标表；财政支出明细,风险词命中/数据缺失/证据不一致/指标偏离/流程缺陷,命中对象、风险等级、证据资料、核查建议,P0,magazine_435_articles,D:\openclaw-workspace\knowledge\11-杂志文献\四川注册会计师\008.浅析地方财税金融发展存在的问题及建议 ——以Y市为例.md
MAGAGR-0036-R01,audit_rule,generated_rule,MAGAGR-0036,53,D,农业农村审计 / 金融审计 / 财政与政府债务,涉农整合类项目绩效重点评价的难点及解决思路,涉农整合类项目绩效重点评价的难点及解决思路R01规则,按案例主题识别同类事项中的风险特征并生成疑点。,文章案例文本；审计事项清单；问题线索台账；审计证据资料；预算指标表；财政支出明细,风险词命中/数据缺失/证据不一致/指标偏离/流程缺陷,命中对象、风险等级、证据资料、核查建议,P1,magazine_435_articles,D:\openclaw-workspace\knowledge\11-杂志文献\财政监督\3.涉农整合类项目绩效重点评价的难点及解决思路.md
MAGAGR-0036-R02,audit_rule,generated_rule,MAGAGR-0036,53,D,农业农村审计 / 金融审计 / 财政与政府债务,涉农整合类项目绩效重点评价的难点及解决思路,涉农整合类项目绩效重点评价的难点及解决思路R02规则,核查案例涉及的数据、证据和整改链条是否完整一致。,文章案例文本；审计事项清单；问题线索台账；审计证据资料；预算指标表；财政支出明细,风险词命中/数据缺失/证据不一致/指标偏离/流程缺陷,命中对象、风险等级、证据资料、核查建议,P1,magazine_435_articles,D:\openclaw-workspace\knowledge\11-杂志文献\财政监督\3.涉农整合类项目绩效重点评价的难点及解决思路.md
MAGAGR-0008-R01,audit_rule,generated_rule,MAGAGR-0008,53,D,农业农村审计 / 金融审计 / 财政与政府债务,深入研究“双碳”审计服务国家发展战略,深入研究“双碳”审计服务国家发展战略R01规则,按案例主题识别同类事项中的风险特征并生成疑点。,文章案例文本；审计事项清单；问题线索台账；审计证据资料；预算指标表；财政支出明细,风险词命中/数据缺失/证据不一致/指标偏离/流程缺陷,命中对象、风险等级、证据资料、核查建议,P1,magazine_435_articles,D:\openclaw-workspace\knowledge\11-杂志文献\审计观察\3.深入研究“双碳”审计服务国家发展战略.md
MAGAGR-0008-R02,audit_rule,generated_rule,MAGAGR-0008,53,D,农业农村审计 / 金融审计 / 财政与政府债务,深入研究“双碳”审计服务国家发展战略,深入研究“双碳”审计服务国家发展战略R02规则,核查案例涉及的数据、证据和整改链条是否完整一致。,文章案例文本；审计事项清单；问题线索台账；审计证据资料；预算指标表；财政支出明细,风险词命中/数据缺失/证据不一致/指标偏离/流程缺陷,命中对象、风险等级、证据资料、核查建议,P1,magazine_435_articles,D:\openclaw-workspace\knowledge\11-杂志文献\审计观察\3.深入研究“双碳”审计服务国家发展战略.md
MAGAGR-0005-R01,audit_rule,generated_rule,MAGAGR-0005,63,C,农业农村审计 / 金融审计 / 财政与政府债务,深化经济责任审计：筑牢权力运行监督与高质量发展的重要防线,深化经济责任审计：筑牢权力运行监督与高质量发展的重要防线R01规则,按案例主题识别同类事项中的风险特征并生成疑点。,文章案例文本；审计事项清单；问题线索台账；审计证据资料；预算指标表；财政支出明细,风险词命中/数据缺失/证据不一致/指标偏离/流程缺陷,命中对象、风险等级、证据资料、核查建议,P0,magazine_435_articles,D:\openclaw-workspace\knowledge\11-杂志文献\四川注册会计师\010.深化经济责任审计：筑牢权力运行监督与高质量发展的重要防线.md
MAGAGR-0005-R02,audit_rule,generated_rule,MAGAGR-0005,63,C,农业农村审计 / 金融审计 / 财政与政府债务,深化经济责任审计：筑牢权力运行监督与高质量发展的重要防线,深化经济责任审计：筑牢权力运行监督与高质量发展的重要防线R02规则,核查案例涉及的数据、证据和整改链条是否完整一致。,文章案例文本；审计事项清单；问题线索台账；审计证据资料；预算指标表；财政支出明细,风险词命中/数据缺失/证据不一致/指标偏离/流程缺陷,命中对象、风险等级、证据资料、核查建议,P0,magazine_435_articles,D:\openclaw-workspace\knowledge\11-杂志文献\四川注册会计师\010.深化经济责任审计：筑牢权力运行监督与高质量发展的重要防线.md
MAGAGR-0033-R01,audit_rule,generated_rule,MAGAGR-0033,53,D,农业农村审计 / 金融审计 / 财政与政府债务,监督动态,监督动态R01规则,按案例主题识别同类事项中的风险特征并生成疑点。,文章案例文本；审计事项清单；问题线索台账；审计证据资料；预算指标表；财政支出明细,风险词命中/数据缺失/证据不一致/指标偏离/流程缺陷,命中对象、风险等级、证据资料、核查建议,P1,magazine_435_articles,D:\openclaw-workspace\knowledge\11-杂志文献\财政监督\16.监督动态.md
MAGAGR-0033-R02,audit_rule,generated_rule,MAGAGR-0033,53,D,农业农村审计 / 金融审计 / 财政与政府债务,监督动态,监督动态R02规则,核查案例涉及的数据、证据和整改链条是否完整一致。,文章案例文本；审计事项清单；问题线索台账；审计证据资料；预算指标表；财政支出明细,风险词命中/数据缺失/证据不一致/指标偏离/流程缺陷,命中对象、风险等级、证据资料、核查建议,P1,magazine_435_articles,D:\openclaw-workspace\knowledge\11-杂志文献\财政监督\16.监督动态.md
MAGAGR-0019-R01,audit_rule,generated_rule,MAGAGR-0019,63,C,农业农村审计 / 金融审计 / 财政与政府债务,砥砺奋进谱写新时代财政改革发展新篇章,砥砺奋进谱写新时代财政改革发展新篇章R01规则,按案例主题识别同类事项中的风险特征并生成疑点。,文章案例文本；审计事项清单；问题线索台账；审计证据资料；预算指标表；财政支出明细,风险词命中/数据缺失/证据不一致/指标偏离/流程缺陷,命中对象、风险等级、证据资料、核查建议,P0,magazine_435_articles,D:\openclaw-workspace\knowledge\11-杂志文献\财政监督\1.砥砺奋进谱写新时代财政改革发展新篇章.md
MAGAGR-0019-R02,audit_rule,generated_rule,MAGAGR-0019,63,C,农业农村审计 / 金融审计 / 财政与政府债务,砥砺奋进谱写新时代财政改革发展新篇章,砥砺奋进谱写新时代财政改革发展新篇章R02规则,核查案例涉及的数据、证据和整改链条是否完整一致。,文章案例文本；审计事项清单；问题线索台账；审计证据资料；预算指标表；财政支出明细,风险词命中/数据缺失/证据不一致/指标偏离/流程缺陷,命中对象、风险等级、证据资料、核查建议,P0,magazine_435_articles,D:\openclaw-workspace\knowledge\11-杂志文献\财政监督\1.砥砺奋进谱写新时代财政改革发展新篇章.md
MAGAGR-0021-R01,audit_rule,generated_rule,MAGAGR-0021,63,C,农业农村审计 / 金融审计 / 财政与政府债务,粮食主产区财政支农项目绩效评价探索,粮食主产区财政支农项目绩效评价探索R01规则,按案例主题识别同类事项中的风险特征并生成疑点。,文章案例文本；审计事项清单；问题线索台账；审计证据资料；预算指标表；财政支出明细,风险词命中/数据缺失/证据不一致/指标偏离/流程缺陷,命中对象、风险等级、证据资料、核查建议,P0,magazine_435_articles,D:\openclaw-workspace\knowledge\11-杂志文献\财政监督\10.粮食主产区财政支农项目绩效评价探索.md
MAGAGR-0021-R02,audit_rule,generated_rule,MAGAGR-0021,63,C,农业农村审计 / 金融审计 / 财政与政府债务,粮食主产区财政支农项目绩效评价探索,粮食主产区财政支农项目绩效评价探索R02规则,核查案例涉及的数据、证据和整改链条是否完整一致。,文章案例文本；审计事项清单；问题线索台账；审计证据资料；预算指标表；财政支出明细,风险词命中/数据缺失/证据不一致/指标偏离/流程缺陷,命中对象、风险等级、证据资料、核查建议,P0,magazine_435_articles,D:\openclaw-workspace\knowledge\11-杂志文献\财政监督\10.粮食主产区财政支农项目绩效评价探索.md
MAGAGR-0022-R01,audit_rule,generated_rule,MAGAGR-0022,63,C,农业农村审计 / 金融审计 / 财政与政府债务,衔接推进乡村振兴补助资金省级评价体系构建路径探索,衔接推进乡村振兴补助资金省级评价体系构建路径探索R01规则,按案例主题识别同类事项中的风险特征并生成疑点。,文章案例文本；审计事项清单；问题线索台账；审计证据资料；预算指标表；财政支出明细,风险词命中/数据缺失/证据不一致/指标偏离/流程缺陷,命中对象、风险等级、证据资料、核查建议,P0,magazine_435_articles,D:\openclaw-workspace\knowledge\11-杂志文献\财政监督\10.衔接推进乡村振兴补助资金省级 评价体系构建路径探索.md
MAGAGR-0022-R02,audit_rule,generated_rule,MAGAGR-0022,63,C,农业农村审计 / 金融审计 / 财政与政府债务,衔接推进乡村振兴补助资金省级评价体系构建路径探索,衔接推进乡村振兴补助资金省级评价体系构建路径探索R02规则,核查案例涉及的数据、证据和整改链条是否完整一致。,文章案例文本；审计事项清单；问题线索台账；审计证据资料；预算指标表；财政支出明细,风险词命中/数据缺失/证据不一致/指标偏离/流程缺陷,命中对象、风险等级、证据资料、核查建议,P0,magazine_435_articles,D:\openclaw-workspace\knowledge\11-杂志文献\财政监督\10.衔接推进乡村振兴补助资金省级 评价体系构建路径探索.md
MAGAGR-0037-R01,audit_rule,generated_rule,MAGAGR-0037,53,D,农业农村审计 / 金融审计 / 财政与政府债务,规范省以下财政管理的困境及建议,规范省以下财政管理的困境及建议R01规则,按案例主题识别同类事项中的风险特征并生成疑点。,文章案例文本；审计事项清单；问题线索台账；审计证据资料；预算指标表；财政支出明细,风险词命中/数据缺失/证据不一致/指标偏离/流程缺陷,命中对象、风险等级、证据资料、核查建议,P1,magazine_435_articles,D:\openclaw-workspace\knowledge\11-杂志文献\财政监督\3.规范省以下财政管理的困境及建议.md
MAGAGR-0037-R02,audit_rule,generated_rule,MAGAGR-0037,53,D,农业农村审计 / 金融审计 / 财政与政府债务,规范省以下财政管理的困境及建议,规范省以下财政管理的困境及建议R02规则,核查案例涉及的数据、证据和整改链条是否完整一致。,文章案例文本；审计事项清单；问题线索台账；审计证据资料；预算指标表；财政支出明细,风险词命中/数据缺失/证据不一致/指标偏离/流程缺陷,命中对象、风险等级、证据资料、核查建议,P1,magazine_435_articles,D:\openclaw-workspace\knowledge\11-杂志文献\财政监督\3.规范省以下财政管理的困境及建议.md
MAGAGR-0029-R01,audit_rule,generated_rule,MAGAGR-0029,53,D,农业农村审计 / 金融审计 / 财政与政府债务,财政部辽宁监管局：前移监管关口提早介入项目以全流程监管精准护航国债资金,财政部辽宁监管局：前移监管关口提早介入项目以全流程监管精准护航国债资金R01规则,按案例主题识别同类事项中的风险特征并生成疑点。,文章案例文本；审计事项清单；问题线索台账；审计证据资料；预算指标表；财政支出明细,风险词命中/数据缺失/证据不一致/指标偏离/流程缺陷,命中对象、风险等级、证据资料、核查建议,P1,magazine_435_articles,D:\openclaw-workspace\knowledge\11-杂志文献\财政监督\15.财政部辽宁监管局：前移监管 关 口 提 早 介 入 项 目 以全流 程监管精准护航国债资金.md
MAGAGR-0029-R02,audit_rule,generated_rule,MAGAGR-0029,53,D,农业农村审计 / 金融审计 / 财政与政府债务,财政部辽宁监管局：前移监管关口提早介入项目以全流程监管精准护航国债资金,财政部辽宁监管局：前移监管关口提早介入项目以全流程监管精准护航国债资金R02规则,核查案例涉及的数据、证据和整改链条是否完整一致。,文章案例文本；审计事项清单；问题线索台账；审计证据资料；预算指标表；财政支出明细,风险词命中/数据缺失/证据不一致/指标偏离/流程缺陷,命中对象、风险等级、证据资料、核查建议,P1,magazine_435_articles,D:\openclaw-workspace\knowledge\11-杂志文献\财政监督\15.财政部辽宁监管局：前移监管 关 口 提 早 介 入 项 目 以全流 程监管精准护航国债资金.md
FINV6D-011-R01,audit_rule,generated_rule,FINV6D-011,59,C,农业农村审计 / 金融审计 / 资源环境审计,政策性农业保险审计探讨,政策性农业保险审计探讨完整性规则,检查政策性农业保险审计探讨相关台账、凭证、审批和支付数据是否完整，缺失率超过阈值则预警。,项目台账；财务收支明细；合同与审批资料；支付凭证；审计发现清单；农户信息,字段缺失/跨表不一致/偏离阈值/重复异常/时序异常/空间不一致,命中对象、风险等级、证据字段、核查建议,P1,ocr_55_books_deep,E:\2026\审计方法&政策文件\_ocr_output\2经济责任审计_6期\政策性农业保险审计探讨.md
FINV6D-011-R02,audit_rule,generated_rule,FINV6D-011,59,C,农业农村审计 / 金融审计 / 资源环境审计,政策性农业保险审计探讨,政策性农业保险审计探讨一致性规则,检查政策性农业保险审计探讨在合同、支付、预算、绩效或业务台账之间是否一致。,项目台账；财务收支明细；合同与审批资料；支付凭证；审计发现清单；农户信息,字段缺失/跨表不一致/偏离阈值/重复异常/时序异常/空间不一致,命中对象、风险等级、证据字段、核查建议,P1,ocr_55_books_deep,E:\2026\审计方法&政策文件\_ocr_output\2经济责任审计_6期\政策性农业保险审计探讨.md
FINV6D-011-R03,audit_rule,generated_rule,FINV6D-011,59,C,农业农村审计 / 金融审计 / 资源环境审计,政策性农业保险审计探讨,政策性农业保险审计探讨异常性规则,按历史均值、同类项目分位数或政策标准识别政策性农业保险审计探讨异常偏离。,项目台账；财务收支明细；合同与审批资料；支付凭证；审计发现清单；农户信息,字段缺失/跨表不一致/偏离阈值/重复异常/时序异常/空间不一致,命中对象、风险等级、证据字段、核查建议,P1,ocr_55_books_deep,E:\2026\审计方法&政策文件\_ocr_output\2经济责任审计_6期\政策性农业保险审计探讨.md
ENVV6D-021-R01,audit_rule,generated_rule,ENVV6D-021,59,C,农业农村审计 / 金融审计 / 资源环境审计,运用多技术融合模型核查违规投保骗取农业保险保费补,运用多技术融合模型核查违规投保骗取农业保险保费补完整性规则,检查运用多技术融合模型核查违规投保骗取农业保险保费补相关台账、凭证、审批和支付数据是否完整，缺失率超过阈值则预警。,项目台账；财务收支明细；合同与审批资料；支付凭证；审计发现清单；农户信息,字段缺失/跨表不一致/偏离阈值/重复异常/时序异常/空间不一致,命中对象、风险等级、证据字段、核查建议,P1,ocr_55_books_deep,E:\2026\审计方法&政策文件\_ocr_output\1中国审计_7期\运用多技术融合模型核查违规投保骗取农业保险保费补贴问题——以Z市城乡融合发展政策落实情况专项审计为例.md
ENVV6D-021-R02,audit_rule,generated_rule,ENVV6D-021,59,C,农业农村审计 / 金融审计 / 资源环境审计,运用多技术融合模型核查违规投保骗取农业保险保费补,运用多技术融合模型核查违规投保骗取农业保险保费补一致性规则,检查运用多技术融合模型核查违规投保骗取农业保险保费补在合同、支付、预算、绩效或业务台账之间是否一致。,项目台账；财务收支明细；合同与审批资料；支付凭证；审计发现清单；农户信息,字段缺失/跨表不一致/偏离阈值/重复异常/时序异常/空间不一致,命中对象、风险等级、证据字段、核查建议,P1,ocr_55_books_deep,E:\2026\审计方法&政策文件\_ocr_output\1中国审计_7期\运用多技术融合模型核查违规投保骗取农业保险保费补贴问题——以Z市城乡融合发展政策落实情况专项审计为例.md
ENVV6D-021-R03,audit_rule,generated_rule,ENVV6D-021,59,C,农业农村审计 / 金融审计 / 资源环境审计,运用多技术融合模型核查违规投保骗取农业保险保费补,运用多技术融合模型核查违规投保骗取农业保险保费补异常性规则,按历史均值、同类项目分位数或政策标准识别运用多技术融合模型核查违规投保骗取农业保险保费补异常偏离。,项目台账；财务收支明细；合同与审批资料；支付凭证；审计发现清单；农户信息,字段缺失/跨表不一致/偏离阈值/重复异常/时序异常/空间不一致,命中对象、风险等级、证据字段、核查建议,P1,ocr_55_books_deep,E:\2026\审计方法&政策文件\_ocr_output\1中国审计_7期\运用多技术融合模型核查违规投保骗取农业保险保费补贴问题——以Z市城乡融合发展政策落实情况专项审计为例.md
ENGV6D-010-R01,audit_rule,generated_rule,ENGV6D-010,59,C,工程与投资审计 / 招投标与政府采购 / 财政与政府债务,6商务管理上的风险,6商务管理上的风险完整性规则,检查6商务管理上的风险相关台账、凭证、审批和支付数据是否完整，缺失率超过阈值则预警。,项目台账；财务收支明细；合同与审批资料；支付凭证；审计发现清单；绩效指标表,字段缺失/跨表不一致/偏离阈值/重复异常/时序异常/空间不一致,命中对象、风险等级、证据字段、核查建议,P1,ocr_55_books_deep,E:\2026\审计方法&政策文件\_ocr_output\工程\工程项目利润创造与造价风险控制.pdf.md
ENGV6D-010-R02,audit_rule,generated_rule,ENGV6D-010,59,C,工程与投资审计 / 招投标与政府采购 / 财政与政府债务,6商务管理上的风险,6商务管理上的风险一致性规则,检查6商务管理上的风险在合同、支付、预算、绩效或业务台账之间是否一致。,项目台账；财务收支明细；合同与审批资料；支付凭证；审计发现清单；绩效指标表,字段缺失/跨表不一致/偏离阈值/重复异常/时序异常/空间不一致,命中对象、风险等级、证据字段、核查建议,P1,ocr_55_books_deep,E:\2026\审计方法&政策文件\_ocr_output\工程\工程项目利润创造与造价风险控制.pdf.md
ENGV6D-010-R03,audit_rule,generated_rule,ENGV6D-010,59,C,工程与投资审计 / 招投标与政府采购 / 财政与政府债务,6商务管理上的风险,6商务管理上的风险异常性规则,按历史均值、同类项目分位数或政策标准识别6商务管理上的风险异常偏离。,项目台账；财务收支明细；合同与审批资料；支付凭证；审计发现清单；绩效指标表,字段缺失/跨表不一致/偏离阈值/重复异常/时序异常/空间不一致,命中对象、风险等级、证据字段、核查建议,P1,ocr_55_books_deep,E:\2026\审计方法&政策文件\_ocr_output\工程\工程项目利润创造与造价风险控制.pdf.md
ENGV6D-002-R01,audit_rule,generated_rule,ENGV6D-002,59,C,工程与投资审计 / 招投标与政府采购 / 财政与政府债务,EPC政策合规,EPC政策合规完整性规则,检查EPC政策合规相关台账、凭证、审批和支付数据是否完整，缺失率超过阈值则预警。,项目台账；财务收支明细；合同与审批资料；支付凭证；审计发现清单；工程量清单,字段缺失/跨表不一致/偏离阈值/重复异常/时序异常/空间不一致,命中对象、风险等级、证据字段、核查建议,P1,ocr_55_books_deep,E:\2026\审计方法&政策文件\_ocr_output\工程\工程总承包政策精要.pdf.md
ENGV6D-002-R02,audit_rule,generated_rule,ENGV6D-002,59,C,工程与投资审计 / 招投标与政府采购 / 财政与政府债务,EPC政策合规,EPC政策合规一致性规则,检查EPC政策合规在合同、支付、预算、绩效或业务台账之间是否一致。,项目台账；财务收支明细；合同与审批资料；支付凭证；审计发现清单；工程量清单,字段缺失/跨表不一致/偏离阈值/重复异常/时序异常/空间不一致,命中对象、风险等级、证据字段、核查建议,P1,ocr_55_books_deep,E:\2026\审计方法&政策文件\_ocr_output\工程\工程总承包政策精要.pdf.md
ENGV6D-002-R03,audit_rule,generated_rule,ENGV6D-002,59,C,工程与投资审计 / 招投标与政府采购 / 财政与政府债务,EPC政策合规,EPC政策合规异常性规则,按历史均值、同类项目分位数或政策标准识别EPC政策合规异常偏离。,项目台账；财务收支明细；合同与审批资料；支付凭证；审计发现清单；工程量清单,字段缺失/跨表不一致/偏离阈值/重复异常/时序异常/空间不一致,命中对象、风险等级、证据字段、核查建议,P1,ocr_55_books_deep,E:\2026\审计方法&政策文件\_ocr_output\工程\工程总承包政策精要.pdf.md
ENGV6D-011-R01,audit_rule,generated_rule,ENGV6D-011,59,C,工程与投资审计 / 招投标与政府采购 / 财政与政府债务,EPC政策合规,EPC政策合规完整性规则,检查EPC政策合规相关台账、凭证、审批和支付数据是否完整，缺失率超过阈值则预警。,项目台账；财务收支明细；合同与审批资料；支付凭证；审计发现清单；绩效指标表,字段缺失/跨表不一致/偏离阈值/重复异常/时序异常/空间不一致,命中对象、风险等级、证据字段、核查建议,P1,ocr_55_books_deep,E:\2026\审计方法&政策文件\_ocr_output\工程\工程项目利润创造与造价风险控制.pdf.md
ENGV6D-011-R02,audit_rule,generated_rule,ENGV6D-011,59,C,工程与投资审计 / 招投标与政府采购 / 财政与政府债务,EPC政策合规,EPC政策合规一致性规则,检查EPC政策合规在合同、支付、预算、绩效或业务台账之间是否一致。,项目台账；财务收支明细；合同与审批资料；支付凭证；审计发现清单；绩效指标表,字段缺失/跨表不一致/偏离阈值/重复异常/时序异常/空间不一致,命中对象、风险等级、证据字段、核查建议,P1,ocr_55_books_deep,E:\2026\审计方法&政策文件\_ocr_output\工程\工程项目利润创造与造价风险控制.pdf.md
ENGV6D-011-R03,audit_rule,generated_rule,ENGV6D-011,59,C,工程与投资审计 / 招投标与政府采购 / 财政与政府债务,EPC政策合规,EPC政策合规异常性规则,按历史均值、同类项目分位数或政策标准识别EPC政策合规异常偏离。,项目台账；财务收支明细；合同与审批资料；支付凭证；审计发现清单；绩效指标表,字段缺失/跨表不一致/偏离阈值/重复异常/时序异常/空间不一致,命中对象、风险等级、证据字段、核查建议,P1,ocr_55_books_deep,E:\2026\审计方法&政策文件\_ocr_output\工程\工程项目利润创造与造价风险控制.pdf.md
MAGENG-0004-R01,audit_rule,generated_rule,MAGENG-0004,53,D,工程与投资审计 / 招投标与政府采购 / 财政与政府债务,“双碳”目标下烟酒型审计的探索与实践,“双碳”目标下烟酒型审计的探索与实践R01规则,按案例主题识别同类事项中的风险特征并生成疑点。,文章案例文本；审计事项清单；问题线索台账；审计证据资料；预算指标表；财政支出明细,风险词命中/数据缺失/证据不一致/指标偏离/流程缺陷,命中对象、风险等级、证据资料、核查建议,P1,magazine_435_articles,D:\openclaw-workspace\knowledge\11-杂志文献\审计观察\6.“双碳”目标下烟酒型审计的探索与实践.md
MAGENG-0004-R02,audit_rule,generated_rule,MAGENG-0004,53,D,工程与投资审计 / 招投标与政府采购 / 财政与政府债务,“双碳”目标下烟酒型审计的探索与实践,“双碳”目标下烟酒型审计的探索与实践R02规则,核查案例涉及的数据、证据和整改链条是否完整一致。,文章案例文本；审计事项清单；问题线索台账；审计证据资料；预算指标表；财政支出明细,风险词命中/数据缺失/证据不一致/指标偏离/流程缺陷,命中对象、风险等级、证据资料、核查建议,P1,magazine_435_articles,D:\openclaw-workspace\knowledge\11-杂志文献\审计观察\6.“双碳”目标下烟酒型审计的探索与实践.md
ENGV6D-007-R01,audit_rule,generated_rule,ENGV6D-007,59,C,工程与投资审计 / 招投标与政府采购 / 财政与政府债务,分包采购联动,分包采购联动完整性规则,检查分包采购联动相关台账、凭证、审批和支付数据是否完整，缺失率超过阈值则预警。,项目台账；财务收支明细；合同与审批资料；支付凭证；审计发现清单；工程量清单,字段缺失/跨表不一致/偏离阈值/重复异常/时序异常/空间不一致,命中对象、风险等级、证据字段、核查建议,P1,ocr_55_books_deep,E:\2026\审计方法&政策文件\_ocr_output\工程\工程总承包政策精要.pdf.md
ENGV6D-007-R02,audit_rule,generated_rule,ENGV6D-007,59,C,工程与投资审计 / 招投标与政府采购 / 财政与政府债务,分包采购联动,分包采购联动一致性规则,检查分包采购联动在合同、支付、预算、绩效或业务台账之间是否一致。,项目台账；财务收支明细；合同与审批资料；支付凭证；审计发现清单；工程量清单,字段缺失/跨表不一致/偏离阈值/重复异常/时序异常/空间不一致,命中对象、风险等级、证据字段、核查建议,P1,ocr_55_books_deep,E:\2026\审计方法&政策文件\_ocr_output\工程\工程总承包政策精要.pdf.md
ENGV6D-007-R03,audit_rule,generated_rule,ENGV6D-007,59,C,工程与投资审计 / 招投标与政府采购 / 财政与政府债务,分包采购联动,分包采购联动异常性规则,按历史均值、同类项目分位数或政策标准识别分包采购联动异常偏离。,项目台账；财务收支明细；合同与审批资料；支付凭证；审计发现清单；工程量清单,字段缺失/跨表不一致/偏离阈值/重复异常/时序异常/空间不一致,命中对象、风险等级、证据字段、核查建议,P1,ocr_55_books_deep,E:\2026\审计方法&政策文件\_ocr_output\工程\工程总承包政策精要.pdf.md
ENGV6D-016-R01,audit_rule,generated_rule,ENGV6D-016,59,C,工程与投资审计 / 招投标与政府采购 / 财政与政府债务,分包采购联动,分包采购联动完整性规则,检查分包采购联动相关台账、凭证、审批和支付数据是否完整，缺失率超过阈值则预警。,项目台账；财务收支明细；合同与审批资料；支付凭证；审计发现清单；绩效指标表,字段缺失/跨表不一致/偏离阈值/重复异常/时序异常/空间不一致,命中对象、风险等级、证据字段、核查建议,P1,ocr_55_books_deep,E:\2026\审计方法&政策文件\_ocr_output\工程\工程项目利润创造与造价风险控制.pdf.md
ENGV6D-016-R02,audit_rule,generated_rule,ENGV6D-016,59,C,工程与投资审计 / 招投标与政府采购 / 财政与政府债务,分包采购联动,分包采购联动一致性规则,检查分包采购联动在合同、支付、预算、绩效或业务台账之间是否一致。,项目台账；财务收支明细；合同与审批资料；支付凭证；审计发现清单；绩效指标表,字段缺失/跨表不一致/偏离阈值/重复异常/时序异常/空间不一致,命中对象、风险等级、证据字段、核查建议,P1,ocr_55_books_deep,E:\2026\审计方法&政策文件\_ocr_output\工程\工程项目利润创造与造价风险控制.pdf.md
ENGV6D-016-R03,audit_rule,generated_rule,ENGV6D-016,59,C,工程与投资审计 / 招投标与政府采购 / 财政与政府债务,分包采购联动,分包采购联动异常性规则,按历史均值、同类项目分位数或政策标准识别分包采购联动异常偏离。,项目台账；财务收支明细；合同与审批资料；支付凭证；审计发现清单；绩效指标表,字段缺失/跨表不一致/偏离阈值/重复异常/时序异常/空间不一致,命中对象、风险等级、证据字段、核查建议,P1,ocr_55_books_deep,E:\2026\审计方法&政策文件\_ocr_output\工程\工程项目利润创造与造价风险控制.pdf.md
MAGENG-0001-R01,audit_rule,generated_rule,MAGENG-0001,53,D,工程与投资审计 / 招投标与政府采购 / 财政与政府债务,制度升级筑牢防线监督制衡守护公益,制度升级筑牢防线监督制衡守护公益R01规则,按案例主题识别同类事项中的风险特征并生成疑点。,文章案例文本；审计事项清单；问题线索台账；审计证据资料；预算指标表；财政支出明细,风险词命中/数据缺失/证据不一致/指标偏离/流程缺陷,命中对象、风险等级、证据资料、核查建议,P1,magazine_435_articles,D:\openclaw-workspace\knowledge\11-杂志文献\四川注册会计师\007.制度升级筑牢防线监督制衡守护公益.md
MAGENG-0001-R02,audit_rule,generated_rule,MAGENG-0001,53,D,工程与投资审计 / 招投标与政府采购 / 财政与政府债务,制度升级筑牢防线监督制衡守护公益,制度升级筑牢防线监督制衡守护公益R02规则,核查案例涉及的数据、证据和整改链条是否完整一致。,文章案例文本；审计事项清单；问题线索台账；审计证据资料；预算指标表；财政支出明细,风险词命中/数据缺失/证据不一致/指标偏离/流程缺陷,命中对象、风险等级、证据资料、核查建议,P1,magazine_435_articles,D:\openclaw-workspace\knowledge\11-杂志文献\四川注册会计师\007.制度升级筑牢防线监督制衡守护公益.md
MAGENG-0002-R01,audit_rule,generated_rule,MAGENG-0002,63,C,工程与投资审计 / 招投标与政府采购 / 财政与政府债务,对某一时段履行履约义务确认收入审计风险与应对,对某一时段履行履约义务确认收入审计风险与应对R01规则,按案例主题识别同类事项中的风险特征并生成疑点。,文章案例文本；审计事项清单；问题线索台账；审计证据资料；预算指标表；财政支出明细,风险词命中/数据缺失/证据不一致/指标偏离/流程缺陷,命中对象、风险等级、证据资料、核查建议,P0,magazine_435_articles,D:\openclaw-workspace\knowledge\11-杂志文献\四川注册会计师\009.对某一时段履行履约义务确认收入审计风险与应对.md
MAGENG-0002-R02,audit_rule,generated_rule,MAGENG-0002,63,C,工程与投资审计 / 招投标与政府采购 / 财政与政府债务,对某一时段履行履约义务确认收入审计风险与应对,对某一时段履行履约义务确认收入审计风险与应对R02规则,核查案例涉及的数据、证据和整改链条是否完整一致。,文章案例文本；审计事项清单；问题线索台账；审计证据资料；预算指标表；财政支出明细,风险词命中/数据缺失/证据不一致/指标偏离/流程缺陷,命中对象、风险等级、证据资料、核查建议,P0,magazine_435_articles,D:\openclaw-workspace\knowledge\11-杂志文献\四川注册会计师\009.对某一时段履行履约义务确认收入审计风险与应对.md
ENGV6D-003-R01,audit_rule,generated_rule,ENGV6D-003,59,C,工程与投资审计 / 招投标与政府采购 / 财政与政府债务,工程造价异常,工程造价异常完整性规则,检查工程造价异常相关台账、凭证、审批和支付数据是否完整，缺失率超过阈值则预警。,项目台账；财务收支明细；合同与审批资料；支付凭证；审计发现清单；工程量清单,字段缺失/跨表不一致/偏离阈值/重复异常/时序异常/空间不一致,命中对象、风险等级、证据字段、核查建议,P1,ocr_55_books_deep,E:\2026\审计方法&政策文件\_ocr_output\工程\工程总承包政策精要.pdf.md
ENGV6D-003-R02,audit_rule,generated_rule,ENGV6D-003,59,C,工程与投资审计 / 招投标与政府采购 / 财政与政府债务,工程造价异常,工程造价异常一致性规则,检查工程造价异常在合同、支付、预算、绩效或业务台账之间是否一致。,项目台账；财务收支明细；合同与审批资料；支付凭证；审计发现清单；工程量清单,字段缺失/跨表不一致/偏离阈值/重复异常/时序异常/空间不一致,命中对象、风险等级、证据字段、核查建议,P1,ocr_55_books_deep,E:\2026\审计方法&政策文件\_ocr_output\工程\工程总承包政策精要.pdf.md
ENGV6D-003-R03,audit_rule,generated_rule,ENGV6D-003,59,C,工程与投资审计 / 招投标与政府采购 / 财政与政府债务,工程造价异常,工程造价异常异常性规则,按历史均值、同类项目分位数或政策标准识别工程造价异常异常偏离。,项目台账；财务收支明细；合同与审批资料；支付凭证；审计发现清单；工程量清单,字段缺失/跨表不一致/偏离阈值/重复异常/时序异常/空间不一致,命中对象、风险等级、证据字段、核查建议,P1,ocr_55_books_deep,E:\2026\审计方法&政策文件\_ocr_output\工程\工程总承包政策精要.pdf.md
ENGV6D-012-R01,audit_rule,generated_rule,ENGV6D-012,59,C,工程与投资审计 / 招投标与政府采购 / 财政与政府债务,工程造价异常,工程造价异常完整性规则,检查工程造价异常相关台账、凭证、审批和支付数据是否完整，缺失率超过阈值则预警。,项目台账；财务收支明细；合同与审批资料；支付凭证；审计发现清单；绩效指标表,字段缺失/跨表不一致/偏离阈值/重复异常/时序异常/空间不一致,命中对象、风险等级、证据字段、核查建议,P1,ocr_55_books_deep,E:\2026\审计方法&政策文件\_ocr_output\工程\工程项目利润创造与造价风险控制.pdf.md
ENGV6D-012-R02,audit_rule,generated_rule,ENGV6D-012,59,C,工程与投资审计 / 招投标与政府采购 / 财政与政府债务,工程造价异常,工程造价异常一致性规则,检查工程造价异常在合同、支付、预算、绩效或业务台账之间是否一致。,项目台账；财务收支明细；合同与审批资料；支付凭证；审计发现清单；绩效指标表,字段缺失/跨表不一致/偏离阈值/重复异常/时序异常/空间不一致,命中对象、风险等级、证据字段、核查建议,P1,ocr_55_books_deep,E:\2026\审计方法&政策文件\_ocr_output\工程\工程项目利润创造与造价风险控制.pdf.md
ENGV6D-012-R03,audit_rule,generated_rule,ENGV6D-012,59,C,工程与投资审计 / 招投标与政府采购 / 财政与政府债务,工程造价异常,工程造价异常异常性规则,按历史均值、同类项目分位数或政策标准识别工程造价异常异常偏离。,项目台账；财务收支明细；合同与审批资料；支付凭证；审计发现清单；绩效指标表,字段缺失/跨表不一致/偏离阈值/重复异常/时序异常/空间不一致,命中对象、风险等级、证据字段、核查建议,P1,ocr_55_books_deep,E:\2026\审计方法&政策文件\_ocr_output\工程\工程项目利润创造与造价风险控制.pdf.md
ENGV6D-004-R01,audit_rule,generated_rule,ENGV6D-004,59,C,工程与投资审计 / 招投标与政府采购 / 财政与政府债务,工程量真实性,工程量真实性完整性规则,检查工程量真实性相关台账、凭证、审批和支付数据是否完整，缺失率超过阈值则预警。,项目台账；财务收支明细；合同与审批资料；支付凭证；审计发现清单；工程量清单,字段缺失/跨表不一致/偏离阈值/重复异常/时序异常/空间不一致,命中对象、风险等级、证据字段、核查建议,P1,ocr_55_books_deep,E:\2026\审计方法&政策文件\_ocr_output\工程\工程总承包政策精要.pdf.md
ENGV6D-004-R02,audit_rule,generated_rule,ENGV6D-004,59,C,工程与投资审计 / 招投标与政府采购 / 财政与政府债务,工程量真实性,工程量真实性一致性规则,检查工程量真实性在合同、支付、预算、绩效或业务台账之间是否一致。,项目台账；财务收支明细；合同与审批资料；支付凭证；审计发现清单；工程量清单,字段缺失/跨表不一致/偏离阈值/重复异常/时序异常/空间不一致,命中对象、风险等级、证据字段、核查建议,P1,ocr_55_books_deep,E:\2026\审计方法&政策文件\_ocr_output\工程\工程总承包政策精要.pdf.md
ENGV6D-004-R03,audit_rule,generated_rule,ENGV6D-004,59,C,工程与投资审计 / 招投标与政府采购 / 财政与政府债务,工程量真实性,工程量真实性异常性规则,按历史均值、同类项目分位数或政策标准识别工程量真实性异常偏离。,项目台账；财务收支明细；合同与审批资料；支付凭证；审计发现清单；工程量清单,字段缺失/跨表不一致/偏离阈值/重复异常/时序异常/空间不一致,命中对象、风险等级、证据字段、核查建议,P1,ocr_55_books_deep,E:\2026\审计方法&政策文件\_ocr_output\工程\工程总承包政策精要.pdf.md
ENGV6D-013-R01,audit_rule,generated_rule,ENGV6D-013,59,C,工程与投资审计 / 招投标与政府采购 / 财政与政府债务,工程量真实性,工程量真实性完整性规则,检查工程量真实性相关台账、凭证、审批和支付数据是否完整，缺失率超过阈值则预警。,项目台账；财务收支明细；合同与审批资料；支付凭证；审计发现清单；绩效指标表,字段缺失/跨表不一致/偏离阈值/重复异常/时序异常/空间不一致,命中对象、风险等级、证据字段、核查建议,P1,ocr_55_books_deep,E:\2026\审计方法&政策文件\_ocr_output\工程\工程项目利润创造与造价风险控制.pdf.md
ENGV6D-013-R02,audit_rule,generated_rule,ENGV6D-013,59,C,工程与投资审计 / 招投标与政府采购 / 财政与政府债务,工程量真实性,工程量真实性一致性规则,检查工程量真实性在合同、支付、预算、绩效或业务台账之间是否一致。,项目台账；财务收支明细；合同与审批资料；支付凭证；审计发现清单；绩效指标表,字段缺失/跨表不一致/偏离阈值/重复异常/时序异常/空间不一致,命中对象、风险等级、证据字段、核查建议,P1,ocr_55_books_deep,E:\2026\审计方法&政策文件\_ocr_output\工程\工程项目利润创造与造价风险控制.pdf.md
ENGV6D-013-R03,audit_rule,generated_rule,ENGV6D-013,59,C,工程与投资审计 / 招投标与政府采购 / 财政与政府债务,工程量真实性,工程量真实性异常性规则,按历史均值、同类项目分位数或政策标准识别工程量真实性异常偏离。,项目台账；财务收支明细；合同与审批资料；支付凭证；审计发现清单；绩效指标表,字段缺失/跨表不一致/偏离阈值/重复异常/时序异常/空间不一致,命中对象、风险等级、证据字段、核查建议,P1,ocr_55_books_deep,E:\2026\审计方法&政策文件\_ocr_output\工程\工程项目利润创造与造价风险控制.pdf.md
MAGENG-0003-R01,audit_rule,generated_rule,MAGENG-0003,53,D,工程与投资审计 / 招投标与政府采购 / 财政与政府债务,我国碳审计的发展现状及技术路径分析,我国碳审计的发展现状及技术路径分析R01规则,按案例主题识别同类事项中的风险特征并生成疑点。,文章案例文本；审计事项清单；问题线索台账；审计证据资料；预算指标表；财政支出明细,风险词命中/数据缺失/证据不一致/指标偏离/流程缺陷,命中对象、风险等级、证据资料、核查建议,P1,magazine_435_articles,D:\openclaw-workspace\knowledge\11-杂志文献\审计观察\4.我国碳审计的发展现状及 技术路径分析.md
MAGENG-0003-R02,audit_rule,generated_rule,MAGENG-0003,53,D,工程与投资审计 / 招投标与政府采购 / 财政与政府债务,我国碳审计的发展现状及技术路径分析,我国碳审计的发展现状及技术路径分析R02规则,核查案例涉及的数据、证据和整改链条是否完整一致。,文章案例文本；审计事项清单；问题线索台账；审计证据资料；预算指标表；财政支出明细,风险词命中/数据缺失/证据不一致/指标偏离/流程缺陷,命中对象、风险等级、证据资料、核查建议,P1,magazine_435_articles,D:\openclaw-workspace\knowledge\11-杂志文献\审计观察\4.我国碳审计的发展现状及 技术路径分析.md
ENGV6D-001-R01,audit_rule,generated_rule,ENGV6D-001,69,C,工程与投资审计 / 招投标与政府采购 / 财政与政府债务,推行工程总承包和工程项目管理的重要性和必要性,推行工程总承包和工程项目管理的重要性和必要性完整性规则,检查推行工程总承包和工程项目管理的重要性和必要性相关台账、凭证、审批和支付数据是否完整，缺失率超过阈值则预警。,项目台账；财务收支明细；合同与审批资料；支付凭证；审计发现清单；工程量清单,字段缺失/跨表不一致/偏离阈值/重复异常/时序异常/空间不一致,命中对象、风险等级、证据字段、核查建议,P0,ocr_55_books_deep,E:\2026\审计方法&政策文件\_ocr_output\工程\工程总承包政策精要.pdf.md
ENGV6D-001-R02,audit_rule,generated_rule,ENGV6D-001,69,C,工程与投资审计 / 招投标与政府采购 / 财政与政府债务,推行工程总承包和工程项目管理的重要性和必要性,推行工程总承包和工程项目管理的重要性和必要性一致性规则,检查推行工程总承包和工程项目管理的重要性和必要性在合同、支付、预算、绩效或业务台账之间是否一致。,项目台账；财务收支明细；合同与审批资料；支付凭证；审计发现清单；工程量清单,字段缺失/跨表不一致/偏离阈值/重复异常/时序异常/空间不一致,命中对象、风险等级、证据字段、核查建议,P0,ocr_55_books_deep,E:\2026\审计方法&政策文件\_ocr_output\工程\工程总承包政策精要.pdf.md
ENGV6D-001-R03,audit_rule,generated_rule,ENGV6D-001,69,C,工程与投资审计 / 招投标与政府采购 / 财政与政府债务,推行工程总承包和工程项目管理的重要性和必要性,推行工程总承包和工程项目管理的重要性和必要性异常性规则,按历史均值、同类项目分位数或政策标准识别推行工程总承包和工程项目管理的重要性和必要性异常偏离。,项目台账；财务收支明细；合同与审批资料；支付凭证；审计发现清单；工程量清单,字段缺失/跨表不一致/偏离阈值/重复异常/时序异常/空间不一致,命中对象、风险等级、证据字段、核查建议,P0,ocr_55_books_deep,E:\2026\审计方法&政策文件\_ocr_output\工程\工程总承包政策精要.pdf.md
ENGV6D-006-R01,audit_rule,generated_rule,ENGV6D-006,59,C,工程与投资审计 / 招投标与政府采购 / 财政与政府债务,竣工决算费用归集,竣工决算费用归集完整性规则,检查竣工决算费用归集相关台账、凭证、审批和支付数据是否完整，缺失率超过阈值则预警。,项目台账；财务收支明细；合同与审批资料；支付凭证；审计发现清单；工程量清单,字段缺失/跨表不一致/偏离阈值/重复异常/时序异常/空间不一致,命中对象、风险等级、证据字段、核查建议,P1,ocr_55_books_deep,E:\2026\审计方法&政策文件\_ocr_output\工程\工程总承包政策精要.pdf.md
ENGV6D-006-R02,audit_rule,generated_rule,ENGV6D-006,59,C,工程与投资审计 / 招投标与政府采购 / 财政与政府债务,竣工决算费用归集,竣工决算费用归集一致性规则,检查竣工决算费用归集在合同、支付、预算、绩效或业务台账之间是否一致。,项目台账；财务收支明细；合同与审批资料；支付凭证；审计发现清单；工程量清单,字段缺失/跨表不一致/偏离阈值/重复异常/时序异常/空间不一致,命中对象、风险等级、证据字段、核查建议,P1,ocr_55_books_deep,E:\2026\审计方法&政策文件\_ocr_output\工程\工程总承包政策精要.pdf.md
ENGV6D-006-R03,audit_rule,generated_rule,ENGV6D-006,59,C,工程与投资审计 / 招投标与政府采购 / 财政与政府债务,竣工决算费用归集,竣工决算费用归集异常性规则,按历史均值、同类项目分位数或政策标准识别竣工决算费用归集异常偏离。,项目台账；财务收支明细；合同与审批资料；支付凭证；审计发现清单；工程量清单,字段缺失/跨表不一致/偏离阈值/重复异常/时序异常/空间不一致,命中对象、风险等级、证据字段、核查建议,P1,ocr_55_books_deep,E:\2026\审计方法&政策文件\_ocr_output\工程\工程总承包政策精要.pdf.md
ENGV6D-015-R01,audit_rule,generated_rule,ENGV6D-015,59,C,工程与投资审计 / 招投标与政府采购 / 财政与政府债务,竣工决算费用归集,竣工决算费用归集完整性规则,检查竣工决算费用归集相关台账、凭证、审批和支付数据是否完整，缺失率超过阈值则预警。,项目台账；财务收支明细；合同与审批资料；支付凭证；审计发现清单；绩效指标表,字段缺失/跨表不一致/偏离阈值/重复异常/时序异常/空间不一致,命中对象、风险等级、证据字段、核查建议,P1,ocr_55_books_deep,E:\2026\审计方法&政策文件\_ocr_output\工程\工程项目利润创造与造价风险控制.pdf.md
ENGV6D-015-R02,audit_rule,generated_rule,ENGV6D-015,59,C,工程与投资审计 / 招投标与政府采购 / 财政与政府债务,竣工决算费用归集,竣工决算费用归集一致性规则,检查竣工决算费用归集在合同、支付、预算、绩效或业务台账之间是否一致。,项目台账；财务收支明细；合同与审批资料；支付凭证；审计发现清单；绩效指标表,字段缺失/跨表不一致/偏离阈值/重复异常/时序异常/空间不一致,命中对象、风险等级、证据字段、核查建议,P1,ocr_55_books_deep,E:\2026\审计方法&政策文件\_ocr_output\工程\工程项目利润创造与造价风险控制.pdf.md
ENGV6D-015-R03,audit_rule,generated_rule,ENGV6D-015,59,C,工程与投资审计 / 招投标与政府采购 / 财政与政府债务,竣工决算费用归集,竣工决算费用归集异常性规则,按历史均值、同类项目分位数或政策标准识别竣工决算费用归集异常偏离。,项目台账；财务收支明细；合同与审批资料；支付凭证；审计发现清单；绩效指标表,字段缺失/跨表不一致/偏离阈值/重复异常/时序异常/空间不一致,命中对象、风险等级、证据字段、核查建议,P1,ocr_55_books_deep,E:\2026\审计方法&政策文件\_ocr_output\工程\工程项目利润创造与造价风险控制.pdf.md
ENGV6D-005-R01,audit_rule,generated_rule,ENGV6D-005,59,C,工程与投资审计 / 招投标与政府采购 / 财政与政府债务,签证变更异常,签证变更异常完整性规则,检查签证变更异常相关台账、凭证、审批和支付数据是否完整，缺失率超过阈值则预警。,项目台账；财务收支明细；合同与审批资料；支付凭证；审计发现清单；工程量清单,字段缺失/跨表不一致/偏离阈值/重复异常/时序异常/空间不一致,命中对象、风险等级、证据字段、核查建议,P1,ocr_55_books_deep,E:\2026\审计方法&政策文件\_ocr_output\工程\工程总承包政策精要.pdf.md
ENGV6D-005-R02,audit_rule,generated_rule,ENGV6D-005,59,C,工程与投资审计 / 招投标与政府采购 / 财政与政府债务,签证变更异常,签证变更异常一致性规则,检查签证变更异常在合同、支付、预算、绩效或业务台账之间是否一致。,项目台账；财务收支明细；合同与审批资料；支付凭证；审计发现清单；工程量清单,字段缺失/跨表不一致/偏离阈值/重复异常/时序异常/空间不一致,命中对象、风险等级、证据字段、核查建议,P1,ocr_55_books_deep,E:\2026\审计方法&政策文件\_ocr_output\工程\工程总承包政策精要.pdf.md
ENGV6D-005-R03,audit_rule,generated_rule,ENGV6D-005,59,C,工程与投资审计 / 招投标与政府采购 / 财政与政府债务,签证变更异常,签证变更异常异常性规则,按历史均值、同类项目分位数或政策标准识别签证变更异常异常偏离。,项目台账；财务收支明细；合同与审批资料；支付凭证；审计发现清单；工程量清单,字段缺失/跨表不一致/偏离阈值/重复异常/时序异常/空间不一致,命中对象、风险等级、证据字段、核查建议,P1,ocr_55_books_deep,E:\2026\审计方法&政策文件\_ocr_output\工程\工程总承包政策精要.pdf.md
ENGV6D-014-R01,audit_rule,generated_rule,ENGV6D-014,59,C,工程与投资审计 / 招投标与政府采购 / 财政与政府债务,签证变更异常,签证变更异常完整性规则,检查签证变更异常相关台账、凭证、审批和支付数据是否完整，缺失率超过阈值则预警。,项目台账；财务收支明细；合同与审批资料；支付凭证；审计发现清单；绩效指标表,字段缺失/跨表不一致/偏离阈值/重复异常/时序异常/空间不一致,命中对象、风险等级、证据字段、核查建议,P1,ocr_55_books_deep,E:\2026\审计方法&政策文件\_ocr_output\工程\工程项目利润创造与造价风险控制.pdf.md
ENGV6D-014-R02,audit_rule,generated_rule,ENGV6D-014,59,C,工程与投资审计 / 招投标与政府采购 / 财政与政府债务,签证变更异常,签证变更异常一致性规则,检查签证变更异常在合同、支付、预算、绩效或业务台账之间是否一致。,项目台账；财务收支明细；合同与审批资料；支付凭证；审计发现清单；绩效指标表,字段缺失/跨表不一致/偏离阈值/重复异常/时序异常/空间不一致,命中对象、风险等级、证据字段、核查建议,P1,ocr_55_books_deep,E:\2026\审计方法&政策文件\_ocr_output\工程\工程项目利润创造与造价风险控制.pdf.md
ENGV6D-014-R03,audit_rule,generated_rule,ENGV6D-014,59,C,工程与投资审计 / 招投标与政府采购 / 财政与政府债务,签证变更异常,签证变更异常异常性规则,按历史均值、同类项目分位数或政策标准识别签证变更异常异常偏离。,项目台账；财务收支明细；合同与审批资料；支付凭证；审计发现清单；绩效指标表,字段缺失/跨表不一致/偏离阈值/重复异常/时序异常/空间不一致,命中对象、风险等级、证据字段、核查建议,P1,ocr_55_books_deep,E:\2026\审计方法&政策文件\_ocr_output\工程\工程项目利润创造与造价风险控制.pdf.md
ENGV6D-008-R01,audit_rule,generated_rule,ENGV6D-008,59,C,工程与投资审计 / 招投标与政府采购 / 财政与政府债务,隐蔽工程检测,隐蔽工程检测完整性规则,检查隐蔽工程检测相关台账、凭证、审批和支付数据是否完整，缺失率超过阈值则预警。,项目台账；财务收支明细；合同与审批资料；支付凭证；审计发现清单；工程量清单,字段缺失/跨表不一致/偏离阈值/重复异常/时序异常/空间不一致,命中对象、风险等级、证据字段、核查建议,P1,ocr_55_books_deep,E:\2026\审计方法&政策文件\_ocr_output\工程\工程总承包政策精要.pdf.md
ENGV6D-008-R02,audit_rule,generated_rule,ENGV6D-008,59,C,工程与投资审计 / 招投标与政府采购 / 财政与政府债务,隐蔽工程检测,隐蔽工程检测一致性规则,检查隐蔽工程检测在合同、支付、预算、绩效或业务台账之间是否一致。,项目台账；财务收支明细；合同与审批资料；支付凭证；审计发现清单；工程量清单,字段缺失/跨表不一致/偏离阈值/重复异常/时序异常/空间不一致,命中对象、风险等级、证据字段、核查建议,P1,ocr_55_books_deep,E:\2026\审计方法&政策文件\_ocr_output\工程\工程总承包政策精要.pdf.md
ENGV6D-008-R03,audit_rule,generated_rule,ENGV6D-008,59,C,工程与投资审计 / 招投标与政府采购 / 财政与政府债务,隐蔽工程检测,隐蔽工程检测异常性规则,按历史均值、同类项目分位数或政策标准识别隐蔽工程检测异常偏离。,项目台账；财务收支明细；合同与审批资料；支付凭证；审计发现清单；工程量清单,字段缺失/跨表不一致/偏离阈值/重复异常/时序异常/空间不一致,命中对象、风险等级、证据字段、核查建议,P1,ocr_55_books_deep,E:\2026\审计方法&政策文件\_ocr_output\工程\工程总承包政策精要.pdf.md
ENGV6D-017-R01,audit_rule,generated_rule,ENGV6D-017,59,C,工程与投资审计 / 招投标与政府采购 / 财政与政府债务,隐蔽工程检测,隐蔽工程检测完整性规则,检查隐蔽工程检测相关台账、凭证、审批和支付数据是否完整，缺失率超过阈值则预警。,项目台账；财务收支明细；合同与审批资料；支付凭证；审计发现清单；绩效指标表,字段缺失/跨表不一致/偏离阈值/重复异常/时序异常/空间不一致,命中对象、风险等级、证据字段、核查建议,P1,ocr_55_books_deep,E:\2026\审计方法&政策文件\_ocr_output\工程\工程项目利润创造与造价风险控制.pdf.md
ENGV6D-017-R02,audit_rule,generated_rule,ENGV6D-017,59,C,工程与投资审计 / 招投标与政府采购 / 财政与政府债务,隐蔽工程检测,隐蔽工程检测一致性规则,检查隐蔽工程检测在合同、支付、预算、绩效或业务台账之间是否一致。,项目台账；财务收支明细；合同与审批资料；支付凭证；审计发现清单；绩效指标表,字段缺失/跨表不一致/偏离阈值/重复异常/时序异常/空间不一致,命中对象、风险等级、证据字段、核查建议,P1,ocr_55_books_deep,E:\2026\审计方法&政策文件\_ocr_output\工程\工程项目利润创造与造价风险控制.pdf.md
ENGV6D-017-R03,audit_rule,generated_rule,ENGV6D-017,59,C,工程与投资审计 / 招投标与政府采购 / 财政与政府债务,隐蔽工程检测,隐蔽工程检测异常性规则,按历史均值、同类项目分位数或政策标准识别隐蔽工程检测异常偏离。,项目台账；财务收支明细；合同与审批资料；支付凭证；审计发现清单；绩效指标表,字段缺失/跨表不一致/偏离阈值/重复异常/时序异常/空间不一致,命中对象、风险等级、证据字段、核查建议,P1,ocr_55_books_deep,E:\2026\审计方法&政策文件\_ocr_output\工程\工程项目利润创造与造价风险控制.pdf.md
ENGV6D-018-R01,audit_rule,generated_rule,ENGV6D-018,59,C,工程与投资审计 / 招投标与政府采购 / 财政与政府债务,项目利润异常,项目利润异常完整性规则,检查项目利润异常相关台账、凭证、审批和支付数据是否完整，缺失率超过阈值则预警。,项目台账；财务收支明细；合同与审批资料；支付凭证；审计发现清单；绩效指标表,字段缺失/跨表不一致/偏离阈值/重复异常/时序异常/空间不一致,命中对象、风险等级、证据字段、核查建议,P1,ocr_55_books_deep,E:\2026\审计方法&政策文件\_ocr_output\工程\工程项目利润创造与造价风险控制.pdf.md
ENGV6D-018-R02,audit_rule,generated_rule,ENGV6D-018,59,C,工程与投资审计 / 招投标与政府采购 / 财政与政府债务,项目利润异常,项目利润异常一致性规则,检查项目利润异常在合同、支付、预算、绩效或业务台账之间是否一致。,项目台账；财务收支明细；合同与审批资料；支付凭证；审计发现清单；绩效指标表,字段缺失/跨表不一致/偏离阈值/重复异常/时序异常/空间不一致,命中对象、风险等级、证据字段、核查建议,P1,ocr_55_books_deep,E:\2026\审计方法&政策文件\_ocr_output\工程\工程项目利润创造与造价风险控制.pdf.md
ENGV6D-018-R03,audit_rule,generated_rule,ENGV6D-018,59,C,工程与投资审计 / 招投标与政府采购 / 财政与政府债务,项目利润异常,项目利润异常异常性规则,按历史均值、同类项目分位数或政策标准识别项目利润异常异常偏离。,项目台账；财务收支明细；合同与审批资料；支付凭证；审计发现清单；绩效指标表,字段缺失/跨表不一致/偏离阈值/重复异常/时序异常/空间不一致,命中对象、风险等级、证据字段、核查建议,P1,ocr_55_books_deep,E:\2026\审计方法&政策文件\_ocr_output\工程\工程项目利润创造与造价风险控制.pdf.md
ENGV6D-046-R01,audit_rule,generated_rule,ENGV6D-046,59,C,工程与投资审计 / 财政与政府债务 / 资源环境审计,城中村改造关键风险点审计思路,城中村改造关键风险点审计思路完整性规则,检查城中村改造关键风险点审计思路相关台账、凭证、审批和支付数据是否完整，缺失率超过阈值则预警。,项目台账；财务收支明细；合同与审批资料；支付凭证；审计发现清单；工程量清单,字段缺失/跨表不一致/偏离阈值/重复异常/时序异常/空间不一致,命中对象、风险等级、证据字段、核查建议,P1,ocr_55_books_deep,E:\2026\审计方法&政策文件\_ocr_output\1中国审计_7期\城中村改造关键风险点审计思路.md
ENGV6D-046-R02,audit_rule,generated_rule,ENGV6D-046,59,C,工程与投资审计 / 财政与政府债务 / 资源环境审计,城中村改造关键风险点审计思路,城中村改造关键风险点审计思路一致性规则,检查城中村改造关键风险点审计思路在合同、支付、预算、绩效或业务台账之间是否一致。,项目台账；财务收支明细；合同与审批资料；支付凭证；审计发现清单；工程量清单,字段缺失/跨表不一致/偏离阈值/重复异常/时序异常/空间不一致,命中对象、风险等级、证据字段、核查建议,P1,ocr_55_books_deep,E:\2026\审计方法&政策文件\_ocr_output\1中国审计_7期\城中村改造关键风险点审计思路.md
ENGV6D-046-R03,audit_rule,generated_rule,ENGV6D-046,59,C,工程与投资审计 / 财政与政府债务 / 资源环境审计,城中村改造关键风险点审计思路,城中村改造关键风险点审计思路异常性规则,按历史均值、同类项目分位数或政策标准识别城中村改造关键风险点审计思路异常偏离。,项目台账；财务收支明细；合同与审批资料；支付凭证；审计发现清单；工程量清单,字段缺失/跨表不一致/偏离阈值/重复异常/时序异常/空间不一致,命中对象、风险等级、证据字段、核查建议,P1,ocr_55_books_deep,E:\2026\审计方法&政策文件\_ocr_output\1中国审计_7期\城中村改造关键风险点审计思路.md
ENGV6D-047-R01,audit_rule,generated_rule,ENGV6D-047,59,C,工程与投资审计 / 财政与政府债务 / 资源环境审计,微动探测技术在隐蔽工程审计中的应用,微动探测技术在隐蔽工程审计中的应用完整性规则,检查微动探测技术在隐蔽工程审计中的应用相关台账、凭证、审批和支付数据是否完整，缺失率超过阈值则预警。,项目台账；财务收支明细；合同与审批资料；支付凭证；审计发现清单；工程量清单,字段缺失/跨表不一致/偏离阈值/重复异常/时序异常/空间不一致,命中对象、风险等级、证据字段、核查建议,P1,ocr_55_books_deep,E:\2026\审计方法&政策文件\_ocr_output\1中国审计_7期\微动探测技术在隐蔽工程审计中的应用.md
ENGV6D-047-R02,audit_rule,generated_rule,ENGV6D-047,59,C,工程与投资审计 / 财政与政府债务 / 资源环境审计,微动探测技术在隐蔽工程审计中的应用,微动探测技术在隐蔽工程审计中的应用一致性规则,检查微动探测技术在隐蔽工程审计中的应用在合同、支付、预算、绩效或业务台账之间是否一致。,项目台账；财务收支明细；合同与审批资料；支付凭证；审计发现清单；工程量清单,字段缺失/跨表不一致/偏离阈值/重复异常/时序异常/空间不一致,命中对象、风险等级、证据字段、核查建议,P1,ocr_55_books_deep,E:\2026\审计方法&政策文件\_ocr_output\1中国审计_7期\微动探测技术在隐蔽工程审计中的应用.md
ENGV6D-047-R03,audit_rule,generated_rule,ENGV6D-047,59,C,工程与投资审计 / 财政与政府债务 / 资源环境审计,微动探测技术在隐蔽工程审计中的应用,微动探测技术在隐蔽工程审计中的应用异常性规则,按历史均值、同类项目分位数或政策标准识别微动探测技术在隐蔽工程审计中的应用异常偏离。,项目台账；财务收支明细；合同与审批资料；支付凭证；审计发现清单；工程量清单,字段缺失/跨表不一致/偏离阈值/重复异常/时序异常/空间不一致,命中对象、风险等级、证据字段、核查建议,P1,ocr_55_books_deep,E:\2026\审计方法&政策文件\_ocr_output\1中国审计_7期\微动探测技术在隐蔽工程审计中的应用.md
SOCV6D-003-R01,audit_rule,generated_rule,SOCV6D-003,59,C,民生与社保医保 / 招投标与政府采购 / 预算执行与财政管理,精准审计细把脉深处发力提质效——浙江省宁波市审计,精准审计细把脉深处发力提质效——浙江省宁波市审计完整性规则,检查精准审计细把脉深处发力提质效——浙江省宁波市审计相关台账、凭证、审批和支付数据是否完整，缺失率超过阈值则预警。,项目台账；财务收支明细；合同与审批资料；支付凭证；审计发现清单；采购公告,字段缺失/跨表不一致/偏离阈值/重复异常/时序异常/空间不一致,命中对象、风险等级、证据字段、核查建议,P1,ocr_55_books_deep,E:\2026\审计方法&政策文件\_ocr_output\1中国审计_7期\精准审计细把脉 深处发力提质效——浙江省宁波市审计局开展公立医院和药品医疗器械生产经销使用情况专项审计调查经验总结.md
SOCV6D-003-R02,audit_rule,generated_rule,SOCV6D-003,59,C,民生与社保医保 / 招投标与政府采购 / 预算执行与财政管理,精准审计细把脉深处发力提质效——浙江省宁波市审计,精准审计细把脉深处发力提质效——浙江省宁波市审计一致性规则,检查精准审计细把脉深处发力提质效——浙江省宁波市审计在合同、支付、预算、绩效或业务台账之间是否一致。,项目台账；财务收支明细；合同与审批资料；支付凭证；审计发现清单；采购公告,字段缺失/跨表不一致/偏离阈值/重复异常/时序异常/空间不一致,命中对象、风险等级、证据字段、核查建议,P1,ocr_55_books_deep,E:\2026\审计方法&政策文件\_ocr_output\1中国审计_7期\精准审计细把脉 深处发力提质效——浙江省宁波市审计局开展公立医院和药品医疗器械生产经销使用情况专项审计调查经验总结.md
SOCV6D-003-R03,audit_rule,generated_rule,SOCV6D-003,59,C,民生与社保医保 / 招投标与政府采购 / 预算执行与财政管理,精准审计细把脉深处发力提质效——浙江省宁波市审计,精准审计细把脉深处发力提质效——浙江省宁波市审计异常性规则,按历史均值、同类项目分位数或政策标准识别精准审计细把脉深处发力提质效——浙江省宁波市审计异常偏离。,项目台账；财务收支明细；合同与审批资料；支付凭证；审计发现清单；采购公告,字段缺失/跨表不一致/偏离阈值/重复异常/时序异常/空间不一致,命中对象、风险等级、证据字段、核查建议,P1,ocr_55_books_deep,E:\2026\审计方法&政策文件\_ocr_output\1中国审计_7期\精准审计细把脉 深处发力提质效——浙江省宁波市审计局开展公立医院和药品医疗器械生产经销使用情况专项审计调查经验总结.md
SOCV6D-004-R01,audit_rule,generated_rule,SOCV6D-004,59,C,民生与社保医保 / 招投标与政府采购 / 预算执行与财政管理,精准监督促医改靶向发力增福祉——江苏省盐城市医药,精准监督促医改靶向发力增福祉——江苏省盐城市医药完整性规则,检查精准监督促医改靶向发力增福祉——江苏省盐城市医药相关台账、凭证、审批和支付数据是否完整，缺失率超过阈值则预警。,项目台账；财务收支明细；合同与审批资料；支付凭证；审计发现清单,字段缺失/跨表不一致/偏离阈值/重复异常/时序异常/空间不一致,命中对象、风险等级、证据字段、核查建议,P1,ocr_55_books_deep,E:\2026\审计方法&政策文件\_ocr_output\1中国审计_7期\精准监督促医改 靶向发力增福祉——江苏省盐城市医药卫生体制改革政策措施落实情况专项审计调查经验总结.md
SOCV6D-004-R02,audit_rule,generated_rule,SOCV6D-004,59,C,民生与社保医保 / 招投标与政府采购 / 预算执行与财政管理,精准监督促医改靶向发力增福祉——江苏省盐城市医药,精准监督促医改靶向发力增福祉——江苏省盐城市医药一致性规则,检查精准监督促医改靶向发力增福祉——江苏省盐城市医药在合同、支付、预算、绩效或业务台账之间是否一致。,项目台账；财务收支明细；合同与审批资料；支付凭证；审计发现清单,字段缺失/跨表不一致/偏离阈值/重复异常/时序异常/空间不一致,命中对象、风险等级、证据字段、核查建议,P1,ocr_55_books_deep,E:\2026\审计方法&政策文件\_ocr_output\1中国审计_7期\精准监督促医改 靶向发力增福祉——江苏省盐城市医药卫生体制改革政策措施落实情况专项审计调查经验总结.md
SOCV6D-004-R03,audit_rule,generated_rule,SOCV6D-004,59,C,民生与社保医保 / 招投标与政府采购 / 预算执行与财政管理,精准监督促医改靶向发力增福祉——江苏省盐城市医药,精准监督促医改靶向发力增福祉——江苏省盐城市医药异常性规则,按历史均值、同类项目分位数或政策标准识别精准监督促医改靶向发力增福祉——江苏省盐城市医药异常偏离。,项目台账；财务收支明细；合同与审批资料；支付凭证；审计发现清单,字段缺失/跨表不一致/偏离阈值/重复异常/时序异常/空间不一致,命中对象、风险等级、证据字段、核查建议,P1,ocr_55_books_deep,E:\2026\审计方法&政策文件\_ocr_output\1中国审计_7期\精准监督促医改 靶向发力增福祉——江苏省盐城市医药卫生体制改革政策措施落实情况专项审计调查经验总结.md
SOCV6D-005-R01,audit_rule,generated_rule,SOCV6D-005,59,C,民生与社保医保 / 招投标与政府采购 / 预算执行与财政管理,聚焦重点系统施策以审促治——重庆市审计局开展公立,聚焦重点系统施策以审促治——重庆市审计局开展公立完整性规则,检查聚焦重点系统施策以审促治——重庆市审计局开展公立相关台账、凭证、审批和支付数据是否完整，缺失率超过阈值则预警。,项目台账；财务收支明细；合同与审批资料；支付凭证；审计发现清单；采购公告,字段缺失/跨表不一致/偏离阈值/重复异常/时序异常/空间不一致,命中对象、风险等级、证据字段、核查建议,P1,ocr_55_books_deep,E:\2026\审计方法&政策文件\_ocr_output\1中国审计_7期\聚焦重点 系统施策 以审促治——重庆市审计局开展公立医院药械采购及医疗收费专项审计调查经验总结.md
SOCV6D-005-R02,audit_rule,generated_rule,SOCV6D-005,59,C,民生与社保医保 / 招投标与政府采购 / 预算执行与财政管理,聚焦重点系统施策以审促治——重庆市审计局开展公立,聚焦重点系统施策以审促治——重庆市审计局开展公立一致性规则,检查聚焦重点系统施策以审促治——重庆市审计局开展公立在合同、支付、预算、绩效或业务台账之间是否一致。,项目台账；财务收支明细；合同与审批资料；支付凭证；审计发现清单；采购公告,字段缺失/跨表不一致/偏离阈值/重复异常/时序异常/空间不一致,命中对象、风险等级、证据字段、核查建议,P1,ocr_55_books_deep,E:\2026\审计方法&政策文件\_ocr_output\1中国审计_7期\聚焦重点 系统施策 以审促治——重庆市审计局开展公立医院药械采购及医疗收费专项审计调查经验总结.md
SOCV6D-005-R03,audit_rule,generated_rule,SOCV6D-005,59,C,民生与社保医保 / 招投标与政府采购 / 预算执行与财政管理,聚焦重点系统施策以审促治——重庆市审计局开展公立,聚焦重点系统施策以审促治——重庆市审计局开展公立异常性规则,按历史均值、同类项目分位数或政策标准识别聚焦重点系统施策以审促治——重庆市审计局开展公立异常偏离。,项目台账；财务收支明细；合同与审批资料；支付凭证；审计发现清单；采购公告,字段缺失/跨表不一致/偏离阈值/重复异常/时序异常/空间不一致,命中对象、风险等级、证据字段、核查建议,P1,ocr_55_books_deep,E:\2026\审计方法&政策文件\_ocr_output\1中国审计_7期\聚焦重点 系统施策 以审促治——重庆市审计局开展公立医院药械采购及医疗收费专项审计调查经验总结.md
SOCV6D-002-R01,audit_rule,generated_rule,SOCV6D-002,59,C,民生与社保医保 / 监督检查与经费舞弊,以正确政绩观书写审计“为民答卷”,以正确政绩观书写审计“为民答卷”完整性规则,检查以正确政绩观书写审计“为民答卷”相关台账、凭证、审批和支付数据是否完整，缺失率超过阈值则预警。,项目台账；财务收支明细；合同与审批资料；支付凭证；审计发现清单,字段缺失/跨表不一致/偏离阈值/重复异常/时序异常/空间不一致,命中对象、风险等级、证据字段、核查建议,P1,ocr_55_books_deep,E:\2026\审计方法&政策文件\_ocr_output\1中国审计_7期\以正确政绩观书写审计“为民答卷”.md
SOCV6D-002-R02,audit_rule,generated_rule,SOCV6D-002,59,C,民生与社保医保 / 监督检查与经费舞弊,以正确政绩观书写审计“为民答卷”,以正确政绩观书写审计“为民答卷”一致性规则,检查以正确政绩观书写审计“为民答卷”在合同、支付、预算、绩效或业务台账之间是否一致。,项目台账；财务收支明细；合同与审批资料；支付凭证；审计发现清单,字段缺失/跨表不一致/偏离阈值/重复异常/时序异常/空间不一致,命中对象、风险等级、证据字段、核查建议,P1,ocr_55_books_deep,E:\2026\审计方法&政策文件\_ocr_output\1中国审计_7期\以正确政绩观书写审计“为民答卷”.md
SOCV6D-002-R03,audit_rule,generated_rule,SOCV6D-002,59,C,民生与社保医保 / 监督检查与经费舞弊,以正确政绩观书写审计“为民答卷”,以正确政绩观书写审计“为民答卷”异常性规则,按历史均值、同类项目分位数或政策标准识别以正确政绩观书写审计“为民答卷”异常偏离。,项目台账；财务收支明细；合同与审批资料；支付凭证；审计发现清单,字段缺失/跨表不一致/偏离阈值/重复异常/时序异常/空间不一致,命中对象、风险等级、证据字段、核查建议,P1,ocr_55_books_deep,E:\2026\审计方法&政策文件\_ocr_output\1中国审计_7期\以正确政绩观书写审计“为民答卷”.md
SOCV6D-001-R01,audit_rule,generated_rule,SOCV6D-001,59,C,民生与社保医保 / 绩效评价 / 金融审计,“一老一小”政策落实情况审计关注重点,“一老一小”政策落实情况审计关注重点完整性规则,检查“一老一小”政策落实情况审计关注重点相关台账、凭证、审批和支付数据是否完整，缺失率超过阈值则预警。,项目台账；财务收支明细；合同与审批资料；支付凭证；审计发现清单；绩效指标表,字段缺失/跨表不一致/偏离阈值/重复异常/时序异常/空间不一致,命中对象、风险等级、证据字段、核查建议,P1,ocr_55_books_deep,E:\2026\审计方法&政策文件\_ocr_output\1中国审计_7期\“一老一小”政策落实情况审计关注重点.md
SOCV6D-001-R02,audit_rule,generated_rule,SOCV6D-001,59,C,民生与社保医保 / 绩效评价 / 金融审计,“一老一小”政策落实情况审计关注重点,“一老一小”政策落实情况审计关注重点一致性规则,检查“一老一小”政策落实情况审计关注重点在合同、支付、预算、绩效或业务台账之间是否一致。,项目台账；财务收支明细；合同与审批资料；支付凭证；审计发现清单；绩效指标表,字段缺失/跨表不一致/偏离阈值/重复异常/时序异常/空间不一致,命中对象、风险等级、证据字段、核查建议,P1,ocr_55_books_deep,E:\2026\审计方法&政策文件\_ocr_output\1中国审计_7期\“一老一小”政策落实情况审计关注重点.md
SOCV6D-001-R03,audit_rule,generated_rule,SOCV6D-001,59,C,民生与社保医保 / 绩效评价 / 金融审计,“一老一小”政策落实情况审计关注重点,“一老一小”政策落实情况审计关注重点异常性规则,按历史均值、同类项目分位数或政策标准识别“一老一小”政策落实情况审计关注重点异常偏离。,项目台账；财务收支明细；合同与审批资料；支付凭证；审计发现清单；绩效指标表,字段缺失/跨表不一致/偏离阈值/重复异常/时序异常/空间不一致,命中对象、风险等级、证据字段、核查建议,P1,ocr_55_books_deep,E:\2026\审计方法&政策文件\_ocr_output\1中国审计_7期\“一老一小”政策落实情况审计关注重点.md
MAGSOC-0008-R01,audit_rule,generated_rule,MAGSOC-0008,53,D,民生与社保医保 / 预算执行与财政管理 / 招投标与政府采购,001呵护我们共有“生态”,001呵护我们共有“生态”R01规则,按案例主题识别同类事项中的风险特征并生成疑点。,文章案例文本；审计事项清单；问题线索台账；审计证据资料；预算指标表；财政支出明细,风险词命中/数据缺失/证据不一致/指标偏离/流程缺陷,命中对象、风险等级、证据资料、核查建议,P1,magazine_435_articles,D:\openclaw-workspace\knowledge\11-杂志文献\财政监督\001呵护我们共有“生态”.md
MAGSOC-0008-R02,audit_rule,generated_rule,MAGSOC-0008,53,D,民生与社保医保 / 预算执行与财政管理 / 招投标与政府采购,001呵护我们共有“生态”,001呵护我们共有“生态”R02规则,核查案例涉及的数据、证据和整改链条是否完整一致。,文章案例文本；审计事项清单；问题线索台账；审计证据资料；预算指标表；财政支出明细,风险词命中/数据缺失/证据不一致/指标偏离/流程缺陷,命中对象、风险等级、证据资料、核查建议,P1,magazine_435_articles,D:\openclaw-workspace\knowledge\11-杂志文献\财政监督\001呵护我们共有“生态”.md
MAGSOC-0009-R01,audit_rule,generated_rule,MAGSOC-0009,63,C,民生与社保医保 / 预算执行与财政管理 / 招投标与政府采购,004中国式现代化预算绩效管理改革之路,004中国式现代化预算绩效管理改革之路R01规则,按案例主题识别同类事项中的风险特征并生成疑点。,文章案例文本；审计事项清单；问题线索台账；审计证据资料；预算指标表；财政支出明细,风险词命中/数据缺失/证据不一致/指标偏离/流程缺陷,命中对象、风险等级、证据资料、核查建议,P0,magazine_435_articles,D:\openclaw-workspace\knowledge\11-杂志文献\财政监督\004中国式现代化预算绩效管理改革之路.md
MAGSOC-0009-R02,audit_rule,generated_rule,MAGSOC-0009,63,C,民生与社保医保 / 预算执行与财政管理 / 招投标与政府采购,004中国式现代化预算绩效管理改革之路,004中国式现代化预算绩效管理改革之路R02规则,核查案例涉及的数据、证据和整改链条是否完整一致。,文章案例文本；审计事项清单；问题线索台账；审计证据资料；预算指标表；财政支出明细,风险词命中/数据缺失/证据不一致/指标偏离/流程缺陷,命中对象、风险等级、证据资料、核查建议,P0,magazine_435_articles,D:\openclaw-workspace\knowledge\11-杂志文献\财政监督\004中国式现代化预算绩效管理改革之路.md
MAGSOC-0010-R01,audit_rule,generated_rule,MAGSOC-0010,53,D,民生与社保医保 / 预算执行与财政管理 / 招投标与政府采购,004秉持四字原则注重实效实绩，打造全链条绩效评价闭环管理体系,004秉持四字原则注重实效实绩，打造全链条绩效评价闭环管理体系R01规则,按案例主题识别同类事项中的风险特征并生成疑点。,文章案例文本；审计事项清单；问题线索台账；审计证据资料；预算指标表；财政支出明细,风险词命中/数据缺失/证据不一致/指标偏离/流程缺陷,命中对象、风险等级、证据资料、核查建议,P1,magazine_435_articles,D:\openclaw-workspace\knowledge\11-杂志文献\财政监督\004秉持四字原则注重实效实绩，打造全链条绩效评价闭环管理体系.md
MAGSOC-0010-R02,audit_rule,generated_rule,MAGSOC-0010,53,D,民生与社保医保 / 预算执行与财政管理 / 招投标与政府采购,004秉持四字原则注重实效实绩，打造全链条绩效评价闭环管理体系,004秉持四字原则注重实效实绩，打造全链条绩效评价闭环管理体系R02规则,核查案例涉及的数据、证据和整改链条是否完整一致。,文章案例文本；审计事项清单；问题线索台账；审计证据资料；预算指标表；财政支出明细,风险词命中/数据缺失/证据不一致/指标偏离/流程缺陷,命中对象、风险等级、证据资料、核查建议,P1,magazine_435_articles,D:\openclaw-workspace\knowledge\11-杂志文献\财政监督\004秉持四字原则注重实效实绩，打造全链条绩效评价闭环管理体系.md
MAGSOC-0011-R01,audit_rule,generated_rule,MAGSOC-0011,63,C,民生与社保医保 / 预算执行与财政管理 / 招投标与政府采购,005新时代人大预算监督改革回顾与展望,005新时代人大预算监督改革回顾与展望R01规则,按案例主题识别同类事项中的风险特征并生成疑点。,文章案例文本；审计事项清单；问题线索台账；审计证据资料；预算指标表；财政支出明细,风险词命中/数据缺失/证据不一致/指标偏离/流程缺陷,命中对象、风险等级、证据资料、核查建议,P0,magazine_435_articles,D:\openclaw-workspace\knowledge\11-杂志文献\财政监督\005新时代人大预算监督改革回顾与展望.md
MAGSOC-0011-R02,audit_rule,generated_rule,MAGSOC-0011,63,C,民生与社保医保 / 预算执行与财政管理 / 招投标与政府采购,005新时代人大预算监督改革回顾与展望,005新时代人大预算监督改革回顾与展望R02规则,核查案例涉及的数据、证据和整改链条是否完整一致。,文章案例文本；审计事项清单；问题线索台账；审计证据资料；预算指标表；财政支出明细,风险词命中/数据缺失/证据不一致/指标偏离/流程缺陷,命中对象、风险等级、证据资料、核查建议,P0,magazine_435_articles,D:\openclaw-workspace\knowledge\11-杂志文献\财政监督\005新时代人大预算监督改革回顾与展望.md
MAGSOC-0012-R01,audit_rule,generated_rule,MAGSOC-0012,63,C,民生与社保医保 / 预算执行与财政管理 / 招投标与政府采购,007如何进一步强化财政暂付款监管,007如何进一步强化财政暂付款监管R01规则,按案例主题识别同类事项中的风险特征并生成疑点。,文章案例文本；审计事项清单；问题线索台账；审计证据资料；预算指标表；财政支出明细,风险词命中/数据缺失/证据不一致/指标偏离/流程缺陷,命中对象、风险等级、证据资料、核查建议,P0,magazine_435_articles,D:\openclaw-workspace\knowledge\11-杂志文献\财政监督\007如何进一步强化财政暂付款监管.md
MAGSOC-0012-R02,audit_rule,generated_rule,MAGSOC-0012,63,C,民生与社保医保 / 预算执行与财政管理 / 招投标与政府采购,007如何进一步强化财政暂付款监管,007如何进一步强化财政暂付款监管R02规则,核查案例涉及的数据、证据和整改链条是否完整一致。,文章案例文本；审计事项清单；问题线索台账；审计证据资料；预算指标表；财政支出明细,风险词命中/数据缺失/证据不一致/指标偏离/流程缺陷,命中对象、风险等级、证据资料、核查建议,P0,magazine_435_articles,D:\openclaw-workspace\knowledge\11-杂志文献\财政监督\007如何进一步强化财政暂付款监管.md
MAGSOC-0013-R01,audit_rule,generated_rule,MAGSOC-0013,63,C,民生与社保医保 / 预算执行与财政管理 / 招投标与政府采购,010关于数字化转型背景下政务信息化项目事前绩效评估的思考,010关于数字化转型背景下政务信息化项目事前绩效评估的思考R01规则,按案例主题识别同类事项中的风险特征并生成疑点。,文章案例文本；审计事项清单；问题线索台账；审计证据资料；预算指标表；财政支出明细,风险词命中/数据缺失/证据不一致/指标偏离/流程缺陷,命中对象、风险等级、证据资料、核查建议,P0,magazine_435_articles,D:\openclaw-workspace\knowledge\11-杂志文献\财政监督\010关于数字化转型背景下政务信息化项目事前绩效评估的思考.md
MAGSOC-0013-R02,audit_rule,generated_rule,MAGSOC-0013,63,C,民生与社保医保 / 预算执行与财政管理 / 招投标与政府采购,010关于数字化转型背景下政务信息化项目事前绩效评估的思考,010关于数字化转型背景下政务信息化项目事前绩效评估的思考R02规则,核查案例涉及的数据、证据和整改链条是否完整一致。,文章案例文本；审计事项清单；问题线索台账；审计证据资料；预算指标表；财政支出明细,风险词命中/数据缺失/证据不一致/指标偏离/流程缺陷,命中对象、风险等级、证据资料、核查建议,P0,magazine_435_articles,D:\openclaw-workspace\knowledge\11-杂志文献\财政监督\010关于数字化转型背景下政务信息化项目事前绩效评估的思考.md
MAGSOC-0014-R01,audit_rule,generated_rule,MAGSOC-0014,63,C,民生与社保医保 / 预算执行与财政管理 / 招投标与政府采购,011打造政策绩效评估新模式助力实体经济高质量发展,011打造政策绩效评估新模式助力实体经济高质量发展R01规则,按案例主题识别同类事项中的风险特征并生成疑点。,文章案例文本；审计事项清单；问题线索台账；审计证据资料；预算指标表；财政支出明细,风险词命中/数据缺失/证据不一致/指标偏离/流程缺陷,命中对象、风险等级、证据资料、核查建议,P0,magazine_435_articles,D:\openclaw-workspace\knowledge\11-杂志文献\财政监督\011打造政策绩效评估新模式助力实体经济高质量发展.md
MAGSOC-0014-R02,audit_rule,generated_rule,MAGSOC-0014,63,C,民生与社保医保 / 预算执行与财政管理 / 招投标与政府采购,011打造政策绩效评估新模式助力实体经济高质量发展,011打造政策绩效评估新模式助力实体经济高质量发展R02规则,核查案例涉及的数据、证据和整改链条是否完整一致。,文章案例文本；审计事项清单；问题线索台账；审计证据资料；预算指标表；财政支出明细,风险词命中/数据缺失/证据不一致/指标偏离/流程缺陷,命中对象、风险等级、证据资料、核查建议,P0,magazine_435_articles,D:\openclaw-workspace\knowledge\11-杂志文献\财政监督\011打造政策绩效评估新模式助力实体经济高质量发展.md
MAGSOC-0015-R01,audit_rule,generated_rule,MAGSOC-0015,63,C,民生与社保医保 / 预算执行与财政管理 / 招投标与政府采购,012全面实施预算绩效管理的地方实践,012全面实施预算绩效管理的地方实践R01规则,按案例主题识别同类事项中的风险特征并生成疑点。,文章案例文本；审计事项清单；问题线索台账；审计证据资料；预算指标表；财政支出明细,风险词命中/数据缺失/证据不一致/指标偏离/流程缺陷,命中对象、风险等级、证据资料、核查建议,P0,magazine_435_articles,D:\openclaw-workspace\knowledge\11-杂志文献\财政监督\012全面实施预算绩效管理的地方实践.md
MAGSOC-0015-R02,audit_rule,generated_rule,MAGSOC-0015,63,C,民生与社保医保 / 预算执行与财政管理 / 招投标与政府采购,012全面实施预算绩效管理的地方实践,012全面实施预算绩效管理的地方实践R02规则,核查案例涉及的数据、证据和整改链条是否完整一致。,文章案例文本；审计事项清单；问题线索台账；审计证据资料；预算指标表；财政支出明细,风险词命中/数据缺失/证据不一致/指标偏离/流程缺陷,命中对象、风险等级、证据资料、核查建议,P0,magazine_435_articles,D:\openclaw-workspace\knowledge\11-杂志文献\财政监督\012全面实施预算绩效管理的地方实践.md
MAGSOC-0016-R01,audit_rule,generated_rule,MAGSOC-0016,63,C,民生与社保医保 / 预算执行与财政管理 / 招投标与政府采购,012绩效管理导向下派出所经费保障的全成本分析,012绩效管理导向下派出所经费保障的全成本分析R01规则,按案例主题识别同类事项中的风险特征并生成疑点。,文章案例文本；审计事项清单；问题线索台账；审计证据资料；预算指标表；财政支出明细,风险词命中/数据缺失/证据不一致/指标偏离/流程缺陷,命中对象、风险等级、证据资料、核查建议,P0,magazine_435_articles,D:\openclaw-workspace\knowledge\11-杂志文献\财政监督\012绩效管理导向下派出所经费保障的全成本分析.md
MAGSOC-0016-R02,audit_rule,generated_rule,MAGSOC-0016,63,C,民生与社保医保 / 预算执行与财政管理 / 招投标与政府采购,012绩效管理导向下派出所经费保障的全成本分析,012绩效管理导向下派出所经费保障的全成本分析R02规则,核查案例涉及的数据、证据和整改链条是否完整一致。,文章案例文本；审计事项清单；问题线索台账；审计证据资料；预算指标表；财政支出明细,风险词命中/数据缺失/证据不一致/指标偏离/流程缺陷,命中对象、风险等级、证据资料、核查建议,P0,magazine_435_articles,D:\openclaw-workspace\knowledge\11-杂志文献\财政监督\012绩效管理导向下派出所经费保障的全成本分析.md
MAGSOC-0017-R01,audit_rule,generated_rule,MAGSOC-0017,63,C,民生与社保医保 / 预算执行与财政管理 / 招投标与政府采购,014提升政府购买服务监管质效,014提升政府购买服务监管质效R01规则,按案例主题识别同类事项中的风险特征并生成疑点。,文章案例文本；审计事项清单；问题线索台账；审计证据资料；预算指标表；财政支出明细,风险词命中/数据缺失/证据不一致/指标偏离/流程缺陷,命中对象、风险等级、证据资料、核查建议,P0,magazine_435_articles,D:\openclaw-workspace\knowledge\11-杂志文献\财政监督\014提升政府购买服务监管质效.md
MAGSOC-0017-R02,audit_rule,generated_rule,MAGSOC-0017,63,C,民生与社保医保 / 预算执行与财政管理 / 招投标与政府采购,014提升政府购买服务监管质效,014提升政府购买服务监管质效R02规则,核查案例涉及的数据、证据和整改链条是否完整一致。,文章案例文本；审计事项清单；问题线索台账；审计证据资料；预算指标表；财政支出明细,风险词命中/数据缺失/证据不一致/指标偏离/流程缺陷,命中对象、风险等级、证据资料、核查建议,P0,magazine_435_articles,D:\openclaw-workspace\knowledge\11-杂志文献\财政监督\014提升政府购买服务监管质效.md
MAGSOC-0018-R01,audit_rule,generated_rule,MAGSOC-0018,63,C,民生与社保医保 / 预算执行与财政管理 / 招投标与政府采购,014数智化赋能财会监督人才培养研究,014数智化赋能财会监督人才培养研究R01规则,按案例主题识别同类事项中的风险特征并生成疑点。,文章案例文本；审计事项清单；问题线索台账；审计证据资料；预算指标表；财政支出明细,风险词命中/数据缺失/证据不一致/指标偏离/流程缺陷,命中对象、风险等级、证据资料、核查建议,P0,magazine_435_articles,D:\openclaw-workspace\knowledge\11-杂志文献\财政监督\014数智化赋能财会监督人才培养研究.md
MAGSOC-0018-R02,audit_rule,generated_rule,MAGSOC-0018,63,C,民生与社保医保 / 预算执行与财政管理 / 招投标与政府采购,014数智化赋能财会监督人才培养研究,014数智化赋能财会监督人才培养研究R02规则,核查案例涉及的数据、证据和整改链条是否完整一致。,文章案例文本；审计事项清单；问题线索台账；审计证据资料；预算指标表；财政支出明细,风险词命中/数据缺失/证据不一致/指标偏离/流程缺陷,命中对象、风险等级、证据资料、核查建议,P0,magazine_435_articles,D:\openclaw-workspace\knowledge\11-杂志文献\财政监督\014数智化赋能财会监督人才培养研究.md
MAGSOC-0020-R01,audit_rule,generated_rule,MAGSOC-0020,63,C,民生与社保医保 / 预算执行与财政管理 / 招投标与政府采购,018按效付费下的PPP项目物有所值目标研究,018按效付费下的PPP项目物有所值目标研究R01规则,按案例主题识别同类事项中的风险特征并生成疑点。,文章案例文本；审计事项清单；问题线索台账；审计证据资料；预算指标表；财政支出明细,风险词命中/数据缺失/证据不一致/指标偏离/流程缺陷,命中对象、风险等级、证据资料、核查建议,P0,magazine_435_articles,D:\openclaw-workspace\knowledge\11-杂志文献\财政监督\018按效付费下的PPP 项目物有所值目标研究.md
MAGSOC-0020-R02,audit_rule,generated_rule,MAGSOC-0020,63,C,民生与社保医保 / 预算执行与财政管理 / 招投标与政府采购,018按效付费下的PPP项目物有所值目标研究,018按效付费下的PPP项目物有所值目标研究R02规则,核查案例涉及的数据、证据和整改链条是否完整一致。,文章案例文本；审计事项清单；问题线索台账；审计证据资料；预算指标表；财政支出明细,风险词命中/数据缺失/证据不一致/指标偏离/流程缺陷,命中对象、风险等级、证据资料、核查建议,P0,magazine_435_articles,D:\openclaw-workspace\knowledge\11-杂志文献\财政监督\018按效付费下的PPP 项目物有所值目标研究.md
MAGSOC-0021-R01,audit_rule,generated_rule,MAGSOC-0021,63,C,民生与社保医保 / 预算执行与财政管理 / 招投标与政府采购,020防范地方政府性债务风险的对策建议,020防范地方政府性债务风险的对策建议R01规则,按案例主题识别同类事项中的风险特征并生成疑点。,文章案例文本；审计事项清单；问题线索台账；审计证据资料；预算指标表；财政支出明细,风险词命中/数据缺失/证据不一致/指标偏离/流程缺陷,命中对象、风险等级、证据资料、核查建议,P0,magazine_435_articles,D:\openclaw-workspace\knowledge\11-杂志文献\财政监督\020防范地方政府性债务风险的对策建议.md
MAGSOC-0021-R02,audit_rule,generated_rule,MAGSOC-0021,63,C,民生与社保医保 / 预算执行与财政管理 / 招投标与政府采购,020防范地方政府性债务风险的对策建议,020防范地方政府性债务风险的对策建议R02规则,核查案例涉及的数据、证据和整改链条是否完整一致。,文章案例文本；审计事项清单；问题线索台账；审计证据资料；预算指标表；财政支出明细,风险词命中/数据缺失/证据不一致/指标偏离/流程缺陷,命中对象、风险等级、证据资料、核查建议,P0,magazine_435_articles,D:\openclaw-workspace\knowledge\11-杂志文献\财政监督\020防范地方政府性债务风险的对策建议.md
MAGSOC-0043-R01,audit_rule,generated_rule,MAGSOC-0043,63,C,民生与社保医保 / 预算执行与财政管理 / 招投标与政府采购,PPP发展水平与地方财政承受力研究,PPP发展水平与地方财政承受力研究R01规则,按案例主题识别同类事项中的风险特征并生成疑点。,文章案例文本；审计事项清单；问题线索台账；审计证据资料；预算指标表；财政支出明细,风险词命中/数据缺失/证据不一致/指标偏离/流程缺陷,命中对象、风险等级、证据资料、核查建议,P0,magazine_435_articles,D:\openclaw-workspace\knowledge\11-杂志文献\财政监督\19.PPP 发展水平与地方财政承受力研究.md
MAGSOC-0043-R02,audit_rule,generated_rule,MAGSOC-0043,63,C,民生与社保医保 / 预算执行与财政管理 / 招投标与政府采购,PPP发展水平与地方财政承受力研究,PPP发展水平与地方财政承受力研究R02规则,核查案例涉及的数据、证据和整改链条是否完整一致。,文章案例文本；审计事项清单；问题线索台账；审计证据资料；预算指标表；财政支出明细,风险词命中/数据缺失/证据不一致/指标偏离/流程缺陷,命中对象、风险等级、证据资料、核查建议,P0,magazine_435_articles,D:\openclaw-workspace\knowledge\11-杂志文献\财政监督\19.PPP 发展水平与地方财政承受力研究.md
MAGSOC-0003-R01,audit_rule,generated_rule,MAGSOC-0003,53,D,民生与社保医保 / 预算执行与财政管理 / 招投标与政府采购,中华人民共和国国务院令,中华人民共和国国务院令R01规则,按案例主题识别同类事项中的风险特征并生成疑点。,文章案例文本；审计事项清单；问题线索台账；审计证据资料；预算指标表；财政支出明细,风险词命中/数据缺失/证据不一致/指标偏离/流程缺陷,命中对象、风险等级、证据资料、核查建议,P1,magazine_435_articles,D:\openclaw-workspace\knowledge\11-杂志文献\四川注册会计师\005.中华人民共和国国务院令.md
MAGSOC-0003-R02,audit_rule,generated_rule,MAGSOC-0003,53,D,民生与社保医保 / 预算执行与财政管理 / 招投标与政府采购,中华人民共和国国务院令,中华人民共和国国务院令R02规则,核查案例涉及的数据、证据和整改链条是否完整一致。,文章案例文本；审计事项清单；问题线索台账；审计证据资料；预算指标表；财政支出明细,风险词命中/数据缺失/证据不一致/指标偏离/流程缺陷,命中对象、风险等级、证据资料、核查建议,P1,magazine_435_articles,D:\openclaw-workspace\knowledge\11-杂志文献\四川注册会计师\005.中华人民共和国国务院令.md
MAGSOC-0055-R01,audit_rule,generated_rule,MAGSOC-0055,63,C,民生与社保医保 / 预算执行与财政管理 / 招投标与政府采购,中国税制改革的十年(2012—2022)回顾与前瞻,中国税制改革的十年(2012—2022)回顾与前瞻R01规则,按案例主题识别同类事项中的风险特征并生成疑点。,文章案例文本；审计事项清单；问题线索台账；审计证据资料；预算指标表；财政支出明细,风险词命中/数据缺失/证据不一致/指标偏离/流程缺陷,命中对象、风险等级、证据资料、核查建议,P0,magazine_435_articles,D:\openclaw-workspace\knowledge\11-杂志文献\财政监督\22.中国税制改革的十年(2012—2022)回顾与前瞻.md
MAGSOC-0055-R02,audit_rule,generated_rule,MAGSOC-0055,63,C,民生与社保医保 / 预算执行与财政管理 / 招投标与政府采购,中国税制改革的十年(2012—2022)回顾与前瞻,中国税制改革的十年(2012—2022)回顾与前瞻R02规则,核查案例涉及的数据、证据和整改链条是否完整一致。,文章案例文本；审计事项清单；问题线索台账；审计证据资料；预算指标表；财政支出明细,风险词命中/数据缺失/证据不一致/指标偏离/流程缺陷,命中对象、风险等级、证据资料、核查建议,P0,magazine_435_articles,D:\openclaw-workspace\knowledge\11-杂志文献\财政监督\22.中国税制改革的十年(2012—2022)回顾与前瞻.md
MAGSOC-0051-R01,audit_rule,generated_rule,MAGSOC-0051,63,C,民生与社保医保 / 预算执行与财政管理 / 招投标与政府采购,事业单位财务数智化转型路径研究,事业单位财务数智化转型路径研究R01规则,按案例主题识别同类事项中的风险特征并生成疑点。,文章案例文本；审计事项清单；问题线索台账；审计证据资料；预算指标表；财政支出明细,风险词命中/数据缺失/证据不一致/指标偏离/流程缺陷,命中对象、风险等级、证据资料、核查建议,P0,magazine_435_articles,D:\openclaw-workspace\knowledge\11-杂志文献\财政监督\20.事业单位财务数智化转型路径研究.md
MAGSOC-0051-R02,audit_rule,generated_rule,MAGSOC-0051,63,C,民生与社保医保 / 预算执行与财政管理 / 招投标与政府采购,事业单位财务数智化转型路径研究,事业单位财务数智化转型路径研究R02规则,核查案例涉及的数据、证据和整改链条是否完整一致。,文章案例文本；审计事项清单；问题线索台账；审计证据资料；预算指标表；财政支出明细,风险词命中/数据缺失/证据不一致/指标偏离/流程缺陷,命中对象、风险等级、证据资料、核查建议,P0,magazine_435_articles,D:\openclaw-workspace\knowledge\11-杂志文献\财政监督\20.事业单位财务数智化转型路径研究.md
MAGSOC-0048-R01,audit_rule,generated_rule,MAGSOC-0048,63,C,民生与社保医保 / 预算执行与财政管理 / 招投标与政府采购,人大预算审查监督工作创新发展探讨,人大预算审查监督工作创新发展探讨R01规则,按案例主题识别同类事项中的风险特征并生成疑点。,文章案例文本；审计事项清单；问题线索台账；审计证据资料；预算指标表；财政支出明细,风险词命中/数据缺失/证据不一致/指标偏离/流程缺陷,命中对象、风险等级、证据资料、核查建议,P0,magazine_435_articles,D:\openclaw-workspace\knowledge\11-杂志文献\财政监督\2.新时代人大预算审查监督工作创新发展探讨.md
MAGSOC-0048-R02,audit_rule,generated_rule,MAGSOC-0048,63,C,民生与社保医保 / 预算执行与财政管理 / 招投标与政府采购,人大预算审查监督工作创新发展探讨,人大预算审查监督工作创新发展探讨R02规则,核查案例涉及的数据、证据和整改链条是否完整一致。,文章案例文本；审计事项清单；问题线索台账；审计证据资料；预算指标表；财政支出明细,风险词命中/数据缺失/证据不一致/指标偏离/流程缺陷,命中对象、风险等级、证据资料、核查建议,P0,magazine_435_articles,D:\openclaw-workspace\knowledge\11-杂志文献\财政监督\2.新时代人大预算审查监督工作创新发展探讨.md
MAGSOC-0076-R01,audit_rule,generated_rule,MAGSOC-0076,53,D,民生与社保医保 / 预算执行与财政管理 / 招投标与政府采购,人才专项资金绩效评价实践探索,人才专项资金绩效评价实践探索R01规则,按案例主题识别同类事项中的风险特征并生成疑点。,文章案例文本；审计事项清单；问题线索台账；审计证据资料；预算指标表；财政支出明细,风险词命中/数据缺失/证据不一致/指标偏离/流程缺陷,命中对象、风险等级、证据资料、核查建议,P1,magazine_435_articles,D:\openclaw-workspace\knowledge\11-杂志文献\财政监督\9.人才专项资金绩效评价实践探索.md
MAGSOC-0076-R02,audit_rule,generated_rule,MAGSOC-0076,53,D,民生与社保医保 / 预算执行与财政管理 / 招投标与政府采购,人才专项资金绩效评价实践探索,人才专项资金绩效评价实践探索R02规则,核查案例涉及的数据、证据和整改链条是否完整一致。,文章案例文本；审计事项清单；问题线索台账；审计证据资料；预算指标表；财政支出明细,风险词命中/数据缺失/证据不一致/指标偏离/流程缺陷,命中对象、风险等级、证据资料、核查建议,P1,magazine_435_articles,D:\openclaw-workspace\knowledge\11-杂志文献\财政监督\9.人才专项资金绩效评价实践探索.md
MAGSOC-0026-R01,audit_rule,generated_rule,MAGSOC-0026,63,C,民生与社保医保 / 预算执行与财政管理 / 招投标与政府采购,人才政策绩效评价及分析,人才政策绩效评价及分析R01规则,按案例主题识别同类事项中的风险特征并生成疑点。,文章案例文本；审计事项清单；问题线索台账；审计证据资料；预算指标表；财政支出明细,风险词命中/数据缺失/证据不一致/指标偏离/流程缺陷,命中对象、风险等级、证据资料、核查建议,P0,magazine_435_articles,D:\openclaw-workspace\knowledge\11-杂志文献\财政监督\11.人才政策绩效评价及分析.md
MAGSOC-0026-R02,audit_rule,generated_rule,MAGSOC-0026,63,C,民生与社保医保 / 预算执行与财政管理 / 招投标与政府采购,人才政策绩效评价及分析,人才政策绩效评价及分析R02规则,核查案例涉及的数据、证据和整改链条是否完整一致。,文章案例文本；审计事项清单；问题线索台账；审计证据资料；预算指标表；财政支出明细,风险词命中/数据缺失/证据不一致/指标偏离/流程缺陷,命中对象、风险等级、证据资料、核查建议,P0,magazine_435_articles,D:\openclaw-workspace\knowledge\11-杂志文献\财政监督\11.人才政策绩效评价及分析.md
MAGSOC-0062-R01,audit_rule,generated_rule,MAGSOC-0062,63,C,民生与社保医保 / 预算执行与财政管理 / 招投标与政府采购,以人大预算审查监督防范地方财政风险,以人大预算审查监督防范地方财政风险R01规则,按案例主题识别同类事项中的风险特征并生成疑点。,文章案例文本；审计事项清单；问题线索台账；审计证据资料；预算指标表；财政支出明细,风险词命中/数据缺失/证据不一致/指标偏离/流程缺陷,命中对象、风险等级、证据资料、核查建议,P0,magazine_435_articles,D:\openclaw-workspace\knowledge\11-杂志文献\财政监督\5.以人大预算审查监督防范地方财政风险.md
MAGSOC-0062-R02,audit_rule,generated_rule,MAGSOC-0062,63,C,民生与社保医保 / 预算执行与财政管理 / 招投标与政府采购,以人大预算审查监督防范地方财政风险,以人大预算审查监督防范地方财政风险R02规则,核查案例涉及的数据、证据和整改链条是否完整一致。,文章案例文本；审计事项清单；问题线索台账；审计证据资料；预算指标表；财政支出明细,风险词命中/数据缺失/证据不一致/指标偏离/流程缺陷,命中对象、风险等级、证据资料、核查建议,P0,magazine_435_articles,D:\openclaw-workspace\knowledge\11-杂志文献\财政监督\5.以人大预算审查监督防范地方财政风险.md
MAGSOC-0071-R01,audit_rule,generated_rule,MAGSOC-0071,53,D,民生与社保医保 / 预算执行与财政管理 / 招投标与政府采购,以成本效益分析法推动财政支出标准体系建设初探,以成本效益分析法推动财政支出标准体系建设初探R01规则,按案例主题识别同类事项中的风险特征并生成疑点。,文章案例文本；审计事项清单；问题线索台账；审计证据资料；预算指标表；财政支出明细,风险词命中/数据缺失/证据不一致/指标偏离/流程缺陷,命中对象、风险等级、证据资料、核查建议,P1,magazine_435_articles,D:\openclaw-workspace\knowledge\11-杂志文献\财政监督\7.以成本效益分析法推动财政支出标准体系建设初探.md
MAGSOC-0071-R02,audit_rule,generated_rule,MAGSOC-0071,53,D,民生与社保医保 / 预算执行与财政管理 / 招投标与政府采购,以成本效益分析法推动财政支出标准体系建设初探,以成本效益分析法推动财政支出标准体系建设初探R02规则,核查案例涉及的数据、证据和整改链条是否完整一致。,文章案例文本；审计事项清单；问题线索台账；审计证据资料；预算指标表；财政支出明细,风险词命中/数据缺失/证据不一致/指标偏离/流程缺陷,命中对象、风险等级、证据资料、核查建议,P1,magazine_435_articles,D:\openclaw-workspace\knowledge\11-杂志文献\财政监督\7.以成本效益分析法推动财政支出标准体系建设初探.md
MAGSOC-0037-R01,audit_rule,generated_rule,MAGSOC-0037,63,C,民生与社保医保 / 预算执行与财政管理 / 招投标与政府采购,以预算管理改革提升财政资金使用绩效,以预算管理改革提升财政资金使用绩效R01规则,按案例主题识别同类事项中的风险特征并生成疑点。,文章案例文本；审计事项清单；问题线索台账；审计证据资料；预算指标表；财政支出明细,风险词命中/数据缺失/证据不一致/指标偏离/流程缺陷,命中对象、风险等级、证据资料、核查建议,P0,magazine_435_articles,D:\openclaw-workspace\knowledge\11-杂志文献\财政监督\16.以预算管理改革提升财政资金使用绩效.md
MAGSOC-0037-R02,audit_rule,generated_rule,MAGSOC-0037,63,C,民生与社保医保 / 预算执行与财政管理 / 招投标与政府采购,以预算管理改革提升财政资金使用绩效,以预算管理改革提升财政资金使用绩效R02规则,核查案例涉及的数据、证据和整改链条是否完整一致。,文章案例文本；审计事项清单；问题线索台账；审计证据资料；预算指标表；财政支出明细,风险词命中/数据缺失/证据不一致/指标偏离/流程缺陷,命中对象、风险等级、证据资料、核查建议,P0,magazine_435_articles,D:\openclaw-workspace\knowledge\11-杂志文献\财政监督\16.以预算管理改革提升财政资金使用绩效.md
MAGSOC-0056-R01,audit_rule,generated_rule,MAGSOC-0056,63,C,民生与社保医保 / 预算执行与财政管理 / 招投标与政府采购,企业财务管理转型目标探讨,企业财务管理转型目标探讨R01规则,按案例主题识别同类事项中的风险特征并生成疑点。,文章案例文本；审计事项清单；问题线索台账；审计证据资料；预算指标表；财政支出明细,风险词命中/数据缺失/证据不一致/指标偏离/流程缺陷,命中对象、风险等级、证据资料、核查建议,P0,magazine_435_articles,D:\openclaw-workspace\knowledge\11-杂志文献\财政监督\24.数字化背景下企业财务管理转型目标探讨.md
MAGSOC-0056-R02,audit_rule,generated_rule,MAGSOC-0056,63,C,民生与社保医保 / 预算执行与财政管理 / 招投标与政府采购,企业财务管理转型目标探讨,企业财务管理转型目标探讨R02规则,核查案例涉及的数据、证据和整改链条是否完整一致。,文章案例文本；审计事项清单；问题线索台账；审计证据资料；预算指标表；财政支出明细,风险词命中/数据缺失/证据不一致/指标偏离/流程缺陷,命中对象、风险等级、证据资料、核查建议,P0,magazine_435_articles,D:\openclaw-workspace\knowledge\11-杂志文献\财政监督\24.数字化背景下企业财务管理转型目标探讨.md
MAGSOC-0057-R01,audit_rule,generated_rule,MAGSOC-0057,63,C,民生与社保医保 / 预算执行与财政管理 / 招投标与政府采购,依法审查监督开拓人大预算审查监督新局面,依法审查监督开拓人大预算审查监督新局面R01规则,按案例主题识别同类事项中的风险特征并生成疑点。,文章案例文本；审计事项清单；问题线索台账；审计证据资料；预算指标表；财政支出明细,风险词命中/数据缺失/证据不一致/指标偏离/流程缺陷,命中对象、风险等级、证据资料、核查建议,P0,magazine_435_articles,D:\openclaw-workspace\knowledge\11-杂志文献\财政监督\3.依法审查监督开拓人大预算审查监督新局面.md
MAGSOC-0057-R02,audit_rule,generated_rule,MAGSOC-0057,63,C,民生与社保医保 / 预算执行与财政管理 / 招投标与政府采购,依法审查监督开拓人大预算审查监督新局面,依法审查监督开拓人大预算审查监督新局面R02规则,核查案例涉及的数据、证据和整改链条是否完整一致。,文章案例文本；审计事项清单；问题线索台账；审计证据资料；预算指标表；财政支出明细,风险词命中/数据缺失/证据不一致/指标偏离/流程缺陷,命中对象、风险等级、证据资料、核查建议,P0,magazine_435_articles,D:\openclaw-workspace\knowledge\11-杂志文献\财政监督\3.依法审查监督开拓人大预算审查监督新局面.md
MAGSOC-0047-R01,audit_rule,generated_rule,MAGSOC-0047,63,C,民生与社保医保 / 预算执行与财政管理 / 招投标与政府采购,全成本预算绩效管理优化路径分析,全成本预算绩效管理优化路径分析R01规则,按案例主题识别同类事项中的风险特征并生成疑点。,文章案例文本；审计事项清单；问题线索台账；审计证据资料；预算指标表；财政支出明细,风险词命中/数据缺失/证据不一致/指标偏离/流程缺陷,命中对象、风险等级、证据资料、核查建议,P0,magazine_435_articles,D:\openclaw-workspace\knowledge\11-杂志文献\财政监督\2.全成本预算绩效管理优化路径分析.md
MAGSOC-0047-R02,audit_rule,generated_rule,MAGSOC-0047,63,C,民生与社保医保 / 预算执行与财政管理 / 招投标与政府采购,全成本预算绩效管理优化路径分析,全成本预算绩效管理优化路径分析R02规则,核查案例涉及的数据、证据和整改链条是否完整一致。,文章案例文本；审计事项清单；问题线索台账；审计证据资料；预算指标表；财政支出明细,风险词命中/数据缺失/证据不一致/指标偏离/流程缺陷,命中对象、风险等级、证据资料、核查建议,P0,magazine_435_articles,D:\openclaw-workspace\knowledge\11-杂志文献\财政监督\2.全成本预算绩效管理优化路径分析.md
MAGSOC-0058-R01,audit_rule,generated_rule,MAGSOC-0058,63,C,民生与社保医保 / 预算执行与财政管理 / 招投标与政府采购,全成本预算绩效管理实例分析,全成本预算绩效管理实例分析R01规则,按案例主题识别同类事项中的风险特征并生成疑点。,文章案例文本；审计事项清单；问题线索台账；审计证据资料；预算指标表；财政支出明细,风险词命中/数据缺失/证据不一致/指标偏离/流程缺陷,命中对象、风险等级、证据资料、核查建议,P0,magazine_435_articles,D:\openclaw-workspace\knowledge\11-杂志文献\财政监督\4.全成本预算绩效管理实例分析.md
MAGSOC-0058-R02,audit_rule,generated_rule,MAGSOC-0058,63,C,民生与社保医保 / 预算执行与财政管理 / 招投标与政府采购,全成本预算绩效管理实例分析,全成本预算绩效管理实例分析R02规则,核查案例涉及的数据、证据和整改链条是否完整一致。,文章案例文本；审计事项清单；问题线索台账；审计证据资料；预算指标表；财政支出明细,风险词命中/数据缺失/证据不一致/指标偏离/流程缺陷,命中对象、风险等级、证据资料、核查建议,P0,magazine_435_articles,D:\openclaw-workspace\knowledge\11-杂志文献\财政监督\4.全成本预算绩效管理实例分析.md
MAGSOC-0077-R01,audit_rule,generated_rule,MAGSOC-0077,63,C,民生与社保医保 / 预算执行与财政管理 / 招投标与政府采购,全成本预算绩效管理的实践及思考,全成本预算绩效管理的实践及思考R01规则,按案例主题识别同类事项中的风险特征并生成疑点。,文章案例文本；审计事项清单；问题线索台账；审计证据资料；预算指标表；财政支出明细,风险词命中/数据缺失/证据不一致/指标偏离/流程缺陷,命中对象、风险等级、证据资料、核查建议,P0,magazine_435_articles,D:\openclaw-workspace\knowledge\11-杂志文献\财政监督\9.全成本预算绩效管理的实践及思考.md
MAGSOC-0077-R02,audit_rule,generated_rule,MAGSOC-0077,63,C,民生与社保医保 / 预算执行与财政管理 / 招投标与政府采购,全成本预算绩效管理的实践及思考,全成本预算绩效管理的实践及思考R02规则,核查案例涉及的数据、证据和整改链条是否完整一致。,文章案例文本；审计事项清单；问题线索台账；审计证据资料；预算指标表；财政支出明细,风险词命中/数据缺失/证据不一致/指标偏离/流程缺陷,命中对象、风险等级、证据资料、核查建议,P0,magazine_435_articles,D:\openclaw-workspace\knowledge\11-杂志文献\财政监督\9.全成本预算绩效管理的实践及思考.md
MAGSOC-0024-R01,audit_rule,generated_rule,MAGSOC-0024,53,D,民生与社保医保 / 预算执行与财政管理 / 招投标与政府采购,全面深化预算绩效管理改革的实践与探索,全面深化预算绩效管理改革的实践与探索R01规则,按案例主题识别同类事项中的风险特征并生成疑点。,文章案例文本；审计事项清单；问题线索台账；审计证据资料；预算指标表；财政支出明细,风险词命中/数据缺失/证据不一致/指标偏离/流程缺陷,命中对象、风险等级、证据资料、核查建议,P1,magazine_435_articles,D:\openclaw-workspace\knowledge\11-杂志文献\财政监督\10.关于全面深化预算绩效管理改革的实践与探索.md
MAGSOC-0024-R02,audit_rule,generated_rule,MAGSOC-0024,53,D,民生与社保医保 / 预算执行与财政管理 / 招投标与政府采购,全面深化预算绩效管理改革的实践与探索,全面深化预算绩效管理改革的实践与探索R02规则,核查案例涉及的数据、证据和整改链条是否完整一致。,文章案例文本；审计事项清单；问题线索台账；审计证据资料；预算指标表；财政支出明细,风险词命中/数据缺失/证据不一致/指标偏离/流程缺陷,命中对象、风险等级、证据资料、核查建议,P1,magazine_435_articles,D:\openclaw-workspace\knowledge\11-杂志文献\财政监督\10.关于全面深化预算绩效管理改革的实践与探索.md
MAGSOC-0023-R01,audit_rule,generated_rule,MAGSOC-0023,63,C,民生与社保医保 / 预算执行与财政管理 / 招投标与政府采购,共同富裕背景下财政促进就业政策绩效分析,共同富裕背景下财政促进就业政策绩效分析R01规则,按案例主题识别同类事项中的风险特征并生成疑点。,文章案例文本；审计事项清单；问题线索台账；审计证据资料；预算指标表；财政支出明细,风险词命中/数据缺失/证据不一致/指标偏离/流程缺陷,命中对象、风险等级、证据资料、核查建议,P0,magazine_435_articles,D:\openclaw-workspace\knowledge\11-杂志文献\财政监督\10.共同富裕背景下财政促进就业政策绩效分析.md
MAGSOC-0023-R02,audit_rule,generated_rule,MAGSOC-0023,63,C,民生与社保医保 / 预算执行与财政管理 / 招投标与政府采购,共同富裕背景下财政促进就业政策绩效分析,共同富裕背景下财政促进就业政策绩效分析R02规则,核查案例涉及的数据、证据和整改链条是否完整一致。,文章案例文本；审计事项清单；问题线索台账；审计证据资料；预算指标表；财政支出明细,风险词命中/数据缺失/证据不一致/指标偏离/流程缺陷,命中对象、风险等级、证据资料、核查建议,P0,magazine_435_articles,D:\openclaw-workspace\knowledge\11-杂志文献\财政监督\10.共同富裕背景下财政促进就业政策绩效分析.md
MAGSOC-0078-R01,audit_rule,generated_rule,MAGSOC-0078,53,D,民生与社保医保 / 预算执行与财政管理 / 招投标与政府采购,关注国有资本经营预算绩效管理,关注国有资本经营预算绩效管理R01规则,按案例主题识别同类事项中的风险特征并生成疑点。,文章案例文本；审计事项清单；问题线索台账；审计证据资料；预算指标表；财政支出明细,风险词命中/数据缺失/证据不一致/指标偏离/流程缺陷,命中对象、风险等级、证据资料、核查建议,P1,magazine_435_articles,D:\openclaw-workspace\knowledge\11-杂志文献\财政监督\9.关注国有资本经营预算绩效管理.md
MAGSOC-0078-R02,audit_rule,generated_rule,MAGSOC-0078,53,D,民生与社保医保 / 预算执行与财政管理 / 招投标与政府采购,关注国有资本经营预算绩效管理,关注国有资本经营预算绩效管理R02规则,核查案例涉及的数据、证据和整改链条是否完整一致。,文章案例文本；审计事项清单；问题线索台账；审计证据资料；预算指标表；财政支出明细,风险词命中/数据缺失/证据不一致/指标偏离/流程缺陷,命中对象、风险等级、证据资料、核查建议,P1,magazine_435_articles,D:\openclaw-workspace\knowledge\11-杂志文献\财政监督\9.关注国有资本经营预算绩效管理.md
MAGSOC-0067-R01,audit_rule,generated_rule,MAGSOC-0067,63,C,民生与社保医保 / 预算执行与财政管理 / 招投标与政府采购,关注地方预决算公开度排行榜,关注地方预决算公开度排行榜R01规则,按案例主题识别同类事项中的风险特征并生成疑点。,文章案例文本；审计事项清单；问题线索台账；审计证据资料；预算指标表；财政支出明细,风险词命中/数据缺失/证据不一致/指标偏离/流程缺陷,命中对象、风险等级、证据资料、核查建议,P0,magazine_435_articles,D:\openclaw-workspace\knowledge\11-杂志文献\财政监督\6.关注地方预决算公开度排行榜.md
MAGSOC-0067-R02,audit_rule,generated_rule,MAGSOC-0067,63,C,民生与社保医保 / 预算执行与财政管理 / 招投标与政府采购,关注地方预决算公开度排行榜,关注地方预决算公开度排行榜R02规则,核查案例涉及的数据、证据和整改链条是否完整一致。,文章案例文本；审计事项清单；问题线索台账；审计证据资料；预算指标表；财政支出明细,风险词命中/数据缺失/证据不一致/指标偏离/流程缺陷,命中对象、风险等级、证据资料、核查建议,P0,magazine_435_articles,D:\openclaw-workspace\knowledge\11-杂志文献\财政监督\6.关注地方预决算公开度排行榜.md
MAGSOC-0007-R01,audit_rule,generated_rule,MAGSOC-0007,63,C,民生与社保医保 / 预算执行与财政管理 / 招投标与政府采购,加强出版学科建设推动出版业高质量发展,加强出版学科建设推动出版业高质量发展R01规则,按案例主题识别同类事项中的风险特征并生成疑点。,文章案例文本；审计事项清单；问题线索台账；审计证据资料；预算指标表；财政支出明细,风险词命中/数据缺失/证据不一致/指标偏离/流程缺陷,命中对象、风险等级、证据资料、核查建议,P0,magazine_435_articles,D:\openclaw-workspace\knowledge\11-杂志文献\审计观察\12.加强出版学科建设推动出版业高质量发展.md
MAGSOC-0007-R02,audit_rule,generated_rule,MAGSOC-0007,63,C,民生与社保医保 / 预算执行与财政管理 / 招投标与政府采购,加强出版学科建设推动出版业高质量发展,加强出版学科建设推动出版业高质量发展R02规则,核查案例涉及的数据、证据和整改链条是否完整一致。,文章案例文本；审计事项清单；问题线索台账；审计证据资料；预算指标表；财政支出明细,风险词命中/数据缺失/证据不一致/指标偏离/流程缺陷,命中对象、风险等级、证据资料、核查建议,P0,magazine_435_articles,D:\openclaw-workspace\knowledge\11-杂志文献\审计观察\12.加强出版学科建设推动出版业高质量发展.md
MAGSOC-0072-R01,audit_rule,generated_rule,MAGSOC-0072,63,C,民生与社保医保 / 预算执行与财政管理 / 招投标与政府采购,加强民生支出财政监督切实提升民生福祉,加强民生支出财政监督切实提升民生福祉R01规则,按案例主题识别同类事项中的风险特征并生成疑点。,文章案例文本；审计事项清单；问题线索台账；审计证据资料；预算指标表；财政支出明细,风险词命中/数据缺失/证据不一致/指标偏离/流程缺陷,命中对象、风险等级、证据资料、核查建议,P0,magazine_435_articles,D:\openclaw-workspace\knowledge\11-杂志文献\财政监督\7.加强民生支出财政监督切实提升民生福祉.md
MAGSOC-0072-R02,audit_rule,generated_rule,MAGSOC-0072,63,C,民生与社保医保 / 预算执行与财政管理 / 招投标与政府采购,加强民生支出财政监督切实提升民生福祉,加强民生支出财政监督切实提升民生福祉R02规则,核查案例涉及的数据、证据和整改链条是否完整一致。,文章案例文本；审计事项清单；问题线索台账；审计证据资料；预算指标表；财政支出明细,风险词命中/数据缺失/证据不一致/指标偏离/流程缺陷,命中对象、风险等级、证据资料、核查建议,P0,magazine_435_articles,D:\openclaw-workspace\knowledge\11-杂志文献\财政监督\7.加强民生支出财政监督切实提升民生福祉.md
MAGSOC-0074-R01,audit_rule,generated_rule,MAGSOC-0074,63,C,民生与社保医保 / 预算执行与财政管理 / 招投标与政府采购,区县财政运行综合绩效评价探索,区县财政运行综合绩效评价探索R01规则,按案例主题识别同类事项中的风险特征并生成疑点。,文章案例文本；审计事项清单；问题线索台账；审计证据资料；预算指标表；财政支出明细,风险词命中/数据缺失/证据不一致/指标偏离/流程缺陷,命中对象、风险等级、证据资料、核查建议,P0,magazine_435_articles,D:\openclaw-workspace\knowledge\11-杂志文献\财政监督\8.区县财政运行综合绩效评价探索.md
MAGSOC-0074-R02,audit_rule,generated_rule,MAGSOC-0074,63,C,民生与社保医保 / 预算执行与财政管理 / 招投标与政府采购,区县财政运行综合绩效评价探索,区县财政运行综合绩效评价探索R02规则,核查案例涉及的数据、证据和整改链条是否完整一致。,文章案例文本；审计事项清单；问题线索台账；审计证据资料；预算指标表；财政支出明细,风险词命中/数据缺失/证据不一致/指标偏离/流程缺陷,命中对象、风险等级、证据资料、核查建议,P0,magazine_435_articles,D:\openclaw-workspace\knowledge\11-杂志文献\财政监督\8.区县财政运行综合绩效评价探索.md
MAGSOC-0044-R01,audit_rule,generated_rule,MAGSOC-0044,63,C,民生与社保医保 / 预算执行与财政管理 / 招投标与政府采购,地方政府产业投资基金审计质量提升路径探讨,地方政府产业投资基金审计质量提升路径探讨R01规则,按案例主题识别同类事项中的风险特征并生成疑点。,文章案例文本；审计事项清单；问题线索台账；审计证据资料；预算指标表；财政支出明细,风险词命中/数据缺失/证据不一致/指标偏离/流程缺陷,命中对象、风险等级、证据资料、核查建议,P0,magazine_435_articles,D:\openclaw-workspace\knowledge\11-杂志文献\财政监督\19.地方政府产业投资基金审计质量提升路径探讨.md
MAGSOC-0044-R02,audit_rule,generated_rule,MAGSOC-0044,63,C,民生与社保医保 / 预算执行与财政管理 / 招投标与政府采购,地方政府产业投资基金审计质量提升路径探讨,地方政府产业投资基金审计质量提升路径探讨R02规则,核查案例涉及的数据、证据和整改链条是否完整一致。,文章案例文本；审计事项清单；问题线索台账；审计证据资料；预算指标表；财政支出明细,风险词命中/数据缺失/证据不一致/指标偏离/流程缺陷,命中对象、风险等级、证据资料、核查建议,P0,magazine_435_articles,D:\openclaw-workspace\knowledge\11-杂志文献\财政监督\19.地方政府产业投资基金审计质量提升路径探讨.md
MAGSOC-0054-R01,audit_rule,generated_rule,MAGSOC-0054,63,C,民生与社保医保 / 预算执行与财政管理 / 招投标与政府采购,基层央行数字人民币应用的财务问题研究,基层央行数字人民币应用的财务问题研究R01规则,按案例主题识别同类事项中的风险特征并生成疑点。,文章案例文本；审计事项清单；问题线索台账；审计证据资料；预算指标表；财政支出明细,风险词命中/数据缺失/证据不一致/指标偏离/流程缺陷,命中对象、风险等级、证据资料、核查建议,P0,magazine_435_articles,D:\openclaw-workspace\knowledge\11-杂志文献\财政监督\21.基层央行数字人民币应用的财务问题研究.md
MAGSOC-0054-R02,audit_rule,generated_rule,MAGSOC-0054,63,C,民生与社保医保 / 预算执行与财政管理 / 招投标与政府采购,基层央行数字人民币应用的财务问题研究,基层央行数字人民币应用的财务问题研究R02规则,核查案例涉及的数据、证据和整改链条是否完整一致。,文章案例文本；审计事项清单；问题线索台账；审计证据资料；预算指标表；财政支出明细,风险词命中/数据缺失/证据不一致/指标偏离/流程缺陷,命中对象、风险等级、证据资料、核查建议,P0,magazine_435_articles,D:\openclaw-workspace\knowledge\11-杂志文献\财政监督\21.基层央行数字人民币应用的财务问题研究.md
MAGSOC-0035-R01,audit_rule,generated_rule,MAGSOC-0035,63,C,民生与社保医保 / 预算执行与财政管理 / 招投标与政府采购,基层财政监督促共富路径探索,基层财政监督促共富路径探索R01规则,按案例主题识别同类事项中的风险特征并生成疑点。,文章案例文本；审计事项清单；问题线索台账；审计证据资料；预算指标表；财政支出明细,风险词命中/数据缺失/证据不一致/指标偏离/流程缺陷,命中对象、风险等级、证据资料、核查建议,P0,magazine_435_articles,D:\openclaw-workspace\knowledge\11-杂志文献\财政监督\15.基层财政监督促共富路径探索.md
MAGSOC-0035-R02,audit_rule,generated_rule,MAGSOC-0035,63,C,民生与社保医保 / 预算执行与财政管理 / 招投标与政府采购,基层财政监督促共富路径探索,基层财政监督促共富路径探索R02规则,核查案例涉及的数据、证据和整改链条是否完整一致。,文章案例文本；审计事项清单；问题线索台账；审计证据资料；预算指标表；财政支出明细,风险词命中/数据缺失/证据不一致/指标偏离/流程缺陷,命中对象、风险等级、证据资料、核查建议,P0,magazine_435_articles,D:\openclaw-workspace\knowledge\11-杂志文献\财政监督\15.基层财政监督促共富路径探索.md
MAGSOC-0031-R01,audit_rule,generated_rule,MAGSOC-0031,63,C,民生与社保医保 / 预算执行与财政管理 / 招投标与政府采购,基层预算绩效管理改革的创新实践,基层预算绩效管理改革的创新实践R01规则,按案例主题识别同类事项中的风险特征并生成疑点。,文章案例文本；审计事项清单；问题线索台账；审计证据资料；预算指标表；财政支出明细,风险词命中/数据缺失/证据不一致/指标偏离/流程缺陷,命中对象、风险等级、证据资料、核查建议,P0,magazine_435_articles,D:\openclaw-workspace\knowledge\11-杂志文献\财政监督\13.基层预算绩效管理改革的创新实践.md
MAGSOC-0031-R02,audit_rule,generated_rule,MAGSOC-0031,63,C,民生与社保医保 / 预算执行与财政管理 / 招投标与政府采购,基层预算绩效管理改革的创新实践,基层预算绩效管理改革的创新实践R02规则,核查案例涉及的数据、证据和整改链条是否完整一致。,文章案例文本；审计事项清单；问题线索台账；审计证据资料；预算指标表；财政支出明细,风险词命中/数据缺失/证据不一致/指标偏离/流程缺陷,命中对象、风险等级、证据资料、核查建议,P0,magazine_435_articles,D:\openclaw-workspace\knowledge\11-杂志文献\财政监督\13.基层预算绩效管理改革的创新实践.md
MAGSOC-0041-R01,audit_rule,generated_rule,MAGSOC-0041,53,D,民生与社保医保 / 预算执行与财政管理 / 招投标与政府采购,多维度改革创新惠民惠农财政补贴资金“一卡通”监管模式,多维度改革创新惠民惠农财政补贴资金“一卡通”监管模式R01规则,按案例主题识别同类事项中的风险特征并生成疑点。,文章案例文本；审计事项清单；问题线索台账；审计证据资料；预算指标表；财政支出明细,风险词命中/数据缺失/证据不一致/指标偏离/流程缺陷,命中对象、风险等级、证据资料、核查建议,P1,magazine_435_articles,D:\openclaw-workspace\knowledge\11-杂志文献\财政监督\18.多维度改革创新惠民惠农财政补贴资金 “一卡通”监管模式.md
MAGSOC-0041-R02,audit_rule,generated_rule,MAGSOC-0041,53,D,民生与社保医保 / 预算执行与财政管理 / 招投标与政府采购,多维度改革创新惠民惠农财政补贴资金“一卡通”监管模式,多维度改革创新惠民惠农财政补贴资金“一卡通”监管模式R02规则,核查案例涉及的数据、证据和整改链条是否完整一致。,文章案例文本；审计事项清单；问题线索台账；审计证据资料；预算指标表；财政支出明细,风险词命中/数据缺失/证据不一致/指标偏离/流程缺陷,命中对象、风险等级、证据资料、核查建议,P1,magazine_435_articles,D:\openclaw-workspace\knowledge\11-杂志文献\财政监督\18.多维度改革创新惠民惠农财政补贴资金 “一卡通”监管模式.md
MAGSOC-0060-R01,audit_rule,generated_rule,MAGSOC-0060,63,C,民生与社保医保 / 预算执行与财政管理 / 招投标与政府采购,完善地方人大预算绩效监督的思考,完善地方人大预算绩效监督的思考R01规则,按案例主题识别同类事项中的风险特征并生成疑点。,文章案例文本；审计事项清单；问题线索台账；审计证据资料；预算指标表；财政支出明细,风险词命中/数据缺失/证据不一致/指标偏离/流程缺陷,命中对象、风险等级、证据资料、核查建议,P0,magazine_435_articles,D:\openclaw-workspace\knowledge\11-杂志文献\财政监督\4.完善地方人大预算绩效监督的思考.md
MAGSOC-0060-R02,audit_rule,generated_rule,MAGSOC-0060,63,C,民生与社保医保 / 预算执行与财政管理 / 招投标与政府采购,完善地方人大预算绩效监督的思考,完善地方人大预算绩效监督的思考R02规则,核查案例涉及的数据、证据和整改链条是否完整一致。,文章案例文本；审计事项清单；问题线索台账；审计证据资料；预算指标表；财政支出明细,风险词命中/数据缺失/证据不一致/指标偏离/流程缺陷,命中对象、风险等级、证据资料、核查建议,P0,magazine_435_articles,D:\openclaw-workspace\knowledge\11-杂志文献\财政监督\4.完善地方人大预算绩效监督的思考.md
MAGSOC-0059-R01,audit_rule,generated_rule,MAGSOC-0059,63,C,民生与社保医保 / 预算执行与财政管理 / 招投标与政府采购,完善预算执行动态监控机制探索,完善预算执行动态监控机制探索R01规则,按案例主题识别同类事项中的风险特征并生成疑点。,文章案例文本；审计事项清单；问题线索台账；审计证据资料；预算指标表；财政支出明细,风险词命中/数据缺失/证据不一致/指标偏离/流程缺陷,命中对象、风险等级、证据资料、核查建议,P0,magazine_435_articles,D:\openclaw-workspace\knowledge\11-杂志文献\财政监督\4.大数据背景下完善预算执行动态监控机制探索.md
MAGSOC-0059-R02,audit_rule,generated_rule,MAGSOC-0059,63,C,民生与社保医保 / 预算执行与财政管理 / 招投标与政府采购,完善预算执行动态监控机制探索,完善预算执行动态监控机制探索R02规则,核查案例涉及的数据、证据和整改链条是否完整一致。,文章案例文本；审计事项清单；问题线索台账；审计证据资料；预算指标表；财政支出明细,风险词命中/数据缺失/证据不一致/指标偏离/流程缺陷,命中对象、风险等级、证据资料、核查建议,P0,magazine_435_articles,D:\openclaw-workspace\knowledge\11-杂志文献\财政监督\4.大数据背景下完善预算执行动态监控机制探索.md
MAGSOC-0038-R01,audit_rule,generated_rule,MAGSOC-0038,53,D,民生与社保医保 / 预算执行与财政管理 / 招投标与政府采购,将公益性资产列入固定资产虚增资产规模,将公益性资产列入固定资产虚增资产规模R01规则,按案例主题识别同类事项中的风险特征并生成疑点。,文章案例文本；审计事项清单；问题线索台账；审计证据资料；预算指标表；财政支出明细,风险词命中/数据缺失/证据不一致/指标偏离/流程缺陷,命中对象、风险等级、证据资料、核查建议,P1,magazine_435_articles,D:\openclaw-workspace\knowledge\11-杂志文献\财政监督\16.将公益性资产列入固定资产虚增资产规模.md
MAGSOC-0038-R02,audit_rule,generated_rule,MAGSOC-0038,53,D,民生与社保医保 / 预算执行与财政管理 / 招投标与政府采购,将公益性资产列入固定资产虚增资产规模,将公益性资产列入固定资产虚增资产规模R02规则,核查案例涉及的数据、证据和整改链条是否完整一致。,文章案例文本；审计事项清单；问题线索台账；审计证据资料；预算指标表；财政支出明细,风险词命中/数据缺失/证据不一致/指标偏离/流程缺陷,命中对象、风险等级、证据资料、核查建议,P1,magazine_435_articles,D:\openclaw-workspace\knowledge\11-杂志文献\财政监督\16.将公益性资产列入固定资产虚增资产规模.md
MAGSOC-0042-R01,audit_rule,generated_rule,MAGSOC-0042,63,C,民生与社保医保 / 预算执行与财政管理 / 招投标与政府采购,平台经济下个人所得税征管问题研究,平台经济下个人所得税征管问题研究R01规则,按案例主题识别同类事项中的风险特征并生成疑点。,文章案例文本；审计事项清单；问题线索台账；审计证据资料；预算指标表；财政支出明细,风险词命中/数据缺失/证据不一致/指标偏离/流程缺陷,命中对象、风险等级、证据资料、核查建议,P0,magazine_435_articles,D:\openclaw-workspace\knowledge\11-杂志文献\财政监督\18.平台经济下个人所得税征管问题研究.md
MAGSOC-0042-R02,audit_rule,generated_rule,MAGSOC-0042,63,C,民生与社保医保 / 预算执行与财政管理 / 招投标与政府采购,平台经济下个人所得税征管问题研究,平台经济下个人所得税征管问题研究R02规则,核查案例涉及的数据、证据和整改链条是否完整一致。,文章案例文本；审计事项清单；问题线索台账；审计证据资料；预算指标表；财政支出明细,风险词命中/数据缺失/证据不一致/指标偏离/流程缺陷,命中对象、风险等级、证据资料、核查建议,P0,magazine_435_articles,D:\openclaw-workspace\knowledge\11-杂志文献\财政监督\18.平台经济下个人所得税征管问题研究.md
MAGSOC-0045-R01,audit_rule,generated_rule,MAGSOC-0045,63,C,民生与社保医保 / 预算执行与财政管理 / 招投标与政府采购,建筑企业数字化转型的动因与路径研究,建筑企业数字化转型的动因与路径研究R01规则,按案例主题识别同类事项中的风险特征并生成疑点。,文章案例文本；审计事项清单；问题线索台账；审计证据资料；预算指标表；财政支出明细,风险词命中/数据缺失/证据不一致/指标偏离/流程缺陷,命中对象、风险等级、证据资料、核查建议,P0,magazine_435_articles,D:\openclaw-workspace\knowledge\11-杂志文献\财政监督\19.建筑企业数字化转型的动因与路径研究.md
MAGSOC-0045-R02,audit_rule,generated_rule,MAGSOC-0045,63,C,民生与社保医保 / 预算执行与财政管理 / 招投标与政府采购,建筑企业数字化转型的动因与路径研究,建筑企业数字化转型的动因与路径研究R02规则,核查案例涉及的数据、证据和整改链条是否完整一致。,文章案例文本；审计事项清单；问题线索台账；审计证据资料；预算指标表；财政支出明细,风险词命中/数据缺失/证据不一致/指标偏离/流程缺陷,命中对象、风险等级、证据资料、核查建议,P0,magazine_435_articles,D:\openclaw-workspace\knowledge\11-杂志文献\财政监督\19.建筑企业数字化转型的动因与路径研究.md
MAGSOC-0029-R01,audit_rule,generated_rule,MAGSOC-0029,53,D,民生与社保医保 / 预算执行与财政管理 / 招投标与政府采购,强化中央部门预算执行监管,强化中央部门预算执行监管R01规则,按案例主题识别同类事项中的风险特征并生成疑点。,文章案例文本；审计事项清单；问题线索台账；审计证据资料；预算指标表；财政支出明细,风险词命中/数据缺失/证据不一致/指标偏离/流程缺陷,命中对象、风险等级、证据资料、核查建议,P1,magazine_435_articles,D:\openclaw-workspace\knowledge\11-杂志文献\财政监督\12.强化中央部门预算执行监管.md
MAGSOC-0029-R02,audit_rule,generated_rule,MAGSOC-0029,53,D,民生与社保医保 / 预算执行与财政管理 / 招投标与政府采购,强化中央部门预算执行监管,强化中央部门预算执行监管R02规则,核查案例涉及的数据、证据和整改链条是否完整一致。,文章案例文本；审计事项清单；问题线索台账；审计证据资料；预算指标表；财政支出明细,风险词命中/数据缺失/证据不一致/指标偏离/流程缺陷,命中对象、风险等级、证据资料、核查建议,P1,magazine_435_articles,D:\openclaw-workspace\knowledge\11-杂志文献\财政监督\12.强化中央部门预算执行监管.md
MAGSOC-0061-R01,audit_rule,generated_rule,MAGSOC-0061,53,D,民生与社保医保 / 预算执行与财政管理 / 招投标与政府采购,强化重大财政政策评价全面推进预算绩效管理,强化重大财政政策评价全面推进预算绩效管理R01规则,按案例主题识别同类事项中的风险特征并生成疑点。,文章案例文本；审计事项清单；问题线索台账；审计证据资料；预算指标表；财政支出明细,风险词命中/数据缺失/证据不一致/指标偏离/流程缺陷,命中对象、风险等级、证据资料、核查建议,P1,magazine_435_articles,D:\openclaw-workspace\knowledge\11-杂志文献\财政监督\4.强化重大财政政策评价全面推进预算绩效管理.md
MAGSOC-0061-R02,audit_rule,generated_rule,MAGSOC-0061,53,D,民生与社保医保 / 预算执行与财政管理 / 招投标与政府采购,强化重大财政政策评价全面推进预算绩效管理,强化重大财政政策评价全面推进预算绩效管理R02规则,核查案例涉及的数据、证据和整改链条是否完整一致。,文章案例文本；审计事项清单；问题线索台账；审计证据资料；预算指标表；财政支出明细,风险词命中/数据缺失/证据不一致/指标偏离/流程缺陷,命中对象、风险等级、证据资料、核查建议,P1,magazine_435_articles,D:\openclaw-workspace\knowledge\11-杂志文献\财政监督\4.强化重大财政政策评价全面推进预算绩效管理.md
MAGSOC-0006-R01,audit_rule,generated_rule,MAGSOC-0006,53,D,民生与社保医保 / 预算执行与财政管理 / 招投标与政府采购,德阳市注会行业党总支组织开展“传承家珍精神以红色教育助发展”主题党日活动,德阳市注会行业党总支组织开展“传承家珍精神以红色教育助发展”主题党日活动R01规则,按案例主题识别同类事项中的风险特征并生成疑点。,文章案例文本；审计事项清单；问题线索台账；审计证据资料；预算指标表；财政支出明细,风险词命中/数据缺失/证据不一致/指标偏离/流程缺陷,命中对象、风险等级、证据资料、核查建议,P1,magazine_435_articles,D:\openclaw-workspace\knowledge\11-杂志文献\四川注册会计师\017.德阳市注会行业党总支组织开展“传承家珍精神以红色教育助发展”主题党日活动.md
MAGSOC-0006-R02,audit_rule,generated_rule,MAGSOC-0006,53,D,民生与社保医保 / 预算执行与财政管理 / 招投标与政府采购,德阳市注会行业党总支组织开展“传承家珍精神以红色教育助发展”主题党日活动,德阳市注会行业党总支组织开展“传承家珍精神以红色教育助发展”主题党日活动R02规则,核查案例涉及的数据、证据和整改链条是否完整一致。,文章案例文本；审计事项清单；问题线索台账；审计证据资料；预算指标表；财政支出明细,风险词命中/数据缺失/证据不一致/指标偏离/流程缺陷,命中对象、风险等级、证据资料、核查建议,P1,magazine_435_articles,D:\openclaw-workspace\knowledge\11-杂志文献\四川注册会计师\017.德阳市注会行业党总支组织开展“传承家珍精神以红色教育助发展”主题党日活动.md
MAGSOC-0030-R01,audit_rule,generated_rule,MAGSOC-0030,63,C,民生与社保医保 / 预算执行与财政管理 / 招投标与政府采购,技术改造专项资金绩效评价实践探索,技术改造专项资金绩效评价实践探索R01规则,按案例主题识别同类事项中的风险特征并生成疑点。,文章案例文本；审计事项清单；问题线索台账；审计证据资料；预算指标表；财政支出明细,风险词命中/数据缺失/证据不一致/指标偏离/流程缺陷,命中对象、风险等级、证据资料、核查建议,P0,magazine_435_articles,D:\openclaw-workspace\knowledge\11-杂志文献\财政监督\12.技术改造专项资金绩效评价实践探索.md
MAGSOC-0030-R02,audit_rule,generated_rule,MAGSOC-0030,63,C,民生与社保医保 / 预算执行与财政管理 / 招投标与政府采购,技术改造专项资金绩效评价实践探索,技术改造专项资金绩效评价实践探索R02规则,核查案例涉及的数据、证据和整改链条是否完整一致。,文章案例文本；审计事项清单；问题线索台账；审计证据资料；预算指标表；财政支出明细,风险词命中/数据缺失/证据不一致/指标偏离/流程缺陷,命中对象、风险等级、证据资料、核查建议,P0,magazine_435_articles,D:\openclaw-workspace\knowledge\11-杂志文献\财政监督\12.技术改造专项资金绩效评价实践探索.md
MAGSOC-0002-R01,audit_rule,generated_rule,MAGSOC-0002,53,D,民生与社保医保 / 预算执行与财政管理 / 招投标与政府采购,推动解决政府采购异常低价问题的通知,推动解决政府采购异常低价问题的通知R01规则,按案例主题识别同类事项中的风险特征并生成疑点。,文章案例文本；审计事项清单；问题线索台账；审计证据资料；预算指标表；财政支出明细,风险词命中/数据缺失/证据不一致/指标偏离/流程缺陷,命中对象、风险等级、证据资料、核查建议,P1,magazine_435_articles,D:\openclaw-workspace\knowledge\11-杂志文献\四川注册会计师\004.关于推动解决政府采购异常低价问题的通知.md
MAGSOC-0002-R02,audit_rule,generated_rule,MAGSOC-0002,53,D,民生与社保医保 / 预算执行与财政管理 / 招投标与政府采购,推动解决政府采购异常低价问题的通知,推动解决政府采购异常低价问题的通知R02规则,核查案例涉及的数据、证据和整改链条是否完整一致。,文章案例文本；审计事项清单；问题线索台账；审计证据资料；预算指标表；财政支出明细,风险词命中/数据缺失/证据不一致/指标偏离/流程缺陷,命中对象、风险等级、证据资料、核查建议,P1,magazine_435_articles,D:\openclaw-workspace\knowledge\11-杂志文献\四川注册会计师\004.关于推动解决政府采购异常低价问题的通知.md
MAGSOC-0068-R01,audit_rule,generated_rule,MAGSOC-0068,63,C,民生与社保医保 / 预算执行与财政管理 / 招投标与政府采购,推行绩效管理加强财会监督：如何落实《行政单位财务规则》新规(下),推行绩效管理加强财会监督：如何落实《行政单位财务规则》新规(下)R01规则,按案例主题识别同类事项中的风险特征并生成疑点。,文章案例文本；审计事项清单；问题线索台账；审计证据资料；预算指标表；财政支出明细,风险词命中/数据缺失/证据不一致/指标偏离/流程缺陷,命中对象、风险等级、证据资料、核查建议,P0,magazine_435_articles,D:\openclaw-workspace\knowledge\11-杂志文献\财政监督\6.推行绩效管理加强财会监督：如何落实《行政单位财务规则》新规(下).md
MAGSOC-0068-R02,audit_rule,generated_rule,MAGSOC-0068,63,C,民生与社保医保 / 预算执行与财政管理 / 招投标与政府采购,推行绩效管理加强财会监督：如何落实《行政单位财务规则》新规(下),推行绩效管理加强财会监督：如何落实《行政单位财务规则》新规(下)R02规则,核查案例涉及的数据、证据和整改链条是否完整一致。,文章案例文本；审计事项清单；问题线索台账；审计证据资料；预算指标表；财政支出明细,风险词命中/数据缺失/证据不一致/指标偏离/流程缺陷,命中对象、风险等级、证据资料、核查建议,P0,magazine_435_articles,D:\openclaw-workspace\knowledge\11-杂志文献\财政监督\6.推行绩效管理加强财会监督：如何落实《行政单位财务规则》新规(下).md
MAGSOC-0052-R01,audit_rule,generated_rule,MAGSOC-0052,63,C,民生与社保医保 / 预算执行与财政管理 / 招投标与政府采购,政策助力县域经济发展,政策助力县域经济发展R01规则,按案例主题识别同类事项中的风险特征并生成疑点。,文章案例文本；审计事项清单；问题线索台账；审计证据资料；预算指标表；财政支出明细,风险词命中/数据缺失/证据不一致/指标偏离/流程缺陷,命中对象、风险等级、证据资料、核查建议,P0,magazine_435_articles,D:\openclaw-workspace\knowledge\11-杂志文献\财政监督\20.政策助力县域经济发展.md
MAGSOC-0052-R02,audit_rule,generated_rule,MAGSOC-0052,63,C,民生与社保医保 / 预算执行与财政管理 / 招投标与政府采购,政策助力县域经济发展,政策助力县域经济发展R02规则,核查案例涉及的数据、证据和整改链条是否完整一致。,文章案例文本；审计事项清单；问题线索台账；审计证据资料；预算指标表；财政支出明细,风险词命中/数据缺失/证据不一致/指标偏离/流程缺陷,命中对象、风险等级、证据资料、核查建议,P0,magazine_435_articles,D:\openclaw-workspace\knowledge\11-杂志文献\财政监督\20.政策助力县域经济发展.md
MAGSOC-0053-R01,audit_rule,generated_rule,MAGSOC-0053,63,C,民生与社保医保 / 预算执行与财政管理 / 招投标与政府采购,数智时代企业的业务转型及财务创新,数智时代企业的业务转型及财务创新R01规则,按案例主题识别同类事项中的风险特征并生成疑点。,文章案例文本；审计事项清单；问题线索台账；审计证据资料；预算指标表；财政支出明细,风险词命中/数据缺失/证据不一致/指标偏离/流程缺陷,命中对象、风险等级、证据资料、核查建议,P0,magazine_435_articles,D:\openclaw-workspace\knowledge\11-杂志文献\财政监督\20.数智时代企业的业务转型及财务创新.md
MAGSOC-0053-R02,audit_rule,generated_rule,MAGSOC-0053,63,C,民生与社保医保 / 预算执行与财政管理 / 招投标与政府采购,数智时代企业的业务转型及财务创新,数智时代企业的业务转型及财务创新R02规则,核查案例涉及的数据、证据和整改链条是否完整一致。,文章案例文本；审计事项清单；问题线索台账；审计证据资料；预算指标表；财政支出明细,风险词命中/数据缺失/证据不一致/指标偏离/流程缺陷,命中对象、风险等级、证据资料、核查建议,P0,magazine_435_articles,D:\openclaw-workspace\knowledge\11-杂志文献\财政监督\20.数智时代企业的业务转型及财务创新.md
MAGSOC-0075-R01,audit_rule,generated_rule,MAGSOC-0075,63,C,民生与社保医保 / 预算执行与财政管理 / 招投标与政府采购,新型研发机构绩效评价研究,新型研发机构绩效评价研究R01规则,按案例主题识别同类事项中的风险特征并生成疑点。,文章案例文本；审计事项清单；问题线索台账；审计证据资料；预算指标表；财政支出明细,风险词命中/数据缺失/证据不一致/指标偏离/流程缺陷,命中对象、风险等级、证据资料、核查建议,P0,magazine_435_articles,D:\openclaw-workspace\knowledge\11-杂志文献\财政监督\8.新型研发机构绩效评价研究.md
MAGSOC-0075-R02,audit_rule,generated_rule,MAGSOC-0075,63,C,民生与社保医保 / 预算执行与财政管理 / 招投标与政府采购,新型研发机构绩效评价研究,新型研发机构绩效评价研究R02规则,核查案例涉及的数据、证据和整改链条是否完整一致。,文章案例文本；审计事项清单；问题线索台账；审计证据资料；预算指标表；财政支出明细,风险词命中/数据缺失/证据不一致/指标偏离/流程缺陷,命中对象、风险等级、证据资料、核查建议,P0,magazine_435_articles,D:\openclaw-workspace\knowledge\11-杂志文献\财政监督\8.新型研发机构绩效评价研究.md
MAGSOC-0073-R01,audit_rule,generated_rule,MAGSOC-0073,53,D,民生与社保医保 / 预算执行与财政管理 / 招投标与政府采购,浅析政府购买公共服务绩效管理,浅析政府购买公共服务绩效管理R01规则,按案例主题识别同类事项中的风险特征并生成疑点。,文章案例文本；审计事项清单；问题线索台账；审计证据资料；预算指标表；财政支出明细,风险词命中/数据缺失/证据不一致/指标偏离/流程缺陷,命中对象、风险等级、证据资料、核查建议,P1,magazine_435_articles,D:\openclaw-workspace\knowledge\11-杂志文献\财政监督\7.浅析政府购买公共服务绩效管理.md
MAGSOC-0073-R02,audit_rule,generated_rule,MAGSOC-0073,53,D,民生与社保医保 / 预算执行与财政管理 / 招投标与政府采购,浅析政府购买公共服务绩效管理,浅析政府购买公共服务绩效管理R02规则,核查案例涉及的数据、证据和整改链条是否完整一致。,文章案例文本；审计事项清单；问题线索台账；审计证据资料；预算指标表；财政支出明细,风险词命中/数据缺失/证据不一致/指标偏离/流程缺陷,命中对象、风险等级、证据资料、核查建议,P1,magazine_435_articles,D:\openclaw-workspace\knowledge\11-杂志文献\财政监督\7.浅析政府购买公共服务绩效管理.md
MAGSOC-0028-R01,audit_rule,generated_rule,MAGSOC-0028,63,C,民生与社保医保 / 预算执行与财政管理 / 招投标与政府采购,浅析绩效管理在政府投资数字化项目管理上的运用和优化,浅析绩效管理在政府投资数字化项目管理上的运用和优化R01规则,按案例主题识别同类事项中的风险特征并生成疑点。,文章案例文本；审计事项清单；问题线索台账；审计证据资料；预算指标表；财政支出明细,风险词命中/数据缺失/证据不一致/指标偏离/流程缺陷,命中对象、风险等级、证据资料、核查建议,P0,magazine_435_articles,D:\openclaw-workspace\knowledge\11-杂志文献\财政监督\11.浅析绩效管理在政府投资数字化项目管理上的运用和优化.md
MAGSOC-0028-R02,audit_rule,generated_rule,MAGSOC-0028,63,C,民生与社保医保 / 预算执行与财政管理 / 招投标与政府采购,浅析绩效管理在政府投资数字化项目管理上的运用和优化,浅析绩效管理在政府投资数字化项目管理上的运用和优化R02规则,核查案例涉及的数据、证据和整改链条是否完整一致。,文章案例文本；审计事项清单；问题线索台账；审计证据资料；预算指标表；财政支出明细,风险词命中/数据缺失/证据不一致/指标偏离/流程缺陷,命中对象、风险等级、证据资料、核查建议,P0,magazine_435_articles,D:\openclaw-workspace\knowledge\11-杂志文献\财政监督\11.浅析绩效管理在政府投资数字化项目管理上的运用和优化.md
MAGSOC-0080-R01,audit_rule,generated_rule,MAGSOC-0080,63,C,民生与社保医保 / 预算执行与财政管理 / 招投标与政府采购,浅谈“大数据”在预算绩效评价中的探索与运用,浅谈“大数据”在预算绩效评价中的探索与运用R01规则,按案例主题识别同类事项中的风险特征并生成疑点。,文章案例文本；审计事项清单；问题线索台账；审计证据资料；预算指标表；财政支出明细,风险词命中/数据缺失/证据不一致/指标偏离/流程缺陷,命中对象、风险等级、证据资料、核查建议,P0,magazine_435_articles,D:\openclaw-workspace\knowledge\11-杂志文献\财政监督\9.浅谈“大数据”在预算绩效评价中的探索与运用.md
MAGSOC-0080-R02,audit_rule,generated_rule,MAGSOC-0080,63,C,民生与社保医保 / 预算执行与财政管理 / 招投标与政府采购,浅谈“大数据”在预算绩效评价中的探索与运用,浅谈“大数据”在预算绩效评价中的探索与运用R02规则,核查案例涉及的数据、证据和整改链条是否完整一致。,文章案例文本；审计事项清单；问题线索台账；审计证据资料；预算指标表；财政支出明细,风险词命中/数据缺失/证据不一致/指标偏离/流程缺陷,命中对象、风险等级、证据资料、核查建议,P0,magazine_435_articles,D:\openclaw-workspace\knowledge\11-杂志文献\财政监督\9.浅谈“大数据”在预算绩效评价中的探索与运用.md
MAGSOC-0022-R01,audit_rule,generated_rule,MAGSOC-0022,53,D,民生与社保医保 / 预算执行与财政管理 / 招投标与政府采购,用好财政政策工具进一步推进经济回升向好,用好财政政策工具进一步推进经济回升向好R01规则,按案例主题识别同类事项中的风险特征并生成疑点。,文章案例文本；审计事项清单；问题线索台账；审计证据资料；预算指标表；财政支出明细,风险词命中/数据缺失/证据不一致/指标偏离/流程缺陷,命中对象、风险等级、证据资料、核查建议,P1,magazine_435_articles,D:\openclaw-workspace\knowledge\11-杂志文献\财政监督\1.用好财政政策工具进一步推进经济回升向好.md
MAGSOC-0022-R02,audit_rule,generated_rule,MAGSOC-0022,53,D,民生与社保医保 / 预算执行与财政管理 / 招投标与政府采购,用好财政政策工具进一步推进经济回升向好,用好财政政策工具进一步推进经济回升向好R02规则,核查案例涉及的数据、证据和整改链条是否完整一致。,文章案例文本；审计事项清单；问题线索台账；审计证据资料；预算指标表；财政支出明细,风险词命中/数据缺失/证据不一致/指标偏离/流程缺陷,命中对象、风险等级、证据资料、核查建议,P1,magazine_435_articles,D:\openclaw-workspace\knowledge\11-杂志文献\财政监督\1.用好财政政策工具进一步推进经济回升向好.md
MAGSOC-0036-R01,audit_rule,generated_rule,MAGSOC-0036,63,C,民生与社保医保 / 预算执行与财政管理 / 招投标与政府采购,相对贫困视域下我国转移支付资金监管问题研究,相对贫困视域下我国转移支付资金监管问题研究R01规则,按案例主题识别同类事项中的风险特征并生成疑点。,文章案例文本；审计事项清单；问题线索台账；审计证据资料；预算指标表；财政支出明细,风险词命中/数据缺失/证据不一致/指标偏离/流程缺陷,命中对象、风险等级、证据资料、核查建议,P0,magazine_435_articles,D:\openclaw-workspace\knowledge\11-杂志文献\财政监督\15.相对贫困视域下我国转移支付资金监管问题研究.md
MAGSOC-0036-R02,audit_rule,generated_rule,MAGSOC-0036,63,C,民生与社保医保 / 预算执行与财政管理 / 招投标与政府采购,相对贫困视域下我国转移支付资金监管问题研究,相对贫困视域下我国转移支付资金监管问题研究R02规则,核查案例涉及的数据、证据和整改链条是否完整一致。,文章案例文本；审计事项清单；问题线索台账；审计证据资料；预算指标表；财政支出明细,风险词命中/数据缺失/证据不一致/指标偏离/流程缺陷,命中对象、风险等级、证据资料、核查建议,P0,magazine_435_articles,D:\openclaw-workspace\knowledge\11-杂志文献\财政监督\15.相对贫困视域下我国转移支付资金监管问题研究.md
MAGSOC-0005-R01,audit_rule,generated_rule,MAGSOC-0005,53,D,民生与社保医保 / 预算执行与财政管理 / 招投标与政府采购,省注协与成都锦城学院财会学院开展座谈交流,省注协与成都锦城学院财会学院开展座谈交流R01规则,按案例主题识别同类事项中的风险特征并生成疑点。,文章案例文本；审计事项清单；问题线索台账；审计证据资料；预算指标表；财政支出明细,风险词命中/数据缺失/证据不一致/指标偏离/流程缺陷,命中对象、风险等级、证据资料、核查建议,P1,magazine_435_articles,D:\openclaw-workspace\knowledge\11-杂志文献\四川注册会计师\013.省注协与成都锦城学院财会学院开展座谈交流.md
MAGSOC-0005-R02,audit_rule,generated_rule,MAGSOC-0005,53,D,民生与社保医保 / 预算执行与财政管理 / 招投标与政府采购,省注协与成都锦城学院财会学院开展座谈交流,省注协与成都锦城学院财会学院开展座谈交流R02规则,核查案例涉及的数据、证据和整改链条是否完整一致。,文章案例文本；审计事项清单；问题线索台账；审计证据资料；预算指标表；财政支出明细,风险词命中/数据缺失/证据不一致/指标偏离/流程缺陷,命中对象、风险等级、证据资料、核查建议,P1,magazine_435_articles,D:\openclaw-workspace\knowledge\11-杂志文献\四川注册会计师\013.省注协与成都锦城学院财会学院开展座谈交流.md
MAGSOC-0040-R01,audit_rule,generated_rule,MAGSOC-0040,63,C,民生与社保医保 / 预算执行与财政管理 / 招投标与政府采购,税款滞纳金能否超过本金,税款滞纳金能否超过本金R01规则,按案例主题识别同类事项中的风险特征并生成疑点。,文章案例文本；审计事项清单；问题线索台账；审计证据资料；预算指标表；财政支出明细,风险词命中/数据缺失/证据不一致/指标偏离/流程缺陷,命中对象、风险等级、证据资料、核查建议,P0,magazine_435_articles,D:\openclaw-workspace\knowledge\11-杂志文献\财政监督\17.税款滞纳金能否超过本金.md
MAGSOC-0040-R02,audit_rule,generated_rule,MAGSOC-0040,63,C,民生与社保医保 / 预算执行与财政管理 / 招投标与政府采购,税款滞纳金能否超过本金,税款滞纳金能否超过本金R02规则,核查案例涉及的数据、证据和整改链条是否完整一致。,文章案例文本；审计事项清单；问题线索台账；审计证据资料；预算指标表；财政支出明细,风险词命中/数据缺失/证据不一致/指标偏离/流程缺陷,命中对象、风险等级、证据资料、核查建议,P0,magazine_435_articles,D:\openclaw-workspace\knowledge\11-杂志文献\财政监督\17.税款滞纳金能否超过本金.md
MAGSOC-0069-R01,audit_rule,generated_rule,MAGSOC-0069,53,D,民生与社保医保 / 预算执行与财政管理 / 招投标与政府采购,聚焦积极财政政策的“三个着力点”,聚焦积极财政政策的“三个着力点”R01规则,按案例主题识别同类事项中的风险特征并生成疑点。,文章案例文本；审计事项清单；问题线索台账；审计证据资料；预算指标表；财政支出明细,风险词命中/数据缺失/证据不一致/指标偏离/流程缺陷,命中对象、风险等级、证据资料、核查建议,P1,magazine_435_articles,D:\openclaw-workspace\knowledge\11-杂志文献\财政监督\6.聚焦积极财政政策的“三个着力点”.md
MAGSOC-0069-R02,audit_rule,generated_rule,MAGSOC-0069,53,D,民生与社保医保 / 预算执行与财政管理 / 招投标与政府采购,聚焦积极财政政策的“三个着力点”,聚焦积极财政政策的“三个着力点”R02规则,核查案例涉及的数据、证据和整改链条是否完整一致。,文章案例文本；审计事项清单；问题线索台账；审计证据资料；预算指标表；财政支出明细,风险词命中/数据缺失/证据不一致/指标偏离/流程缺陷,命中对象、风险等级、证据资料、核查建议,P1,magazine_435_articles,D:\openclaw-workspace\knowledge\11-杂志文献\财政监督\6.聚焦积极财政政策的“三个着力点”.md
MAGSOC-0032-R01,audit_rule,generated_rule,MAGSOC-0032,53,D,民生与社保医保 / 预算执行与财政管理 / 招投标与政府采购,肃清“微腐败”强化惠民惠农财政补贴资金监管,肃清“微腐败”强化惠民惠农财政补贴资金监管R01规则,按案例主题识别同类事项中的风险特征并生成疑点。,文章案例文本；审计事项清单；问题线索台账；审计证据资料；预算指标表；财政支出明细,风险词命中/数据缺失/证据不一致/指标偏离/流程缺陷,命中对象、风险等级、证据资料、核查建议,P1,magazine_435_articles,D:\openclaw-workspace\knowledge\11-杂志文献\财政监督\14.肃清“微腐败”强化惠民惠农财政补贴资金监管.md
MAGSOC-0032-R02,audit_rule,generated_rule,MAGSOC-0032,53,D,民生与社保医保 / 预算执行与财政管理 / 招投标与政府采购,肃清“微腐败”强化惠民惠农财政补贴资金监管,肃清“微腐败”强化惠民惠农财政补贴资金监管R02规则,核查案例涉及的数据、证据和整改链条是否完整一致。,文章案例文本；审计事项清单；问题线索台账；审计证据资料；预算指标表；财政支出明细,风险词命中/数据缺失/证据不一致/指标偏离/流程缺陷,命中对象、风险等级、证据资料、核查建议,P1,magazine_435_articles,D:\openclaw-workspace\knowledge\11-杂志文献\财政监督\14.肃清“微腐败”强化惠民惠农财政补贴资金监管.md
MAGSOC-0063-R01,audit_rule,generated_rule,MAGSOC-0063,63,C,民生与社保医保 / 预算执行与财政管理 / 招投标与政府采购,财政分权、审计监督与区域绿色创新(下),财政分权、审计监督与区域绿色创新(下)R01规则,按案例主题识别同类事项中的风险特征并生成疑点。,文章案例文本；审计事项清单；问题线索台账；审计证据资料；预算指标表；财政支出明细,风险词命中/数据缺失/证据不一致/指标偏离/流程缺陷,命中对象、风险等级、证据资料、核查建议,P0,magazine_435_articles,D:\openclaw-workspace\knowledge\11-杂志文献\财政监督\5.财政分权、审计监督与区域绿色创新(下).md
MAGSOC-0063-R02,audit_rule,generated_rule,MAGSOC-0063,63,C,民生与社保医保 / 预算执行与财政管理 / 招投标与政府采购,财政分权、审计监督与区域绿色创新(下),财政分权、审计监督与区域绿色创新(下)R02规则,核查案例涉及的数据、证据和整改链条是否完整一致。,文章案例文本；审计事项清单；问题线索台账；审计证据资料；预算指标表；财政支出明细,风险词命中/数据缺失/证据不一致/指标偏离/流程缺陷,命中对象、风险等级、证据资料、核查建议,P0,magazine_435_articles,D:\openclaw-workspace\knowledge\11-杂志文献\财政监督\5.财政分权、审计监督与区域绿色创新(下).md
MAGSOC-0064-R01,audit_rule,generated_rule,MAGSOC-0064,53,D,民生与社保医保 / 预算执行与财政管理 / 招投标与政府采购,财政支出政策绩效评价思路研究与应用,财政支出政策绩效评价思路研究与应用R01规则,按案例主题识别同类事项中的风险特征并生成疑点。,文章案例文本；审计事项清单；问题线索台账；审计证据资料；预算指标表；财政支出明细,风险词命中/数据缺失/证据不一致/指标偏离/流程缺陷,命中对象、风险等级、证据资料、核查建议,P1,magazine_435_articles,D:\openclaw-workspace\knowledge\11-杂志文献\财政监督\5.财政支出政策绩效评价思路研究与应用.md
MAGSOC-0064-R02,audit_rule,generated_rule,MAGSOC-0064,53,D,民生与社保医保 / 预算执行与财政管理 / 招投标与政府采购,财政支出政策绩效评价思路研究与应用,财政支出政策绩效评价思路研究与应用R02规则,核查案例涉及的数据、证据和整改链条是否完整一致。,文章案例文本；审计事项清单；问题线索台账；审计证据资料；预算指标表；财政支出明细,风险词命中/数据缺失/证据不一致/指标偏离/流程缺陷,命中对象、风险等级、证据资料、核查建议,P1,magazine_435_articles,D:\openclaw-workspace\knowledge\11-杂志文献\财政监督\5.财政支出政策绩效评价思路研究与应用.md
MAGSOC-0049-R01,audit_rule,generated_rule,MAGSOC-0049,53,D,民生与社保医保 / 预算执行与财政管理 / 招投标与政府采购,财政监督与共同富裕,财政监督与共同富裕R01规则,按案例主题识别同类事项中的风险特征并生成疑点。,文章案例文本；审计事项清单；问题线索台账；审计证据资料；预算指标表；财政支出明细,风险词命中/数据缺失/证据不一致/指标偏离/流程缺陷,命中对象、风险等级、证据资料、核查建议,P1,magazine_435_articles,D:\openclaw-workspace\knowledge\11-杂志文献\财政监督\2.财政监督与共同富裕.md
MAGSOC-0049-R02,audit_rule,generated_rule,MAGSOC-0049,53,D,民生与社保医保 / 预算执行与财政管理 / 招投标与政府采购,财政监督与共同富裕,财政监督与共同富裕R02规则,核查案例涉及的数据、证据和整改链条是否完整一致。,文章案例文本；审计事项清单；问题线索台账；审计证据资料；预算指标表；财政支出明细,风险词命中/数据缺失/证据不一致/指标偏离/流程缺陷,命中对象、风险等级、证据资料、核查建议,P1,magazine_435_articles,D:\openclaw-workspace\knowledge\11-杂志文献\财政监督\2.财政监督与共同富裕.md
MAGSOC-0065-R01,audit_rule,generated_rule,MAGSOC-0065,63,C,民生与社保医保 / 预算执行与财政管理 / 招投标与政府采购,财政资金采购医疗设备绩效管理探讨,财政资金采购医疗设备绩效管理探讨R01规则,按案例主题识别同类事项中的风险特征并生成疑点。,文章案例文本；审计事项清单；问题线索台账；审计证据资料；预算指标表；财政支出明细,风险词命中/数据缺失/证据不一致/指标偏离/流程缺陷,命中对象、风险等级、证据资料、核查建议,P0,magazine_435_articles,D:\openclaw-workspace\knowledge\11-杂志文献\财政监督\5.财政资金采购医疗设备绩效管理探讨.md
MAGSOC-0065-R02,audit_rule,generated_rule,MAGSOC-0065,63,C,民生与社保医保 / 预算执行与财政管理 / 招投标与政府采购,财政资金采购医疗设备绩效管理探讨,财政资金采购医疗设备绩效管理探讨R02规则,核查案例涉及的数据、证据和整改链条是否完整一致。,文章案例文本；审计事项清单；问题线索台账；审计证据资料；预算指标表；财政支出明细,风险词命中/数据缺失/证据不一致/指标偏离/流程缺陷,命中对象、风险等级、证据资料、核查建议,P0,magazine_435_articles,D:\openclaw-workspace\knowledge\11-杂志文献\财政监督\5.财政资金采购医疗设备绩效管理探讨.md
MAGSOC-0070-R01,audit_rule,generated_rule,MAGSOC-0070,63,C,民生与社保医保 / 预算执行与财政管理 / 招投标与政府采购,财政预备费绩效管理的现实挑战与路径选择,财政预备费绩效管理的现实挑战与路径选择R01规则,按案例主题识别同类事项中的风险特征并生成疑点。,文章案例文本；审计事项清单；问题线索台账；审计证据资料；预算指标表；财政支出明细,风险词命中/数据缺失/证据不一致/指标偏离/流程缺陷,命中对象、风险等级、证据资料、核查建议,P0,magazine_435_articles,D:\openclaw-workspace\knowledge\11-杂志文献\财政监督\6.财政预备费绩效管理的现实挑战与路径选择.md
MAGSOC-0070-R02,audit_rule,generated_rule,MAGSOC-0070,63,C,民生与社保医保 / 预算执行与财政管理 / 招投标与政府采购,财政预备费绩效管理的现实挑战与路径选择,财政预备费绩效管理的现实挑战与路径选择R02规则,核查案例涉及的数据、证据和整改链条是否完整一致。,文章案例文本；审计事项清单；问题线索台账；审计证据资料；预算指标表；财政支出明细,风险词命中/数据缺失/证据不一致/指标偏离/流程缺陷,命中对象、风险等级、证据资料、核查建议,P0,magazine_435_articles,D:\openclaw-workspace\knowledge\11-杂志文献\财政监督\6.财政预备费绩效管理的现实挑战与路径选择.md
MAGSOC-0066-R01,audit_rule,generated_rule,MAGSOC-0066,63,C,民生与社保医保 / 预算执行与财政管理 / 招投标与政府采购,部门整体成本预算绩效分析思路研究,部门整体成本预算绩效分析思路研究R01规则,按案例主题识别同类事项中的风险特征并生成疑点。,文章案例文本；审计事项清单；问题线索台账；审计证据资料；预算指标表；财政支出明细,风险词命中/数据缺失/证据不一致/指标偏离/流程缺陷,命中对象、风险等级、证据资料、核查建议,P0,magazine_435_articles,D:\openclaw-workspace\knowledge\11-杂志文献\财政监督\5.部门整体成本预算绩效分析思路研究.md
MAGSOC-0066-R02,audit_rule,generated_rule,MAGSOC-0066,63,C,民生与社保医保 / 预算执行与财政管理 / 招投标与政府采购,部门整体成本预算绩效分析思路研究,部门整体成本预算绩效分析思路研究R02规则,核查案例涉及的数据、证据和整改链条是否完整一致。,文章案例文本；审计事项清单；问题线索台账；审计证据资料；预算指标表；财政支出明细,风险词命中/数据缺失/证据不一致/指标偏离/流程缺陷,命中对象、风险等级、证据资料、核查建议,P0,magazine_435_articles,D:\openclaw-workspace\knowledge\11-杂志文献\财政监督\5.部门整体成本预算绩效分析思路研究.md
MAGSOC-0050-R01,audit_rule,generated_rule,MAGSOC-0050,63,C,民生与社保医保 / 预算执行与财政管理 / 招投标与政府采购,重大政策和项目全周期跟踪问效的探索与实践,重大政策和项目全周期跟踪问效的探索与实践R01规则,按案例主题识别同类事项中的风险特征并生成疑点。,文章案例文本；审计事项清单；问题线索台账；审计证据资料；预算指标表；财政支出明细,风险词命中/数据缺失/证据不一致/指标偏离/流程缺陷,命中对象、风险等级、证据资料、核查建议,P0,magazine_435_articles,D:\openclaw-workspace\knowledge\11-杂志文献\财政监督\2.重大政策和项目全周期跟踪问效的探索与实践.md
MAGSOC-0050-R02,audit_rule,generated_rule,MAGSOC-0050,63,C,民生与社保医保 / 预算执行与财政管理 / 招投标与政府采购,重大政策和项目全周期跟踪问效的探索与实践,重大政策和项目全周期跟踪问效的探索与实践R02规则,核查案例涉及的数据、证据和整改链条是否完整一致。,文章案例文本；审计事项清单；问题线索台账；审计证据资料；预算指标表；财政支出明细,风险词命中/数据缺失/证据不一致/指标偏离/流程缺陷,命中对象、风险等级、证据资料、核查建议,P0,magazine_435_articles,D:\openclaw-workspace\knowledge\11-杂志文献\财政监督\2.重大政策和项目全周期跟踪问效的探索与实践.md
MAGSOC-0004-R01,audit_rule,generated_rule,MAGSOC-0004,53,D,民生与社保医保 / 预算执行与财政管理 / 招投标与政府采购,金融支持新型工业化的指导意见,金融支持新型工业化的指导意见R01规则,按案例主题识别同类事项中的风险特征并生成疑点。,文章案例文本；审计事项清单；问题线索台账；审计证据资料；预算指标表；财政支出明细,风险词命中/数据缺失/证据不一致/指标偏离/流程缺陷,命中对象、风险等级、证据资料、核查建议,P1,magazine_435_articles,D:\openclaw-workspace\knowledge\11-杂志文献\四川注册会计师\006.关于金融支持新型工业化的指导意见.md
MAGSOC-0004-R02,audit_rule,generated_rule,MAGSOC-0004,53,D,民生与社保医保 / 预算执行与财政管理 / 招投标与政府采购,金融支持新型工业化的指导意见,金融支持新型工业化的指导意见R02规则,核查案例涉及的数据、证据和整改链条是否完整一致。,文章案例文本；审计事项清单；问题线索台账；审计证据资料；预算指标表；财政支出明细,风险词命中/数据缺失/证据不一致/指标偏离/流程缺陷,命中对象、风险等级、证据资料、核查建议,P1,magazine_435_articles,D:\openclaw-workspace\knowledge\11-杂志文献\四川注册会计师\006.关于金融支持新型工业化的指导意见.md
SUPVV6D-061-R01,audit_rule,generated_rule,SUPVV6D-061,59,C,监督检查与经费舞弊,审计署党组召开会议学习贯彻习近平总书记,审计署党组召开会议学习贯彻习近平总书记完整性规则,检查审计署党组召开会议学习贯彻习近平总书记相关台账、凭证、审批和支付数据是否完整，缺失率超过阈值则预警。,项目台账；财务收支明细；合同与审批资料；支付凭证；审计发现清单,字段缺失/跨表不一致/偏离阈值/重复异常/时序异常/空间不一致,命中对象、风险等级、证据字段、核查建议,P1,ocr_55_books_deep,E:\2026\审计方法&政策文件\_ocr_output\1中国审计_7期\审计署党组召开会议学习贯彻习近平总书记.md
SUPVV6D-061-R02,audit_rule,generated_rule,SUPVV6D-061,59,C,监督检查与经费舞弊,审计署党组召开会议学习贯彻习近平总书记,审计署党组召开会议学习贯彻习近平总书记一致性规则,检查审计署党组召开会议学习贯彻习近平总书记在合同、支付、预算、绩效或业务台账之间是否一致。,项目台账；财务收支明细；合同与审批资料；支付凭证；审计发现清单,字段缺失/跨表不一致/偏离阈值/重复异常/时序异常/空间不一致,命中对象、风险等级、证据字段、核查建议,P1,ocr_55_books_deep,E:\2026\审计方法&政策文件\_ocr_output\1中国审计_7期\审计署党组召开会议学习贯彻习近平总书记.md
SUPVV6D-061-R03,audit_rule,generated_rule,SUPVV6D-061,59,C,监督检查与经费舞弊,审计署党组召开会议学习贯彻习近平总书记,审计署党组召开会议学习贯彻习近平总书记异常性规则,按历史均值、同类项目分位数或政策标准识别审计署党组召开会议学习贯彻习近平总书记异常偏离。,项目台账；财务收支明细；合同与审批资料；支付凭证；审计发现清单,字段缺失/跨表不一致/偏离阈值/重复异常/时序异常/空间不一致,命中对象、风险等级、证据字段、核查建议,P1,ocr_55_books_deep,E:\2026\审计方法&政策文件\_ocr_output\1中国审计_7期\审计署党组召开会议学习贯彻习近平总书记.md
MAGSUPV-0073-R01,audit_rule,generated_rule,MAGSUPV-0073,63,C,监督检查与经费舞弊 / 全场景通用 / 金融审计,002努力做到三个“紧紧跟随”以主题教育推动财政监管事业高质量发展,002努力做到三个“紧紧跟随”以主题教育推动财政监管事业高质量发展R01规则,按案例主题识别同类事项中的风险特征并生成疑点。,文章案例文本；审计事项清单；问题线索台账；审计证据资料；预算指标表；财政支出明细,风险词命中/数据缺失/证据不一致/指标偏离/流程缺陷,命中对象、风险等级、证据资料、核查建议,P0,magazine_435_articles,D:\openclaw-workspace\knowledge\11-杂志文献\财政监督\002努力做到三个“紧紧跟随”以主题教育推动财政监管事业高质量发展.md
MAGSUPV-0073-R02,audit_rule,generated_rule,MAGSUPV-0073,63,C,监督检查与经费舞弊 / 全场景通用 / 金融审计,002努力做到三个“紧紧跟随”以主题教育推动财政监管事业高质量发展,002努力做到三个“紧紧跟随”以主题教育推动财政监管事业高质量发展R02规则,核查案例涉及的数据、证据和整改链条是否完整一致。,文章案例文本；审计事项清单；问题线索台账；审计证据资料；预算指标表；财政支出明细,风险词命中/数据缺失/证据不一致/指标偏离/流程缺陷,命中对象、风险等级、证据资料、核查建议,P0,magazine_435_articles,D:\openclaw-workspace\knowledge\11-杂志文献\财政监督\002努力做到三个“紧紧跟随”以主题教育推动财政监管事业高质量发展.md
MAGSUPV-0074-R01,audit_rule,generated_rule,MAGSUPV-0074,63,C,监督检查与经费舞弊 / 全场景通用 / 金融审计,002多措并举持续推动绩效评价提质增效,002多措并举持续推动绩效评价提质增效R01规则,按案例主题识别同类事项中的风险特征并生成疑点。,文章案例文本；审计事项清单；问题线索台账；审计证据资料；绩效目标表；绩效评价指标,风险词命中/数据缺失/证据不一致/指标偏离/流程缺陷,命中对象、风险等级、证据资料、核查建议,P0,magazine_435_articles,D:\openclaw-workspace\knowledge\11-杂志文献\财政监督\002多措并举持续推动绩效评价提质增效.md
MAGSUPV-0074-R02,audit_rule,generated_rule,MAGSUPV-0074,63,C,监督检查与经费舞弊 / 全场景通用 / 金融审计,002多措并举持续推动绩效评价提质增效,002多措并举持续推动绩效评价提质增效R02规则,核查案例涉及的数据、证据和整改链条是否完整一致。,文章案例文本；审计事项清单；问题线索台账；审计证据资料；绩效目标表；绩效评价指标,风险词命中/数据缺失/证据不一致/指标偏离/流程缺陷,命中对象、风险等级、证据资料、核查建议,P0,magazine_435_articles,D:\openclaw-workspace\knowledge\11-杂志文献\财政监督\002多措并举持续推动绩效评价提质增效.md
MAGSUPV-0075-R01,audit_rule,generated_rule,MAGSUPV-0075,53,D,监督检查与经费舞弊 / 全场景通用 / 金融审计,003充分发挥绩效评价“手术刀”作用，为财政经济高质量发展提供坚强保障,003充分发挥绩效评价“手术刀”作用，为财政经济高质量发展提供坚强保障R01规则,按案例主题识别同类事项中的风险特征并生成疑点。,文章案例文本；审计事项清单；问题线索台账；审计证据资料；预算指标表；财政支出明细,风险词命中/数据缺失/证据不一致/指标偏离/流程缺陷,命中对象、风险等级、证据资料、核查建议,P1,magazine_435_articles,D:\openclaw-workspace\knowledge\11-杂志文献\财政监督\003充分发挥绩效评价“手术刀”作用，为财政经济高质量发展提供坚强保障.md
MAGSUPV-0075-R02,audit_rule,generated_rule,MAGSUPV-0075,53,D,监督检查与经费舞弊 / 全场景通用 / 金融审计,003充分发挥绩效评价“手术刀”作用，为财政经济高质量发展提供坚强保障,003充分发挥绩效评价“手术刀”作用，为财政经济高质量发展提供坚强保障R02规则,核查案例涉及的数据、证据和整改链条是否完整一致。,文章案例文本；审计事项清单；问题线索台账；审计证据资料；预算指标表；财政支出明细,风险词命中/数据缺失/证据不一致/指标偏离/流程缺陷,命中对象、风险等级、证据资料、核查建议,P1,magazine_435_articles,D:\openclaw-workspace\knowledge\11-杂志文献\财政监督\003充分发挥绩效评价“手术刀”作用，为财政经济高质量发展提供坚强保障.md
MAGSUPV-0076-R01,audit_rule,generated_rule,MAGSUPV-0076,63,C,监督检查与经费舞弊 / 全场景通用 / 金融审计,004学思践悟正风促干以主题教育推动财会监督事业高质量发展,004学思践悟正风促干以主题教育推动财会监督事业高质量发展R01规则,按案例主题识别同类事项中的风险特征并生成疑点。,文章案例文本；审计事项清单；问题线索台账；审计证据资料；内控制度；会计凭证,风险词命中/数据缺失/证据不一致/指标偏离/流程缺陷,命中对象、风险等级、证据资料、核查建议,P0,magazine_435_articles,D:\openclaw-workspace\knowledge\11-杂志文献\财政监督\004学思践悟正风促干以主题教育推动财会监督事业高质量发展.md
MAGSUPV-0076-R02,audit_rule,generated_rule,MAGSUPV-0076,63,C,监督检查与经费舞弊 / 全场景通用 / 金融审计,004学思践悟正风促干以主题教育推动财会监督事业高质量发展,004学思践悟正风促干以主题教育推动财会监督事业高质量发展R02规则,核查案例涉及的数据、证据和整改链条是否完整一致。,文章案例文本；审计事项清单；问题线索台账；审计证据资料；内控制度；会计凭证,风险词命中/数据缺失/证据不一致/指标偏离/流程缺陷,命中对象、风险等级、证据资料、核查建议,P0,magazine_435_articles,D:\openclaw-workspace\knowledge\11-杂志文献\财政监督\004学思践悟正风促干以主题教育推动财会监督事业高质量发展.md
MAGSUPV-0077-R01,audit_rule,generated_rule,MAGSUPV-0077,63,C,监督检查与经费舞弊 / 全场景通用 / 金融审计,006预算绩效评价理念嬗变及基本问题,006预算绩效评价理念嬗变及基本问题R01规则,按案例主题识别同类事项中的风险特征并生成疑点。,文章案例文本；审计事项清单；问题线索台账；审计证据资料；预算指标表；财政支出明细,风险词命中/数据缺失/证据不一致/指标偏离/流程缺陷,命中对象、风险等级、证据资料、核查建议,P0,magazine_435_articles,D:\openclaw-workspace\knowledge\11-杂志文献\财政监督\006预算绩效评价理念嬗变及基本问题.md
MAGSUPV-0077-R02,audit_rule,generated_rule,MAGSUPV-0077,63,C,监督检查与经费舞弊 / 全场景通用 / 金融审计,006预算绩效评价理念嬗变及基本问题,006预算绩效评价理念嬗变及基本问题R02规则,核查案例涉及的数据、证据和整改链条是否完整一致。,文章案例文本；审计事项清单；问题线索台账；审计证据资料；预算指标表；财政支出明细,风险词命中/数据缺失/证据不一致/指标偏离/流程缺陷,命中对象、风险等级、证据资料、核查建议,P0,magazine_435_articles,D:\openclaw-workspace\knowledge\11-杂志文献\财政监督\006预算绩效评价理念嬗变及基本问题.md
MAGSUPV-0078-R01,audit_rule,generated_rule,MAGSUPV-0078,63,C,监督检查与经费舞弊 / 全场景通用 / 金融审计,007新时代政府预算绩效管理的现实与前瞻,007新时代政府预算绩效管理的现实与前瞻R01规则,按案例主题识别同类事项中的风险特征并生成疑点。,文章案例文本；审计事项清单；问题线索台账；审计证据资料；预算指标表；财政支出明细,风险词命中/数据缺失/证据不一致/指标偏离/流程缺陷,命中对象、风险等级、证据资料、核查建议,P0,magazine_435_articles,D:\openclaw-workspace\knowledge\11-杂志文献\财政监督\007新时代政府预算绩效管理的现实与前瞻.md
MAGSUPV-0078-R02,audit_rule,generated_rule,MAGSUPV-0078,63,C,监督检查与经费舞弊 / 全场景通用 / 金融审计,007新时代政府预算绩效管理的现实与前瞻,007新时代政府预算绩效管理的现实与前瞻R02规则,核查案例涉及的数据、证据和整改链条是否完整一致。,文章案例文本；审计事项清单；问题线索台账；审计证据资料；预算指标表；财政支出明细,风险词命中/数据缺失/证据不一致/指标偏离/流程缺陷,命中对象、风险等级、证据资料、核查建议,P0,magazine_435_articles,D:\openclaw-workspace\knowledge\11-杂志文献\财政监督\007新时代政府预算绩效管理的现实与前瞻.md
MAGSUPV-0079-R01,audit_rule,generated_rule,MAGSUPV-0079,63,C,监督检查与经费舞弊 / 全场景通用 / 金融审计,009牢基础、强监管：新时代改进代理记账工作再加力(上),009牢基础、强监管：新时代改进代理记账工作再加力(上)R01规则,按案例主题识别同类事项中的风险特征并生成疑点。,文章案例文本；审计事项清单；问题线索台账；审计证据资料；内控制度；会计凭证,风险词命中/数据缺失/证据不一致/指标偏离/流程缺陷,命中对象、风险等级、证据资料、核查建议,P0,magazine_435_articles,D:\openclaw-workspace\knowledge\11-杂志文献\财政监督\009牢基础、强监管：新时代改进代理记 账工作再加力(上).md
MAGSUPV-0079-R02,audit_rule,generated_rule,MAGSUPV-0079,63,C,监督检查与经费舞弊 / 全场景通用 / 金融审计,009牢基础、强监管：新时代改进代理记账工作再加力(上),009牢基础、强监管：新时代改进代理记账工作再加力(上)R02规则,核查案例涉及的数据、证据和整改链条是否完整一致。,文章案例文本；审计事项清单；问题线索台账；审计证据资料；内控制度；会计凭证,风险词命中/数据缺失/证据不一致/指标偏离/流程缺陷,命中对象、风险等级、证据资料、核查建议,P0,magazine_435_articles,D:\openclaw-workspace\knowledge\11-杂志文献\财政监督\009牢基础、强监管：新时代改进代理记 账工作再加力(上).md
MAGSUPV-0080-R01,audit_rule,generated_rule,MAGSUPV-0080,53,D,监督检查与经费舞弊 / 全场景通用 / 金融审计,011深化结果应用推进财政“大绩效”管理提质增效,011深化结果应用推进财政“大绩效”管理提质增效R01规则,按案例主题识别同类事项中的风险特征并生成疑点。,文章案例文本；审计事项清单；问题线索台账；审计证据资料；预算指标表；财政支出明细,风险词命中/数据缺失/证据不一致/指标偏离/流程缺陷,命中对象、风险等级、证据资料、核查建议,P1,magazine_435_articles,D:\openclaw-workspace\knowledge\11-杂志文献\财政监督\011深化结果应用推进财政“大绩效”管理提质增效.md
MAGSUPV-0080-R02,audit_rule,generated_rule,MAGSUPV-0080,53,D,监督检查与经费舞弊 / 全场景通用 / 金融审计,011深化结果应用推进财政“大绩效”管理提质增效,011深化结果应用推进财政“大绩效”管理提质增效R02规则,核查案例涉及的数据、证据和整改链条是否完整一致。,文章案例文本；审计事项清单；问题线索台账；审计证据资料；预算指标表；财政支出明细,风险词命中/数据缺失/证据不一致/指标偏离/流程缺陷,命中对象、风险等级、证据资料、核查建议,P1,magazine_435_articles,D:\openclaw-workspace\knowledge\11-杂志文献\财政监督\011深化结果应用推进财政“大绩效”管理提质增效.md
MAGSUPV-0081-R01,audit_rule,generated_rule,MAGSUPV-0081,63,C,监督检查与经费舞弊 / 全场景通用 / 金融审计,013深化绩效改革与财会监督贯通协调的探讨,013深化绩效改革与财会监督贯通协调的探讨R01规则,按案例主题识别同类事项中的风险特征并生成疑点。,文章案例文本；审计事项清单；问题线索台账；审计证据资料；绩效目标表；绩效评价指标,风险词命中/数据缺失/证据不一致/指标偏离/流程缺陷,命中对象、风险等级、证据资料、核查建议,P0,magazine_435_articles,D:\openclaw-workspace\knowledge\11-杂志文献\财政监督\013深化绩效改革与财会监督贯通协调的探讨.md
MAGSUPV-0081-R02,audit_rule,generated_rule,MAGSUPV-0081,63,C,监督检查与经费舞弊 / 全场景通用 / 金融审计,013深化绩效改革与财会监督贯通协调的探讨,013深化绩效改革与财会监督贯通协调的探讨R02规则,核查案例涉及的数据、证据和整改链条是否完整一致。,文章案例文本；审计事项清单；问题线索台账；审计证据资料；绩效目标表；绩效评价指标,风险词命中/数据缺失/证据不一致/指标偏离/流程缺陷,命中对象、风险等级、证据资料、核查建议,P0,magazine_435_articles,D:\openclaw-workspace\knowledge\11-杂志文献\财政监督\013深化绩效改革与财会监督贯通协调的探讨.md
MAGSUPV-0082-R01,audit_rule,generated_rule,MAGSUPV-0082,63,C,监督检查与经费舞弊 / 全场景通用 / 金融审计,015应用“区块链”提升财会监督能力的探讨,015应用“区块链”提升财会监督能力的探讨R01规则,按案例主题识别同类事项中的风险特征并生成疑点。,文章案例文本；审计事项清单；问题线索台账；审计证据资料；内控制度；会计凭证,风险词命中/数据缺失/证据不一致/指标偏离/流程缺陷,命中对象、风险等级、证据资料、核查建议,P0,magazine_435_articles,D:\openclaw-workspace\knowledge\11-杂志文献\财政监督\015应用“区块链”提升财会监督能力的探讨.md
MAGSUPV-0082-R02,audit_rule,generated_rule,MAGSUPV-0082,63,C,监督检查与经费舞弊 / 全场景通用 / 金融审计,015应用“区块链”提升财会监督能力的探讨,015应用“区块链”提升财会监督能力的探讨R02规则,核查案例涉及的数据、证据和整改链条是否完整一致。,文章案例文本；审计事项清单；问题线索台账；审计证据资料；内控制度；会计凭证,风险词命中/数据缺失/证据不一致/指标偏离/流程缺陷,命中对象、风险等级、证据资料、核查建议,P0,magazine_435_articles,D:\openclaw-workspace\knowledge\11-杂志文献\财政监督\015应用“区块链”提升财会监督能力的探讨.md
MAGSUPV-0083-R01,audit_rule,generated_rule,MAGSUPV-0083,63,C,监督检查与经费舞弊 / 全场景通用 / 金融审计,015财会监督横向协同与纵向联动实践探索,015财会监督横向协同与纵向联动实践探索R01规则,按案例主题识别同类事项中的风险特征并生成疑点。,文章案例文本；审计事项清单；问题线索台账；审计证据资料；内控制度；会计凭证,风险词命中/数据缺失/证据不一致/指标偏离/流程缺陷,命中对象、风险等级、证据资料、核查建议,P0,magazine_435_articles,D:\openclaw-workspace\knowledge\11-杂志文献\财政监督\015财会监督横向协同与纵向联动实践探索.md
MAGSUPV-0083-R02,audit_rule,generated_rule,MAGSUPV-0083,63,C,监督检查与经费舞弊 / 全场景通用 / 金融审计,015财会监督横向协同与纵向联动实践探索,015财会监督横向协同与纵向联动实践探索R02规则,核查案例涉及的数据、证据和整改链条是否完整一致。,文章案例文本；审计事项清单；问题线索台账；审计证据资料；内控制度；会计凭证,风险词命中/数据缺失/证据不一致/指标偏离/流程缺陷,命中对象、风险等级、证据资料、核查建议,P0,magazine_435_articles,D:\openclaw-workspace\knowledge\11-杂志文献\财政监督\015财会监督横向协同与纵向联动实践探索.md
MAGSUPV-0084-R01,audit_rule,generated_rule,MAGSUPV-0084,63,C,监督检查与经费舞弊 / 全场景通用 / 金融审计,021ERP审计模块在大型企业内部审计中的应用探析,021ERP审计模块在大型企业内部审计中的应用探析R01规则,按案例主题识别同类事项中的风险特征并生成疑点。,文章案例文本；审计事项清单；问题线索台账；审计证据资料；内控制度；会计凭证,风险词命中/数据缺失/证据不一致/指标偏离/流程缺陷,命中对象、风险等级、证据资料、核查建议,P0,magazine_435_articles,D:\openclaw-workspace\knowledge\11-杂志文献\财政监督\021ERP审计模块在大型企业内部审计中的应用探析.md
MAGSUPV-0084-R02,audit_rule,generated_rule,MAGSUPV-0084,63,C,监督检查与经费舞弊 / 全场景通用 / 金融审计,021ERP审计模块在大型企业内部审计中的应用探析,021ERP审计模块在大型企业内部审计中的应用探析R02规则,核查案例涉及的数据、证据和整改链条是否完整一致。,文章案例文本；审计事项清单；问题线索台账；审计证据资料；内控制度；会计凭证,风险词命中/数据缺失/证据不一致/指标偏离/流程缺陷,命中对象、风险等级、证据资料、核查建议,P0,magazine_435_articles,D:\openclaw-workspace\knowledge\11-杂志文献\财政监督\021ERP审计模块在大型企业内部审计中的应用探析.md
MAGSUPV-0066-R01,audit_rule,generated_rule,MAGSUPV-0066,63,C,监督检查与经费舞弊 / 全场景通用 / 金融审计,1,1R01规则,按案例主题识别同类事项中的风险特征并生成疑点。,文章案例文本；审计事项清单；问题线索台账；审计证据资料；内控制度；会计凭证,风险词命中/数据缺失/证据不一致/指标偏离/流程缺陷,命中对象、风险等级、证据资料、核查建议,P0,magazine_435_articles,D:\openclaw-workspace\knowledge\11-杂志文献\四川注册会计师\2026.1.md
MAGSUPV-0066-R02,audit_rule,generated_rule,MAGSUPV-0066,63,C,监督检查与经费舞弊 / 全场景通用 / 金融审计,1,1R02规则,核查案例涉及的数据、证据和整改链条是否完整一致。,文章案例文本；审计事项清单；问题线索台账；审计证据资料；内控制度；会计凭证,风险词命中/数据缺失/证据不一致/指标偏离/流程缺陷,命中对象、风险等级、证据资料、核查建议,P0,magazine_435_articles,D:\openclaw-workspace\knowledge\11-杂志文献\四川注册会计师\2026.1.md
MAGSUPV-0067-R01,audit_rule,generated_rule,MAGSUPV-0067,63,C,监督检查与经费舞弊 / 全场景通用 / 金融审计,2,2R01规则,按案例主题识别同类事项中的风险特征并生成疑点。,文章案例文本；审计事项清单；问题线索台账；审计证据资料；内控制度；会计凭证,风险词命中/数据缺失/证据不一致/指标偏离/流程缺陷,命中对象、风险等级、证据资料、核查建议,P0,magazine_435_articles,D:\openclaw-workspace\knowledge\11-杂志文献\四川注册会计师\2026.2.md
MAGSUPV-0067-R02,audit_rule,generated_rule,MAGSUPV-0067,63,C,监督检查与经费舞弊 / 全场景通用 / 金融审计,2,2R02规则,核查案例涉及的数据、证据和整改链条是否完整一致。,文章案例文本；审计事项清单；问题线索台账；审计证据资料；内控制度；会计凭证,风险词命中/数据缺失/证据不一致/指标偏离/流程缺陷,命中对象、风险等级、证据资料、核查建议,P0,magazine_435_articles,D:\openclaw-workspace\knowledge\11-杂志文献\四川注册会计师\2026.2.md
MAGSUPV-0016-R01,audit_rule,generated_rule,MAGSUPV-0016,53,D,监督检查与经费舞弊 / 全场景通用 / 金融审计,2025年“注协杯”四川省大学生会计技能大赛圆满落幕,2025年“注协杯”四川省大学生会计技能大赛圆满落幕R01规则,按案例主题识别同类事项中的风险特征并生成疑点。,文章案例文本；审计事项清单；问题线索台账；审计证据资料；内控制度；会计凭证,风险词命中/数据缺失/证据不一致/指标偏离/流程缺陷,命中对象、风险等级、证据资料、核查建议,P1,magazine_435_articles,D:\openclaw-workspace\knowledge\11-杂志文献\四川注册会计师\010.2025年“注协杯”四川省大学生会计技能大赛圆满落幕.md
MAGSUPV-0016-R02,audit_rule,generated_rule,MAGSUPV-0016,53,D,监督检查与经费舞弊 / 全场景通用 / 金融审计,2025年“注协杯”四川省大学生会计技能大赛圆满落幕,2025年“注协杯”四川省大学生会计技能大赛圆满落幕R02规则,核查案例涉及的数据、证据和整改链条是否完整一致。,文章案例文本；审计事项清单；问题线索台账；审计证据资料；内控制度；会计凭证,风险词命中/数据缺失/证据不一致/指标偏离/流程缺陷,命中对象、风险等级、证据资料、核查建议,P1,magazine_435_articles,D:\openclaw-workspace\knowledge\11-杂志文献\四川注册会计师\010.2025年“注协杯”四川省大学生会计技能大赛圆满落幕.md
MAGSUPV-0013-R01,audit_rule,generated_rule,MAGSUPV-0013,53,D,监督检查与经费舞弊 / 全场景通用 / 金融审计,2025年注册会计师行业短视频展播活动结果揭晓,2025年注册会计师行业短视频展播活动结果揭晓R01规则,按案例主题识别同类事项中的风险特征并生成疑点。,文章案例文本；审计事项清单；问题线索台账；审计证据资料；内控制度；会计凭证,风险词命中/数据缺失/证据不一致/指标偏离/流程缺陷,命中对象、风险等级、证据资料、核查建议,P1,magazine_435_articles,D:\openclaw-workspace\knowledge\11-杂志文献\四川注册会计师\008.2025年注册会计师行业短视频展播活动结果揭晓.md
MAGSUPV-0013-R02,audit_rule,generated_rule,MAGSUPV-0013,53,D,监督检查与经费舞弊 / 全场景通用 / 金融审计,2025年注册会计师行业短视频展播活动结果揭晓,2025年注册会计师行业短视频展播活动结果揭晓R02规则,核查案例涉及的数据、证据和整改链条是否完整一致。,文章案例文本；审计事项清单；问题线索台账；审计证据资料；内控制度；会计凭证,风险词命中/数据缺失/证据不一致/指标偏离/流程缺陷,命中对象、风险等级、证据资料、核查建议,P1,magazine_435_articles,D:\openclaw-workspace\knowledge\11-杂志文献\四川注册会计师\008.2025年注册会计师行业短视频展播活动结果揭晓.md
MAGSUPV-0065-R01,audit_rule,generated_rule,MAGSUPV-0065,63,C,监督检查与经费舞弊 / 全场景通用 / 金融审计,9,9R01规则,按案例主题识别同类事项中的风险特征并生成疑点。,文章案例文本；审计事项清单；问题线索台账；审计证据资料；内控制度；会计凭证,风险词命中/数据缺失/证据不一致/指标偏离/流程缺陷,命中对象、风险等级、证据资料、核查建议,P0,magazine_435_articles,D:\openclaw-workspace\knowledge\11-杂志文献\四川注册会计师\2025.9.md
MAGSUPV-0065-R02,audit_rule,generated_rule,MAGSUPV-0065,63,C,监督检查与经费舞弊 / 全场景通用 / 金融审计,9,9R02规则,核查案例涉及的数据、证据和整改链条是否完整一致。,文章案例文本；审计事项清单；问题线索台账；审计证据资料；内控制度；会计凭证,风险词命中/数据缺失/证据不一致/指标偏离/流程缺陷,命中对象、风险等级、证据资料、核查建议,P0,magazine_435_articles,D:\openclaw-workspace\knowledge\11-杂志文献\四川注册会计师\2025.9.md
MAGSUPV-0090-R01,audit_rule,generated_rule,MAGSUPV-0090,63,C,监督检查与经费舞弊 / 全场景通用 / 金融审计,BSC与KPI理论视角下的财政支出绩效评价,BSC与KPI理论视角下的财政支出绩效评价R01规则,按案例主题识别同类事项中的风险特征并生成疑点。,文章案例文本；审计事项清单；问题线索台账；审计证据资料；预算指标表；财政支出明细,风险词命中/数据缺失/证据不一致/指标偏离/流程缺陷,命中对象、风险等级、证据资料、核查建议,P0,magazine_435_articles,D:\openclaw-workspace\knowledge\11-杂志文献\财政监督\12.基于BSC 与KPI 理论视角下的财政支出绩效评价.md
MAGSUPV-0090-R02,audit_rule,generated_rule,MAGSUPV-0090,63,C,监督检查与经费舞弊 / 全场景通用 / 金融审计,BSC与KPI理论视角下的财政支出绩效评价,BSC与KPI理论视角下的财政支出绩效评价R02规则,核查案例涉及的数据、证据和整改链条是否完整一致。,文章案例文本；审计事项清单；问题线索台账；审计证据资料；预算指标表；财政支出明细,风险词命中/数据缺失/证据不一致/指标偏离/流程缺陷,命中对象、风险等级、证据资料、核查建议,P0,magazine_435_articles,D:\openclaw-workspace\knowledge\11-杂志文献\财政监督\12.基于BSC 与KPI 理论视角下的财政支出绩效评价.md
MAGSUPV-0105-R01,audit_rule,generated_rule,MAGSUPV-0105,63,C,监督检查与经费舞弊 / 全场景通用 / 金融审计,PPP项目税收风险评价研究,PPP项目税收风险评价研究R01规则,按案例主题识别同类事项中的风险特征并生成疑点。,文章案例文本；审计事项清单；问题线索台账；审计证据资料；内控制度；会计凭证,风险词命中/数据缺失/证据不一致/指标偏离/流程缺陷,命中对象、风险等级、证据资料、核查建议,P0,magazine_435_articles,D:\openclaw-workspace\knowledge\11-杂志文献\财政监督\18.PPP 项目税收风险评价研究.md
MAGSUPV-0105-R02,audit_rule,generated_rule,MAGSUPV-0105,63,C,监督检查与经费舞弊 / 全场景通用 / 金融审计,PPP项目税收风险评价研究,PPP项目税收风险评价研究R02规则,核查案例涉及的数据、证据和整改链条是否完整一致。,文章案例文本；审计事项清单；问题线索台账；审计证据资料；内控制度；会计凭证,风险词命中/数据缺失/证据不一致/指标偏离/流程缺陷,命中对象、风险等级、证据资料、核查建议,P0,magazine_435_articles,D:\openclaw-workspace\knowledge\11-杂志文献\财政监督\18.PPP 项目税收风险评价研究.md
MAGSUPV-0070-R01,audit_rule,generated_rule,MAGSUPV-0070,53,D,监督检查与经费舞弊 / 全场景通用 / 金融审计,“双碳”目标下碳审计的本质、由来与推进策略,“双碳”目标下碳审计的本质、由来与推进策略R01规则,按案例主题识别同类事项中的风险特征并生成疑点。,文章案例文本；审计事项清单；问题线索台账；审计证据资料；内控制度；会计凭证,风险词命中/数据缺失/证据不一致/指标偏离/流程缺陷,命中对象、风险等级、证据资料、核查建议,P1,magazine_435_articles,D:\openclaw-workspace\knowledge\11-杂志文献\审计观察\2.“双碳”目标下碳审计的本质、 由来与推进策略.md
MAGSUPV-0070-R02,audit_rule,generated_rule,MAGSUPV-0070,53,D,监督检查与经费舞弊 / 全场景通用 / 金融审计,“双碳”目标下碳审计的本质、由来与推进策略,“双碳”目标下碳审计的本质、由来与推进策略R02规则,核查案例涉及的数据、证据和整改链条是否完整一致。,文章案例文本；审计事项清单；问题线索台账；审计证据资料；内控制度；会计凭证,风险词命中/数据缺失/证据不一致/指标偏离/流程缺陷,命中对象、风险等级、证据资料、核查建议,P1,magazine_435_articles,D:\openclaw-workspace\knowledge\11-杂志文献\审计观察\2.“双碳”目标下碳审计的本质、 由来与推进策略.md
MAGSUPV-0061-R01,audit_rule,generated_rule,MAGSUPV-0061,53,D,监督检查与经费舞弊 / 全场景通用 / 金融审计,一名老审计人的自白：我为什么要亲手开发一套管理系统,一名老审计人的自白：我为什么要亲手开发一套管理系统R01规则,按案例主题识别同类事项中的风险特征并生成疑点。,文章案例文本；审计事项清单；问题线索台账；审计证据资料；内控制度；会计凭证,风险词命中/数据缺失/证据不一致/指标偏离/流程缺陷,命中对象、风险等级、证据资料、核查建议,P1,magazine_435_articles,D:\openclaw-workspace\knowledge\11-杂志文献\四川注册会计师\025.一名老审计人的自白：我为什么要亲手开发一套管理系统.md
MAGSUPV-0061-R02,audit_rule,generated_rule,MAGSUPV-0061,53,D,监督检查与经费舞弊 / 全场景通用 / 金融审计,一名老审计人的自白：我为什么要亲手开发一套管理系统,一名老审计人的自白：我为什么要亲手开发一套管理系统R02规则,核查案例涉及的数据、证据和整改链条是否完整一致。,文章案例文本；审计事项清单；问题线索台账；审计证据资料；内控制度；会计凭证,风险词命中/数据缺失/证据不一致/指标偏离/流程缺陷,命中对象、风险等级、证据资料、核查建议,P1,magazine_435_articles,D:\openclaw-workspace\knowledge\11-杂志文献\四川注册会计师\025.一名老审计人的自白：我为什么要亲手开发一套管理系统.md
MAGSUPV-0031-R01,audit_rule,generated_rule,MAGSUPV-0031,53,D,监督检查与经费舞弊 / 全场景通用 / 金融审计,三大新态势凸显监管加码打击财务造假,三大新态势凸显监管加码打击财务造假R01规则,按案例主题识别同类事项中的风险特征并生成疑点。,文章案例文本；审计事项清单；问题线索台账；审计证据资料；内控制度；会计凭证,风险词命中/数据缺失/证据不一致/指标偏离/流程缺陷,命中对象、风险等级、证据资料、核查建议,P1,magazine_435_articles,D:\openclaw-workspace\knowledge\11-杂志文献\四川注册会计师\015.三大新态势凸显监管加码打击财务造假.md
MAGSUPV-0031-R02,audit_rule,generated_rule,MAGSUPV-0031,53,D,监督检查与经费舞弊 / 全场景通用 / 金融审计,三大新态势凸显监管加码打击财务造假,三大新态势凸显监管加码打击财务造假R02规则,核查案例涉及的数据、证据和整改链条是否完整一致。,文章案例文本；审计事项清单；问题线索台账；审计证据资料；内控制度；会计凭证,风险词命中/数据缺失/证据不一致/指标偏离/流程缺陷,命中对象、风险等级、证据资料、核查建议,P1,magazine_435_articles,D:\openclaw-workspace\knowledge\11-杂志文献\四川注册会计师\015.三大新态势凸显监管加码打击财务造假.md
MAGSUPV-0123-R01,audit_rule,generated_rule,MAGSUPV-0123,63,C,监督检查与经费舞弊 / 全场景通用 / 金融审计,不断深化认识努力提升财会监督质效,不断深化认识努力提升财会监督质效R01规则,按案例主题识别同类事项中的风险特征并生成疑点。,文章案例文本；审计事项清单；问题线索台账；审计证据资料；内控制度；会计凭证,风险词命中/数据缺失/证据不一致/指标偏离/流程缺陷,命中对象、风险等级、证据资料、核查建议,P0,magazine_435_articles,D:\openclaw-workspace\knowledge\11-杂志文献\财政监督\6.不断深化认识努力提升财会监督质效.md
MAGSUPV-0123-R02,audit_rule,generated_rule,MAGSUPV-0123,63,C,监督检查与经费舞弊 / 全场景通用 / 金融审计,不断深化认识努力提升财会监督质效,不断深化认识努力提升财会监督质效R02规则,核查案例涉及的数据、证据和整改链条是否完整一致。,文章案例文本；审计事项清单；问题线索台账；审计证据资料；内控制度；会计凭证,风险词命中/数据缺失/证据不一致/指标偏离/流程缺陷,命中对象、风险等级、证据资料、核查建议,P0,magazine_435_articles,D:\openclaw-workspace\knowledge\11-杂志文献\财政监督\6.不断深化认识努力提升财会监督质效.md
MAGSUPV-0059-R01,audit_rule,generated_rule,MAGSUPV-0059,53,D,监督检查与经费舞弊 / 全场景通用 / 金融审计,专业护航情暖人心,专业护航情暖人心R01规则,按案例主题识别同类事项中的风险特征并生成疑点。,文章案例文本；审计事项清单；问题线索台账；审计证据资料；内控制度；会计凭证,风险词命中/数据缺失/证据不一致/指标偏离/流程缺陷,命中对象、风险等级、证据资料、核查建议,P1,magazine_435_articles,D:\openclaw-workspace\knowledge\11-杂志文献\四川注册会计师\024.专业护航情暖人心.md
MAGSUPV-0059-R02,audit_rule,generated_rule,MAGSUPV-0059,53,D,监督检查与经费舞弊 / 全场景通用 / 金融审计,专业护航情暖人心,专业护航情暖人心R02规则,核查案例涉及的数据、证据和整改链条是否完整一致。,文章案例文本；审计事项清单；问题线索台账；审计证据资料；内控制度；会计凭证,风险词命中/数据缺失/证据不一致/指标偏离/流程缺陷,命中对象、风险等级、证据资料、核查建议,P1,magazine_435_articles,D:\openclaw-workspace\knowledge\11-杂志文献\四川注册会计师\024.专业护航情暖人心.md
MAGSUPV-0034-R01,audit_rule,generated_rule,MAGSUPV-0034,53,D,监督检查与经费舞弊 / 全场景通用 / 金融审计,中国会计报》会计师事务所透明度建设迈出关键一步,中国会计报》会计师事务所透明度建设迈出关键一步R01规则,按案例主题识别同类事项中的风险特征并生成疑点。,文章案例文本；审计事项清单；问题线索台账；审计证据资料；内控制度；会计凭证,风险词命中/数据缺失/证据不一致/指标偏离/流程缺陷,命中对象、风险等级、证据资料、核查建议,P1,magazine_435_articles,D:\openclaw-workspace\knowledge\11-杂志文献\四川注册会计师\016.《中国会计报》会计师事务所透明度建设迈出关键一步.md
MAGSUPV-0034-R02,audit_rule,generated_rule,MAGSUPV-0034,53,D,监督检查与经费舞弊 / 全场景通用 / 金融审计,中国会计报》会计师事务所透明度建设迈出关键一步,中国会计报》会计师事务所透明度建设迈出关键一步R02规则,核查案例涉及的数据、证据和整改链条是否完整一致。,文章案例文本；审计事项清单；问题线索台账；审计证据资料；内控制度；会计凭证,风险词命中/数据缺失/证据不一致/指标偏离/流程缺陷,命中对象、风险等级、证据资料、核查建议,P1,magazine_435_articles,D:\openclaw-workspace\knowledge\11-杂志文献\四川注册会计师\016.《中国会计报》会计师事务所透明度建设迈出关键一步.md
MAGSUPV-0001-R01,audit_rule,generated_rule,MAGSUPV-0001,53,D,监督检查与经费舞弊 / 全场景通用 / 金融审计,中国注册会计师协会关于做好上市公司2025年年报审计工作的通知,中国注册会计师协会关于做好上市公司2025年年报审计工作的通知R01规则,按案例主题识别同类事项中的风险特征并生成疑点。,文章案例文本；审计事项清单；问题线索台账；审计证据资料；内控制度；会计凭证,风险词命中/数据缺失/证据不一致/指标偏离/流程缺陷,命中对象、风险等级、证据资料、核查建议,P1,magazine_435_articles,D:\openclaw-workspace\knowledge\11-杂志文献\中国注册会计师\002.中国注册会计师协会关于做好上市公司2025年年报审计工作的通知.md
MAGSUPV-0001-R02,audit_rule,generated_rule,MAGSUPV-0001,53,D,监督检查与经费舞弊 / 全场景通用 / 金融审计,中国注册会计师协会关于做好上市公司2025年年报审计工作的通知,中国注册会计师协会关于做好上市公司2025年年报审计工作的通知R02规则,核查案例涉及的数据、证据和整改链条是否完整一致。,文章案例文本；审计事项清单；问题线索台账；审计证据资料；内控制度；会计凭证,风险词命中/数据缺失/证据不一致/指标偏离/流程缺陷,命中对象、风险等级、证据资料、核查建议,P1,magazine_435_articles,D:\openclaw-workspace\knowledge\11-杂志文献\中国注册会计师\002.中国注册会计师协会关于做好上市公司2025年年报审计工作的通知.md
MAGSUPV-0004-R01,audit_rule,generated_rule,MAGSUPV-0004,53,D,监督检查与经费舞弊 / 全场景通用 / 金融审计,中国注册会计师协会关于印发《会计师事务所基础性标准体系建设指引》的通知,中国注册会计师协会关于印发《会计师事务所基础性标准体系建设指引》的通知R01规则,按案例主题识别同类事项中的风险特征并生成疑点。,文章案例文本；审计事项清单；问题线索台账；审计证据资料；内控制度；会计凭证,风险词命中/数据缺失/证据不一致/指标偏离/流程缺陷,命中对象、风险等级、证据资料、核查建议,P1,magazine_435_articles,D:\openclaw-workspace\knowledge\11-杂志文献\中国注册会计师\004.中国注册会计师协会关于印发《会计师事务所基础性标准体系建设指引》的通知.md
MAGSUPV-0004-R02,audit_rule,generated_rule,MAGSUPV-0004,53,D,监督检查与经费舞弊 / 全场景通用 / 金融审计,中国注册会计师协会关于印发《会计师事务所基础性标准体系建设指引》的通知,中国注册会计师协会关于印发《会计师事务所基础性标准体系建设指引》的通知R02规则,核查案例涉及的数据、证据和整改链条是否完整一致。,文章案例文本；审计事项清单；问题线索台账；审计证据资料；内控制度；会计凭证,风险词命中/数据缺失/证据不一致/指标偏离/流程缺陷,命中对象、风险等级、证据资料、核查建议,P1,magazine_435_articles,D:\openclaw-workspace\knowledge\11-杂志文献\中国注册会计师\004.中国注册会计师协会关于印发《会计师事务所基础性标准体系建设指引》的通知.md
MAGSUPV-0003-R01,audit_rule,generated_rule,MAGSUPV-0003,53,D,监督检查与经费舞弊 / 全场景通用 / 金融审计,中国注册会计师协会关于印发《会计师事务所透明度报告披露指引(试行)》的通,中国注册会计师协会关于印发《会计师事务所透明度报告披露指引(试行)》的通R01规则,按案例主题识别同类事项中的风险特征并生成疑点。,文章案例文本；审计事项清单；问题线索台账；审计证据资料；内控制度；会计凭证,风险词命中/数据缺失/证据不一致/指标偏离/流程缺陷,命中对象、风险等级、证据资料、核查建议,P1,magazine_435_articles,D:\openclaw-workspace\knowledge\11-杂志文献\中国注册会计师\003.中国注册会计师协会关于印发《会计师事务所透明度报告披露指引(试行)》的通知.md
MAGSUPV-0003-R02,audit_rule,generated_rule,MAGSUPV-0003,53,D,监督检查与经费舞弊 / 全场景通用 / 金融审计,中国注册会计师协会关于印发《会计师事务所透明度报告披露指引(试行)》的通,中国注册会计师协会关于印发《会计师事务所透明度报告披露指引(试行)》的通R02规则,核查案例涉及的数据、证据和整改链条是否完整一致。,文章案例文本；审计事项清单；问题线索台账；审计证据资料；内控制度；会计凭证,风险词命中/数据缺失/证据不一致/指标偏离/流程缺陷,命中对象、风险等级、证据资料、核查建议,P1,magazine_435_articles,D:\openclaw-workspace\knowledge\11-杂志文献\中国注册会计师\003.中国注册会计师协会关于印发《会计师事务所透明度报告披露指引(试行)》的通知.md
MAGSUPV-0005-R01,audit_rule,generated_rule,MAGSUPV-0005,53,D,监督检查与经费舞弊 / 全场景通用 / 金融审计,中国注册会计师行业妇联成立暨行业妇女第一次代表大会在京召开,中国注册会计师行业妇联成立暨行业妇女第一次代表大会在京召开R01规则,按案例主题识别同类事项中的风险特征并生成疑点。,文章案例文本；审计事项清单；问题线索台账；审计证据资料；内控制度；会计凭证,风险词命中/数据缺失/证据不一致/指标偏离/流程缺陷,命中对象、风险等级、证据资料、核查建议,P1,magazine_435_articles,D:\openclaw-workspace\knowledge\11-杂志文献\中国注册会计师\012.中国注册会计师行业妇联成立暨行业妇女第一次代表大会在京召开.md
MAGSUPV-0005-R02,audit_rule,generated_rule,MAGSUPV-0005,53,D,监督检查与经费舞弊 / 全场景通用 / 金融审计,中国注册会计师行业妇联成立暨行业妇女第一次代表大会在京召开,中国注册会计师行业妇联成立暨行业妇女第一次代表大会在京召开R02规则,核查案例涉及的数据、证据和整改链条是否完整一致。,文章案例文本；审计事项清单；问题线索台账；审计证据资料；内控制度；会计凭证,风险词命中/数据缺失/证据不一致/指标偏离/流程缺陷,命中对象、风险等级、证据资料、核查建议,P1,magazine_435_articles,D:\openclaw-workspace\knowledge\11-杂志文献\中国注册会计师\012.中国注册会计师行业妇联成立暨行业妇女第一次代表大会在京召开.md
MAGSUPV-0019-R01,audit_rule,generated_rule,MAGSUPV-0019,53,D,监督检查与经费舞弊 / 全场景通用 / 金融审计,中注协提示会计师事务所在2025年年报审计业务中严格遵守独立性要求,中注协提示会计师事务所在2025年年报审计业务中严格遵守独立性要求R01规则,按案例主题识别同类事项中的风险特征并生成疑点。,文章案例文本；审计事项清单；问题线索台账；审计证据资料；内控制度；会计凭证,风险词命中/数据缺失/证据不一致/指标偏离/流程缺陷,命中对象、风险等级、证据资料、核查建议,P1,magazine_435_articles,D:\openclaw-workspace\knowledge\11-杂志文献\四川注册会计师\011.中注协提示会计师事务所在2025年年报审计业务中严格遵守独立性要求.md
MAGSUPV-0019-R02,audit_rule,generated_rule,MAGSUPV-0019,53,D,监督检查与经费舞弊 / 全场景通用 / 金融审计,中注协提示会计师事务所在2025年年报审计业务中严格遵守独立性要求,中注协提示会计师事务所在2025年年报审计业务中严格遵守独立性要求R02规则,核查案例涉及的数据、证据和整改链条是否完整一致。,文章案例文本；审计事项清单；问题线索台账；审计证据资料；内控制度；会计凭证,风险词命中/数据缺失/证据不一致/指标偏离/流程缺陷,命中对象、风险等级、证据资料、核查建议,P1,magazine_435_articles,D:\openclaw-workspace\knowledge\11-杂志文献\四川注册会计师\011.中注协提示会计师事务所在2025年年报审计业务中严格遵守独立性要求.md
MAGSUPV-0006-R01,audit_rule,generated_rule,MAGSUPV-0006,53,D,监督检查与经费舞弊 / 全场景通用 / 金融审计,中注协有关负责人就印发《可持续信息鉴证业务准则第6101号一—基本准则,中注协有关负责人就印发《可持续信息鉴证业务准则第6101号一—基本准则R01规则,按案例主题识别同类事项中的风险特征并生成疑点。,文章案例文本；审计事项清单；问题线索台账；审计证据资料；内控制度；会计凭证,风险词命中/数据缺失/证据不一致/指标偏离/流程缺陷,命中对象、风险等级、证据资料、核查建议,P1,magazine_435_articles,D:\openclaw-workspace\knowledge\11-杂志文献\四川注册会计师\001.中注协有关负责人就印发《可持续信息鉴证 业务准则第6101号一—基本准则(试行)》 答记者问.md
MAGSUPV-0006-R02,audit_rule,generated_rule,MAGSUPV-0006,53,D,监督检查与经费舞弊 / 全场景通用 / 金融审计,中注协有关负责人就印发《可持续信息鉴证业务准则第6101号一—基本准则,中注协有关负责人就印发《可持续信息鉴证业务准则第6101号一—基本准则R02规则,核查案例涉及的数据、证据和整改链条是否完整一致。,文章案例文本；审计事项清单；问题线索台账；审计证据资料；内控制度；会计凭证,风险词命中/数据缺失/证据不一致/指标偏离/流程缺陷,命中对象、风险等级、证据资料、核查建议,P1,magazine_435_articles,D:\openclaw-workspace\knowledge\11-杂志文献\四川注册会计师\001.中注协有关负责人就印发《可持续信息鉴证 业务准则第6101号一—基本准则(试行)》 答记者问.md
MAGSUPV-0072-R01,audit_rule,generated_rule,MAGSUPV-0072,63,C,监督检查与经费舞弊 / 全场景通用 / 金融审计,主题教育成果要转化成财会监督“物质的力量,主题教育成果要转化成财会监督“物质的力量R01规则,按案例主题识别同类事项中的风险特征并生成疑点。,文章案例文本；审计事项清单；问题线索台账；审计证据资料；内控制度；会计凭证,风险词命中/数据缺失/证据不一致/指标偏离/流程缺陷,命中对象、风险等级、证据资料、核查建议,P0,magazine_435_articles,D:\openclaw-workspace\knowledge\11-杂志文献\财政监督\001.主题教育成果要转化成财会监督“物质的力量.md
MAGSUPV-0072-R02,audit_rule,generated_rule,MAGSUPV-0072,63,C,监督检查与经费舞弊 / 全场景通用 / 金融审计,主题教育成果要转化成财会监督“物质的力量,主题教育成果要转化成财会监督“物质的力量R02规则,核查案例涉及的数据、证据和整改链条是否完整一致。,文章案例文本；审计事项清单；问题线索台账；审计证据资料；内控制度；会计凭证,风险词命中/数据缺失/证据不一致/指标偏离/流程缺陷,命中对象、风险等级、证据资料、核查建议,P0,magazine_435_articles,D:\openclaw-workspace\knowledge\11-杂志文献\财政监督\001.主题教育成果要转化成财会监督“物质的力量.md
MAGSUPV-0133-R01,audit_rule,generated_rule,MAGSUPV-0133,63,C,监督检查与经费舞弊 / 全场景通用 / 金融审计,事前绩效评估机制完善与优化探讨,事前绩效评估机制完善与优化探讨R01规则,按案例主题识别同类事项中的风险特征并生成疑点。,文章案例文本；审计事项清单；问题线索台账；审计证据资料；绩效目标表；绩效评价指标,风险词命中/数据缺失/证据不一致/指标偏离/流程缺陷,命中对象、风险等级、证据资料、核查建议,P0,magazine_435_articles,D:\openclaw-workspace\knowledge\11-杂志文献\财政监督\9.事前绩效评估机制完善与优化探讨.md
MAGSUPV-0133-R02,audit_rule,generated_rule,MAGSUPV-0133,63,C,监督检查与经费舞弊 / 全场景通用 / 金融审计,事前绩效评估机制完善与优化探讨,事前绩效评估机制完善与优化探讨R02规则,核查案例涉及的数据、证据和整改链条是否完整一致。,文章案例文本；审计事项清单；问题线索台账；审计证据资料；绩效目标表；绩效评价指标,风险词命中/数据缺失/证据不一致/指标偏离/流程缺陷,命中对象、风险等级、证据资料、核查建议,P0,magazine_435_articles,D:\openclaw-workspace\knowledge\11-杂志文献\财政监督\9.事前绩效评估机制完善与优化探讨.md
MAGSUPV-0094-R01,audit_rule,generated_rule,MAGSUPV-0094,53,D,监督检查与经费舞弊 / 全场景通用 / 金融审计,从《注册会计师法修订草案(征求意见稿)》看财会监督变化,从《注册会计师法修订草案(征求意见稿)》看财会监督变化R01规则,按案例主题识别同类事项中的风险特征并生成疑点。,文章案例文本；审计事项清单；问题线索台账；审计证据资料；内控制度；会计凭证,风险词命中/数据缺失/证据不一致/指标偏离/流程缺陷,命中对象、风险等级、证据资料、核查建议,P1,magazine_435_articles,D:\openclaw-workspace\knowledge\11-杂志文献\财政监督\13.从《注册会计师法修订草案(征求意见稿)》 看财会监督变化.md
MAGSUPV-0094-R02,audit_rule,generated_rule,MAGSUPV-0094,53,D,监督检查与经费舞弊 / 全场景通用 / 金融审计,从《注册会计师法修订草案(征求意见稿)》看财会监督变化,从《注册会计师法修订草案(征求意见稿)》看财会监督变化R02规则,核查案例涉及的数据、证据和整改链条是否完整一致。,文章案例文本；审计事项清单；问题线索台账；审计证据资料；内控制度；会计凭证,风险词命中/数据缺失/证据不一致/指标偏离/流程缺陷,命中对象、风险等级、证据资料、核查建议,P1,magazine_435_articles,D:\openclaw-workspace\knowledge\11-杂志文献\财政监督\13.从《注册会计师法修订草案(征求意见稿)》 看财会监督变化.md
MAGSUPV-0014-R01,audit_rule,generated_rule,MAGSUPV-0014,53,D,监督检查与经费舞弊 / 全场景通用 / 金融审计,从标准出发：会计师事务所基础性标准体系建设的意义和关注点,从标准出发：会计师事务所基础性标准体系建设的意义和关注点R01规则,按案例主题识别同类事项中的风险特征并生成疑点。,文章案例文本；审计事项清单；问题线索台账；审计证据资料；内控制度；会计凭证,风险词命中/数据缺失/证据不一致/指标偏离/流程缺陷,命中对象、风险等级、证据资料、核查建议,P1,magazine_435_articles,D:\openclaw-workspace\knowledge\11-杂志文献\四川注册会计师\008.从标准出发：会计师事务所基础性 标准体系建设的意义和关注点.md
MAGSUPV-0014-R02,audit_rule,generated_rule,MAGSUPV-0014,53,D,监督检查与经费舞弊 / 全场景通用 / 金融审计,从标准出发：会计师事务所基础性标准体系建设的意义和关注点,从标准出发：会计师事务所基础性标准体系建设的意义和关注点R02规则,核查案例涉及的数据、证据和整改链条是否完整一致。,文章案例文本；审计事项清单；问题线索台账；审计证据资料；内控制度；会计凭证,风险词命中/数据缺失/证据不一致/指标偏离/流程缺陷,命中对象、风险等级、证据资料、核查建议,P1,magazine_435_articles,D:\openclaw-workspace\knowledge\11-杂志文献\四川注册会计师\008.从标准出发：会计师事务所基础性 标准体系建设的意义和关注点.md
MAGSUPV-0103-R01,audit_rule,generated_rule,MAGSUPV-0103,63,C,监督检查与经费舞弊 / 全场景通用 / 金融审计,从浑水做空瑞幸和欢聚集团看新经济对审计的新要求,从浑水做空瑞幸和欢聚集团看新经济对审计的新要求R01规则,按案例主题识别同类事项中的风险特征并生成疑点。,文章案例文本；审计事项清单；问题线索台账；审计证据资料；内控制度；会计凭证,风险词命中/数据缺失/证据不一致/指标偏离/流程缺陷,命中对象、风险等级、证据资料、核查建议,P0,magazine_435_articles,D:\openclaw-workspace\knowledge\11-杂志文献\财政监督\17.从浑水做空瑞幸和欢聚集团看新经济对审计的新要求.md
MAGSUPV-0103-R02,audit_rule,generated_rule,MAGSUPV-0103,63,C,监督检查与经费舞弊 / 全场景通用 / 金融审计,从浑水做空瑞幸和欢聚集团看新经济对审计的新要求,从浑水做空瑞幸和欢聚集团看新经济对审计的新要求R02规则,核查案例涉及的数据、证据和整改链条是否完整一致。,文章案例文本；审计事项清单；问题线索台账；审计证据资料；内控制度；会计凭证,风险词命中/数据缺失/证据不一致/指标偏离/流程缺陷,命中对象、风险等级、证据资料、核查建议,P0,magazine_435_articles,D:\openclaw-workspace\knowledge\11-杂志文献\财政监督\17.从浑水做空瑞幸和欢聚集团看新经济对审计的新要求.md
MAGSUPV-0028-R01,audit_rule,generated_rule,MAGSUPV-0028,53,D,监督检查与经费舞弊 / 全场景通用 / 金融审计,以史为鉴守初心廉洁执业担使命,以史为鉴守初心廉洁执业担使命R01规则,按案例主题识别同类事项中的风险特征并生成疑点。,文章案例文本；审计事项清单；问题线索台账；审计证据资料；内控制度；会计凭证,风险词命中/数据缺失/证据不一致/指标偏离/流程缺陷,命中对象、风险等级、证据资料、核查建议,P1,magazine_435_articles,D:\openclaw-workspace\knowledge\11-杂志文献\四川注册会计师\014.以史为鉴守初心廉洁执业担使命.md
MAGSUPV-0028-R02,audit_rule,generated_rule,MAGSUPV-0028,53,D,监督检查与经费舞弊 / 全场景通用 / 金融审计,以史为鉴守初心廉洁执业担使命,以史为鉴守初心廉洁执业担使命R02规则,核查案例涉及的数据、证据和整改链条是否完整一致。,文章案例文本；审计事项清单；问题线索台账；审计证据资料；内控制度；会计凭证,风险词命中/数据缺失/证据不一致/指标偏离/流程缺陷,命中对象、风险等级、证据资料、核查建议,P1,magazine_435_articles,D:\openclaw-workspace\knowledge\11-杂志文献\四川注册会计师\014.以史为鉴守初心廉洁执业担使命.md
MAGSUPV-0032-R01,audit_rule,generated_rule,MAGSUPV-0032,53,D,监督检查与经费舞弊 / 全场景通用 / 金融审计,以案为鉴知敬畏警钟长鸣筑防线,以案为鉴知敬畏警钟长鸣筑防线R01规则,按案例主题识别同类事项中的风险特征并生成疑点。,文章案例文本；审计事项清单；问题线索台账；审计证据资料；内控制度；会计凭证,风险词命中/数据缺失/证据不一致/指标偏离/流程缺陷,命中对象、风险等级、证据资料、核查建议,P1,magazine_435_articles,D:\openclaw-workspace\knowledge\11-杂志文献\四川注册会计师\015.以案为鉴知敬畏警钟长鸣筑防线.md
MAGSUPV-0032-R02,audit_rule,generated_rule,MAGSUPV-0032,53,D,监督检查与经费舞弊 / 全场景通用 / 金融审计,以案为鉴知敬畏警钟长鸣筑防线,以案为鉴知敬畏警钟长鸣筑防线R02规则,核查案例涉及的数据、证据和整改链条是否完整一致。,文章案例文本；审计事项清单；问题线索台账；审计证据资料；内控制度；会计凭证,风险词命中/数据缺失/证据不一致/指标偏离/流程缺陷,命中对象、风险等级、证据资料、核查建议,P1,magazine_435_articles,D:\openclaw-workspace\knowledge\11-杂志文献\四川注册会计师\015.以案为鉴知敬畏警钟长鸣筑防线.md
MAGSUPV-0017-R01,audit_rule,generated_rule,MAGSUPV-0017,63,C,监督检查与经费舞弊 / 全场景通用 / 金融审计,以风险为导向以一体化为基石,以风险为导向以一体化为基石R01规则,按案例主题识别同类事项中的风险特征并生成疑点。,文章案例文本；审计事项清单；问题线索台账；审计证据资料；内控制度；会计凭证,风险词命中/数据缺失/证据不一致/指标偏离/流程缺陷,命中对象、风险等级、证据资料、核查建议,P0,magazine_435_articles,D:\openclaw-workspace\knowledge\11-杂志文献\四川注册会计师\010.以风险为导向以一体化为基石.md
MAGSUPV-0017-R02,audit_rule,generated_rule,MAGSUPV-0017,63,C,监督检查与经费舞弊 / 全场景通用 / 金融审计,以风险为导向以一体化为基石,以风险为导向以一体化为基石R02规则,核查案例涉及的数据、证据和整改链条是否完整一致。,文章案例文本；审计事项清单；问题线索台账；审计证据资料；内控制度；会计凭证,风险词命中/数据缺失/证据不一致/指标偏离/流程缺陷,命中对象、风险等级、证据资料、核查建议,P0,magazine_435_articles,D:\openclaw-workspace\knowledge\11-杂志文献\四川注册会计师\010.以风险为导向以一体化为基石.md
MAGSUPV-0025-R01,audit_rule,generated_rule,MAGSUPV-0025,53,D,监督检查与经费舞弊 / 全场景通用 / 金融审计,信永中和会计师事务所成都分所党委组织开展警示教育主题党日活动,信永中和会计师事务所成都分所党委组织开展警示教育主题党日活动R01规则,按案例主题识别同类事项中的风险特征并生成疑点。,文章案例文本；审计事项清单；问题线索台账；审计证据资料；内控制度；会计凭证,风险词命中/数据缺失/证据不一致/指标偏离/流程缺陷,命中对象、风险等级、证据资料、核查建议,P1,magazine_435_articles,D:\openclaw-workspace\knowledge\11-杂志文献\四川注册会计师\013.信永中和会计师事务所成都分所党委组织开展警示教育主题党日活动.md
MAGSUPV-0025-R02,audit_rule,generated_rule,MAGSUPV-0025,53,D,监督检查与经费舞弊 / 全场景通用 / 金融审计,信永中和会计师事务所成都分所党委组织开展警示教育主题党日活动,信永中和会计师事务所成都分所党委组织开展警示教育主题党日活动R02规则,核查案例涉及的数据、证据和整改链条是否完整一致。,文章案例文本；审计事项清单；问题线索台账；审计证据资料；内控制度；会计凭证,风险词命中/数据缺失/证据不一致/指标偏离/流程缺陷,命中对象、风险等级、证据资料、核查建议,P1,magazine_435_articles,D:\openclaw-workspace\knowledge\11-杂志文献\四川注册会计师\013.信永中和会计师事务所成都分所党委组织开展警示教育主题党日活动.md
MAGSUPV-0046-R01,audit_rule,generated_rule,MAGSUPV-0046,53,D,监督检查与经费舞弊 / 全场景通用 / 金融审计,信永中和会计师事务所成都分所妇联成立暨第一次代表大会顺利召开,信永中和会计师事务所成都分所妇联成立暨第一次代表大会顺利召开R01规则,按案例主题识别同类事项中的风险特征并生成疑点。,文章案例文本；审计事项清单；问题线索台账；审计证据资料；内控制度；会计凭证,风险词命中/数据缺失/证据不一致/指标偏离/流程缺陷,命中对象、风险等级、证据资料、核查建议,P1,magazine_435_articles,D:\openclaw-workspace\knowledge\11-杂志文献\四川注册会计师\020.信永中和会计师事务所成都分所妇联成立暨第一次代表大会顺利召开.md
MAGSUPV-0046-R02,audit_rule,generated_rule,MAGSUPV-0046,53,D,监督检查与经费舞弊 / 全场景通用 / 金融审计,信永中和会计师事务所成都分所妇联成立暨第一次代表大会顺利召开,信永中和会计师事务所成都分所妇联成立暨第一次代表大会顺利召开R02规则,核查案例涉及的数据、证据和整改链条是否完整一致。,文章案例文本；审计事项清单；问题线索台账；审计证据资料；内控制度；会计凭证,风险词命中/数据缺失/证据不一致/指标偏离/流程缺陷,命中对象、风险等级、证据资料、核查建议,P1,magazine_435_articles,D:\openclaw-workspace\knowledge\11-杂志文献\四川注册会计师\020.信永中和会计师事务所成都分所妇联成立暨第一次代表大会顺利召开.md
MAGSUPV-0113-R01,audit_rule,generated_rule,MAGSUPV-0113,53,D,监督检查与经费舞弊 / 全场景通用 / 金融审计,健全现代预算制度助力经济高质量发展,健全现代预算制度助力经济高质量发展R01规则,按案例主题识别同类事项中的风险特征并生成疑点。,文章案例文本；审计事项清单；问题线索台账；审计证据资料；预算指标表；财政支出明细,风险词命中/数据缺失/证据不一致/指标偏离/流程缺陷,命中对象、风险等级、证据资料、核查建议,P1,magazine_435_articles,D:\openclaw-workspace\knowledge\11-杂志文献\财政监督\3.健全现代预算制度助力经济高质量发展.md
MAGSUPV-0113-R02,audit_rule,generated_rule,MAGSUPV-0113,53,D,监督检查与经费舞弊 / 全场景通用 / 金融审计,健全现代预算制度助力经济高质量发展,健全现代预算制度助力经济高质量发展R02规则,核查案例涉及的数据、证据和整改链条是否完整一致。,文章案例文本；审计事项清单；问题线索台账；审计证据资料；预算指标表；财政支出明细,风险词命中/数据缺失/证据不一致/指标偏离/流程缺陷,命中对象、风险等级、证据资料、核查建议,P1,magazine_435_articles,D:\openclaw-workspace\knowledge\11-杂志文献\财政监督\3.健全现代预算制度助力经济高质量发展.md
MAGSUPV-0095-R01,audit_rule,generated_rule,MAGSUPV-0095,63,C,监督检查与经费舞弊 / 全场景通用 / 金融审计,儒家文化与审计质量研究,儒家文化与审计质量研究R01规则,按案例主题识别同类事项中的风险特征并生成疑点。,文章案例文本；审计事项清单；问题线索台账；审计证据资料；内控制度；会计凭证,风险词命中/数据缺失/证据不一致/指标偏离/流程缺陷,命中对象、风险等级、证据资料、核查建议,P0,magazine_435_articles,D:\openclaw-workspace\knowledge\11-杂志文献\财政监督\13.儒家文化与审计质量研究.md
MAGSUPV-0095-R02,audit_rule,generated_rule,MAGSUPV-0095,63,C,监督检查与经费舞弊 / 全场景通用 / 金融审计,儒家文化与审计质量研究,儒家文化与审计质量研究R02规则,核查案例涉及的数据、证据和整改链条是否完整一致。,文章案例文本；审计事项清单；问题线索台账；审计证据资料；内控制度；会计凭证,风险词命中/数据缺失/证据不一致/指标偏离/流程缺陷,命中对象、风险等级、证据资料、核查建议,P0,magazine_435_articles,D:\openclaw-workspace\knowledge\11-杂志文献\财政监督\13.儒家文化与审计质量研究.md
MAGSUPV-0050-R01,audit_rule,generated_rule,MAGSUPV-0050,53,D,监督检查与经费舞弊 / 全场景通用 / 金融审计,光影铭记历史初心照耀未来,光影铭记历史初心照耀未来R01规则,按案例主题识别同类事项中的风险特征并生成疑点。,文章案例文本；审计事项清单；问题线索台账；审计证据资料；内控制度；会计凭证,风险词命中/数据缺失/证据不一致/指标偏离/流程缺陷,命中对象、风险等级、证据资料、核查建议,P1,magazine_435_articles,D:\openclaw-workspace\knowledge\11-杂志文献\四川注册会计师\021.光影铭记历史初心照耀未来.md
MAGSUPV-0050-R02,audit_rule,generated_rule,MAGSUPV-0050,53,D,监督检查与经费舞弊 / 全场景通用 / 金融审计,光影铭记历史初心照耀未来,光影铭记历史初心照耀未来R02规则,核查案例涉及的数据、证据和整改链条是否完整一致。,文章案例文本；审计事项清单；问题线索台账；审计证据资料；内控制度；会计凭证,风险词命中/数据缺失/证据不一致/指标偏离/流程缺陷,命中对象、风险等级、证据资料、核查建议,P1,magazine_435_articles,D:\openclaw-workspace\knowledge\11-杂志文献\四川注册会计师\021.光影铭记历史初心照耀未来.md
MAGSUPV-0038-R01,audit_rule,generated_rule,MAGSUPV-0038,53,D,监督检查与经费舞弊 / 全场景通用 / 金融审计,党建引领聚合力校企共建促发展,党建引领聚合力校企共建促发展R01规则,按案例主题识别同类事项中的风险特征并生成疑点。,文章案例文本；审计事项清单；问题线索台账；审计证据资料；内控制度；会计凭证,风险词命中/数据缺失/证据不一致/指标偏离/流程缺陷,命中对象、风险等级、证据资料、核查建议,P1,magazine_435_articles,D:\openclaw-workspace\knowledge\11-杂志文献\四川注册会计师\018.党建引领聚合力校企共建促发展.md
MAGSUPV-0038-R02,audit_rule,generated_rule,MAGSUPV-0038,53,D,监督检查与经费舞弊 / 全场景通用 / 金融审计,党建引领聚合力校企共建促发展,党建引领聚合力校企共建促发展R02规则,核查案例涉及的数据、证据和整改链条是否完整一致。,文章案例文本；审计事项清单；问题线索台账；审计证据资料；内控制度；会计凭证,风险词命中/数据缺失/证据不一致/指标偏离/流程缺陷,命中对象、风险等级、证据资料、核查建议,P1,magazine_435_articles,D:\openclaw-workspace\knowledge\11-杂志文献\四川注册会计师\018.党建引领聚合力校企共建促发展.md
MAGSUPV-0042-R01,audit_rule,generated_rule,MAGSUPV-0042,53,D,监督检查与经费舞弊 / 全场景通用 / 金融审计,党建引领聚合力校企共建促发展,党建引领聚合力校企共建促发展R01规则,按案例主题识别同类事项中的风险特征并生成疑点。,文章案例文本；审计事项清单；问题线索台账；审计证据资料；内控制度；会计凭证,风险词命中/数据缺失/证据不一致/指标偏离/流程缺陷,命中对象、风险等级、证据资料、核查建议,P1,magazine_435_articles,D:\openclaw-workspace\knowledge\11-杂志文献\四川注册会计师\019.党建引领聚合力校企共建促发展.md
MAGSUPV-0042-R02,audit_rule,generated_rule,MAGSUPV-0042,53,D,监督检查与经费舞弊 / 全场景通用 / 金融审计,党建引领聚合力校企共建促发展,党建引领聚合力校企共建促发展R02规则,核查案例涉及的数据、证据和整改链条是否完整一致。,文章案例文本；审计事项清单；问题线索台账；审计证据资料；内控制度；会计凭证,风险词命中/数据缺失/证据不一致/指标偏离/流程缺陷,命中对象、风险等级、证据资料、核查建议,P1,magazine_435_articles,D:\openclaw-workspace\knowledge\11-杂志文献\四川注册会计师\019.党建引领聚合力校企共建促发展.md
MAGSUPV-0011-R01,audit_rule,generated_rule,MAGSUPV-0011,63,C,监督检查与经费舞弊 / 全场景通用 / 金融审计,全面提升综合专业服务能力赋能经济社会高质量发展,全面提升综合专业服务能力赋能经济社会高质量发展R01规则,按案例主题识别同类事项中的风险特征并生成疑点。,文章案例文本；审计事项清单；问题线索台账；审计证据资料；内控制度；会计凭证,风险词命中/数据缺失/证据不一致/指标偏离/流程缺陷,命中对象、风险等级、证据资料、核查建议,P0,magazine_435_articles,D:\openclaw-workspace\knowledge\11-杂志文献\四川注册会计师\006.全面提升综合专业服务能力赋能经济社会高质量发展.md
MAGSUPV-0011-R02,audit_rule,generated_rule,MAGSUPV-0011,63,C,监督检查与经费舞弊 / 全场景通用 / 金融审计,全面提升综合专业服务能力赋能经济社会高质量发展,全面提升综合专业服务能力赋能经济社会高质量发展R02规则,核查案例涉及的数据、证据和整改链条是否完整一致。,文章案例文本；审计事项清单；问题线索台账；审计证据资料；内控制度；会计凭证,风险词命中/数据缺失/证据不一致/指标偏离/流程缺陷,命中对象、风险等级、证据资料、核查建议,P0,magazine_435_articles,D:\openclaw-workspace\knowledge\11-杂志文献\四川注册会计师\006.全面提升综合专业服务能力赋能经济社会高质量发展.md
MAGSUPV-0114-R01,audit_rule,generated_rule,MAGSUPV-0114,53,D,监督检查与经费舞弊 / 全场景通用 / 金融审计,共同富裕背景下完善分配制度的财会监督体系优化研究,共同富裕背景下完善分配制度的财会监督体系优化研究R01规则,按案例主题识别同类事项中的风险特征并生成疑点。,文章案例文本；审计事项清单；问题线索台账；审计证据资料；内控制度；会计凭证,风险词命中/数据缺失/证据不一致/指标偏离/流程缺陷,命中对象、风险等级、证据资料、核查建议,P1,magazine_435_articles,D:\openclaw-workspace\knowledge\11-杂志文献\财政监督\3.共同富裕背景下完善分配制度的财会监督体系优化研究.md
MAGSUPV-0114-R02,audit_rule,generated_rule,MAGSUPV-0114,53,D,监督检查与经费舞弊 / 全场景通用 / 金融审计,共同富裕背景下完善分配制度的财会监督体系优化研究,共同富裕背景下完善分配制度的财会监督体系优化研究R02规则,核查案例涉及的数据、证据和整改链条是否完整一致。,文章案例文本；审计事项清单；问题线索台账；审计证据资料；内控制度；会计凭证,风险词命中/数据缺失/证据不一致/指标偏离/流程缺陷,命中对象、风险等级、证据资料、核查建议,P1,magazine_435_articles,D:\openclaw-workspace\knowledge\11-杂志文献\财政监督\3.共同富裕背景下完善分配制度的财会监督体系优化研究.md
MAGSUPV-0115-R01,audit_rule,generated_rule,MAGSUPV-0115,53,D,监督检查与经费舞弊 / 全场景通用 / 金融审计,凝心聚力以财政新作为新担当推动高质量发展,凝心聚力以财政新作为新担当推动高质量发展R01规则,按案例主题识别同类事项中的风险特征并生成疑点。,文章案例文本；审计事项清单；问题线索台账；审计证据资料；预算指标表；财政支出明细,风险词命中/数据缺失/证据不一致/指标偏离/流程缺陷,命中对象、风险等级、证据资料、核查建议,P1,magazine_435_articles,D:\openclaw-workspace\knowledge\11-杂志文献\财政监督\3.凝心聚力以财政新作为新担当推动高质量发展.md
MAGSUPV-0115-R02,audit_rule,generated_rule,MAGSUPV-0115,53,D,监督检查与经费舞弊 / 全场景通用 / 金融审计,凝心聚力以财政新作为新担当推动高质量发展,凝心聚力以财政新作为新担当推动高质量发展R02规则,核查案例涉及的数据、证据和整改链条是否完整一致。,文章案例文本；审计事项清单；问题线索台账；审计证据资料；预算指标表；财政支出明细,风险词命中/数据缺失/证据不一致/指标偏离/流程缺陷,命中对象、风险等级、证据资料、核查建议,P1,magazine_435_articles,D:\openclaw-workspace\knowledge\11-杂志文献\财政监督\3.凝心聚力以财政新作为新担当推动高质量发展.md
MAGSUPV-0060-R01,audit_rule,generated_rule,MAGSUPV-0060,53,D,监督检查与经费舞弊 / 全场景通用 / 金融审计,凝心聚力向未来协作共赢谱新篇,凝心聚力向未来协作共赢谱新篇R01规则,按案例主题识别同类事项中的风险特征并生成疑点。,文章案例文本；审计事项清单；问题线索台账；审计证据资料；内控制度；会计凭证,风险词命中/数据缺失/证据不一致/指标偏离/流程缺陷,命中对象、风险等级、证据资料、核查建议,P1,magazine_435_articles,D:\openclaw-workspace\knowledge\11-杂志文献\四川注册会计师\024.凝心聚力向未来协作共赢谱新篇.md
MAGSUPV-0060-R02,audit_rule,generated_rule,MAGSUPV-0060,53,D,监督检查与经费舞弊 / 全场景通用 / 金融审计,凝心聚力向未来协作共赢谱新篇,凝心聚力向未来协作共赢谱新篇R02规则,核查案例涉及的数据、证据和整改链条是否完整一致。,文章案例文本；审计事项清单；问题线索台账；审计证据资料；内控制度；会计凭证,风险词命中/数据缺失/证据不一致/指标偏离/流程缺陷,命中对象、风险等级、证据资料、核查建议,P1,magazine_435_articles,D:\openclaw-workspace\knowledge\11-杂志文献\四川注册会计师\024.凝心聚力向未来协作共赢谱新篇.md
MAGSUPV-0126-R01,audit_rule,generated_rule,MAGSUPV-0126,63,C,监督检查与经费舞弊 / 全场景通用 / 金融审计,切实提升财会监督工作质效,切实提升财会监督工作质效R01规则,按案例主题识别同类事项中的风险特征并生成疑点。,文章案例文本；审计事项清单；问题线索台账；审计证据资料；内控制度；会计凭证,风险词命中/数据缺失/证据不一致/指标偏离/流程缺陷,命中对象、风险等级、证据资料、核查建议,P0,magazine_435_articles,D:\openclaw-workspace\knowledge\11-杂志文献\财政监督\7.切实提升财会监督工作质效.md
MAGSUPV-0126-R02,audit_rule,generated_rule,MAGSUPV-0126,63,C,监督检查与经费舞弊 / 全场景通用 / 金融审计,切实提升财会监督工作质效,切实提升财会监督工作质效R02规则,核查案例涉及的数据、证据和整改链条是否完整一致。,文章案例文本；审计事项清单；问题线索台账；审计证据资料；内控制度；会计凭证,风险词命中/数据缺失/证据不一致/指标偏离/流程缺陷,命中对象、风险等级、证据资料、核查建议,P0,magazine_435_articles,D:\openclaw-workspace\knowledge\11-杂志文献\财政监督\7.切实提升财会监督工作质效.md
MAGSUPV-0112-R01,audit_rule,generated_rule,MAGSUPV-0112,53,D,监督检查与经费舞弊 / 全场景通用 / 金融审计,制造业虚拟价值创造的模式研究,制造业虚拟价值创造的模式研究R01规则,按案例主题识别同类事项中的风险特征并生成疑点。,文章案例文本；审计事项清单；问题线索台账；审计证据资料；内控制度；会计凭证,风险词命中/数据缺失/证据不一致/指标偏离/流程缺陷,命中对象、风险等级、证据资料、核查建议,P1,magazine_435_articles,D:\openclaw-workspace\knowledge\11-杂志文献\财政监督\20.制造业虚拟价值创造的模式研究.md
MAGSUPV-0112-R02,audit_rule,generated_rule,MAGSUPV-0112,53,D,监督检查与经费舞弊 / 全场景通用 / 金融审计,制造业虚拟价值创造的模式研究,制造业虚拟价值创造的模式研究R02规则,核查案例涉及的数据、证据和整改链条是否完整一致。,文章案例文本；审计事项清单；问题线索台账；审计证据资料；内控制度；会计凭证,风险词命中/数据缺失/证据不一致/指标偏离/流程缺陷,命中对象、风险等级、证据资料、核查建议,P1,magazine_435_articles,D:\openclaw-workspace\knowledge\11-杂志文献\财政监督\20.制造业虚拟价值创造的模式研究.md
MAGSUPV-0120-R01,audit_rule,generated_rule,MAGSUPV-0120,63,C,监督检查与经费舞弊 / 全场景通用 / 金融审计,加强财会监督的应然之义、方向及举措,加强财会监督的应然之义、方向及举措R01规则,按案例主题识别同类事项中的风险特征并生成疑点。,文章案例文本；审计事项清单；问题线索台账；审计证据资料；内控制度；会计凭证,风险词命中/数据缺失/证据不一致/指标偏离/流程缺陷,命中对象、风险等级、证据资料、核查建议,P0,magazine_435_articles,D:\openclaw-workspace\knowledge\11-杂志文献\财政监督\4.新时代加强财会监督的应然之义、方向及举措.md
MAGSUPV-0120-R02,audit_rule,generated_rule,MAGSUPV-0120,63,C,监督检查与经费舞弊 / 全场景通用 / 金融审计,加强财会监督的应然之义、方向及举措,加强财会监督的应然之义、方向及举措R02规则,核查案例涉及的数据、证据和整改链条是否完整一致。,文章案例文本；审计事项清单；问题线索台账；审计证据资料；内控制度；会计凭证,风险词命中/数据缺失/证据不一致/指标偏离/流程缺陷,命中对象、风险等级、证据资料、核查建议,P0,magazine_435_articles,D:\openclaw-workspace\knowledge\11-杂志文献\财政监督\4.新时代加强财会监督的应然之义、方向及举措.md
MAGSUPV-0116-R01,audit_rule,generated_rule,MAGSUPV-0116,63,C,监督检查与经费舞弊 / 全场景通用 / 金融审计,加快推进我国新型财会监督体系建设的对策研究,加快推进我国新型财会监督体系建设的对策研究R01规则,按案例主题识别同类事项中的风险特征并生成疑点。,文章案例文本；审计事项清单；问题线索台账；审计证据资料；内控制度；会计凭证,风险词命中/数据缺失/证据不一致/指标偏离/流程缺陷,命中对象、风险等级、证据资料、核查建议,P0,magazine_435_articles,D:\openclaw-workspace\knowledge\11-杂志文献\财政监督\3.加快推进我国新型财会监督体系建设的对策研究.md
MAGSUPV-0116-R02,audit_rule,generated_rule,MAGSUPV-0116,63,C,监督检查与经费舞弊 / 全场景通用 / 金融审计,加快推进我国新型财会监督体系建设的对策研究,加快推进我国新型财会监督体系建设的对策研究R02规则,核查案例涉及的数据、证据和整改链条是否完整一致。,文章案例文本；审计事项清单；问题线索台账；审计证据资料；内控制度；会计凭证,风险词命中/数据缺失/证据不一致/指标偏离/流程缺陷,命中对象、风险等级、证据资料、核查建议,P0,magazine_435_articles,D:\openclaw-workspace\knowledge\11-杂志文献\财政监督\3.加快推进我国新型财会监督体系建设的对策研究.md
MAGSUPV-0089-R01,audit_rule,generated_rule,MAGSUPV-0089,63,C,监督检查与经费舞弊 / 全场景通用 / 金融审计,司法会计鉴定的行政监管问题探析,司法会计鉴定的行政监管问题探析R01规则,按案例主题识别同类事项中的风险特征并生成疑点。,文章案例文本；审计事项清单；问题线索台账；审计证据资料；内控制度；会计凭证,风险词命中/数据缺失/证据不一致/指标偏离/流程缺陷,命中对象、风险等级、证据资料、核查建议,P0,magazine_435_articles,D:\openclaw-workspace\knowledge\11-杂志文献\财政监督\12.司法会计鉴定的行政监管问题探析.md
MAGSUPV-0089-R02,audit_rule,generated_rule,MAGSUPV-0089,63,C,监督检查与经费舞弊 / 全场景通用 / 金融审计,司法会计鉴定的行政监管问题探析,司法会计鉴定的行政监管问题探析R02规则,核查案例涉及的数据、证据和整改链条是否完整一致。,文章案例文本；审计事项清单；问题线索台账；审计证据资料；内控制度；会计凭证,风险词命中/数据缺失/证据不一致/指标偏离/流程缺陷,命中对象、风险等级、证据资料、核查建议,P0,magazine_435_articles,D:\openclaw-workspace\knowledge\11-杂志文献\财政监督\12.司法会计鉴定的行政监管问题探析.md
MAGSUPV-0098-R01,audit_rule,generated_rule,MAGSUPV-0098,63,C,监督检查与经费舞弊 / 全场景通用 / 金融审计,吉林省财政厅：预算绩效管理建设跑出“加速度”,吉林省财政厅：预算绩效管理建设跑出“加速度”R01规则,按案例主题识别同类事项中的风险特征并生成疑点。,文章案例文本；审计事项清单；问题线索台账；审计证据资料；预算指标表；财政支出明细,风险词命中/数据缺失/证据不一致/指标偏离/流程缺陷,命中对象、风险等级、证据资料、核查建议,P0,magazine_435_articles,D:\openclaw-workspace\knowledge\11-杂志文献\财政监督\14.吉林省财政厅：预算绩效管理 建设跑出“加速度”.md
MAGSUPV-0098-R02,audit_rule,generated_rule,MAGSUPV-0098,63,C,监督检查与经费舞弊 / 全场景通用 / 金融审计,吉林省财政厅：预算绩效管理建设跑出“加速度”,吉林省财政厅：预算绩效管理建设跑出“加速度”R02规则,核查案例涉及的数据、证据和整改链条是否完整一致。,文章案例文本；审计事项清单；问题线索台账；审计证据资料；预算指标表；财政支出明细,风险词命中/数据缺失/证据不一致/指标偏离/流程缺陷,命中对象、风险等级、证据资料、核查建议,P0,magazine_435_articles,D:\openclaw-workspace\knowledge\11-杂志文献\财政监督\14.吉林省财政厅：预算绩效管理 建设跑出“加速度”.md
MAGSUPV-0039-R01,audit_rule,generated_rule,MAGSUPV-0039,53,D,监督检查与经费舞弊 / 全场景通用 / 金融审计,四川众益会计师事务所开展从业人员应知应会专业知识考试,四川众益会计师事务所开展从业人员应知应会专业知识考试R01规则,按案例主题识别同类事项中的风险特征并生成疑点。,文章案例文本；审计事项清单；问题线索台账；审计证据资料；内控制度；会计凭证,风险词命中/数据缺失/证据不一致/指标偏离/流程缺陷,命中对象、风险等级、证据资料、核查建议,P1,magazine_435_articles,D:\openclaw-workspace\knowledge\11-杂志文献\四川注册会计师\018.四川众益会计师事务所开展从业人员应知应会专业知识考试.md
MAGSUPV-0039-R02,audit_rule,generated_rule,MAGSUPV-0039,53,D,监督检查与经费舞弊 / 全场景通用 / 金融审计,四川众益会计师事务所开展从业人员应知应会专业知识考试,四川众益会计师事务所开展从业人员应知应会专业知识考试R02规则,核查案例涉及的数据、证据和整改链条是否完整一致。,文章案例文本；审计事项清单；问题线索台账；审计证据资料；内控制度；会计凭证,风险词命中/数据缺失/证据不一致/指标偏离/流程缺陷,命中对象、风险等级、证据资料、核查建议,P1,magazine_435_articles,D:\openclaw-workspace\knowledge\11-杂志文献\四川注册会计师\018.四川众益会计师事务所开展从业人员应知应会专业知识考试.md
MAGSUPV-0036-R01,audit_rule,generated_rule,MAGSUPV-0036,53,D,监督检查与经费舞弊 / 全场景通用 / 金融审计,四川华光会计师事务所赴米易廉政文化主题公园开展警示教育活动,四川华光会计师事务所赴米易廉政文化主题公园开展警示教育活动R01规则,按案例主题识别同类事项中的风险特征并生成疑点。,文章案例文本；审计事项清单；问题线索台账；审计证据资料；内控制度；会计凭证,风险词命中/数据缺失/证据不一致/指标偏离/流程缺陷,命中对象、风险等级、证据资料、核查建议,P1,magazine_435_articles,D:\openclaw-workspace\knowledge\11-杂志文献\四川注册会计师\017.四川华光会计师事务所赴米易廉政文化主题公园开展警示教育活动.md
MAGSUPV-0036-R02,audit_rule,generated_rule,MAGSUPV-0036,53,D,监督检查与经费舞弊 / 全场景通用 / 金融审计,四川华光会计师事务所赴米易廉政文化主题公园开展警示教育活动,四川华光会计师事务所赴米易廉政文化主题公园开展警示教育活动R02规则,核查案例涉及的数据、证据和整改链条是否完整一致。,文章案例文本；审计事项清单；问题线索台账；审计证据资料；内控制度；会计凭证,风险词命中/数据缺失/证据不一致/指标偏离/流程缺陷,命中对象、风险等级、证据资料、核查建议,P1,magazine_435_articles,D:\openclaw-workspace\knowledge\11-杂志文献\四川注册会计师\017.四川华光会计师事务所赴米易廉政文化主题公园开展警示教育活动.md
MAGSUPV-0047-R01,audit_rule,generated_rule,MAGSUPV-0047,53,D,监督检查与经费舞弊 / 全场景通用 / 金融审计,四川录永维诚会计师事务所荣获川联中小企业商会两项荣誉,四川录永维诚会计师事务所荣获川联中小企业商会两项荣誉R01规则,按案例主题识别同类事项中的风险特征并生成疑点。,文章案例文本；审计事项清单；问题线索台账；审计证据资料；内控制度；会计凭证,风险词命中/数据缺失/证据不一致/指标偏离/流程缺陷,命中对象、风险等级、证据资料、核查建议,P1,magazine_435_articles,D:\openclaw-workspace\knowledge\11-杂志文献\四川注册会计师\020.四川录永维诚会计师事务所荣获川联中小企业商会两项荣誉.md
MAGSUPV-0047-R02,audit_rule,generated_rule,MAGSUPV-0047,53,D,监督检查与经费舞弊 / 全场景通用 / 金融审计,四川录永维诚会计师事务所荣获川联中小企业商会两项荣誉,四川录永维诚会计师事务所荣获川联中小企业商会两项荣誉R02规则,核查案例涉及的数据、证据和整改链条是否完整一致。,文章案例文本；审计事项清单；问题线索台账；审计证据资料；内控制度；会计凭证,风险词命中/数据缺失/证据不一致/指标偏离/流程缺陷,命中对象、风险等级、证据资料、核查建议,P1,magazine_435_articles,D:\openclaw-workspace\knowledge\11-杂志文献\四川注册会计师\020.四川录永维诚会计师事务所荣获川联中小企业商会两项荣誉.md
MAGSUPV-0053-R01,audit_rule,generated_rule,MAGSUPV-0053,53,D,监督检查与经费舞弊 / 全场景通用 / 金融审计,四川德文会计师事务所开展2025年度注册会计师诚信宣誓活动,四川德文会计师事务所开展2025年度注册会计师诚信宣誓活动R01规则,按案例主题识别同类事项中的风险特征并生成疑点。,文章案例文本；审计事项清单；问题线索台账；审计证据资料；内控制度；会计凭证,风险词命中/数据缺失/证据不一致/指标偏离/流程缺陷,命中对象、风险等级、证据资料、核查建议,P1,magazine_435_articles,D:\openclaw-workspace\knowledge\11-杂志文献\四川注册会计师\022.四川德文会计师事务所开展2025年度注册会计师诚信宣誓活动.md
MAGSUPV-0053-R02,audit_rule,generated_rule,MAGSUPV-0053,53,D,监督检查与经费舞弊 / 全场景通用 / 金融审计,四川德文会计师事务所开展2025年度注册会计师诚信宣誓活动,四川德文会计师事务所开展2025年度注册会计师诚信宣誓活动R02规则,核查案例涉及的数据、证据和整改链条是否完整一致。,文章案例文本；审计事项清单；问题线索台账；审计证据资料；内控制度；会计凭证,风险词命中/数据缺失/证据不一致/指标偏离/流程缺陷,命中对象、风险等级、证据资料、核查建议,P1,magazine_435_articles,D:\openclaw-workspace\knowledge\11-杂志文献\四川注册会计师\022.四川德文会计师事务所开展2025年度注册会计师诚信宣誓活动.md
MAGSUPV-0018-R01,audit_rule,generated_rule,MAGSUPV-0018,63,C,监督检查与经费舞弊 / 全场景通用 / 金融审计,四川注协做好“五个坚持”全力助推行业高质量发展,四川注协做好“五个坚持”全力助推行业高质量发展R01规则,按案例主题识别同类事项中的风险特征并生成疑点。,文章案例文本；审计事项清单；问题线索台账；审计证据资料；内控制度；会计凭证,风险词命中/数据缺失/证据不一致/指标偏离/流程缺陷,命中对象、风险等级、证据资料、核查建议,P0,magazine_435_articles,D:\openclaw-workspace\knowledge\11-杂志文献\四川注册会计师\010.四川注协做好“五个坚持”全力助推行业高质量发展.md
MAGSUPV-0018-R02,audit_rule,generated_rule,MAGSUPV-0018,63,C,监督检查与经费舞弊 / 全场景通用 / 金融审计,四川注协做好“五个坚持”全力助推行业高质量发展,四川注协做好“五个坚持”全力助推行业高质量发展R02规则,核查案例涉及的数据、证据和整改链条是否完整一致。,文章案例文本；审计事项清单；问题线索台账；审计证据资料；内控制度；会计凭证,风险词命中/数据缺失/证据不一致/指标偏离/流程缺陷,命中对象、风险等级、证据资料、核查建议,P0,magazine_435_articles,D:\openclaw-workspace\knowledge\11-杂志文献\四川注册会计师\010.四川注协做好“五个坚持”全力助推行业高质量发展.md
MAGSUPV-0009-R01,audit_rule,generated_rule,MAGSUPV-0009,53,D,监督检查与经费舞弊 / 全场景通用 / 金融审计,四川省人民政府办公厅关于进一步促进服务业创新突破的实施意见,四川省人民政府办公厅关于进一步促进服务业创新突破的实施意见R01规则,按案例主题识别同类事项中的风险特征并生成疑点。,文章案例文本；审计事项清单；问题线索台账；审计证据资料；内控制度；会计凭证,风险词命中/数据缺失/证据不一致/指标偏离/流程缺陷,命中对象、风险等级、证据资料、核查建议,P1,magazine_435_articles,D:\openclaw-workspace\knowledge\11-杂志文献\四川注册会计师\003.四川省人民政府办公厅关于进一步促进服务业创新突破的实施意见.md
MAGSUPV-0009-R02,audit_rule,generated_rule,MAGSUPV-0009,53,D,监督检查与经费舞弊 / 全场景通用 / 金融审计,四川省人民政府办公厅关于进一步促进服务业创新突破的实施意见,四川省人民政府办公厅关于进一步促进服务业创新突破的实施意见R02规则,核查案例涉及的数据、证据和整改链条是否完整一致。,文章案例文本；审计事项清单；问题线索台账；审计证据资料；内控制度；会计凭证,风险词命中/数据缺失/证据不一致/指标偏离/流程缺陷,命中对象、风险等级、证据资料、核查建议,P1,magazine_435_articles,D:\openclaw-workspace\knowledge\11-杂志文献\四川注册会计师\003.四川省人民政府办公厅关于进一步促进服务业创新突破的实施意见.md
MAGSUPV-0020-R01,audit_rule,generated_rule,MAGSUPV-0020,53,D,监督检查与经费舞弊 / 全场景通用 / 金融审计,四川省注册会计师行业信息化建设现状与对策,四川省注册会计师行业信息化建设现状与对策R01规则,按案例主题识别同类事项中的风险特征并生成疑点。,文章案例文本；审计事项清单；问题线索台账；审计证据资料；内控制度；会计凭证,风险词命中/数据缺失/证据不一致/指标偏离/流程缺陷,命中对象、风险等级、证据资料、核查建议,P1,magazine_435_articles,D:\openclaw-workspace\knowledge\11-杂志文献\四川注册会计师\011.四川省注册会计师行业 信息化建设现状与对策.md
MAGSUPV-0020-R02,audit_rule,generated_rule,MAGSUPV-0020,53,D,监督检查与经费舞弊 / 全场景通用 / 金融审计,四川省注册会计师行业信息化建设现状与对策,四川省注册会计师行业信息化建设现状与对策R02规则,核查案例涉及的数据、证据和整改链条是否完整一致。,文章案例文本；审计事项清单；问题线索台账；审计证据资料；内控制度；会计凭证,风险词命中/数据缺失/证据不一致/指标偏离/流程缺陷,命中对象、风险等级、证据资料、核查建议,P1,magazine_435_articles,D:\openclaw-workspace\knowledge\11-杂志文献\四川注册会计师\011.四川省注册会计师行业 信息化建设现状与对策.md
MAGSUPV-0043-R01,audit_rule,generated_rule,MAGSUPV-0043,53,D,监督检查与经费舞弊 / 全场景通用 / 金融审计,四川省注册会计师行业扎实开展警示教育活动,四川省注册会计师行业扎实开展警示教育活动R01规则,按案例主题识别同类事项中的风险特征并生成疑点。,文章案例文本；审计事项清单；问题线索台账；审计证据资料；内控制度；会计凭证,风险词命中/数据缺失/证据不一致/指标偏离/流程缺陷,命中对象、风险等级、证据资料、核查建议,P1,magazine_435_articles,D:\openclaw-workspace\knowledge\11-杂志文献\四川注册会计师\019.四川省注册会计师行业扎实开展警示教育活动.md
MAGSUPV-0043-R02,audit_rule,generated_rule,MAGSUPV-0043,53,D,监督检查与经费舞弊 / 全场景通用 / 金融审计,四川省注册会计师行业扎实开展警示教育活动,四川省注册会计师行业扎实开展警示教育活动R02规则,核查案例涉及的数据、证据和整改链条是否完整一致。,文章案例文本；审计事项清单；问题线索台账；审计证据资料；内控制度；会计凭证,风险词命中/数据缺失/证据不一致/指标偏离/流程缺陷,命中对象、风险等级、证据资料、核查建议,P1,magazine_435_articles,D:\openclaw-workspace\knowledge\11-杂志文献\四川注册会计师\019.四川省注册会计师行业扎实开展警示教育活动.md
MAGSUPV-0037-R01,audit_rule,generated_rule,MAGSUPV-0037,53,D,监督检查与经费舞弊 / 全场景通用 / 金融审计,四川省注册会计师行业组织观看阅兵仪式集锦,四川省注册会计师行业组织观看阅兵仪式集锦R01规则,按案例主题识别同类事项中的风险特征并生成疑点。,文章案例文本；审计事项清单；问题线索台账；审计证据资料；内控制度；会计凭证,风险词命中/数据缺失/证据不一致/指标偏离/流程缺陷,命中对象、风险等级、证据资料、核查建议,P1,magazine_435_articles,D:\openclaw-workspace\knowledge\11-杂志文献\四川注册会计师\017.四川省注册会计师行业组织观看阅兵仪式集锦.md
MAGSUPV-0037-R02,audit_rule,generated_rule,MAGSUPV-0037,53,D,监督检查与经费舞弊 / 全场景通用 / 金融审计,四川省注册会计师行业组织观看阅兵仪式集锦,四川省注册会计师行业组织观看阅兵仪式集锦R02规则,核查案例涉及的数据、证据和整改链条是否完整一致。,文章案例文本；审计事项清单；问题线索台账；审计证据资料；内控制度；会计凭证,风险词命中/数据缺失/证据不一致/指标偏离/流程缺陷,命中对象、风险等级、证据资料、核查建议,P1,magazine_435_articles,D:\openclaw-workspace\knowledge\11-杂志文献\四川注册会计师\017.四川省注册会计师行业组织观看阅兵仪式集锦.md
MAGSUPV-0007-R01,audit_rule,generated_rule,MAGSUPV-0007,53,D,监督检查与经费舞弊 / 全场景通用 / 金融审计,四川省财政厅关于印发《会计师事务所负面积分制管理办法(试行)》的通知,四川省财政厅关于印发《会计师事务所负面积分制管理办法(试行)》的通知R01规则,按案例主题识别同类事项中的风险特征并生成疑点。,文章案例文本；审计事项清单；问题线索台账；审计证据资料；预算指标表；财政支出明细,风险词命中/数据缺失/证据不一致/指标偏离/流程缺陷,命中对象、风险等级、证据资料、核查建议,P1,magazine_435_articles,D:\openclaw-workspace\knowledge\11-杂志文献\四川注册会计师\001.四川省财政厅关于印发《会计师事务所负面积分制管理办法(试行)》的通知.md
MAGSUPV-0007-R02,audit_rule,generated_rule,MAGSUPV-0007,53,D,监督检查与经费舞弊 / 全场景通用 / 金融审计,四川省财政厅关于印发《会计师事务所负面积分制管理办法(试行)》的通知,四川省财政厅关于印发《会计师事务所负面积分制管理办法(试行)》的通知R02规则,核查案例涉及的数据、证据和整改链条是否完整一致。,文章案例文本；审计事项清单；问题线索台账；审计证据资料；预算指标表；财政支出明细,风险词命中/数据缺失/证据不一致/指标偏离/流程缺陷,命中对象、风险等级、证据资料、核查建议,P1,magazine_435_articles,D:\openclaw-workspace\knowledge\11-杂志文献\四川注册会计师\001.四川省财政厅关于印发《会计师事务所负面积分制管理办法(试行)》的通知.md
MAGSUPV-0122-R01,audit_rule,generated_rule,MAGSUPV-0122,63,C,监督检查与经费舞弊 / 全场景通用 / 金融审计,围绕中心任务聚焦核心职能推动财会监督工作高质量发展,围绕中心任务聚焦核心职能推动财会监督工作高质量发展R01规则,按案例主题识别同类事项中的风险特征并生成疑点。,文章案例文本；审计事项清单；问题线索台账；审计证据资料；内控制度；会计凭证,风险词命中/数据缺失/证据不一致/指标偏离/流程缺陷,命中对象、风险等级、证据资料、核查建议,P0,magazine_435_articles,D:\openclaw-workspace\knowledge\11-杂志文献\财政监督\5.围绕中心任务聚焦核心职能推动财会监督工作高质量发展.md
MAGSUPV-0122-R02,audit_rule,generated_rule,MAGSUPV-0122,63,C,监督检查与经费舞弊 / 全场景通用 / 金融审计,围绕中心任务聚焦核心职能推动财会监督工作高质量发展,围绕中心任务聚焦核心职能推动财会监督工作高质量发展R02规则,核查案例涉及的数据、证据和整改链条是否完整一致。,文章案例文本；审计事项清单；问题线索台账；审计证据资料；内控制度；会计凭证,风险词命中/数据缺失/证据不一致/指标偏离/流程缺陷,命中对象、风险等级、证据资料、核查建议,P0,magazine_435_articles,D:\openclaw-workspace\knowledge\11-杂志文献\财政监督\5.围绕中心任务聚焦核心职能推动财会监督工作高质量发展.md
MAGSUPV-0130-R01,audit_rule,generated_rule,MAGSUPV-0130,63,C,监督检查与经费舞弊 / 全场景通用 / 金融审计,国外贷款项目绩效评价实践研究,国外贷款项目绩效评价实践研究R01规则,按案例主题识别同类事项中的风险特征并生成疑点。,文章案例文本；审计事项清单；问题线索台账；审计证据资料；绩效目标表；绩效评价指标,风险词命中/数据缺失/证据不一致/指标偏离/流程缺陷,命中对象、风险等级、证据资料、核查建议,P0,magazine_435_articles,D:\openclaw-workspace\knowledge\11-杂志文献\财政监督\8.国外贷款项目绩效评价实践研究.md
MAGSUPV-0130-R02,audit_rule,generated_rule,MAGSUPV-0130,63,C,监督检查与经费舞弊 / 全场景通用 / 金融审计,国外贷款项目绩效评价实践研究,国外贷款项目绩效评价实践研究R02规则,核查案例涉及的数据、证据和整改链条是否完整一致。,文章案例文本；审计事项清单；问题线索台账；审计证据资料；绩效目标表；绩效评价指标,风险词命中/数据缺失/证据不一致/指标偏离/流程缺陷,命中对象、风险等级、证据资料、核查建议,P0,magazine_435_articles,D:\openclaw-workspace\knowledge\11-杂志文献\财政监督\8.国外贷款项目绩效评价实践研究.md
MAGSUPV-0021-R01,audit_rule,generated_rule,MAGSUPV-0021,53,D,监督检查与经费舞弊 / 全场景通用 / 金融审计,国际会计师联合会理事会会议在北京召开,国际会计师联合会理事会会议在北京召开R01规则,按案例主题识别同类事项中的风险特征并生成疑点。,文章案例文本；审计事项清单；问题线索台账；审计证据资料；内控制度；会计凭证,风险词命中/数据缺失/证据不一致/指标偏离/流程缺陷,命中对象、风险等级、证据资料、核查建议,P1,magazine_435_articles,D:\openclaw-workspace\knowledge\11-杂志文献\四川注册会计师\011.国际会计师联合会理事会会议在北京召开.md
MAGSUPV-0021-R02,audit_rule,generated_rule,MAGSUPV-0021,53,D,监督检查与经费舞弊 / 全场景通用 / 金融审计,国际会计师联合会理事会会议在北京召开,国际会计师联合会理事会会议在北京召开R02规则,核查案例涉及的数据、证据和整改链条是否完整一致。,文章案例文本；审计事项清单；问题线索台账；审计证据资料；内控制度；会计凭证,风险词命中/数据缺失/证据不一致/指标偏离/流程缺陷,命中对象、风险等级、证据资料、核查建议,P1,magazine_435_articles,D:\openclaw-workspace\knowledge\11-杂志文献\四川注册会计师\011.国际会计师联合会理事会会议在北京召开.md
MAGSUPV-0099-R01,audit_rule,generated_rule,MAGSUPV-0099,53,D,监督检查与经费舞弊 / 全场景通用 / 金融审计,多个账户长期未纳入法定账簿核算,多个账户长期未纳入法定账簿核算R01规则,按案例主题识别同类事项中的风险特征并生成疑点。,文章案例文本；审计事项清单；问题线索台账；审计证据资料；内控制度；会计凭证,风险词命中/数据缺失/证据不一致/指标偏离/流程缺陷,命中对象、风险等级、证据资料、核查建议,P1,magazine_435_articles,D:\openclaw-workspace\knowledge\11-杂志文献\财政监督\14.多个账户长期未纳入法定账簿核算.md
MAGSUPV-0099-R02,audit_rule,generated_rule,MAGSUPV-0099,53,D,监督检查与经费舞弊 / 全场景通用 / 金融审计,多个账户长期未纳入法定账簿核算,多个账户长期未纳入法定账簿核算R02规则,核查案例涉及的数据、证据和整改链条是否完整一致。,文章案例文本；审计事项清单；问题线索台账；审计证据资料；内控制度；会计凭证,风险词命中/数据缺失/证据不一致/指标偏离/流程缺陷,命中对象、风险等级、证据资料、核查建议,P1,magazine_435_articles,D:\openclaw-workspace\knowledge\11-杂志文献\财政监督\14.多个账户长期未纳入法定账簿核算.md
MAGSUPV-0051-R01,audit_rule,generated_rule,MAGSUPV-0051,53,D,监督检查与经费舞弊 / 全场景通用 / 金融审计,多维联动强警示廉洁护航执业路,多维联动强警示廉洁护航执业路R01规则,按案例主题识别同类事项中的风险特征并生成疑点。,文章案例文本；审计事项清单；问题线索台账；审计证据资料；内控制度；会计凭证,风险词命中/数据缺失/证据不一致/指标偏离/流程缺陷,命中对象、风险等级、证据资料、核查建议,P1,magazine_435_articles,D:\openclaw-workspace\knowledge\11-杂志文献\四川注册会计师\021.多维联动强警示廉洁护航执业路.md
MAGSUPV-0051-R02,audit_rule,generated_rule,MAGSUPV-0051,53,D,监督检查与经费舞弊 / 全场景通用 / 金融审计,多维联动强警示廉洁护航执业路,多维联动强警示廉洁护航执业路R02规则,核查案例涉及的数据、证据和整改链条是否完整一致。,文章案例文本；审计事项清单；问题线索台账；审计证据资料；内控制度；会计凭证,风险词命中/数据缺失/证据不一致/指标偏离/流程缺陷,命中对象、风险等级、证据资料、核查建议,P1,magazine_435_articles,D:\openclaw-workspace\knowledge\11-杂志文献\四川注册会计师\021.多维联动强警示廉洁护航执业路.md
MAGSUPV-0054-R01,audit_rule,generated_rule,MAGSUPV-0054,53,D,监督检查与经费舞弊 / 全场景通用 / 金融审计,天健会计师事务所四川、重庆分所党组织联合四川长虹财务管理部党支部联合开展,天健会计师事务所四川、重庆分所党组织联合四川长虹财务管理部党支部联合开展R01规则,按案例主题识别同类事项中的风险特征并生成疑点。,文章案例文本；审计事项清单；问题线索台账；审计证据资料；内控制度；会计凭证,风险词命中/数据缺失/证据不一致/指标偏离/流程缺陷,命中对象、风险等级、证据资料、核查建议,P1,magazine_435_articles,D:\openclaw-workspace\knowledge\11-杂志文献\四川注册会计师\022.天健会计师事务所四川、重庆分所党组织 联合四川长虹财务管理部党支部联合开展主题党日活动.md
MAGSUPV-0054-R02,audit_rule,generated_rule,MAGSUPV-0054,53,D,监督检查与经费舞弊 / 全场景通用 / 金融审计,天健会计师事务所四川、重庆分所党组织联合四川长虹财务管理部党支部联合开展,天健会计师事务所四川、重庆分所党组织联合四川长虹财务管理部党支部联合开展R02规则,核查案例涉及的数据、证据和整改链条是否完整一致。,文章案例文本；审计事项清单；问题线索台账；审计证据资料；内控制度；会计凭证,风险词命中/数据缺失/证据不一致/指标偏离/流程缺陷,命中对象、风险等级、证据资料、核查建议,P1,magazine_435_articles,D:\openclaw-workspace\knowledge\11-杂志文献\四川注册会计师\022.天健会计师事务所四川、重庆分所党组织 联合四川长虹财务管理部党支部联合开展主题党日活动.md
MAGSUPV-0040-R01,audit_rule,generated_rule,MAGSUPV-0040,53,D,监督检查与经费舞弊 / 全场景通用 / 金融审计,天健会计师事务所四川分所举办九三阅兵直播暨科技与军工行业财税专题研讨会,天健会计师事务所四川分所举办九三阅兵直播暨科技与军工行业财税专题研讨会R01规则,按案例主题识别同类事项中的风险特征并生成疑点。,文章案例文本；审计事项清单；问题线索台账；审计证据资料；内控制度；会计凭证,风险词命中/数据缺失/证据不一致/指标偏离/流程缺陷,命中对象、风险等级、证据资料、核查建议,P1,magazine_435_articles,D:\openclaw-workspace\knowledge\11-杂志文献\四川注册会计师\018.天健会计师事务所四川分所举办九三阅兵直播暨科技与军工行业财税专题研讨会.md
MAGSUPV-0040-R02,audit_rule,generated_rule,MAGSUPV-0040,53,D,监督检查与经费舞弊 / 全场景通用 / 金融审计,天健会计师事务所四川分所举办九三阅兵直播暨科技与军工行业财税专题研讨会,天健会计师事务所四川分所举办九三阅兵直播暨科技与军工行业财税专题研讨会R02规则,核查案例涉及的数据、证据和整改链条是否完整一致。,文章案例文本；审计事项清单；问题线索台账；审计证据资料；内控制度；会计凭证,风险词命中/数据缺失/证据不一致/指标偏离/流程缺陷,命中对象、风险等级、证据资料、核查建议,P1,magazine_435_articles,D:\openclaw-workspace\knowledge\11-杂志文献\四川注册会计师\018.天健会计师事务所四川分所举办九三阅兵直播暨科技与军工行业财税专题研讨会.md
MAGSUPV-0008-R01,audit_rule,generated_rule,MAGSUPV-0008,53,D,监督检查与经费舞弊 / 全场景通用 / 金融审计,奋力谱写注册会计师行业服务中国式现代化新篇章,奋力谱写注册会计师行业服务中国式现代化新篇章R01规则,按案例主题识别同类事项中的风险特征并生成疑点。,文章案例文本；审计事项清单；问题线索台账；审计证据资料；内控制度；会计凭证,风险词命中/数据缺失/证据不一致/指标偏离/流程缺陷,命中对象、风险等级、证据资料、核查建议,P1,magazine_435_articles,D:\openclaw-workspace\knowledge\11-杂志文献\四川注册会计师\001.奋力谱写注册会计师行业服务中国式现代化新篇章.md
MAGSUPV-0008-R02,audit_rule,generated_rule,MAGSUPV-0008,53,D,监督检查与经费舞弊 / 全场景通用 / 金融审计,奋力谱写注册会计师行业服务中国式现代化新篇章,奋力谱写注册会计师行业服务中国式现代化新篇章R02规则,核查案例涉及的数据、证据和整改链条是否完整一致。,文章案例文本；审计事项清单；问题线索台账；审计证据资料；内控制度；会计凭证,风险词命中/数据缺失/证据不一致/指标偏离/流程缺陷,命中对象、风险等级、证据资料、核查建议,P1,magazine_435_articles,D:\openclaw-workspace\knowledge\11-杂志文献\四川注册会计师\001.奋力谱写注册会计师行业服务中国式现代化新篇章.md
MAGSUPV-0131-R01,audit_rule,generated_rule,MAGSUPV-0131,53,D,监督检查与经费舞弊 / 全场景通用 / 金融审计,如何提升预算绩效信息公开质量,如何提升预算绩效信息公开质量R01规则,按案例主题识别同类事项中的风险特征并生成疑点。,文章案例文本；审计事项清单；问题线索台账；审计证据资料；预算指标表；财政支出明细,风险词命中/数据缺失/证据不一致/指标偏离/流程缺陷,命中对象、风险等级、证据资料、核查建议,P1,magazine_435_articles,D:\openclaw-workspace\knowledge\11-杂志文献\财政监督\8.如何提升预算绩效信息公开质量.md
MAGSUPV-0131-R02,audit_rule,generated_rule,MAGSUPV-0131,53,D,监督检查与经费舞弊 / 全场景通用 / 金融审计,如何提升预算绩效信息公开质量,如何提升预算绩效信息公开质量R02规则,核查案例涉及的数据、证据和整改链条是否完整一致。,文章案例文本；审计事项清单；问题线索台账；审计证据资料；预算指标表；财政支出明细,风险词命中/数据缺失/证据不一致/指标偏离/流程缺陷,命中对象、风险等级、证据资料、核查建议,P1,magazine_435_articles,D:\openclaw-workspace\knowledge\11-杂志文献\财政监督\8.如何提升预算绩效信息公开质量.md
MAGSUPV-0117-R01,audit_rule,generated_rule,MAGSUPV-0117,63,C,监督检查与经费舞弊 / 全场景通用 / 金融审计,完善重大财政政策绩效评价机制探索,完善重大财政政策绩效评价机制探索R01规则,按案例主题识别同类事项中的风险特征并生成疑点。,文章案例文本；审计事项清单；问题线索台账；审计证据资料；预算指标表；财政支出明细,风险词命中/数据缺失/证据不一致/指标偏离/流程缺陷,命中对象、风险等级、证据资料、核查建议,P0,magazine_435_articles,D:\openclaw-workspace\knowledge\11-杂志文献\财政监督\3.完善重大财政政策绩效评价机制探索.md
MAGSUPV-0117-R02,audit_rule,generated_rule,MAGSUPV-0117,63,C,监督检查与经费舞弊 / 全场景通用 / 金融审计,完善重大财政政策绩效评价机制探索,完善重大财政政策绩效评价机制探索R02规则,核查案例涉及的数据、证据和整改链条是否完整一致。,文章案例文本；审计事项清单；问题线索台账；审计证据资料；预算指标表；财政支出明细,风险词命中/数据缺失/证据不一致/指标偏离/流程缺陷,命中对象、风险等级、证据资料、核查建议,P0,magazine_435_articles,D:\openclaw-workspace\knowledge\11-杂志文献\财政监督\3.完善重大财政政策绩效评价机制探索.md
MAGSUPV-0071-R01,audit_rule,generated_rule,MAGSUPV-0071,63,C,监督检查与经费舞弊 / 全场景通用 / 金融审计,审计期望差距对注册会计师法律责任的影响分析,审计期望差距对注册会计师法律责任的影响分析R01规则,按案例主题识别同类事项中的风险特征并生成疑点。,文章案例文本；审计事项清单；问题线索台账；审计证据资料；内控制度；会计凭证,风险词命中/数据缺失/证据不一致/指标偏离/流程缺陷,命中对象、风险等级、证据资料、核查建议,P0,magazine_435_articles,D:\openclaw-workspace\knowledge\11-杂志文献\审计观察\9.审计期望差距对注册会计师法律责任的影响分析.md
MAGSUPV-0071-R02,audit_rule,generated_rule,MAGSUPV-0071,63,C,监督检查与经费舞弊 / 全场景通用 / 金融审计,审计期望差距对注册会计师法律责任的影响分析,审计期望差距对注册会计师法律责任的影响分析R02规则,核查案例涉及的数据、证据和整改链条是否完整一致。,文章案例文本；审计事项清单；问题线索台账；审计证据资料；内控制度；会计凭证,风险词命中/数据缺失/证据不一致/指标偏离/流程缺陷,命中对象、风险等级、证据资料、核查建议,P0,magazine_435_articles,D:\openclaw-workspace\knowledge\11-杂志文献\审计观察\9.审计期望差距对注册会计师法律责任的影响分析.md
MAGSUPV-0035-R01,audit_rule,generated_rule,MAGSUPV-0035,53,D,监督检查与经费舞弊 / 全场景通用 / 金融审计,寻访先贤故居浸润廉洁初心,寻访先贤故居浸润廉洁初心R01规则,按案例主题识别同类事项中的风险特征并生成疑点。,文章案例文本；审计事项清单；问题线索台账；审计证据资料；内控制度；会计凭证,风险词命中/数据缺失/证据不一致/指标偏离/流程缺陷,命中对象、风险等级、证据资料、核查建议,P1,magazine_435_articles,D:\openclaw-workspace\knowledge\11-杂志文献\四川注册会计师\016.寻访先贤故居浸润廉洁初心.md
MAGSUPV-0035-R02,audit_rule,generated_rule,MAGSUPV-0035,53,D,监督检查与经费舞弊 / 全场景通用 / 金融审计,寻访先贤故居浸润廉洁初心,寻访先贤故居浸润廉洁初心R02规则,核查案例涉及的数据、证据和整改链条是否完整一致。,文章案例文本；审计事项清单；问题线索台账；审计证据资料；内控制度；会计凭证,风险词命中/数据缺失/证据不一致/指标偏离/流程缺陷,命中对象、风险等级、证据资料、核查建议,P1,magazine_435_articles,D:\openclaw-workspace\knowledge\11-杂志文献\四川注册会计师\016.寻访先贤故居浸润廉洁初心.md
MAGSUPV-0056-R01,audit_rule,generated_rule,MAGSUPV-0056,53,D,监督检查与经费舞弊 / 全场景通用 / 金融审计,履职尽责显担当专业赋能助发展,履职尽责显担当专业赋能助发展R01规则,按案例主题识别同类事项中的风险特征并生成疑点。,文章案例文本；审计事项清单；问题线索台账；审计证据资料；内控制度；会计凭证,风险词命中/数据缺失/证据不一致/指标偏离/流程缺陷,命中对象、风险等级、证据资料、核查建议,P1,magazine_435_articles,D:\openclaw-workspace\knowledge\11-杂志文献\四川注册会计师\023.履职尽责显担当专业赋能助发展.md
MAGSUPV-0056-R02,audit_rule,generated_rule,MAGSUPV-0056,53,D,监督检查与经费舞弊 / 全场景通用 / 金融审计,履职尽责显担当专业赋能助发展,履职尽责显担当专业赋能助发展R02规则,核查案例涉及的数据、证据和整改链条是否完整一致。,文章案例文本；审计事项清单；问题线索台账；审计证据资料；内控制度；会计凭证,风险词命中/数据缺失/证据不一致/指标偏离/流程缺陷,命中对象、风险等级、证据资料、核查建议,P1,magazine_435_articles,D:\openclaw-workspace\knowledge\11-杂志文献\四川注册会计师\023.履职尽责显担当专业赋能助发展.md
MAGSUPV-0048-R01,audit_rule,generated_rule,MAGSUPV-0048,53,D,监督检查与经费舞弊 / 全场景通用 / 金融审计,弘扬家风树诚信心存敬畏守底线,弘扬家风树诚信心存敬畏守底线R01规则,按案例主题识别同类事项中的风险特征并生成疑点。,文章案例文本；审计事项清单；问题线索台账；审计证据资料；内控制度；会计凭证,风险词命中/数据缺失/证据不一致/指标偏离/流程缺陷,命中对象、风险等级、证据资料、核查建议,P1,magazine_435_articles,D:\openclaw-workspace\knowledge\11-杂志文献\四川注册会计师\020.弘扬家风树诚信心存敬畏守底线.md
MAGSUPV-0048-R02,audit_rule,generated_rule,MAGSUPV-0048,53,D,监督检查与经费舞弊 / 全场景通用 / 金融审计,弘扬家风树诚信心存敬畏守底线,弘扬家风树诚信心存敬畏守底线R02规则,核查案例涉及的数据、证据和整改链条是否完整一致。,文章案例文本；审计事项清单；问题线索台账；审计证据资料；内控制度；会计凭证,风险词命中/数据缺失/证据不一致/指标偏离/流程缺陷,命中对象、风险等级、证据资料、核查建议,P1,magazine_435_articles,D:\openclaw-workspace\knowledge\11-杂志文献\四川注册会计师\020.弘扬家风树诚信心存敬畏守底线.md
MAGSUPV-0127-R01,audit_rule,generated_rule,MAGSUPV-0127,63,C,监督检查与经费舞弊 / 全场景通用 / 金融审计,强化审计报告查验加力注会行业信息化监管,强化审计报告查验加力注会行业信息化监管R01规则,按案例主题识别同类事项中的风险特征并生成疑点。,文章案例文本；审计事项清单；问题线索台账；审计证据资料；内控制度；会计凭证,风险词命中/数据缺失/证据不一致/指标偏离/流程缺陷,命中对象、风险等级、证据资料、核查建议,P0,magazine_435_articles,D:\openclaw-workspace\knowledge\11-杂志文献\财政监督\7.强化审计报告查验加力注会行业 信息化监管.md
MAGSUPV-0127-R02,audit_rule,generated_rule,MAGSUPV-0127,63,C,监督检查与经费舞弊 / 全场景通用 / 金融审计,强化审计报告查验加力注会行业信息化监管,强化审计报告查验加力注会行业信息化监管R02规则,核查案例涉及的数据、证据和整改链条是否完整一致。,文章案例文本；审计事项清单；问题线索台账；审计证据资料；内控制度；会计凭证,风险词命中/数据缺失/证据不一致/指标偏离/流程缺陷,命中对象、风险等级、证据资料、核查建议,P0,magazine_435_articles,D:\openclaw-workspace\knowledge\11-杂志文献\财政监督\7.强化审计报告查验加力注会行业 信息化监管.md
MAGSUPV-0118-R01,audit_rule,generated_rule,MAGSUPV-0118,63,C,监督检查与经费舞弊 / 全场景通用 / 金融审计,强化预算执行监督推进财政预算与绩效管理一体化,强化预算执行监督推进财政预算与绩效管理一体化R01规则,按案例主题识别同类事项中的风险特征并生成疑点。,文章案例文本；审计事项清单；问题线索台账；审计证据资料；预算指标表；财政支出明细,风险词命中/数据缺失/证据不一致/指标偏离/流程缺陷,命中对象、风险等级、证据资料、核查建议,P0,magazine_435_articles,D:\openclaw-workspace\knowledge\11-杂志文献\财政监督\3.强化预算执行监督推进财政预算与绩效管理一体化.md
MAGSUPV-0118-R02,audit_rule,generated_rule,MAGSUPV-0118,63,C,监督检查与经费舞弊 / 全场景通用 / 金融审计,强化预算执行监督推进财政预算与绩效管理一体化,强化预算执行监督推进财政预算与绩效管理一体化R02规则,核查案例涉及的数据、证据和整改链条是否完整一致。,文章案例文本；审计事项清单；问题线索台账；审计证据资料；预算指标表；财政支出明细,风险词命中/数据缺失/证据不一致/指标偏离/流程缺陷,命中对象、风险等级、证据资料、核查建议,P0,magazine_435_articles,D:\openclaw-workspace\knowledge\11-杂志文献\财政监督\3.强化预算执行监督推进财政预算与绩效管理一体化.md
MAGSUPV-0132-R01,audit_rule,generated_rule,MAGSUPV-0132,63,C,监督检查与经费舞弊 / 全场景通用 / 金融审计,强穿透、用重典：财会监督正加力(下),强穿透、用重典：财会监督正加力(下)R01规则,按案例主题识别同类事项中的风险特征并生成疑点。,文章案例文本；审计事项清单；问题线索台账；审计证据资料；内控制度；会计凭证,风险词命中/数据缺失/证据不一致/指标偏离/流程缺陷,命中对象、风险等级、证据资料、核查建议,P0,magazine_435_articles,D:\openclaw-workspace\knowledge\11-杂志文献\财政监督\8.强穿透、用重典：财会监督正加力(下).md
MAGSUPV-0132-R02,audit_rule,generated_rule,MAGSUPV-0132,63,C,监督检查与经费舞弊 / 全场景通用 / 金融审计,强穿透、用重典：财会监督正加力(下),强穿透、用重典：财会监督正加力(下)R02规则,核查案例涉及的数据、证据和整改链条是否完整一致。,文章案例文本；审计事项清单；问题线索台账；审计证据资料；内控制度；会计凭证,风险词命中/数据缺失/证据不一致/指标偏离/流程缺陷,命中对象、风险等级、证据资料、核查建议,P0,magazine_435_articles,D:\openclaw-workspace\knowledge\11-杂志文献\财政监督\8.强穿透、用重典：财会监督正加力(下).md
MAGSUPV-0125-R01,audit_rule,generated_rule,MAGSUPV-0125,53,D,监督检查与经费舞弊 / 全场景通用 / 金融审计,我国财政机构设置基本架构的内在逻辑探析(上),我国财政机构设置基本架构的内在逻辑探析(上)R01规则,按案例主题识别同类事项中的风险特征并生成疑点。,文章案例文本；审计事项清单；问题线索台账；审计证据资料；预算指标表；财政支出明细,风险词命中/数据缺失/证据不一致/指标偏离/流程缺陷,命中对象、风险等级、证据资料、核查建议,P1,magazine_435_articles,D:\openclaw-workspace\knowledge\11-杂志文献\财政监督\6.我国财政机构设置基本架构的内在逻辑探析(上).md
MAGSUPV-0125-R02,audit_rule,generated_rule,MAGSUPV-0125,53,D,监督检查与经费舞弊 / 全场景通用 / 金融审计,我国财政机构设置基本架构的内在逻辑探析(上),我国财政机构设置基本架构的内在逻辑探析(上)R02规则,核查案例涉及的数据、证据和整改链条是否完整一致。,文章案例文本；审计事项清单；问题线索台账；审计证据资料；预算指标表；财政支出明细,风险词命中/数据缺失/证据不一致/指标偏离/流程缺陷,命中对象、风险等级、证据资料、核查建议,P1,magazine_435_articles,D:\openclaw-workspace\knowledge\11-杂志文献\财政监督\6.我国财政机构设置基本架构的内在逻辑探析(上).md
MAGSUPV-0026-R01,audit_rule,generated_rule,MAGSUPV-0026,53,D,监督检查与经费舞弊 / 全场景通用 / 金融审计,我省行业会计知识大赛颁奖仪式顺利举办,我省行业会计知识大赛颁奖仪式顺利举办R01规则,按案例主题识别同类事项中的风险特征并生成疑点。,文章案例文本；审计事项清单；问题线索台账；审计证据资料；内控制度；会计凭证,风险词命中/数据缺失/证据不一致/指标偏离/流程缺陷,命中对象、风险等级、证据资料、核查建议,P1,magazine_435_articles,D:\openclaw-workspace\knowledge\11-杂志文献\四川注册会计师\013.我省行业会计知识大赛颁奖仪式顺利举办.md
MAGSUPV-0026-R02,audit_rule,generated_rule,MAGSUPV-0026,53,D,监督检查与经费舞弊 / 全场景通用 / 金融审计,我省行业会计知识大赛颁奖仪式顺利举办,我省行业会计知识大赛颁奖仪式顺利举办R02规则,核查案例涉及的数据、证据和整改链条是否完整一致。,文章案例文本；审计事项清单；问题线索台账；审计证据资料；内控制度；会计凭证,风险词命中/数据缺失/证据不一致/指标偏离/流程缺陷,命中对象、风险等级、证据资料、核查建议,P1,magazine_435_articles,D:\openclaw-workspace\knowledge\11-杂志文献\四川注册会计师\013.我省行业会计知识大赛颁奖仪式顺利举办.md
MAGSUPV-0052-R01,audit_rule,generated_rule,MAGSUPV-0052,53,D,监督检查与经费舞弊 / 全场景通用 / 金融审计,拥抱AI驱动未来,拥抱AI驱动未来R01规则,按案例主题识别同类事项中的风险特征并生成疑点。,文章案例文本；审计事项清单；问题线索台账；审计证据资料；内控制度；会计凭证,风险词命中/数据缺失/证据不一致/指标偏离/流程缺陷,命中对象、风险等级、证据资料、核查建议,P1,magazine_435_articles,D:\openclaw-workspace\knowledge\11-杂志文献\四川注册会计师\021.拥抱AI驱动未来.md
MAGSUPV-0052-R02,audit_rule,generated_rule,MAGSUPV-0052,53,D,监督检查与经费舞弊 / 全场景通用 / 金融审计,拥抱AI驱动未来,拥抱AI驱动未来R02规则,核查案例涉及的数据、证据和整改链条是否完整一致。,文章案例文本；审计事项清单；问题线索台账；审计证据资料；内控制度；会计凭证,风险词命中/数据缺失/证据不一致/指标偏离/流程缺陷,命中对象、风险等级、证据资料、核查建议,P1,magazine_435_articles,D:\openclaw-workspace\knowledge\11-杂志文献\四川注册会计师\021.拥抱AI驱动未来.md
MAGSUPV-0088-R01,audit_rule,generated_rule,MAGSUPV-0088,53,D,监督检查与经费舞弊 / 全场景通用 / 金融审计,探索共建联合监管机制助推上市公司高质量发展,探索共建联合监管机制助推上市公司高质量发展R01规则,按案例主题识别同类事项中的风险特征并生成疑点。,文章案例文本；审计事项清单；问题线索台账；审计证据资料；内控制度；会计凭证,风险词命中/数据缺失/证据不一致/指标偏离/流程缺陷,命中对象、风险等级、证据资料、核查建议,P1,magazine_435_articles,D:\openclaw-workspace\knowledge\11-杂志文献\财政监督\11.探索共建联合监管机制助推上市公司高质量发展.md
MAGSUPV-0088-R02,audit_rule,generated_rule,MAGSUPV-0088,53,D,监督检查与经费舞弊 / 全场景通用 / 金融审计,探索共建联合监管机制助推上市公司高质量发展,探索共建联合监管机制助推上市公司高质量发展R02规则,核查案例涉及的数据、证据和整改链条是否完整一致。,文章案例文本；审计事项清单；问题线索台账；审计证据资料；内控制度；会计凭证,风险词命中/数据缺失/证据不一致/指标偏离/流程缺陷,命中对象、风险等级、证据资料、核查建议,P1,magazine_435_articles,D:\openclaw-workspace\knowledge\11-杂志文献\财政监督\11.探索共建联合监管机制助推上市公司高质量发展.md
MAGSUPV-0091-R01,audit_rule,generated_rule,MAGSUPV-0091,63,C,监督检查与经费舞弊 / 全场景通用 / 金融审计,探索构建财会监督常态化协同联动机制,探索构建财会监督常态化协同联动机制R01规则,按案例主题识别同类事项中的风险特征并生成疑点。,文章案例文本；审计事项清单；问题线索台账；审计证据资料；内控制度；会计凭证,风险词命中/数据缺失/证据不一致/指标偏离/流程缺陷,命中对象、风险等级、证据资料、核查建议,P0,magazine_435_articles,D:\openclaw-workspace\knowledge\11-杂志文献\财政监督\12.探索构建财会监督常态化协同联动机制.md
MAGSUPV-0091-R02,audit_rule,generated_rule,MAGSUPV-0091,63,C,监督检查与经费舞弊 / 全场景通用 / 金融审计,探索构建财会监督常态化协同联动机制,探索构建财会监督常态化协同联动机制R02规则,核查案例涉及的数据、证据和整改链条是否完整一致。,文章案例文本；审计事项清单；问题线索台账；审计证据资料；内控制度；会计凭证,风险词命中/数据缺失/证据不一致/指标偏离/流程缺陷,命中对象、风险等级、证据资料、核查建议,P0,magazine_435_articles,D:\openclaw-workspace\knowledge\11-杂志文献\财政监督\12.探索构建财会监督常态化协同联动机制.md
MAGSUPV-0108-R01,audit_rule,generated_rule,MAGSUPV-0108,63,C,监督检查与经费舞弊 / 全场景通用 / 金融审计,探索采购与绩效融合全过程推动预算绩效管理工作脱虚向实,探索采购与绩效融合全过程推动预算绩效管理工作脱虚向实R01规则,按案例主题识别同类事项中的风险特征并生成疑点。,文章案例文本；审计事项清单；问题线索台账；审计证据资料；预算指标表；财政支出明细,风险词命中/数据缺失/证据不一致/指标偏离/流程缺陷,命中对象、风险等级、证据资料、核查建议,P0,magazine_435_articles,D:\openclaw-workspace\knowledge\11-杂志文献\财政监督\2.探索采购与绩效融合全过程推动预算绩效管理工作脱虚向实.md
MAGSUPV-0108-R02,audit_rule,generated_rule,MAGSUPV-0108,63,C,监督检查与经费舞弊 / 全场景通用 / 金融审计,探索采购与绩效融合全过程推动预算绩效管理工作脱虚向实,探索采购与绩效融合全过程推动预算绩效管理工作脱虚向实R02规则,核查案例涉及的数据、证据和整改链条是否完整一致。,文章案例文本；审计事项清单；问题线索台账；审计证据资料；预算指标表；财政支出明细,风险词命中/数据缺失/证据不一致/指标偏离/流程缺陷,命中对象、风险等级、证据资料、核查建议,P0,magazine_435_articles,D:\openclaw-workspace\knowledge\11-杂志文献\财政监督\2.探索采购与绩效融合全过程推动预算绩效管理工作脱虚向实.md
MAGSUPV-0068-R01,audit_rule,generated_rule,MAGSUPV-0068,63,C,监督检查与经费舞弊 / 全场景通用 / 金融审计,数字治理时代我国审计法治发展研究,数字治理时代我国审计法治发展研究R01规则,按案例主题识别同类事项中的风险特征并生成疑点。,文章案例文本；审计事项清单；问题线索台账；审计证据资料；内控制度；会计凭证,风险词命中/数据缺失/证据不一致/指标偏离/流程缺陷,命中对象、风险等级、证据资料、核查建议,P0,magazine_435_articles,D:\openclaw-workspace\knowledge\11-杂志文献\审计观察\14.数字治理时代我国审计法治发展研究.md
MAGSUPV-0068-R02,audit_rule,generated_rule,MAGSUPV-0068,63,C,监督检查与经费舞弊 / 全场景通用 / 金融审计,数字治理时代我国审计法治发展研究,数字治理时代我国审计法治发展研究R02规则,核查案例涉及的数据、证据和整改链条是否完整一致。,文章案例文本；审计事项清单；问题线索台账；审计证据资料；内控制度；会计凭证,风险词命中/数据缺失/证据不一致/指标偏离/流程缺陷,命中对象、风险等级、证据资料、核查建议,P0,magazine_435_articles,D:\openclaw-workspace\knowledge\11-杂志文献\审计观察\14.数字治理时代我国审计法治发展研究.md
MAGSUPV-0096-R01,audit_rule,generated_rule,MAGSUPV-0096,63,C,监督检查与经费舞弊 / 全场景通用 / 金融审计,构建协同高效财会监督机制的理论思维与路径研究,构建协同高效财会监督机制的理论思维与路径研究R01规则,按案例主题识别同类事项中的风险特征并生成疑点。,文章案例文本；审计事项清单；问题线索台账；审计证据资料；内控制度；会计凭证,风险词命中/数据缺失/证据不一致/指标偏离/流程缺陷,命中对象、风险等级、证据资料、核查建议,P0,magazine_435_articles,D:\openclaw-workspace\knowledge\11-杂志文献\财政监督\13.构建协同高效财会监督机制的理论思维与路径研究.md
MAGSUPV-0096-R02,audit_rule,generated_rule,MAGSUPV-0096,63,C,监督检查与经费舞弊 / 全场景通用 / 金融审计,构建协同高效财会监督机制的理论思维与路径研究,构建协同高效财会监督机制的理论思维与路径研究R02规则,核查案例涉及的数据、证据和整改链条是否完整一致。,文章案例文本；审计事项清单；问题线索台账；审计证据资料；内控制度；会计凭证,风险词命中/数据缺失/证据不一致/指标偏离/流程缺陷,命中对象、风险等级、证据资料、核查建议,P0,magazine_435_articles,D:\openclaw-workspace\knowledge\11-杂志文献\财政监督\13.构建协同高效财会监督机制的理论思维与路径研究.md
MAGSUPV-0033-R01,audit_rule,generated_rule,MAGSUPV-0033,63,C,监督检查与经费舞弊 / 全场景通用 / 金融审计,注册会计师行业“十四五”规划实施评估报告,注册会计师行业“十四五”规划实施评估报告R01规则,按案例主题识别同类事项中的风险特征并生成疑点。,文章案例文本；审计事项清单；问题线索台账；审计证据资料；内控制度；会计凭证,风险词命中/数据缺失/证据不一致/指标偏离/流程缺陷,命中对象、风险等级、证据资料、核查建议,P0,magazine_435_articles,D:\openclaw-workspace\knowledge\11-杂志文献\四川注册会计师\015.注册会计师行业“十四五”规划实施评估报告.md
MAGSUPV-0033-R02,audit_rule,generated_rule,MAGSUPV-0033,63,C,监督检查与经费舞弊 / 全场景通用 / 金融审计,注册会计师行业“十四五”规划实施评估报告,注册会计师行业“十四五”规划实施评估报告R02规则,核查案例涉及的数据、证据和整改链条是否完整一致。,文章案例文本；审计事项清单；问题线索台账；审计证据资料；内控制度；会计凭证,风险词命中/数据缺失/证据不一致/指标偏离/流程缺陷,命中对象、风险等级、证据资料、核查建议,P0,magazine_435_articles,D:\openclaw-workspace\knowledge\11-杂志文献\四川注册会计师\015.注册会计师行业“十四五”规划实施评估报告.md
MAGSUPV-0086-R01,audit_rule,generated_rule,MAGSUPV-0086,63,C,监督检查与经费舞弊 / 全场景通用 / 金融审计,浙江特色“三位一体”财会监督体系为助力共同富裕“打样”,浙江特色“三位一体”财会监督体系为助力共同富裕“打样”R01规则,按案例主题识别同类事项中的风险特征并生成疑点。,文章案例文本；审计事项清单；问题线索台账；审计证据资料；内控制度；会计凭证,风险词命中/数据缺失/证据不一致/指标偏离/流程缺陷,命中对象、风险等级、证据资料、核查建议,P0,magazine_435_articles,D:\openclaw-workspace\knowledge\11-杂志文献\财政监督\1.浙江特色“三位一体”财会监督体系 为助力共同富裕“打样”.md
MAGSUPV-0086-R02,audit_rule,generated_rule,MAGSUPV-0086,63,C,监督检查与经费舞弊 / 全场景通用 / 金融审计,浙江特色“三位一体”财会监督体系为助力共同富裕“打样”,浙江特色“三位一体”财会监督体系为助力共同富裕“打样”R02规则,核查案例涉及的数据、证据和整改链条是否完整一致。,文章案例文本；审计事项清单；问题线索台账；审计证据资料；内控制度；会计凭证,风险词命中/数据缺失/证据不一致/指标偏离/流程缺陷,命中对象、风险等级、证据资料、核查建议,P0,magazine_435_articles,D:\openclaw-workspace\knowledge\11-杂志文献\财政监督\1.浙江特色“三位一体”财会监督体系 为助力共同富裕“打样”.md
MAGSUPV-0128-R01,audit_rule,generated_rule,MAGSUPV-0128,53,D,监督检查与经费舞弊 / 全场景通用 / 金融审计,深入学习贯彻《意见》精神全面提升财会监督绩效,深入学习贯彻《意见》精神全面提升财会监督绩效R01规则,按案例主题识别同类事项中的风险特征并生成疑点。,文章案例文本；审计事项清单；问题线索台账；审计证据资料；绩效目标表；绩效评价指标,风险词命中/数据缺失/证据不一致/指标偏离/流程缺陷,命中对象、风险等级、证据资料、核查建议,P1,magazine_435_articles,D:\openclaw-workspace\knowledge\11-杂志文献\财政监督\7.深入学习贯彻《意见》精神全面提升财会监督绩效.md
MAGSUPV-0128-R02,audit_rule,generated_rule,MAGSUPV-0128,53,D,监督检查与经费舞弊 / 全场景通用 / 金融审计,深入学习贯彻《意见》精神全面提升财会监督绩效,深入学习贯彻《意见》精神全面提升财会监督绩效R02规则,核查案例涉及的数据、证据和整改链条是否完整一致。,文章案例文本；审计事项清单；问题线索台账；审计证据资料；绩效目标表；绩效评价指标,风险词命中/数据缺失/证据不一致/指标偏离/流程缺陷,命中对象、风险等级、证据资料、核查建议,P1,magazine_435_articles,D:\openclaw-workspace\knowledge\11-杂志文献\财政监督\7.深入学习贯彻《意见》精神全面提升财会监督绩效.md
MAGSUPV-0129-R01,audit_rule,generated_rule,MAGSUPV-0129,63,C,监督检查与经费舞弊 / 全场景通用 / 金融审计,牢基础、强监管：新时代改进代理记账工作再加力(下),牢基础、强监管：新时代改进代理记账工作再加力(下)R01规则,按案例主题识别同类事项中的风险特征并生成疑点。,文章案例文本；审计事项清单；问题线索台账；审计证据资料；内控制度；会计凭证,风险词命中/数据缺失/证据不一致/指标偏离/流程缺陷,命中对象、风险等级、证据资料、核查建议,P0,magazine_435_articles,D:\openclaw-workspace\knowledge\11-杂志文献\财政监督\7.牢基础、强监管：新时代改进代理记 账工作再加力(下).md
MAGSUPV-0129-R02,audit_rule,generated_rule,MAGSUPV-0129,63,C,监督检查与经费舞弊 / 全场景通用 / 金融审计,牢基础、强监管：新时代改进代理记账工作再加力(下),牢基础、强监管：新时代改进代理记账工作再加力(下)R02规则,核查案例涉及的数据、证据和整改链条是否完整一致。,文章案例文本；审计事项清单；问题线索台账；审计证据资料；内控制度；会计凭证,风险词命中/数据缺失/证据不一致/指标偏离/流程缺陷,命中对象、风险等级、证据资料、核查建议,P0,magazine_435_articles,D:\openclaw-workspace\knowledge\11-杂志文献\财政监督\7.牢基础、强监管：新时代改进代理记 账工作再加力(下).md
MAGSUPV-0044-R01,audit_rule,generated_rule,MAGSUPV-0044,53,D,监督检查与经费舞弊 / 全场景通用 / 金融审计,瑞马迎新启新章凝心聚力向未来,瑞马迎新启新章凝心聚力向未来R01规则,按案例主题识别同类事项中的风险特征并生成疑点。,文章案例文本；审计事项清单；问题线索台账；审计证据资料；内控制度；会计凭证,风险词命中/数据缺失/证据不一致/指标偏离/流程缺陷,命中对象、风险等级、证据资料、核查建议,P1,magazine_435_articles,D:\openclaw-workspace\knowledge\11-杂志文献\四川注册会计师\019.瑞马迎新启新章凝心聚力向未来.md
MAGSUPV-0044-R02,audit_rule,generated_rule,MAGSUPV-0044,53,D,监督检查与经费舞弊 / 全场景通用 / 金融审计,瑞马迎新启新章凝心聚力向未来,瑞马迎新启新章凝心聚力向未来R02规则,核查案例涉及的数据、证据和整改链条是否完整一致。,文章案例文本；审计事项清单；问题线索台账；审计证据资料；内控制度；会计凭证,风险词命中/数据缺失/证据不一致/指标偏离/流程缺陷,命中对象、风险等级、证据资料、核查建议,P1,magazine_435_articles,D:\openclaw-workspace\knowledge\11-杂志文献\四川注册会计师\019.瑞马迎新启新章凝心聚力向未来.md
MAGSUPV-0027-R01,audit_rule,generated_rule,MAGSUPV-0027,53,D,监督检查与经费舞弊 / 全场景通用 / 金融审计,省注会中心不断加强行业数据资产业务能力的提升,省注会中心不断加强行业数据资产业务能力的提升R01规则,按案例主题识别同类事项中的风险特征并生成疑点。,文章案例文本；审计事项清单；问题线索台账；审计证据资料；内控制度；会计凭证,风险词命中/数据缺失/证据不一致/指标偏离/流程缺陷,命中对象、风险等级、证据资料、核查建议,P1,magazine_435_articles,D:\openclaw-workspace\knowledge\11-杂志文献\四川注册会计师\013.省注会中心不断加强行业数据资产业务能力的提升.md
MAGSUPV-0027-R02,audit_rule,generated_rule,MAGSUPV-0027,53,D,监督检查与经费舞弊 / 全场景通用 / 金融审计,省注会中心不断加强行业数据资产业务能力的提升,省注会中心不断加强行业数据资产业务能力的提升R02规则,核查案例涉及的数据、证据和整改链条是否完整一致。,文章案例文本；审计事项清单；问题线索台账；审计证据资料；内控制度；会计凭证,风险词命中/数据缺失/证据不一致/指标偏离/流程缺陷,命中对象、风险等级、证据资料、核查建议,P1,magazine_435_articles,D:\openclaw-workspace\knowledge\11-杂志文献\四川注册会计师\013.省注会中心不断加强行业数据资产业务能力的提升.md
MAGSUPV-0029-R01,audit_rule,generated_rule,MAGSUPV-0029,53,D,监督检查与经费舞弊 / 全场景通用 / 金融审计,省注协一月份主要工作动态,省注协一月份主要工作动态R01规则,按案例主题识别同类事项中的风险特征并生成疑点。,文章案例文本；审计事项清单；问题线索台账；审计证据资料；内控制度；会计凭证,风险词命中/数据缺失/证据不一致/指标偏离/流程缺陷,命中对象、风险等级、证据资料、核查建议,P1,magazine_435_articles,D:\openclaw-workspace\knowledge\11-杂志文献\四川注册会计师\014.省注协一月份主要工作动态.md
MAGSUPV-0029-R02,audit_rule,generated_rule,MAGSUPV-0029,53,D,监督检查与经费舞弊 / 全场景通用 / 金融审计,省注协一月份主要工作动态,省注协一月份主要工作动态R02规则,核查案例涉及的数据、证据和整改链条是否完整一致。,文章案例文本；审计事项清单；问题线索台账；审计证据资料；内控制度；会计凭证,风险词命中/数据缺失/证据不一致/指标偏离/流程缺陷,命中对象、风险等级、证据资料、核查建议,P1,magazine_435_articles,D:\openclaw-workspace\knowledge\11-杂志文献\四川注册会计师\014.省注协一月份主要工作动态.md
MAGSUPV-0022-R01,audit_rule,generated_rule,MAGSUPV-0022,53,D,监督检查与经费舞弊 / 全场景通用 / 金融审计,省注协发布2025年会计师事务所综合评价前百家信息及分类情况,省注协发布2025年会计师事务所综合评价前百家信息及分类情况R01规则,按案例主题识别同类事项中的风险特征并生成疑点。,文章案例文本；审计事项清单；问题线索台账；审计证据资料；内控制度；会计凭证,风险词命中/数据缺失/证据不一致/指标偏离/流程缺陷,命中对象、风险等级、证据资料、核查建议,P1,magazine_435_articles,D:\openclaw-workspace\knowledge\11-杂志文献\四川注册会计师\012.省注协发布2025年会计师事务所综合评价前百家信息及分类情况.md
MAGSUPV-0022-R02,audit_rule,generated_rule,MAGSUPV-0022,53,D,监督检查与经费舞弊 / 全场景通用 / 金融审计,省注协发布2025年会计师事务所综合评价前百家信息及分类情况,省注协发布2025年会计师事务所综合评价前百家信息及分类情况R02规则,核查案例涉及的数据、证据和整改链条是否完整一致。,文章案例文本；审计事项清单；问题线索台账；审计证据资料；内控制度；会计凭证,风险词命中/数据缺失/证据不一致/指标偏离/流程缺陷,命中对象、风险等级、证据资料、核查建议,P1,magazine_435_articles,D:\openclaw-workspace\knowledge\11-杂志文献\四川注册会计师\012.省注协发布2025年会计师事务所综合评价前百家信息及分类情况.md
MAGSUPV-0030-R01,audit_rule,generated_rule,MAGSUPV-0030,53,D,监督检查与经费舞弊 / 全场景通用 / 金融审计,省注协召开行业数字化共享平台软件产品推介会,省注协召开行业数字化共享平台软件产品推介会R01规则,按案例主题识别同类事项中的风险特征并生成疑点。,文章案例文本；审计事项清单；问题线索台账；审计证据资料；内控制度；会计凭证,风险词命中/数据缺失/证据不一致/指标偏离/流程缺陷,命中对象、风险等级、证据资料、核查建议,P1,magazine_435_articles,D:\openclaw-workspace\knowledge\11-杂志文献\四川注册会计师\014.省注协召开行业数字化共享平台软件产品推介会.md
MAGSUPV-0030-R02,audit_rule,generated_rule,MAGSUPV-0030,53,D,监督检查与经费舞弊 / 全场景通用 / 金融审计,省注协召开行业数字化共享平台软件产品推介会,省注协召开行业数字化共享平台软件产品推介会R02规则,核查案例涉及的数据、证据和整改链条是否完整一致。,文章案例文本；审计事项清单；问题线索台账；审计证据资料；内控制度；会计凭证,风险词命中/数据缺失/证据不一致/指标偏离/流程缺陷,命中对象、风险等级、证据资料、核查建议,P1,magazine_435_articles,D:\openclaw-workspace\knowledge\11-杂志文献\四川注册会计师\014.省注协召开行业数字化共享平台软件产品推介会.md
MAGSUPV-0023-R01,audit_rule,generated_rule,MAGSUPV-0023,53,D,监督检查与经费舞弊 / 全场景通用 / 金融审计,省注协约谈会计师事务所警示印章管理问题,省注协约谈会计师事务所警示印章管理问题R01规则,按案例主题识别同类事项中的风险特征并生成疑点。,文章案例文本；审计事项清单；问题线索台账；审计证据资料；内控制度；会计凭证,风险词命中/数据缺失/证据不一致/指标偏离/流程缺陷,命中对象、风险等级、证据资料、核查建议,P1,magazine_435_articles,D:\openclaw-workspace\knowledge\11-杂志文献\四川注册会计师\012.省注协约谈会计师事务所警示印章管理问题.md
MAGSUPV-0023-R02,audit_rule,generated_rule,MAGSUPV-0023,53,D,监督检查与经费舞弊 / 全场景通用 / 金融审计,省注协约谈会计师事务所警示印章管理问题,省注协约谈会计师事务所警示印章管理问题R02规则,核查案例涉及的数据、证据和整改链条是否完整一致。,文章案例文本；审计事项清单；问题线索台账；审计证据资料；内控制度；会计凭证,风险词命中/数据缺失/证据不一致/指标偏离/流程缺陷,命中对象、风险等级、证据资料、核查建议,P1,magazine_435_articles,D:\openclaw-workspace\knowledge\11-杂志文献\四川注册会计师\012.省注协约谈会计师事务所警示印章管理问题.md
MAGSUPV-0121-R01,audit_rule,generated_rule,MAGSUPV-0121,63,C,监督检查与经费舞弊 / 全场景通用 / 金融审计,着力“四个强化”推动四川财会监督工作再上新台阶,着力“四个强化”推动四川财会监督工作再上新台阶R01规则,按案例主题识别同类事项中的风险特征并生成疑点。,文章案例文本；审计事项清单；问题线索台账；审计证据资料；内控制度；会计凭证,风险词命中/数据缺失/证据不一致/指标偏离/流程缺陷,命中对象、风险等级、证据资料、核查建议,P0,magazine_435_articles,D:\openclaw-workspace\knowledge\11-杂志文献\财政监督\4.着力“四个强化”推动四川财会监督工作 再上新台阶.md
MAGSUPV-0121-R02,audit_rule,generated_rule,MAGSUPV-0121,63,C,监督检查与经费舞弊 / 全场景通用 / 金融审计,着力“四个强化”推动四川财会监督工作再上新台阶,着力“四个强化”推动四川财会监督工作再上新台阶R02规则,核查案例涉及的数据、证据和整改链条是否完整一致。,文章案例文本；审计事项清单；问题线索台账；审计证据资料；内控制度；会计凭证,风险词命中/数据缺失/证据不一致/指标偏离/流程缺陷,命中对象、风险等级、证据资料、核查建议,P0,magazine_435_articles,D:\openclaw-workspace\knowledge\11-杂志文献\财政监督\4.着力“四个强化”推动四川财会监督工作 再上新台阶.md
MAGSUPV-0015-R01,audit_rule,generated_rule,MAGSUPV-0015,63,C,监督检查与经费舞弊 / 全场景通用 / 金融审计,社会审计助力国家审计的方法与路径研究,社会审计助力国家审计的方法与路径研究R01规则,按案例主题识别同类事项中的风险特征并生成疑点。,文章案例文本；审计事项清单；问题线索台账；审计证据资料；内控制度；会计凭证,风险词命中/数据缺失/证据不一致/指标偏离/流程缺陷,命中对象、风险等级、证据资料、核查建议,P0,magazine_435_articles,D:\openclaw-workspace\knowledge\11-杂志文献\四川注册会计师\009.社会审计助力国家审计的方法与路径研究.md
MAGSUPV-0015-R02,audit_rule,generated_rule,MAGSUPV-0015,63,C,监督检查与经费舞弊 / 全场景通用 / 金融审计,社会审计助力国家审计的方法与路径研究,社会审计助力国家审计的方法与路径研究R02规则,核查案例涉及的数据、证据和整改链条是否完整一致。,文章案例文本；审计事项清单；问题线索台账；审计证据资料；内控制度；会计凭证,风险词命中/数据缺失/证据不一致/指标偏离/流程缺陷,命中对象、风险等级、证据资料、核查建议,P0,magazine_435_articles,D:\openclaw-workspace\knowledge\11-杂志文献\四川注册会计师\009.社会审计助力国家审计的方法与路径研究.md
MAGSUPV-0012-R01,audit_rule,generated_rule,MAGSUPV-0012,53,D,监督检查与经费舞弊 / 全场景通用 / 金融审计,社会组织评估管理办法,社会组织评估管理办法R01规则,按案例主题识别同类事项中的风险特征并生成疑点。,文章案例文本；审计事项清单；问题线索台账；审计证据资料；内控制度；会计凭证,风险词命中/数据缺失/证据不一致/指标偏离/流程缺陷,命中对象、风险等级、证据资料、核查建议,P1,magazine_435_articles,D:\openclaw-workspace\knowledge\11-杂志文献\四川注册会计师\006.社会组织评估管理办法.md
MAGSUPV-0012-R02,audit_rule,generated_rule,MAGSUPV-0012,53,D,监督检查与经费舞弊 / 全场景通用 / 金融审计,社会组织评估管理办法,社会组织评估管理办法R02规则,核查案例涉及的数据、证据和整改链条是否完整一致。,文章案例文本；审计事项清单；问题线索台账；审计证据资料；内控制度；会计凭证,风险词命中/数据缺失/证据不一致/指标偏离/流程缺陷,命中对象、风险等级、证据资料、核查建议,P1,magazine_435_articles,D:\openclaw-workspace\knowledge\11-杂志文献\四川注册会计师\006.社会组织评估管理办法.md
MAGSUPV-0119-R01,audit_rule,generated_rule,MAGSUPV-0119,63,C,监督检查与经费舞弊 / 全场景通用 / 金融审计,积极打造财会监督“山东特色”服务保障经济社会高质量发展,积极打造财会监督“山东特色”服务保障经济社会高质量发展R01规则,按案例主题识别同类事项中的风险特征并生成疑点。,文章案例文本；审计事项清单；问题线索台账；审计证据资料；内控制度；会计凭证,风险词命中/数据缺失/证据不一致/指标偏离/流程缺陷,命中对象、风险等级、证据资料、核查建议,P0,magazine_435_articles,D:\openclaw-workspace\knowledge\11-杂志文献\财政监督\3.积极打造财会监督“山东特色” 服务保障经济社会高质量发展.md
MAGSUPV-0119-R02,audit_rule,generated_rule,MAGSUPV-0119,63,C,监督检查与经费舞弊 / 全场景通用 / 金融审计,积极打造财会监督“山东特色”服务保障经济社会高质量发展,积极打造财会监督“山东特色”服务保障经济社会高质量发展R02规则,核查案例涉及的数据、证据和整改链条是否完整一致。,文章案例文本；审计事项清单；问题线索台账；审计证据资料；内控制度；会计凭证,风险词命中/数据缺失/证据不一致/指标偏离/流程缺陷,命中对象、风险等级、证据资料、核查建议,P0,magazine_435_articles,D:\openclaw-workspace\knowledge\11-杂志文献\财政监督\3.积极打造财会监督“山东特色” 服务保障经济社会高质量发展.md
MAGSUPV-0109-R01,audit_rule,generated_rule,MAGSUPV-0109,63,C,监督检查与经费舞弊 / 全场景通用 / 金融审计,稳中求进扎实做好2023年财政工作,稳中求进扎实做好2023年财政工作R01规则,按案例主题识别同类事项中的风险特征并生成疑点。,文章案例文本；审计事项清单；问题线索台账；审计证据资料；预算指标表；财政支出明细,风险词命中/数据缺失/证据不一致/指标偏离/流程缺陷,命中对象、风险等级、证据资料、核查建议,P0,magazine_435_articles,D:\openclaw-workspace\knowledge\11-杂志文献\财政监督\2.稳中求进扎实做好2023年财政工作.md
MAGSUPV-0109-R02,audit_rule,generated_rule,MAGSUPV-0109,63,C,监督检查与经费舞弊 / 全场景通用 / 金融审计,稳中求进扎实做好2023年财政工作,稳中求进扎实做好2023年财政工作R02规则,核查案例涉及的数据、证据和整改链条是否完整一致。,文章案例文本；审计事项清单；问题线索台账；审计证据资料；预算指标表；财政支出明细,风险词命中/数据缺失/证据不一致/指标偏离/流程缺陷,命中对象、风险等级、证据资料、核查建议,P0,magazine_435_articles,D:\openclaw-workspace\knowledge\11-杂志文献\财政监督\2.稳中求进扎实做好2023年财政工作.md
MAGSUPV-0024-R01,audit_rule,generated_rule,MAGSUPV-0024,53,D,监督检查与经费舞弊 / 全场景通用 / 金融审计,筑梦绿茵共育黄般中心小学足球未来,筑梦绿茵共育黄般中心小学足球未来R01规则,按案例主题识别同类事项中的风险特征并生成疑点。,文章案例文本；审计事项清单；问题线索台账；审计证据资料；内控制度；会计凭证,风险词命中/数据缺失/证据不一致/指标偏离/流程缺陷,命中对象、风险等级、证据资料、核查建议,P1,magazine_435_articles,D:\openclaw-workspace\knowledge\11-杂志文献\四川注册会计师\012.筑梦绿茵共育黄般中心小学足球未来.md
MAGSUPV-0024-R02,audit_rule,generated_rule,MAGSUPV-0024,53,D,监督检查与经费舞弊 / 全场景通用 / 金融审计,筑梦绿茵共育黄般中心小学足球未来,筑梦绿茵共育黄般中心小学足球未来R02规则,核查案例涉及的数据、证据和整改链条是否完整一致。,文章案例文本；审计事项清单；问题线索台账；审计证据资料；内控制度；会计凭证,风险词命中/数据缺失/证据不一致/指标偏离/流程缺陷,命中对象、风险等级、证据资料、核查建议,P1,magazine_435_articles,D:\openclaw-workspace\knowledge\11-杂志文献\四川注册会计师\012.筑梦绿茵共育黄般中心小学足球未来.md
MAGSUPV-0045-R01,audit_rule,generated_rule,MAGSUPV-0045,53,D,监督检查与经费舞弊 / 全场景通用 / 金融审计,筑牢信仰之基弘扬爱国情怀,筑牢信仰之基弘扬爱国情怀R01规则,按案例主题识别同类事项中的风险特征并生成疑点。,文章案例文本；审计事项清单；问题线索台账；审计证据资料；内控制度；会计凭证,风险词命中/数据缺失/证据不一致/指标偏离/流程缺陷,命中对象、风险等级、证据资料、核查建议,P1,magazine_435_articles,D:\openclaw-workspace\knowledge\11-杂志文献\四川注册会计师\019.筑牢信仰之基弘扬爱国情怀.md
MAGSUPV-0045-R02,audit_rule,generated_rule,MAGSUPV-0045,53,D,监督检查与经费舞弊 / 全场景通用 / 金融审计,筑牢信仰之基弘扬爱国情怀,筑牢信仰之基弘扬爱国情怀R02规则,核查案例涉及的数据、证据和整改链条是否完整一致。,文章案例文本；审计事项清单；问题线索台账；审计证据资料；内控制度；会计凭证,风险词命中/数据缺失/证据不一致/指标偏离/流程缺陷,命中对象、风险等级、证据资料、核查建议,P1,magazine_435_articles,D:\openclaw-workspace\knowledge\11-杂志文献\四川注册会计师\019.筑牢信仰之基弘扬爱国情怀.md
MAGSUPV-0055-R01,audit_rule,generated_rule,MAGSUPV-0055,53,D,监督检查与经费舞弊 / 全场景通用 / 金融审计,筑牢廉洁防线护航执业之路,筑牢廉洁防线护航执业之路R01规则,按案例主题识别同类事项中的风险特征并生成疑点。,文章案例文本；审计事项清单；问题线索台账；审计证据资料；内控制度；会计凭证,风险词命中/数据缺失/证据不一致/指标偏离/流程缺陷,命中对象、风险等级、证据资料、核查建议,P1,magazine_435_articles,D:\openclaw-workspace\knowledge\11-杂志文献\四川注册会计师\022.筑牢廉洁防线护航执业之路.md
MAGSUPV-0055-R02,audit_rule,generated_rule,MAGSUPV-0055,53,D,监督检查与经费舞弊 / 全场景通用 / 金融审计,筑牢廉洁防线护航执业之路,筑牢廉洁防线护航执业之路R02规则,核查案例涉及的数据、证据和整改链条是否完整一致。,文章案例文本；审计事项清单；问题线索台账；审计证据资料；内控制度；会计凭证,风险词命中/数据缺失/证据不一致/指标偏离/流程缺陷,命中对象、风险等级、证据资料、核查建议,P1,magazine_435_articles,D:\openclaw-workspace\knowledge\11-杂志文献\四川注册会计师\022.筑牢廉洁防线护航执业之路.md
MAGSUPV-0101-R01,audit_rule,generated_rule,MAGSUPV-0101,53,D,监督检查与经费舞弊 / 全场景通用 / 金融审计,统筹规划“规定+自选”动作建立“专项+日常”财会监督工作机制,统筹规划“规定+自选”动作建立“专项+日常”财会监督工作机制R01规则,按案例主题识别同类事项中的风险特征并生成疑点。,文章案例文本；审计事项清单；问题线索台账；审计证据资料；内控制度；会计凭证,风险词命中/数据缺失/证据不一致/指标偏离/流程缺陷,命中对象、风险等级、证据资料、核查建议,P1,magazine_435_articles,D:\openclaw-workspace\knowledge\11-杂志文献\财政监督\15.统筹规划“规定+自选”动作建立 “专项+日常”财会监督工作机制.md
MAGSUPV-0101-R02,audit_rule,generated_rule,MAGSUPV-0101,53,D,监督检查与经费舞弊 / 全场景通用 / 金融审计,统筹规划“规定+自选”动作建立“专项+日常”财会监督工作机制,统筹规划“规定+自选”动作建立“专项+日常”财会监督工作机制R02规则,核查案例涉及的数据、证据和整改链条是否完整一致。,文章案例文本；审计事项清单；问题线索台账；审计证据资料；内控制度；会计凭证,风险词命中/数据缺失/证据不一致/指标偏离/流程缺陷,命中对象、风险等级、证据资料、核查建议,P1,magazine_435_articles,D:\openclaw-workspace\knowledge\11-杂志文献\财政监督\15.统筹规划“规定+自选”动作建立 “专项+日常”财会监督工作机制.md
MAGSUPV-0062-R01,audit_rule,generated_rule,MAGSUPV-0062,53,D,监督检查与经费舞弊 / 全场景通用 / 金融审计,缅怀先烈砺初心红色基因永传承,缅怀先烈砺初心红色基因永传承R01规则,按案例主题识别同类事项中的风险特征并生成疑点。,文章案例文本；审计事项清单；问题线索台账；审计证据资料；内控制度；会计凭证,风险词命中/数据缺失/证据不一致/指标偏离/流程缺陷,命中对象、风险等级、证据资料、核查建议,P1,magazine_435_articles,D:\openclaw-workspace\knowledge\11-杂志文献\四川注册会计师\025.缅怀先烈砺初心红色基因永传承.md
MAGSUPV-0062-R02,audit_rule,generated_rule,MAGSUPV-0062,53,D,监督检查与经费舞弊 / 全场景通用 / 金融审计,缅怀先烈砺初心红色基因永传承,缅怀先烈砺初心红色基因永传承R02规则,核查案例涉及的数据、证据和整改链条是否完整一致。,文章案例文本；审计事项清单；问题线索台账；审计证据资料；内控制度；会计凭证,风险词命中/数据缺失/证据不一致/指标偏离/流程缺陷,命中对象、风险等级、证据资料、核查建议,P1,magazine_435_articles,D:\openclaw-workspace\knowledge\11-杂志文献\四川注册会计师\025.缅怀先烈砺初心红色基因永传承.md
MAGSUPV-0092-R01,audit_rule,generated_rule,MAGSUPV-0092,53,D,监督检查与经费舞弊 / 全场景通用 / 金融审计,编制虚假财务报告骗取高新技术资格,编制虚假财务报告骗取高新技术资格R01规则,按案例主题识别同类事项中的风险特征并生成疑点。,文章案例文本；审计事项清单；问题线索台账；审计证据资料；内控制度；会计凭证,风险词命中/数据缺失/证据不一致/指标偏离/流程缺陷,命中对象、风险等级、证据资料、核查建议,P1,magazine_435_articles,D:\openclaw-workspace\knowledge\11-杂志文献\财政监督\12.编制虚假财务报告骗取高新技术资格.md
MAGSUPV-0092-R02,audit_rule,generated_rule,MAGSUPV-0092,53,D,监督检查与经费舞弊 / 全场景通用 / 金融审计,编制虚假财务报告骗取高新技术资格,编制虚假财务报告骗取高新技术资格R02规则,核查案例涉及的数据、证据和整改链条是否完整一致。,文章案例文本；审计事项清单；问题线索台账；审计证据资料；内控制度；会计凭证,风险词命中/数据缺失/证据不一致/指标偏离/流程缺陷,命中对象、风险等级、证据资料、核查建议,P1,magazine_435_articles,D:\openclaw-workspace\knowledge\11-杂志文献\财政监督\12.编制虚假财务报告骗取高新技术资格.md
MAGSUPV-0104-R01,audit_rule,generated_rule,MAGSUPV-0104,63,C,监督检查与经费舞弊 / 全场景通用 / 金融审计,罔顾独立客观必担审计风险,罔顾独立客观必担审计风险R01规则,按案例主题识别同类事项中的风险特征并生成疑点。,文章案例文本；审计事项清单；问题线索台账；审计证据资料；内控制度；会计凭证,风险词命中/数据缺失/证据不一致/指标偏离/流程缺陷,命中对象、风险等级、证据资料、核查建议,P0,magazine_435_articles,D:\openclaw-workspace\knowledge\11-杂志文献\财政监督\17.罔顾独立客观必担审计风险.md
MAGSUPV-0104-R02,audit_rule,generated_rule,MAGSUPV-0104,63,C,监督检查与经费舞弊 / 全场景通用 / 金融审计,罔顾独立客观必担审计风险,罔顾独立客观必担审计风险R02规则,核查案例涉及的数据、证据和整改链条是否完整一致。,文章案例文本；审计事项清单；问题线索台账；审计证据资料；内控制度；会计凭证,风险词命中/数据缺失/证据不一致/指标偏离/流程缺陷,命中对象、风险等级、证据资料、核查建议,P0,magazine_435_articles,D:\openclaw-workspace\knowledge\11-杂志文献\财政监督\17.罔顾独立客观必担审计风险.md
MAGSUPV-0057-R01,audit_rule,generated_rule,MAGSUPV-0057,53,D,监督检查与经费舞弊 / 全场景通用 / 金融审计,聚焦赛事直播促学砺行共进,聚焦赛事直播促学砺行共进R01规则,按案例主题识别同类事项中的风险特征并生成疑点。,文章案例文本；审计事项清单；问题线索台账；审计证据资料；内控制度；会计凭证,风险词命中/数据缺失/证据不一致/指标偏离/流程缺陷,命中对象、风险等级、证据资料、核查建议,P1,magazine_435_articles,D:\openclaw-workspace\knowledge\11-杂志文献\四川注册会计师\023.聚焦赛事直播促学砺行共进.md
MAGSUPV-0057-R02,audit_rule,generated_rule,MAGSUPV-0057,53,D,监督检查与经费舞弊 / 全场景通用 / 金融审计,聚焦赛事直播促学砺行共进,聚焦赛事直播促学砺行共进R02规则,核查案例涉及的数据、证据和整改链条是否完整一致。,文章案例文本；审计事项清单；问题线索台账；审计证据资料；内控制度；会计凭证,风险词命中/数据缺失/证据不一致/指标偏离/流程缺陷,命中对象、风险等级、证据资料、核查建议,P1,magazine_435_articles,D:\openclaw-workspace\knowledge\11-杂志文献\四川注册会计师\023.聚焦赛事直播促学砺行共进.md
MAGSUPV-0063-R01,audit_rule,generated_rule,MAGSUPV-0063,63,C,监督检查与经费舞弊 / 全场景通用 / 金融审计,聚焦风险护航年报,聚焦风险护航年报R01规则,按案例主题识别同类事项中的风险特征并生成疑点。,文章案例文本；审计事项清单；问题线索台账；审计证据资料；内控制度；会计凭证,风险词命中/数据缺失/证据不一致/指标偏离/流程缺陷,命中对象、风险等级、证据资料、核查建议,P0,magazine_435_articles,D:\openclaw-workspace\knowledge\11-杂志文献\四川注册会计师\026.聚焦风险护航年报.md
MAGSUPV-0063-R02,audit_rule,generated_rule,MAGSUPV-0063,63,C,监督检查与经费舞弊 / 全场景通用 / 金融审计,聚焦风险护航年报,聚焦风险护航年报R02规则,核查案例涉及的数据、证据和整改链条是否完整一致。,文章案例文本；审计事项清单；问题线索台账；审计证据资料；内控制度；会计凭证,风险词命中/数据缺失/证据不一致/指标偏离/流程缺陷,命中对象、风险等级、证据资料、核查建议,P0,magazine_435_articles,D:\openclaw-workspace\knowledge\11-杂志文献\四川注册会计师\026.聚焦风险护航年报.md
MAGSUPV-0093-R01,audit_rule,generated_rule,MAGSUPV-0093,53,D,监督检查与经费舞弊 / 全场景通用 / 金融审计,虚构采购业务虚增营业成本,虚构采购业务虚增营业成本R01规则,按案例主题识别同类事项中的风险特征并生成疑点。,文章案例文本；审计事项清单；问题线索台账；审计证据资料；内控制度；会计凭证,风险词命中/数据缺失/证据不一致/指标偏离/流程缺陷,命中对象、风险等级、证据资料、核查建议,P1,magazine_435_articles,D:\openclaw-workspace\knowledge\11-杂志文献\财政监督\12.虚构采购业务虚增营业成本.md
MAGSUPV-0093-R02,audit_rule,generated_rule,MAGSUPV-0093,53,D,监督检查与经费舞弊 / 全场景通用 / 金融审计,虚构采购业务虚增营业成本,虚构采购业务虚增营业成本R02规则,核查案例涉及的数据、证据和整改链条是否完整一致。,文章案例文本；审计事项清单；问题线索台账；审计证据资料；内控制度；会计凭证,风险词命中/数据缺失/证据不一致/指标偏离/流程缺陷,命中对象、风险等级、证据资料、核查建议,P1,magazine_435_articles,D:\openclaw-workspace\knowledge\11-杂志文献\财政监督\12.虚构采购业务虚增营业成本.md
MAGSUPV-0058-R01,audit_rule,generated_rule,MAGSUPV-0058,53,D,监督检查与经费舞弊 / 全场景通用 / 金融审计,警示教育守底线诚信执业有担当,警示教育守底线诚信执业有担当R01规则,按案例主题识别同类事项中的风险特征并生成疑点。,文章案例文本；审计事项清单；问题线索台账；审计证据资料；内控制度；会计凭证,风险词命中/数据缺失/证据不一致/指标偏离/流程缺陷,命中对象、风险等级、证据资料、核查建议,P1,magazine_435_articles,D:\openclaw-workspace\knowledge\11-杂志文献\四川注册会计师\023.警示教育守底线诚信执业有担当.md
MAGSUPV-0058-R02,audit_rule,generated_rule,MAGSUPV-0058,53,D,监督检查与经费舞弊 / 全场景通用 / 金融审计,警示教育守底线诚信执业有担当,警示教育守底线诚信执业有担当R02规则,核查案例涉及的数据、证据和整改链条是否完整一致。,文章案例文本；审计事项清单；问题线索台账；审计证据资料；内控制度；会计凭证,风险词命中/数据缺失/证据不一致/指标偏离/流程缺陷,命中对象、风险等级、证据资料、核查建议,P1,magazine_435_articles,D:\openclaw-workspace\knowledge\11-杂志文献\四川注册会计师\023.警示教育守底线诚信执业有担当.md
MAGSUPV-0087-R01,audit_rule,generated_rule,MAGSUPV-0087,63,C,监督检查与经费舞弊 / 全场景通用 / 金融审计,论政府采购框架协议采购监督机制的完善,论政府采购框架协议采购监督机制的完善R01规则,按案例主题识别同类事项中的风险特征并生成疑点。,文章案例文本；审计事项清单；问题线索台账；审计证据资料；内控制度；会计凭证,风险词命中/数据缺失/证据不一致/指标偏离/流程缺陷,命中对象、风险等级、证据资料、核查建议,P0,magazine_435_articles,D:\openclaw-workspace\knowledge\11-杂志文献\财政监督\10.论政府采购框架协议采购监督机制的完善.md
MAGSUPV-0087-R02,audit_rule,generated_rule,MAGSUPV-0087,63,C,监督检查与经费舞弊 / 全场景通用 / 金融审计,论政府采购框架协议采购监督机制的完善,论政府采购框架协议采购监督机制的完善R02规则,核查案例涉及的数据、证据和整改链条是否完整一致。,文章案例文本；审计事项清单；问题线索台账；审计证据资料；内控制度；会计凭证,风险词命中/数据缺失/证据不一致/指标偏离/流程缺陷,命中对象、风险等级、证据资料、核查建议,P0,magazine_435_articles,D:\openclaw-workspace\knowledge\11-杂志文献\财政监督\10.论政府采购框架协议采购监督机制的完善.md
MAGSUPV-0106-R01,audit_rule,generated_rule,MAGSUPV-0106,63,C,监督检查与经费舞弊 / 全场景通用 / 金融审计,论高质量发展下的企业管理会计升级,论高质量发展下的企业管理会计升级R01规则,按案例主题识别同类事项中的风险特征并生成疑点。,文章案例文本；审计事项清单；问题线索台账；审计证据资料；内控制度；会计凭证,风险词命中/数据缺失/证据不一致/指标偏离/流程缺陷,命中对象、风险等级、证据资料、核查建议,P0,magazine_435_articles,D:\openclaw-workspace\knowledge\11-杂志文献\财政监督\19.论高质量发展下的企业管理会计升级.md
MAGSUPV-0106-R02,audit_rule,generated_rule,MAGSUPV-0106,63,C,监督检查与经费舞弊 / 全场景通用 / 金融审计,论高质量发展下的企业管理会计升级,论高质量发展下的企业管理会计升级R02规则,核查案例涉及的数据、证据和整改链条是否完整一致。,文章案例文本；审计事项清单；问题线索台账；审计证据资料；内控制度；会计凭证,风险词命中/数据缺失/证据不一致/指标偏离/流程缺陷,命中对象、风险等级、证据资料、核查建议,P0,magazine_435_articles,D:\openclaw-workspace\knowledge\11-杂志文献\财政监督\19.论高质量发展下的企业管理会计升级.md
MAGSUPV-0102-R01,audit_rule,generated_rule,MAGSUPV-0102,53,D,监督检查与经费舞弊 / 全场景通用 / 金融审计,调节成本操控业绩,调节成本操控业绩R01规则,按案例主题识别同类事项中的风险特征并生成疑点。,文章案例文本；审计事项清单；问题线索台账；审计证据资料；内控制度；会计凭证,风险词命中/数据缺失/证据不一致/指标偏离/流程缺陷,命中对象、风险等级、证据资料、核查建议,P1,magazine_435_articles,D:\openclaw-workspace\knowledge\11-杂志文献\财政监督\15.调节成本操控业绩.md
MAGSUPV-0102-R02,audit_rule,generated_rule,MAGSUPV-0102,53,D,监督检查与经费舞弊 / 全场景通用 / 金融审计,调节成本操控业绩,调节成本操控业绩R02规则,核查案例涉及的数据、证据和整改链条是否完整一致。,文章案例文本；审计事项清单；问题线索台账；审计证据资料；内控制度；会计凭证,风险词命中/数据缺失/证据不一致/指标偏离/流程缺陷,命中对象、风险等级、证据资料、核查建议,P1,magazine_435_articles,D:\openclaw-workspace\knowledge\11-杂志文献\财政监督\15.调节成本操控业绩.md
MAGSUPV-0110-R01,audit_rule,generated_rule,MAGSUPV-0110,63,C,监督检查与经费舞弊 / 全场景通用 / 金融审计,财会监督的历史维度与现实维度,财会监督的历史维度与现实维度R01规则,按案例主题识别同类事项中的风险特征并生成疑点。,文章案例文本；审计事项清单；问题线索台账；审计证据资料；内控制度；会计凭证,风险词命中/数据缺失/证据不一致/指标偏离/流程缺陷,命中对象、风险等级、证据资料、核查建议,P0,magazine_435_articles,D:\openclaw-workspace\knowledge\11-杂志文献\财政监督\2.财会监督的历史维度与现实维度.md
MAGSUPV-0110-R02,audit_rule,generated_rule,MAGSUPV-0110,63,C,监督检查与经费舞弊 / 全场景通用 / 金融审计,财会监督的历史维度与现实维度,财会监督的历史维度与现实维度R02规则,核查案例涉及的数据、证据和整改链条是否完整一致。,文章案例文本；审计事项清单；问题线索台账；审计证据资料；内控制度；会计凭证,风险词命中/数据缺失/证据不一致/指标偏离/流程缺陷,命中对象、风险等级、证据资料、核查建议,P0,magazine_435_articles,D:\openclaw-workspace\knowledge\11-杂志文献\财政监督\2.财会监督的历史维度与现实维度.md
MAGSUPV-0100-R01,audit_rule,generated_rule,MAGSUPV-0100,53,D,监督检查与经费舞弊 / 全场景通用 / 金融审计,财政部宁波监管局：“五步法”督促会计师事务所提升执业质,财政部宁波监管局：“五步法”督促会计师事务所提升执业质R01规则,按案例主题识别同类事项中的风险特征并生成疑点。,文章案例文本；审计事项清单；问题线索台账；审计证据资料；预算指标表；财政支出明细,风险词命中/数据缺失/证据不一致/指标偏离/流程缺陷,命中对象、风险等级、证据资料、核查建议,P1,magazine_435_articles,D:\openclaw-workspace\knowledge\11-杂志文献\财政监督\14.财政部宁波监管局：“五步法” 督促会计师事务所提升执业质.md
MAGSUPV-0100-R02,audit_rule,generated_rule,MAGSUPV-0100,53,D,监督检查与经费舞弊 / 全场景通用 / 金融审计,财政部宁波监管局：“五步法”督促会计师事务所提升执业质,财政部宁波监管局：“五步法”督促会计师事务所提升执业质R02规则,核查案例涉及的数据、证据和整改链条是否完整一致。,文章案例文本；审计事项清单；问题线索台账；审计证据资料；预算指标表；财政支出明细,风险词命中/数据缺失/证据不一致/指标偏离/流程缺陷,命中对象、风险等级、证据资料、核查建议,P1,magazine_435_articles,D:\openclaw-workspace\knowledge\11-杂志文献\财政监督\14.财政部宁波监管局：“五步法” 督促会计师事务所提升执业质.md
MAGSUPV-0107-R01,audit_rule,generated_rule,MAGSUPV-0107,63,C,监督检查与经费舞弊 / 全场景通用 / 金融审计,财政部福建监管局：推动中介机构充分发挥执业监督作用,财政部福建监管局：推动中介机构充分发挥执业监督作用R01规则,按案例主题识别同类事项中的风险特征并生成疑点。,文章案例文本；审计事项清单；问题线索台账；审计证据资料；预算指标表；财政支出明细,风险词命中/数据缺失/证据不一致/指标偏离/流程缺陷,命中对象、风险等级、证据资料、核查建议,P0,magazine_435_articles,D:\openclaw-workspace\knowledge\11-杂志文献\财政监督\19.财政部福建监管局：推动中介 机构充分发挥执业监督作用.md
MAGSUPV-0107-R02,audit_rule,generated_rule,MAGSUPV-0107,63,C,监督检查与经费舞弊 / 全场景通用 / 金融审计,财政部福建监管局：推动中介机构充分发挥执业监督作用,财政部福建监管局：推动中介机构充分发挥执业监督作用R02规则,核查案例涉及的数据、证据和整改链条是否完整一致。,文章案例文本；审计事项清单；问题线索台账；审计证据资料；预算指标表；财政支出明细,风险词命中/数据缺失/证据不一致/指标偏离/流程缺陷,命中对象、风险等级、证据资料、核查建议,P0,magazine_435_articles,D:\openclaw-workspace\knowledge\11-杂志文献\财政监督\19.财政部福建监管局：推动中介 机构充分发挥执业监督作用.md
MAGSUPV-0111-R01,audit_rule,generated_rule,MAGSUPV-0111,53,D,监督检查与经费舞弊 / 全场景通用 / 金融审计,财政部负责人就《关于进一步加强财会监督工作的意见》答记者问,财政部负责人就《关于进一步加强财会监督工作的意见》答记者问R01规则,按案例主题识别同类事项中的风险特征并生成疑点。,文章案例文本；审计事项清单；问题线索台账；审计证据资料；预算指标表；财政支出明细,风险词命中/数据缺失/证据不一致/指标偏离/流程缺陷,命中对象、风险等级、证据资料、核查建议,P1,magazine_435_articles,D:\openclaw-workspace\knowledge\11-杂志文献\财政监督\2.财政部负责人就《关于进一步加强财会监督 工作的意见》答记者问.md
MAGSUPV-0111-R02,audit_rule,generated_rule,MAGSUPV-0111,53,D,监督检查与经费舞弊 / 全场景通用 / 金融审计,财政部负责人就《关于进一步加强财会监督工作的意见》答记者问,财政部负责人就《关于进一步加强财会监督工作的意见》答记者问R02规则,核查案例涉及的数据、证据和整改链条是否完整一致。,文章案例文本；审计事项清单；问题线索台账；审计证据资料；预算指标表；财政支出明细,风险词命中/数据缺失/证据不一致/指标偏离/流程缺陷,命中对象、风险等级、证据资料、核查建议,P1,magazine_435_articles,D:\openclaw-workspace\knowledge\11-杂志文献\财政监督\2.财政部负责人就《关于进一步加强财会监督 工作的意见》答记者问.md
MAGSUPV-0064-R01,audit_rule,generated_rule,MAGSUPV-0064,53,D,监督检查与经费舞弊 / 全场景通用 / 金融审计,赋能审计提质增效筑牢合规发展,赋能审计提质增效筑牢合规发展R01规则,按案例主题识别同类事项中的风险特征并生成疑点。,文章案例文本；审计事项清单；问题线索台账；审计证据资料；内控制度；会计凭证,风险词命中/数据缺失/证据不一致/指标偏离/流程缺陷,命中对象、风险等级、证据资料、核查建议,P1,magazine_435_articles,D:\openclaw-workspace\knowledge\11-杂志文献\四川注册会计师\027.赋能审计提质增效筑牢合规发展.md
MAGSUPV-0064-R02,audit_rule,generated_rule,MAGSUPV-0064,53,D,监督检查与经费舞弊 / 全场景通用 / 金融审计,赋能审计提质增效筑牢合规发展,赋能审计提质增效筑牢合规发展R02规则,核查案例涉及的数据、证据和整改链条是否完整一致。,文章案例文本；审计事项清单；问题线索台账；审计证据资料；内控制度；会计凭证,风险词命中/数据缺失/证据不一致/指标偏离/流程缺陷,命中对象、风险等级、证据资料、核查建议,P1,magazine_435_articles,D:\openclaw-workspace\knowledge\11-杂志文献\四川注册会计师\027.赋能审计提质增效筑牢合规发展.md
MAGSUPV-0085-R01,audit_rule,generated_rule,MAGSUPV-0085,53,D,监督检查与经费舞弊 / 全场景通用 / 金融审计,进一步加强财会监督工作的意见,进一步加强财会监督工作的意见R01规则,按案例主题识别同类事项中的风险特征并生成疑点。,文章案例文本；审计事项清单；问题线索台账；审计证据资料；内控制度；会计凭证,风险词命中/数据缺失/证据不一致/指标偏离/流程缺陷,命中对象、风险等级、证据资料、核查建议,P1,magazine_435_articles,D:\openclaw-workspace\knowledge\11-杂志文献\财政监督\1.关于进一步加强财会监督工作的意见.md
MAGSUPV-0085-R02,audit_rule,generated_rule,MAGSUPV-0085,53,D,监督检查与经费舞弊 / 全场景通用 / 金融审计,进一步加强财会监督工作的意见,进一步加强财会监督工作的意见R02规则,核查案例涉及的数据、证据和整改链条是否完整一致。,文章案例文本；审计事项清单；问题线索台账；审计证据资料；内控制度；会计凭证,风险词命中/数据缺失/证据不一致/指标偏离/流程缺陷,命中对象、风险等级、证据资料、核查建议,P1,magazine_435_articles,D:\openclaw-workspace\knowledge\11-杂志文献\财政监督\1.关于进一步加强财会监督工作的意见.md
MAGSUPV-0097-R01,audit_rule,generated_rule,MAGSUPV-0097,63,C,监督检查与经费舞弊 / 全场景通用 / 金融审计,进一步提升财政部门财会监督效能的思考,进一步提升财政部门财会监督效能的思考R01规则,按案例主题识别同类事项中的风险特征并生成疑点。,文章案例文本；审计事项清单；问题线索台账；审计证据资料；预算指标表；财政支出明细,风险词命中/数据缺失/证据不一致/指标偏离/流程缺陷,命中对象、风险等级、证据资料、核查建议,P0,magazine_435_articles,D:\openclaw-workspace\knowledge\11-杂志文献\财政监督\13.进一步提升财政部门财会监督效能的思考.md
MAGSUPV-0097-R02,audit_rule,generated_rule,MAGSUPV-0097,63,C,监督检查与经费舞弊 / 全场景通用 / 金融审计,进一步提升财政部门财会监督效能的思考,进一步提升财政部门财会监督效能的思考R02规则,核查案例涉及的数据、证据和整改链条是否完整一致。,文章案例文本；审计事项清单；问题线索台账；审计证据资料；预算指标表；财政支出明细,风险词命中/数据缺失/证据不一致/指标偏离/流程缺陷,命中对象、风险等级、证据资料、核查建议,P0,magazine_435_articles,D:\openclaw-workspace\knowledge\11-杂志文献\财政监督\13.进一步提升财政部门财会监督效能的思考.md
MAGSUPV-0049-R01,audit_rule,generated_rule,MAGSUPV-0049,53,D,监督检查与经费舞弊 / 全场景通用 / 金融审计,铭记血泪历史汲取奋进力量,铭记血泪历史汲取奋进力量R01规则,按案例主题识别同类事项中的风险特征并生成疑点。,文章案例文本；审计事项清单；问题线索台账；审计证据资料；内控制度；会计凭证,风险词命中/数据缺失/证据不一致/指标偏离/流程缺陷,命中对象、风险等级、证据资料、核查建议,P1,magazine_435_articles,D:\openclaw-workspace\knowledge\11-杂志文献\四川注册会计师\020.铭记血泪历史汲取奋进力量.md
MAGSUPV-0049-R02,audit_rule,generated_rule,MAGSUPV-0049,53,D,监督检查与经费舞弊 / 全场景通用 / 金融审计,铭记血泪历史汲取奋进力量,铭记血泪历史汲取奋进力量R02规则,核查案例涉及的数据、证据和整改链条是否完整一致。,文章案例文本；审计事项清单；问题线索台账；审计证据资料；内控制度；会计凭证,风险词命中/数据缺失/证据不一致/指标偏离/流程缺陷,命中对象、风险等级、证据资料、核查建议,P1,magazine_435_articles,D:\openclaw-workspace\knowledge\11-杂志文献\四川注册会计师\020.铭记血泪历史汲取奋进力量.md
MAGSUPV-0041-R01,audit_rule,generated_rule,MAGSUPV-0041,53,D,监督检查与经费舞弊 / 全场景通用 / 金融审计,锦旗寄深情服务暖人心,锦旗寄深情服务暖人心R01规则,按案例主题识别同类事项中的风险特征并生成疑点。,文章案例文本；审计事项清单；问题线索台账；审计证据资料；内控制度；会计凭证,风险词命中/数据缺失/证据不一致/指标偏离/流程缺陷,命中对象、风险等级、证据资料、核查建议,P1,magazine_435_articles,D:\openclaw-workspace\knowledge\11-杂志文献\四川注册会计师\018.锦旗寄深情服务暖人心.md
MAGSUPV-0041-R02,audit_rule,generated_rule,MAGSUPV-0041,53,D,监督检查与经费舞弊 / 全场景通用 / 金融审计,锦旗寄深情服务暖人心,锦旗寄深情服务暖人心R02规则,核查案例涉及的数据、证据和整改链条是否完整一致。,文章案例文本；审计事项清单；问题线索台账；审计证据资料；内控制度；会计凭证,风险词命中/数据缺失/证据不一致/指标偏离/流程缺陷,命中对象、风险等级、证据资料、核查建议,P1,magazine_435_articles,D:\openclaw-workspace\knowledge\11-杂志文献\四川注册会计师\018.锦旗寄深情服务暖人心.md
MAGSUPV-0010-R01,audit_rule,generated_rule,MAGSUPV-0010,53,D,监督检查与经费舞弊 / 全场景通用 / 预算执行与财政管理,中国证券监督管理委员会财政部公告,中国证券监督管理委员会财政部公告R01规则,按案例主题识别同类事项中的风险特征并生成疑点。,文章案例文本；审计事项清单；问题线索台账；审计证据资料；预算指标表；财政支出明细,风险词命中/数据缺失/证据不一致/指标偏离/流程缺陷,命中对象、风险等级、证据资料、核查建议,P1,magazine_435_articles,D:\openclaw-workspace\knowledge\11-杂志文献\四川注册会计师\006.中国证券监督管理委员会财政部公告.md
MAGSUPV-0010-R02,audit_rule,generated_rule,MAGSUPV-0010,53,D,监督检查与经费舞弊 / 全场景通用 / 预算执行与财政管理,中国证券监督管理委员会财政部公告,中国证券监督管理委员会财政部公告R02规则,核查案例涉及的数据、证据和整改链条是否完整一致。,文章案例文本；审计事项清单；问题线索台账；审计证据资料；预算指标表；财政支出明细,风险词命中/数据缺失/证据不一致/指标偏离/流程缺陷,命中对象、风险等级、证据资料、核查建议,P1,magazine_435_articles,D:\openclaw-workspace\knowledge\11-杂志文献\四川注册会计师\006.中国证券监督管理委员会财政部公告.md
SUPVV6D-065-R01,audit_rule,generated_rule,SUPVV6D-065,59,C,监督检查与经费舞弊 / 农业农村审计 / 民生与社保医保,高举思想旗帜凝聚奋进力量以审计文化建设赋能审计事,高举思想旗帜凝聚奋进力量以审计文化建设赋能审计事完整性规则,检查高举思想旗帜凝聚奋进力量以审计文化建设赋能审计事相关台账、凭证、审批和支付数据是否完整，缺失率超过阈值则预警。,项目台账；财务收支明细；合同与审批资料；支付凭证；审计发现清单；农户信息,字段缺失/跨表不一致/偏离阈值/重复异常/时序异常/空间不一致,命中对象、风险等级、证据字段、核查建议,P1,ocr_55_books_deep,E:\2026\审计方法&政策文件\_ocr_output\1中国审计_7期\高举思想旗帜 凝聚奋进力量以审计文化建设赋能审计事业高质量发展.md
SUPVV6D-065-R02,audit_rule,generated_rule,SUPVV6D-065,59,C,监督检查与经费舞弊 / 农业农村审计 / 民生与社保医保,高举思想旗帜凝聚奋进力量以审计文化建设赋能审计事,高举思想旗帜凝聚奋进力量以审计文化建设赋能审计事一致性规则,检查高举思想旗帜凝聚奋进力量以审计文化建设赋能审计事在合同、支付、预算、绩效或业务台账之间是否一致。,项目台账；财务收支明细；合同与审批资料；支付凭证；审计发现清单；农户信息,字段缺失/跨表不一致/偏离阈值/重复异常/时序异常/空间不一致,命中对象、风险等级、证据字段、核查建议,P1,ocr_55_books_deep,E:\2026\审计方法&政策文件\_ocr_output\1中国审计_7期\高举思想旗帜 凝聚奋进力量以审计文化建设赋能审计事业高质量发展.md
SUPVV6D-065-R03,audit_rule,generated_rule,SUPVV6D-065,59,C,监督检查与经费舞弊 / 农业农村审计 / 民生与社保医保,高举思想旗帜凝聚奋进力量以审计文化建设赋能审计事,高举思想旗帜凝聚奋进力量以审计文化建设赋能审计事异常性规则,按历史均值、同类项目分位数或政策标准识别高举思想旗帜凝聚奋进力量以审计文化建设赋能审计事异常偏离。,项目台账；财务收支明细；合同与审批资料；支付凭证；审计发现清单；农户信息,字段缺失/跨表不一致/偏离阈值/重复异常/时序异常/空间不一致,命中对象、风险等级、证据字段、核查建议,P1,ocr_55_books_deep,E:\2026\审计方法&政策文件\_ocr_output\1中国审计_7期\高举思想旗帜 凝聚奋进力量以审计文化建设赋能审计事业高质量发展.md
SUPVV6D-063-R01,audit_rule,generated_rule,SUPVV6D-063,59,C,监督检查与经费舞弊 / 招投标与政府采购 / 预算执行与财政管理,穿透式监管与高校内部审计融合路径探析,穿透式监管与高校内部审计融合路径探析完整性规则,检查穿透式监管与高校内部审计融合路径探析相关台账、凭证、审批和支付数据是否完整，缺失率超过阈值则预警。,项目台账；财务收支明细；合同与审批资料；支付凭证；审计发现清单；预算批复表,字段缺失/跨表不一致/偏离阈值/重复异常/时序异常/空间不一致,命中对象、风险等级、证据字段、核查建议,P1,ocr_55_books_deep,E:\2026\审计方法&政策文件\_ocr_output\1中国审计_7期\穿透式监管与高校内部审计融合路径探析.md
SUPVV6D-063-R02,audit_rule,generated_rule,SUPVV6D-063,59,C,监督检查与经费舞弊 / 招投标与政府采购 / 预算执行与财政管理,穿透式监管与高校内部审计融合路径探析,穿透式监管与高校内部审计融合路径探析一致性规则,检查穿透式监管与高校内部审计融合路径探析在合同、支付、预算、绩效或业务台账之间是否一致。,项目台账；财务收支明细；合同与审批资料；支付凭证；审计发现清单；预算批复表,字段缺失/跨表不一致/偏离阈值/重复异常/时序异常/空间不一致,命中对象、风险等级、证据字段、核查建议,P1,ocr_55_books_deep,E:\2026\审计方法&政策文件\_ocr_output\1中国审计_7期\穿透式监管与高校内部审计融合路径探析.md
SUPVV6D-063-R03,audit_rule,generated_rule,SUPVV6D-063,59,C,监督检查与经费舞弊 / 招投标与政府采购 / 预算执行与财政管理,穿透式监管与高校内部审计融合路径探析,穿透式监管与高校内部审计融合路径探析异常性规则,按历史均值、同类项目分位数或政策标准识别穿透式监管与高校内部审计融合路径探析异常偏离。,项目台账；财务收支明细；合同与审批资料；支付凭证；审计发现清单；预算批复表,字段缺失/跨表不一致/偏离阈值/重复异常/时序异常/空间不一致,命中对象、风险等级、证据字段、核查建议,P1,ocr_55_books_deep,E:\2026\审计方法&政策文件\_ocr_output\1中国审计_7期\穿透式监管与高校内部审计融合路径探析.md
SUPVV6D-062-R01,audit_rule,generated_rule,SUPVV6D-062,59,C,监督检查与经费舞弊 / 经济责任审计 / 民生与社保医保,政治铸魂固本强基为经济社会高质量发展提供审计保障,政治铸魂固本强基为经济社会高质量发展提供审计保障完整性规则,检查政治铸魂固本强基为经济社会高质量发展提供审计保障相关台账、凭证、审批和支付数据是否完整，缺失率超过阈值则预警。,项目台账；财务收支明细；合同与审批资料；支付凭证；审计发现清单；会议纪要,字段缺失/跨表不一致/偏离阈值/重复异常/时序异常/空间不一致,命中对象、风险等级、证据字段、核查建议,P1,ocr_55_books_deep,E:\2026\审计方法&政策文件\_ocr_output\1中国审计_7期\政治铸魂 固本强基为经济社会高质量发展提供审计保障.md
SUPVV6D-062-R02,audit_rule,generated_rule,SUPVV6D-062,59,C,监督检查与经费舞弊 / 经济责任审计 / 民生与社保医保,政治铸魂固本强基为经济社会高质量发展提供审计保障,政治铸魂固本强基为经济社会高质量发展提供审计保障一致性规则,检查政治铸魂固本强基为经济社会高质量发展提供审计保障在合同、支付、预算、绩效或业务台账之间是否一致。,项目台账；财务收支明细；合同与审批资料；支付凭证；审计发现清单；会议纪要,字段缺失/跨表不一致/偏离阈值/重复异常/时序异常/空间不一致,命中对象、风险等级、证据字段、核查建议,P1,ocr_55_books_deep,E:\2026\审计方法&政策文件\_ocr_output\1中国审计_7期\政治铸魂 固本强基为经济社会高质量发展提供审计保障.md
SUPVV6D-062-R03,audit_rule,generated_rule,SUPVV6D-062,59,C,监督检查与经费舞弊 / 经济责任审计 / 民生与社保医保,政治铸魂固本强基为经济社会高质量发展提供审计保障,政治铸魂固本强基为经济社会高质量发展提供审计保障异常性规则,按历史均值、同类项目分位数或政策标准识别政治铸魂固本强基为经济社会高质量发展提供审计保障异常偏离。,项目台账；财务收支明细；合同与审批资料；支付凭证；审计发现清单；会议纪要,字段缺失/跨表不一致/偏离阈值/重复异常/时序异常/空间不一致,命中对象、风险等级、证据字段、核查建议,P1,ocr_55_books_deep,E:\2026\审计方法&政策文件\_ocr_output\1中国审计_7期\政治铸魂 固本强基为经济社会高质量发展提供审计保障.md
SUPVV6D-068-R01,audit_rule,generated_rule,SUPVV6D-068,59,C,监督检查与经费舞弊 / 经济责任审计 / 绩效评价,我国审计学人才自主培养模式探索与创新2026年全,我国审计学人才自主培养模式探索与创新2026年全完整性规则,检查我国审计学人才自主培养模式探索与创新2026年全相关台账、凭证、审批和支付数据是否完整，缺失率超过阈值则预警。,项目台账；财务收支明细；合同与审批资料；支付凭证；审计发现清单；绩效指标表,字段缺失/跨表不一致/偏离阈值/重复异常/时序异常/空间不一致,命中对象、风险等级、证据字段、核查建议,P1,ocr_55_books_deep,E:\2026\审计方法&政策文件\_ocr_output\2经济责任审计_6期\我国审计学人才自主培养模式探索与创新2026年全国审计学专业教育联盟会议综述.md
SUPVV6D-068-R02,audit_rule,generated_rule,SUPVV6D-068,59,C,监督检查与经费舞弊 / 经济责任审计 / 绩效评价,我国审计学人才自主培养模式探索与创新2026年全,我国审计学人才自主培养模式探索与创新2026年全一致性规则,检查我国审计学人才自主培养模式探索与创新2026年全在合同、支付、预算、绩效或业务台账之间是否一致。,项目台账；财务收支明细；合同与审批资料；支付凭证；审计发现清单；绩效指标表,字段缺失/跨表不一致/偏离阈值/重复异常/时序异常/空间不一致,命中对象、风险等级、证据字段、核查建议,P1,ocr_55_books_deep,E:\2026\审计方法&政策文件\_ocr_output\2经济责任审计_6期\我国审计学人才自主培养模式探索与创新2026年全国审计学专业教育联盟会议综述.md
SUPVV6D-068-R03,audit_rule,generated_rule,SUPVV6D-068,59,C,监督检查与经费舞弊 / 经济责任审计 / 绩效评价,我国审计学人才自主培养模式探索与创新2026年全,我国审计学人才自主培养模式探索与创新2026年全异常性规则,按历史均值、同类项目分位数或政策标准识别我国审计学人才自主培养模式探索与创新2026年全异常偏离。,项目台账；财务收支明细；合同与审批资料；支付凭证；审计发现清单；绩效指标表,字段缺失/跨表不一致/偏离阈值/重复异常/时序异常/空间不一致,命中对象、风险等级、证据字段、核查建议,P1,ocr_55_books_deep,E:\2026\审计方法&政策文件\_ocr_output\2经济责任审计_6期\我国审计学人才自主培养模式探索与创新2026年全国审计学专业教育联盟会议综述.md
SUPVV6D-060-R01,audit_rule,generated_rule,SUPVV6D-060,59,C,监督检查与经费舞弊 / 经济责任审计 / 预算执行与财政管理,去向不明的会计档案,去向不明的会计档案完整性规则,检查去向不明的会计档案相关台账、凭证、审批和支付数据是否完整，缺失率超过阈值则预警。,项目台账；财务收支明细；合同与审批资料；支付凭证；审计发现清单；会议纪要,字段缺失/跨表不一致/偏离阈值/重复异常/时序异常/空间不一致,命中对象、风险等级、证据字段、核查建议,P1,ocr_55_books_deep,E:\2026\审计方法&政策文件\_ocr_output\1中国审计_7期\去向不明的会计档案.md
SUPVV6D-060-R02,audit_rule,generated_rule,SUPVV6D-060,59,C,监督检查与经费舞弊 / 经济责任审计 / 预算执行与财政管理,去向不明的会计档案,去向不明的会计档案一致性规则,检查去向不明的会计档案在合同、支付、预算、绩效或业务台账之间是否一致。,项目台账；财务收支明细；合同与审批资料；支付凭证；审计发现清单；会议纪要,字段缺失/跨表不一致/偏离阈值/重复异常/时序异常/空间不一致,命中对象、风险等级、证据字段、核查建议,P1,ocr_55_books_deep,E:\2026\审计方法&政策文件\_ocr_output\1中国审计_7期\去向不明的会计档案.md
SUPVV6D-060-R03,audit_rule,generated_rule,SUPVV6D-060,59,C,监督检查与经费舞弊 / 经济责任审计 / 预算执行与财政管理,去向不明的会计档案,去向不明的会计档案异常性规则,按历史均值、同类项目分位数或政策标准识别去向不明的会计档案异常偏离。,项目台账；财务收支明细；合同与审批资料；支付凭证；审计发现清单；会议纪要,字段缺失/跨表不一致/偏离阈值/重复异常/时序异常/空间不一致,命中对象、风险等级、证据字段、核查建议,P1,ocr_55_books_deep,E:\2026\审计方法&政策文件\_ocr_output\1中国审计_7期\去向不明的会计档案.md
SUPVV6D-067-R01,audit_rule,generated_rule,SUPVV6D-067,59,C,监督检查与经费舞弊 / 绩效评价 / 民生与社保医保,印度审计署2023-2030年战略规划概况,印度审计署2023-2030年战略规划概况完整性规则,检查印度审计署2023-2030年战略规划概况相关台账、凭证、审批和支付数据是否完整，缺失率超过阈值则预警。,项目台账；财务收支明细；合同与审批资料；支付凭证；审计发现清单；绩效指标表,字段缺失/跨表不一致/偏离阈值/重复异常/时序异常/空间不一致,命中对象、风险等级、证据字段、核查建议,P1,ocr_55_books_deep,E:\2026\审计方法&政策文件\_ocr_output\2经济责任审计_6期\印度审计署2023-2030年战略规划概况.md
SUPVV6D-067-R02,audit_rule,generated_rule,SUPVV6D-067,59,C,监督检查与经费舞弊 / 绩效评价 / 民生与社保医保,印度审计署2023-2030年战略规划概况,印度审计署2023-2030年战略规划概况一致性规则,检查印度审计署2023-2030年战略规划概况在合同、支付、预算、绩效或业务台账之间是否一致。,项目台账；财务收支明细；合同与审批资料；支付凭证；审计发现清单；绩效指标表,字段缺失/跨表不一致/偏离阈值/重复异常/时序异常/空间不一致,命中对象、风险等级、证据字段、核查建议,P1,ocr_55_books_deep,E:\2026\审计方法&政策文件\_ocr_output\2经济责任审计_6期\印度审计署2023-2030年战略规划概况.md
SUPVV6D-067-R03,audit_rule,generated_rule,SUPVV6D-067,59,C,监督检查与经费舞弊 / 绩效评价 / 民生与社保医保,印度审计署2023-2030年战略规划概况,印度审计署2023-2030年战略规划概况异常性规则,按历史均值、同类项目分位数或政策标准识别印度审计署2023-2030年战略规划概况异常偏离。,项目台账；财务收支明细；合同与审批资料；支付凭证；审计发现清单；绩效指标表,字段缺失/跨表不一致/偏离阈值/重复异常/时序异常/空间不一致,命中对象、风险等级、证据字段、核查建议,P1,ocr_55_books_deep,E:\2026\审计方法&政策文件\_ocr_output\2经济责任审计_6期\印度审计署2023-2030年战略规划概况.md
SUPVV6D-058-R01,audit_rule,generated_rule,SUPVV6D-058,59,C,监督检查与经费舞弊 / 资源环境审计 / 国企审计,以有力有效的审计监督助力上海在长三角一体化发展中,以有力有效的审计监督助力上海在长三角一体化发展中完整性规则,检查以有力有效的审计监督助力上海在长三角一体化发展中相关台账、凭证、审批和支付数据是否完整，缺失率超过阈值则预警。,项目台账；财务收支明细；合同与审批资料；支付凭证；审计发现清单；遥感图斑,字段缺失/跨表不一致/偏离阈值/重复异常/时序异常/空间不一致,命中对象、风险等级、证据字段、核查建议,P1,ocr_55_books_deep,E:\2026\审计方法&政策文件\_ocr_output\1中国审计_7期\以有力有效的审计监督助力上海在长三角一体化发展中更好发挥龙头带动作用.md
SUPVV6D-058-R02,audit_rule,generated_rule,SUPVV6D-058,59,C,监督检查与经费舞弊 / 资源环境审计 / 国企审计,以有力有效的审计监督助力上海在长三角一体化发展中,以有力有效的审计监督助力上海在长三角一体化发展中一致性规则,检查以有力有效的审计监督助力上海在长三角一体化发展中在合同、支付、预算、绩效或业务台账之间是否一致。,项目台账；财务收支明细；合同与审批资料；支付凭证；审计发现清单；遥感图斑,字段缺失/跨表不一致/偏离阈值/重复异常/时序异常/空间不一致,命中对象、风险等级、证据字段、核查建议,P1,ocr_55_books_deep,E:\2026\审计方法&政策文件\_ocr_output\1中国审计_7期\以有力有效的审计监督助力上海在长三角一体化发展中更好发挥龙头带动作用.md
SUPVV6D-058-R03,audit_rule,generated_rule,SUPVV6D-058,59,C,监督检查与经费舞弊 / 资源环境审计 / 国企审计,以有力有效的审计监督助力上海在长三角一体化发展中,以有力有效的审计监督助力上海在长三角一体化发展中异常性规则,按历史均值、同类项目分位数或政策标准识别以有力有效的审计监督助力上海在长三角一体化发展中异常偏离。,项目台账；财务收支明细；合同与审批资料；支付凭证；审计发现清单；遥感图斑,字段缺失/跨表不一致/偏离阈值/重复异常/时序异常/空间不一致,命中对象、风险等级、证据字段、核查建议,P1,ocr_55_books_deep,E:\2026\审计方法&政策文件\_ocr_output\1中国审计_7期\以有力有效的审计监督助力上海在长三角一体化发展中更好发挥龙头带动作用.md
MAGSUPV-0069-R01,audit_rule,generated_rule,MAGSUPV-0069,53,D,监督检查与经费舞弊 / 资源环境审计 / 经济责任审计,走出不限于内部审计的后续审计误区,走出不限于内部审计的后续审计误区R01规则,按案例主题识别同类事项中的风险特征并生成疑点。,文章案例文本；审计事项清单；问题线索台账；审计证据资料；内控制度；会计凭证,风险词命中/数据缺失/证据不一致/指标偏离/流程缺陷,命中对象、风险等级、证据资料、核查建议,P1,magazine_435_articles,D:\openclaw-workspace\knowledge\11-杂志文献\审计观察\16.走出不限于内部审计的 后续审计误区.md
MAGSUPV-0069-R02,audit_rule,generated_rule,MAGSUPV-0069,53,D,监督检查与经费舞弊 / 资源环境审计 / 经济责任审计,走出不限于内部审计的后续审计误区,走出不限于内部审计的后续审计误区R02规则,核查案例涉及的数据、证据和整改链条是否完整一致。,文章案例文本；审计事项清单；问题线索台账；审计证据资料；内控制度；会计凭证,风险词命中/数据缺失/证据不一致/指标偏离/流程缺陷,命中对象、风险等级、证据资料、核查建议,P1,magazine_435_articles,D:\openclaw-workspace\knowledge\11-杂志文献\审计观察\16.走出不限于内部审计的 后续审计误区.md
SUPVV6D-059-R01,audit_rule,generated_rule,SUPVV6D-059,59,C,监督检查与经费舞弊 / 预算执行与财政管理 / 民生与社保医保,侯凯为审计署党员干部讲授树立和践行正确政绩观学习,侯凯为审计署党员干部讲授树立和践行正确政绩观学习完整性规则,检查侯凯为审计署党员干部讲授树立和践行正确政绩观学习相关台账、凭证、审批和支付数据是否完整，缺失率超过阈值则预警。,项目台账；财务收支明细；合同与审批资料；支付凭证；审计发现清单；预算批复表,字段缺失/跨表不一致/偏离阈值/重复异常/时序异常/空间不一致,命中对象、风险等级、证据字段、核查建议,P1,ocr_55_books_deep,E:\2026\审计方法&政策文件\_ocr_output\1中国审计_7期\侯凯为审计署党员干部讲授树立和践行正确政绩观学习教育专题党课.md
SUPVV6D-059-R02,audit_rule,generated_rule,SUPVV6D-059,59,C,监督检查与经费舞弊 / 预算执行与财政管理 / 民生与社保医保,侯凯为审计署党员干部讲授树立和践行正确政绩观学习,侯凯为审计署党员干部讲授树立和践行正确政绩观学习一致性规则,检查侯凯为审计署党员干部讲授树立和践行正确政绩观学习在合同、支付、预算、绩效或业务台账之间是否一致。,项目台账；财务收支明细；合同与审批资料；支付凭证；审计发现清单；预算批复表,字段缺失/跨表不一致/偏离阈值/重复异常/时序异常/空间不一致,命中对象、风险等级、证据字段、核查建议,P1,ocr_55_books_deep,E:\2026\审计方法&政策文件\_ocr_output\1中国审计_7期\侯凯为审计署党员干部讲授树立和践行正确政绩观学习教育专题党课.md
SUPVV6D-059-R03,audit_rule,generated_rule,SUPVV6D-059,59,C,监督检查与经费舞弊 / 预算执行与财政管理 / 民生与社保医保,侯凯为审计署党员干部讲授树立和践行正确政绩观学习,侯凯为审计署党员干部讲授树立和践行正确政绩观学习异常性规则,按历史均值、同类项目分位数或政策标准识别侯凯为审计署党员干部讲授树立和践行正确政绩观学习异常偏离。,项目台账；财务收支明细；合同与审批资料；支付凭证；审计发现清单；预算批复表,字段缺失/跨表不一致/偏离阈值/重复异常/时序异常/空间不一致,命中对象、风险等级、证据字段、核查建议,P1,ocr_55_books_deep,E:\2026\审计方法&政策文件\_ocr_output\1中国审计_7期\侯凯为审计署党员干部讲授树立和践行正确政绩观学习教育专题党课.md
SUPVV6D-045-R01,audit_rule,generated_rule,SUPVV6D-045,59,C,监督检查与经费舞弊 / 预算执行与财政管理 / 经济责任审计,内控项目专业的管理方法。包括完整的项目四大核心职能：范围,内控项目专业的管理方法。包括完整的项目四大核心职能：范围完整性规则,检查内控项目专业的管理方法。包括完整的项目四大核心职能：范围相关台账、凭证、审批和支付数据是否完整，缺失率超过阈值则预警。,项目台账；财务收支明细；合同与审批资料；支付凭证；审计发现清单；预算批复表,字段缺失/跨表不一致/偏离阈值/重复异常/时序异常/空间不一致,命中对象、风险等级、证据字段、核查建议,P1,ocr_55_books_deep,E:\2026\审计方法&政策文件\_ocr_output\通用\行政事业单位内部控制体系建设实操手册.pdf.md
SUPVV6D-045-R02,audit_rule,generated_rule,SUPVV6D-045,59,C,监督检查与经费舞弊 / 预算执行与财政管理 / 经济责任审计,内控项目专业的管理方法。包括完整的项目四大核心职能：范围,内控项目专业的管理方法。包括完整的项目四大核心职能：范围一致性规则,检查内控项目专业的管理方法。包括完整的项目四大核心职能：范围在合同、支付、预算、绩效或业务台账之间是否一致。,项目台账；财务收支明细；合同与审批资料；支付凭证；审计发现清单；预算批复表,字段缺失/跨表不一致/偏离阈值/重复异常/时序异常/空间不一致,命中对象、风险等级、证据字段、核查建议,P1,ocr_55_books_deep,E:\2026\审计方法&政策文件\_ocr_output\通用\行政事业单位内部控制体系建设实操手册.pdf.md
SUPVV6D-045-R03,audit_rule,generated_rule,SUPVV6D-045,59,C,监督检查与经费舞弊 / 预算执行与财政管理 / 经济责任审计,内控项目专业的管理方法。包括完整的项目四大核心职能：范围,内控项目专业的管理方法。包括完整的项目四大核心职能：范围异常性规则,按历史均值、同类项目分位数或政策标准识别内控项目专业的管理方法。包括完整的项目四大核心职能：范围异常偏离。,项目台账；财务收支明细；合同与审批资料；支付凭证；审计发现清单；预算批复表,字段缺失/跨表不一致/偏离阈值/重复异常/时序异常/空间不一致,命中对象、风险等级、证据字段、核查建议,P1,ocr_55_books_deep,E:\2026\审计方法&政策文件\_ocr_output\通用\行政事业单位内部控制体系建设实操手册.pdf.md
SUPVV6D-066-R01,audit_rule,generated_rule,SUPVV6D-066,59,C,监督检查与经费舞弊 / 预算执行与财政管理 / 经济责任审计,华中革命根据地战时审计机制与效能研究,华中革命根据地战时审计机制与效能研究完整性规则,检查华中革命根据地战时审计机制与效能研究相关台账、凭证、审批和支付数据是否完整，缺失率超过阈值则预警。,项目台账；财务收支明细；合同与审批资料；支付凭证；审计发现清单；预算批复表,字段缺失/跨表不一致/偏离阈值/重复异常/时序异常/空间不一致,命中对象、风险等级、证据字段、核查建议,P1,ocr_55_books_deep,E:\2026\审计方法&政策文件\_ocr_output\2经济责任审计_6期\华中革命根据地战时审计机制与效能研究.md
SUPVV6D-066-R02,audit_rule,generated_rule,SUPVV6D-066,59,C,监督检查与经费舞弊 / 预算执行与财政管理 / 经济责任审计,华中革命根据地战时审计机制与效能研究,华中革命根据地战时审计机制与效能研究一致性规则,检查华中革命根据地战时审计机制与效能研究在合同、支付、预算、绩效或业务台账之间是否一致。,项目台账；财务收支明细；合同与审批资料；支付凭证；审计发现清单；预算批复表,字段缺失/跨表不一致/偏离阈值/重复异常/时序异常/空间不一致,命中对象、风险等级、证据字段、核查建议,P1,ocr_55_books_deep,E:\2026\审计方法&政策文件\_ocr_output\2经济责任审计_6期\华中革命根据地战时审计机制与效能研究.md
SUPVV6D-066-R03,audit_rule,generated_rule,SUPVV6D-066,59,C,监督检查与经费舞弊 / 预算执行与财政管理 / 经济责任审计,华中革命根据地战时审计机制与效能研究,华中革命根据地战时审计机制与效能研究异常性规则,按历史均值、同类项目分位数或政策标准识别华中革命根据地战时审计机制与效能研究异常偏离。,项目台账；财务收支明细；合同与审批资料；支付凭证；审计发现清单；预算批复表,字段缺失/跨表不一致/偏离阈值/重复异常/时序异常/空间不一致,命中对象、风险等级、证据字段、核查建议,P1,ocr_55_books_deep,E:\2026\审计方法&政策文件\_ocr_output\2经济责任审计_6期\华中革命根据地战时审计机制与效能研究.md
PERFV6D-070-R01,audit_rule,generated_rule,PERFV6D-070,59,C,监督检查与经费舞弊 / 预算执行与财政管理 / 经济责任审计,多源数据勾稽,多源数据勾稽完整性规则,检查多源数据勾稽相关台账、凭证、审批和支付数据是否完整，缺失率超过阈值则预警。,项目台账；财务收支明细；合同与审批资料；支付凭证；审计发现清单；预算批复表,字段缺失/跨表不一致/偏离阈值/重复异常/时序异常/空间不一致,命中对象、风险等级、证据字段、核查建议,P1,ocr_55_books_deep,E:\2026\审计方法&政策文件\_ocr_output\通用\行政事业单位内部控制建设原理与操作实务.pdf.md
PERFV6D-070-R02,audit_rule,generated_rule,PERFV6D-070,59,C,监督检查与经费舞弊 / 预算执行与财政管理 / 经济责任审计,多源数据勾稽,多源数据勾稽一致性规则,检查多源数据勾稽在合同、支付、预算、绩效或业务台账之间是否一致。,项目台账；财务收支明细；合同与审批资料；支付凭证；审计发现清单；预算批复表,字段缺失/跨表不一致/偏离阈值/重复异常/时序异常/空间不一致,命中对象、风险等级、证据字段、核查建议,P1,ocr_55_books_deep,E:\2026\审计方法&政策文件\_ocr_output\通用\行政事业单位内部控制建设原理与操作实务.pdf.md
PERFV6D-070-R03,audit_rule,generated_rule,PERFV6D-070,59,C,监督检查与经费舞弊 / 预算执行与财政管理 / 经济责任审计,多源数据勾稽,多源数据勾稽异常性规则,按历史均值、同类项目分位数或政策标准识别多源数据勾稽异常偏离。,项目台账；财务收支明细；合同与审批资料；支付凭证；审计发现清单；预算批复表,字段缺失/跨表不一致/偏离阈值/重复异常/时序异常/空间不一致,命中对象、风险等级、证据字段、核查建议,P1,ocr_55_books_deep,E:\2026\审计方法&政策文件\_ocr_output\通用\行政事业单位内部控制建设原理与操作实务.pdf.md
PERFV6D-075-R01,audit_rule,generated_rule,PERFV6D-075,59,C,监督检查与经费舞弊 / 预算执行与财政管理 / 经济责任审计,多源数据勾稽,多源数据勾稽完整性规则,检查多源数据勾稽相关台账、凭证、审批和支付数据是否完整，缺失率超过阈值则预警。,项目台账；财务收支明细；合同与审批资料；支付凭证；审计发现清单；预算批复表,字段缺失/跨表不一致/偏离阈值/重复异常/时序异常/空间不一致,命中对象、风险等级、证据字段、核查建议,P1,ocr_55_books_deep,E:\2026\审计方法&政策文件\_ocr_output\通用\行政事业单位内部控制规范实施指南.pdf.md
PERFV6D-075-R02,audit_rule,generated_rule,PERFV6D-075,59,C,监督检查与经费舞弊 / 预算执行与财政管理 / 经济责任审计,多源数据勾稽,多源数据勾稽一致性规则,检查多源数据勾稽在合同、支付、预算、绩效或业务台账之间是否一致。,项目台账；财务收支明细；合同与审批资料；支付凭证；审计发现清单；预算批复表,字段缺失/跨表不一致/偏离阈值/重复异常/时序异常/空间不一致,命中对象、风险等级、证据字段、核查建议,P1,ocr_55_books_deep,E:\2026\审计方法&政策文件\_ocr_output\通用\行政事业单位内部控制规范实施指南.pdf.md
PERFV6D-075-R03,audit_rule,generated_rule,PERFV6D-075,59,C,监督检查与经费舞弊 / 预算执行与财政管理 / 经济责任审计,多源数据勾稽,多源数据勾稽异常性规则,按历史均值、同类项目分位数或政策标准识别多源数据勾稽异常偏离。,项目台账；财务收支明细；合同与审批资料；支付凭证；审计发现清单；预算批复表,字段缺失/跨表不一致/偏离阈值/重复异常/时序异常/空间不一致,命中对象、风险等级、证据字段、核查建议,P1,ocr_55_books_deep,E:\2026\审计方法&政策文件\_ocr_output\通用\行政事业单位内部控制规范实施指南.pdf.md
PERFV6D-076-R01,audit_rule,generated_rule,PERFV6D-076,59,C,监督检查与经费舞弊 / 预算执行与财政管理 / 经济责任审计,审计报告问题归集,审计报告问题归集完整性规则,检查审计报告问题归集相关台账、凭证、审批和支付数据是否完整，缺失率超过阈值则预警。,项目台账；财务收支明细；合同与审批资料；支付凭证；审计发现清单；预算批复表,字段缺失/跨表不一致/偏离阈值/重复异常/时序异常/空间不一致,命中对象、风险等级、证据字段、核查建议,P1,ocr_55_books_deep,E:\2026\审计方法&政策文件\_ocr_output\通用\行政事业单位内部控制规范实施指南.pdf.md
PERFV6D-076-R02,audit_rule,generated_rule,PERFV6D-076,59,C,监督检查与经费舞弊 / 预算执行与财政管理 / 经济责任审计,审计报告问题归集,审计报告问题归集一致性规则,检查审计报告问题归集在合同、支付、预算、绩效或业务台账之间是否一致。,项目台账；财务收支明细；合同与审批资料；支付凭证；审计发现清单；预算批复表,字段缺失/跨表不一致/偏离阈值/重复异常/时序异常/空间不一致,命中对象、风险等级、证据字段、核查建议,P1,ocr_55_books_deep,E:\2026\审计方法&政策文件\_ocr_output\通用\行政事业单位内部控制规范实施指南.pdf.md
PERFV6D-076-R03,audit_rule,generated_rule,PERFV6D-076,59,C,监督检查与经费舞弊 / 预算执行与财政管理 / 经济责任审计,审计报告问题归集,审计报告问题归集异常性规则,按历史均值、同类项目分位数或政策标准识别审计报告问题归集异常偏离。,项目台账；财务收支明细；合同与审批资料；支付凭证；审计发现清单；预算批复表,字段缺失/跨表不一致/偏离阈值/重复异常/时序异常/空间不一致,命中对象、风险等级、证据字段、核查建议,P1,ocr_55_books_deep,E:\2026\审计方法&政策文件\_ocr_output\通用\行政事业单位内部控制规范实施指南.pdf.md
PERFV6D-068-R01,audit_rule,generated_rule,PERFV6D-068,59,C,监督检查与经费舞弊 / 预算执行与财政管理 / 经济责任审计,审计案例规则化,审计案例规则化完整性规则,检查审计案例规则化相关台账、凭证、审批和支付数据是否完整，缺失率超过阈值则预警。,项目台账；财务收支明细；合同与审批资料；支付凭证；审计发现清单；预算批复表,字段缺失/跨表不一致/偏离阈值/重复异常/时序异常/空间不一致,命中对象、风险等级、证据字段、核查建议,P1,ocr_55_books_deep,E:\2026\审计方法&政策文件\_ocr_output\通用\行政事业单位内部控制建设原理与操作实务.pdf.md
PERFV6D-068-R02,audit_rule,generated_rule,PERFV6D-068,59,C,监督检查与经费舞弊 / 预算执行与财政管理 / 经济责任审计,审计案例规则化,审计案例规则化一致性规则,检查审计案例规则化在合同、支付、预算、绩效或业务台账之间是否一致。,项目台账；财务收支明细；合同与审批资料；支付凭证；审计发现清单；预算批复表,字段缺失/跨表不一致/偏离阈值/重复异常/时序异常/空间不一致,命中对象、风险等级、证据字段、核查建议,P1,ocr_55_books_deep,E:\2026\审计方法&政策文件\_ocr_output\通用\行政事业单位内部控制建设原理与操作实务.pdf.md
PERFV6D-068-R03,audit_rule,generated_rule,PERFV6D-068,59,C,监督检查与经费舞弊 / 预算执行与财政管理 / 经济责任审计,审计案例规则化,审计案例规则化异常性规则,按历史均值、同类项目分位数或政策标准识别审计案例规则化异常偏离。,项目台账；财务收支明细；合同与审批资料；支付凭证；审计发现清单；预算批复表,字段缺失/跨表不一致/偏离阈值/重复异常/时序异常/空间不一致,命中对象、风险等级、证据字段、核查建议,P1,ocr_55_books_deep,E:\2026\审计方法&政策文件\_ocr_output\通用\行政事业单位内部控制建设原理与操作实务.pdf.md
PERFV6D-073-R01,audit_rule,generated_rule,PERFV6D-073,59,C,监督检查与经费舞弊 / 预算执行与财政管理 / 经济责任审计,审计案例规则化,审计案例规则化完整性规则,检查审计案例规则化相关台账、凭证、审批和支付数据是否完整，缺失率超过阈值则预警。,项目台账；财务收支明细；合同与审批资料；支付凭证；审计发现清单；预算批复表,字段缺失/跨表不一致/偏离阈值/重复异常/时序异常/空间不一致,命中对象、风险等级、证据字段、核查建议,P1,ocr_55_books_deep,E:\2026\审计方法&政策文件\_ocr_output\通用\行政事业单位内部控制规范实施指南.pdf.md
PERFV6D-073-R02,audit_rule,generated_rule,PERFV6D-073,59,C,监督检查与经费舞弊 / 预算执行与财政管理 / 经济责任审计,审计案例规则化,审计案例规则化一致性规则,检查审计案例规则化在合同、支付、预算、绩效或业务台账之间是否一致。,项目台账；财务收支明细；合同与审批资料；支付凭证；审计发现清单；预算批复表,字段缺失/跨表不一致/偏离阈值/重复异常/时序异常/空间不一致,命中对象、风险等级、证据字段、核查建议,P1,ocr_55_books_deep,E:\2026\审计方法&政策文件\_ocr_output\通用\行政事业单位内部控制规范实施指南.pdf.md
PERFV6D-073-R03,audit_rule,generated_rule,PERFV6D-073,59,C,监督检查与经费舞弊 / 预算执行与财政管理 / 经济责任审计,审计案例规则化,审计案例规则化异常性规则,按历史均值、同类项目分位数或政策标准识别审计案例规则化异常偏离。,项目台账；财务收支明细；合同与审批资料；支付凭证；审计发现清单；预算批复表,字段缺失/跨表不一致/偏离阈值/重复异常/时序异常/空间不一致,命中对象、风险等级、证据字段、核查建议,P1,ocr_55_books_deep,E:\2026\审计方法&政策文件\_ocr_output\通用\行政事业单位内部控制规范实施指南.pdf.md
PERFV6D-071-R01,audit_rule,generated_rule,PERFV6D-071,69,C,监督检查与经费舞弊 / 预算执行与财政管理 / 经济责任审计,审计证据链抽取,审计证据链抽取完整性规则,检查审计证据链抽取相关台账、凭证、审批和支付数据是否完整，缺失率超过阈值则预警。,项目台账；财务收支明细；合同与审批资料；支付凭证；审计发现清单；预算批复表,字段缺失/跨表不一致/偏离阈值/重复异常/时序异常/空间不一致,命中对象、风险等级、证据字段、核查建议,P0,ocr_55_books_deep,E:\2026\审计方法&政策文件\_ocr_output\通用\行政事业单位内部控制规范实施指南.pdf.md
PERFV6D-071-R02,audit_rule,generated_rule,PERFV6D-071,69,C,监督检查与经费舞弊 / 预算执行与财政管理 / 经济责任审计,审计证据链抽取,审计证据链抽取一致性规则,检查审计证据链抽取在合同、支付、预算、绩效或业务台账之间是否一致。,项目台账；财务收支明细；合同与审批资料；支付凭证；审计发现清单；预算批复表,字段缺失/跨表不一致/偏离阈值/重复异常/时序异常/空间不一致,命中对象、风险等级、证据字段、核查建议,P0,ocr_55_books_deep,E:\2026\审计方法&政策文件\_ocr_output\通用\行政事业单位内部控制规范实施指南.pdf.md
PERFV6D-071-R03,audit_rule,generated_rule,PERFV6D-071,69,C,监督检查与经费舞弊 / 预算执行与财政管理 / 经济责任审计,审计证据链抽取,审计证据链抽取异常性规则,按历史均值、同类项目分位数或政策标准识别审计证据链抽取异常偏离。,项目台账；财务收支明细；合同与审批资料；支付凭证；审计发现清单；预算批复表,字段缺失/跨表不一致/偏离阈值/重复异常/时序异常/空间不一致,命中对象、风险等级、证据字段、核查建议,P0,ocr_55_books_deep,E:\2026\审计方法&政策文件\_ocr_output\通用\行政事业单位内部控制规范实施指南.pdf.md
SUPVV6D-048-R01,audit_rule,generated_rule,SUPVV6D-048,59,C,监督检查与经费舞弊 / 预算执行与财政管理 / 经济责任审计,审计证据链抽取,审计证据链抽取完整性规则,检查审计证据链抽取相关台账、凭证、审批和支付数据是否完整，缺失率超过阈值则预警。,项目台账；财务收支明细；合同与审批资料；支付凭证；审计发现清单；预算批复表,字段缺失/跨表不一致/偏离阈值/重复异常/时序异常/空间不一致,命中对象、风险等级、证据字段、核查建议,P1,ocr_55_books_deep,E:\2026\审计方法&政策文件\_ocr_output\通用\行政事业单位内部控制体系建设实操手册.pdf.md
SUPVV6D-048-R02,audit_rule,generated_rule,SUPVV6D-048,59,C,监督检查与经费舞弊 / 预算执行与财政管理 / 经济责任审计,审计证据链抽取,审计证据链抽取一致性规则,检查审计证据链抽取在合同、支付、预算、绩效或业务台账之间是否一致。,项目台账；财务收支明细；合同与审批资料；支付凭证；审计发现清单；预算批复表,字段缺失/跨表不一致/偏离阈值/重复异常/时序异常/空间不一致,命中对象、风险等级、证据字段、核查建议,P1,ocr_55_books_deep,E:\2026\审计方法&政策文件\_ocr_output\通用\行政事业单位内部控制体系建设实操手册.pdf.md
SUPVV6D-048-R03,audit_rule,generated_rule,SUPVV6D-048,59,C,监督检查与经费舞弊 / 预算执行与财政管理 / 经济责任审计,审计证据链抽取,审计证据链抽取异常性规则,按历史均值、同类项目分位数或政策标准识别审计证据链抽取异常偏离。,项目台账；财务收支明细；合同与审批资料；支付凭证；审计发现清单；预算批复表,字段缺失/跨表不一致/偏离阈值/重复异常/时序异常/空间不一致,命中对象、风险等级、证据字段、核查建议,P1,ocr_55_books_deep,E:\2026\审计方法&政策文件\_ocr_output\通用\行政事业单位内部控制体系建设实操手册.pdf.md
PERFV6D-066-R01,audit_rule,generated_rule,PERFV6D-066,59,C,监督检查与经费舞弊 / 预算执行与财政管理 / 经济责任审计,审计证据链抽取,审计证据链抽取完整性规则,检查审计证据链抽取相关台账、凭证、审批和支付数据是否完整，缺失率超过阈值则预警。,项目台账；财务收支明细；合同与审批资料；支付凭证；审计发现清单；预算批复表,字段缺失/跨表不一致/偏离阈值/重复异常/时序异常/空间不一致,命中对象、风险等级、证据字段、核查建议,P1,ocr_55_books_deep,E:\2026\审计方法&政策文件\_ocr_output\通用\行政事业单位内部控制建设原理与操作实务.pdf.md
PERFV6D-066-R02,audit_rule,generated_rule,PERFV6D-066,59,C,监督检查与经费舞弊 / 预算执行与财政管理 / 经济责任审计,审计证据链抽取,审计证据链抽取一致性规则,检查审计证据链抽取在合同、支付、预算、绩效或业务台账之间是否一致。,项目台账；财务收支明细；合同与审批资料；支付凭证；审计发现清单；预算批复表,字段缺失/跨表不一致/偏离阈值/重复异常/时序异常/空间不一致,命中对象、风险等级、证据字段、核查建议,P1,ocr_55_books_deep,E:\2026\审计方法&政策文件\_ocr_output\通用\行政事业单位内部控制建设原理与操作实务.pdf.md
PERFV6D-066-R03,audit_rule,generated_rule,PERFV6D-066,59,C,监督检查与经费舞弊 / 预算执行与财政管理 / 经济责任审计,审计证据链抽取,审计证据链抽取异常性规则,按历史均值、同类项目分位数或政策标准识别审计证据链抽取异常偏离。,项目台账；财务收支明细；合同与审批资料；支付凭证；审计发现清单；预算批复表,字段缺失/跨表不一致/偏离阈值/重复异常/时序异常/空间不一致,命中对象、风险等级、证据字段、核查建议,P1,ocr_55_books_deep,E:\2026\审计方法&政策文件\_ocr_output\通用\行政事业单位内部控制建设原理与操作实务.pdf.md
PERFV6D-069-R01,audit_rule,generated_rule,PERFV6D-069,59,C,监督检查与经费舞弊 / 预算执行与财政管理 / 经济责任审计,数据质量检查,数据质量检查完整性规则,检查数据质量检查相关台账、凭证、审批和支付数据是否完整，缺失率超过阈值则预警。,项目台账；财务收支明细；合同与审批资料；支付凭证；审计发现清单；预算批复表,字段缺失/跨表不一致/偏离阈值/重复异常/时序异常/空间不一致,命中对象、风险等级、证据字段、核查建议,P1,ocr_55_books_deep,E:\2026\审计方法&政策文件\_ocr_output\通用\行政事业单位内部控制建设原理与操作实务.pdf.md
PERFV6D-069-R02,audit_rule,generated_rule,PERFV6D-069,59,C,监督检查与经费舞弊 / 预算执行与财政管理 / 经济责任审计,数据质量检查,数据质量检查一致性规则,检查数据质量检查在合同、支付、预算、绩效或业务台账之间是否一致。,项目台账；财务收支明细；合同与审批资料；支付凭证；审计发现清单；预算批复表,字段缺失/跨表不一致/偏离阈值/重复异常/时序异常/空间不一致,命中对象、风险等级、证据字段、核查建议,P1,ocr_55_books_deep,E:\2026\审计方法&政策文件\_ocr_output\通用\行政事业单位内部控制建设原理与操作实务.pdf.md
PERFV6D-069-R03,audit_rule,generated_rule,PERFV6D-069,59,C,监督检查与经费舞弊 / 预算执行与财政管理 / 经济责任审计,数据质量检查,数据质量检查异常性规则,按历史均值、同类项目分位数或政策标准识别数据质量检查异常偏离。,项目台账；财务收支明细；合同与审批资料；支付凭证；审计发现清单；预算批复表,字段缺失/跨表不一致/偏离阈值/重复异常/时序异常/空间不一致,命中对象、风险等级、证据字段、核查建议,P1,ocr_55_books_deep,E:\2026\审计方法&政策文件\_ocr_output\通用\行政事业单位内部控制建设原理与操作实务.pdf.md
PERFV6D-074-R01,audit_rule,generated_rule,PERFV6D-074,59,C,监督检查与经费舞弊 / 预算执行与财政管理 / 经济责任审计,数据质量检查,数据质量检查完整性规则,检查数据质量检查相关台账、凭证、审批和支付数据是否完整，缺失率超过阈值则预警。,项目台账；财务收支明细；合同与审批资料；支付凭证；审计发现清单；预算批复表,字段缺失/跨表不一致/偏离阈值/重复异常/时序异常/空间不一致,命中对象、风险等级、证据字段、核查建议,P1,ocr_55_books_deep,E:\2026\审计方法&政策文件\_ocr_output\通用\行政事业单位内部控制规范实施指南.pdf.md
PERFV6D-074-R02,audit_rule,generated_rule,PERFV6D-074,59,C,监督检查与经费舞弊 / 预算执行与财政管理 / 经济责任审计,数据质量检查,数据质量检查一致性规则,检查数据质量检查在合同、支付、预算、绩效或业务台账之间是否一致。,项目台账；财务收支明细；合同与审批资料；支付凭证；审计发现清单；预算批复表,字段缺失/跨表不一致/偏离阈值/重复异常/时序异常/空间不一致,命中对象、风险等级、证据字段、核查建议,P1,ocr_55_books_deep,E:\2026\审计方法&政策文件\_ocr_output\通用\行政事业单位内部控制规范实施指南.pdf.md
PERFV6D-074-R03,audit_rule,generated_rule,PERFV6D-074,59,C,监督检查与经费舞弊 / 预算执行与财政管理 / 经济责任审计,数据质量检查,数据质量检查异常性规则,按历史均值、同类项目分位数或政策标准识别数据质量检查异常偏离。,项目台账；财务收支明细；合同与审批资料；支付凭证；审计发现清单；预算批复表,字段缺失/跨表不一致/偏离阈值/重复异常/时序异常/空间不一致,命中对象、风险等级、证据字段、核查建议,P1,ocr_55_books_deep,E:\2026\审计方法&政策文件\_ocr_output\通用\行政事业单位内部控制规范实施指南.pdf.md
PERFV6D-077-R01,audit_rule,generated_rule,PERFV6D-077,59,C,监督检查与经费舞弊 / 预算执行与财政管理 / 经济责任审计,法规依据匹配,法规依据匹配完整性规则,检查法规依据匹配相关台账、凭证、审批和支付数据是否完整，缺失率超过阈值则预警。,项目台账；财务收支明细；合同与审批资料；支付凭证；审计发现清单；预算批复表,字段缺失/跨表不一致/偏离阈值/重复异常/时序异常/空间不一致,命中对象、风险等级、证据字段、核查建议,P1,ocr_55_books_deep,E:\2026\审计方法&政策文件\_ocr_output\通用\行政事业单位内部控制规范实施指南.pdf.md
PERFV6D-077-R02,audit_rule,generated_rule,PERFV6D-077,59,C,监督检查与经费舞弊 / 预算执行与财政管理 / 经济责任审计,法规依据匹配,法规依据匹配一致性规则,检查法规依据匹配在合同、支付、预算、绩效或业务台账之间是否一致。,项目台账；财务收支明细；合同与审批资料；支付凭证；审计发现清单；预算批复表,字段缺失/跨表不一致/偏离阈值/重复异常/时序异常/空间不一致,命中对象、风险等级、证据字段、核查建议,P1,ocr_55_books_deep,E:\2026\审计方法&政策文件\_ocr_output\通用\行政事业单位内部控制规范实施指南.pdf.md
PERFV6D-077-R03,audit_rule,generated_rule,PERFV6D-077,59,C,监督检查与经费舞弊 / 预算执行与财政管理 / 经济责任审计,法规依据匹配,法规依据匹配异常性规则,按历史均值、同类项目分位数或政策标准识别法规依据匹配异常偏离。,项目台账；财务收支明细；合同与审批资料；支付凭证；审计发现清单；预算批复表,字段缺失/跨表不一致/偏离阈值/重复异常/时序异常/空间不一致,命中对象、风险等级、证据字段、核查建议,P1,ocr_55_books_deep,E:\2026\审计方法&政策文件\_ocr_output\通用\行政事业单位内部控制规范实施指南.pdf.md
SUPVV6D-038-R01,audit_rule,generated_rule,SUPVV6D-038,59,C,监督检查与经费舞弊 / 预算执行与财政管理 / 经济责任审计,风险分析/29,风险分析/29完整性规则,检查风险分析/29相关台账、凭证、审批和支付数据是否完整，缺失率超过阈值则预警。,项目台账；财务收支明细；合同与审批资料；支付凭证；审计发现清单；绩效指标表,字段缺失/跨表不一致/偏离阈值/重复异常/时序异常/空间不一致,命中对象、风险等级、证据字段、核查建议,P1,ocr_55_books_deep,E:\2026\审计方法&政策文件\_ocr_output\通用\行政事业单位内部控制体系建设全流程操作指南.pdf.md
SUPVV6D-038-R02,audit_rule,generated_rule,SUPVV6D-038,59,C,监督检查与经费舞弊 / 预算执行与财政管理 / 经济责任审计,风险分析/29,风险分析/29一致性规则,检查风险分析/29在合同、支付、预算、绩效或业务台账之间是否一致。,项目台账；财务收支明细；合同与审批资料；支付凭证；审计发现清单；绩效指标表,字段缺失/跨表不一致/偏离阈值/重复异常/时序异常/空间不一致,命中对象、风险等级、证据字段、核查建议,P1,ocr_55_books_deep,E:\2026\审计方法&政策文件\_ocr_output\通用\行政事业单位内部控制体系建设全流程操作指南.pdf.md
SUPVV6D-038-R03,audit_rule,generated_rule,SUPVV6D-038,59,C,监督检查与经费舞弊 / 预算执行与财政管理 / 经济责任审计,风险分析/29,风险分析/29异常性规则,按历史均值、同类项目分位数或政策标准识别风险分析/29异常偏离。,项目台账；财务收支明细；合同与审批资料；支付凭证；审计发现清单；绩效指标表,字段缺失/跨表不一致/偏离阈值/重复异常/时序异常/空间不一致,命中对象、风险等级、证据字段、核查建议,P1,ocr_55_books_deep,E:\2026\审计方法&政策文件\_ocr_output\通用\行政事业单位内部控制体系建设全流程操作指南.pdf.md
SUPVV6D-039-R01,audit_rule,generated_rule,SUPVV6D-039,59,C,监督检查与经费舞弊 / 预算执行与财政管理 / 经济责任审计,风险评价／33,风险评价／33完整性规则,检查风险评价／33相关台账、凭证、审批和支付数据是否完整，缺失率超过阈值则预警。,项目台账；财务收支明细；合同与审批资料；支付凭证；审计发现清单；绩效指标表,字段缺失/跨表不一致/偏离阈值/重复异常/时序异常/空间不一致,命中对象、风险等级、证据字段、核查建议,P1,ocr_55_books_deep,E:\2026\审计方法&政策文件\_ocr_output\通用\行政事业单位内部控制体系建设全流程操作指南.pdf.md
SUPVV6D-039-R02,audit_rule,generated_rule,SUPVV6D-039,59,C,监督检查与经费舞弊 / 预算执行与财政管理 / 经济责任审计,风险评价／33,风险评价／33一致性规则,检查风险评价／33在合同、支付、预算、绩效或业务台账之间是否一致。,项目台账；财务收支明细；合同与审批资料；支付凭证；审计发现清单；绩效指标表,字段缺失/跨表不一致/偏离阈值/重复异常/时序异常/空间不一致,命中对象、风险等级、证据字段、核查建议,P1,ocr_55_books_deep,E:\2026\审计方法&政策文件\_ocr_output\通用\行政事业单位内部控制体系建设全流程操作指南.pdf.md
SUPVV6D-039-R03,audit_rule,generated_rule,SUPVV6D-039,59,C,监督检查与经费舞弊 / 预算执行与财政管理 / 经济责任审计,风险评价／33,风险评价／33异常性规则,按历史均值、同类项目分位数或政策标准识别风险评价／33异常偏离。,项目台账；财务收支明细；合同与审批资料；支付凭证；审计发现清单；绩效指标表,字段缺失/跨表不一致/偏离阈值/重复异常/时序异常/空间不一致,命中对象、风险等级、证据字段、核查建议,P1,ocr_55_books_deep,E:\2026\审计方法&政策文件\_ocr_output\通用\行政事业单位内部控制体系建设全流程操作指南.pdf.md
SUPVV6D-043-R01,audit_rule,generated_rule,SUPVV6D-043,59,C,监督检查与经费舞弊 / 预算执行与财政管理 / 经济责任审计,风险评估的基本程序概述/19,风险评估的基本程序概述/19完整性规则,检查风险评估的基本程序概述/19相关台账、凭证、审批和支付数据是否完整，缺失率超过阈值则预警。,项目台账；财务收支明细；合同与审批资料；支付凭证；审计发现清单；绩效指标表,字段缺失/跨表不一致/偏离阈值/重复异常/时序异常/空间不一致,命中对象、风险等级、证据字段、核查建议,P1,ocr_55_books_deep,E:\2026\审计方法&政策文件\_ocr_output\通用\行政事业单位内部控制体系建设全流程操作指南.pdf.md
SUPVV6D-043-R02,audit_rule,generated_rule,SUPVV6D-043,59,C,监督检查与经费舞弊 / 预算执行与财政管理 / 经济责任审计,风险评估的基本程序概述/19,风险评估的基本程序概述/19一致性规则,检查风险评估的基本程序概述/19在合同、支付、预算、绩效或业务台账之间是否一致。,项目台账；财务收支明细；合同与审批资料；支付凭证；审计发现清单；绩效指标表,字段缺失/跨表不一致/偏离阈值/重复异常/时序异常/空间不一致,命中对象、风险等级、证据字段、核查建议,P1,ocr_55_books_deep,E:\2026\审计方法&政策文件\_ocr_output\通用\行政事业单位内部控制体系建设全流程操作指南.pdf.md
SUPVV6D-043-R03,audit_rule,generated_rule,SUPVV6D-043,59,C,监督检查与经费舞弊 / 预算执行与财政管理 / 经济责任审计,风险评估的基本程序概述/19,风险评估的基本程序概述/19异常性规则,按历史均值、同类项目分位数或政策标准识别风险评估的基本程序概述/19异常偏离。,项目台账；财务收支明细；合同与审批资料；支付凭证；审计发现清单；绩效指标表,字段缺失/跨表不一致/偏离阈值/重复异常/时序异常/空间不一致,命中对象、风险等级、证据字段、核查建议,P1,ocr_55_books_deep,E:\2026\审计方法&政策文件\_ocr_output\通用\行政事业单位内部控制体系建设全流程操作指南.pdf.md
SUPVV6D-041-R01,audit_rule,generated_rule,SUPVV6D-041,59,C,监督检查与经费舞弊 / 预算执行与财政管理 / 经济责任审计,风险评估的过程与方法/15,风险评估的过程与方法/15完整性规则,检查风险评估的过程与方法/15相关台账、凭证、审批和支付数据是否完整，缺失率超过阈值则预警。,项目台账；财务收支明细；合同与审批资料；支付凭证；审计发现清单；绩效指标表,字段缺失/跨表不一致/偏离阈值/重复异常/时序异常/空间不一致,命中对象、风险等级、证据字段、核查建议,P1,ocr_55_books_deep,E:\2026\审计方法&政策文件\_ocr_output\通用\行政事业单位内部控制体系建设全流程操作指南.pdf.md
SUPVV6D-041-R02,audit_rule,generated_rule,SUPVV6D-041,59,C,监督检查与经费舞弊 / 预算执行与财政管理 / 经济责任审计,风险评估的过程与方法/15,风险评估的过程与方法/15一致性规则,检查风险评估的过程与方法/15在合同、支付、预算、绩效或业务台账之间是否一致。,项目台账；财务收支明细；合同与审批资料；支付凭证；审计发现清单；绩效指标表,字段缺失/跨表不一致/偏离阈值/重复异常/时序异常/空间不一致,命中对象、风险等级、证据字段、核查建议,P1,ocr_55_books_deep,E:\2026\审计方法&政策文件\_ocr_output\通用\行政事业单位内部控制体系建设全流程操作指南.pdf.md
SUPVV6D-041-R03,audit_rule,generated_rule,SUPVV6D-041,59,C,监督检查与经费舞弊 / 预算执行与财政管理 / 经济责任审计,风险评估的过程与方法/15,风险评估的过程与方法/15异常性规则,按历史均值、同类项目分位数或政策标准识别风险评估的过程与方法/15异常偏离。,项目台账；财务收支明细；合同与审批资料；支付凭证；审计发现清单；绩效指标表,字段缺失/跨表不一致/偏离阈值/重复异常/时序异常/空间不一致,命中对象、风险等级、证据字段、核查建议,P1,ocr_55_books_deep,E:\2026\审计方法&政策文件\_ocr_output\通用\行政事业单位内部控制体系建设全流程操作指南.pdf.md
SUPVV6D-003-R01,audit_rule,generated_rule,SUPVV6D-003,59,C,监督检查与经费舞弊 / 预算执行与财政管理 / 绩效评价,信息系统审计风险管理·…,信息系统审计风险管理·…完整性规则,检查信息系统审计风险管理·…相关台账、凭证、审批和支付数据是否完整，缺失率超过阈值则预警。,项目台账；财务收支明细；合同与审批资料；支付凭证；审计发现清单；绩效指标表,字段缺失/跨表不一致/偏离阈值/重复异常/时序异常/空间不一致,命中对象、风险等级、证据字段、核查建议,P1,ocr_55_books_deep,E:\2026\审计方法&政策文件\_ocr_output\通用\国家治理导向的政府审计.pdf.md
SUPVV6D-003-R02,audit_rule,generated_rule,SUPVV6D-003,59,C,监督检查与经费舞弊 / 预算执行与财政管理 / 绩效评价,信息系统审计风险管理·…,信息系统审计风险管理·…一致性规则,检查信息系统审计风险管理·…在合同、支付、预算、绩效或业务台账之间是否一致。,项目台账；财务收支明细；合同与审批资料；支付凭证；审计发现清单；绩效指标表,字段缺失/跨表不一致/偏离阈值/重复异常/时序异常/空间不一致,命中对象、风险等级、证据字段、核查建议,P1,ocr_55_books_deep,E:\2026\审计方法&政策文件\_ocr_output\通用\国家治理导向的政府审计.pdf.md
SUPVV6D-003-R03,audit_rule,generated_rule,SUPVV6D-003,59,C,监督检查与经费舞弊 / 预算执行与财政管理 / 绩效评价,信息系统审计风险管理·…,信息系统审计风险管理·…异常性规则,按历史均值、同类项目分位数或政策标准识别信息系统审计风险管理·…异常偏离。,项目台账；财务收支明细；合同与审批资料；支付凭证；审计发现清单；绩效指标表,字段缺失/跨表不一致/偏离阈值/重复异常/时序异常/空间不一致,命中对象、风险等级、证据字段、核查建议,P1,ocr_55_books_deep,E:\2026\审计方法&政策文件\_ocr_output\通用\国家治理导向的政府审计.pdf.md
SUPVV6D-015-R01,audit_rule,generated_rule,SUPVV6D-015,59,C,监督检查与经费舞弊 / 预算执行与财政管理 / 绩效评价,多源数据勾稽,多源数据勾稽完整性规则,检查多源数据勾稽相关台账、凭证、审批和支付数据是否完整，缺失率超过阈值则预警。,项目台账；财务收支明细；合同与审批资料；支付凭证；审计发现清单；绩效指标表,字段缺失/跨表不一致/偏离阈值/重复异常/时序异常/空间不一致,命中对象、风险等级、证据字段、核查建议,P1,ocr_55_books_deep,E:\2026\审计方法&政策文件\_ocr_output\通用\政府审计.pdf.md
SUPVV6D-015-R02,audit_rule,generated_rule,SUPVV6D-015,59,C,监督检查与经费舞弊 / 预算执行与财政管理 / 绩效评价,多源数据勾稽,多源数据勾稽一致性规则,检查多源数据勾稽在合同、支付、预算、绩效或业务台账之间是否一致。,项目台账；财务收支明细；合同与审批资料；支付凭证；审计发现清单；绩效指标表,字段缺失/跨表不一致/偏离阈值/重复异常/时序异常/空间不一致,命中对象、风险等级、证据字段、核查建议,P1,ocr_55_books_deep,E:\2026\审计方法&政策文件\_ocr_output\通用\政府审计.pdf.md
SUPVV6D-015-R03,audit_rule,generated_rule,SUPVV6D-015,59,C,监督检查与经费舞弊 / 预算执行与财政管理 / 绩效评价,多源数据勾稽,多源数据勾稽异常性规则,按历史均值、同类项目分位数或政策标准识别多源数据勾稽异常偏离。,项目台账；财务收支明细；合同与审批资料；支付凭证；审计发现清单；绩效指标表,字段缺失/跨表不一致/偏离阈值/重复异常/时序异常/空间不一致,命中对象、风险等级、证据字段、核查建议,P1,ocr_55_books_deep,E:\2026\审计方法&政策文件\_ocr_output\通用\政府审计.pdf.md
SUPVV6D-027-R01,audit_rule,generated_rule,SUPVV6D-027,59,C,监督检查与经费舞弊 / 预算执行与财政管理 / 绩效评价,多源数据勾稽,多源数据勾稽完整性规则,检查多源数据勾稽相关台账、凭证、审批和支付数据是否完整，缺失率超过阈值则预警。,项目台账；财务收支明细；合同与审批资料；支付凭证；审计发现清单；预算批复表,字段缺失/跨表不一致/偏离阈值/重复异常/时序异常/空间不一致,命中对象、风险等级、证据字段、核查建议,P1,ocr_55_books_deep,E:\2026\审计方法&政策文件\_ocr_output\通用\政府审计学.pdf.md
SUPVV6D-027-R02,audit_rule,generated_rule,SUPVV6D-027,59,C,监督检查与经费舞弊 / 预算执行与财政管理 / 绩效评价,多源数据勾稽,多源数据勾稽一致性规则,检查多源数据勾稽在合同、支付、预算、绩效或业务台账之间是否一致。,项目台账；财务收支明细；合同与审批资料；支付凭证；审计发现清单；预算批复表,字段缺失/跨表不一致/偏离阈值/重复异常/时序异常/空间不一致,命中对象、风险等级、证据字段、核查建议,P1,ocr_55_books_deep,E:\2026\审计方法&政策文件\_ocr_output\通用\政府审计学.pdf.md
SUPVV6D-027-R03,audit_rule,generated_rule,SUPVV6D-027,59,C,监督检查与经费舞弊 / 预算执行与财政管理 / 绩效评价,多源数据勾稽,多源数据勾稽异常性规则,按历史均值、同类项目分位数或政策标准识别多源数据勾稽异常偏离。,项目台账；财务收支明细；合同与审批资料；支付凭证；审计发现清单；预算批复表,字段缺失/跨表不一致/偏离阈值/重复异常/时序异常/空间不一致,命中对象、风险等级、证据字段、核查建议,P1,ocr_55_books_deep,E:\2026\审计方法&政策文件\_ocr_output\通用\政府审计学.pdf.md
SUPVV6D-036-R01,audit_rule,generated_rule,SUPVV6D-036,59,C,监督检查与经费舞弊 / 预算执行与财政管理 / 绩效评价,多源数据勾稽,多源数据勾稽完整性规则,检查多源数据勾稽相关台账、凭证、审批和支付数据是否完整，缺失率超过阈值则预警。,项目台账；财务收支明细；合同与审批资料；支付凭证；审计发现清单；预算批复表,字段缺失/跨表不一致/偏离阈值/重复异常/时序异常/空间不一致,命中对象、风险等级、证据字段、核查建议,P1,ocr_55_books_deep,E:\2026\审计方法&政策文件\_ocr_output\通用\政府审计理论与实务.pdf.md
SUPVV6D-036-R02,audit_rule,generated_rule,SUPVV6D-036,59,C,监督检查与经费舞弊 / 预算执行与财政管理 / 绩效评价,多源数据勾稽,多源数据勾稽一致性规则,检查多源数据勾稽在合同、支付、预算、绩效或业务台账之间是否一致。,项目台账；财务收支明细；合同与审批资料；支付凭证；审计发现清单；预算批复表,字段缺失/跨表不一致/偏离阈值/重复异常/时序异常/空间不一致,命中对象、风险等级、证据字段、核查建议,P1,ocr_55_books_deep,E:\2026\审计方法&政策文件\_ocr_output\通用\政府审计理论与实务.pdf.md
SUPVV6D-036-R03,audit_rule,generated_rule,SUPVV6D-036,59,C,监督检查与经费舞弊 / 预算执行与财政管理 / 绩效评价,多源数据勾稽,多源数据勾稽异常性规则,按历史均值、同类项目分位数或政策标准识别多源数据勾稽异常偏离。,项目台账；财务收支明细；合同与审批资料；支付凭证；审计发现清单；预算批复表,字段缺失/跨表不一致/偏离阈值/重复异常/时序异常/空间不一致,命中对象、风险等级、证据字段、核查建议,P1,ocr_55_books_deep,E:\2026\审计方法&政策文件\_ocr_output\通用\政府审计理论与实务.pdf.md
SUPVV6D-021-R01,audit_rule,generated_rule,SUPVV6D-021,59,C,监督检查与经费舞弊 / 预算执行与财政管理 / 绩效评价,审计工作底稿和审计档案管理,审计工作底稿和审计档案管理完整性规则,检查审计工作底稿和审计档案管理相关台账、凭证、审批和支付数据是否完整，缺失率超过阈值则预警。,项目台账；财务收支明细；合同与审批资料；支付凭证；审计发现清单；预算批复表,字段缺失/跨表不一致/偏离阈值/重复异常/时序异常/空间不一致,命中对象、风险等级、证据字段、核查建议,P1,ocr_55_books_deep,E:\2026\审计方法&政策文件\_ocr_output\通用\政府审计学.pdf.md
SUPVV6D-021-R02,audit_rule,generated_rule,SUPVV6D-021,59,C,监督检查与经费舞弊 / 预算执行与财政管理 / 绩效评价,审计工作底稿和审计档案管理,审计工作底稿和审计档案管理一致性规则,检查审计工作底稿和审计档案管理在合同、支付、预算、绩效或业务台账之间是否一致。,项目台账；财务收支明细；合同与审批资料；支付凭证；审计发现清单；预算批复表,字段缺失/跨表不一致/偏离阈值/重复异常/时序异常/空间不一致,命中对象、风险等级、证据字段、核查建议,P1,ocr_55_books_deep,E:\2026\审计方法&政策文件\_ocr_output\通用\政府审计学.pdf.md
SUPVV6D-021-R03,audit_rule,generated_rule,SUPVV6D-021,59,C,监督检查与经费舞弊 / 预算执行与财政管理 / 绩效评价,审计工作底稿和审计档案管理,审计工作底稿和审计档案管理异常性规则,按历史均值、同类项目分位数或政策标准识别审计工作底稿和审计档案管理异常偏离。,项目台账；财务收支明细；合同与审批资料；支付凭证；审计发现清单；预算批复表,字段缺失/跨表不一致/偏离阈值/重复异常/时序异常/空间不一致,命中对象、风险等级、证据字段、核查建议,P1,ocr_55_books_deep,E:\2026\审计方法&政策文件\_ocr_output\通用\政府审计学.pdf.md
SUPVV6D-016-R01,audit_rule,generated_rule,SUPVV6D-016,59,C,监督检查与经费舞弊 / 预算执行与财政管理 / 绩效评价,审计报告问题归集,审计报告问题归集完整性规则,检查审计报告问题归集相关台账、凭证、审批和支付数据是否完整，缺失率超过阈值则预警。,项目台账；财务收支明细；合同与审批资料；支付凭证；审计发现清单；绩效指标表,字段缺失/跨表不一致/偏离阈值/重复异常/时序异常/空间不一致,命中对象、风险等级、证据字段、核查建议,P1,ocr_55_books_deep,E:\2026\审计方法&政策文件\_ocr_output\通用\政府审计.pdf.md
SUPVV6D-016-R02,audit_rule,generated_rule,SUPVV6D-016,59,C,监督检查与经费舞弊 / 预算执行与财政管理 / 绩效评价,审计报告问题归集,审计报告问题归集一致性规则,检查审计报告问题归集在合同、支付、预算、绩效或业务台账之间是否一致。,项目台账；财务收支明细；合同与审批资料；支付凭证；审计发现清单；绩效指标表,字段缺失/跨表不一致/偏离阈值/重复异常/时序异常/空间不一致,命中对象、风险等级、证据字段、核查建议,P1,ocr_55_books_deep,E:\2026\审计方法&政策文件\_ocr_output\通用\政府审计.pdf.md
SUPVV6D-016-R03,audit_rule,generated_rule,SUPVV6D-016,59,C,监督检查与经费舞弊 / 预算执行与财政管理 / 绩效评价,审计报告问题归集,审计报告问题归集异常性规则,按历史均值、同类项目分位数或政策标准识别审计报告问题归集异常偏离。,项目台账；财务收支明细；合同与审批资料；支付凭证；审计发现清单；绩效指标表,字段缺失/跨表不一致/偏离阈值/重复异常/时序异常/空间不一致,命中对象、风险等级、证据字段、核查建议,P1,ocr_55_books_deep,E:\2026\审计方法&政策文件\_ocr_output\通用\政府审计.pdf.md
SUPVV6D-028-R01,audit_rule,generated_rule,SUPVV6D-028,59,C,监督检查与经费舞弊 / 预算执行与财政管理 / 绩效评价,审计报告问题归集,审计报告问题归集完整性规则,检查审计报告问题归集相关台账、凭证、审批和支付数据是否完整，缺失率超过阈值则预警。,项目台账；财务收支明细；合同与审批资料；支付凭证；审计发现清单；预算批复表,字段缺失/跨表不一致/偏离阈值/重复异常/时序异常/空间不一致,命中对象、风险等级、证据字段、核查建议,P1,ocr_55_books_deep,E:\2026\审计方法&政策文件\_ocr_output\通用\政府审计学.pdf.md
SUPVV6D-028-R02,audit_rule,generated_rule,SUPVV6D-028,59,C,监督检查与经费舞弊 / 预算执行与财政管理 / 绩效评价,审计报告问题归集,审计报告问题归集一致性规则,检查审计报告问题归集在合同、支付、预算、绩效或业务台账之间是否一致。,项目台账；财务收支明细；合同与审批资料；支付凭证；审计发现清单；预算批复表,字段缺失/跨表不一致/偏离阈值/重复异常/时序异常/空间不一致,命中对象、风险等级、证据字段、核查建议,P1,ocr_55_books_deep,E:\2026\审计方法&政策文件\_ocr_output\通用\政府审计学.pdf.md
SUPVV6D-028-R03,audit_rule,generated_rule,SUPVV6D-028,59,C,监督检查与经费舞弊 / 预算执行与财政管理 / 绩效评价,审计报告问题归集,审计报告问题归集异常性规则,按历史均值、同类项目分位数或政策标准识别审计报告问题归集异常偏离。,项目台账；财务收支明细；合同与审批资料；支付凭证；审计发现清单；预算批复表,字段缺失/跨表不一致/偏离阈值/重复异常/时序异常/空间不一致,命中对象、风险等级、证据字段、核查建议,P1,ocr_55_books_deep,E:\2026\审计方法&政策文件\_ocr_output\通用\政府审计学.pdf.md
SUPVV6D-011-R01,audit_rule,generated_rule,SUPVV6D-011,69,C,监督检查与经费舞弊 / 预算执行与财政管理 / 绩效评价,审计证据链抽取,审计证据链抽取完整性规则,检查审计证据链抽取相关台账、凭证、审批和支付数据是否完整，缺失率超过阈值则预警。,项目台账；财务收支明细；合同与审批资料；支付凭证；审计发现清单；绩效指标表,字段缺失/跨表不一致/偏离阈值/重复异常/时序异常/空间不一致,命中对象、风险等级、证据字段、核查建议,P0,ocr_55_books_deep,E:\2026\审计方法&政策文件\_ocr_output\通用\政府审计.pdf.md
SUPVV6D-011-R02,audit_rule,generated_rule,SUPVV6D-011,69,C,监督检查与经费舞弊 / 预算执行与财政管理 / 绩效评价,审计证据链抽取,审计证据链抽取一致性规则,检查审计证据链抽取在合同、支付、预算、绩效或业务台账之间是否一致。,项目台账；财务收支明细；合同与审批资料；支付凭证；审计发现清单；绩效指标表,字段缺失/跨表不一致/偏离阈值/重复异常/时序异常/空间不一致,命中对象、风险等级、证据字段、核查建议,P0,ocr_55_books_deep,E:\2026\审计方法&政策文件\_ocr_output\通用\政府审计.pdf.md
SUPVV6D-011-R03,audit_rule,generated_rule,SUPVV6D-011,69,C,监督检查与经费舞弊 / 预算执行与财政管理 / 绩效评价,审计证据链抽取,审计证据链抽取异常性规则,按历史均值、同类项目分位数或政策标准识别审计证据链抽取异常偏离。,项目台账；财务收支明细；合同与审批资料；支付凭证；审计发现清单；绩效指标表,字段缺失/跨表不一致/偏离阈值/重复异常/时序异常/空间不一致,命中对象、风险等级、证据字段、核查建议,P0,ocr_55_books_deep,E:\2026\审计方法&政策文件\_ocr_output\通用\政府审计.pdf.md
SUPVV6D-008-R01,audit_rule,generated_rule,SUPVV6D-008,59,C,监督检查与经费舞弊 / 预算执行与财政管理 / 绩效评价,审计证据链抽取,审计证据链抽取完整性规则,检查审计证据链抽取相关台账、凭证、审批和支付数据是否完整，缺失率超过阈值则预警。,项目台账；财务收支明细；合同与审批资料；支付凭证；审计发现清单；绩效指标表,字段缺失/跨表不一致/偏离阈值/重复异常/时序异常/空间不一致,命中对象、风险等级、证据字段、核查建议,P1,ocr_55_books_deep,E:\2026\审计方法&政策文件\_ocr_output\通用\国家治理导向的政府审计.pdf.md
SUPVV6D-008-R02,audit_rule,generated_rule,SUPVV6D-008,59,C,监督检查与经费舞弊 / 预算执行与财政管理 / 绩效评价,审计证据链抽取,审计证据链抽取一致性规则,检查审计证据链抽取在合同、支付、预算、绩效或业务台账之间是否一致。,项目台账；财务收支明细；合同与审批资料；支付凭证；审计发现清单；绩效指标表,字段缺失/跨表不一致/偏离阈值/重复异常/时序异常/空间不一致,命中对象、风险等级、证据字段、核查建议,P1,ocr_55_books_deep,E:\2026\审计方法&政策文件\_ocr_output\通用\国家治理导向的政府审计.pdf.md
SUPVV6D-008-R03,audit_rule,generated_rule,SUPVV6D-008,59,C,监督检查与经费舞弊 / 预算执行与财政管理 / 绩效评价,审计证据链抽取,审计证据链抽取异常性规则,按历史均值、同类项目分位数或政策标准识别审计证据链抽取异常偏离。,项目台账；财务收支明细；合同与审批资料；支付凭证；审计发现清单；绩效指标表,字段缺失/跨表不一致/偏离阈值/重复异常/时序异常/空间不一致,命中对象、风险等级、证据字段、核查建议,P1,ocr_55_books_deep,E:\2026\审计方法&政策文件\_ocr_output\通用\国家治理导向的政府审计.pdf.md
SUPVV6D-023-R01,audit_rule,generated_rule,SUPVV6D-023,59,C,监督检查与经费舞弊 / 预算执行与财政管理 / 绩效评价,审计证据链抽取,审计证据链抽取完整性规则,检查审计证据链抽取相关台账、凭证、审批和支付数据是否完整，缺失率超过阈值则预警。,项目台账；财务收支明细；合同与审批资料；支付凭证；审计发现清单；预算批复表,字段缺失/跨表不一致/偏离阈值/重复异常/时序异常/空间不一致,命中对象、风险等级、证据字段、核查建议,P1,ocr_55_books_deep,E:\2026\审计方法&政策文件\_ocr_output\通用\政府审计学.pdf.md
SUPVV6D-023-R02,audit_rule,generated_rule,SUPVV6D-023,59,C,监督检查与经费舞弊 / 预算执行与财政管理 / 绩效评价,审计证据链抽取,审计证据链抽取一致性规则,检查审计证据链抽取在合同、支付、预算、绩效或业务台账之间是否一致。,项目台账；财务收支明细；合同与审批资料；支付凭证；审计发现清单；预算批复表,字段缺失/跨表不一致/偏离阈值/重复异常/时序异常/空间不一致,命中对象、风险等级、证据字段、核查建议,P1,ocr_55_books_deep,E:\2026\审计方法&政策文件\_ocr_output\通用\政府审计学.pdf.md
SUPVV6D-023-R03,audit_rule,generated_rule,SUPVV6D-023,59,C,监督检查与经费舞弊 / 预算执行与财政管理 / 绩效评价,审计证据链抽取,审计证据链抽取异常性规则,按历史均值、同类项目分位数或政策标准识别审计证据链抽取异常偏离。,项目台账；财务收支明细；合同与审批资料；支付凭证；审计发现清单；预算批复表,字段缺失/跨表不一致/偏离阈值/重复异常/时序异常/空间不一致,命中对象、风险等级、证据字段、核查建议,P1,ocr_55_books_deep,E:\2026\审计方法&政策文件\_ocr_output\通用\政府审计学.pdf.md
SUPVV6D-032-R01,audit_rule,generated_rule,SUPVV6D-032,59,C,监督检查与经费舞弊 / 预算执行与财政管理 / 绩效评价,审计证据链抽取,审计证据链抽取完整性规则,检查审计证据链抽取相关台账、凭证、审批和支付数据是否完整，缺失率超过阈值则预警。,项目台账；财务收支明细；合同与审批资料；支付凭证；审计发现清单；预算批复表,字段缺失/跨表不一致/偏离阈值/重复异常/时序异常/空间不一致,命中对象、风险等级、证据字段、核查建议,P1,ocr_55_books_deep,E:\2026\审计方法&政策文件\_ocr_output\通用\政府审计理论与实务.pdf.md
SUPVV6D-032-R02,audit_rule,generated_rule,SUPVV6D-032,59,C,监督检查与经费舞弊 / 预算执行与财政管理 / 绩效评价,审计证据链抽取,审计证据链抽取一致性规则,检查审计证据链抽取在合同、支付、预算、绩效或业务台账之间是否一致。,项目台账；财务收支明细；合同与审批资料；支付凭证；审计发现清单；预算批复表,字段缺失/跨表不一致/偏离阈值/重复异常/时序异常/空间不一致,命中对象、风险等级、证据字段、核查建议,P1,ocr_55_books_deep,E:\2026\审计方法&政策文件\_ocr_output\通用\政府审计理论与实务.pdf.md
SUPVV6D-032-R03,audit_rule,generated_rule,SUPVV6D-032,59,C,监督检查与经费舞弊 / 预算执行与财政管理 / 绩效评价,审计证据链抽取,审计证据链抽取异常性规则,按历史均值、同类项目分位数或政策标准识别审计证据链抽取异常偏离。,项目台账；财务收支明细；合同与审批资料；支付凭证；审计发现清单；预算批复表,字段缺失/跨表不一致/偏离阈值/重复异常/时序异常/空间不一致,命中对象、风险等级、证据字段、核查建议,P1,ocr_55_books_deep,E:\2026\审计方法&政策文件\_ocr_output\通用\政府审计理论与实务.pdf.md
SUPVV6D-019-R01,audit_rule,generated_rule,SUPVV6D-019,69,C,监督检查与经费舞弊 / 预算执行与财政管理 / 绩效评价,审计项目计划管理,审计项目计划管理完整性规则,检查审计项目计划管理相关台账、凭证、审批和支付数据是否完整，缺失率超过阈值则预警。,项目台账；财务收支明细；合同与审批资料；支付凭证；审计发现清单；预算批复表,字段缺失/跨表不一致/偏离阈值/重复异常/时序异常/空间不一致,命中对象、风险等级、证据字段、核查建议,P0,ocr_55_books_deep,E:\2026\审计方法&政策文件\_ocr_output\通用\政府审计学.pdf.md
SUPVV6D-019-R02,audit_rule,generated_rule,SUPVV6D-019,69,C,监督检查与经费舞弊 / 预算执行与财政管理 / 绩效评价,审计项目计划管理,审计项目计划管理一致性规则,检查审计项目计划管理在合同、支付、预算、绩效或业务台账之间是否一致。,项目台账；财务收支明细；合同与审批资料；支付凭证；审计发现清单；预算批复表,字段缺失/跨表不一致/偏离阈值/重复异常/时序异常/空间不一致,命中对象、风险等级、证据字段、核查建议,P0,ocr_55_books_deep,E:\2026\审计方法&政策文件\_ocr_output\通用\政府审计学.pdf.md
SUPVV6D-019-R03,audit_rule,generated_rule,SUPVV6D-019,69,C,监督检查与经费舞弊 / 预算执行与财政管理 / 绩效评价,审计项目计划管理,审计项目计划管理异常性规则,按历史均值、同类项目分位数或政策标准识别审计项目计划管理异常偏离。,项目台账；财务收支明细；合同与审批资料；支付凭证；审计发现清单；预算批复表,字段缺失/跨表不一致/偏离阈值/重复异常/时序异常/空间不一致,命中对象、风险等级、证据字段、核查建议,P0,ocr_55_books_deep,E:\2026\审计方法&政策文件\_ocr_output\通用\政府审计学.pdf.md
SUPVV6D-020-R01,audit_rule,generated_rule,SUPVV6D-020,59,C,监督检查与经费舞弊 / 预算执行与财政管理 / 绩效评价,政府审计业务统计管理,政府审计业务统计管理完整性规则,检查政府审计业务统计管理相关台账、凭证、审批和支付数据是否完整，缺失率超过阈值则预警。,项目台账；财务收支明细；合同与审批资料；支付凭证；审计发现清单；预算批复表,字段缺失/跨表不一致/偏离阈值/重复异常/时序异常/空间不一致,命中对象、风险等级、证据字段、核查建议,P1,ocr_55_books_deep,E:\2026\审计方法&政策文件\_ocr_output\通用\政府审计学.pdf.md
SUPVV6D-020-R02,audit_rule,generated_rule,SUPVV6D-020,59,C,监督检查与经费舞弊 / 预算执行与财政管理 / 绩效评价,政府审计业务统计管理,政府审计业务统计管理一致性规则,检查政府审计业务统计管理在合同、支付、预算、绩效或业务台账之间是否一致。,项目台账；财务收支明细；合同与审批资料；支付凭证；审计发现清单；预算批复表,字段缺失/跨表不一致/偏离阈值/重复异常/时序异常/空间不一致,命中对象、风险等级、证据字段、核查建议,P1,ocr_55_books_deep,E:\2026\审计方法&政策文件\_ocr_output\通用\政府审计学.pdf.md
SUPVV6D-020-R03,audit_rule,generated_rule,SUPVV6D-020,59,C,监督检查与经费舞弊 / 预算执行与财政管理 / 绩效评价,政府审计业务统计管理,政府审计业务统计管理异常性规则,按历史均值、同类项目分位数或政策标准识别政府审计业务统计管理异常偏离。,项目台账；财务收支明细；合同与审批资料；支付凭证；审计发现清单；预算批复表,字段缺失/跨表不一致/偏离阈值/重复异常/时序异常/空间不一致,命中对象、风险等级、证据字段、核查建议,P1,ocr_55_books_deep,E:\2026\审计方法&政策文件\_ocr_output\通用\政府审计学.pdf.md
SUPVV6D-004-R01,audit_rule,generated_rule,SUPVV6D-004,59,C,监督检查与经费舞弊 / 预算执行与财政管理 / 绩效评价,政府审计理论体系的分析框架,政府审计理论体系的分析框架完整性规则,检查政府审计理论体系的分析框架相关台账、凭证、审批和支付数据是否完整，缺失率超过阈值则预警。,项目台账；财务收支明细；合同与审批资料；支付凭证；审计发现清单；绩效指标表,字段缺失/跨表不一致/偏离阈值/重复异常/时序异常/空间不一致,命中对象、风险等级、证据字段、核查建议,P1,ocr_55_books_deep,E:\2026\审计方法&政策文件\_ocr_output\通用\国家治理导向的政府审计.pdf.md
SUPVV6D-004-R02,audit_rule,generated_rule,SUPVV6D-004,59,C,监督检查与经费舞弊 / 预算执行与财政管理 / 绩效评价,政府审计理论体系的分析框架,政府审计理论体系的分析框架一致性规则,检查政府审计理论体系的分析框架在合同、支付、预算、绩效或业务台账之间是否一致。,项目台账；财务收支明细；合同与审批资料；支付凭证；审计发现清单；绩效指标表,字段缺失/跨表不一致/偏离阈值/重复异常/时序异常/空间不一致,命中对象、风险等级、证据字段、核查建议,P1,ocr_55_books_deep,E:\2026\审计方法&政策文件\_ocr_output\通用\国家治理导向的政府审计.pdf.md
SUPVV6D-004-R03,audit_rule,generated_rule,SUPVV6D-004,59,C,监督检查与经费舞弊 / 预算执行与财政管理 / 绩效评价,政府审计理论体系的分析框架,政府审计理论体系的分析框架异常性规则,按历史均值、同类项目分位数或政策标准识别政府审计理论体系的分析框架异常偏离。,项目台账；财务收支明细；合同与审批资料；支付凭证；审计发现清单；绩效指标表,字段缺失/跨表不一致/偏离阈值/重复异常/时序异常/空间不一致,命中对象、风险等级、证据字段、核查建议,P1,ocr_55_books_deep,E:\2026\审计方法&政策文件\_ocr_output\通用\国家治理导向的政府审计.pdf.md
SUPVV6D-001-R01,audit_rule,generated_rule,SUPVV6D-001,69,C,监督检查与经费舞弊 / 预算执行与财政管理 / 绩效评价,政府审计管理的分析框架,政府审计管理的分析框架完整性规则,检查政府审计管理的分析框架相关台账、凭证、审批和支付数据是否完整，缺失率超过阈值则预警。,项目台账；财务收支明细；合同与审批资料；支付凭证；审计发现清单；绩效指标表,字段缺失/跨表不一致/偏离阈值/重复异常/时序异常/空间不一致,命中对象、风险等级、证据字段、核查建议,P0,ocr_55_books_deep,E:\2026\审计方法&政策文件\_ocr_output\通用\国家治理导向的政府审计.pdf.md
SUPVV6D-001-R02,audit_rule,generated_rule,SUPVV6D-001,69,C,监督检查与经费舞弊 / 预算执行与财政管理 / 绩效评价,政府审计管理的分析框架,政府审计管理的分析框架一致性规则,检查政府审计管理的分析框架在合同、支付、预算、绩效或业务台账之间是否一致。,项目台账；财务收支明细；合同与审批资料；支付凭证；审计发现清单；绩效指标表,字段缺失/跨表不一致/偏离阈值/重复异常/时序异常/空间不一致,命中对象、风险等级、证据字段、核查建议,P0,ocr_55_books_deep,E:\2026\审计方法&政策文件\_ocr_output\通用\国家治理导向的政府审计.pdf.md
SUPVV6D-001-R03,audit_rule,generated_rule,SUPVV6D-001,69,C,监督检查与经费舞弊 / 预算执行与财政管理 / 绩效评价,政府审计管理的分析框架,政府审计管理的分析框架异常性规则,按历史均值、同类项目分位数或政策标准识别政府审计管理的分析框架异常偏离。,项目台账；财务收支明细；合同与审批资料；支付凭证；审计发现清单；绩效指标表,字段缺失/跨表不一致/偏离阈值/重复异常/时序异常/空间不一致,命中对象、风险等级、证据字段、核查建议,P0,ocr_55_books_deep,E:\2026\审计方法&政策文件\_ocr_output\通用\国家治理导向的政府审计.pdf.md
SUPVV6D-014-R01,audit_rule,generated_rule,SUPVV6D-014,59,C,监督检查与经费舞弊 / 预算执行与财政管理 / 绩效评价,数据质量检查,数据质量检查完整性规则,检查数据质量检查相关台账、凭证、审批和支付数据是否完整，缺失率超过阈值则预警。,项目台账；财务收支明细；合同与审批资料；支付凭证；审计发现清单；绩效指标表,字段缺失/跨表不一致/偏离阈值/重复异常/时序异常/空间不一致,命中对象、风险等级、证据字段、核查建议,P1,ocr_55_books_deep,E:\2026\审计方法&政策文件\_ocr_output\通用\政府审计.pdf.md
SUPVV6D-014-R02,audit_rule,generated_rule,SUPVV6D-014,59,C,监督检查与经费舞弊 / 预算执行与财政管理 / 绩效评价,数据质量检查,数据质量检查一致性规则,检查数据质量检查在合同、支付、预算、绩效或业务台账之间是否一致。,项目台账；财务收支明细；合同与审批资料；支付凭证；审计发现清单；绩效指标表,字段缺失/跨表不一致/偏离阈值/重复异常/时序异常/空间不一致,命中对象、风险等级、证据字段、核查建议,P1,ocr_55_books_deep,E:\2026\审计方法&政策文件\_ocr_output\通用\政府审计.pdf.md
SUPVV6D-014-R03,audit_rule,generated_rule,SUPVV6D-014,59,C,监督检查与经费舞弊 / 预算执行与财政管理 / 绩效评价,数据质量检查,数据质量检查异常性规则,按历史均值、同类项目分位数或政策标准识别数据质量检查异常偏离。,项目台账；财务收支明细；合同与审批资料；支付凭证；审计发现清单；绩效指标表,字段缺失/跨表不一致/偏离阈值/重复异常/时序异常/空间不一致,命中对象、风险等级、证据字段、核查建议,P1,ocr_55_books_deep,E:\2026\审计方法&政策文件\_ocr_output\通用\政府审计.pdf.md
SUPVV6D-026-R01,audit_rule,generated_rule,SUPVV6D-026,59,C,监督检查与经费舞弊 / 预算执行与财政管理 / 绩效评价,数据质量检查,数据质量检查完整性规则,检查数据质量检查相关台账、凭证、审批和支付数据是否完整，缺失率超过阈值则预警。,项目台账；财务收支明细；合同与审批资料；支付凭证；审计发现清单；预算批复表,字段缺失/跨表不一致/偏离阈值/重复异常/时序异常/空间不一致,命中对象、风险等级、证据字段、核查建议,P1,ocr_55_books_deep,E:\2026\审计方法&政策文件\_ocr_output\通用\政府审计学.pdf.md
SUPVV6D-026-R02,audit_rule,generated_rule,SUPVV6D-026,59,C,监督检查与经费舞弊 / 预算执行与财政管理 / 绩效评价,数据质量检查,数据质量检查一致性规则,检查数据质量检查在合同、支付、预算、绩效或业务台账之间是否一致。,项目台账；财务收支明细；合同与审批资料；支付凭证；审计发现清单；预算批复表,字段缺失/跨表不一致/偏离阈值/重复异常/时序异常/空间不一致,命中对象、风险等级、证据字段、核查建议,P1,ocr_55_books_deep,E:\2026\审计方法&政策文件\_ocr_output\通用\政府审计学.pdf.md
SUPVV6D-026-R03,audit_rule,generated_rule,SUPVV6D-026,59,C,监督检查与经费舞弊 / 预算执行与财政管理 / 绩效评价,数据质量检查,数据质量检查异常性规则,按历史均值、同类项目分位数或政策标准识别数据质量检查异常偏离。,项目台账；财务收支明细；合同与审批资料；支付凭证；审计发现清单；预算批复表,字段缺失/跨表不一致/偏离阈值/重复异常/时序异常/空间不一致,命中对象、风险等级、证据字段、核查建议,P1,ocr_55_books_deep,E:\2026\审计方法&政策文件\_ocr_output\通用\政府审计学.pdf.md
SUPVV6D-035-R01,audit_rule,generated_rule,SUPVV6D-035,59,C,监督检查与经费舞弊 / 预算执行与财政管理 / 绩效评价,数据质量检查,数据质量检查完整性规则,检查数据质量检查相关台账、凭证、审批和支付数据是否完整，缺失率超过阈值则预警。,项目台账；财务收支明细；合同与审批资料；支付凭证；审计发现清单；预算批复表,字段缺失/跨表不一致/偏离阈值/重复异常/时序异常/空间不一致,命中对象、风险等级、证据字段、核查建议,P1,ocr_55_books_deep,E:\2026\审计方法&政策文件\_ocr_output\通用\政府审计理论与实务.pdf.md
SUPVV6D-035-R02,audit_rule,generated_rule,SUPVV6D-035,59,C,监督检查与经费舞弊 / 预算执行与财政管理 / 绩效评价,数据质量检查,数据质量检查一致性规则,检查数据质量检查在合同、支付、预算、绩效或业务台账之间是否一致。,项目台账；财务收支明细；合同与审批资料；支付凭证；审计发现清单；预算批复表,字段缺失/跨表不一致/偏离阈值/重复异常/时序异常/空间不一致,命中对象、风险等级、证据字段、核查建议,P1,ocr_55_books_deep,E:\2026\审计方法&政策文件\_ocr_output\通用\政府审计理论与实务.pdf.md
SUPVV6D-035-R03,audit_rule,generated_rule,SUPVV6D-035,59,C,监督检查与经费舞弊 / 预算执行与财政管理 / 绩效评价,数据质量检查,数据质量检查异常性规则,按历史均值、同类项目分位数或政策标准识别数据质量检查异常偏离。,项目台账；财务收支明细；合同与审批资料；支付凭证；审计发现清单；预算批复表,字段缺失/跨表不一致/偏离阈值/重复异常/时序异常/空间不一致,命中对象、风险等级、证据字段、核查建议,P1,ocr_55_books_deep,E:\2026\审计方法&政策文件\_ocr_output\通用\政府审计理论与实务.pdf.md
SUPVV6D-006-R01,audit_rule,generated_rule,SUPVV6D-006,59,C,监督检查与经费舞弊 / 预算执行与财政管理 / 绩效评价,治理导向下的政府审计管理·,治理导向下的政府审计管理·完整性规则,检查治理导向下的政府审计管理·相关台账、凭证、审批和支付数据是否完整，缺失率超过阈值则预警。,项目台账；财务收支明细；合同与审批资料；支付凭证；审计发现清单；绩效指标表,字段缺失/跨表不一致/偏离阈值/重复异常/时序异常/空间不一致,命中对象、风险等级、证据字段、核查建议,P1,ocr_55_books_deep,E:\2026\审计方法&政策文件\_ocr_output\通用\国家治理导向的政府审计.pdf.md
SUPVV6D-006-R02,audit_rule,generated_rule,SUPVV6D-006,59,C,监督检查与经费舞弊 / 预算执行与财政管理 / 绩效评价,治理导向下的政府审计管理·,治理导向下的政府审计管理·一致性规则,检查治理导向下的政府审计管理·在合同、支付、预算、绩效或业务台账之间是否一致。,项目台账；财务收支明细；合同与审批资料；支付凭证；审计发现清单；绩效指标表,字段缺失/跨表不一致/偏离阈值/重复异常/时序异常/空间不一致,命中对象、风险等级、证据字段、核查建议,P1,ocr_55_books_deep,E:\2026\审计方法&政策文件\_ocr_output\通用\国家治理导向的政府审计.pdf.md
SUPVV6D-006-R03,audit_rule,generated_rule,SUPVV6D-006,59,C,监督检查与经费舞弊 / 预算执行与财政管理 / 绩效评价,治理导向下的政府审计管理·,治理导向下的政府审计管理·异常性规则,按历史均值、同类项目分位数或政策标准识别治理导向下的政府审计管理·异常偏离。,项目台账；财务收支明细；合同与审批资料；支付凭证；审计发现清单；绩效指标表,字段缺失/跨表不一致/偏离阈值/重复异常/时序异常/空间不一致,命中对象、风险等级、证据字段、核查建议,P1,ocr_55_books_deep,E:\2026\审计方法&政策文件\_ocr_output\通用\国家治理导向的政府审计.pdf.md
SUPVV6D-007-R01,audit_rule,generated_rule,SUPVV6D-007,59,C,监督检查与经费舞弊 / 预算执行与财政管理 / 绩效评价,治理导向下的政府审计质量管理,治理导向下的政府审计质量管理完整性规则,检查治理导向下的政府审计质量管理相关台账、凭证、审批和支付数据是否完整，缺失率超过阈值则预警。,项目台账；财务收支明细；合同与审批资料；支付凭证；审计发现清单；绩效指标表,字段缺失/跨表不一致/偏离阈值/重复异常/时序异常/空间不一致,命中对象、风险等级、证据字段、核查建议,P1,ocr_55_books_deep,E:\2026\审计方法&政策文件\_ocr_output\通用\国家治理导向的政府审计.pdf.md
SUPVV6D-007-R02,audit_rule,generated_rule,SUPVV6D-007,59,C,监督检查与经费舞弊 / 预算执行与财政管理 / 绩效评价,治理导向下的政府审计质量管理,治理导向下的政府审计质量管理一致性规则,检查治理导向下的政府审计质量管理在合同、支付、预算、绩效或业务台账之间是否一致。,项目台账；财务收支明细；合同与审批资料；支付凭证；审计发现清单；绩效指标表,字段缺失/跨表不一致/偏离阈值/重复异常/时序异常/空间不一致,命中对象、风险等级、证据字段、核查建议,P1,ocr_55_books_deep,E:\2026\审计方法&政策文件\_ocr_output\通用\国家治理导向的政府审计.pdf.md
SUPVV6D-007-R03,audit_rule,generated_rule,SUPVV6D-007,59,C,监督检查与经费舞弊 / 预算执行与财政管理 / 绩效评价,治理导向下的政府审计质量管理,治理导向下的政府审计质量管理异常性规则,按历史均值、同类项目分位数或政策标准识别治理导向下的政府审计质量管理异常偏离。,项目台账；财务收支明细；合同与审批资料；支付凭证；审计发现清单；绩效指标表,字段缺失/跨表不一致/偏离阈值/重复异常/时序异常/空间不一致,命中对象、风险等级、证据字段、核查建议,P1,ocr_55_books_deep,E:\2026\审计方法&政策文件\_ocr_output\通用\国家治理导向的政府审计.pdf.md
SUPVV6D-002-R01,audit_rule,generated_rule,SUPVV6D-002,59,C,监督检查与经费舞弊 / 预算执行与财政管理 / 绩效评价,治理导向下的政府审计风险管理,治理导向下的政府审计风险管理完整性规则,检查治理导向下的政府审计风险管理相关台账、凭证、审批和支付数据是否完整，缺失率超过阈值则预警。,项目台账；财务收支明细；合同与审批资料；支付凭证；审计发现清单；绩效指标表,字段缺失/跨表不一致/偏离阈值/重复异常/时序异常/空间不一致,命中对象、风险等级、证据字段、核查建议,P1,ocr_55_books_deep,E:\2026\审计方法&政策文件\_ocr_output\通用\国家治理导向的政府审计.pdf.md
SUPVV6D-002-R02,audit_rule,generated_rule,SUPVV6D-002,59,C,监督检查与经费舞弊 / 预算执行与财政管理 / 绩效评价,治理导向下的政府审计风险管理,治理导向下的政府审计风险管理一致性规则,检查治理导向下的政府审计风险管理在合同、支付、预算、绩效或业务台账之间是否一致。,项目台账；财务收支明细；合同与审批资料；支付凭证；审计发现清单；绩效指标表,字段缺失/跨表不一致/偏离阈值/重复异常/时序异常/空间不一致,命中对象、风险等级、证据字段、核查建议,P1,ocr_55_books_deep,E:\2026\审计方法&政策文件\_ocr_output\通用\国家治理导向的政府审计.pdf.md
SUPVV6D-002-R03,audit_rule,generated_rule,SUPVV6D-002,59,C,监督检查与经费舞弊 / 预算执行与财政管理 / 绩效评价,治理导向下的政府审计风险管理,治理导向下的政府审计风险管理异常性规则,按历史均值、同类项目分位数或政策标准识别治理导向下的政府审计风险管理异常偏离。,项目台账；财务收支明细；合同与审批资料；支付凭证；审计发现清单；绩效指标表,字段缺失/跨表不一致/偏离阈值/重复异常/时序异常/空间不一致,命中对象、风险等级、证据字段、核查建议,P1,ocr_55_books_deep,E:\2026\审计方法&政策文件\_ocr_output\通用\国家治理导向的政府审计.pdf.md
SUPVV6D-005-R01,audit_rule,generated_rule,SUPVV6D-005,59,C,监督检查与经费舞弊 / 预算执行与财政管理 / 绩效评价,治理导向下的政府绩效审计·,治理导向下的政府绩效审计·完整性规则,检查治理导向下的政府绩效审计·相关台账、凭证、审批和支付数据是否完整，缺失率超过阈值则预警。,项目台账；财务收支明细；合同与审批资料；支付凭证；审计发现清单；绩效指标表,字段缺失/跨表不一致/偏离阈值/重复异常/时序异常/空间不一致,命中对象、风险等级、证据字段、核查建议,P1,ocr_55_books_deep,E:\2026\审计方法&政策文件\_ocr_output\通用\国家治理导向的政府审计.pdf.md
SUPVV6D-005-R02,audit_rule,generated_rule,SUPVV6D-005,59,C,监督检查与经费舞弊 / 预算执行与财政管理 / 绩效评价,治理导向下的政府绩效审计·,治理导向下的政府绩效审计·一致性规则,检查治理导向下的政府绩效审计·在合同、支付、预算、绩效或业务台账之间是否一致。,项目台账；财务收支明细；合同与审批资料；支付凭证；审计发现清单；绩效指标表,字段缺失/跨表不一致/偏离阈值/重复异常/时序异常/空间不一致,命中对象、风险等级、证据字段、核查建议,P1,ocr_55_books_deep,E:\2026\审计方法&政策文件\_ocr_output\通用\国家治理导向的政府审计.pdf.md
SUPVV6D-005-R03,audit_rule,generated_rule,SUPVV6D-005,59,C,监督检查与经费舞弊 / 预算执行与财政管理 / 绩效评价,治理导向下的政府绩效审计·,治理导向下的政府绩效审计·异常性规则,按历史均值、同类项目分位数或政策标准识别治理导向下的政府绩效审计·异常偏离。,项目台账；财务收支明细；合同与审批资料；支付凭证；审计发现清单；绩效指标表,字段缺失/跨表不一致/偏离阈值/重复异常/时序异常/空间不一致,命中对象、风险等级、证据字段、核查建议,P1,ocr_55_books_deep,E:\2026\审计方法&政策文件\_ocr_output\通用\国家治理导向的政府审计.pdf.md
SUPVV6D-017-R01,audit_rule,generated_rule,SUPVV6D-017,59,C,监督检查与经费舞弊 / 预算执行与财政管理 / 绩效评价,法规依据匹配,法规依据匹配完整性规则,检查法规依据匹配相关台账、凭证、审批和支付数据是否完整，缺失率超过阈值则预警。,项目台账；财务收支明细；合同与审批资料；支付凭证；审计发现清单；绩效指标表,字段缺失/跨表不一致/偏离阈值/重复异常/时序异常/空间不一致,命中对象、风险等级、证据字段、核查建议,P1,ocr_55_books_deep,E:\2026\审计方法&政策文件\_ocr_output\通用\政府审计.pdf.md
SUPVV6D-017-R02,audit_rule,generated_rule,SUPVV6D-017,59,C,监督检查与经费舞弊 / 预算执行与财政管理 / 绩效评价,法规依据匹配,法规依据匹配一致性规则,检查法规依据匹配在合同、支付、预算、绩效或业务台账之间是否一致。,项目台账；财务收支明细；合同与审批资料；支付凭证；审计发现清单；绩效指标表,字段缺失/跨表不一致/偏离阈值/重复异常/时序异常/空间不一致,命中对象、风险等级、证据字段、核查建议,P1,ocr_55_books_deep,E:\2026\审计方法&政策文件\_ocr_output\通用\政府审计.pdf.md
SUPVV6D-017-R03,audit_rule,generated_rule,SUPVV6D-017,59,C,监督检查与经费舞弊 / 预算执行与财政管理 / 绩效评价,法规依据匹配,法规依据匹配异常性规则,按历史均值、同类项目分位数或政策标准识别法规依据匹配异常偏离。,项目台账；财务收支明细；合同与审批资料；支付凭证；审计发现清单；绩效指标表,字段缺失/跨表不一致/偏离阈值/重复异常/时序异常/空间不一致,命中对象、风险等级、证据字段、核查建议,P1,ocr_55_books_deep,E:\2026\审计方法&政策文件\_ocr_output\通用\政府审计.pdf.md
SUPVV6D-031-R01,audit_rule,generated_rule,SUPVV6D-031,59,C,监督检查与经费舞弊 / 预算执行与财政管理 / 绩效评价,税务部门税收征收管理情况审计,税务部门税收征收管理情况审计完整性规则,检查税务部门税收征收管理情况审计相关台账、凭证、审批和支付数据是否完整，缺失率超过阈值则预警。,项目台账；财务收支明细；合同与审批资料；支付凭证；审计发现清单；预算批复表,字段缺失/跨表不一致/偏离阈值/重复异常/时序异常/空间不一致,命中对象、风险等级、证据字段、核查建议,P1,ocr_55_books_deep,E:\2026\审计方法&政策文件\_ocr_output\通用\政府审计理论与实务.pdf.md
SUPVV6D-031-R02,audit_rule,generated_rule,SUPVV6D-031,59,C,监督检查与经费舞弊 / 预算执行与财政管理 / 绩效评价,税务部门税收征收管理情况审计,税务部门税收征收管理情况审计一致性规则,检查税务部门税收征收管理情况审计在合同、支付、预算、绩效或业务台账之间是否一致。,项目台账；财务收支明细；合同与审批资料；支付凭证；审计发现清单；预算批复表,字段缺失/跨表不一致/偏离阈值/重复异常/时序异常/空间不一致,命中对象、风险等级、证据字段、核查建议,P1,ocr_55_books_deep,E:\2026\审计方法&政策文件\_ocr_output\通用\政府审计理论与实务.pdf.md
SUPVV6D-031-R03,audit_rule,generated_rule,SUPVV6D-031,59,C,监督检查与经费舞弊 / 预算执行与财政管理 / 绩效评价,税务部门税收征收管理情况审计,税务部门税收征收管理情况审计异常性规则,按历史均值、同类项目分位数或政策标准识别税务部门税收征收管理情况审计异常偏离。,项目台账；财务收支明细；合同与审批资料；支付凭证；审计发现清单；预算批复表,字段缺失/跨表不一致/偏离阈值/重复异常/时序异常/空间不一致,命中对象、风险等级、证据字段、核查建议,P1,ocr_55_books_deep,E:\2026\审计方法&政策文件\_ocr_output\通用\政府审计理论与实务.pdf.md
SUPVV6D-018-R01,audit_rule,generated_rule,SUPVV6D-018,59,C,监督检查与经费舞弊 / 预算执行与财政管理 / 绩效评价,风险画像预警,风险画像预警完整性规则,检查风险画像预警相关台账、凭证、审批和支付数据是否完整，缺失率超过阈值则预警。,项目台账；财务收支明细；合同与审批资料；支付凭证；审计发现清单；绩效指标表,字段缺失/跨表不一致/偏离阈值/重复异常/时序异常/空间不一致,命中对象、风险等级、证据字段、核查建议,P1,ocr_55_books_deep,E:\2026\审计方法&政策文件\_ocr_output\通用\政府审计.pdf.md
SUPVV6D-018-R02,audit_rule,generated_rule,SUPVV6D-018,59,C,监督检查与经费舞弊 / 预算执行与财政管理 / 绩效评价,风险画像预警,风险画像预警一致性规则,检查风险画像预警在合同、支付、预算、绩效或业务台账之间是否一致。,项目台账；财务收支明细；合同与审批资料；支付凭证；审计发现清单；绩效指标表,字段缺失/跨表不一致/偏离阈值/重复异常/时序异常/空间不一致,命中对象、风险等级、证据字段、核查建议,P1,ocr_55_books_deep,E:\2026\审计方法&政策文件\_ocr_output\通用\政府审计.pdf.md
SUPVV6D-018-R03,audit_rule,generated_rule,SUPVV6D-018,59,C,监督检查与经费舞弊 / 预算执行与财政管理 / 绩效评价,风险画像预警,风险画像预警异常性规则,按历史均值、同类项目分位数或政策标准识别风险画像预警异常偏离。,项目台账；财务收支明细；合同与审批资料；支付凭证；审计发现清单；绩效指标表,字段缺失/跨表不一致/偏离阈值/重复异常/时序异常/空间不一致,命中对象、风险等级、证据字段、核查建议,P1,ocr_55_books_deep,E:\2026\审计方法&政策文件\_ocr_output\通用\政府审计.pdf.md
MAGTAX-0001-R01,audit_rule,generated_rule,MAGTAX-0001,53,D,税务审计,四川省财政厅关于优化资产评估机构备案管理工作的通知,四川省财政厅关于优化资产评估机构备案管理工作的通知R01规则,按案例主题识别同类事项中的风险特征并生成疑点。,文章案例文本；审计事项清单；问题线索台账；审计证据资料；预算指标表；财政支出明细,风险词命中/数据缺失/证据不一致/指标偏离/流程缺陷,命中对象、风险等级、证据资料、核查建议,P1,magazine_435_articles,D:\openclaw-workspace\knowledge\11-杂志文献\四川注册会计师\003.四川省财政厅关于优化资产评估机构备案管理工作的通知.md
MAGTAX-0001-R02,audit_rule,generated_rule,MAGTAX-0001,53,D,税务审计,四川省财政厅关于优化资产评估机构备案管理工作的通知,四川省财政厅关于优化资产评估机构备案管理工作的通知R02规则,核查案例涉及的数据、证据和整改链条是否完整一致。,文章案例文本；审计事项清单；问题线索台账；审计证据资料；预算指标表；财政支出明细,风险词命中/数据缺失/证据不一致/指标偏离/流程缺陷,命中对象、风险等级、证据资料、核查建议,P1,magazine_435_articles,D:\openclaw-workspace\knowledge\11-杂志文献\四川注册会计师\003.四川省财政厅关于优化资产评估机构备案管理工作的通知.md
MAGTAX-0005-R01,audit_rule,generated_rule,MAGTAX-0005,53,D,税务审计 / 预算执行与财政管理 / 财政与政府债务,003适应新时代财政治理需要扎实推进监管局内控工作,003适应新时代财政治理需要扎实推进监管局内控工作R01规则,按案例主题识别同类事项中的风险特征并生成疑点。,文章案例文本；审计事项清单；问题线索台账；审计证据资料；预算指标表；财政支出明细,风险词命中/数据缺失/证据不一致/指标偏离/流程缺陷,命中对象、风险等级、证据资料、核查建议,P1,magazine_435_articles,D:\openclaw-workspace\knowledge\11-杂志文献\财政监督\003适应新时代财政治理需要扎实推进监管局内控工作.md
MAGTAX-0005-R02,audit_rule,generated_rule,MAGTAX-0005,53,D,税务审计 / 预算执行与财政管理 / 财政与政府债务,003适应新时代财政治理需要扎实推进监管局内控工作,003适应新时代财政治理需要扎实推进监管局内控工作R02规则,核查案例涉及的数据、证据和整改链条是否完整一致。,文章案例文本；审计事项清单；问题线索台账；审计证据资料；预算指标表；财政支出明细,风险词命中/数据缺失/证据不一致/指标偏离/流程缺陷,命中对象、风险等级、证据资料、核查建议,P1,magazine_435_articles,D:\openclaw-workspace\knowledge\11-杂志文献\财政监督\003适应新时代财政治理需要扎实推进监管局内控工作.md
MAGTAX-0007-R01,audit_rule,generated_rule,MAGTAX-0007,63,C,税务审计 / 预算执行与财政管理 / 财政与政府债务,008构建“三全”预算绩效管理体系做实财政运行综合绩效评价,008构建“三全”预算绩效管理体系做实财政运行综合绩效评价R01规则,按案例主题识别同类事项中的风险特征并生成疑点。,文章案例文本；审计事项清单；问题线索台账；审计证据资料；预算指标表；财政支出明细,风险词命中/数据缺失/证据不一致/指标偏离/流程缺陷,命中对象、风险等级、证据资料、核查建议,P0,magazine_435_articles,D:\openclaw-workspace\knowledge\11-杂志文献\财政监督\008构建“三全”预算绩效管理体系做实财政运行综 合绩效评价.md
MAGTAX-0007-R02,audit_rule,generated_rule,MAGTAX-0007,63,C,税务审计 / 预算执行与财政管理 / 财政与政府债务,008构建“三全”预算绩效管理体系做实财政运行综合绩效评价,008构建“三全”预算绩效管理体系做实财政运行综合绩效评价R02规则,核查案例涉及的数据、证据和整改链条是否完整一致。,文章案例文本；审计事项清单；问题线索台账；审计证据资料；预算指标表；财政支出明细,风险词命中/数据缺失/证据不一致/指标偏离/流程缺陷,命中对象、风险等级、证据资料、核查建议,P0,magazine_435_articles,D:\openclaw-workspace\knowledge\11-杂志文献\财政监督\008构建“三全”预算绩效管理体系做实财政运行综 合绩效评价.md
MAGTAX-0008-R01,audit_rule,generated_rule,MAGTAX-0008,53,D,税务审计 / 预算执行与财政管理 / 财政与政府债务,013巩固深化主题教育成果推动财政监管工作走深走实,013巩固深化主题教育成果推动财政监管工作走深走实R01规则,按案例主题识别同类事项中的风险特征并生成疑点。,文章案例文本；审计事项清单；问题线索台账；审计证据资料；预算指标表；财政支出明细,风险词命中/数据缺失/证据不一致/指标偏离/流程缺陷,命中对象、风险等级、证据资料、核查建议,P1,magazine_435_articles,D:\openclaw-workspace\knowledge\11-杂志文献\财政监督\013巩固深化主题教育成果推动财政监管工作走深走实.md
MAGTAX-0008-R02,audit_rule,generated_rule,MAGTAX-0008,53,D,税务审计 / 预算执行与财政管理 / 财政与政府债务,013巩固深化主题教育成果推动财政监管工作走深走实,013巩固深化主题教育成果推动财政监管工作走深走实R02规则,核查案例涉及的数据、证据和整改链条是否完整一致。,文章案例文本；审计事项清单；问题线索台账；审计证据资料；预算指标表；财政支出明细,风险词命中/数据缺失/证据不一致/指标偏离/流程缺陷,命中对象、风险等级、证据资料、核查建议,P1,magazine_435_articles,D:\openclaw-workspace\knowledge\11-杂志文献\财政监督\013巩固深化主题教育成果推动财政监管工作走深走实.md
MAGTAX-0009-R01,audit_rule,generated_rule,MAGTAX-0009,53,D,税务审计 / 预算执行与财政管理 / 财政与政府债务,016基于预算管理一体化的内控信息化路径探索,016基于预算管理一体化的内控信息化路径探索R01规则,按案例主题识别同类事项中的风险特征并生成疑点。,文章案例文本；审计事项清单；问题线索台账；审计证据资料；预算指标表；财政支出明细,风险词命中/数据缺失/证据不一致/指标偏离/流程缺陷,命中对象、风险等级、证据资料、核查建议,P1,magazine_435_articles,D:\openclaw-workspace\knowledge\11-杂志文献\财政监督\016基于预算管理一体化的内控信息化路径探索.md
MAGTAX-0009-R02,audit_rule,generated_rule,MAGTAX-0009,53,D,税务审计 / 预算执行与财政管理 / 财政与政府债务,016基于预算管理一体化的内控信息化路径探索,016基于预算管理一体化的内控信息化路径探索R02规则,核查案例涉及的数据、证据和整改链条是否完整一致。,文章案例文本；审计事项清单；问题线索台账；审计证据资料；预算指标表；财政支出明细,风险词命中/数据缺失/证据不一致/指标偏离/流程缺陷,命中对象、风险等级、证据资料、核查建议,P1,magazine_435_articles,D:\openclaw-workspace\knowledge\11-杂志文献\财政监督\016基于预算管理一体化的内控信息化路径探索.md
MAGTAX-0010-R01,audit_rule,generated_rule,MAGTAX-0010,63,C,税务审计 / 预算执行与财政管理 / 财政与政府债务,020企业构建世界一流财务管理体系的实践探索,020企业构建世界一流财务管理体系的实践探索R01规则,按案例主题识别同类事项中的风险特征并生成疑点。,文章案例文本；审计事项清单；问题线索台账；审计证据资料；预算指标表；财政支出明细,风险词命中/数据缺失/证据不一致/指标偏离/流程缺陷,命中对象、风险等级、证据资料、核查建议,P0,magazine_435_articles,D:\openclaw-workspace\knowledge\11-杂志文献\财政监督\020企业构建世界一流财务管理体系的实践探索.md
MAGTAX-0010-R02,audit_rule,generated_rule,MAGTAX-0010,63,C,税务审计 / 预算执行与财政管理 / 财政与政府债务,020企业构建世界一流财务管理体系的实践探索,020企业构建世界一流财务管理体系的实践探索R02规则,核查案例涉及的数据、证据和整改链条是否完整一致。,文章案例文本；审计事项清单；问题线索台账；审计证据资料；预算指标表；财政支出明细,风险词命中/数据缺失/证据不一致/指标偏离/流程缺陷,命中对象、风险等级、证据资料、核查建议,P0,magazine_435_articles,D:\openclaw-workspace\knowledge\11-杂志文献\财政监督\020企业构建世界一流财务管理体系的实践探索.md
MAGTAX-0011-R01,audit_rule,generated_rule,MAGTAX-0011,63,C,税务审计 / 预算执行与财政管理 / 财政与政府债务,021基于平衡记分卡的Z烟草工业企业综合绩效管理体系构建,021基于平衡记分卡的Z烟草工业企业综合绩效管理体系构建R01规则,按案例主题识别同类事项中的风险特征并生成疑点。,文章案例文本；审计事项清单；问题线索台账；审计证据资料；预算指标表；财政支出明细,风险词命中/数据缺失/证据不一致/指标偏离/流程缺陷,命中对象、风险等级、证据资料、核查建议,P0,magazine_435_articles,D:\openclaw-workspace\knowledge\11-杂志文献\财政监督\021基于平衡记分卡的Z 烟草工业企业综合绩效管理体系构建.md
MAGTAX-0011-R02,audit_rule,generated_rule,MAGTAX-0011,63,C,税务审计 / 预算执行与财政管理 / 财政与政府债务,021基于平衡记分卡的Z烟草工业企业综合绩效管理体系构建,021基于平衡记分卡的Z烟草工业企业综合绩效管理体系构建R02规则,核查案例涉及的数据、证据和整改链条是否完整一致。,文章案例文本；审计事项清单；问题线索台账；审计证据资料；预算指标表；财政支出明细,风险词命中/数据缺失/证据不一致/指标偏离/流程缺陷,命中对象、风险等级、证据资料、核查建议,P0,magazine_435_articles,D:\openclaw-workspace\knowledge\11-杂志文献\财政监督\021基于平衡记分卡的Z 烟草工业企业综合绩效管理体系构建.md
MAGTAX-0030-R01,audit_rule,generated_rule,MAGTAX-0030,53,D,税务审计 / 预算执行与财政管理 / 财政与政府债务,“大数据”背景下提升税式支出管理水平的研究,“大数据”背景下提升税式支出管理水平的研究R01规则,按案例主题识别同类事项中的风险特征并生成疑点。,文章案例文本；审计事项清单；问题线索台账；审计证据资料；预算指标表；财政支出明细,风险词命中/数据缺失/证据不一致/指标偏离/流程缺陷,命中对象、风险等级、证据资料、核查建议,P1,magazine_435_articles,D:\openclaw-workspace\knowledge\11-杂志文献\财政监督\21.“大数据”背景下提升税式支出管理水平的研究.md
MAGTAX-0030-R02,audit_rule,generated_rule,MAGTAX-0030,53,D,税务审计 / 预算执行与财政管理 / 财政与政府债务,“大数据”背景下提升税式支出管理水平的研究,“大数据”背景下提升税式支出管理水平的研究R02规则,核查案例涉及的数据、证据和整改链条是否完整一致。,文章案例文本；审计事项清单；问题线索台账；审计证据资料；预算指标表；财政支出明细,风险词命中/数据缺失/证据不一致/指标偏离/流程缺陷,命中对象、风险等级、证据资料、核查建议,P1,magazine_435_articles,D:\openclaw-workspace\knowledge\11-杂志文献\财政监督\21.“大数据”背景下提升税式支出管理水平的研究.md
MAGTAX-0038-R01,audit_rule,generated_rule,MAGTAX-0038,53,D,税务审计 / 预算执行与财政管理 / 财政与政府债务,世界一流财务管理体系建设助力企业高质量发展,世界一流财务管理体系建设助力企业高质量发展R01规则,按案例主题识别同类事项中的风险特征并生成疑点。,文章案例文本；审计事项清单；问题线索台账；审计证据资料；预算指标表；财政支出明细,风险词命中/数据缺失/证据不一致/指标偏离/流程缺陷,命中对象、风险等级、证据资料、核查建议,P1,magazine_435_articles,D:\openclaw-workspace\knowledge\11-杂志文献\财政监督\7.世界一流财务管理体系建设助力企业高 质量发展.md
MAGTAX-0038-R02,audit_rule,generated_rule,MAGTAX-0038,53,D,税务审计 / 预算执行与财政管理 / 财政与政府债务,世界一流财务管理体系建设助力企业高质量发展,世界一流财务管理体系建设助力企业高质量发展R02规则,核查案例涉及的数据、证据和整改链条是否完整一致。,文章案例文本；审计事项清单；问题线索台账；审计证据资料；预算指标表；财政支出明细,风险词命中/数据缺失/证据不一致/指标偏离/流程缺陷,命中对象、风险等级、证据资料、核查建议,P1,magazine_435_articles,D:\openclaw-workspace\knowledge\11-杂志文献\财政监督\7.世界一流财务管理体系建设助力企业高 质量发展.md
MAGTAX-0014-R01,audit_rule,generated_rule,MAGTAX-0014,53,D,税务审计 / 预算执行与财政管理 / 财政与政府债务,个人所得税促进科技创新：作用路径与政策优化,个人所得税促进科技创新：作用路径与政策优化R01规则,按案例主题识别同类事项中的风险特征并生成疑点。,文章案例文本；审计事项清单；问题线索台账；审计证据资料；预算指标表；财政支出明细,风险词命中/数据缺失/证据不一致/指标偏离/流程缺陷,命中对象、风险等级、证据资料、核查建议,P1,magazine_435_articles,D:\openclaw-workspace\knowledge\11-杂志文献\财政监督\12.个人所得税促进科技创新：作用路径与政策优化.md
MAGTAX-0014-R02,audit_rule,generated_rule,MAGTAX-0014,53,D,税务审计 / 预算执行与财政管理 / 财政与政府债务,个人所得税促进科技创新：作用路径与政策优化,个人所得税促进科技创新：作用路径与政策优化R02规则,核查案例涉及的数据、证据和整改链条是否完整一致。,文章案例文本；审计事项清单；问题线索台账；审计证据资料；预算指标表；财政支出明细,风险词命中/数据缺失/证据不一致/指标偏离/流程缺陷,命中对象、风险等级、证据资料、核查建议,P1,magazine_435_articles,D:\openclaw-workspace\knowledge\11-杂志文献\财政监督\12.个人所得税促进科技创新：作用路径与政策优化.md
MAGTAX-0035-R01,audit_rule,generated_rule,MAGTAX-0035,53,D,税务审计 / 预算执行与财政管理 / 财政与政府债务,中国增值税制度的演进和展望(上),中国增值税制度的演进和展望(上)R01规则,按案例主题识别同类事项中的风险特征并生成疑点。,文章案例文本；审计事项清单；问题线索台账；审计证据资料；预算指标表；财政支出明细,风险词命中/数据缺失/证据不一致/指标偏离/流程缺陷,命中对象、风险等级、证据资料、核查建议,P1,magazine_435_articles,D:\openclaw-workspace\knowledge\11-杂志文献\财政监督\5.中国增值税制度的演进和展望(上).md
MAGTAX-0035-R02,audit_rule,generated_rule,MAGTAX-0035,53,D,税务审计 / 预算执行与财政管理 / 财政与政府债务,中国增值税制度的演进和展望(上),中国增值税制度的演进和展望(上)R02规则,核查案例涉及的数据、证据和整改链条是否完整一致。,文章案例文本；审计事项清单；问题线索台账；审计证据资料；预算指标表；财政支出明细,风险词命中/数据缺失/证据不一致/指标偏离/流程缺陷,命中对象、风险等级、证据资料、核查建议,P1,magazine_435_articles,D:\openclaw-workspace\knowledge\11-杂志文献\财政监督\5.中国增值税制度的演进和展望(上).md
MAGTAX-0015-R01,audit_rule,generated_rule,MAGTAX-0015,63,C,税务审计 / 预算执行与财政管理 / 财政与政府债务,产业扶持政策绩效评价难点及对策探析,产业扶持政策绩效评价难点及对策探析R01规则,按案例主题识别同类事项中的风险特征并生成疑点。,文章案例文本；审计事项清单；问题线索台账；审计证据资料；预算指标表；财政支出明细,风险词命中/数据缺失/证据不一致/指标偏离/流程缺陷,命中对象、风险等级、证据资料、核查建议,P0,magazine_435_articles,D:\openclaw-workspace\knowledge\11-杂志文献\财政监督\12.产业扶持政策绩效评价难点及对策探析.md
MAGTAX-0015-R02,audit_rule,generated_rule,MAGTAX-0015,63,C,税务审计 / 预算执行与财政管理 / 财政与政府债务,产业扶持政策绩效评价难点及对策探析,产业扶持政策绩效评价难点及对策探析R02规则,核查案例涉及的数据、证据和整改链条是否完整一致。,文章案例文本；审计事项清单；问题线索台账；审计证据资料；预算指标表；财政支出明细,风险词命中/数据缺失/证据不一致/指标偏离/流程缺陷,命中对象、风险等级、证据资料、核查建议,P0,magazine_435_articles,D:\openclaw-workspace\knowledge\11-杂志文献\财政监督\12.产业扶持政策绩效评价难点及对策探析.md
MAGTAX-0036-R01,audit_rule,generated_rule,MAGTAX-0036,63,C,税务审计 / 预算执行与财政管理 / 财政与政府债务,以内控信息化加快推进财政数字化改革的探索,以内控信息化加快推进财政数字化改革的探索R01规则,按案例主题识别同类事项中的风险特征并生成疑点。,文章案例文本；审计事项清单；问题线索台账；审计证据资料；预算指标表；财政支出明细,风险词命中/数据缺失/证据不一致/指标偏离/流程缺陷,命中对象、风险等级、证据资料、核查建议,P0,magazine_435_articles,D:\openclaw-workspace\knowledge\11-杂志文献\财政监督\5.以内控信息化加快推进财政数字化改革的探索.md
MAGTAX-0036-R02,audit_rule,generated_rule,MAGTAX-0036,63,C,税务审计 / 预算执行与财政管理 / 财政与政府债务,以内控信息化加快推进财政数字化改革的探索,以内控信息化加快推进财政数字化改革的探索R02规则,核查案例涉及的数据、证据和整改链条是否完整一致。,文章案例文本；审计事项清单；问题线索台账；审计证据资料；预算指标表；财政支出明细,风险词命中/数据缺失/证据不一致/指标偏离/流程缺陷,命中对象、风险等级、证据资料、核查建议,P0,magazine_435_articles,D:\openclaw-workspace\knowledge\11-杂志文献\财政监督\5.以内控信息化加快推进财政数字化改革的探索.md
MAGTAX-0039-R01,audit_rule,generated_rule,MAGTAX-0039,53,D,税务审计 / 预算执行与财政管理 / 财政与政府债务,准确把握财会监督定位持续发挥基础支撑功能,准确把握财会监督定位持续发挥基础支撑功能R01规则,按案例主题识别同类事项中的风险特征并生成疑点。,文章案例文本；审计事项清单；问题线索台账；审计证据资料；预算指标表；财政支出明细,风险词命中/数据缺失/证据不一致/指标偏离/流程缺陷,命中对象、风险等级、证据资料、核查建议,P1,magazine_435_articles,D:\openclaw-workspace\knowledge\11-杂志文献\财政监督\8.准确把握财会监督定位持续发挥基础支撑功能.md
MAGTAX-0039-R02,audit_rule,generated_rule,MAGTAX-0039,53,D,税务审计 / 预算执行与财政管理 / 财政与政府债务,准确把握财会监督定位持续发挥基础支撑功能,准确把握财会监督定位持续发挥基础支撑功能R02规则,核查案例涉及的数据、证据和整改链条是否完整一致。,文章案例文本；审计事项清单；问题线索台账；审计证据资料；预算指标表；财政支出明细,风险词命中/数据缺失/证据不一致/指标偏离/流程缺陷,命中对象、风险等级、证据资料、核查建议,P1,magazine_435_articles,D:\openclaw-workspace\knowledge\11-杂志文献\财政监督\8.准确把握财会监督定位持续发挥基础支撑功能.md
MAGTAX-0040-R01,audit_rule,generated_rule,MAGTAX-0040,63,C,税务审计 / 预算执行与财政管理 / 财政与政府债务,创造价值，管控风险：财务管理变革中的央企实践,创造价值，管控风险：财务管理变革中的央企实践R01规则,按案例主题识别同类事项中的风险特征并生成疑点。,文章案例文本；审计事项清单；问题线索台账；审计证据资料；预算指标表；财政支出明细,风险词命中/数据缺失/证据不一致/指标偏离/流程缺陷,命中对象、风险等级、证据资料、核查建议,P0,magazine_435_articles,D:\openclaw-workspace\knowledge\11-杂志文献\财政监督\9.创造价值，管控风险：财务管理变革中的央企 实践.md
MAGTAX-0040-R02,audit_rule,generated_rule,MAGTAX-0040,63,C,税务审计 / 预算执行与财政管理 / 财政与政府债务,创造价值，管控风险：财务管理变革中的央企实践,创造价值，管控风险：财务管理变革中的央企实践R02规则,核查案例涉及的数据、证据和整改链条是否完整一致。,文章案例文本；审计事项清单；问题线索台账；审计证据资料；预算指标表；财政支出明细,风险词命中/数据缺失/证据不一致/指标偏离/流程缺陷,命中对象、风险等级、证据资料、核查建议,P0,magazine_435_articles,D:\openclaw-workspace\knowledge\11-杂志文献\财政监督\9.创造价值，管控风险：财务管理变革中的央企 实践.md
MAGTAX-0023-R01,audit_rule,generated_rule,MAGTAX-0023,63,C,税务审计 / 预算执行与财政管理 / 财政与政府债务,医药企业境内分拆上市动因及绩效研究,医药企业境内分拆上市动因及绩效研究R01规则,按案例主题识别同类事项中的风险特征并生成疑点。,文章案例文本；审计事项清单；问题线索台账；审计证据资料；预算指标表；财政支出明细,风险词命中/数据缺失/证据不一致/指标偏离/流程缺陷,命中对象、风险等级、证据资料、核查建议,P0,magazine_435_articles,D:\openclaw-workspace\knowledge\11-杂志文献\财政监督\18.医药企业境内分拆上市动因及绩效研究.md
MAGTAX-0023-R02,audit_rule,generated_rule,MAGTAX-0023,63,C,税务审计 / 预算执行与财政管理 / 财政与政府债务,医药企业境内分拆上市动因及绩效研究,医药企业境内分拆上市动因及绩效研究R02规则,核查案例涉及的数据、证据和整改链条是否完整一致。,文章案例文本；审计事项清单；问题线索台账；审计证据资料；预算指标表；财政支出明细,风险词命中/数据缺失/证据不一致/指标偏离/流程缺陷,命中对象、风险等级、证据资料、核查建议,P0,magazine_435_articles,D:\openclaw-workspace\knowledge\11-杂志文献\财政监督\18.医药企业境内分拆上市动因及绩效研究.md
MAGTAX-0013-R01,audit_rule,generated_rule,MAGTAX-0013,63,C,税务审计 / 预算执行与财政管理 / 财政与政府债务,国际航线补助绩效评价研究,国际航线补助绩效评价研究R01规则,按案例主题识别同类事项中的风险特征并生成疑点。,文章案例文本；审计事项清单；问题线索台账；审计证据资料；预算指标表；财政支出明细,风险词命中/数据缺失/证据不一致/指标偏离/流程缺陷,命中对象、风险等级、证据资料、核查建议,P0,magazine_435_articles,D:\openclaw-workspace\knowledge\11-杂志文献\财政监督\11.国际航线补助绩效评价研究.md
MAGTAX-0013-R02,audit_rule,generated_rule,MAGTAX-0013,63,C,税务审计 / 预算执行与财政管理 / 财政与政府债务,国际航线补助绩效评价研究,国际航线补助绩效评价研究R02规则,核查案例涉及的数据、证据和整改链条是否完整一致。,文章案例文本；审计事项清单；问题线索台账；审计证据资料；预算指标表；财政支出明细,风险词命中/数据缺失/证据不一致/指标偏离/流程缺陷,命中对象、风险等级、证据资料、核查建议,P0,magazine_435_articles,D:\openclaw-workspace\knowledge\11-杂志文献\财政监督\11.国际航线补助绩效评价研究.md
MAGTAX-0026-R01,audit_rule,generated_rule,MAGTAX-0026,63,C,税务审计 / 预算执行与财政管理 / 财政与政府债务,地方财政内控信息化建设实践与探索,地方财政内控信息化建设实践与探索R01规则,按案例主题识别同类事项中的风险特征并生成疑点。,文章案例文本；审计事项清单；问题线索台账；审计证据资料；预算指标表；财政支出明细,风险词命中/数据缺失/证据不一致/指标偏离/流程缺陷,命中对象、风险等级、证据资料、核查建议,P0,magazine_435_articles,D:\openclaw-workspace\knowledge\11-杂志文献\财政监督\2.地方财政内控信息化建设实践与探索.md
MAGTAX-0026-R02,audit_rule,generated_rule,MAGTAX-0026,63,C,税务审计 / 预算执行与财政管理 / 财政与政府债务,地方财政内控信息化建设实践与探索,地方财政内控信息化建设实践与探索R02规则,核查案例涉及的数据、证据和整改链条是否完整一致。,文章案例文本；审计事项清单；问题线索台账；审计证据资料；预算指标表；财政支出明细,风险词命中/数据缺失/证据不一致/指标偏离/流程缺陷,命中对象、风险等级、证据资料、核查建议,P0,magazine_435_articles,D:\openclaw-workspace\knowledge\11-杂志文献\财政监督\2.地方财政内控信息化建设实践与探索.md
MAGTAX-0018-R01,audit_rule,generated_rule,MAGTAX-0018,53,D,税务审计 / 预算执行与财政管理 / 财政与政府债务,基建延期“转固”隐匿经营亏损,基建延期“转固”隐匿经营亏损R01规则,按案例主题识别同类事项中的风险特征并生成疑点。,文章案例文本；审计事项清单；问题线索台账；审计证据资料；预算指标表；财政支出明细,风险词命中/数据缺失/证据不一致/指标偏离/流程缺陷,命中对象、风险等级、证据资料、核查建议,P1,magazine_435_articles,D:\openclaw-workspace\knowledge\11-杂志文献\财政监督\13.基建延期“转固”隐匿经营亏损.md
MAGTAX-0018-R02,audit_rule,generated_rule,MAGTAX-0018,53,D,税务审计 / 预算执行与财政管理 / 财政与政府债务,基建延期“转固”隐匿经营亏损,基建延期“转固”隐匿经营亏损R02规则,核查案例涉及的数据、证据和整改链条是否完整一致。,文章案例文本；审计事项清单；问题线索台账；审计证据资料；预算指标表；财政支出明细,风险词命中/数据缺失/证据不一致/指标偏离/流程缺陷,命中对象、风险等级、证据资料、核查建议,P1,magazine_435_articles,D:\openclaw-workspace\knowledge\11-杂志文献\财政监督\13.基建延期“转固”隐匿经营亏损.md
MAGTAX-0002-R01,audit_rule,generated_rule,MAGTAX-0002,53,D,税务审计 / 预算执行与财政管理 / 财政与政府债务,完善增值税期末留抵退税政策的公告,完善增值税期末留抵退税政策的公告R01规则,按案例主题识别同类事项中的风险特征并生成疑点。,文章案例文本；审计事项清单；问题线索台账；审计证据资料；预算指标表；财政支出明细,风险词命中/数据缺失/证据不一致/指标偏离/流程缺陷,命中对象、风险等级、证据资料、核查建议,P1,magazine_435_articles,D:\openclaw-workspace\knowledge\11-杂志文献\四川注册会计师\007.关于完善增值税期末留抵退税政策的公告.md
MAGTAX-0002-R02,audit_rule,generated_rule,MAGTAX-0002,53,D,税务审计 / 预算执行与财政管理 / 财政与政府债务,完善增值税期末留抵退税政策的公告,完善增值税期末留抵退税政策的公告R02规则,核查案例涉及的数据、证据和整改链条是否完整一致。,文章案例文本；审计事项清单；问题线索台账；审计证据资料；预算指标表；财政支出明细,风险词命中/数据缺失/证据不一致/指标偏离/流程缺陷,命中对象、风险等级、证据资料、核查建议,P1,magazine_435_articles,D:\openclaw-workspace\knowledge\11-杂志文献\四川注册会计师\007.关于完善增值税期末留抵退税政策的公告.md
MAGTAX-0027-R01,audit_rule,generated_rule,MAGTAX-0027,63,C,税务审计 / 预算执行与财政管理 / 财政与政府债务,完善省以下政府间收入划分的研究,完善省以下政府间收入划分的研究R01规则,按案例主题识别同类事项中的风险特征并生成疑点。,文章案例文本；审计事项清单；问题线索台账；审计证据资料；预算指标表；财政支出明细,风险词命中/数据缺失/证据不一致/指标偏离/流程缺陷,命中对象、风险等级、证据资料、核查建议,P0,magazine_435_articles,D:\openclaw-workspace\knowledge\11-杂志文献\财政监督\2.完善省以下政府间收入划分的研究.md
MAGTAX-0027-R02,audit_rule,generated_rule,MAGTAX-0027,63,C,税务审计 / 预算执行与财政管理 / 财政与政府债务,完善省以下政府间收入划分的研究,完善省以下政府间收入划分的研究R02规则,核查案例涉及的数据、证据和整改链条是否完整一致。,文章案例文本；审计事项清单；问题线索台账；审计证据资料；预算指标表；财政支出明细,风险词命中/数据缺失/证据不一致/指标偏离/流程缺陷,命中对象、风险等级、证据资料、核查建议,P0,magazine_435_articles,D:\openclaw-workspace\knowledge\11-杂志文献\财政监督\2.完善省以下政府间收入划分的研究.md
MAGTAX-0019-R01,audit_rule,generated_rule,MAGTAX-0019,53,D,税务审计 / 预算执行与财政管理 / 财政与政府债务,山东威海火炬高技术产业开发区：稳步推进预算绩效管理工作,山东威海火炬高技术产业开发区：稳步推进预算绩效管理工作R01规则,按案例主题识别同类事项中的风险特征并生成疑点。,文章案例文本；审计事项清单；问题线索台账；审计证据资料；预算指标表；财政支出明细,风险词命中/数据缺失/证据不一致/指标偏离/流程缺陷,命中对象、风险等级、证据资料、核查建议,P1,magazine_435_articles,D:\openclaw-workspace\knowledge\11-杂志文献\财政监督\14.山东威海火炬高技术产业开发 区：稳步推进预算绩效管理工作.md
MAGTAX-0019-R02,audit_rule,generated_rule,MAGTAX-0019,53,D,税务审计 / 预算执行与财政管理 / 财政与政府债务,山东威海火炬高技术产业开发区：稳步推进预算绩效管理工作,山东威海火炬高技术产业开发区：稳步推进预算绩效管理工作R02规则,核查案例涉及的数据、证据和整改链条是否完整一致。,文章案例文本；审计事项清单；问题线索台账；审计证据资料；预算指标表；财政支出明细,风险词命中/数据缺失/证据不一致/指标偏离/流程缺陷,命中对象、风险等级、证据资料、核查建议,P1,magazine_435_articles,D:\openclaw-workspace\knowledge\11-杂志文献\财政监督\14.山东威海火炬高技术产业开发 区：稳步推进预算绩效管理工作.md
MAGTAX-0020-R01,audit_rule,generated_rule,MAGTAX-0020,53,D,税务审计 / 预算执行与财政管理 / 财政与政府债务,强化“三个抓手”推进内控管理走深走实,强化“三个抓手”推进内控管理走深走实R01规则,按案例主题识别同类事项中的风险特征并生成疑点。,文章案例文本；审计事项清单；问题线索台账；审计证据资料；预算指标表；财政支出明细,风险词命中/数据缺失/证据不一致/指标偏离/流程缺陷,命中对象、风险等级、证据资料、核查建议,P1,magazine_435_articles,D:\openclaw-workspace\knowledge\11-杂志文献\财政监督\16.强化“三个抓手”推进内控管理走深走实.md
MAGTAX-0020-R02,audit_rule,generated_rule,MAGTAX-0020,53,D,税务审计 / 预算执行与财政管理 / 财政与政府债务,强化“三个抓手”推进内控管理走深走实,强化“三个抓手”推进内控管理走深走实R02规则,核查案例涉及的数据、证据和整改链条是否完整一致。,文章案例文本；审计事项清单；问题线索台账；审计证据资料；预算指标表；财政支出明细,风险词命中/数据缺失/证据不一致/指标偏离/流程缺陷,命中对象、风险等级、证据资料、核查建议,P1,magazine_435_articles,D:\openclaw-workspace\knowledge\11-杂志文献\财政监督\16.强化“三个抓手”推进内控管理走深走实.md
MAGTAX-0029-R01,audit_rule,generated_rule,MAGTAX-0029,63,C,税务审计 / 预算执行与财政管理 / 财政与政府债务,强化财政内控建设的实践与思考,强化财政内控建设的实践与思考R01规则,按案例主题识别同类事项中的风险特征并生成疑点。,文章案例文本；审计事项清单；问题线索台账；审计证据资料；预算指标表；财政支出明细,风险词命中/数据缺失/证据不一致/指标偏离/流程缺陷,命中对象、风险等级、证据资料、核查建议,P0,magazine_435_articles,D:\openclaw-workspace\knowledge\11-杂志文献\财政监督\20.强化财政内控建设的实践与思考.md
MAGTAX-0029-R02,audit_rule,generated_rule,MAGTAX-0029,63,C,税务审计 / 预算执行与财政管理 / 财政与政府债务,强化财政内控建设的实践与思考,强化财政内控建设的实践与思考R02规则,核查案例涉及的数据、证据和整改链条是否完整一致。,文章案例文本；审计事项清单；问题线索台账；审计证据资料；预算指标表；财政支出明细,风险词命中/数据缺失/证据不一致/指标偏离/流程缺陷,命中对象、风险等级、证据资料、核查建议,P0,magazine_435_articles,D:\openclaw-workspace\knowledge\11-杂志文献\财政监督\20.强化财政内控建设的实践与思考.md
MAGTAX-0033-R01,audit_rule,generated_rule,MAGTAX-0033,63,C,税务审计 / 预算执行与财政管理 / 财政与政府债务,数字经济时代企业财务管理变革研究,数字经济时代企业财务管理变革研究R01规则,按案例主题识别同类事项中的风险特征并生成疑点。,文章案例文本；审计事项清单；问题线索台账；审计证据资料；预算指标表；财政支出明细,风险词命中/数据缺失/证据不一致/指标偏离/流程缺陷,命中对象、风险等级、证据资料、核查建议,P0,magazine_435_articles,D:\openclaw-workspace\knowledge\11-杂志文献\财政监督\24.数字经济时代企业财务管理变革研究.md
MAGTAX-0033-R02,audit_rule,generated_rule,MAGTAX-0033,63,C,税务审计 / 预算执行与财政管理 / 财政与政府债务,数字经济时代企业财务管理变革研究,数字经济时代企业财务管理变革研究R02规则,核查案例涉及的数据、证据和整改链条是否完整一致。,文章案例文本；审计事项清单；问题线索台账；审计证据资料；预算指标表；财政支出明细,风险词命中/数据缺失/证据不一致/指标偏离/流程缺陷,命中对象、风险等级、证据资料、核查建议,P0,magazine_435_articles,D:\openclaw-workspace\knowledge\11-杂志文献\财政监督\24.数字经济时代企业财务管理变革研究.md
MAGTAX-0025-R01,audit_rule,generated_rule,MAGTAX-0025,63,C,税务审计 / 预算执行与财政管理 / 财政与政府债务,智慧校园视域下高校财务信息化建设路径探究,智慧校园视域下高校财务信息化建设路径探究R01规则,按案例主题识别同类事项中的风险特征并生成疑点。,文章案例文本；审计事项清单；问题线索台账；审计证据资料；预算指标表；财政支出明细,风险词命中/数据缺失/证据不一致/指标偏离/流程缺陷,命中对象、风险等级、证据资料、核查建议,P0,magazine_435_articles,D:\openclaw-workspace\knowledge\11-杂志文献\财政监督\19.智慧校园视域下高校财务信息化建设路径探究.md
MAGTAX-0025-R02,audit_rule,generated_rule,MAGTAX-0025,63,C,税务审计 / 预算执行与财政管理 / 财政与政府债务,智慧校园视域下高校财务信息化建设路径探究,智慧校园视域下高校财务信息化建设路径探究R02规则,核查案例涉及的数据、证据和整改链条是否完整一致。,文章案例文本；审计事项清单；问题线索台账；审计证据资料；预算指标表；财政支出明细,风险词命中/数据缺失/证据不一致/指标偏离/流程缺陷,命中对象、风险等级、证据资料、核查建议,P0,magazine_435_articles,D:\openclaw-workspace\knowledge\11-杂志文献\财政监督\19.智慧校园视域下高校财务信息化建设路径探究.md
MAGTAX-0034-R01,audit_rule,generated_rule,MAGTAX-0034,63,C,税务审计 / 预算执行与财政管理 / 财政与政府债务,服务类政府采购项目绩效评价研究,服务类政府采购项目绩效评价研究R01规则,按案例主题识别同类事项中的风险特征并生成疑点。,文章案例文本；审计事项清单；问题线索台账；审计证据资料；预算指标表；财政支出明细,风险词命中/数据缺失/证据不一致/指标偏离/流程缺陷,命中对象、风险等级、证据资料、核查建议,P0,magazine_435_articles,D:\openclaw-workspace\knowledge\11-杂志文献\财政监督\4.服务类政府采购项目绩效评价研究.md
MAGTAX-0034-R02,audit_rule,generated_rule,MAGTAX-0034,63,C,税务审计 / 预算执行与财政管理 / 财政与政府债务,服务类政府采购项目绩效评价研究,服务类政府采购项目绩效评价研究R02规则,核查案例涉及的数据、证据和整改链条是否完整一致。,文章案例文本；审计事项清单；问题线索台账；审计证据资料；预算指标表；财政支出明细,风险词命中/数据缺失/证据不一致/指标偏离/流程缺陷,命中对象、风险等级、证据资料、核查建议,P0,magazine_435_articles,D:\openclaw-workspace\knowledge\11-杂志文献\财政监督\4.服务类政府采购项目绩效评价研究.md
MAGTAX-0028-R01,audit_rule,generated_rule,MAGTAX-0028,53,D,税务审计 / 预算执行与财政管理 / 财政与政府债务,深学细悟习近平新时代中国特色社会主义思想走好新时代新征程财政改革发展之路,深学细悟习近平新时代中国特色社会主义思想走好新时代新征程财政改革发展之路R01规则,按案例主题识别同类事项中的风险特征并生成疑点。,文章案例文本；审计事项清单；问题线索台账；审计证据资料；预算指标表；财政支出明细,风险词命中/数据缺失/证据不一致/指标偏离/流程缺陷,命中对象、风险等级、证据资料、核查建议,P1,magazine_435_articles,D:\openclaw-workspace\knowledge\11-杂志文献\财政监督\2.深学细悟习近平新时代中国特色社会主义思想走好新时代新征程财政改革发展之路.md
MAGTAX-0028-R02,audit_rule,generated_rule,MAGTAX-0028,53,D,税务审计 / 预算执行与财政管理 / 财政与政府债务,深学细悟习近平新时代中国特色社会主义思想走好新时代新征程财政改革发展之路,深学细悟习近平新时代中国特色社会主义思想走好新时代新征程财政改革发展之路R02规则,核查案例涉及的数据、证据和整改链条是否完整一致。,文章案例文本；审计事项清单；问题线索台账；审计证据资料；预算指标表；财政支出明细,风险词命中/数据缺失/证据不一致/指标偏离/流程缺陷,命中对象、风险等级、证据资料、核查建议,P1,magazine_435_articles,D:\openclaw-workspace\knowledge\11-杂志文献\财政监督\2.深学细悟习近平新时代中国特色社会主义思想走好新时代新征程财政改革发展之路.md
MAGTAX-0021-R01,audit_rule,generated_rule,MAGTAX-0021,53,D,税务审计 / 预算执行与财政管理 / 财政与政府债务,监督动态,监督动态R01规则,按案例主题识别同类事项中的风险特征并生成疑点。,文章案例文本；审计事项清单；问题线索台账；审计证据资料；预算指标表；财政支出明细,风险词命中/数据缺失/证据不一致/指标偏离/流程缺陷,命中对象、风险等级、证据资料、核查建议,P1,magazine_435_articles,D:\openclaw-workspace\knowledge\11-杂志文献\财政监督\17.监督动态.md
MAGTAX-0021-R02,audit_rule,generated_rule,MAGTAX-0021,53,D,税务审计 / 预算执行与财政管理 / 财政与政府债务,监督动态,监督动态R02规则,核查案例涉及的数据、证据和整改链条是否完整一致。,文章案例文本；审计事项清单；问题线索台账；审计证据资料；预算指标表；财政支出明细,风险词命中/数据缺失/证据不一致/指标偏离/流程缺陷,命中对象、风险等级、证据资料、核查建议,P1,magazine_435_articles,D:\openclaw-workspace\knowledge\11-杂志文献\财政监督\17.监督动态.md
MAGTAX-0003-R01,audit_rule,generated_rule,MAGTAX-0003,53,D,税务审计 / 预算执行与财政管理 / 财政与政府债务,省注协监事会与省税协监事会开展座谈交流,省注协监事会与省税协监事会开展座谈交流R01规则,按案例主题识别同类事项中的风险特征并生成疑点。,文章案例文本；审计事项清单；问题线索台账；审计证据资料；预算指标表；财政支出明细,风险词命中/数据缺失/证据不一致/指标偏离/流程缺陷,命中对象、风险等级、证据资料、核查建议,P1,magazine_435_articles,D:\openclaw-workspace\knowledge\11-杂志文献\四川注册会计师\016.省注协监事会与省税协监事会开展座谈交流.md
MAGTAX-0003-R02,audit_rule,generated_rule,MAGTAX-0003,53,D,税务审计 / 预算执行与财政管理 / 财政与政府债务,省注协监事会与省税协监事会开展座谈交流,省注协监事会与省税协监事会开展座谈交流R02规则,核查案例涉及的数据、证据和整改链条是否完整一致。,文章案例文本；审计事项清单；问题线索台账；审计证据资料；预算指标表；财政支出明细,风险词命中/数据缺失/证据不一致/指标偏离/流程缺陷,命中对象、风险等级、证据资料、核查建议,P1,magazine_435_articles,D:\openclaw-workspace\knowledge\11-杂志文献\四川注册会计师\016.省注协监事会与省税协监事会开展座谈交流.md
MAGTAX-0031-R01,audit_rule,generated_rule,MAGTAX-0031,63,C,税务审计 / 预算执行与财政管理 / 财政与政府债务,社会公众参与预算监督的现状及影响因素分析,社会公众参与预算监督的现状及影响因素分析R01规则,按案例主题识别同类事项中的风险特征并生成疑点。,文章案例文本；审计事项清单；问题线索台账；审计证据资料；预算指标表；财政支出明细,风险词命中/数据缺失/证据不一致/指标偏离/流程缺陷,命中对象、风险等级、证据资料、核查建议,P0,magazine_435_articles,D:\openclaw-workspace\knowledge\11-杂志文献\财政监督\21.社会公众参与预算监督的现状及影响因素分析.md
MAGTAX-0031-R02,audit_rule,generated_rule,MAGTAX-0031,63,C,税务审计 / 预算执行与财政管理 / 财政与政府债务,社会公众参与预算监督的现状及影响因素分析,社会公众参与预算监督的现状及影响因素分析R02规则,核查案例涉及的数据、证据和整改链条是否完整一致。,文章案例文本；审计事项清单；问题线索台账；审计证据资料；预算指标表；财政支出明细,风险词命中/数据缺失/证据不一致/指标偏离/流程缺陷,命中对象、风险等级、证据资料、核查建议,P0,magazine_435_articles,D:\openclaw-workspace\knowledge\11-杂志文献\财政监督\21.社会公众参与预算监督的现状及影响因素分析.md
MAGTAX-0022-R01,audit_rule,generated_rule,MAGTAX-0022,53,D,税务审计 / 预算执行与财政管理 / 财政与政府债务,绩效审计的功能定位与推进路径：基于三种比较视角,绩效审计的功能定位与推进路径：基于三种比较视角R01规则,按案例主题识别同类事项中的风险特征并生成疑点。,文章案例文本；审计事项清单；问题线索台账；审计证据资料；预算指标表；财政支出明细,风险词命中/数据缺失/证据不一致/指标偏离/流程缺陷,命中对象、风险等级、证据资料、核查建议,P1,magazine_435_articles,D:\openclaw-workspace\knowledge\11-杂志文献\财政监督\17.绩效审计的功能定位与推进路径：基于三种比较视角.md
MAGTAX-0022-R02,audit_rule,generated_rule,MAGTAX-0022,53,D,税务审计 / 预算执行与财政管理 / 财政与政府债务,绩效审计的功能定位与推进路径：基于三种比较视角,绩效审计的功能定位与推进路径：基于三种比较视角R02规则,核查案例涉及的数据、证据和整改链条是否完整一致。,文章案例文本；审计事项清单；问题线索台账；审计证据资料；预算指标表；财政支出明细,风险词命中/数据缺失/证据不一致/指标偏离/流程缺陷,命中对象、风险等级、证据资料、核查建议,P1,magazine_435_articles,D:\openclaw-workspace\knowledge\11-杂志文献\财政监督\17.绩效审计的功能定位与推进路径：基于三种比较视角.md
MAGTAX-0012-R01,audit_rule,generated_rule,MAGTAX-0012,53,D,税务审计 / 预算执行与财政管理 / 财政与政府债务,财政政策评价的基本逻辑,财政政策评价的基本逻辑R01规则,按案例主题识别同类事项中的风险特征并生成疑点。,文章案例文本；审计事项清单；问题线索台账；审计证据资料；预算指标表；财政支出明细,风险词命中/数据缺失/证据不一致/指标偏离/流程缺陷,命中对象、风险等级、证据资料、核查建议,P1,magazine_435_articles,D:\openclaw-workspace\knowledge\11-杂志文献\财政监督\1.财政政策评价的基本逻辑.md
MAGTAX-0012-R02,audit_rule,generated_rule,MAGTAX-0012,53,D,税务审计 / 预算执行与财政管理 / 财政与政府债务,财政政策评价的基本逻辑,财政政策评价的基本逻辑R02规则,核查案例涉及的数据、证据和整改链条是否完整一致。,文章案例文本；审计事项清单；问题线索台账；审计证据资料；预算指标表；财政支出明细,风险词命中/数据缺失/证据不一致/指标偏离/流程缺陷,命中对象、风险等级、证据资料、核查建议,P1,magazine_435_articles,D:\openclaw-workspace\knowledge\11-杂志文献\财政监督\1.财政政策评价的基本逻辑.md
MAGTAX-0032-R01,audit_rule,generated_rule,MAGTAX-0032,63,C,税务审计 / 预算执行与财政管理 / 财政与政府债务,财政补贴对高技术行业企业创新意愿的影响研究,财政补贴对高技术行业企业创新意愿的影响研究R01规则,按案例主题识别同类事项中的风险特征并生成疑点。,文章案例文本；审计事项清单；问题线索台账；审计证据资料；预算指标表；财政支出明细,风险词命中/数据缺失/证据不一致/指标偏离/流程缺陷,命中对象、风险等级、证据资料、核查建议,P0,magazine_435_articles,D:\openclaw-workspace\knowledge\11-杂志文献\财政监督\22.财政补贴对高技术行业企业创新意愿的影响研究.md
MAGTAX-0032-R02,audit_rule,generated_rule,MAGTAX-0032,63,C,税务审计 / 预算执行与财政管理 / 财政与政府债务,财政补贴对高技术行业企业创新意愿的影响研究,财政补贴对高技术行业企业创新意愿的影响研究R02规则,核查案例涉及的数据、证据和整改链条是否完整一致。,文章案例文本；审计事项清单；问题线索台账；审计证据资料；预算指标表；财政支出明细,风险词命中/数据缺失/证据不一致/指标偏离/流程缺陷,命中对象、风险等级、证据资料、核查建议,P0,magazine_435_articles,D:\openclaw-workspace\knowledge\11-杂志文献\财政监督\22.财政补贴对高技术行业企业创新意愿的影响研究.md
MAGTAX-0017-R01,audit_rule,generated_rule,MAGTAX-0017,63,C,税务审计 / 预算执行与财政管理 / 财政与政府债务,钢铁企业绿色创新绩效评价体系的探讨与应用,钢铁企业绿色创新绩效评价体系的探讨与应用R01规则,按案例主题识别同类事项中的风险特征并生成疑点。,文章案例文本；审计事项清单；问题线索台账；审计证据资料；预算指标表；财政支出明细,风险词命中/数据缺失/证据不一致/指标偏离/流程缺陷,命中对象、风险等级、证据资料、核查建议,P0,magazine_435_articles,D:\openclaw-workspace\knowledge\11-杂志文献\财政监督\13.关于钢铁企业绿色创新绩效评价体系的探讨与应用.md
MAGTAX-0017-R02,audit_rule,generated_rule,MAGTAX-0017,63,C,税务审计 / 预算执行与财政管理 / 财政与政府债务,钢铁企业绿色创新绩效评价体系的探讨与应用,钢铁企业绿色创新绩效评价体系的探讨与应用R02规则,核查案例涉及的数据、证据和整改链条是否完整一致。,文章案例文本；审计事项清单；问题线索台账；审计证据资料；预算指标表；财政支出明细,风险词命中/数据缺失/证据不一致/指标偏离/流程缺陷,命中对象、风险等级、证据资料、核查建议,P0,magazine_435_articles,D:\openclaw-workspace\knowledge\11-杂志文献\财政监督\13.关于钢铁企业绿色创新绩效评价体系的探讨与应用.md
MAGTAX-0037-R01,audit_rule,generated_rule,MAGTAX-0037,63,C,税务审计 / 预算执行与财政管理 / 财政与政府债务,预算绩效管理激励约束机制的国际比较与启示,预算绩效管理激励约束机制的国际比较与启示R01规则,按案例主题识别同类事项中的风险特征并生成疑点。,文章案例文本；审计事项清单；问题线索台账；审计证据资料；预算指标表；财政支出明细,风险词命中/数据缺失/证据不一致/指标偏离/流程缺陷,命中对象、风险等级、证据资料、核查建议,P0,magazine_435_articles,D:\openclaw-workspace\knowledge\11-杂志文献\财政监督\6.预算绩效管理激励约束机制的国际比较与启示.md
MAGTAX-0037-R02,audit_rule,generated_rule,MAGTAX-0037,63,C,税务审计 / 预算执行与财政管理 / 财政与政府债务,预算绩效管理激励约束机制的国际比较与启示,预算绩效管理激励约束机制的国际比较与启示R02规则,核查案例涉及的数据、证据和整改链条是否完整一致。,文章案例文本；审计事项清单；问题线索台账；审计证据资料；预算指标表；财政支出明细,风险词命中/数据缺失/证据不一致/指标偏离/流程缺陷,命中对象、风险等级、证据资料、核查建议,P0,magazine_435_articles,D:\openclaw-workspace\knowledge\11-杂志文献\财政监督\6.预算绩效管理激励约束机制的国际比较与启示.md
ECONV6D-012-R01,audit_rule,generated_rule,ECONV6D-012,59,C,经济责任审计 / 国企审计 / 监督检查与经费舞弊,一般事项审计操作程序23,一般事项审计操作程序23完整性规则,检查一般事项审计操作程序23相关台账、凭证、审批和支付数据是否完整，缺失率超过阈值则预警。,项目台账；财务收支明细；合同与审批资料；支付凭证；审计发现清单；绩效指标表,字段缺失/跨表不一致/偏离阈值/重复异常/时序异常/空间不一致,命中对象、风险等级、证据字段、核查建议,P1,ocr_55_books_deep,E:\2026\审计方法&政策文件\_ocr_output\经责\国有企业经济责任审计实务指南.pdf.md
ECONV6D-012-R02,audit_rule,generated_rule,ECONV6D-012,59,C,经济责任审计 / 国企审计 / 监督检查与经费舞弊,一般事项审计操作程序23,一般事项审计操作程序23一致性规则,检查一般事项审计操作程序23在合同、支付、预算、绩效或业务台账之间是否一致。,项目台账；财务收支明细；合同与审批资料；支付凭证；审计发现清单；绩效指标表,字段缺失/跨表不一致/偏离阈值/重复异常/时序异常/空间不一致,命中对象、风险等级、证据字段、核查建议,P1,ocr_55_books_deep,E:\2026\审计方法&政策文件\_ocr_output\经责\国有企业经济责任审计实务指南.pdf.md
ECONV6D-012-R03,audit_rule,generated_rule,ECONV6D-012,59,C,经济责任审计 / 国企审计 / 监督检查与经费舞弊,一般事项审计操作程序23,一般事项审计操作程序23异常性规则,按历史均值、同类项目分位数或政策标准识别一般事项审计操作程序23异常偏离。,项目台账；财务收支明细；合同与审批资料；支付凭证；审计发现清单；绩效指标表,字段缺失/跨表不一致/偏离阈值/重复异常/时序异常/空间不一致,命中对象、风险等级、证据字段、核查建议,P1,ocr_55_books_deep,E:\2026\审计方法&政策文件\_ocr_output\经责\国有企业经济责任审计实务指南.pdf.md
ECONV6D-011-R01,audit_rule,generated_rule,ECONV6D-011,59,C,经济责任审计 / 国企审计 / 监督检查与经费舞弊,国有企业经济责任审计实务指南.pdf,国有企业经济责任审计实务指南.pdf完整性规则,检查国有企业经济责任审计实务指南.pdf相关台账、凭证、审批和支付数据是否完整，缺失率超过阈值则预警。,项目台账；财务收支明细；合同与审批资料；支付凭证；审计发现清单；绩效指标表,字段缺失/跨表不一致/偏离阈值/重复异常/时序异常/空间不一致,命中对象、风险等级、证据字段、核查建议,P1,ocr_55_books_deep,E:\2026\审计方法&政策文件\_ocr_output\经责\国有企业经济责任审计实务指南.pdf.md
ECONV6D-011-R02,audit_rule,generated_rule,ECONV6D-011,59,C,经济责任审计 / 国企审计 / 监督检查与经费舞弊,国有企业经济责任审计实务指南.pdf,国有企业经济责任审计实务指南.pdf一致性规则,检查国有企业经济责任审计实务指南.pdf在合同、支付、预算、绩效或业务台账之间是否一致。,项目台账；财务收支明细；合同与审批资料；支付凭证；审计发现清单；绩效指标表,字段缺失/跨表不一致/偏离阈值/重复异常/时序异常/空间不一致,命中对象、风险等级、证据字段、核查建议,P1,ocr_55_books_deep,E:\2026\审计方法&政策文件\_ocr_output\经责\国有企业经济责任审计实务指南.pdf.md
ECONV6D-011-R03,audit_rule,generated_rule,ECONV6D-011,59,C,经济责任审计 / 国企审计 / 监督检查与经费舞弊,国有企业经济责任审计实务指南.pdf,国有企业经济责任审计实务指南.pdf异常性规则,按历史均值、同类项目分位数或政策标准识别国有企业经济责任审计实务指南.pdf异常偏离。,项目台账；财务收支明细；合同与审批资料；支付凭证；审计发现清单；绩效指标表,字段缺失/跨表不一致/偏离阈值/重复异常/时序异常/空间不一致,命中对象、风险等级、证据字段、核查建议,P1,ocr_55_books_deep,E:\2026\审计方法&政策文件\_ocr_output\经责\国有企业经济责任审计实务指南.pdf.md
ECONV6D-014-R01,audit_rule,generated_rule,ECONV6D-014,59,C,经济责任审计 / 国企审计 / 监督检查与经费舞弊,审计程序,审计程序完整性规则,检查审计程序相关台账、凭证、审批和支付数据是否完整，缺失率超过阈值则预警。,项目台账；财务收支明细；合同与审批资料；支付凭证；审计发现清单；绩效指标表,字段缺失/跨表不一致/偏离阈值/重复异常/时序异常/空间不一致,命中对象、风险等级、证据字段、核查建议,P1,ocr_55_books_deep,E:\2026\审计方法&政策文件\_ocr_output\经责\国有企业经济责任审计实务指南.pdf.md
ECONV6D-014-R02,audit_rule,generated_rule,ECONV6D-014,59,C,经济责任审计 / 国企审计 / 监督检查与经费舞弊,审计程序,审计程序一致性规则,检查审计程序在合同、支付、预算、绩效或业务台账之间是否一致。,项目台账；财务收支明细；合同与审批资料；支付凭证；审计发现清单；绩效指标表,字段缺失/跨表不一致/偏离阈值/重复异常/时序异常/空间不一致,命中对象、风险等级、证据字段、核查建议,P1,ocr_55_books_deep,E:\2026\审计方法&政策文件\_ocr_output\经责\国有企业经济责任审计实务指南.pdf.md
ECONV6D-014-R03,audit_rule,generated_rule,ECONV6D-014,59,C,经济责任审计 / 国企审计 / 监督检查与经费舞弊,审计程序,审计程序异常性规则,按历史均值、同类项目分位数或政策标准识别审计程序异常偏离。,项目台账；财务收支明细；合同与审批资料；支付凭证；审计发现清单；绩效指标表,字段缺失/跨表不一致/偏离阈值/重复异常/时序异常/空间不一致,命中对象、风险等级、证据字段、核查建议,P1,ocr_55_books_deep,E:\2026\审计方法&政策文件\_ocr_output\经责\国有企业经济责任审计实务指南.pdf.md
ECONV6D-015-R01,audit_rule,generated_rule,ECONV6D-015,59,C,经济责任审计 / 国企审计 / 监督检查与经费舞弊,审计程序64,审计程序64完整性规则,检查审计程序64相关台账、凭证、审批和支付数据是否完整，缺失率超过阈值则预警。,项目台账；财务收支明细；合同与审批资料；支付凭证；审计发现清单；绩效指标表,字段缺失/跨表不一致/偏离阈值/重复异常/时序异常/空间不一致,命中对象、风险等级、证据字段、核查建议,P1,ocr_55_books_deep,E:\2026\审计方法&政策文件\_ocr_output\经责\国有企业经济责任审计实务指南.pdf.md
ECONV6D-015-R02,audit_rule,generated_rule,ECONV6D-015,59,C,经济责任审计 / 国企审计 / 监督检查与经费舞弊,审计程序64,审计程序64一致性规则,检查审计程序64在合同、支付、预算、绩效或业务台账之间是否一致。,项目台账；财务收支明细；合同与审批资料；支付凭证；审计发现清单；绩效指标表,字段缺失/跨表不一致/偏离阈值/重复异常/时序异常/空间不一致,命中对象、风险等级、证据字段、核查建议,P1,ocr_55_books_deep,E:\2026\审计方法&政策文件\_ocr_output\经责\国有企业经济责任审计实务指南.pdf.md
ECONV6D-015-R03,audit_rule,generated_rule,ECONV6D-015,59,C,经济责任审计 / 国企审计 / 监督检查与经费舞弊,审计程序64,审计程序64异常性规则,按历史均值、同类项目分位数或政策标准识别审计程序64异常偏离。,项目台账；财务收支明细；合同与审批资料；支付凭证；审计发现清单；绩效指标表,字段缺失/跨表不一致/偏离阈值/重复异常/时序异常/空间不一致,命中对象、风险等级、证据字段、核查建议,P1,ocr_55_books_deep,E:\2026\审计方法&政策文件\_ocr_output\经责\国有企业经济责任审计实务指南.pdf.md
ECONV6D-013-R01,audit_rule,generated_rule,ECONV6D-013,59,C,经济责任审计 / 国企审计 / 监督检查与经费舞弊,审计评价,审计评价完整性规则,检查审计评价相关台账、凭证、审批和支付数据是否完整，缺失率超过阈值则预警。,项目台账；财务收支明细；合同与审批资料；支付凭证；审计发现清单；绩效指标表,字段缺失/跨表不一致/偏离阈值/重复异常/时序异常/空间不一致,命中对象、风险等级、证据字段、核查建议,P1,ocr_55_books_deep,E:\2026\审计方法&政策文件\_ocr_output\经责\国有企业经济责任审计实务指南.pdf.md
ECONV6D-013-R02,audit_rule,generated_rule,ECONV6D-013,59,C,经济责任审计 / 国企审计 / 监督检查与经费舞弊,审计评价,审计评价一致性规则,检查审计评价在合同、支付、预算、绩效或业务台账之间是否一致。,项目台账；财务收支明细；合同与审批资料；支付凭证；审计发现清单；绩效指标表,字段缺失/跨表不一致/偏离阈值/重复异常/时序异常/空间不一致,命中对象、风险等级、证据字段、核查建议,P1,ocr_55_books_deep,E:\2026\审计方法&政策文件\_ocr_output\经责\国有企业经济责任审计实务指南.pdf.md
ECONV6D-013-R03,audit_rule,generated_rule,ECONV6D-013,59,C,经济责任审计 / 国企审计 / 监督检查与经费舞弊,审计评价,审计评价异常性规则,按历史均值、同类项目分位数或政策标准识别审计评价异常偏离。,项目台账；财务收支明细；合同与审批资料；支付凭证；审计发现清单；绩效指标表,字段缺失/跨表不一致/偏离阈值/重复异常/时序异常/空间不一致,命中对象、风险等级、证据字段、核查建议,P1,ocr_55_books_deep,E:\2026\审计方法&政策文件\_ocr_output\经责\国有企业经济责任审计实务指南.pdf.md
ECONV6D-009-R01,audit_rule,generated_rule,ECONV6D-009,69,C,经济责任审计 / 国企审计 / 监督检查与经费舞弊,审计评价与责任界定57,审计评价与责任界定57完整性规则,检查审计评价与责任界定57相关台账、凭证、审批和支付数据是否完整，缺失率超过阈值则预警。,项目台账；财务收支明细；合同与审批资料；支付凭证；审计发现清单；绩效指标表,字段缺失/跨表不一致/偏离阈值/重复异常/时序异常/空间不一致,命中对象、风险等级、证据字段、核查建议,P0,ocr_55_books_deep,E:\2026\审计方法&政策文件\_ocr_output\经责\国有企业经济责任审计实务指南.pdf.md
ECONV6D-009-R02,audit_rule,generated_rule,ECONV6D-009,69,C,经济责任审计 / 国企审计 / 监督检查与经费舞弊,审计评价与责任界定57,审计评价与责任界定57一致性规则,检查审计评价与责任界定57在合同、支付、预算、绩效或业务台账之间是否一致。,项目台账；财务收支明细；合同与审批资料；支付凭证；审计发现清单；绩效指标表,字段缺失/跨表不一致/偏离阈值/重复异常/时序异常/空间不一致,命中对象、风险等级、证据字段、核查建议,P0,ocr_55_books_deep,E:\2026\审计方法&政策文件\_ocr_output\经责\国有企业经济责任审计实务指南.pdf.md
ECONV6D-009-R03,audit_rule,generated_rule,ECONV6D-009,69,C,经济责任审计 / 国企审计 / 监督检查与经费舞弊,审计评价与责任界定57,审计评价与责任界定57异常性规则,按历史均值、同类项目分位数或政策标准识别审计评价与责任界定57异常偏离。,项目台账；财务收支明细；合同与审批资料；支付凭证；审计发现清单；绩效指标表,字段缺失/跨表不一致/偏离阈值/重复异常/时序异常/空间不一致,命中对象、风险等级、证据字段、核查建议,P0,ocr_55_books_deep,E:\2026\审计方法&政策文件\_ocr_output\经责\国有企业经济责任审计实务指南.pdf.md
ECONV6D-010-R01,audit_rule,generated_rule,ECONV6D-010,59,C,经济责任审计 / 国企审计 / 监督检查与经费舞弊,审计评价与责任界定66,审计评价与责任界定66完整性规则,检查审计评价与责任界定66相关台账、凭证、审批和支付数据是否完整，缺失率超过阈值则预警。,项目台账；财务收支明细；合同与审批资料；支付凭证；审计发现清单；绩效指标表,字段缺失/跨表不一致/偏离阈值/重复异常/时序异常/空间不一致,命中对象、风险等级、证据字段、核查建议,P1,ocr_55_books_deep,E:\2026\审计方法&政策文件\_ocr_output\经责\国有企业经济责任审计实务指南.pdf.md
ECONV6D-010-R02,audit_rule,generated_rule,ECONV6D-010,59,C,经济责任审计 / 国企审计 / 监督检查与经费舞弊,审计评价与责任界定66,审计评价与责任界定66一致性规则,检查审计评价与责任界定66在合同、支付、预算、绩效或业务台账之间是否一致。,项目台账；财务收支明细；合同与审批资料；支付凭证；审计发现清单；绩效指标表,字段缺失/跨表不一致/偏离阈值/重复异常/时序异常/空间不一致,命中对象、风险等级、证据字段、核查建议,P1,ocr_55_books_deep,E:\2026\审计方法&政策文件\_ocr_output\经责\国有企业经济责任审计实务指南.pdf.md
ECONV6D-010-R03,audit_rule,generated_rule,ECONV6D-010,59,C,经济责任审计 / 国企审计 / 监督检查与经费舞弊,审计评价与责任界定66,审计评价与责任界定66异常性规则,按历史均值、同类项目分位数或政策标准识别审计评价与责任界定66异常偏离。,项目台账；财务收支明细；合同与审批资料；支付凭证；审计发现清单；绩效指标表,字段缺失/跨表不一致/偏离阈值/重复异常/时序异常/空间不一致,命中对象、风险等级、证据字段、核查建议,P1,ocr_55_books_deep,E:\2026\审计方法&政策文件\_ocr_output\经责\国有企业经济责任审计实务指南.pdf.md
ECONV6D-016-R01,audit_rule,generated_rule,ECONV6D-016,59,C,经济责任审计 / 监督检查与经费舞弊,A市国土资源与房屋管理局原局长离任经济责任审计,A市国土资源与房屋管理局原局长离任经济责任审计完整性规则,检查A市国土资源与房屋管理局原局长离任经济责任审计相关台账、凭证、审批和支付数据是否完整，缺失率超过阈值则预警。,项目台账；财务收支明细；合同与审批资料；支付凭证；审计发现清单；绩效指标表,字段缺失/跨表不一致/偏离阈值/重复异常/时序异常/空间不一致,命中对象、风险等级、证据字段、核查建议,P1,ocr_55_books_deep,E:\2026\审计方法&政策文件\_ocr_output\经责\经济责任审计实务.md
ECONV6D-016-R02,audit_rule,generated_rule,ECONV6D-016,59,C,经济责任审计 / 监督检查与经费舞弊,A市国土资源与房屋管理局原局长离任经济责任审计,A市国土资源与房屋管理局原局长离任经济责任审计一致性规则,检查A市国土资源与房屋管理局原局长离任经济责任审计在合同、支付、预算、绩效或业务台账之间是否一致。,项目台账；财务收支明细；合同与审批资料；支付凭证；审计发现清单；绩效指标表,字段缺失/跨表不一致/偏离阈值/重复异常/时序异常/空间不一致,命中对象、风险等级、证据字段、核查建议,P1,ocr_55_books_deep,E:\2026\审计方法&政策文件\_ocr_output\经责\经济责任审计实务.md
ECONV6D-016-R03,audit_rule,generated_rule,ECONV6D-016,59,C,经济责任审计 / 监督检查与经费舞弊,A市国土资源与房屋管理局原局长离任经济责任审计,A市国土资源与房屋管理局原局长离任经济责任审计异常性规则,按历史均值、同类项目分位数或政策标准识别A市国土资源与房屋管理局原局长离任经济责任审计异常偏离。,项目台账；财务收支明细；合同与审批资料；支付凭证；审计发现清单；绩效指标表,字段缺失/跨表不一致/偏离阈值/重复异常/时序异常/空间不一致,命中对象、风险等级、证据字段、核查建议,P1,ocr_55_books_deep,E:\2026\审计方法&政策文件\_ocr_output\经责\经济责任审计实务.md
ECONV6D-021-R01,audit_rule,generated_rule,ECONV6D-021,59,C,经济责任审计 / 监督检查与经费舞弊,A市国土资源与房屋管理局原局长离任经济责任审计,A市国土资源与房屋管理局原局长离任经济责任审计完整性规则,检查A市国土资源与房屋管理局原局长离任经济责任审计相关台账、凭证、审批和支付数据是否完整，缺失率超过阈值则预警。,项目台账；财务收支明细；合同与审批资料；支付凭证；审计发现清单；绩效指标表,字段缺失/跨表不一致/偏离阈值/重复异常/时序异常/空间不一致,命中对象、风险等级、证据字段、核查建议,P1,ocr_55_books_deep,E:\2026\审计方法&政策文件\_ocr_output\经责\经济责任审计实务.pdf.md
ECONV6D-021-R02,audit_rule,generated_rule,ECONV6D-021,59,C,经济责任审计 / 监督检查与经费舞弊,A市国土资源与房屋管理局原局长离任经济责任审计,A市国土资源与房屋管理局原局长离任经济责任审计一致性规则,检查A市国土资源与房屋管理局原局长离任经济责任审计在合同、支付、预算、绩效或业务台账之间是否一致。,项目台账；财务收支明细；合同与审批资料；支付凭证；审计发现清单；绩效指标表,字段缺失/跨表不一致/偏离阈值/重复异常/时序异常/空间不一致,命中对象、风险等级、证据字段、核查建议,P1,ocr_55_books_deep,E:\2026\审计方法&政策文件\_ocr_output\经责\经济责任审计实务.pdf.md
ECONV6D-021-R03,audit_rule,generated_rule,ECONV6D-021,59,C,经济责任审计 / 监督检查与经费舞弊,A市国土资源与房屋管理局原局长离任经济责任审计,A市国土资源与房屋管理局原局长离任经济责任审计异常性规则,按历史均值、同类项目分位数或政策标准识别A市国土资源与房屋管理局原局长离任经济责任审计异常偏离。,项目台账；财务收支明细；合同与审批资料；支付凭证；审计发现清单；绩效指标表,字段缺失/跨表不一致/偏离阈值/重复异常/时序异常/空间不一致,命中对象、风险等级、证据字段、核查建议,P1,ocr_55_books_deep,E:\2026\审计方法&政策文件\_ocr_output\经责\经济责任审计实务.pdf.md
ECONV6D-020-R01,audit_rule,generated_rule,ECONV6D-020,59,C,经济责任审计 / 监督检查与经费舞弊,A市某区党政主要领导干部经济责任同步审计,A市某区党政主要领导干部经济责任同步审计完整性规则,检查A市某区党政主要领导干部经济责任同步审计相关台账、凭证、审批和支付数据是否完整，缺失率超过阈值则预警。,项目台账；财务收支明细；合同与审批资料；支付凭证；审计发现清单；绩效指标表,字段缺失/跨表不一致/偏离阈值/重复异常/时序异常/空间不一致,命中对象、风险等级、证据字段、核查建议,P1,ocr_55_books_deep,E:\2026\审计方法&政策文件\_ocr_output\经责\经济责任审计实务.md
ECONV6D-020-R02,audit_rule,generated_rule,ECONV6D-020,59,C,经济责任审计 / 监督检查与经费舞弊,A市某区党政主要领导干部经济责任同步审计,A市某区党政主要领导干部经济责任同步审计一致性规则,检查A市某区党政主要领导干部经济责任同步审计在合同、支付、预算、绩效或业务台账之间是否一致。,项目台账；财务收支明细；合同与审批资料；支付凭证；审计发现清单；绩效指标表,字段缺失/跨表不一致/偏离阈值/重复异常/时序异常/空间不一致,命中对象、风险等级、证据字段、核查建议,P1,ocr_55_books_deep,E:\2026\审计方法&政策文件\_ocr_output\经责\经济责任审计实务.md
ECONV6D-020-R03,audit_rule,generated_rule,ECONV6D-020,59,C,经济责任审计 / 监督检查与经费舞弊,A市某区党政主要领导干部经济责任同步审计,A市某区党政主要领导干部经济责任同步审计异常性规则,按历史均值、同类项目分位数或政策标准识别A市某区党政主要领导干部经济责任同步审计异常偏离。,项目台账；财务收支明细；合同与审批资料；支付凭证；审计发现清单；绩效指标表,字段缺失/跨表不一致/偏离阈值/重复异常/时序异常/空间不一致,命中对象、风险等级、证据字段、核查建议,P1,ocr_55_books_deep,E:\2026\审计方法&政策文件\_ocr_output\经责\经济责任审计实务.md
ECONV6D-025-R01,audit_rule,generated_rule,ECONV6D-025,59,C,经济责任审计 / 监督检查与经费舞弊,A市某区党政主要领导干部经济责任同步审计,A市某区党政主要领导干部经济责任同步审计完整性规则,检查A市某区党政主要领导干部经济责任同步审计相关台账、凭证、审批和支付数据是否完整，缺失率超过阈值则预警。,项目台账；财务收支明细；合同与审批资料；支付凭证；审计发现清单；绩效指标表,字段缺失/跨表不一致/偏离阈值/重复异常/时序异常/空间不一致,命中对象、风险等级、证据字段、核查建议,P1,ocr_55_books_deep,E:\2026\审计方法&政策文件\_ocr_output\经责\经济责任审计实务.pdf.md
ECONV6D-025-R02,audit_rule,generated_rule,ECONV6D-025,59,C,经济责任审计 / 监督检查与经费舞弊,A市某区党政主要领导干部经济责任同步审计,A市某区党政主要领导干部经济责任同步审计一致性规则,检查A市某区党政主要领导干部经济责任同步审计在合同、支付、预算、绩效或业务台账之间是否一致。,项目台账；财务收支明细；合同与审批资料；支付凭证；审计发现清单；绩效指标表,字段缺失/跨表不一致/偏离阈值/重复异常/时序异常/空间不一致,命中对象、风险等级、证据字段、核查建议,P1,ocr_55_books_deep,E:\2026\审计方法&政策文件\_ocr_output\经责\经济责任审计实务.pdf.md
ECONV6D-025-R03,audit_rule,generated_rule,ECONV6D-025,59,C,经济责任审计 / 监督检查与经费舞弊,A市某区党政主要领导干部经济责任同步审计,A市某区党政主要领导干部经济责任同步审计异常性规则,按历史均值、同类项目分位数或政策标准识别A市某区党政主要领导干部经济责任同步审计异常偏离。,项目台账；财务收支明细；合同与审批资料；支付凭证；审计发现清单；绩效指标表,字段缺失/跨表不一致/偏离阈值/重复异常/时序异常/空间不一致,命中对象、风险等级、证据字段、核查建议,P1,ocr_55_books_deep,E:\2026\审计方法&政策文件\_ocr_output\经责\经济责任审计实务.pdf.md
ECONV6D-017-R01,audit_rule,generated_rule,ECONV6D-017,59,C,经济责任审计 / 监督检查与经费舞弊,b区机关事务管理局局长任期经济责任审计,b区机关事务管理局局长任期经济责任审计完整性规则,检查b区机关事务管理局局长任期经济责任审计相关台账、凭证、审批和支付数据是否完整，缺失率超过阈值则预警。,项目台账；财务收支明细；合同与审批资料；支付凭证；审计发现清单；绩效指标表,字段缺失/跨表不一致/偏离阈值/重复异常/时序异常/空间不一致,命中对象、风险等级、证据字段、核查建议,P1,ocr_55_books_deep,E:\2026\审计方法&政策文件\_ocr_output\经责\经济责任审计实务.md
ECONV6D-017-R02,audit_rule,generated_rule,ECONV6D-017,59,C,经济责任审计 / 监督检查与经费舞弊,b区机关事务管理局局长任期经济责任审计,b区机关事务管理局局长任期经济责任审计一致性规则,检查b区机关事务管理局局长任期经济责任审计在合同、支付、预算、绩效或业务台账之间是否一致。,项目台账；财务收支明细；合同与审批资料；支付凭证；审计发现清单；绩效指标表,字段缺失/跨表不一致/偏离阈值/重复异常/时序异常/空间不一致,命中对象、风险等级、证据字段、核查建议,P1,ocr_55_books_deep,E:\2026\审计方法&政策文件\_ocr_output\经责\经济责任审计实务.md
ECONV6D-017-R03,audit_rule,generated_rule,ECONV6D-017,59,C,经济责任审计 / 监督检查与经费舞弊,b区机关事务管理局局长任期经济责任审计,b区机关事务管理局局长任期经济责任审计异常性规则,按历史均值、同类项目分位数或政策标准识别b区机关事务管理局局长任期经济责任审计异常偏离。,项目台账；财务收支明细；合同与审批资料；支付凭证；审计发现清单；绩效指标表,字段缺失/跨表不一致/偏离阈值/重复异常/时序异常/空间不一致,命中对象、风险等级、证据字段、核查建议,P1,ocr_55_books_deep,E:\2026\审计方法&政策文件\_ocr_output\经责\经济责任审计实务.md
ECONV6D-022-R01,audit_rule,generated_rule,ECONV6D-022,59,C,经济责任审计 / 监督检查与经费舞弊,b区机关事务管理局局长任期经济责任审计,b区机关事务管理局局长任期经济责任审计完整性规则,检查b区机关事务管理局局长任期经济责任审计相关台账、凭证、审批和支付数据是否完整，缺失率超过阈值则预警。,项目台账；财务收支明细；合同与审批资料；支付凭证；审计发现清单；绩效指标表,字段缺失/跨表不一致/偏离阈值/重复异常/时序异常/空间不一致,命中对象、风险等级、证据字段、核查建议,P1,ocr_55_books_deep,E:\2026\审计方法&政策文件\_ocr_output\经责\经济责任审计实务.pdf.md
ECONV6D-022-R02,audit_rule,generated_rule,ECONV6D-022,59,C,经济责任审计 / 监督检查与经费舞弊,b区机关事务管理局局长任期经济责任审计,b区机关事务管理局局长任期经济责任审计一致性规则,检查b区机关事务管理局局长任期经济责任审计在合同、支付、预算、绩效或业务台账之间是否一致。,项目台账；财务收支明细；合同与审批资料；支付凭证；审计发现清单；绩效指标表,字段缺失/跨表不一致/偏离阈值/重复异常/时序异常/空间不一致,命中对象、风险等级、证据字段、核查建议,P1,ocr_55_books_deep,E:\2026\审计方法&政策文件\_ocr_output\经责\经济责任审计实务.pdf.md
ECONV6D-022-R03,audit_rule,generated_rule,ECONV6D-022,59,C,经济责任审计 / 监督检查与经费舞弊,b区机关事务管理局局长任期经济责任审计,b区机关事务管理局局长任期经济责任审计异常性规则,按历史均值、同类项目分位数或政策标准识别b区机关事务管理局局长任期经济责任审计异常偏离。,项目台账；财务收支明细；合同与审批资料；支付凭证；审计发现清单；绩效指标表,字段缺失/跨表不一致/偏离阈值/重复异常/时序异常/空间不一致,命中对象、风险等级、证据字段、核查建议,P1,ocr_55_books_deep,E:\2026\审计方法&政策文件\_ocr_output\经责\经济责任审计实务.pdf.md
ECONV6D-018-R01,audit_rule,generated_rule,ECONV6D-018,59,C,经济责任审计 / 监督检查与经费舞弊,d区风景管理局所属6个管理处原处长离任经济责任审计,d区风景管理局所属6个管理处原处长离任经济责任审计完整性规则,检查d区风景管理局所属6个管理处原处长离任经济责任审计相关台账、凭证、审批和支付数据是否完整，缺失率超过阈值则预警。,项目台账；财务收支明细；合同与审批资料；支付凭证；审计发现清单；绩效指标表,字段缺失/跨表不一致/偏离阈值/重复异常/时序异常/空间不一致,命中对象、风险等级、证据字段、核查建议,P1,ocr_55_books_deep,E:\2026\审计方法&政策文件\_ocr_output\经责\经济责任审计实务.md
ECONV6D-018-R02,audit_rule,generated_rule,ECONV6D-018,59,C,经济责任审计 / 监督检查与经费舞弊,d区风景管理局所属6个管理处原处长离任经济责任审计,d区风景管理局所属6个管理处原处长离任经济责任审计一致性规则,检查d区风景管理局所属6个管理处原处长离任经济责任审计在合同、支付、预算、绩效或业务台账之间是否一致。,项目台账；财务收支明细；合同与审批资料；支付凭证；审计发现清单；绩效指标表,字段缺失/跨表不一致/偏离阈值/重复异常/时序异常/空间不一致,命中对象、风险等级、证据字段、核查建议,P1,ocr_55_books_deep,E:\2026\审计方法&政策文件\_ocr_output\经责\经济责任审计实务.md
ECONV6D-018-R03,audit_rule,generated_rule,ECONV6D-018,59,C,经济责任审计 / 监督检查与经费舞弊,d区风景管理局所属6个管理处原处长离任经济责任审计,d区风景管理局所属6个管理处原处长离任经济责任审计异常性规则,按历史均值、同类项目分位数或政策标准识别d区风景管理局所属6个管理处原处长离任经济责任审计异常偏离。,项目台账；财务收支明细；合同与审批资料；支付凭证；审计发现清单；绩效指标表,字段缺失/跨表不一致/偏离阈值/重复异常/时序异常/空间不一致,命中对象、风险等级、证据字段、核查建议,P1,ocr_55_books_deep,E:\2026\审计方法&政策文件\_ocr_output\经责\经济责任审计实务.md
ECONV6D-023-R01,audit_rule,generated_rule,ECONV6D-023,59,C,经济责任审计 / 监督检查与经费舞弊,d区风景管理局所属6个管理处原处长离任经济责任审计,d区风景管理局所属6个管理处原处长离任经济责任审计完整性规则,检查d区风景管理局所属6个管理处原处长离任经济责任审计相关台账、凭证、审批和支付数据是否完整，缺失率超过阈值则预警。,项目台账；财务收支明细；合同与审批资料；支付凭证；审计发现清单；绩效指标表,字段缺失/跨表不一致/偏离阈值/重复异常/时序异常/空间不一致,命中对象、风险等级、证据字段、核查建议,P1,ocr_55_books_deep,E:\2026\审计方法&政策文件\_ocr_output\经责\经济责任审计实务.pdf.md
ECONV6D-023-R02,audit_rule,generated_rule,ECONV6D-023,59,C,经济责任审计 / 监督检查与经费舞弊,d区风景管理局所属6个管理处原处长离任经济责任审计,d区风景管理局所属6个管理处原处长离任经济责任审计一致性规则,检查d区风景管理局所属6个管理处原处长离任经济责任审计在合同、支付、预算、绩效或业务台账之间是否一致。,项目台账；财务收支明细；合同与审批资料；支付凭证；审计发现清单；绩效指标表,字段缺失/跨表不一致/偏离阈值/重复异常/时序异常/空间不一致,命中对象、风险等级、证据字段、核查建议,P1,ocr_55_books_deep,E:\2026\审计方法&政策文件\_ocr_output\经责\经济责任审计实务.pdf.md
ECONV6D-023-R03,audit_rule,generated_rule,ECONV6D-023,59,C,经济责任审计 / 监督检查与经费舞弊,d区风景管理局所属6个管理处原处长离任经济责任审计,d区风景管理局所属6个管理处原处长离任经济责任审计异常性规则,按历史均值、同类项目分位数或政策标准识别d区风景管理局所属6个管理处原处长离任经济责任审计异常偏离。,项目台账；财务收支明细；合同与审批资料；支付凭证；审计发现清单；绩效指标表,字段缺失/跨表不一致/偏离阈值/重复异常/时序异常/空间不一致,命中对象、风险等级、证据字段、核查建议,P1,ocr_55_books_deep,E:\2026\审计方法&政策文件\_ocr_output\经责\经济责任审计实务.pdf.md
ECONV6D-006-R01,audit_rule,generated_rule,ECONV6D-006,59,C,经济责任审计 / 监督检查与经费舞弊,内部经济责任审计.pdf,内部经济责任审计.pdf完整性规则,检查内部经济责任审计.pdf相关台账、凭证、审批和支付数据是否完整，缺失率超过阈值则预警。,项目台账；财务收支明细；合同与审批资料；支付凭证；审计发现清单；绩效指标表,字段缺失/跨表不一致/偏离阈值/重复异常/时序异常/空间不一致,命中对象、风险等级、证据字段、核查建议,P1,ocr_55_books_deep,E:\2026\审计方法&政策文件\_ocr_output\经责\内部经济责任审计.pdf.md
ECONV6D-006-R02,audit_rule,generated_rule,ECONV6D-006,59,C,经济责任审计 / 监督检查与经费舞弊,内部经济责任审计.pdf,内部经济责任审计.pdf一致性规则,检查内部经济责任审计.pdf在合同、支付、预算、绩效或业务台账之间是否一致。,项目台账；财务收支明细；合同与审批资料；支付凭证；审计发现清单；绩效指标表,字段缺失/跨表不一致/偏离阈值/重复异常/时序异常/空间不一致,命中对象、风险等级、证据字段、核查建议,P1,ocr_55_books_deep,E:\2026\审计方法&政策文件\_ocr_output\经责\内部经济责任审计.pdf.md
ECONV6D-006-R03,audit_rule,generated_rule,ECONV6D-006,59,C,经济责任审计 / 监督检查与经费舞弊,内部经济责任审计.pdf,内部经济责任审计.pdf异常性规则,按历史均值、同类项目分位数或政策标准识别内部经济责任审计.pdf异常偏离。,项目台账；财务收支明细；合同与审批资料；支付凭证；审计发现清单；绩效指标表,字段缺失/跨表不一致/偏离阈值/重复异常/时序异常/空间不一致,命中对象、风险等级、证据字段、核查建议,P1,ocr_55_books_deep,E:\2026\审计方法&政策文件\_ocr_output\经责\内部经济责任审计.pdf.md
ECONV6D-005-R01,audit_rule,generated_rule,ECONV6D-005,59,C,经济责任审计 / 监督检查与经费舞弊,内部经济责任审计总体评价,内部经济责任审计总体评价完整性规则,检查内部经济责任审计总体评价相关台账、凭证、审批和支付数据是否完整，缺失率超过阈值则预警。,项目台账；财务收支明细；合同与审批资料；支付凭证；审计发现清单；绩效指标表,字段缺失/跨表不一致/偏离阈值/重复异常/时序异常/空间不一致,命中对象、风险等级、证据字段、核查建议,P1,ocr_55_books_deep,E:\2026\审计方法&政策文件\_ocr_output\经责\内部经济责任审计.pdf.md
ECONV6D-005-R02,audit_rule,generated_rule,ECONV6D-005,59,C,经济责任审计 / 监督检查与经费舞弊,内部经济责任审计总体评价,内部经济责任审计总体评价一致性规则,检查内部经济责任审计总体评价在合同、支付、预算、绩效或业务台账之间是否一致。,项目台账；财务收支明细；合同与审批资料；支付凭证；审计发现清单；绩效指标表,字段缺失/跨表不一致/偏离阈值/重复异常/时序异常/空间不一致,命中对象、风险等级、证据字段、核查建议,P1,ocr_55_books_deep,E:\2026\审计方法&政策文件\_ocr_output\经责\内部经济责任审计.pdf.md
ECONV6D-005-R03,audit_rule,generated_rule,ECONV6D-005,59,C,经济责任审计 / 监督检查与经费舞弊,内部经济责任审计总体评价,内部经济责任审计总体评价异常性规则,按历史均值、同类项目分位数或政策标准识别内部经济责任审计总体评价异常偏离。,项目台账；财务收支明细；合同与审批资料；支付凭证；审计发现清单；绩效指标表,字段缺失/跨表不一致/偏离阈值/重复异常/时序异常/空间不一致,命中对象、风险等级、证据字段、核查建议,P1,ocr_55_books_deep,E:\2026\审计方法&政策文件\_ocr_output\经责\内部经济责任审计.pdf.md
ECONV6D-007-R01,audit_rule,generated_rule,ECONV6D-007,59,C,经济责任审计 / 监督检查与经费舞弊,内部经济责任审计概述,内部经济责任审计概述完整性规则,检查内部经济责任审计概述相关台账、凭证、审批和支付数据是否完整，缺失率超过阈值则预警。,项目台账；财务收支明细；合同与审批资料；支付凭证；审计发现清单；绩效指标表,字段缺失/跨表不一致/偏离阈值/重复异常/时序异常/空间不一致,命中对象、风险等级、证据字段、核查建议,P1,ocr_55_books_deep,E:\2026\审计方法&政策文件\_ocr_output\经责\内部经济责任审计.pdf.md
ECONV6D-007-R02,audit_rule,generated_rule,ECONV6D-007,59,C,经济责任审计 / 监督检查与经费舞弊,内部经济责任审计概述,内部经济责任审计概述一致性规则,检查内部经济责任审计概述在合同、支付、预算、绩效或业务台账之间是否一致。,项目台账；财务收支明细；合同与审批资料；支付凭证；审计发现清单；绩效指标表,字段缺失/跨表不一致/偏离阈值/重复异常/时序异常/空间不一致,命中对象、风险等级、证据字段、核查建议,P1,ocr_55_books_deep,E:\2026\审计方法&政策文件\_ocr_output\经责\内部经济责任审计.pdf.md
ECONV6D-007-R03,audit_rule,generated_rule,ECONV6D-007,59,C,经济责任审计 / 监督检查与经费舞弊,内部经济责任审计概述,内部经济责任审计概述异常性规则,按历史均值、同类项目分位数或政策标准识别内部经济责任审计概述异常偏离。,项目台账；财务收支明细；合同与审批资料；支付凭证；审计发现清单；绩效指标表,字段缺失/跨表不一致/偏离阈值/重复异常/时序异常/空间不一致,命中对象、风险等级、证据字段、核查建议,P1,ocr_55_books_deep,E:\2026\审计方法&政策文件\_ocr_output\经责\内部经济责任审计.pdf.md
ECONV6D-002-R01,audit_rule,generated_rule,ECONV6D-002,59,C,经济责任审计 / 监督检查与经费舞弊,内部经济责任审计特有的调查和分析方法,内部经济责任审计特有的调查和分析方法完整性规则,检查内部经济责任审计特有的调查和分析方法相关台账、凭证、审批和支付数据是否完整，缺失率超过阈值则预警。,项目台账；财务收支明细；合同与审批资料；支付凭证；审计发现清单；绩效指标表,字段缺失/跨表不一致/偏离阈值/重复异常/时序异常/空间不一致,命中对象、风险等级、证据字段、核查建议,P1,ocr_55_books_deep,E:\2026\审计方法&政策文件\_ocr_output\经责\内部经济责任审计.pdf.md
ECONV6D-002-R02,audit_rule,generated_rule,ECONV6D-002,59,C,经济责任审计 / 监督检查与经费舞弊,内部经济责任审计特有的调查和分析方法,内部经济责任审计特有的调查和分析方法一致性规则,检查内部经济责任审计特有的调查和分析方法在合同、支付、预算、绩效或业务台账之间是否一致。,项目台账；财务收支明细；合同与审批资料；支付凭证；审计发现清单；绩效指标表,字段缺失/跨表不一致/偏离阈值/重复异常/时序异常/空间不一致,命中对象、风险等级、证据字段、核查建议,P1,ocr_55_books_deep,E:\2026\审计方法&政策文件\_ocr_output\经责\内部经济责任审计.pdf.md
ECONV6D-002-R03,audit_rule,generated_rule,ECONV6D-002,59,C,经济责任审计 / 监督检查与经费舞弊,内部经济责任审计特有的调查和分析方法,内部经济责任审计特有的调查和分析方法异常性规则,按历史均值、同类项目分位数或政策标准识别内部经济责任审计特有的调查和分析方法异常偏离。,项目台账；财务收支明细；合同与审批资料；支付凭证；审计发现清单；绩效指标表,字段缺失/跨表不一致/偏离阈值/重复异常/时序异常/空间不一致,命中对象、风险等级、证据字段、核查建议,P1,ocr_55_books_deep,E:\2026\审计方法&政策文件\_ocr_output\经责\内部经济责任审计.pdf.md
ECONV6D-008-R01,audit_rule,generated_rule,ECONV6D-008,59,C,经济责任审计 / 监督检查与经费舞弊,内部经济责任审计的必要性与特点,内部经济责任审计的必要性与特点完整性规则,检查内部经济责任审计的必要性与特点相关台账、凭证、审批和支付数据是否完整，缺失率超过阈值则预警。,项目台账；财务收支明细；合同与审批资料；支付凭证；审计发现清单；绩效指标表,字段缺失/跨表不一致/偏离阈值/重复异常/时序异常/空间不一致,命中对象、风险等级、证据字段、核查建议,P1,ocr_55_books_deep,E:\2026\审计方法&政策文件\_ocr_output\经责\内部经济责任审计.pdf.md
ECONV6D-008-R02,audit_rule,generated_rule,ECONV6D-008,59,C,经济责任审计 / 监督检查与经费舞弊,内部经济责任审计的必要性与特点,内部经济责任审计的必要性与特点一致性规则,检查内部经济责任审计的必要性与特点在合同、支付、预算、绩效或业务台账之间是否一致。,项目台账；财务收支明细；合同与审批资料；支付凭证；审计发现清单；绩效指标表,字段缺失/跨表不一致/偏离阈值/重复异常/时序异常/空间不一致,命中对象、风险等级、证据字段、核查建议,P1,ocr_55_books_deep,E:\2026\审计方法&政策文件\_ocr_output\经责\内部经济责任审计.pdf.md
ECONV6D-008-R03,audit_rule,generated_rule,ECONV6D-008,59,C,经济责任审计 / 监督检查与经费舞弊,内部经济责任审计的必要性与特点,内部经济责任审计的必要性与特点异常性规则,按历史均值、同类项目分位数或政策标准识别内部经济责任审计的必要性与特点异常偏离。,项目台账；财务收支明细；合同与审批资料；支付凭证；审计发现清单；绩效指标表,字段缺失/跨表不一致/偏离阈值/重复异常/时序异常/空间不一致,命中对象、风险等级、证据字段、核查建议,P1,ocr_55_books_deep,E:\2026\审计方法&政策文件\_ocr_output\经责\内部经济责任审计.pdf.md
ECONV6D-001-R01,audit_rule,generated_rule,ECONV6D-001,69,C,经济责任审计 / 监督检查与经费舞弊,内部经济责任审计的程序与方法,内部经济责任审计的程序与方法完整性规则,检查内部经济责任审计的程序与方法相关台账、凭证、审批和支付数据是否完整，缺失率超过阈值则预警。,项目台账；财务收支明细；合同与审批资料；支付凭证；审计发现清单；绩效指标表,字段缺失/跨表不一致/偏离阈值/重复异常/时序异常/空间不一致,命中对象、风险等级、证据字段、核查建议,P0,ocr_55_books_deep,E:\2026\审计方法&政策文件\_ocr_output\经责\内部经济责任审计.pdf.md
ECONV6D-001-R02,audit_rule,generated_rule,ECONV6D-001,69,C,经济责任审计 / 监督检查与经费舞弊,内部经济责任审计的程序与方法,内部经济责任审计的程序与方法一致性规则,检查内部经济责任审计的程序与方法在合同、支付、预算、绩效或业务台账之间是否一致。,项目台账；财务收支明细；合同与审批资料；支付凭证；审计发现清单；绩效指标表,字段缺失/跨表不一致/偏离阈值/重复异常/时序异常/空间不一致,命中对象、风险等级、证据字段、核查建议,P0,ocr_55_books_deep,E:\2026\审计方法&政策文件\_ocr_output\经责\内部经济责任审计.pdf.md
ECONV6D-001-R03,audit_rule,generated_rule,ECONV6D-001,69,C,经济责任审计 / 监督检查与经费舞弊,内部经济责任审计的程序与方法,内部经济责任审计的程序与方法异常性规则,按历史均值、同类项目分位数或政策标准识别内部经济责任审计的程序与方法异常偏离。,项目台账；财务收支明细；合同与审批资料；支付凭证；审计发现清单；绩效指标表,字段缺失/跨表不一致/偏离阈值/重复异常/时序异常/空间不一致,命中对象、风险等级、证据字段、核查建议,P0,ocr_55_books_deep,E:\2026\审计方法&政策文件\_ocr_output\经责\内部经济责任审计.pdf.md
ECONV6D-004-R01,audit_rule,generated_rule,ECONV6D-004,59,C,经济责任审计 / 监督检查与经费舞弊,内部经济责任审计程序,内部经济责任审计程序完整性规则,检查内部经济责任审计程序相关台账、凭证、审批和支付数据是否完整，缺失率超过阈值则预警。,项目台账；财务收支明细；合同与审批资料；支付凭证；审计发现清单；绩效指标表,字段缺失/跨表不一致/偏离阈值/重复异常/时序异常/空间不一致,命中对象、风险等级、证据字段、核查建议,P1,ocr_55_books_deep,E:\2026\审计方法&政策文件\_ocr_output\经责\内部经济责任审计.pdf.md
ECONV6D-004-R02,audit_rule,generated_rule,ECONV6D-004,59,C,经济责任审计 / 监督检查与经费舞弊,内部经济责任审计程序,内部经济责任审计程序一致性规则,检查内部经济责任审计程序在合同、支付、预算、绩效或业务台账之间是否一致。,项目台账；财务收支明细；合同与审批资料；支付凭证；审计发现清单；绩效指标表,字段缺失/跨表不一致/偏离阈值/重复异常/时序异常/空间不一致,命中对象、风险等级、证据字段、核查建议,P1,ocr_55_books_deep,E:\2026\审计方法&政策文件\_ocr_output\经责\内部经济责任审计.pdf.md
ECONV6D-004-R03,audit_rule,generated_rule,ECONV6D-004,59,C,经济责任审计 / 监督检查与经费舞弊,内部经济责任审计程序,内部经济责任审计程序异常性规则,按历史均值、同类项目分位数或政策标准识别内部经济责任审计程序异常偏离。,项目台账；财务收支明细；合同与审批资料；支付凭证；审计发现清单；绩效指标表,字段缺失/跨表不一致/偏离阈值/重复异常/时序异常/空间不一致,命中对象、风险等级、证据字段、核查建议,P1,ocr_55_books_deep,E:\2026\审计方法&政策文件\_ocr_output\经责\内部经济责任审计.pdf.md
ECONV6D-003-R01,audit_rule,generated_rule,ECONV6D-003,59,C,经济责任审计 / 监督检查与经费舞弊,内部经济责任审计评价与责任界定,内部经济责任审计评价与责任界定完整性规则,检查内部经济责任审计评价与责任界定相关台账、凭证、审批和支付数据是否完整，缺失率超过阈值则预警。,项目台账；财务收支明细；合同与审批资料；支付凭证；审计发现清单；绩效指标表,字段缺失/跨表不一致/偏离阈值/重复异常/时序异常/空间不一致,命中对象、风险等级、证据字段、核查建议,P1,ocr_55_books_deep,E:\2026\审计方法&政策文件\_ocr_output\经责\内部经济责任审计.pdf.md
ECONV6D-003-R02,audit_rule,generated_rule,ECONV6D-003,59,C,经济责任审计 / 监督检查与经费舞弊,内部经济责任审计评价与责任界定,内部经济责任审计评价与责任界定一致性规则,检查内部经济责任审计评价与责任界定在合同、支付、预算、绩效或业务台账之间是否一致。,项目台账；财务收支明细；合同与审批资料；支付凭证；审计发现清单；绩效指标表,字段缺失/跨表不一致/偏离阈值/重复异常/时序异常/空间不一致,命中对象、风险等级、证据字段、核查建议,P1,ocr_55_books_deep,E:\2026\审计方法&政策文件\_ocr_output\经责\内部经济责任审计.pdf.md
ECONV6D-003-R03,audit_rule,generated_rule,ECONV6D-003,59,C,经济责任审计 / 监督检查与经费舞弊,内部经济责任审计评价与责任界定,内部经济责任审计评价与责任界定异常性规则,按历史均值、同类项目分位数或政策标准识别内部经济责任审计评价与责任界定异常偏离。,项目台账；财务收支明细；合同与审批资料；支付凭证；审计发现清单；绩效指标表,字段缺失/跨表不一致/偏离阈值/重复异常/时序异常/空间不一致,命中对象、风险等级、证据字段、核查建议,P1,ocr_55_books_deep,E:\2026\审计方法&政策文件\_ocr_output\经责\内部经济责任审计.pdf.md
ECONV6D-019-R01,audit_rule,generated_rule,ECONV6D-019,59,C,经济责任审计 / 监督检查与经费舞弊,经济责任审计实务,经济责任审计实务完整性规则,检查经济责任审计实务相关台账、凭证、审批和支付数据是否完整，缺失率超过阈值则预警。,项目台账；财务收支明细；合同与审批资料；支付凭证；审计发现清单；绩效指标表,字段缺失/跨表不一致/偏离阈值/重复异常/时序异常/空间不一致,命中对象、风险等级、证据字段、核查建议,P1,ocr_55_books_deep,E:\2026\审计方法&政策文件\_ocr_output\经责\经济责任审计实务.md
ECONV6D-019-R02,audit_rule,generated_rule,ECONV6D-019,59,C,经济责任审计 / 监督检查与经费舞弊,经济责任审计实务,经济责任审计实务一致性规则,检查经济责任审计实务在合同、支付、预算、绩效或业务台账之间是否一致。,项目台账；财务收支明细；合同与审批资料；支付凭证；审计发现清单；绩效指标表,字段缺失/跨表不一致/偏离阈值/重复异常/时序异常/空间不一致,命中对象、风险等级、证据字段、核查建议,P1,ocr_55_books_deep,E:\2026\审计方法&政策文件\_ocr_output\经责\经济责任审计实务.md
ECONV6D-019-R03,audit_rule,generated_rule,ECONV6D-019,59,C,经济责任审计 / 监督检查与经费舞弊,经济责任审计实务,经济责任审计实务异常性规则,按历史均值、同类项目分位数或政策标准识别经济责任审计实务异常偏离。,项目台账；财务收支明细；合同与审批资料；支付凭证；审计发现清单；绩效指标表,字段缺失/跨表不一致/偏离阈值/重复异常/时序异常/空间不一致,命中对象、风险等级、证据字段、核查建议,P1,ocr_55_books_deep,E:\2026\审计方法&政策文件\_ocr_output\经责\经济责任审计实务.md
ECONV6D-024-R01,audit_rule,generated_rule,ECONV6D-024,59,C,经济责任审计 / 监督检查与经费舞弊,经济责任审计实务.pdf,经济责任审计实务.pdf完整性规则,检查经济责任审计实务.pdf相关台账、凭证、审批和支付数据是否完整，缺失率超过阈值则预警。,项目台账；财务收支明细；合同与审批资料；支付凭证；审计发现清单；绩效指标表,字段缺失/跨表不一致/偏离阈值/重复异常/时序异常/空间不一致,命中对象、风险等级、证据字段、核查建议,P1,ocr_55_books_deep,E:\2026\审计方法&政策文件\_ocr_output\经责\经济责任审计实务.pdf.md
ECONV6D-024-R02,audit_rule,generated_rule,ECONV6D-024,59,C,经济责任审计 / 监督检查与经费舞弊,经济责任审计实务.pdf,经济责任审计实务.pdf一致性规则,检查经济责任审计实务.pdf在合同、支付、预算、绩效或业务台账之间是否一致。,项目台账；财务收支明细；合同与审批资料；支付凭证；审计发现清单；绩效指标表,字段缺失/跨表不一致/偏离阈值/重复异常/时序异常/空间不一致,命中对象、风险等级、证据字段、核查建议,P1,ocr_55_books_deep,E:\2026\审计方法&政策文件\_ocr_output\经责\经济责任审计实务.pdf.md
ECONV6D-024-R03,audit_rule,generated_rule,ECONV6D-024,59,C,经济责任审计 / 监督检查与经费舞弊,经济责任审计实务.pdf,经济责任审计实务.pdf异常性规则,按历史均值、同类项目分位数或政策标准识别经济责任审计实务.pdf异常偏离。,项目台账；财务收支明细；合同与审批资料；支付凭证；审计发现清单；绩效指标表,字段缺失/跨表不一致/偏离阈值/重复异常/时序异常/空间不一致,命中对象、风险等级、证据字段、核查建议,P1,ocr_55_books_deep,E:\2026\审计方法&政策文件\_ocr_output\经责\经济责任审计实务.pdf.md
ECONV6D-045-R01,audit_rule,generated_rule,ECONV6D-045,59,C,经济责任审计 / 监督检查与经费舞弊 / 农业农村审计,奋楫笃行担使命踔厉奋发启新程以高质量审计监督助力,奋楫笃行担使命踔厉奋发启新程以高质量审计监督助力完整性规则,检查奋楫笃行担使命踔厉奋发启新程以高质量审计监督助力相关台账、凭证、审批和支付数据是否完整，缺失率超过阈值则预警。,项目台账；财务收支明细；合同与审批资料；支付凭证；审计发现清单；会议纪要,字段缺失/跨表不一致/偏离阈值/重复异常/时序异常/空间不一致,命中对象、风险等级、证据字段、核查建议,P1,ocr_55_books_deep,E:\2026\审计方法&政策文件\_ocr_output\2经济责任审计_6期\奋楫笃行担使命踔厉奋发启新程以高质量审计监督助力开创富民兴陇新局面.md
ECONV6D-045-R02,audit_rule,generated_rule,ECONV6D-045,59,C,经济责任审计 / 监督检查与经费舞弊 / 农业农村审计,奋楫笃行担使命踔厉奋发启新程以高质量审计监督助力,奋楫笃行担使命踔厉奋发启新程以高质量审计监督助力一致性规则,检查奋楫笃行担使命踔厉奋发启新程以高质量审计监督助力在合同、支付、预算、绩效或业务台账之间是否一致。,项目台账；财务收支明细；合同与审批资料；支付凭证；审计发现清单；会议纪要,字段缺失/跨表不一致/偏离阈值/重复异常/时序异常/空间不一致,命中对象、风险等级、证据字段、核查建议,P1,ocr_55_books_deep,E:\2026\审计方法&政策文件\_ocr_output\2经济责任审计_6期\奋楫笃行担使命踔厉奋发启新程以高质量审计监督助力开创富民兴陇新局面.md
ECONV6D-045-R03,audit_rule,generated_rule,ECONV6D-045,59,C,经济责任审计 / 监督检查与经费舞弊 / 农业农村审计,奋楫笃行担使命踔厉奋发启新程以高质量审计监督助力,奋楫笃行担使命踔厉奋发启新程以高质量审计监督助力异常性规则,按历史均值、同类项目分位数或政策标准识别奋楫笃行担使命踔厉奋发启新程以高质量审计监督助力异常偏离。,项目台账；财务收支明细；合同与审批资料；支付凭证；审计发现清单；会议纪要,字段缺失/跨表不一致/偏离阈值/重复异常/时序异常/空间不一致,命中对象、风险等级、证据字段、核查建议,P1,ocr_55_books_deep,E:\2026\审计方法&政策文件\_ocr_output\2经济责任审计_6期\奋楫笃行担使命踔厉奋发启新程以高质量审计监督助力开创富民兴陇新局面.md
ECONV6D-046-R01,audit_rule,generated_rule,ECONV6D-046,59,C,经济责任审计 / 监督检查与经费舞弊 / 预算执行与财政管理,经济责任审计科学化制度化模块化探索以同类型县域党,经济责任审计科学化制度化模块化探索以同类型县域党完整性规则,检查经济责任审计科学化制度化模块化探索以同类型县域党相关台账、凭证、审批和支付数据是否完整，缺失率超过阈值则预警。,项目台账；财务收支明细；合同与审批资料；支付凭证；审计发现清单；绩效指标表,字段缺失/跨表不一致/偏离阈值/重复异常/时序异常/空间不一致,命中对象、风险等级、证据字段、核查建议,P1,ocr_55_books_deep,E:\2026\审计方法&政策文件\_ocr_output\2经济责任审计_6期\经济责任审计科学化制度化模块化探索以同类型县域党政主要领导干部 步开展经济责任审计为例.md
ECONV6D-046-R02,audit_rule,generated_rule,ECONV6D-046,59,C,经济责任审计 / 监督检查与经费舞弊 / 预算执行与财政管理,经济责任审计科学化制度化模块化探索以同类型县域党,经济责任审计科学化制度化模块化探索以同类型县域党一致性规则,检查经济责任审计科学化制度化模块化探索以同类型县域党在合同、支付、预算、绩效或业务台账之间是否一致。,项目台账；财务收支明细；合同与审批资料；支付凭证；审计发现清单；绩效指标表,字段缺失/跨表不一致/偏离阈值/重复异常/时序异常/空间不一致,命中对象、风险等级、证据字段、核查建议,P1,ocr_55_books_deep,E:\2026\审计方法&政策文件\_ocr_output\2经济责任审计_6期\经济责任审计科学化制度化模块化探索以同类型县域党政主要领导干部 步开展经济责任审计为例.md
ECONV6D-046-R03,audit_rule,generated_rule,ECONV6D-046,59,C,经济责任审计 / 监督检查与经费舞弊 / 预算执行与财政管理,经济责任审计科学化制度化模块化探索以同类型县域党,经济责任审计科学化制度化模块化探索以同类型县域党异常性规则,按历史均值、同类项目分位数或政策标准识别经济责任审计科学化制度化模块化探索以同类型县域党异常偏离。,项目台账；财务收支明细；合同与审批资料；支付凭证；审计发现清单；绩效指标表,字段缺失/跨表不一致/偏离阈值/重复异常/时序异常/空间不一致,命中对象、风险等级、证据字段、核查建议,P1,ocr_55_books_deep,E:\2026\审计方法&政策文件\_ocr_output\2经济责任审计_6期\经济责任审计科学化制度化模块化探索以同类型县域党政主要领导干部 步开展经济责任审计为例.md
ECONV6D-047-R01,audit_rule,generated_rule,ECONV6D-047,59,C,经济责任审计 / 监督检查与经费舞弊 / 预算执行与财政管理,经济责任审计证据（下）,经济责任审计证据（下）完整性规则,检查经济责任审计证据（下）相关台账、凭证、审批和支付数据是否完整，缺失率超过阈值则预警。,项目台账；财务收支明细；合同与审批资料；支付凭证；审计发现清单；绩效指标表,字段缺失/跨表不一致/偏离阈值/重复异常/时序异常/空间不一致,命中对象、风险等级、证据字段、核查建议,P1,ocr_55_books_deep,E:\2026\审计方法&政策文件\_ocr_output\2经济责任审计_6期\经济责任审计证据（下）.md
ECONV6D-047-R02,audit_rule,generated_rule,ECONV6D-047,59,C,经济责任审计 / 监督检查与经费舞弊 / 预算执行与财政管理,经济责任审计证据（下）,经济责任审计证据（下）一致性规则,检查经济责任审计证据（下）在合同、支付、预算、绩效或业务台账之间是否一致。,项目台账；财务收支明细；合同与审批资料；支付凭证；审计发现清单；绩效指标表,字段缺失/跨表不一致/偏离阈值/重复异常/时序异常/空间不一致,命中对象、风险等级、证据字段、核查建议,P1,ocr_55_books_deep,E:\2026\审计方法&政策文件\_ocr_output\2经济责任审计_6期\经济责任审计证据（下）.md
ECONV6D-047-R03,audit_rule,generated_rule,ECONV6D-047,59,C,经济责任审计 / 监督检查与经费舞弊 / 预算执行与财政管理,经济责任审计证据（下）,经济责任审计证据（下）异常性规则,按历史均值、同类项目分位数或政策标准识别经济责任审计证据（下）异常偏离。,项目台账；财务收支明细；合同与审批资料；支付凭证；审计发现清单；绩效指标表,字段缺失/跨表不一致/偏离阈值/重复异常/时序异常/空间不一致,命中对象、风险等级、证据字段、核查建议,P1,ocr_55_books_deep,E:\2026\审计方法&政策文件\_ocr_output\2经济责任审计_6期\经济责任审计证据（下）.md
ECONV6D-048-R01,audit_rule,generated_rule,ECONV6D-048,59,C,经济责任审计 / 监督检查与经费舞弊 / 预算执行与财政管理,领导干部权力寻租风险治理路径探析基于县区党政主要,领导干部权力寻租风险治理路径探析基于县区党政主要完整性规则,检查领导干部权力寻租风险治理路径探析基于县区党政主要相关台账、凭证、审批和支付数据是否完整，缺失率超过阈值则预警。,项目台账；财务收支明细；合同与审批资料；支付凭证；审计发现清单；工程量清单,字段缺失/跨表不一致/偏离阈值/重复异常/时序异常/空间不一致,命中对象、风险等级、证据字段、核查建议,P1,ocr_55_books_deep,E:\2026\审计方法&政策文件\_ocr_output\2经济责任审计_6期\领导干部权力寻租风险治理路径探析基于县区党政主要领导干部经济责任审计实践.md
ECONV6D-048-R02,audit_rule,generated_rule,ECONV6D-048,59,C,经济责任审计 / 监督检查与经费舞弊 / 预算执行与财政管理,领导干部权力寻租风险治理路径探析基于县区党政主要,领导干部权力寻租风险治理路径探析基于县区党政主要一致性规则,检查领导干部权力寻租风险治理路径探析基于县区党政主要在合同、支付、预算、绩效或业务台账之间是否一致。,项目台账；财务收支明细；合同与审批资料；支付凭证；审计发现清单；工程量清单,字段缺失/跨表不一致/偏离阈值/重复异常/时序异常/空间不一致,命中对象、风险等级、证据字段、核查建议,P1,ocr_55_books_deep,E:\2026\审计方法&政策文件\_ocr_output\2经济责任审计_6期\领导干部权力寻租风险治理路径探析基于县区党政主要领导干部经济责任审计实践.md
ECONV6D-048-R03,audit_rule,generated_rule,ECONV6D-048,59,C,经济责任审计 / 监督检查与经费舞弊 / 预算执行与财政管理,领导干部权力寻租风险治理路径探析基于县区党政主要,领导干部权力寻租风险治理路径探析基于县区党政主要异常性规则,按历史均值、同类项目分位数或政策标准识别领导干部权力寻租风险治理路径探析基于县区党政主要异常偏离。,项目台账；财务收支明细；合同与审批资料；支付凭证；审计发现清单；工程量清单,字段缺失/跨表不一致/偏离阈值/重复异常/时序异常/空间不一致,命中对象、风险等级、证据字段、核查建议,P1,ocr_55_books_deep,E:\2026\审计方法&政策文件\_ocr_output\2经济责任审计_6期\领导干部权力寻租风险治理路径探析基于县区党政主要领导干部经济责任审计实践.md
SUPVV6D-069-R01,audit_rule,generated_rule,SUPVV6D-069,59,C,经济责任审计 / 监督检查与经费舞弊 / 预算执行与财政管理,高校内部管理领导人员经济责任审计实务困境与全流程,高校内部管理领导人员经济责任审计实务困境与全流程完整性规则,检查高校内部管理领导人员经济责任审计实务困境与全流程相关台账、凭证、审批和支付数据是否完整，缺失率超过阈值则预警。,项目台账；财务收支明细；合同与审批资料；支付凭证；审计发现清单；绩效指标表,字段缺失/跨表不一致/偏离阈值/重复异常/时序异常/空间不一致,命中对象、风险等级、证据字段、核查建议,P1,ocr_55_books_deep,E:\2026\审计方法&政策文件\_ocr_output\2经济责任审计_6期\高校内部管理领导人员经济责任审计实务困境与全流程优化建议.md
SUPVV6D-069-R02,audit_rule,generated_rule,SUPVV6D-069,59,C,经济责任审计 / 监督检查与经费舞弊 / 预算执行与财政管理,高校内部管理领导人员经济责任审计实务困境与全流程,高校内部管理领导人员经济责任审计实务困境与全流程一致性规则,检查高校内部管理领导人员经济责任审计实务困境与全流程在合同、支付、预算、绩效或业务台账之间是否一致。,项目台账；财务收支明细；合同与审批资料；支付凭证；审计发现清单；绩效指标表,字段缺失/跨表不一致/偏离阈值/重复异常/时序异常/空间不一致,命中对象、风险等级、证据字段、核查建议,P1,ocr_55_books_deep,E:\2026\审计方法&政策文件\_ocr_output\2经济责任审计_6期\高校内部管理领导人员经济责任审计实务困境与全流程优化建议.md
SUPVV6D-069-R03,audit_rule,generated_rule,SUPVV6D-069,59,C,经济责任审计 / 监督检查与经费舞弊 / 预算执行与财政管理,高校内部管理领导人员经济责任审计实务困境与全流程,高校内部管理领导人员经济责任审计实务困境与全流程异常性规则,按历史均值、同类项目分位数或政策标准识别高校内部管理领导人员经济责任审计实务困境与全流程异常偏离。,项目台账；财务收支明细；合同与审批资料；支付凭证；审计发现清单；绩效指标表,字段缺失/跨表不一致/偏离阈值/重复异常/时序异常/空间不一致,命中对象、风险等级、证据字段、核查建议,P1,ocr_55_books_deep,E:\2026\审计方法&政策文件\_ocr_output\2经济责任审计_6期\高校内部管理领导人员经济责任审计实务困境与全流程优化建议.md
ENVV6D-008-R01,audit_rule,generated_rule,ENVV6D-008,59,C,经济责任审计 / 资源环境审计 / 监督检查与经费舞弊,国企经责损失责任,国企经责损失责任完整性规则,检查国企经责损失责任相关台账、凭证、审批和支付数据是否完整，缺失率超过阈值则预警。,项目台账；财务收支明细；合同与审批资料；支付凭证；审计发现清单；会议纪要,字段缺失/跨表不一致/偏离阈值/重复异常/时序异常/空间不一致,命中对象、风险等级、证据字段、核查建议,P1,ocr_55_books_deep,E:\2026\审计方法&政策文件\_ocr_output\经责\领导干部自然资源资产离任审计实务与操作指引.pdf.md
ENVV6D-008-R02,audit_rule,generated_rule,ENVV6D-008,59,C,经济责任审计 / 资源环境审计 / 监督检查与经费舞弊,国企经责损失责任,国企经责损失责任一致性规则,检查国企经责损失责任在合同、支付、预算、绩效或业务台账之间是否一致。,项目台账；财务收支明细；合同与审批资料；支付凭证；审计发现清单；会议纪要,字段缺失/跨表不一致/偏离阈值/重复异常/时序异常/空间不一致,命中对象、风险等级、证据字段、核查建议,P1,ocr_55_books_deep,E:\2026\审计方法&政策文件\_ocr_output\经责\领导干部自然资源资产离任审计实务与操作指引.pdf.md
ENVV6D-008-R03,audit_rule,generated_rule,ENVV6D-008,59,C,经济责任审计 / 资源环境审计 / 监督检查与经费舞弊,国企经责损失责任,国企经责损失责任异常性规则,按历史均值、同类项目分位数或政策标准识别国企经责损失责任异常偏离。,项目台账；财务收支明细；合同与审批资料；支付凭证；审计发现清单；会议纪要,字段缺失/跨表不一致/偏离阈值/重复异常/时序异常/空间不一致,命中对象、风险等级、证据字段、核查建议,P1,ocr_55_books_deep,E:\2026\审计方法&政策文件\_ocr_output\经责\领导干部自然资源资产离任审计实务与操作指引.pdf.md
ENVV6D-001-R01,audit_rule,generated_rule,ENVV6D-001,69,C,经济责任审计 / 资源环境审计 / 监督检查与经费舞弊,大数据审计方法,大数据审计方法完整性规则,检查大数据审计方法相关台账、凭证、审批和支付数据是否完整，缺失率超过阈值则预警。,项目台账；财务收支明细；合同与审批资料；支付凭证；审计发现清单；会议纪要,字段缺失/跨表不一致/偏离阈值/重复异常/时序异常/空间不一致,命中对象、风险等级、证据字段、核查建议,P0,ocr_55_books_deep,E:\2026\审计方法&政策文件\_ocr_output\经责\领导干部自然资源资产离任审计实务与操作指引.pdf.md
ENVV6D-001-R02,audit_rule,generated_rule,ENVV6D-001,69,C,经济责任审计 / 资源环境审计 / 监督检查与经费舞弊,大数据审计方法,大数据审计方法一致性规则,检查大数据审计方法在合同、支付、预算、绩效或业务台账之间是否一致。,项目台账；财务收支明细；合同与审批资料；支付凭证；审计发现清单；会议纪要,字段缺失/跨表不一致/偏离阈值/重复异常/时序异常/空间不一致,命中对象、风险等级、证据字段、核查建议,P0,ocr_55_books_deep,E:\2026\审计方法&政策文件\_ocr_output\经责\领导干部自然资源资产离任审计实务与操作指引.pdf.md
ENVV6D-001-R03,audit_rule,generated_rule,ENVV6D-001,69,C,经济责任审计 / 资源环境审计 / 监督检查与经费舞弊,大数据审计方法,大数据审计方法异常性规则,按历史均值、同类项目分位数或政策标准识别大数据审计方法异常偏离。,项目台账；财务收支明细；合同与审批资料；支付凭证；审计发现清单；会议纪要,字段缺失/跨表不一致/偏离阈值/重复异常/时序异常/空间不一致,命中对象、风险等级、证据字段、核查建议,P0,ocr_55_books_deep,E:\2026\审计方法&政策文件\_ocr_output\经责\领导干部自然资源资产离任审计实务与操作指引.pdf.md
ENVV6D-005-R01,audit_rule,generated_rule,ENVV6D-005,59,C,经济责任审计 / 资源环境审计 / 监督检查与经费舞弊,权责事项矩阵,权责事项矩阵完整性规则,检查权责事项矩阵相关台账、凭证、审批和支付数据是否完整，缺失率超过阈值则预警。,项目台账；财务收支明细；合同与审批资料；支付凭证；审计发现清单；会议纪要,字段缺失/跨表不一致/偏离阈值/重复异常/时序异常/空间不一致,命中对象、风险等级、证据字段、核查建议,P1,ocr_55_books_deep,E:\2026\审计方法&政策文件\_ocr_output\经责\领导干部自然资源资产离任审计实务与操作指引.pdf.md
ENVV6D-005-R02,audit_rule,generated_rule,ENVV6D-005,59,C,经济责任审计 / 资源环境审计 / 监督检查与经费舞弊,权责事项矩阵,权责事项矩阵一致性规则,检查权责事项矩阵在合同、支付、预算、绩效或业务台账之间是否一致。,项目台账；财务收支明细；合同与审批资料；支付凭证；审计发现清单；会议纪要,字段缺失/跨表不一致/偏离阈值/重复异常/时序异常/空间不一致,命中对象、风险等级、证据字段、核查建议,P1,ocr_55_books_deep,E:\2026\审计方法&政策文件\_ocr_output\经责\领导干部自然资源资产离任审计实务与操作指引.pdf.md
ENVV6D-005-R03,audit_rule,generated_rule,ENVV6D-005,59,C,经济责任审计 / 资源环境审计 / 监督检查与经费舞弊,权责事项矩阵,权责事项矩阵异常性规则,按历史均值、同类项目分位数或政策标准识别权责事项矩阵异常偏离。,项目台账；财务收支明细；合同与审批资料；支付凭证；审计发现清单；会议纪要,字段缺失/跨表不一致/偏离阈值/重复异常/时序异常/空间不一致,命中对象、风险等级、证据字段、核查建议,P1,ocr_55_books_deep,E:\2026\审计方法&政策文件\_ocr_output\经责\领导干部自然资源资产离任审计实务与操作指引.pdf.md
ENVV6D-011-R01,audit_rule,generated_rule,ENVV6D-011,59,C,经济责任审计 / 资源环境审计 / 监督检查与经费舞弊,监督考核常见问题,监督考核常见问题完整性规则,检查监督考核常见问题相关台账、凭证、审批和支付数据是否完整，缺失率超过阈值则预警。,项目台账；财务收支明细；合同与审批资料；支付凭证；审计发现清单；绩效指标表,字段缺失/跨表不一致/偏离阈值/重复异常/时序异常/空间不一致,命中对象、风险等级、证据字段、核查建议,P1,ocr_55_books_deep,E:\2026\审计方法&政策文件\_ocr_output\经责\领导干部自然资源资产离任审计常见问题定性与评价指南.pdf.md
ENVV6D-011-R02,audit_rule,generated_rule,ENVV6D-011,59,C,经济责任审计 / 资源环境审计 / 监督检查与经费舞弊,监督考核常见问题,监督考核常见问题一致性规则,检查监督考核常见问题在合同、支付、预算、绩效或业务台账之间是否一致。,项目台账；财务收支明细；合同与审批资料；支付凭证；审计发现清单；绩效指标表,字段缺失/跨表不一致/偏离阈值/重复异常/时序异常/空间不一致,命中对象、风险等级、证据字段、核查建议,P1,ocr_55_books_deep,E:\2026\审计方法&政策文件\_ocr_output\经责\领导干部自然资源资产离任审计常见问题定性与评价指南.pdf.md
ENVV6D-011-R03,audit_rule,generated_rule,ENVV6D-011,59,C,经济责任审计 / 资源环境审计 / 监督检查与经费舞弊,监督考核常见问题,监督考核常见问题异常性规则,按历史均值、同类项目分位数或政策标准识别监督考核常见问题异常偏离。,项目台账；财务收支明细；合同与审批资料；支付凭证；审计发现清单；绩效指标表,字段缺失/跨表不一致/偏离阈值/重复异常/时序异常/空间不一致,命中对象、风险等级、证据字段、核查建议,P1,ocr_55_books_deep,E:\2026\审计方法&政策文件\_ocr_output\经责\领导干部自然资源资产离任审计常见问题定性与评价指南.pdf.md
ENVV6D-007-R01,audit_rule,generated_rule,ENVV6D-007,59,C,经济责任审计 / 资源环境审计 / 监督检查与经费舞弊,自然资源资产离任,自然资源资产离任完整性规则,检查自然资源资产离任相关台账、凭证、审批和支付数据是否完整，缺失率超过阈值则预警。,项目台账；财务收支明细；合同与审批资料；支付凭证；审计发现清单；会议纪要,字段缺失/跨表不一致/偏离阈值/重复异常/时序异常/空间不一致,命中对象、风险等级、证据字段、核查建议,P1,ocr_55_books_deep,E:\2026\审计方法&政策文件\_ocr_output\经责\领导干部自然资源资产离任审计实务与操作指引.pdf.md
ENVV6D-007-R02,audit_rule,generated_rule,ENVV6D-007,59,C,经济责任审计 / 资源环境审计 / 监督检查与经费舞弊,自然资源资产离任,自然资源资产离任一致性规则,检查自然资源资产离任在合同、支付、预算、绩效或业务台账之间是否一致。,项目台账；财务收支明细；合同与审批资料；支付凭证；审计发现清单；会议纪要,字段缺失/跨表不一致/偏离阈值/重复异常/时序异常/空间不一致,命中对象、风险等级、证据字段、核查建议,P1,ocr_55_books_deep,E:\2026\审计方法&政策文件\_ocr_output\经责\领导干部自然资源资产离任审计实务与操作指引.pdf.md
ENVV6D-007-R03,audit_rule,generated_rule,ENVV6D-007,59,C,经济责任审计 / 资源环境审计 / 监督检查与经费舞弊,自然资源资产离任,自然资源资产离任异常性规则,按历史均值、同类项目分位数或政策标准识别自然资源资产离任异常偏离。,项目台账；财务收支明细；合同与审批资料；支付凭证；审计发现清单；会议纪要,字段缺失/跨表不一致/偏离阈值/重复异常/时序异常/空间不一致,命中对象、风险等级、证据字段、核查建议,P1,ocr_55_books_deep,E:\2026\审计方法&政策文件\_ocr_output\经责\领导干部自然资源资产离任审计实务与操作指引.pdf.md
ENVV6D-002-R01,audit_rule,generated_rule,ENVV6D-002,59,C,经济责任审计 / 资源环境审计 / 监督检查与经费舞弊,自然资源资产质量的评价方法,自然资源资产质量的评价方法完整性规则,检查自然资源资产质量的评价方法相关台账、凭证、审批和支付数据是否完整，缺失率超过阈值则预警。,项目台账；财务收支明细；合同与审批资料；支付凭证；审计发现清单；会议纪要,字段缺失/跨表不一致/偏离阈值/重复异常/时序异常/空间不一致,命中对象、风险等级、证据字段、核查建议,P1,ocr_55_books_deep,E:\2026\审计方法&政策文件\_ocr_output\经责\领导干部自然资源资产离任审计实务与操作指引.pdf.md
ENVV6D-002-R02,audit_rule,generated_rule,ENVV6D-002,59,C,经济责任审计 / 资源环境审计 / 监督检查与经费舞弊,自然资源资产质量的评价方法,自然资源资产质量的评价方法一致性规则,检查自然资源资产质量的评价方法在合同、支付、预算、绩效或业务台账之间是否一致。,项目台账；财务收支明细；合同与审批资料；支付凭证；审计发现清单；会议纪要,字段缺失/跨表不一致/偏离阈值/重复异常/时序异常/空间不一致,命中对象、风险等级、证据字段、核查建议,P1,ocr_55_books_deep,E:\2026\审计方法&政策文件\_ocr_output\经责\领导干部自然资源资产离任审计实务与操作指引.pdf.md
ENVV6D-002-R03,audit_rule,generated_rule,ENVV6D-002,59,C,经济责任审计 / 资源环境审计 / 监督检查与经费舞弊,自然资源资产质量的评价方法,自然资源资产质量的评价方法异常性规则,按历史均值、同类项目分位数或政策标准识别自然资源资产质量的评价方法异常偏离。,项目台账；财务收支明细；合同与审批资料；支付凭证；审计发现清单；会议纪要,字段缺失/跨表不一致/偏离阈值/重复异常/时序异常/空间不一致,命中对象、风险等级、证据字段、核查建议,P1,ocr_55_books_deep,E:\2026\审计方法&政策文件\_ocr_output\经责\领导干部自然资源资产离任审计实务与操作指引.pdf.md
ENVV6D-003-R01,audit_rule,generated_rule,ENVV6D-003,59,C,经济责任审计 / 资源环境审计 / 监督检查与经费舞弊,资金及项目审计操作指引…,资金及项目审计操作指引…完整性规则,检查资金及项目审计操作指引…相关台账、凭证、审批和支付数据是否完整，缺失率超过阈值则预警。,项目台账；财务收支明细；合同与审批资料；支付凭证；审计发现清单；会议纪要,字段缺失/跨表不一致/偏离阈值/重复异常/时序异常/空间不一致,命中对象、风险等级、证据字段、核查建议,P1,ocr_55_books_deep,E:\2026\审计方法&政策文件\_ocr_output\经责\领导干部自然资源资产离任审计实务与操作指引.pdf.md
ENVV6D-003-R02,audit_rule,generated_rule,ENVV6D-003,59,C,经济责任审计 / 资源环境审计 / 监督检查与经费舞弊,资金及项目审计操作指引…,资金及项目审计操作指引…一致性规则,检查资金及项目审计操作指引…在合同、支付、预算、绩效或业务台账之间是否一致。,项目台账；财务收支明细；合同与审批资料；支付凭证；审计发现清单；会议纪要,字段缺失/跨表不一致/偏离阈值/重复异常/时序异常/空间不一致,命中对象、风险等级、证据字段、核查建议,P1,ocr_55_books_deep,E:\2026\审计方法&政策文件\_ocr_output\经责\领导干部自然资源资产离任审计实务与操作指引.pdf.md
ENVV6D-003-R03,audit_rule,generated_rule,ENVV6D-003,59,C,经济责任审计 / 资源环境审计 / 监督检查与经费舞弊,资金及项目审计操作指引…,资金及项目审计操作指引…异常性规则,按历史均值、同类项目分位数或政策标准识别资金及项目审计操作指引…异常偏离。,项目台账；财务收支明细；合同与审批资料；支付凭证；审计发现清单；会议纪要,字段缺失/跨表不一致/偏离阈值/重复异常/时序异常/空间不一致,命中对象、风险等级、证据字段、核查建议,P1,ocr_55_books_deep,E:\2026\审计方法&政策文件\_ocr_output\经责\领导干部自然资源资产离任审计实务与操作指引.pdf.md
ENVV6D-006-R01,audit_rule,generated_rule,ENVV6D-006,59,C,经济责任审计 / 资源环境审计 / 监督检查与经费舞弊,重大决策程序,重大决策程序完整性规则,检查重大决策程序相关台账、凭证、审批和支付数据是否完整，缺失率超过阈值则预警。,项目台账；财务收支明细；合同与审批资料；支付凭证；审计发现清单；会议纪要,字段缺失/跨表不一致/偏离阈值/重复异常/时序异常/空间不一致,命中对象、风险等级、证据字段、核查建议,P1,ocr_55_books_deep,E:\2026\审计方法&政策文件\_ocr_output\经责\领导干部自然资源资产离任审计实务与操作指引.pdf.md
ENVV6D-006-R02,audit_rule,generated_rule,ENVV6D-006,59,C,经济责任审计 / 资源环境审计 / 监督检查与经费舞弊,重大决策程序,重大决策程序一致性规则,检查重大决策程序在合同、支付、预算、绩效或业务台账之间是否一致。,项目台账；财务收支明细；合同与审批资料；支付凭证；审计发现清单；会议纪要,字段缺失/跨表不一致/偏离阈值/重复异常/时序异常/空间不一致,命中对象、风险等级、证据字段、核查建议,P1,ocr_55_books_deep,E:\2026\审计方法&政策文件\_ocr_output\经责\领导干部自然资源资产离任审计实务与操作指引.pdf.md
ENVV6D-006-R03,audit_rule,generated_rule,ENVV6D-006,59,C,经济责任审计 / 资源环境审计 / 监督检查与经费舞弊,重大决策程序,重大决策程序异常性规则,按历史均值、同类项目分位数或政策标准识别重大决策程序异常偏离。,项目台账；财务收支明细；合同与审批资料；支付凭证；审计发现清单；会议纪要,字段缺失/跨表不一致/偏离阈值/重复异常/时序异常/空间不一致,命中对象、风险等级、证据字段、核查建议,P1,ocr_55_books_deep,E:\2026\审计方法&政策文件\_ocr_output\经责\领导干部自然资源资产离任审计实务与操作指引.pdf.md
ENVV6D-009-R01,audit_rule,generated_rule,ENVV6D-009,59,C,经济责任审计 / 资源环境审计 / 监督检查与经费舞弊,领导干部自然资源资产离任审计常见问题定性与评价指南.pd,领导干部自然资源资产离任审计常见问题定性与评价指南.pd完整性规则,检查领导干部自然资源资产离任审计常见问题定性与评价指南.pd相关台账、凭证、审批和支付数据是否完整，缺失率超过阈值则预警。,项目台账；财务收支明细；合同与审批资料；支付凭证；审计发现清单；绩效指标表,字段缺失/跨表不一致/偏离阈值/重复异常/时序异常/空间不一致,命中对象、风险等级、证据字段、核查建议,P1,ocr_55_books_deep,E:\2026\审计方法&政策文件\_ocr_output\经责\领导干部自然资源资产离任审计常见问题定性与评价指南.pdf.md
ENVV6D-009-R02,audit_rule,generated_rule,ENVV6D-009,59,C,经济责任审计 / 资源环境审计 / 监督检查与经费舞弊,领导干部自然资源资产离任审计常见问题定性与评价指南.pd,领导干部自然资源资产离任审计常见问题定性与评价指南.pd一致性规则,检查领导干部自然资源资产离任审计常见问题定性与评价指南.pd在合同、支付、预算、绩效或业务台账之间是否一致。,项目台账；财务收支明细；合同与审批资料；支付凭证；审计发现清单；绩效指标表,字段缺失/跨表不一致/偏离阈值/重复异常/时序异常/空间不一致,命中对象、风险等级、证据字段、核查建议,P1,ocr_55_books_deep,E:\2026\审计方法&政策文件\_ocr_output\经责\领导干部自然资源资产离任审计常见问题定性与评价指南.pdf.md
ENVV6D-009-R03,audit_rule,generated_rule,ENVV6D-009,59,C,经济责任审计 / 资源环境审计 / 监督检查与经费舞弊,领导干部自然资源资产离任审计常见问题定性与评价指南.pd,领导干部自然资源资产离任审计常见问题定性与评价指南.pd异常性规则,按历史均值、同类项目分位数或政策标准识别领导干部自然资源资产离任审计常见问题定性与评价指南.pd异常偏离。,项目台账；财务收支明细；合同与审批资料；支付凭证；审计发现清单；绩效指标表,字段缺失/跨表不一致/偏离阈值/重复异常/时序异常/空间不一致,命中对象、风险等级、证据字段、核查建议,P1,ocr_55_books_deep,E:\2026\审计方法&政策文件\_ocr_output\经责\领导干部自然资源资产离任审计常见问题定性与评价指南.pdf.md
ECONV6D-029-R01,audit_rule,generated_rule,ECONV6D-029,59,C,经济责任审计 / 预算执行与财政管理 / 监督检查与经费舞弊,一般事项审计操作程序,一般事项审计操作程序完整性规则,检查一般事项审计操作程序相关台账、凭证、审批和支付数据是否完整，缺失率超过阈值则预警。,项目台账；财务收支明细；合同与审批资料；支付凭证；审计发现清单；绩效指标表,字段缺失/跨表不一致/偏离阈值/重复异常/时序异常/空间不一致,命中对象、风险等级、证据字段、核查建议,P1,ocr_55_books_deep,E:\2026\审计方法&政策文件\_ocr_output\经责\行政单位经济责任审计实务指南.pdf.md
ECONV6D-029-R02,audit_rule,generated_rule,ECONV6D-029,59,C,经济责任审计 / 预算执行与财政管理 / 监督检查与经费舞弊,一般事项审计操作程序,一般事项审计操作程序一致性规则,检查一般事项审计操作程序在合同、支付、预算、绩效或业务台账之间是否一致。,项目台账；财务收支明细；合同与审批资料；支付凭证；审计发现清单；绩效指标表,字段缺失/跨表不一致/偏离阈值/重复异常/时序异常/空间不一致,命中对象、风险等级、证据字段、核查建议,P1,ocr_55_books_deep,E:\2026\审计方法&政策文件\_ocr_output\经责\行政单位经济责任审计实务指南.pdf.md
ECONV6D-029-R03,audit_rule,generated_rule,ECONV6D-029,59,C,经济责任审计 / 预算执行与财政管理 / 监督检查与经费舞弊,一般事项审计操作程序,一般事项审计操作程序异常性规则,按历史均值、同类项目分位数或政策标准识别一般事项审计操作程序异常偏离。,项目台账；财务收支明细；合同与审批资料；支付凭证；审计发现清单；绩效指标表,字段缺失/跨表不一致/偏离阈值/重复异常/时序异常/空间不一致,命中对象、风险等级、证据字段、核查建议,P1,ocr_55_books_deep,E:\2026\审计方法&政策文件\_ocr_output\经责\行政单位经济责任审计实务指南.pdf.md
ECONV6D-031-R01,audit_rule,generated_rule,ECONV6D-031,59,C,经济责任审计 / 预算执行与财政管理 / 监督检查与经费舞弊,审计内容和方法,审计内容和方法完整性规则,检查审计内容和方法相关台账、凭证、审批和支付数据是否完整，缺失率超过阈值则预警。,项目台账；财务收支明细；合同与审批资料；支付凭证；审计发现清单；绩效指标表,字段缺失/跨表不一致/偏离阈值/重复异常/时序异常/空间不一致,命中对象、风险等级、证据字段、核查建议,P1,ocr_55_books_deep,E:\2026\审计方法&政策文件\_ocr_output\经责\行政单位经济责任审计实务指南.pdf.md
ECONV6D-031-R02,audit_rule,generated_rule,ECONV6D-031,59,C,经济责任审计 / 预算执行与财政管理 / 监督检查与经费舞弊,审计内容和方法,审计内容和方法一致性规则,检查审计内容和方法在合同、支付、预算、绩效或业务台账之间是否一致。,项目台账；财务收支明细；合同与审批资料；支付凭证；审计发现清单；绩效指标表,字段缺失/跨表不一致/偏离阈值/重复异常/时序异常/空间不一致,命中对象、风险等级、证据字段、核查建议,P1,ocr_55_books_deep,E:\2026\审计方法&政策文件\_ocr_output\经责\行政单位经济责任审计实务指南.pdf.md
ECONV6D-031-R03,audit_rule,generated_rule,ECONV6D-031,59,C,经济责任审计 / 预算执行与财政管理 / 监督检查与经费舞弊,审计内容和方法,审计内容和方法异常性规则,按历史均值、同类项目分位数或政策标准识别审计内容和方法异常偏离。,项目台账；财务收支明细；合同与审批资料；支付凭证；审计发现清单；绩效指标表,字段缺失/跨表不一致/偏离阈值/重复异常/时序异常/空间不一致,命中对象、风险等级、证据字段、核查建议,P1,ocr_55_books_deep,E:\2026\审计方法&政策文件\_ocr_output\经责\行政单位经济责任审计实务指南.pdf.md
ECONV6D-032-R01,audit_rule,generated_rule,ECONV6D-032,69,C,经济责任审计 / 预算执行与财政管理 / 监督检查与经费舞弊,审计程序与方法,审计程序与方法完整性规则,检查审计程序与方法相关台账、凭证、审批和支付数据是否完整，缺失率超过阈值则预警。,项目台账；财务收支明细；合同与审批资料；支付凭证；审计发现清单；预算批复表,字段缺失/跨表不一致/偏离阈值/重复异常/时序异常/空间不一致,命中对象、风险等级、证据字段、核查建议,P0,ocr_55_books_deep,E:\2026\审计方法&政策文件\_ocr_output\经责\高校领导干部经济责任审计指南.pdf.md
ECONV6D-032-R02,audit_rule,generated_rule,ECONV6D-032,69,C,经济责任审计 / 预算执行与财政管理 / 监督检查与经费舞弊,审计程序与方法,审计程序与方法一致性规则,检查审计程序与方法在合同、支付、预算、绩效或业务台账之间是否一致。,项目台账；财务收支明细；合同与审批资料；支付凭证；审计发现清单；预算批复表,字段缺失/跨表不一致/偏离阈值/重复异常/时序异常/空间不一致,命中对象、风险等级、证据字段、核查建议,P0,ocr_55_books_deep,E:\2026\审计方法&政策文件\_ocr_output\经责\高校领导干部经济责任审计指南.pdf.md
ECONV6D-032-R03,audit_rule,generated_rule,ECONV6D-032,69,C,经济责任审计 / 预算执行与财政管理 / 监督检查与经费舞弊,审计程序与方法,审计程序与方法异常性规则,按历史均值、同类项目分位数或政策标准识别审计程序与方法异常偏离。,项目台账；财务收支明细；合同与审批资料；支付凭证；审计发现清单；预算批复表,字段缺失/跨表不一致/偏离阈值/重复异常/时序异常/空间不一致,命中对象、风险等级、证据字段、核查建议,P0,ocr_55_books_deep,E:\2026\审计方法&政策文件\_ocr_output\经责\高校领导干部经济责任审计指南.pdf.md
ECONV6D-030-R01,audit_rule,generated_rule,ECONV6D-030,59,C,经济责任审计 / 预算执行与财政管理 / 监督检查与经费舞弊,审计评价32,审计评价32完整性规则,检查审计评价32相关台账、凭证、审批和支付数据是否完整，缺失率超过阈值则预警。,项目台账；财务收支明细；合同与审批资料；支付凭证；审计发现清单；绩效指标表,字段缺失/跨表不一致/偏离阈值/重复异常/时序异常/空间不一致,命中对象、风险等级、证据字段、核查建议,P1,ocr_55_books_deep,E:\2026\审计方法&政策文件\_ocr_output\经责\行政单位经济责任审计实务指南.pdf.md
ECONV6D-030-R02,audit_rule,generated_rule,ECONV6D-030,59,C,经济责任审计 / 预算执行与财政管理 / 监督检查与经费舞弊,审计评价32,审计评价32一致性规则,检查审计评价32在合同、支付、预算、绩效或业务台账之间是否一致。,项目台账；财务收支明细；合同与审批资料；支付凭证；审计发现清单；绩效指标表,字段缺失/跨表不一致/偏离阈值/重复异常/时序异常/空间不一致,命中对象、风险等级、证据字段、核查建议,P1,ocr_55_books_deep,E:\2026\审计方法&政策文件\_ocr_output\经责\行政单位经济责任审计实务指南.pdf.md
ECONV6D-030-R03,audit_rule,generated_rule,ECONV6D-030,59,C,经济责任审计 / 预算执行与财政管理 / 监督检查与经费舞弊,审计评价32,审计评价32异常性规则,按历史均值、同类项目分位数或政策标准识别审计评价32异常偏离。,项目台账；财务收支明细；合同与审批资料；支付凭证；审计发现清单；绩效指标表,字段缺失/跨表不一致/偏离阈值/重复异常/时序异常/空间不一致,命中对象、风险等级、证据字段、核查建议,P1,ocr_55_books_deep,E:\2026\审计方法&政策文件\_ocr_output\经责\行政单位经济责任审计实务指南.pdf.md
ECONV6D-027-R01,audit_rule,generated_rule,ECONV6D-027,59,C,经济责任审计 / 预算执行与财政管理 / 监督检查与经费舞弊,审计评价与责任界定,审计评价与责任界定完整性规则,检查审计评价与责任界定相关台账、凭证、审批和支付数据是否完整，缺失率超过阈值则预警。,项目台账；财务收支明细；合同与审批资料；支付凭证；审计发现清单；绩效指标表,字段缺失/跨表不一致/偏离阈值/重复异常/时序异常/空间不一致,命中对象、风险等级、证据字段、核查建议,P1,ocr_55_books_deep,E:\2026\审计方法&政策文件\_ocr_output\经责\行政单位经济责任审计实务指南.pdf.md
ECONV6D-027-R02,audit_rule,generated_rule,ECONV6D-027,59,C,经济责任审计 / 预算执行与财政管理 / 监督检查与经费舞弊,审计评价与责任界定,审计评价与责任界定一致性规则,检查审计评价与责任界定在合同、支付、预算、绩效或业务台账之间是否一致。,项目台账；财务收支明细；合同与审批资料；支付凭证；审计发现清单；绩效指标表,字段缺失/跨表不一致/偏离阈值/重复异常/时序异常/空间不一致,命中对象、风险等级、证据字段、核查建议,P1,ocr_55_books_deep,E:\2026\审计方法&政策文件\_ocr_output\经责\行政单位经济责任审计实务指南.pdf.md
ECONV6D-027-R03,audit_rule,generated_rule,ECONV6D-027,59,C,经济责任审计 / 预算执行与财政管理 / 监督检查与经费舞弊,审计评价与责任界定,审计评价与责任界定异常性规则,按历史均值、同类项目分位数或政策标准识别审计评价与责任界定异常偏离。,项目台账；财务收支明细；合同与审批资料；支付凭证；审计发现清单；绩效指标表,字段缺失/跨表不一致/偏离阈值/重复异常/时序异常/空间不一致,命中对象、风险等级、证据字段、核查建议,P1,ocr_55_books_deep,E:\2026\审计方法&政策文件\_ocr_output\经责\行政单位经济责任审计实务指南.pdf.md
ECONV6D-026-R01,audit_rule,generated_rule,ECONV6D-026,69,C,经济责任审计 / 预算执行与财政管理 / 监督检查与经费舞弊,审计评价与责任界定47,审计评价与责任界定47完整性规则,检查审计评价与责任界定47相关台账、凭证、审批和支付数据是否完整，缺失率超过阈值则预警。,项目台账；财务收支明细；合同与审批资料；支付凭证；审计发现清单；绩效指标表,字段缺失/跨表不一致/偏离阈值/重复异常/时序异常/空间不一致,命中对象、风险等级、证据字段、核查建议,P0,ocr_55_books_deep,E:\2026\审计方法&政策文件\_ocr_output\经责\行政单位经济责任审计实务指南.pdf.md
ECONV6D-026-R02,audit_rule,generated_rule,ECONV6D-026,69,C,经济责任审计 / 预算执行与财政管理 / 监督检查与经费舞弊,审计评价与责任界定47,审计评价与责任界定47一致性规则,检查审计评价与责任界定47在合同、支付、预算、绩效或业务台账之间是否一致。,项目台账；财务收支明细；合同与审批资料；支付凭证；审计发现清单；绩效指标表,字段缺失/跨表不一致/偏离阈值/重复异常/时序异常/空间不一致,命中对象、风险等级、证据字段、核查建议,P0,ocr_55_books_deep,E:\2026\审计方法&政策文件\_ocr_output\经责\行政单位经济责任审计实务指南.pdf.md
ECONV6D-026-R03,audit_rule,generated_rule,ECONV6D-026,69,C,经济责任审计 / 预算执行与财政管理 / 监督检查与经费舞弊,审计评价与责任界定47,审计评价与责任界定47异常性规则,按历史均值、同类项目分位数或政策标准识别审计评价与责任界定47异常偏离。,项目台账；财务收支明细；合同与审批资料；支付凭证；审计发现清单；绩效指标表,字段缺失/跨表不一致/偏离阈值/重复异常/时序异常/空间不一致,命中对象、风险等级、证据字段、核查建议,P0,ocr_55_books_deep,E:\2026\审计方法&政策文件\_ocr_output\经责\行政单位经济责任审计实务指南.pdf.md
ECONV6D-028-R01,audit_rule,generated_rule,ECONV6D-028,59,C,经济责任审计 / 预算执行与财政管理 / 监督检查与经费舞弊,行政单位经济责任审计实务指南.pdf,行政单位经济责任审计实务指南.pdf完整性规则,检查行政单位经济责任审计实务指南.pdf相关台账、凭证、审批和支付数据是否完整，缺失率超过阈值则预警。,项目台账；财务收支明细；合同与审批资料；支付凭证；审计发现清单；绩效指标表,字段缺失/跨表不一致/偏离阈值/重复异常/时序异常/空间不一致,命中对象、风险等级、证据字段、核查建议,P1,ocr_55_books_deep,E:\2026\审计方法&政策文件\_ocr_output\经责\行政单位经济责任审计实务指南.pdf.md
ECONV6D-028-R02,audit_rule,generated_rule,ECONV6D-028,59,C,经济责任审计 / 预算执行与财政管理 / 监督检查与经费舞弊,行政单位经济责任审计实务指南.pdf,行政单位经济责任审计实务指南.pdf一致性规则,检查行政单位经济责任审计实务指南.pdf在合同、支付、预算、绩效或业务台账之间是否一致。,项目台账；财务收支明细；合同与审批资料；支付凭证；审计发现清单；绩效指标表,字段缺失/跨表不一致/偏离阈值/重复异常/时序异常/空间不一致,命中对象、风险等级、证据字段、核查建议,P1,ocr_55_books_deep,E:\2026\审计方法&政策文件\_ocr_output\经责\行政单位经济责任审计实务指南.pdf.md
ECONV6D-028-R03,audit_rule,generated_rule,ECONV6D-028,59,C,经济责任审计 / 预算执行与财政管理 / 监督检查与经费舞弊,行政单位经济责任审计实务指南.pdf,行政单位经济责任审计实务指南.pdf异常性规则,按历史均值、同类项目分位数或政策标准识别行政单位经济责任审计实务指南.pdf异常偏离。,项目台账；财务收支明细；合同与审批资料；支付凭证；审计发现清单；绩效指标表,字段缺失/跨表不一致/偏离阈值/重复异常/时序异常/空间不一致,命中对象、风险等级、证据字段、核查建议,P1,ocr_55_books_deep,E:\2026\审计方法&政策文件\_ocr_output\经责\行政单位经济责任审计实务指南.pdf.md
ECONV6D-036-R01,audit_rule,generated_rule,ECONV6D-036,59,C,经济责任审计 / 预算执行与财政管理 / 监督检查与经费舞弊,领导干部经济责任审计开展情况·,领导干部经济责任审计开展情况·完整性规则,检查领导干部经济责任审计开展情况·相关台账、凭证、审批和支付数据是否完整，缺失率超过阈值则预警。,项目台账；财务收支明细；合同与审批资料；支付凭证；审计发现清单；预算批复表,字段缺失/跨表不一致/偏离阈值/重复异常/时序异常/空间不一致,命中对象、风险等级、证据字段、核查建议,P1,ocr_55_books_deep,E:\2026\审计方法&政策文件\_ocr_output\经责\高校领导干部经济责任审计指南.pdf.md
ECONV6D-036-R02,audit_rule,generated_rule,ECONV6D-036,59,C,经济责任审计 / 预算执行与财政管理 / 监督检查与经费舞弊,领导干部经济责任审计开展情况·,领导干部经济责任审计开展情况·一致性规则,检查领导干部经济责任审计开展情况·在合同、支付、预算、绩效或业务台账之间是否一致。,项目台账；财务收支明细；合同与审批资料；支付凭证；审计发现清单；预算批复表,字段缺失/跨表不一致/偏离阈值/重复异常/时序异常/空间不一致,命中对象、风险等级、证据字段、核查建议,P1,ocr_55_books_deep,E:\2026\审计方法&政策文件\_ocr_output\经责\高校领导干部经济责任审计指南.pdf.md
ECONV6D-036-R03,audit_rule,generated_rule,ECONV6D-036,59,C,经济责任审计 / 预算执行与财政管理 / 监督检查与经费舞弊,领导干部经济责任审计开展情况·,领导干部经济责任审计开展情况·异常性规则,按历史均值、同类项目分位数或政策标准识别领导干部经济责任审计开展情况·异常偏离。,项目台账；财务收支明细；合同与审批资料；支付凭证；审计发现清单；预算批复表,字段缺失/跨表不一致/偏离阈值/重复异常/时序异常/空间不一致,命中对象、风险等级、证据字段、核查建议,P1,ocr_55_books_deep,E:\2026\审计方法&政策文件\_ocr_output\经责\高校领导干部经济责任审计指南.pdf.md
ECONV6D-038-R01,audit_rule,generated_rule,ECONV6D-038,59,C,经济责任审计 / 预算执行与财政管理 / 监督检查与经费舞弊,高校领导干部经济责任审计,高校领导干部经济责任审计完整性规则,检查高校领导干部经济责任审计相关台账、凭证、审批和支付数据是否完整，缺失率超过阈值则预警。,项目台账；财务收支明细；合同与审批资料；支付凭证；审计发现清单；预算批复表,字段缺失/跨表不一致/偏离阈值/重复异常/时序异常/空间不一致,命中对象、风险等级、证据字段、核查建议,P1,ocr_55_books_deep,E:\2026\审计方法&政策文件\_ocr_output\经责\高校领导干部经济责任审计指南.pdf.md
ECONV6D-038-R02,audit_rule,generated_rule,ECONV6D-038,59,C,经济责任审计 / 预算执行与财政管理 / 监督检查与经费舞弊,高校领导干部经济责任审计,高校领导干部经济责任审计一致性规则,检查高校领导干部经济责任审计在合同、支付、预算、绩效或业务台账之间是否一致。,项目台账；财务收支明细；合同与审批资料；支付凭证；审计发现清单；预算批复表,字段缺失/跨表不一致/偏离阈值/重复异常/时序异常/空间不一致,命中对象、风险等级、证据字段、核查建议,P1,ocr_55_books_deep,E:\2026\审计方法&政策文件\_ocr_output\经责\高校领导干部经济责任审计指南.pdf.md
ECONV6D-038-R03,audit_rule,generated_rule,ECONV6D-038,59,C,经济责任审计 / 预算执行与财政管理 / 监督检查与经费舞弊,高校领导干部经济责任审计,高校领导干部经济责任审计异常性规则,按历史均值、同类项目分位数或政策标准识别高校领导干部经济责任审计异常偏离。,项目台账；财务收支明细；合同与审批资料；支付凭证；审计发现清单；预算批复表,字段缺失/跨表不一致/偏离阈值/重复异常/时序异常/空间不一致,命中对象、风险等级、证据字段、核查建议,P1,ocr_55_books_deep,E:\2026\审计方法&政策文件\_ocr_output\经责\高校领导干部经济责任审计指南.pdf.md
ECONV6D-033-R01,audit_rule,generated_rule,ECONV6D-033,59,C,经济责任审计 / 预算执行与财政管理 / 监督检查与经费舞弊,高校领导干部经济责任审计指南.pdf,高校领导干部经济责任审计指南.pdf完整性规则,检查高校领导干部经济责任审计指南.pdf相关台账、凭证、审批和支付数据是否完整，缺失率超过阈值则预警。,项目台账；财务收支明细；合同与审批资料；支付凭证；审计发现清单；预算批复表,字段缺失/跨表不一致/偏离阈值/重复异常/时序异常/空间不一致,命中对象、风险等级、证据字段、核查建议,P1,ocr_55_books_deep,E:\2026\审计方法&政策文件\_ocr_output\经责\高校领导干部经济责任审计指南.pdf.md
ECONV6D-033-R02,audit_rule,generated_rule,ECONV6D-033,59,C,经济责任审计 / 预算执行与财政管理 / 监督检查与经费舞弊,高校领导干部经济责任审计指南.pdf,高校领导干部经济责任审计指南.pdf一致性规则,检查高校领导干部经济责任审计指南.pdf在合同、支付、预算、绩效或业务台账之间是否一致。,项目台账；财务收支明细；合同与审批资料；支付凭证；审计发现清单；预算批复表,字段缺失/跨表不一致/偏离阈值/重复异常/时序异常/空间不一致,命中对象、风险等级、证据字段、核查建议,P1,ocr_55_books_deep,E:\2026\审计方法&政策文件\_ocr_output\经责\高校领导干部经济责任审计指南.pdf.md
ECONV6D-033-R03,audit_rule,generated_rule,ECONV6D-033,59,C,经济责任审计 / 预算执行与财政管理 / 监督检查与经费舞弊,高校领导干部经济责任审计指南.pdf,高校领导干部经济责任审计指南.pdf异常性规则,按历史均值、同类项目分位数或政策标准识别高校领导干部经济责任审计指南.pdf异常偏离。,项目台账；财务收支明细；合同与审批资料；支付凭证；审计发现清单；预算批复表,字段缺失/跨表不一致/偏离阈值/重复异常/时序异常/空间不一致,命中对象、风险等级、证据字段、核查建议,P1,ocr_55_books_deep,E:\2026\审计方法&政策文件\_ocr_output\经责\高校领导干部经济责任审计指南.pdf.md
ECONV6D-034-R01,audit_rule,generated_rule,ECONV6D-034,59,C,经济责任审计 / 预算执行与财政管理 / 监督检查与经费舞弊,高校领导干部经济责任审计概述,高校领导干部经济责任审计概述完整性规则,检查高校领导干部经济责任审计概述相关台账、凭证、审批和支付数据是否完整，缺失率超过阈值则预警。,项目台账；财务收支明细；合同与审批资料；支付凭证；审计发现清单；预算批复表,字段缺失/跨表不一致/偏离阈值/重复异常/时序异常/空间不一致,命中对象、风险等级、证据字段、核查建议,P1,ocr_55_books_deep,E:\2026\审计方法&政策文件\_ocr_output\经责\高校领导干部经济责任审计指南.pdf.md
ECONV6D-034-R02,audit_rule,generated_rule,ECONV6D-034,59,C,经济责任审计 / 预算执行与财政管理 / 监督检查与经费舞弊,高校领导干部经济责任审计概述,高校领导干部经济责任审计概述一致性规则,检查高校领导干部经济责任审计概述在合同、支付、预算、绩效或业务台账之间是否一致。,项目台账；财务收支明细；合同与审批资料；支付凭证；审计发现清单；预算批复表,字段缺失/跨表不一致/偏离阈值/重复异常/时序异常/空间不一致,命中对象、风险等级、证据字段、核查建议,P1,ocr_55_books_deep,E:\2026\审计方法&政策文件\_ocr_output\经责\高校领导干部经济责任审计指南.pdf.md
ECONV6D-034-R03,audit_rule,generated_rule,ECONV6D-034,59,C,经济责任审计 / 预算执行与财政管理 / 监督检查与经费舞弊,高校领导干部经济责任审计概述,高校领导干部经济责任审计概述异常性规则,按历史均值、同类项目分位数或政策标准识别高校领导干部经济责任审计概述异常偏离。,项目台账；财务收支明细；合同与审批资料；支付凭证；审计发现清单；预算批复表,字段缺失/跨表不一致/偏离阈值/重复异常/时序异常/空间不一致,命中对象、风险等级、证据字段、核查建议,P1,ocr_55_books_deep,E:\2026\审计方法&政策文件\_ocr_output\经责\高校领导干部经济责任审计指南.pdf.md
ECONV6D-037-R01,audit_rule,generated_rule,ECONV6D-037,59,C,经济责任审计 / 预算执行与财政管理 / 监督检查与经费舞弊,高校领导干部经济责任审计的必要性·…·,高校领导干部经济责任审计的必要性·…·完整性规则,检查高校领导干部经济责任审计的必要性·…·相关台账、凭证、审批和支付数据是否完整，缺失率超过阈值则预警。,项目台账；财务收支明细；合同与审批资料；支付凭证；审计发现清单；预算批复表,字段缺失/跨表不一致/偏离阈值/重复异常/时序异常/空间不一致,命中对象、风险等级、证据字段、核查建议,P1,ocr_55_books_deep,E:\2026\审计方法&政策文件\_ocr_output\经责\高校领导干部经济责任审计指南.pdf.md
ECONV6D-037-R02,audit_rule,generated_rule,ECONV6D-037,59,C,经济责任审计 / 预算执行与财政管理 / 监督检查与经费舞弊,高校领导干部经济责任审计的必要性·…·,高校领导干部经济责任审计的必要性·…·一致性规则,检查高校领导干部经济责任审计的必要性·…·在合同、支付、预算、绩效或业务台账之间是否一致。,项目台账；财务收支明细；合同与审批资料；支付凭证；审计发现清单；预算批复表,字段缺失/跨表不一致/偏离阈值/重复异常/时序异常/空间不一致,命中对象、风险等级、证据字段、核查建议,P1,ocr_55_books_deep,E:\2026\审计方法&政策文件\_ocr_output\经责\高校领导干部经济责任审计指南.pdf.md
ECONV6D-037-R03,audit_rule,generated_rule,ECONV6D-037,59,C,经济责任审计 / 预算执行与财政管理 / 监督检查与经费舞弊,高校领导干部经济责任审计的必要性·…·,高校领导干部经济责任审计的必要性·…·异常性规则,按历史均值、同类项目分位数或政策标准识别高校领导干部经济责任审计的必要性·…·异常偏离。,项目台账；财务收支明细；合同与审批资料；支付凭证；审计发现清单；预算批复表,字段缺失/跨表不一致/偏离阈值/重复异常/时序异常/空间不一致,命中对象、风险等级、证据字段、核查建议,P1,ocr_55_books_deep,E:\2026\审计方法&政策文件\_ocr_output\经责\高校领导干部经济责任审计指南.pdf.md
ECONV6D-035-R01,audit_rule,generated_rule,ECONV6D-035,59,C,经济责任审计 / 预算执行与财政管理 / 监督检查与经费舞弊,高校领导干部经济责任审计背景,高校领导干部经济责任审计背景完整性规则,检查高校领导干部经济责任审计背景相关台账、凭证、审批和支付数据是否完整，缺失率超过阈值则预警。,项目台账；财务收支明细；合同与审批资料；支付凭证；审计发现清单；预算批复表,字段缺失/跨表不一致/偏离阈值/重复异常/时序异常/空间不一致,命中对象、风险等级、证据字段、核查建议,P1,ocr_55_books_deep,E:\2026\审计方法&政策文件\_ocr_output\经责\高校领导干部经济责任审计指南.pdf.md
ECONV6D-035-R02,audit_rule,generated_rule,ECONV6D-035,59,C,经济责任审计 / 预算执行与财政管理 / 监督检查与经费舞弊,高校领导干部经济责任审计背景,高校领导干部经济责任审计背景一致性规则,检查高校领导干部经济责任审计背景在合同、支付、预算、绩效或业务台账之间是否一致。,项目台账；财务收支明细；合同与审批资料；支付凭证；审计发现清单；预算批复表,字段缺失/跨表不一致/偏离阈值/重复异常/时序异常/空间不一致,命中对象、风险等级、证据字段、核查建议,P1,ocr_55_books_deep,E:\2026\审计方法&政策文件\_ocr_output\经责\高校领导干部经济责任审计指南.pdf.md
ECONV6D-035-R03,audit_rule,generated_rule,ECONV6D-035,59,C,经济责任审计 / 预算执行与财政管理 / 监督检查与经费舞弊,高校领导干部经济责任审计背景,高校领导干部经济责任审计背景异常性规则,按历史均值、同类项目分位数或政策标准识别高校领导干部经济责任审计背景异常偏离。,项目台账；财务收支明细；合同与审批资料；支付凭证；审计发现清单；预算批复表,字段缺失/跨表不一致/偏离阈值/重复异常/时序异常/空间不一致,命中对象、风险等级、证据字段、核查建议,P1,ocr_55_books_deep,E:\2026\审计方法&政策文件\_ocr_output\经责\高校领导干部经济责任审计指南.pdf.md
PERFV6D-021-R01,audit_rule,generated_rule,PERFV6D-021,59,C,绩效评价 / 资源环境审计 / 预算执行与财政管理,审计内容和方法,审计内容和方法完整性规则,检查审计内容和方法相关台账、凭证、审批和支付数据是否完整，缺失率超过阈值则预警。,项目台账；财务收支明细；合同与审批资料；支付凭证；审计发现清单；绩效指标表,字段缺失/跨表不一致/偏离阈值/重复异常/时序异常/空间不一致,命中对象、风险等级、证据字段、核查建议,P1,ocr_55_books_deep,E:\2026\审计方法&政策文件\_ocr_output\绩效\环境绩效审计实务指南.pdf.md
PERFV6D-021-R02,audit_rule,generated_rule,PERFV6D-021,59,C,绩效评价 / 资源环境审计 / 预算执行与财政管理,审计内容和方法,审计内容和方法一致性规则,检查审计内容和方法在合同、支付、预算、绩效或业务台账之间是否一致。,项目台账；财务收支明细；合同与审批资料；支付凭证；审计发现清单；绩效指标表,字段缺失/跨表不一致/偏离阈值/重复异常/时序异常/空间不一致,命中对象、风险等级、证据字段、核查建议,P1,ocr_55_books_deep,E:\2026\审计方法&政策文件\_ocr_output\绩效\环境绩效审计实务指南.pdf.md
PERFV6D-021-R03,audit_rule,generated_rule,PERFV6D-021,59,C,绩效评价 / 资源环境审计 / 预算执行与财政管理,审计内容和方法,审计内容和方法异常性规则,按历史均值、同类项目分位数或政策标准识别审计内容和方法异常偏离。,项目台账；财务收支明细；合同与审批资料；支付凭证；审计发现清单；绩效指标表,字段缺失/跨表不一致/偏离阈值/重复异常/时序异常/空间不一致,命中对象、风险等级、证据字段、核查建议,P1,ocr_55_books_deep,E:\2026\审计方法&政策文件\_ocr_output\绩效\环境绩效审计实务指南.pdf.md
PERFV6D-024-R01,audit_rule,generated_rule,PERFV6D-024,59,C,绩效评价 / 资源环境审计 / 预算执行与财政管理,审计发现的主要问题举例,审计发现的主要问题举例完整性规则,检查审计发现的主要问题举例相关台账、凭证、审批和支付数据是否完整，缺失率超过阈值则预警。,项目台账；财务收支明细；合同与审批资料；支付凭证；审计发现清单；绩效指标表,字段缺失/跨表不一致/偏离阈值/重复异常/时序异常/空间不一致,命中对象、风险等级、证据字段、核查建议,P1,ocr_55_books_deep,E:\2026\审计方法&政策文件\_ocr_output\绩效\环境绩效审计实务指南.pdf.md
PERFV6D-024-R02,audit_rule,generated_rule,PERFV6D-024,59,C,绩效评价 / 资源环境审计 / 预算执行与财政管理,审计发现的主要问题举例,审计发现的主要问题举例一致性规则,检查审计发现的主要问题举例在合同、支付、预算、绩效或业务台账之间是否一致。,项目台账；财务收支明细；合同与审批资料；支付凭证；审计发现清单；绩效指标表,字段缺失/跨表不一致/偏离阈值/重复异常/时序异常/空间不一致,命中对象、风险等级、证据字段、核查建议,P1,ocr_55_books_deep,E:\2026\审计方法&政策文件\_ocr_output\绩效\环境绩效审计实务指南.pdf.md
PERFV6D-024-R03,audit_rule,generated_rule,PERFV6D-024,59,C,绩效评价 / 资源环境审计 / 预算执行与财政管理,审计发现的主要问题举例,审计发现的主要问题举例异常性规则,按历史均值、同类项目分位数或政策标准识别审计发现的主要问题举例异常偏离。,项目台账；财务收支明细；合同与审批资料；支付凭证；审计发现清单；绩效指标表,字段缺失/跨表不一致/偏离阈值/重复异常/时序异常/空间不一致,命中对象、风险等级、证据字段、核查建议,P1,ocr_55_books_deep,E:\2026\审计方法&政策文件\_ocr_output\绩效\环境绩效审计实务指南.pdf.md
PERFV6D-022-R01,audit_rule,generated_rule,PERFV6D-022,59,C,绩效评价 / 资源环境审计 / 预算执行与财政管理,审计方法,审计方法完整性规则,检查审计方法相关台账、凭证、审批和支付数据是否完整，缺失率超过阈值则预警。,项目台账；财务收支明细；合同与审批资料；支付凭证；审计发现清单；绩效指标表,字段缺失/跨表不一致/偏离阈值/重复异常/时序异常/空间不一致,命中对象、风险等级、证据字段、核查建议,P1,ocr_55_books_deep,E:\2026\审计方法&政策文件\_ocr_output\绩效\环境绩效审计实务指南.pdf.md
PERFV6D-022-R02,audit_rule,generated_rule,PERFV6D-022,59,C,绩效评价 / 资源环境审计 / 预算执行与财政管理,审计方法,审计方法一致性规则,检查审计方法在合同、支付、预算、绩效或业务台账之间是否一致。,项目台账；财务收支明细；合同与审批资料；支付凭证；审计发现清单；绩效指标表,字段缺失/跨表不一致/偏离阈值/重复异常/时序异常/空间不一致,命中对象、风险等级、证据字段、核查建议,P1,ocr_55_books_deep,E:\2026\审计方法&政策文件\_ocr_output\绩效\环境绩效审计实务指南.pdf.md
PERFV6D-022-R03,audit_rule,generated_rule,PERFV6D-022,59,C,绩效评价 / 资源环境审计 / 预算执行与财政管理,审计方法,审计方法异常性规则,按历史均值、同类项目分位数或政策标准识别审计方法异常偏离。,项目台账；财务收支明细；合同与审批资料；支付凭证；审计发现清单；绩效指标表,字段缺失/跨表不一致/偏离阈值/重复异常/时序异常/空间不一致,命中对象、风险等级、证据字段、核查建议,P1,ocr_55_books_deep,E:\2026\审计方法&政策文件\_ocr_output\绩效\环境绩效审计实务指南.pdf.md
PERFV6D-020-R01,audit_rule,generated_rule,PERFV6D-020,59,C,绩效评价 / 资源环境审计 / 预算执行与财政管理,环境绩效审计实务指南.pdf,环境绩效审计实务指南.pdf完整性规则,检查环境绩效审计实务指南.pdf相关台账、凭证、审批和支付数据是否完整，缺失率超过阈值则预警。,项目台账；财务收支明细；合同与审批资料；支付凭证；审计发现清单；绩效指标表,字段缺失/跨表不一致/偏离阈值/重复异常/时序异常/空间不一致,命中对象、风险等级、证据字段、核查建议,P1,ocr_55_books_deep,E:\2026\审计方法&政策文件\_ocr_output\绩效\环境绩效审计实务指南.pdf.md
PERFV6D-020-R02,audit_rule,generated_rule,PERFV6D-020,59,C,绩效评价 / 资源环境审计 / 预算执行与财政管理,环境绩效审计实务指南.pdf,环境绩效审计实务指南.pdf一致性规则,检查环境绩效审计实务指南.pdf在合同、支付、预算、绩效或业务台账之间是否一致。,项目台账；财务收支明细；合同与审批资料；支付凭证；审计发现清单；绩效指标表,字段缺失/跨表不一致/偏离阈值/重复异常/时序异常/空间不一致,命中对象、风险等级、证据字段、核查建议,P1,ocr_55_books_deep,E:\2026\审计方法&政策文件\_ocr_output\绩效\环境绩效审计实务指南.pdf.md
PERFV6D-020-R03,audit_rule,generated_rule,PERFV6D-020,59,C,绩效评价 / 资源环境审计 / 预算执行与财政管理,环境绩效审计实务指南.pdf,环境绩效审计实务指南.pdf异常性规则,按历史均值、同类项目分位数或政策标准识别环境绩效审计实务指南.pdf异常偏离。,项目台账；财务收支明细；合同与审批资料；支付凭证；审计发现清单；绩效指标表,字段缺失/跨表不一致/偏离阈值/重复异常/时序异常/空间不一致,命中对象、风险等级、证据字段、核查建议,P1,ocr_55_books_deep,E:\2026\审计方法&政策文件\_ocr_output\绩效\环境绩效审计实务指南.pdf.md
PERFV6D-025-R01,audit_rule,generated_rule,PERFV6D-025,59,C,绩效评价 / 资源环境审计 / 预算执行与财政管理,绩效目标合理性,绩效目标合理性完整性规则,检查绩效目标合理性相关台账、凭证、审批和支付数据是否完整，缺失率超过阈值则预警。,项目台账；财务收支明细；合同与审批资料；支付凭证；审计发现清单；绩效指标表,字段缺失/跨表不一致/偏离阈值/重复异常/时序异常/空间不一致,命中对象、风险等级、证据字段、核查建议,P1,ocr_55_books_deep,E:\2026\审计方法&政策文件\_ocr_output\绩效\环境绩效审计实务指南.pdf.md
PERFV6D-025-R02,audit_rule,generated_rule,PERFV6D-025,59,C,绩效评价 / 资源环境审计 / 预算执行与财政管理,绩效目标合理性,绩效目标合理性一致性规则,检查绩效目标合理性在合同、支付、预算、绩效或业务台账之间是否一致。,项目台账；财务收支明细；合同与审批资料；支付凭证；审计发现清单；绩效指标表,字段缺失/跨表不一致/偏离阈值/重复异常/时序异常/空间不一致,命中对象、风险等级、证据字段、核查建议,P1,ocr_55_books_deep,E:\2026\审计方法&政策文件\_ocr_output\绩效\环境绩效审计实务指南.pdf.md
PERFV6D-025-R03,audit_rule,generated_rule,PERFV6D-025,59,C,绩效评价 / 资源环境审计 / 预算执行与财政管理,绩效目标合理性,绩效目标合理性异常性规则,按历史均值、同类项目分位数或政策标准识别绩效目标合理性异常偏离。,项目台账；财务收支明细；合同与审批资料；支付凭证；审计发现清单；绩效指标表,字段缺失/跨表不一致/偏离阈值/重复异常/时序异常/空间不一致,命中对象、风险等级、证据字段、核查建议,P1,ocr_55_books_deep,E:\2026\审计方法&政策文件\_ocr_output\绩效\环境绩效审计实务指南.pdf.md
PERFV6D-023-R01,audit_rule,generated_rule,PERFV6D-023,59,C,绩效评价 / 资源环境审计 / 预算执行与财政管理,饮用水保护工程项目资金投入情况,饮用水保护工程项目资金投入情况完整性规则,检查饮用水保护工程项目资金投入情况相关台账、凭证、审批和支付数据是否完整，缺失率超过阈值则预警。,项目台账；财务收支明细；合同与审批资料；支付凭证；审计发现清单；绩效指标表,字段缺失/跨表不一致/偏离阈值/重复异常/时序异常/空间不一致,命中对象、风险等级、证据字段、核查建议,P1,ocr_55_books_deep,E:\2026\审计方法&政策文件\_ocr_output\绩效\环境绩效审计实务指南.pdf.md
PERFV6D-023-R02,audit_rule,generated_rule,PERFV6D-023,59,C,绩效评价 / 资源环境审计 / 预算执行与财政管理,饮用水保护工程项目资金投入情况,饮用水保护工程项目资金投入情况一致性规则,检查饮用水保护工程项目资金投入情况在合同、支付、预算、绩效或业务台账之间是否一致。,项目台账；财务收支明细；合同与审批资料；支付凭证；审计发现清单；绩效指标表,字段缺失/跨表不一致/偏离阈值/重复异常/时序异常/空间不一致,命中对象、风险等级、证据字段、核查建议,P1,ocr_55_books_deep,E:\2026\审计方法&政策文件\_ocr_output\绩效\环境绩效审计实务指南.pdf.md
PERFV6D-023-R03,audit_rule,generated_rule,PERFV6D-023,59,C,绩效评价 / 资源环境审计 / 预算执行与财政管理,饮用水保护工程项目资金投入情况,饮用水保护工程项目资金投入情况异常性规则,按历史均值、同类项目分位数或政策标准识别饮用水保护工程项目资金投入情况异常偏离。,项目台账；财务收支明细；合同与审批资料；支付凭证；审计发现清单；绩效指标表,字段缺失/跨表不一致/偏离阈值/重复异常/时序异常/空间不一致,命中对象、风险等级、证据字段、核查建议,P1,ocr_55_books_deep,E:\2026\审计方法&政策文件\_ocr_output\绩效\环境绩效审计实务指南.pdf.md
PERFV6D-044-R01,audit_rule,generated_rule,PERFV6D-044,59,C,绩效评价 / 预算执行与财政管理 / 财政与政府债务,中国开展财政支出绩效评价的背,中国开展财政支出绩效评价的背完整性规则,检查中国开展财政支出绩效评价的背相关台账、凭证、审批和支付数据是否完整，缺失率超过阈值则预警。,项目台账；财务收支明细；合同与审批资料；支付凭证；审计发现清单；预算批复表,字段缺失/跨表不一致/偏离阈值/重复异常/时序异常/空间不一致,命中对象、风险等级、证据字段、核查建议,P1,ocr_55_books_deep,E:\2026\审计方法&政策文件\_ocr_output\绩效\财政支出绩效评价研究.pdf.md
PERFV6D-044-R02,audit_rule,generated_rule,PERFV6D-044,59,C,绩效评价 / 预算执行与财政管理 / 财政与政府债务,中国开展财政支出绩效评价的背,中国开展财政支出绩效评价的背一致性规则,检查中国开展财政支出绩效评价的背在合同、支付、预算、绩效或业务台账之间是否一致。,项目台账；财务收支明细；合同与审批资料；支付凭证；审计发现清单；预算批复表,字段缺失/跨表不一致/偏离阈值/重复异常/时序异常/空间不一致,命中对象、风险等级、证据字段、核查建议,P1,ocr_55_books_deep,E:\2026\审计方法&政策文件\_ocr_output\绩效\财政支出绩效评价研究.pdf.md
PERFV6D-044-R03,audit_rule,generated_rule,PERFV6D-044,59,C,绩效评价 / 预算执行与财政管理 / 财政与政府债务,中国开展财政支出绩效评价的背,中国开展财政支出绩效评价的背异常性规则,按历史均值、同类项目分位数或政策标准识别中国开展财政支出绩效评价的背异常偏离。,项目台账；财务收支明细；合同与审批资料；支付凭证；审计发现清单；预算批复表,字段缺失/跨表不一致/偏离阈值/重复异常/时序异常/空间不一致,命中对象、风险等级、证据字段、核查建议,P1,ocr_55_books_deep,E:\2026\审计方法&政策文件\_ocr_output\绩效\财政支出绩效评价研究.pdf.md
PERFV6D-005-R01,audit_rule,generated_rule,PERFV6D-005,59,C,绩效评价 / 预算执行与财政管理 / 财政与政府债务,中国财政支出政策绩效评价体系研究.pdf,中国财政支出政策绩效评价体系研究.pdf完整性规则,检查中国财政支出政策绩效评价体系研究.pdf相关台账、凭证、审批和支付数据是否完整，缺失率超过阈值则预警。,项目台账；财务收支明细；合同与审批资料；支付凭证；审计发现清单；预算批复表,字段缺失/跨表不一致/偏离阈值/重复异常/时序异常/空间不一致,命中对象、风险等级、证据字段、核查建议,P1,ocr_55_books_deep,E:\2026\审计方法&政策文件\_ocr_output\绩效\中国财政支出政策绩效评价体系研究.pdf.md
PERFV6D-005-R02,audit_rule,generated_rule,PERFV6D-005,59,C,绩效评价 / 预算执行与财政管理 / 财政与政府债务,中国财政支出政策绩效评价体系研究.pdf,中国财政支出政策绩效评价体系研究.pdf一致性规则,检查中国财政支出政策绩效评价体系研究.pdf在合同、支付、预算、绩效或业务台账之间是否一致。,项目台账；财务收支明细；合同与审批资料；支付凭证；审计发现清单；预算批复表,字段缺失/跨表不一致/偏离阈值/重复异常/时序异常/空间不一致,命中对象、风险等级、证据字段、核查建议,P1,ocr_55_books_deep,E:\2026\审计方法&政策文件\_ocr_output\绩效\中国财政支出政策绩效评价体系研究.pdf.md
PERFV6D-005-R03,audit_rule,generated_rule,PERFV6D-005,59,C,绩效评价 / 预算执行与财政管理 / 财政与政府债务,中国财政支出政策绩效评价体系研究.pdf,中国财政支出政策绩效评价体系研究.pdf异常性规则,按历史均值、同类项目分位数或政策标准识别中国财政支出政策绩效评价体系研究.pdf异常偏离。,项目台账；财务收支明细；合同与审批资料；支付凭证；审计发现清单；预算批复表,字段缺失/跨表不一致/偏离阈值/重复异常/时序异常/空间不一致,命中对象、风险等级、证据字段、核查建议,P1,ocr_55_books_deep,E:\2026\审计方法&政策文件\_ocr_output\绩效\中国财政支出政策绩效评价体系研究.pdf.md
PERFV6D-007-R01,audit_rule,generated_rule,PERFV6D-007,59,C,绩效评价 / 预算执行与财政管理 / 财政与政府债务,中国财政支出政策绩效评价框架体系,中国财政支出政策绩效评价框架体系完整性规则,检查中国财政支出政策绩效评价框架体系相关台账、凭证、审批和支付数据是否完整，缺失率超过阈值则预警。,项目台账；财务收支明细；合同与审批资料；支付凭证；审计发现清单；预算批复表,字段缺失/跨表不一致/偏离阈值/重复异常/时序异常/空间不一致,命中对象、风险等级、证据字段、核查建议,P1,ocr_55_books_deep,E:\2026\审计方法&政策文件\_ocr_output\绩效\中国财政支出政策绩效评价体系研究.pdf.md
PERFV6D-007-R02,audit_rule,generated_rule,PERFV6D-007,59,C,绩效评价 / 预算执行与财政管理 / 财政与政府债务,中国财政支出政策绩效评价框架体系,中国财政支出政策绩效评价框架体系一致性规则,检查中国财政支出政策绩效评价框架体系在合同、支付、预算、绩效或业务台账之间是否一致。,项目台账；财务收支明细；合同与审批资料；支付凭证；审计发现清单；预算批复表,字段缺失/跨表不一致/偏离阈值/重复异常/时序异常/空间不一致,命中对象、风险等级、证据字段、核查建议,P1,ocr_55_books_deep,E:\2026\审计方法&政策文件\_ocr_output\绩效\中国财政支出政策绩效评价体系研究.pdf.md
PERFV6D-007-R03,audit_rule,generated_rule,PERFV6D-007,59,C,绩效评价 / 预算执行与财政管理 / 财政与政府债务,中国财政支出政策绩效评价框架体系,中国财政支出政策绩效评价框架体系异常性规则,按历史均值、同类项目分位数或政策标准识别中国财政支出政策绩效评价框架体系异常偏离。,项目台账；财务收支明细；合同与审批资料；支付凭证；审计发现清单；预算批复表,字段缺失/跨表不一致/偏离阈值/重复异常/时序异常/空间不一致,命中对象、风险等级、证据字段、核查建议,P1,ocr_55_books_deep,E:\2026\审计方法&政策文件\_ocr_output\绩效\中国财政支出政策绩效评价体系研究.pdf.md
PERFV6D-002-R01,audit_rule,generated_rule,PERFV6D-002,59,C,绩效评价 / 预算执行与财政管理 / 财政与政府债务,中国财政支出政策绩效评价的成效与问题,中国财政支出政策绩效评价的成效与问题完整性规则,检查中国财政支出政策绩效评价的成效与问题相关台账、凭证、审批和支付数据是否完整，缺失率超过阈值则预警。,项目台账；财务收支明细；合同与审批资料；支付凭证；审计发现清单；预算批复表,字段缺失/跨表不一致/偏离阈值/重复异常/时序异常/空间不一致,命中对象、风险等级、证据字段、核查建议,P1,ocr_55_books_deep,E:\2026\审计方法&政策文件\_ocr_output\绩效\中国财政支出政策绩效评价体系研究.pdf.md
PERFV6D-002-R02,audit_rule,generated_rule,PERFV6D-002,59,C,绩效评价 / 预算执行与财政管理 / 财政与政府债务,中国财政支出政策绩效评价的成效与问题,中国财政支出政策绩效评价的成效与问题一致性规则,检查中国财政支出政策绩效评价的成效与问题在合同、支付、预算、绩效或业务台账之间是否一致。,项目台账；财务收支明细；合同与审批资料；支付凭证；审计发现清单；预算批复表,字段缺失/跨表不一致/偏离阈值/重复异常/时序异常/空间不一致,命中对象、风险等级、证据字段、核查建议,P1,ocr_55_books_deep,E:\2026\审计方法&政策文件\_ocr_output\绩效\中国财政支出政策绩效评价体系研究.pdf.md
PERFV6D-002-R03,audit_rule,generated_rule,PERFV6D-002,59,C,绩效评价 / 预算执行与财政管理 / 财政与政府债务,中国财政支出政策绩效评价的成效与问题,中国财政支出政策绩效评价的成效与问题异常性规则,按历史均值、同类项目分位数或政策标准识别中国财政支出政策绩效评价的成效与问题异常偏离。,项目台账；财务收支明细；合同与审批资料；支付凭证；审计发现清单；预算批复表,字段缺失/跨表不一致/偏离阈值/重复异常/时序异常/空间不一致,命中对象、风险等级、证据字段、核查建议,P1,ocr_55_books_deep,E:\2026\审计方法&政策文件\_ocr_output\绩效\中国财政支出政策绩效评价体系研究.pdf.md
PERFV6D-003-R01,audit_rule,generated_rule,PERFV6D-003,59,C,绩效评价 / 预算执行与财政管理 / 财政与政府债务,中国财政支出政策绩效评价的方法体系,中国财政支出政策绩效评价的方法体系完整性规则,检查中国财政支出政策绩效评价的方法体系相关台账、凭证、审批和支付数据是否完整，缺失率超过阈值则预警。,项目台账；财务收支明细；合同与审批资料；支付凭证；审计发现清单；预算批复表,字段缺失/跨表不一致/偏离阈值/重复异常/时序异常/空间不一致,命中对象、风险等级、证据字段、核查建议,P1,ocr_55_books_deep,E:\2026\审计方法&政策文件\_ocr_output\绩效\中国财政支出政策绩效评价体系研究.pdf.md
PERFV6D-003-R02,audit_rule,generated_rule,PERFV6D-003,59,C,绩效评价 / 预算执行与财政管理 / 财政与政府债务,中国财政支出政策绩效评价的方法体系,中国财政支出政策绩效评价的方法体系一致性规则,检查中国财政支出政策绩效评价的方法体系在合同、支付、预算、绩效或业务台账之间是否一致。,项目台账；财务收支明细；合同与审批资料；支付凭证；审计发现清单；预算批复表,字段缺失/跨表不一致/偏离阈值/重复异常/时序异常/空间不一致,命中对象、风险等级、证据字段、核查建议,P1,ocr_55_books_deep,E:\2026\审计方法&政策文件\_ocr_output\绩效\中国财政支出政策绩效评价体系研究.pdf.md
PERFV6D-003-R03,audit_rule,generated_rule,PERFV6D-003,59,C,绩效评价 / 预算执行与财政管理 / 财政与政府债务,中国财政支出政策绩效评价的方法体系,中国财政支出政策绩效评价的方法体系异常性规则,按历史均值、同类项目分位数或政策标准识别中国财政支出政策绩效评价的方法体系异常偏离。,项目台账；财务收支明细；合同与审批资料；支付凭证；审计发现清单；预算批复表,字段缺失/跨表不一致/偏离阈值/重复异常/时序异常/空间不一致,命中对象、风险等级、证据字段、核查建议,P1,ocr_55_books_deep,E:\2026\审计方法&政策文件\_ocr_output\绩效\中国财政支出政策绩效评价体系研究.pdf.md
PERFV6D-031-R01,audit_rule,generated_rule,PERFV6D-031,59,C,绩效评价 / 预算执行与财政管理 / 财政与政府债务,以标杆对比法开展的绩效审计,以标杆对比法开展的绩效审计完整性规则,检查以标杆对比法开展的绩效审计相关台账、凭证、审批和支付数据是否完整，缺失率超过阈值则预警。,项目台账；财务收支明细；合同与审批资料；支付凭证；审计发现清单；绩效指标表,字段缺失/跨表不一致/偏离阈值/重复异常/时序异常/空间不一致,命中对象、风险等级、证据字段、核查建议,P1,ocr_55_books_deep,E:\2026\审计方法&政策文件\_ocr_output\绩效\绩效审计一个计量的过程和方法.pdf.md
PERFV6D-031-R02,audit_rule,generated_rule,PERFV6D-031,59,C,绩效评价 / 预算执行与财政管理 / 财政与政府债务,以标杆对比法开展的绩效审计,以标杆对比法开展的绩效审计一致性规则,检查以标杆对比法开展的绩效审计在合同、支付、预算、绩效或业务台账之间是否一致。,项目台账；财务收支明细；合同与审批资料；支付凭证；审计发现清单；绩效指标表,字段缺失/跨表不一致/偏离阈值/重复异常/时序异常/空间不一致,命中对象、风险等级、证据字段、核查建议,P1,ocr_55_books_deep,E:\2026\审计方法&政策文件\_ocr_output\绩效\绩效审计一个计量的过程和方法.pdf.md
PERFV6D-031-R03,audit_rule,generated_rule,PERFV6D-031,59,C,绩效评价 / 预算执行与财政管理 / 财政与政府债务,以标杆对比法开展的绩效审计,以标杆对比法开展的绩效审计异常性规则,按历史均值、同类项目分位数或政策标准识别以标杆对比法开展的绩效审计异常偏离。,项目台账；财务收支明细；合同与审批资料；支付凭证；审计发现清单；绩效指标表,字段缺失/跨表不一致/偏离阈值/重复异常/时序异常/空间不一致,命中对象、风险等级、证据字段、核查建议,P1,ocr_55_books_deep,E:\2026\审计方法&政策文件\_ocr_output\绩效\绩效审计一个计量的过程和方法.pdf.md
PERFV6D-009-R01,audit_rule,generated_rule,PERFV6D-009,59,C,绩效评价 / 预算执行与财政管理 / 财政与政府债务,分析方法更加多样：定性方法的种类在最近的二十多年中，更是,分析方法更加多样：定性方法的种类在最近的二十多年中，更是完整性规则,检查分析方法更加多样：定性方法的种类在最近的二十多年中，更是相关台账、凭证、审批和支付数据是否完整，缺失率超过阈值则预警。,项目台账；财务收支明细；合同与审批资料；支付凭证；审计发现清单；绩效指标表,字段缺失/跨表不一致/偏离阈值/重复异常/时序异常/空间不一致,命中对象、风险等级、证据字段、核查建议,P1,ocr_55_books_deep,E:\2026\审计方法&政策文件\_ocr_output\绩效\抽样调查设计导论.pdf.md
PERFV6D-009-R02,audit_rule,generated_rule,PERFV6D-009,59,C,绩效评价 / 预算执行与财政管理 / 财政与政府债务,分析方法更加多样：定性方法的种类在最近的二十多年中，更是,分析方法更加多样：定性方法的种类在最近的二十多年中，更是一致性规则,检查分析方法更加多样：定性方法的种类在最近的二十多年中，更是在合同、支付、预算、绩效或业务台账之间是否一致。,项目台账；财务收支明细；合同与审批资料；支付凭证；审计发现清单；绩效指标表,字段缺失/跨表不一致/偏离阈值/重复异常/时序异常/空间不一致,命中对象、风险等级、证据字段、核查建议,P1,ocr_55_books_deep,E:\2026\审计方法&政策文件\_ocr_output\绩效\抽样调查设计导论.pdf.md
PERFV6D-009-R03,audit_rule,generated_rule,PERFV6D-009,59,C,绩效评价 / 预算执行与财政管理 / 财政与政府债务,分析方法更加多样：定性方法的种类在最近的二十多年中，更是,分析方法更加多样：定性方法的种类在最近的二十多年中，更是异常性规则,按历史均值、同类项目分位数或政策标准识别分析方法更加多样：定性方法的种类在最近的二十多年中，更是异常偏离。,项目台账；财务收支明细；合同与审批资料；支付凭证；审计发现清单；绩效指标表,字段缺失/跨表不一致/偏离阈值/重复异常/时序异常/空间不一致,命中对象、风险等级、证据字段、核查建议,P1,ocr_55_books_deep,E:\2026\审计方法&政策文件\_ocr_output\绩效\抽样调查设计导论.pdf.md
PERFV6D-018-R01,audit_rule,generated_rule,PERFV6D-018,59,C,绩效评价 / 预算执行与财政管理 / 财政与政府债务,国内外绩效管理实践,国内外绩效管理实践完整性规则,检查国内外绩效管理实践相关台账、凭证、审批和支付数据是否完整，缺失率超过阈值则预警。,项目台账；财务收支明细；合同与审批资料；支付凭证；审计发现清单；预算批复表,字段缺失/跨表不一致/偏离阈值/重复异常/时序异常/空间不一致,命中对象、风险等级、证据字段、核查建议,P1,ocr_55_books_deep,E:\2026\审计方法&政策文件\_ocr_output\绩效\水利系统部门整体支出绩效评价的思考与探索.pdf.md
PERFV6D-018-R02,audit_rule,generated_rule,PERFV6D-018,59,C,绩效评价 / 预算执行与财政管理 / 财政与政府债务,国内外绩效管理实践,国内外绩效管理实践一致性规则,检查国内外绩效管理实践在合同、支付、预算、绩效或业务台账之间是否一致。,项目台账；财务收支明细；合同与审批资料；支付凭证；审计发现清单；预算批复表,字段缺失/跨表不一致/偏离阈值/重复异常/时序异常/空间不一致,命中对象、风险等级、证据字段、核查建议,P1,ocr_55_books_deep,E:\2026\审计方法&政策文件\_ocr_output\绩效\水利系统部门整体支出绩效评价的思考与探索.pdf.md
PERFV6D-018-R03,audit_rule,generated_rule,PERFV6D-018,59,C,绩效评价 / 预算执行与财政管理 / 财政与政府债务,国内外绩效管理实践,国内外绩效管理实践异常性规则,按历史均值、同类项目分位数或政策标准识别国内外绩效管理实践异常偏离。,项目台账；财务收支明细；合同与审批资料；支付凭证；审计发现清单；预算批复表,字段缺失/跨表不一致/偏离阈值/重复异常/时序异常/空间不一致,命中对象、风险等级、证据字段、核查建议,P1,ocr_55_books_deep,E:\2026\审计方法&政策文件\_ocr_output\绩效\水利系统部门整体支出绩效评价的思考与探索.pdf.md
PERFV6D-029-R01,audit_rule,generated_rule,PERFV6D-029,59,C,绩效评价 / 预算执行与财政管理 / 财政与政府债务,在年度计划中选择绩效审计项目,在年度计划中选择绩效审计项目完整性规则,检查在年度计划中选择绩效审计项目相关台账、凭证、审批和支付数据是否完整，缺失率超过阈值则预警。,项目台账；财务收支明细；合同与审批资料；支付凭证；审计发现清单；绩效指标表,字段缺失/跨表不一致/偏离阈值/重复异常/时序异常/空间不一致,命中对象、风险等级、证据字段、核查建议,P1,ocr_55_books_deep,E:\2026\审计方法&政策文件\_ocr_output\绩效\绩效审计一个计量的过程和方法.pdf.md
PERFV6D-029-R02,audit_rule,generated_rule,PERFV6D-029,59,C,绩效评价 / 预算执行与财政管理 / 财政与政府债务,在年度计划中选择绩效审计项目,在年度计划中选择绩效审计项目一致性规则,检查在年度计划中选择绩效审计项目在合同、支付、预算、绩效或业务台账之间是否一致。,项目台账；财务收支明细；合同与审批资料；支付凭证；审计发现清单；绩效指标表,字段缺失/跨表不一致/偏离阈值/重复异常/时序异常/空间不一致,命中对象、风险等级、证据字段、核查建议,P1,ocr_55_books_deep,E:\2026\审计方法&政策文件\_ocr_output\绩效\绩效审计一个计量的过程和方法.pdf.md
PERFV6D-029-R03,audit_rule,generated_rule,PERFV6D-029,59,C,绩效评价 / 预算执行与财政管理 / 财政与政府债务,在年度计划中选择绩效审计项目,在年度计划中选择绩效审计项目异常性规则,按历史均值、同类项目分位数或政策标准识别在年度计划中选择绩效审计项目异常偏离。,项目台账；财务收支明细；合同与审批资料；支付凭证；审计发现清单；绩效指标表,字段缺失/跨表不一致/偏离阈值/重复异常/时序异常/空间不一致,命中对象、风险等级、证据字段、核查建议,P1,ocr_55_books_deep,E:\2026\审计方法&政策文件\_ocr_output\绩效\绩效审计一个计量的过程和方法.pdf.md
PERFV6D-011-R01,audit_rule,generated_rule,PERFV6D-011,59,C,绩效评价 / 预算执行与财政管理 / 财政与政府债务,定性研究和定量研究的结合更加紧密：在定量分析方法的教材中,定性研究和定量研究的结合更加紧密：在定量分析方法的教材中完整性规则,检查定性研究和定量研究的结合更加紧密：在定量分析方法的教材中相关台账、凭证、审批和支付数据是否完整，缺失率超过阈值则预警。,项目台账；财务收支明细；合同与审批资料；支付凭证；审计发现清单；绩效指标表,字段缺失/跨表不一致/偏离阈值/重复异常/时序异常/空间不一致,命中对象、风险等级、证据字段、核查建议,P1,ocr_55_books_deep,E:\2026\审计方法&政策文件\_ocr_output\绩效\抽样调查设计导论.pdf.md
PERFV6D-011-R02,audit_rule,generated_rule,PERFV6D-011,59,C,绩效评价 / 预算执行与财政管理 / 财政与政府债务,定性研究和定量研究的结合更加紧密：在定量分析方法的教材中,定性研究和定量研究的结合更加紧密：在定量分析方法的教材中一致性规则,检查定性研究和定量研究的结合更加紧密：在定量分析方法的教材中在合同、支付、预算、绩效或业务台账之间是否一致。,项目台账；财务收支明细；合同与审批资料；支付凭证；审计发现清单；绩效指标表,字段缺失/跨表不一致/偏离阈值/重复异常/时序异常/空间不一致,命中对象、风险等级、证据字段、核查建议,P1,ocr_55_books_deep,E:\2026\审计方法&政策文件\_ocr_output\绩效\抽样调查设计导论.pdf.md
PERFV6D-011-R03,audit_rule,generated_rule,PERFV6D-011,59,C,绩效评价 / 预算执行与财政管理 / 财政与政府债务,定性研究和定量研究的结合更加紧密：在定量分析方法的教材中,定性研究和定量研究的结合更加紧密：在定量分析方法的教材中异常性规则,按历史均值、同类项目分位数或政策标准识别定性研究和定量研究的结合更加紧密：在定量分析方法的教材中异常偏离。,项目台账；财务收支明细；合同与审批资料；支付凭证；审计发现清单；绩效指标表,字段缺失/跨表不一致/偏离阈值/重复异常/时序异常/空间不一致,命中对象、风险等级、证据字段、核查建议,P1,ocr_55_books_deep,E:\2026\审计方法&政策文件\_ocr_output\绩效\抽样调查设计导论.pdf.md
PERFV6D-033-R01,audit_rule,generated_rule,PERFV6D-033,59,C,绩效评价 / 预算执行与财政管理 / 财政与政府债务,审计人员值得信赖的一个方面是他们只利用可靠和相关的证据，,审计人员值得信赖的一个方面是他们只利用可靠和相关的证据，完整性规则,检查审计人员值得信赖的一个方面是他们只利用可靠和相关的证据，相关台账、凭证、审批和支付数据是否完整，缺失率超过阈值则预警。,项目台账；财务收支明细；合同与审批资料；支付凭证；审计发现清单；绩效指标表,字段缺失/跨表不一致/偏离阈值/重复异常/时序异常/空间不一致,命中对象、风险等级、证据字段、核查建议,P1,ocr_55_books_deep,E:\2026\审计方法&政策文件\_ocr_output\绩效\绩效审计一个计量的过程和方法.pdf.md
PERFV6D-033-R02,audit_rule,generated_rule,PERFV6D-033,59,C,绩效评价 / 预算执行与财政管理 / 财政与政府债务,审计人员值得信赖的一个方面是他们只利用可靠和相关的证据，,审计人员值得信赖的一个方面是他们只利用可靠和相关的证据，一致性规则,检查审计人员值得信赖的一个方面是他们只利用可靠和相关的证据，在合同、支付、预算、绩效或业务台账之间是否一致。,项目台账；财务收支明细；合同与审批资料；支付凭证；审计发现清单；绩效指标表,字段缺失/跨表不一致/偏离阈值/重复异常/时序异常/空间不一致,命中对象、风险等级、证据字段、核查建议,P1,ocr_55_books_deep,E:\2026\审计方法&政策文件\_ocr_output\绩效\绩效审计一个计量的过程和方法.pdf.md
PERFV6D-033-R03,audit_rule,generated_rule,PERFV6D-033,59,C,绩效评价 / 预算执行与财政管理 / 财政与政府债务,审计人员值得信赖的一个方面是他们只利用可靠和相关的证据，,审计人员值得信赖的一个方面是他们只利用可靠和相关的证据，异常性规则,按历史均值、同类项目分位数或政策标准识别审计人员值得信赖的一个方面是他们只利用可靠和相关的证据，异常偏离。,项目台账；财务收支明细；合同与审批资料；支付凭证；审计发现清单；绩效指标表,字段缺失/跨表不一致/偏离阈值/重复异常/时序异常/空间不一致,命中对象、风险等级、证据字段、核查建议,P1,ocr_55_books_deep,E:\2026\审计方法&政策文件\_ocr_output\绩效\绩效审计一个计量的过程和方法.pdf.md
PERFV6D-027-R01,audit_rule,generated_rule,PERFV6D-027,59,C,绩效评价 / 预算执行与财政管理 / 财政与政府债务,审计的分类和绩效审计的类型,审计的分类和绩效审计的类型完整性规则,检查审计的分类和绩效审计的类型相关台账、凭证、审批和支付数据是否完整，缺失率超过阈值则预警。,项目台账；财务收支明细；合同与审批资料；支付凭证；审计发现清单；绩效指标表,字段缺失/跨表不一致/偏离阈值/重复异常/时序异常/空间不一致,命中对象、风险等级、证据字段、核查建议,P1,ocr_55_books_deep,E:\2026\审计方法&政策文件\_ocr_output\绩效\绩效审计一个计量的过程和方法.pdf.md
PERFV6D-027-R02,audit_rule,generated_rule,PERFV6D-027,59,C,绩效评价 / 预算执行与财政管理 / 财政与政府债务,审计的分类和绩效审计的类型,审计的分类和绩效审计的类型一致性规则,检查审计的分类和绩效审计的类型在合同、支付、预算、绩效或业务台账之间是否一致。,项目台账；财务收支明细；合同与审批资料；支付凭证；审计发现清单；绩效指标表,字段缺失/跨表不一致/偏离阈值/重复异常/时序异常/空间不一致,命中对象、风险等级、证据字段、核查建议,P1,ocr_55_books_deep,E:\2026\审计方法&政策文件\_ocr_output\绩效\绩效审计一个计量的过程和方法.pdf.md
PERFV6D-027-R03,audit_rule,generated_rule,PERFV6D-027,59,C,绩效评价 / 预算执行与财政管理 / 财政与政府债务,审计的分类和绩效审计的类型,审计的分类和绩效审计的类型异常性规则,按历史均值、同类项目分位数或政策标准识别审计的分类和绩效审计的类型异常偏离。,项目台账；财务收支明细；合同与审批资料；支付凭证；审计发现清单；绩效指标表,字段缺失/跨表不一致/偏离阈值/重复异常/时序异常/空间不一致,命中对象、风险等级、证据字段、核查建议,P1,ocr_55_books_deep,E:\2026\审计方法&政策文件\_ocr_output\绩效\绩效审计一个计量的过程和方法.pdf.md
ENVV6D-018-R01,audit_rule,generated_rule,ENVV6D-018,59,C,绩效评价 / 预算执行与财政管理 / 财政与政府债务,成本效益分析,成本效益分析完整性规则,检查成本效益分析相关台账、凭证、审批和支付数据是否完整，缺失率超过阈值则预警。,项目台账；财务收支明细；合同与审批资料；支付凭证；审计发现清单；绩效指标表,字段缺失/跨表不一致/偏离阈值/重复异常/时序异常/空间不一致,命中对象、风险等级、证据字段、核查建议,P1,ocr_55_books_deep,E:\2026\审计方法&政策文件\_ocr_output\绩效\调查问卷设计与处理分析.pdf.md
ENVV6D-018-R02,audit_rule,generated_rule,ENVV6D-018,59,C,绩效评价 / 预算执行与财政管理 / 财政与政府债务,成本效益分析,成本效益分析一致性规则,检查成本效益分析在合同、支付、预算、绩效或业务台账之间是否一致。,项目台账；财务收支明细；合同与审批资料；支付凭证；审计发现清单；绩效指标表,字段缺失/跨表不一致/偏离阈值/重复异常/时序异常/空间不一致,命中对象、风险等级、证据字段、核查建议,P1,ocr_55_books_deep,E:\2026\审计方法&政策文件\_ocr_output\绩效\调查问卷设计与处理分析.pdf.md
ENVV6D-018-R03,audit_rule,generated_rule,ENVV6D-018,59,C,绩效评价 / 预算执行与财政管理 / 财政与政府债务,成本效益分析,成本效益分析异常性规则,按历史均值、同类项目分位数或政策标准识别成本效益分析异常偏离。,项目台账；财务收支明细；合同与审批资料；支付凭证；审计发现清单；绩效指标表,字段缺失/跨表不一致/偏离阈值/重复异常/时序异常/空间不一致,命中对象、风险等级、证据字段、核查建议,P1,ocr_55_books_deep,E:\2026\审计方法&政策文件\_ocr_output\绩效\调查问卷设计与处理分析.pdf.md
PERFV6D-032-R01,audit_rule,generated_rule,PERFV6D-032,59,C,绩效评价 / 预算执行与财政管理 / 财政与政府债务,政府审计的演变：处于前沿的绩效审计,政府审计的演变：处于前沿的绩效审计完整性规则,检查政府审计的演变：处于前沿的绩效审计相关台账、凭证、审批和支付数据是否完整，缺失率超过阈值则预警。,项目台账；财务收支明细；合同与审批资料；支付凭证；审计发现清单；绩效指标表,字段缺失/跨表不一致/偏离阈值/重复异常/时序异常/空间不一致,命中对象、风险等级、证据字段、核查建议,P1,ocr_55_books_deep,E:\2026\审计方法&政策文件\_ocr_output\绩效\绩效审计一个计量的过程和方法.pdf.md
PERFV6D-032-R02,audit_rule,generated_rule,PERFV6D-032,59,C,绩效评价 / 预算执行与财政管理 / 财政与政府债务,政府审计的演变：处于前沿的绩效审计,政府审计的演变：处于前沿的绩效审计一致性规则,检查政府审计的演变：处于前沿的绩效审计在合同、支付、预算、绩效或业务台账之间是否一致。,项目台账；财务收支明细；合同与审批资料；支付凭证；审计发现清单；绩效指标表,字段缺失/跨表不一致/偏离阈值/重复异常/时序异常/空间不一致,命中对象、风险等级、证据字段、核查建议,P1,ocr_55_books_deep,E:\2026\审计方法&政策文件\_ocr_output\绩效\绩效审计一个计量的过程和方法.pdf.md
PERFV6D-032-R03,audit_rule,generated_rule,PERFV6D-032,59,C,绩效评价 / 预算执行与财政管理 / 财政与政府债务,政府审计的演变：处于前沿的绩效审计,政府审计的演变：处于前沿的绩效审计异常性规则,按历史均值、同类项目分位数或政策标准识别政府审计的演变：处于前沿的绩效审计异常偏离。,项目台账；财务收支明细；合同与审批资料；支付凭证；审计发现清单；绩效指标表,字段缺失/跨表不一致/偏离阈值/重复异常/时序异常/空间不一致,命中对象、风险等级、证据字段、核查建议,P1,ocr_55_books_deep,E:\2026\审计方法&政策文件\_ocr_output\绩效\绩效审计一个计量的过程和方法.pdf.md
ENVV6D-019-R01,audit_rule,generated_rule,ENVV6D-019,59,C,绩效评价 / 预算执行与财政管理 / 财政与政府债务,样本代表性,样本代表性完整性规则,检查样本代表性相关台账、凭证、审批和支付数据是否完整，缺失率超过阈值则预警。,项目台账；财务收支明细；合同与审批资料；支付凭证；审计发现清单；绩效指标表,字段缺失/跨表不一致/偏离阈值/重复异常/时序异常/空间不一致,命中对象、风险等级、证据字段、核查建议,P1,ocr_55_books_deep,E:\2026\审计方法&政策文件\_ocr_output\绩效\调查问卷设计与处理分析.pdf.md
ENVV6D-019-R02,audit_rule,generated_rule,ENVV6D-019,59,C,绩效评价 / 预算执行与财政管理 / 财政与政府债务,样本代表性,样本代表性一致性规则,检查样本代表性在合同、支付、预算、绩效或业务台账之间是否一致。,项目台账；财务收支明细；合同与审批资料；支付凭证；审计发现清单；绩效指标表,字段缺失/跨表不一致/偏离阈值/重复异常/时序异常/空间不一致,命中对象、风险等级、证据字段、核查建议,P1,ocr_55_books_deep,E:\2026\审计方法&政策文件\_ocr_output\绩效\调查问卷设计与处理分析.pdf.md
ENVV6D-019-R03,audit_rule,generated_rule,ENVV6D-019,59,C,绩效评价 / 预算执行与财政管理 / 财政与政府债务,样本代表性,样本代表性异常性规则,按历史均值、同类项目分位数或政策标准识别样本代表性异常偏离。,项目台账；财务收支明细；合同与审批资料；支付凭证；审计发现清单；绩效指标表,字段缺失/跨表不一致/偏离阈值/重复异常/时序异常/空间不一致,命中对象、风险等级、证据字段、核查建议,P1,ocr_55_books_deep,E:\2026\审计方法&政策文件\_ocr_output\绩效\调查问卷设计与处理分析.pdf.md
PERFV6D-015-R01,audit_rule,generated_rule,PERFV6D-015,59,C,绩效评价 / 预算执行与财政管理 / 财政与政府债务,水利系统部门整体支出绩效评价的思考与探索.pdf,水利系统部门整体支出绩效评价的思考与探索.pdf完整性规则,检查水利系统部门整体支出绩效评价的思考与探索.pdf相关台账、凭证、审批和支付数据是否完整，缺失率超过阈值则预警。,项目台账；财务收支明细；合同与审批资料；支付凭证；审计发现清单；预算批复表,字段缺失/跨表不一致/偏离阈值/重复异常/时序异常/空间不一致,命中对象、风险等级、证据字段、核查建议,P1,ocr_55_books_deep,E:\2026\审计方法&政策文件\_ocr_output\绩效\水利系统部门整体支出绩效评价的思考与探索.pdf.md
PERFV6D-015-R02,audit_rule,generated_rule,PERFV6D-015,59,C,绩效评价 / 预算执行与财政管理 / 财政与政府债务,水利系统部门整体支出绩效评价的思考与探索.pdf,水利系统部门整体支出绩效评价的思考与探索.pdf一致性规则,检查水利系统部门整体支出绩效评价的思考与探索.pdf在合同、支付、预算、绩效或业务台账之间是否一致。,项目台账；财务收支明细；合同与审批资料；支付凭证；审计发现清单；预算批复表,字段缺失/跨表不一致/偏离阈值/重复异常/时序异常/空间不一致,命中对象、风险等级、证据字段、核查建议,P1,ocr_55_books_deep,E:\2026\审计方法&政策文件\_ocr_output\绩效\水利系统部门整体支出绩效评价的思考与探索.pdf.md
PERFV6D-015-R03,audit_rule,generated_rule,PERFV6D-015,59,C,绩效评价 / 预算执行与财政管理 / 财政与政府债务,水利系统部门整体支出绩效评价的思考与探索.pdf,水利系统部门整体支出绩效评价的思考与探索.pdf异常性规则,按历史均值、同类项目分位数或政策标准识别水利系统部门整体支出绩效评价的思考与探索.pdf异常偏离。,项目台账；财务收支明细；合同与审批资料；支付凭证；审计发现清单；预算批复表,字段缺失/跨表不一致/偏离阈值/重复异常/时序异常/空间不一致,命中对象、风险等级、证据字段、核查建议,P1,ocr_55_books_deep,E:\2026\审计方法&政策文件\_ocr_output\绩效\水利系统部门整体支出绩效评价的思考与探索.pdf.md
ENVV6D-020-R01,audit_rule,generated_rule,ENVV6D-020,59,C,绩效评价 / 预算执行与财政管理 / 财政与政府债务,满意度异常,满意度异常完整性规则,检查满意度异常相关台账、凭证、审批和支付数据是否完整，缺失率超过阈值则预警。,项目台账；财务收支明细；合同与审批资料；支付凭证；审计发现清单；绩效指标表,字段缺失/跨表不一致/偏离阈值/重复异常/时序异常/空间不一致,命中对象、风险等级、证据字段、核查建议,P1,ocr_55_books_deep,E:\2026\审计方法&政策文件\_ocr_output\绩效\调查问卷设计与处理分析.pdf.md
ENVV6D-020-R02,audit_rule,generated_rule,ENVV6D-020,59,C,绩效评价 / 预算执行与财政管理 / 财政与政府债务,满意度异常,满意度异常一致性规则,检查满意度异常在合同、支付、预算、绩效或业务台账之间是否一致。,项目台账；财务收支明细；合同与审批资料；支付凭证；审计发现清单；绩效指标表,字段缺失/跨表不一致/偏离阈值/重复异常/时序异常/空间不一致,命中对象、风险等级、证据字段、核查建议,P1,ocr_55_books_deep,E:\2026\审计方法&政策文件\_ocr_output\绩效\调查问卷设计与处理分析.pdf.md
ENVV6D-020-R03,audit_rule,generated_rule,ENVV6D-020,59,C,绩效评价 / 预算执行与财政管理 / 财政与政府债务,满意度异常,满意度异常异常性规则,按历史均值、同类项目分位数或政策标准识别满意度异常异常偏离。,项目台账；财务收支明细；合同与审批资料；支付凭证；审计发现清单；绩效指标表,字段缺失/跨表不一致/偏离阈值/重复异常/时序异常/空间不一致,命中对象、风险等级、证据字段、核查建议,P1,ocr_55_books_deep,E:\2026\审计方法&政策文件\_ocr_output\绩效\调查问卷设计与处理分析.pdf.md
PERFV6D-010-R01,audit_rule,generated_rule,PERFV6D-010,59,C,绩效评价 / 预算执行与财政管理 / 财政与政府债务,研究过程更加客观规范：定性分析的一个主要问题在于阐释过程,研究过程更加客观规范：定性分析的一个主要问题在于阐释过程完整性规则,检查研究过程更加客观规范：定性分析的一个主要问题在于阐释过程相关台账、凭证、审批和支付数据是否完整，缺失率超过阈值则预警。,项目台账；财务收支明细；合同与审批资料；支付凭证；审计发现清单；绩效指标表,字段缺失/跨表不一致/偏离阈值/重复异常/时序异常/空间不一致,命中对象、风险等级、证据字段、核查建议,P1,ocr_55_books_deep,E:\2026\审计方法&政策文件\_ocr_output\绩效\抽样调查设计导论.pdf.md
PERFV6D-010-R02,audit_rule,generated_rule,PERFV6D-010,59,C,绩效评价 / 预算执行与财政管理 / 财政与政府债务,研究过程更加客观规范：定性分析的一个主要问题在于阐释过程,研究过程更加客观规范：定性分析的一个主要问题在于阐释过程一致性规则,检查研究过程更加客观规范：定性分析的一个主要问题在于阐释过程在合同、支付、预算、绩效或业务台账之间是否一致。,项目台账；财务收支明细；合同与审批资料；支付凭证；审计发现清单；绩效指标表,字段缺失/跨表不一致/偏离阈值/重复异常/时序异常/空间不一致,命中对象、风险等级、证据字段、核查建议,P1,ocr_55_books_deep,E:\2026\审计方法&政策文件\_ocr_output\绩效\抽样调查设计导论.pdf.md
PERFV6D-010-R03,audit_rule,generated_rule,PERFV6D-010,59,C,绩效评价 / 预算执行与财政管理 / 财政与政府债务,研究过程更加客观规范：定性分析的一个主要问题在于阐释过程,研究过程更加客观规范：定性分析的一个主要问题在于阐释过程异常性规则,按历史均值、同类项目分位数或政策标准识别研究过程更加客观规范：定性分析的一个主要问题在于阐释过程异常偏离。,项目台账；财务收支明细；合同与审批资料；支付凭证；审计发现清单；绩效指标表,字段缺失/跨表不一致/偏离阈值/重复异常/时序异常/空间不一致,命中对象、风险等级、证据字段、核查建议,P1,ocr_55_books_deep,E:\2026\审计方法&政策文件\_ocr_output\绩效\抽样调查设计导论.pdf.md
PERFV6D-008-R01,audit_rule,generated_rule,PERFV6D-008,69,C,绩效评价 / 预算执行与财政管理 / 财政与政府债务,社会网络模型：区分“关系数据”和“属性数据”，是把分析重,社会网络模型：区分“关系数据”和“属性数据”，是把分析重完整性规则,检查社会网络模型：区分“关系数据”和“属性数据”，是把分析重相关台账、凭证、审批和支付数据是否完整，缺失率超过阈值则预警。,项目台账；财务收支明细；合同与审批资料；支付凭证；审计发现清单；绩效指标表,字段缺失/跨表不一致/偏离阈值/重复异常/时序异常/空间不一致,命中对象、风险等级、证据字段、核查建议,P0,ocr_55_books_deep,E:\2026\审计方法&政策文件\_ocr_output\绩效\抽样调查设计导论.pdf.md
PERFV6D-008-R02,audit_rule,generated_rule,PERFV6D-008,69,C,绩效评价 / 预算执行与财政管理 / 财政与政府债务,社会网络模型：区分“关系数据”和“属性数据”，是把分析重,社会网络模型：区分“关系数据”和“属性数据”，是把分析重一致性规则,检查社会网络模型：区分“关系数据”和“属性数据”，是把分析重在合同、支付、预算、绩效或业务台账之间是否一致。,项目台账；财务收支明细；合同与审批资料；支付凭证；审计发现清单；绩效指标表,字段缺失/跨表不一致/偏离阈值/重复异常/时序异常/空间不一致,命中对象、风险等级、证据字段、核查建议,P0,ocr_55_books_deep,E:\2026\审计方法&政策文件\_ocr_output\绩效\抽样调查设计导论.pdf.md
PERFV6D-008-R03,audit_rule,generated_rule,PERFV6D-008,69,C,绩效评价 / 预算执行与财政管理 / 财政与政府债务,社会网络模型：区分“关系数据”和“属性数据”，是把分析重,社会网络模型：区分“关系数据”和“属性数据”，是把分析重异常性规则,按历史均值、同类项目分位数或政策标准识别社会网络模型：区分“关系数据”和“属性数据”，是把分析重异常偏离。,项目台账；财务收支明细；合同与审批资料；支付凭证；审计发现清单；绩效指标表,字段缺失/跨表不一致/偏离阈值/重复异常/时序异常/空间不一致,命中对象、风险等级、证据字段、核查建议,P0,ocr_55_books_deep,E:\2026\审计方法&政策文件\_ocr_output\绩效\抽样调查设计导论.pdf.md
PERFV6D-026-R01,audit_rule,generated_rule,PERFV6D-026,69,C,绩效评价 / 预算执行与财政管理 / 财政与政府债务,绩效审计一个计量的过程和方法.pdf,绩效审计一个计量的过程和方法.pdf完整性规则,检查绩效审计一个计量的过程和方法.pdf相关台账、凭证、审批和支付数据是否完整，缺失率超过阈值则预警。,项目台账；财务收支明细；合同与审批资料；支付凭证；审计发现清单；绩效指标表,字段缺失/跨表不一致/偏离阈值/重复异常/时序异常/空间不一致,命中对象、风险等级、证据字段、核查建议,P0,ocr_55_books_deep,E:\2026\审计方法&政策文件\_ocr_output\绩效\绩效审计一个计量的过程和方法.pdf.md
PERFV6D-026-R02,audit_rule,generated_rule,PERFV6D-026,69,C,绩效评价 / 预算执行与财政管理 / 财政与政府债务,绩效审计一个计量的过程和方法.pdf,绩效审计一个计量的过程和方法.pdf一致性规则,检查绩效审计一个计量的过程和方法.pdf在合同、支付、预算、绩效或业务台账之间是否一致。,项目台账；财务收支明细；合同与审批资料；支付凭证；审计发现清单；绩效指标表,字段缺失/跨表不一致/偏离阈值/重复异常/时序异常/空间不一致,命中对象、风险等级、证据字段、核查建议,P0,ocr_55_books_deep,E:\2026\审计方法&政策文件\_ocr_output\绩效\绩效审计一个计量的过程和方法.pdf.md
PERFV6D-026-R03,audit_rule,generated_rule,PERFV6D-026,69,C,绩效评价 / 预算执行与财政管理 / 财政与政府债务,绩效审计一个计量的过程和方法.pdf,绩效审计一个计量的过程和方法.pdf异常性规则,按历史均值、同类项目分位数或政策标准识别绩效审计一个计量的过程和方法.pdf异常偏离。,项目台账；财务收支明细；合同与审批资料；支付凭证；审计发现清单；绩效指标表,字段缺失/跨表不一致/偏离阈值/重复异常/时序异常/空间不一致,命中对象、风险等级、证据字段、核查建议,P0,ocr_55_books_deep,E:\2026\审计方法&政策文件\_ocr_output\绩效\绩效审计一个计量的过程和方法.pdf.md
PERFV6D-039-R01,audit_rule,generated_rule,PERFV6D-039,59,C,绩效评价 / 预算执行与财政管理 / 财政与政府债务,绩效审计准则、绩效审计标准和绩效审计证据,绩效审计准则、绩效审计标准和绩效审计证据完整性规则,检查绩效审计准则、绩效审计标准和绩效审计证据相关台账、凭证、审批和支付数据是否完整，缺失率超过阈值则预警。,项目台账；财务收支明细；合同与审批资料；支付凭证；审计发现清单；预算批复表,字段缺失/跨表不一致/偏离阈值/重复异常/时序异常/空间不一致,命中对象、风险等级、证据字段、核查建议,P1,ocr_55_books_deep,E:\2026\审计方法&政策文件\_ocr_output\绩效\绩效审计方法.pdf.md
PERFV6D-039-R02,audit_rule,generated_rule,PERFV6D-039,59,C,绩效评价 / 预算执行与财政管理 / 财政与政府债务,绩效审计准则、绩效审计标准和绩效审计证据,绩效审计准则、绩效审计标准和绩效审计证据一致性规则,检查绩效审计准则、绩效审计标准和绩效审计证据在合同、支付、预算、绩效或业务台账之间是否一致。,项目台账；财务收支明细；合同与审批资料；支付凭证；审计发现清单；预算批复表,字段缺失/跨表不一致/偏离阈值/重复异常/时序异常/空间不一致,命中对象、风险等级、证据字段、核查建议,P1,ocr_55_books_deep,E:\2026\审计方法&政策文件\_ocr_output\绩效\绩效审计方法.pdf.md
PERFV6D-039-R03,audit_rule,generated_rule,PERFV6D-039,59,C,绩效评价 / 预算执行与财政管理 / 财政与政府债务,绩效审计准则、绩效审计标准和绩效审计证据,绩效审计准则、绩效审计标准和绩效审计证据异常性规则,按历史均值、同类项目分位数或政策标准识别绩效审计准则、绩效审计标准和绩效审计证据异常偏离。,项目台账；财务收支明细；合同与审批资料；支付凭证；审计发现清单；预算批复表,字段缺失/跨表不一致/偏离阈值/重复异常/时序异常/空间不一致,命中对象、风险等级、证据字段、核查建议,P1,ocr_55_books_deep,E:\2026\审计方法&政策文件\_ocr_output\绩效\绩效审计方法.pdf.md
PERFV6D-034-R01,audit_rule,generated_rule,PERFV6D-034,69,C,绩效评价 / 预算执行与财政管理 / 财政与政府债务,绩效审计分析和评价方法·,绩效审计分析和评价方法·完整性规则,检查绩效审计分析和评价方法·相关台账、凭证、审批和支付数据是否完整，缺失率超过阈值则预警。,项目台账；财务收支明细；合同与审批资料；支付凭证；审计发现清单；预算批复表,字段缺失/跨表不一致/偏离阈值/重复异常/时序异常/空间不一致,命中对象、风险等级、证据字段、核查建议,P0,ocr_55_books_deep,E:\2026\审计方法&政策文件\_ocr_output\绩效\绩效审计方法.pdf.md
PERFV6D-034-R02,audit_rule,generated_rule,PERFV6D-034,69,C,绩效评价 / 预算执行与财政管理 / 财政与政府债务,绩效审计分析和评价方法·,绩效审计分析和评价方法·一致性规则,检查绩效审计分析和评价方法·在合同、支付、预算、绩效或业务台账之间是否一致。,项目台账；财务收支明细；合同与审批资料；支付凭证；审计发现清单；预算批复表,字段缺失/跨表不一致/偏离阈值/重复异常/时序异常/空间不一致,命中对象、风险等级、证据字段、核查建议,P0,ocr_55_books_deep,E:\2026\审计方法&政策文件\_ocr_output\绩效\绩效审计方法.pdf.md
PERFV6D-034-R03,audit_rule,generated_rule,PERFV6D-034,69,C,绩效评价 / 预算执行与财政管理 / 财政与政府债务,绩效审计分析和评价方法·,绩效审计分析和评价方法·异常性规则,按历史均值、同类项目分位数或政策标准识别绩效审计分析和评价方法·异常偏离。,项目台账；财务收支明细；合同与审批资料；支付凭证；审计发现清单；预算批复表,字段缺失/跨表不一致/偏离阈值/重复异常/时序异常/空间不一致,命中对象、风险等级、证据字段、核查建议,P0,ocr_55_books_deep,E:\2026\审计方法&政策文件\_ocr_output\绩效\绩效审计方法.pdf.md
PERFV6D-035-R01,audit_rule,generated_rule,PERFV6D-035,59,C,绩效评价 / 预算执行与财政管理 / 财政与政府债务,绩效审计分析方法,绩效审计分析方法完整性规则,检查绩效审计分析方法相关台账、凭证、审批和支付数据是否完整，缺失率超过阈值则预警。,项目台账；财务收支明细；合同与审批资料；支付凭证；审计发现清单；预算批复表,字段缺失/跨表不一致/偏离阈值/重复异常/时序异常/空间不一致,命中对象、风险等级、证据字段、核查建议,P1,ocr_55_books_deep,E:\2026\审计方法&政策文件\_ocr_output\绩效\绩效审计方法.pdf.md
PERFV6D-035-R02,audit_rule,generated_rule,PERFV6D-035,59,C,绩效评价 / 预算执行与财政管理 / 财政与政府债务,绩效审计分析方法,绩效审计分析方法一致性规则,检查绩效审计分析方法在合同、支付、预算、绩效或业务台账之间是否一致。,项目台账；财务收支明细；合同与审批资料；支付凭证；审计发现清单；预算批复表,字段缺失/跨表不一致/偏离阈值/重复异常/时序异常/空间不一致,命中对象、风险等级、证据字段、核查建议,P1,ocr_55_books_deep,E:\2026\审计方法&政策文件\_ocr_output\绩效\绩效审计方法.pdf.md
PERFV6D-035-R03,audit_rule,generated_rule,PERFV6D-035,59,C,绩效评价 / 预算执行与财政管理 / 财政与政府债务,绩效审计分析方法,绩效审计分析方法异常性规则,按历史均值、同类项目分位数或政策标准识别绩效审计分析方法异常偏离。,项目台账；财务收支明细；合同与审批资料；支付凭证；审计发现清单；预算批复表,字段缺失/跨表不一致/偏离阈值/重复异常/时序异常/空间不一致,命中对象、风险等级、证据字段、核查建议,P1,ocr_55_books_deep,E:\2026\审计方法&政策文件\_ocr_output\绩效\绩效审计方法.pdf.md
PERFV6D-037-R01,audit_rule,generated_rule,PERFV6D-037,59,C,绩效评价 / 预算执行与财政管理 / 财政与政府债务,绩效审计方法.pdf,绩效审计方法.pdf完整性规则,检查绩效审计方法.pdf相关台账、凭证、审批和支付数据是否完整，缺失率超过阈值则预警。,项目台账；财务收支明细；合同与审批资料；支付凭证；审计发现清单；预算批复表,字段缺失/跨表不一致/偏离阈值/重复异常/时序异常/空间不一致,命中对象、风险等级、证据字段、核查建议,P1,ocr_55_books_deep,E:\2026\审计方法&政策文件\_ocr_output\绩效\绩效审计方法.pdf.md
PERFV6D-037-R02,audit_rule,generated_rule,PERFV6D-037,59,C,绩效评价 / 预算执行与财政管理 / 财政与政府债务,绩效审计方法.pdf,绩效审计方法.pdf一致性规则,检查绩效审计方法.pdf在合同、支付、预算、绩效或业务台账之间是否一致。,项目台账；财务收支明细；合同与审批资料；支付凭证；审计发现清单；预算批复表,字段缺失/跨表不一致/偏离阈值/重复异常/时序异常/空间不一致,命中对象、风险等级、证据字段、核查建议,P1,ocr_55_books_deep,E:\2026\审计方法&政策文件\_ocr_output\绩效\绩效审计方法.pdf.md
PERFV6D-037-R03,audit_rule,generated_rule,PERFV6D-037,59,C,绩效评价 / 预算执行与财政管理 / 财政与政府债务,绩效审计方法.pdf,绩效审计方法.pdf异常性规则,按历史均值、同类项目分位数或政策标准识别绩效审计方法.pdf异常偏离。,项目台账；财务收支明细；合同与审批资料；支付凭证；审计发现清单；预算批复表,字段缺失/跨表不一致/偏离阈值/重复异常/时序异常/空间不一致,命中对象、风险等级、证据字段、核查建议,P1,ocr_55_books_deep,E:\2026\审计方法&政策文件\_ocr_output\绩效\绩效审计方法.pdf.md
PERFV6D-038-R01,audit_rule,generated_rule,PERFV6D-038,59,C,绩效评价 / 预算执行与财政管理 / 财政与政府债务,绩效审计步骤及技术方法概览,绩效审计步骤及技术方法概览完整性规则,检查绩效审计步骤及技术方法概览相关台账、凭证、审批和支付数据是否完整，缺失率超过阈值则预警。,项目台账；财务收支明细；合同与审批资料；支付凭证；审计发现清单；预算批复表,字段缺失/跨表不一致/偏离阈值/重复异常/时序异常/空间不一致,命中对象、风险等级、证据字段、核查建议,P1,ocr_55_books_deep,E:\2026\审计方法&政策文件\_ocr_output\绩效\绩效审计方法.pdf.md
PERFV6D-038-R02,audit_rule,generated_rule,PERFV6D-038,59,C,绩效评价 / 预算执行与财政管理 / 财政与政府债务,绩效审计步骤及技术方法概览,绩效审计步骤及技术方法概览一致性规则,检查绩效审计步骤及技术方法概览在合同、支付、预算、绩效或业务台账之间是否一致。,项目台账；财务收支明细；合同与审批资料；支付凭证；审计发现清单；预算批复表,字段缺失/跨表不一致/偏离阈值/重复异常/时序异常/空间不一致,命中对象、风险等级、证据字段、核查建议,P1,ocr_55_books_deep,E:\2026\审计方法&政策文件\_ocr_output\绩效\绩效审计方法.pdf.md
PERFV6D-038-R03,audit_rule,generated_rule,PERFV6D-038,59,C,绩效评价 / 预算执行与财政管理 / 财政与政府债务,绩效审计步骤及技术方法概览,绩效审计步骤及技术方法概览异常性规则,按历史均值、同类项目分位数或政策标准识别绩效审计步骤及技术方法概览异常偏离。,项目台账；财务收支明细；合同与审批资料；支付凭证；审计发现清单；预算批复表,字段缺失/跨表不一致/偏离阈值/重复异常/时序异常/空间不一致,命中对象、风险等级、证据字段、核查建议,P1,ocr_55_books_deep,E:\2026\审计方法&政策文件\_ocr_output\绩效\绩效审计方法.pdf.md
PERFV6D-036-R01,audit_rule,generated_rule,PERFV6D-036,59,C,绩效评价 / 预算执行与财政管理 / 财政与政府债务,绩效审计评价方法,绩效审计评价方法完整性规则,检查绩效审计评价方法相关台账、凭证、审批和支付数据是否完整，缺失率超过阈值则预警。,项目台账；财务收支明细；合同与审批资料；支付凭证；审计发现清单；预算批复表,字段缺失/跨表不一致/偏离阈值/重复异常/时序异常/空间不一致,命中对象、风险等级、证据字段、核查建议,P1,ocr_55_books_deep,E:\2026\审计方法&政策文件\_ocr_output\绩效\绩效审计方法.pdf.md
PERFV6D-036-R02,audit_rule,generated_rule,PERFV6D-036,59,C,绩效评价 / 预算执行与财政管理 / 财政与政府债务,绩效审计评价方法,绩效审计评价方法一致性规则,检查绩效审计评价方法在合同、支付、预算、绩效或业务台账之间是否一致。,项目台账；财务收支明细；合同与审批资料；支付凭证；审计发现清单；预算批复表,字段缺失/跨表不一致/偏离阈值/重复异常/时序异常/空间不一致,命中对象、风险等级、证据字段、核查建议,P1,ocr_55_books_deep,E:\2026\审计方法&政策文件\_ocr_output\绩效\绩效审计方法.pdf.md
PERFV6D-036-R03,audit_rule,generated_rule,PERFV6D-036,59,C,绩效评价 / 预算执行与财政管理 / 财政与政府债务,绩效审计评价方法,绩效审计评价方法异常性规则,按历史均值、同类项目分位数或政策标准识别绩效审计评价方法异常偏离。,项目台账；财务收支明细；合同与审批资料；支付凭证；审计发现清单；预算批复表,字段缺失/跨表不一致/偏离阈值/重复异常/时序异常/空间不一致,命中对象、风险等级、证据字段、核查建议,P1,ocr_55_books_deep,E:\2026\审计方法&政策文件\_ocr_output\绩效\绩效审计方法.pdf.md
PERFV6D-040-R01,audit_rule,generated_rule,PERFV6D-040,59,C,绩效评价 / 预算执行与财政管理 / 财政与政府债务,绩效审计项目选择方法和计划编制方法,绩效审计项目选择方法和计划编制方法完整性规则,检查绩效审计项目选择方法和计划编制方法相关台账、凭证、审批和支付数据是否完整，缺失率超过阈值则预警。,项目台账；财务收支明细；合同与审批资料；支付凭证；审计发现清单；预算批复表,字段缺失/跨表不一致/偏离阈值/重复异常/时序异常/空间不一致,命中对象、风险等级、证据字段、核查建议,P1,ocr_55_books_deep,E:\2026\审计方法&政策文件\_ocr_output\绩效\绩效审计方法.pdf.md
PERFV6D-040-R02,audit_rule,generated_rule,PERFV6D-040,59,C,绩效评价 / 预算执行与财政管理 / 财政与政府债务,绩效审计项目选择方法和计划编制方法,绩效审计项目选择方法和计划编制方法一致性规则,检查绩效审计项目选择方法和计划编制方法在合同、支付、预算、绩效或业务台账之间是否一致。,项目台账；财务收支明细；合同与审批资料；支付凭证；审计发现清单；预算批复表,字段缺失/跨表不一致/偏离阈值/重复异常/时序异常/空间不一致,命中对象、风险等级、证据字段、核查建议,P1,ocr_55_books_deep,E:\2026\审计方法&政策文件\_ocr_output\绩效\绩效审计方法.pdf.md
PERFV6D-040-R03,audit_rule,generated_rule,PERFV6D-040,59,C,绩效评价 / 预算执行与财政管理 / 财政与政府债务,绩效审计项目选择方法和计划编制方法,绩效审计项目选择方法和计划编制方法异常性规则,按历史均值、同类项目分位数或政策标准识别绩效审计项目选择方法和计划编制方法异常偏离。,项目台账；财务收支明细；合同与审批资料；支付凭证；审计发现清单；预算批复表,字段缺失/跨表不一致/偏离阈值/重复异常/时序异常/空间不一致,命中对象、风险等级、证据字段、核查建议,P1,ocr_55_books_deep,E:\2026\审计方法&政策文件\_ocr_output\绩效\绩效审计方法.pdf.md
PERFV6D-013-R01,audit_rule,generated_rule,PERFV6D-013,59,C,绩效评价 / 预算执行与财政管理 / 财政与政府债务,绩效目标合理性,绩效目标合理性完整性规则,检查绩效目标合理性相关台账、凭证、审批和支付数据是否完整，缺失率超过阈值则预警。,项目台账；财务收支明细；合同与审批资料；支付凭证；审计发现清单；绩效指标表,字段缺失/跨表不一致/偏离阈值/重复异常/时序异常/空间不一致,命中对象、风险等级、证据字段、核查建议,P1,ocr_55_books_deep,E:\2026\审计方法&政策文件\_ocr_output\绩效\抽样调查设计导论.pdf.md
PERFV6D-013-R02,audit_rule,generated_rule,PERFV6D-013,59,C,绩效评价 / 预算执行与财政管理 / 财政与政府债务,绩效目标合理性,绩效目标合理性一致性规则,检查绩效目标合理性在合同、支付、预算、绩效或业务台账之间是否一致。,项目台账；财务收支明细；合同与审批资料；支付凭证；审计发现清单；绩效指标表,字段缺失/跨表不一致/偏离阈值/重复异常/时序异常/空间不一致,命中对象、风险等级、证据字段、核查建议,P1,ocr_55_books_deep,E:\2026\审计方法&政策文件\_ocr_output\绩效\抽样调查设计导论.pdf.md
PERFV6D-013-R03,audit_rule,generated_rule,PERFV6D-013,59,C,绩效评价 / 预算执行与财政管理 / 财政与政府债务,绩效目标合理性,绩效目标合理性异常性规则,按历史均值、同类项目分位数或政策标准识别绩效目标合理性异常偏离。,项目台账；财务收支明细；合同与审批资料；支付凭证；审计发现清单；绩效指标表,字段缺失/跨表不一致/偏离阈值/重复异常/时序异常/空间不一致,命中对象、风险等级、证据字段、核查建议,P1,ocr_55_books_deep,E:\2026\审计方法&政策文件\_ocr_output\绩效\抽样调查设计导论.pdf.md
PERFV6D-019-R01,audit_rule,generated_rule,PERFV6D-019,59,C,绩效评价 / 预算执行与财政管理 / 财政与政府债务,绩效目标合理性,绩效目标合理性完整性规则,检查绩效目标合理性相关台账、凭证、审批和支付数据是否完整，缺失率超过阈值则预警。,项目台账；财务收支明细；合同与审批资料；支付凭证；审计发现清单；预算批复表,字段缺失/跨表不一致/偏离阈值/重复异常/时序异常/空间不一致,命中对象、风险等级、证据字段、核查建议,P1,ocr_55_books_deep,E:\2026\审计方法&政策文件\_ocr_output\绩效\水利系统部门整体支出绩效评价的思考与探索.pdf.md
PERFV6D-019-R02,audit_rule,generated_rule,PERFV6D-019,59,C,绩效评价 / 预算执行与财政管理 / 财政与政府债务,绩效目标合理性,绩效目标合理性一致性规则,检查绩效目标合理性在合同、支付、预算、绩效或业务台账之间是否一致。,项目台账；财务收支明细；合同与审批资料；支付凭证；审计发现清单；预算批复表,字段缺失/跨表不一致/偏离阈值/重复异常/时序异常/空间不一致,命中对象、风险等级、证据字段、核查建议,P1,ocr_55_books_deep,E:\2026\审计方法&政策文件\_ocr_output\绩效\水利系统部门整体支出绩效评价的思考与探索.pdf.md
PERFV6D-019-R03,audit_rule,generated_rule,PERFV6D-019,59,C,绩效评价 / 预算执行与财政管理 / 财政与政府债务,绩效目标合理性,绩效目标合理性异常性规则,按历史均值、同类项目分位数或政策标准识别绩效目标合理性异常偏离。,项目台账；财务收支明细；合同与审批资料；支付凭证；审计发现清单；预算批复表,字段缺失/跨表不一致/偏离阈值/重复异常/时序异常/空间不一致,命中对象、风险等级、证据字段、核查建议,P1,ocr_55_books_deep,E:\2026\审计方法&政策文件\_ocr_output\绩效\水利系统部门整体支出绩效评价的思考与探索.pdf.md
ENVV6D-016-R01,audit_rule,generated_rule,ENVV6D-016,59,C,绩效评价 / 预算执行与财政管理 / 财政与政府债务,绩效目标合理性,绩效目标合理性完整性规则,检查绩效目标合理性相关台账、凭证、审批和支付数据是否完整，缺失率超过阈值则预警。,项目台账；财务收支明细；合同与审批资料；支付凭证；审计发现清单；绩效指标表,字段缺失/跨表不一致/偏离阈值/重复异常/时序异常/空间不一致,命中对象、风险等级、证据字段、核查建议,P1,ocr_55_books_deep,E:\2026\审计方法&政策文件\_ocr_output\绩效\调查问卷设计与处理分析.pdf.md
ENVV6D-016-R02,audit_rule,generated_rule,ENVV6D-016,59,C,绩效评价 / 预算执行与财政管理 / 财政与政府债务,绩效目标合理性,绩效目标合理性一致性规则,检查绩效目标合理性在合同、支付、预算、绩效或业务台账之间是否一致。,项目台账；财务收支明细；合同与审批资料；支付凭证；审计发现清单；绩效指标表,字段缺失/跨表不一致/偏离阈值/重复异常/时序异常/空间不一致,命中对象、风险等级、证据字段、核查建议,P1,ocr_55_books_deep,E:\2026\审计方法&政策文件\_ocr_output\绩效\调查问卷设计与处理分析.pdf.md
ENVV6D-016-R03,audit_rule,generated_rule,ENVV6D-016,59,C,绩效评价 / 预算执行与财政管理 / 财政与政府债务,绩效目标合理性,绩效目标合理性异常性规则,按历史均值、同类项目分位数或政策标准识别绩效目标合理性异常偏离。,项目台账；财务收支明细；合同与审批资料；支付凭证；审计发现清单；绩效指标表,字段缺失/跨表不一致/偏离阈值/重复异常/时序异常/空间不一致,命中对象、风险等级、证据字段、核查建议,P1,ocr_55_books_deep,E:\2026\审计方法&政策文件\_ocr_output\绩效\调查问卷设计与处理分析.pdf.md
PERFV6D-028-R01,audit_rule,generated_rule,PERFV6D-028,59,C,绩效评价 / 预算执行与财政管理 / 财政与政府债务,证据与审计文档,证据与审计文档完整性规则,检查证据与审计文档相关台账、凭证、审批和支付数据是否完整，缺失率超过阈值则预警。,项目台账；财务收支明细；合同与审批资料；支付凭证；审计发现清单；绩效指标表,字段缺失/跨表不一致/偏离阈值/重复异常/时序异常/空间不一致,命中对象、风险等级、证据字段、核查建议,P1,ocr_55_books_deep,E:\2026\审计方法&政策文件\_ocr_output\绩效\绩效审计一个计量的过程和方法.pdf.md
PERFV6D-028-R02,audit_rule,generated_rule,PERFV6D-028,59,C,绩效评价 / 预算执行与财政管理 / 财政与政府债务,证据与审计文档,证据与审计文档一致性规则,检查证据与审计文档在合同、支付、预算、绩效或业务台账之间是否一致。,项目台账；财务收支明细；合同与审批资料；支付凭证；审计发现清单；绩效指标表,字段缺失/跨表不一致/偏离阈值/重复异常/时序异常/空间不一致,命中对象、风险等级、证据字段、核查建议,P1,ocr_55_books_deep,E:\2026\审计方法&政策文件\_ocr_output\绩效\绩效审计一个计量的过程和方法.pdf.md
PERFV6D-028-R03,audit_rule,generated_rule,PERFV6D-028,59,C,绩效评价 / 预算执行与财政管理 / 财政与政府债务,证据与审计文档,证据与审计文档异常性规则,按历史均值、同类项目分位数或政策标准识别证据与审计文档异常偏离。,项目台账；财务收支明细；合同与审批资料；支付凭证；审计发现清单；绩效指标表,字段缺失/跨表不一致/偏离阈值/重复异常/时序异常/空间不一致,命中对象、风险等级、证据字段、核查建议,P1,ocr_55_books_deep,E:\2026\审计方法&政策文件\_ocr_output\绩效\绩效审计一个计量的过程和方法.pdf.md
PERFV6D-017-R01,audit_rule,generated_rule,PERFV6D-017,59,C,绩效评价 / 预算执行与财政管理 / 财政与政府债务,评价情况分析及综,评价情况分析及综完整性规则,检查评价情况分析及综相关台账、凭证、审批和支付数据是否完整，缺失率超过阈值则预警。,项目台账；财务收支明细；合同与审批资料；支付凭证；审计发现清单；预算批复表,字段缺失/跨表不一致/偏离阈值/重复异常/时序异常/空间不一致,命中对象、风险等级、证据字段、核查建议,P1,ocr_55_books_deep,E:\2026\审计方法&政策文件\_ocr_output\绩效\水利系统部门整体支出绩效评价的思考与探索.pdf.md
PERFV6D-017-R02,audit_rule,generated_rule,PERFV6D-017,59,C,绩效评价 / 预算执行与财政管理 / 财政与政府债务,评价情况分析及综,评价情况分析及综一致性规则,检查评价情况分析及综在合同、支付、预算、绩效或业务台账之间是否一致。,项目台账；财务收支明细；合同与审批资料；支付凭证；审计发现清单；预算批复表,字段缺失/跨表不一致/偏离阈值/重复异常/时序异常/空间不一致,命中对象、风险等级、证据字段、核查建议,P1,ocr_55_books_deep,E:\2026\审计方法&政策文件\_ocr_output\绩效\水利系统部门整体支出绩效评价的思考与探索.pdf.md
PERFV6D-017-R03,audit_rule,generated_rule,PERFV6D-017,59,C,绩效评价 / 预算执行与财政管理 / 财政与政府债务,评价情况分析及综,评价情况分析及综异常性规则,按历史均值、同类项目分位数或政策标准识别评价情况分析及综异常偏离。,项目台账；财务收支明细；合同与审批资料；支付凭证；审计发现清单；预算批复表,字段缺失/跨表不一致/偏离阈值/重复异常/时序异常/空间不一致,命中对象、风险等级、证据字段、核查建议,P1,ocr_55_books_deep,E:\2026\审计方法&政策文件\_ocr_output\绩效\水利系统部门整体支出绩效评价的思考与探索.pdf.md
ENVV6D-015-R01,audit_rule,generated_rule,ENVV6D-015,59,C,绩效评价 / 预算执行与财政管理 / 财政与政府债务,调查数据分析,调查数据分析完整性规则,检查调查数据分析相关台账、凭证、审批和支付数据是否完整，缺失率超过阈值则预警。,项目台账；财务收支明细；合同与审批资料；支付凭证；审计发现清单；绩效指标表,字段缺失/跨表不一致/偏离阈值/重复异常/时序异常/空间不一致,命中对象、风险等级、证据字段、核查建议,P1,ocr_55_books_deep,E:\2026\审计方法&政策文件\_ocr_output\绩效\调查问卷设计与处理分析.pdf.md
ENVV6D-015-R02,audit_rule,generated_rule,ENVV6D-015,59,C,绩效评价 / 预算执行与财政管理 / 财政与政府债务,调查数据分析,调查数据分析一致性规则,检查调查数据分析在合同、支付、预算、绩效或业务台账之间是否一致。,项目台账；财务收支明细；合同与审批资料；支付凭证；审计发现清单；绩效指标表,字段缺失/跨表不一致/偏离阈值/重复异常/时序异常/空间不一致,命中对象、风险等级、证据字段、核查建议,P1,ocr_55_books_deep,E:\2026\审计方法&政策文件\_ocr_output\绩效\调查问卷设计与处理分析.pdf.md
ENVV6D-015-R03,audit_rule,generated_rule,ENVV6D-015,59,C,绩效评价 / 预算执行与财政管理 / 财政与政府债务,调查数据分析,调查数据分析异常性规则,按历史均值、同类项目分位数或政策标准识别调查数据分析异常偏离。,项目台账；财务收支明细；合同与审批资料；支付凭证；审计发现清单；绩效指标表,字段缺失/跨表不一致/偏离阈值/重复异常/时序异常/空间不一致,命中对象、风险等级、证据字段、核查建议,P1,ocr_55_books_deep,E:\2026\审计方法&政策文件\_ocr_output\绩效\调查问卷设计与处理分析.pdf.md
PERFV6D-006-R01,audit_rule,generated_rule,PERFV6D-006,59,C,绩效评价 / 预算执行与财政管理 / 财政与政府债务,财政支出政策绩效评价的国际经验借鉴,财政支出政策绩效评价的国际经验借鉴完整性规则,检查财政支出政策绩效评价的国际经验借鉴相关台账、凭证、审批和支付数据是否完整，缺失率超过阈值则预警。,项目台账；财务收支明细；合同与审批资料；支付凭证；审计发现清单；预算批复表,字段缺失/跨表不一致/偏离阈值/重复异常/时序异常/空间不一致,命中对象、风险等级、证据字段、核查建议,P1,ocr_55_books_deep,E:\2026\审计方法&政策文件\_ocr_output\绩效\中国财政支出政策绩效评价体系研究.pdf.md
PERFV6D-006-R02,audit_rule,generated_rule,PERFV6D-006,59,C,绩效评价 / 预算执行与财政管理 / 财政与政府债务,财政支出政策绩效评价的国际经验借鉴,财政支出政策绩效评价的国际经验借鉴一致性规则,检查财政支出政策绩效评价的国际经验借鉴在合同、支付、预算、绩效或业务台账之间是否一致。,项目台账；财务收支明细；合同与审批资料；支付凭证；审计发现清单；预算批复表,字段缺失/跨表不一致/偏离阈值/重复异常/时序异常/空间不一致,命中对象、风险等级、证据字段、核查建议,P1,ocr_55_books_deep,E:\2026\审计方法&政策文件\_ocr_output\绩效\中国财政支出政策绩效评价体系研究.pdf.md
PERFV6D-006-R03,audit_rule,generated_rule,PERFV6D-006,59,C,绩效评价 / 预算执行与财政管理 / 财政与政府债务,财政支出政策绩效评价的国际经验借鉴,财政支出政策绩效评价的国际经验借鉴异常性规则,按历史均值、同类项目分位数或政策标准识别财政支出政策绩效评价的国际经验借鉴异常偏离。,项目台账；财务收支明细；合同与审批资料；支付凭证；审计发现清单；预算批复表,字段缺失/跨表不一致/偏离阈值/重复异常/时序异常/空间不一致,命中对象、风险等级、证据字段、核查建议,P1,ocr_55_books_deep,E:\2026\审计方法&政策文件\_ocr_output\绩效\中国财政支出政策绩效评价体系研究.pdf.md
PERFV6D-001-R01,audit_rule,generated_rule,PERFV6D-001,69,C,绩效评价 / 预算执行与财政管理 / 财政与政府债务,财政支出政策绩效评价的现实意义与理论分析,财政支出政策绩效评价的现实意义与理论分析完整性规则,检查财政支出政策绩效评价的现实意义与理论分析相关台账、凭证、审批和支付数据是否完整，缺失率超过阈值则预警。,项目台账；财务收支明细；合同与审批资料；支付凭证；审计发现清单；预算批复表,字段缺失/跨表不一致/偏离阈值/重复异常/时序异常/空间不一致,命中对象、风险等级、证据字段、核查建议,P0,ocr_55_books_deep,E:\2026\审计方法&政策文件\_ocr_output\绩效\中国财政支出政策绩效评价体系研究.pdf.md
PERFV6D-001-R02,audit_rule,generated_rule,PERFV6D-001,69,C,绩效评价 / 预算执行与财政管理 / 财政与政府债务,财政支出政策绩效评价的现实意义与理论分析,财政支出政策绩效评价的现实意义与理论分析一致性规则,检查财政支出政策绩效评价的现实意义与理论分析在合同、支付、预算、绩效或业务台账之间是否一致。,项目台账；财务收支明细；合同与审批资料；支付凭证；审计发现清单；预算批复表,字段缺失/跨表不一致/偏离阈值/重复异常/时序异常/空间不一致,命中对象、风险等级、证据字段、核查建议,P0,ocr_55_books_deep,E:\2026\审计方法&政策文件\_ocr_output\绩效\中国财政支出政策绩效评价体系研究.pdf.md
PERFV6D-001-R03,audit_rule,generated_rule,PERFV6D-001,69,C,绩效评价 / 预算执行与财政管理 / 财政与政府债务,财政支出政策绩效评价的现实意义与理论分析,财政支出政策绩效评价的现实意义与理论分析异常性规则,按历史均值、同类项目分位数或政策标准识别财政支出政策绩效评价的现实意义与理论分析异常偏离。,项目台账；财务收支明细；合同与审批资料；支付凭证；审计发现清单；预算批复表,字段缺失/跨表不一致/偏离阈值/重复异常/时序异常/空间不一致,命中对象、风险等级、证据字段、核查建议,P0,ocr_55_books_deep,E:\2026\审计方法&政策文件\_ocr_output\绩效\中国财政支出政策绩效评价体系研究.pdf.md
PERFV6D-004-R01,audit_rule,generated_rule,PERFV6D-004,59,C,绩效评价 / 预算执行与财政管理 / 财政与政府债务,财政支出政策绩效评价的现实意义与理论分析|5,财政支出政策绩效评价的现实意义与理论分析|5完整性规则,检查财政支出政策绩效评价的现实意义与理论分析|5相关台账、凭证、审批和支付数据是否完整，缺失率超过阈值则预警。,项目台账；财务收支明细；合同与审批资料；支付凭证；审计发现清单；预算批复表,字段缺失/跨表不一致/偏离阈值/重复异常/时序异常/空间不一致,命中对象、风险等级、证据字段、核查建议,P1,ocr_55_books_deep,E:\2026\审计方法&政策文件\_ocr_output\绩效\中国财政支出政策绩效评价体系研究.pdf.md
PERFV6D-004-R02,audit_rule,generated_rule,PERFV6D-004,59,C,绩效评价 / 预算执行与财政管理 / 财政与政府债务,财政支出政策绩效评价的现实意义与理论分析|5,财政支出政策绩效评价的现实意义与理论分析|5一致性规则,检查财政支出政策绩效评价的现实意义与理论分析|5在合同、支付、预算、绩效或业务台账之间是否一致。,项目台账；财务收支明细；合同与审批资料；支付凭证；审计发现清单；预算批复表,字段缺失/跨表不一致/偏离阈值/重复异常/时序异常/空间不一致,命中对象、风险等级、证据字段、核查建议,P1,ocr_55_books_deep,E:\2026\审计方法&政策文件\_ocr_output\绩效\中国财政支出政策绩效评价体系研究.pdf.md
PERFV6D-004-R03,audit_rule,generated_rule,PERFV6D-004,59,C,绩效评价 / 预算执行与财政管理 / 财政与政府债务,财政支出政策绩效评价的现实意义与理论分析|5,财政支出政策绩效评价的现实意义与理论分析|5异常性规则,按历史均值、同类项目分位数或政策标准识别财政支出政策绩效评价的现实意义与理论分析|5异常偏离。,项目台账；财务收支明细；合同与审批资料；支付凭证；审计发现清单；预算批复表,字段缺失/跨表不一致/偏离阈值/重复异常/时序异常/空间不一致,命中对象、风险等级、证据字段、核查建议,P1,ocr_55_books_deep,E:\2026\审计方法&政策文件\_ocr_output\绩效\中国财政支出政策绩效评价体系研究.pdf.md
PERFV6D-041-R01,audit_rule,generated_rule,PERFV6D-041,69,C,绩效评价 / 预算执行与财政管理 / 财政与政府债务,财政支出绩效评价分类方法的比较选择,财政支出绩效评价分类方法的比较选择完整性规则,检查财政支出绩效评价分类方法的比较选择相关台账、凭证、审批和支付数据是否完整，缺失率超过阈值则预警。,项目台账；财务收支明细；合同与审批资料；支付凭证；审计发现清单；预算批复表,字段缺失/跨表不一致/偏离阈值/重复异常/时序异常/空间不一致,命中对象、风险等级、证据字段、核查建议,P0,ocr_55_books_deep,E:\2026\审计方法&政策文件\_ocr_output\绩效\财政支出绩效评价研究.pdf.md
PERFV6D-041-R02,audit_rule,generated_rule,PERFV6D-041,69,C,绩效评价 / 预算执行与财政管理 / 财政与政府债务,财政支出绩效评价分类方法的比较选择,财政支出绩效评价分类方法的比较选择一致性规则,检查财政支出绩效评价分类方法的比较选择在合同、支付、预算、绩效或业务台账之间是否一致。,项目台账；财务收支明细；合同与审批资料；支付凭证；审计发现清单；预算批复表,字段缺失/跨表不一致/偏离阈值/重复异常/时序异常/空间不一致,命中对象、风险等级、证据字段、核查建议,P0,ocr_55_books_deep,E:\2026\审计方法&政策文件\_ocr_output\绩效\财政支出绩效评价研究.pdf.md
PERFV6D-041-R03,audit_rule,generated_rule,PERFV6D-041,69,C,绩效评价 / 预算执行与财政管理 / 财政与政府债务,财政支出绩效评价分类方法的比较选择,财政支出绩效评价分类方法的比较选择异常性规则,按历史均值、同类项目分位数或政策标准识别财政支出绩效评价分类方法的比较选择异常偏离。,项目台账；财务收支明细；合同与审批资料；支付凭证；审计发现清单；预算批复表,字段缺失/跨表不一致/偏离阈值/重复异常/时序异常/空间不一致,命中对象、风险等级、证据字段、核查建议,P0,ocr_55_books_deep,E:\2026\审计方法&政策文件\_ocr_output\绩效\财政支出绩效评价研究.pdf.md
PERFV6D-046-R01,audit_rule,generated_rule,PERFV6D-046,59,C,绩效评价 / 预算执行与财政管理 / 财政与政府债务,财政支出绩效评价的基本概念,财政支出绩效评价的基本概念完整性规则,检查财政支出绩效评价的基本概念相关台账、凭证、审批和支付数据是否完整，缺失率超过阈值则预警。,项目台账；财务收支明细；合同与审批资料；支付凭证；审计发现清单；预算批复表,字段缺失/跨表不一致/偏离阈值/重复异常/时序异常/空间不一致,命中对象、风险等级、证据字段、核查建议,P1,ocr_55_books_deep,E:\2026\审计方法&政策文件\_ocr_output\绩效\财政支出绩效评价研究.pdf.md
PERFV6D-046-R02,audit_rule,generated_rule,PERFV6D-046,59,C,绩效评价 / 预算执行与财政管理 / 财政与政府债务,财政支出绩效评价的基本概念,财政支出绩效评价的基本概念一致性规则,检查财政支出绩效评价的基本概念在合同、支付、预算、绩效或业务台账之间是否一致。,项目台账；财务收支明细；合同与审批资料；支付凭证；审计发现清单；预算批复表,字段缺失/跨表不一致/偏离阈值/重复异常/时序异常/空间不一致,命中对象、风险等级、证据字段、核查建议,P1,ocr_55_books_deep,E:\2026\审计方法&政策文件\_ocr_output\绩效\财政支出绩效评价研究.pdf.md
PERFV6D-046-R03,audit_rule,generated_rule,PERFV6D-046,59,C,绩效评价 / 预算执行与财政管理 / 财政与政府债务,财政支出绩效评价的基本概念,财政支出绩效评价的基本概念异常性规则,按历史均值、同类项目分位数或政策标准识别财政支出绩效评价的基本概念异常偏离。,项目台账；财务收支明细；合同与审批资料；支付凭证；审计发现清单；预算批复表,字段缺失/跨表不一致/偏离阈值/重复异常/时序异常/空间不一致,命中对象、风险等级、证据字段、核查建议,P1,ocr_55_books_deep,E:\2026\审计方法&政策文件\_ocr_output\绩效\财政支出绩效评价研究.pdf.md
PERFV6D-045-R01,audit_rule,generated_rule,PERFV6D-045,59,C,绩效评价 / 预算执行与财政管理 / 财政与政府债务,财政支出绩效评价的基本理论,财政支出绩效评价的基本理论完整性规则,检查财政支出绩效评价的基本理论相关台账、凭证、审批和支付数据是否完整，缺失率超过阈值则预警。,项目台账；财务收支明细；合同与审批资料；支付凭证；审计发现清单；预算批复表,字段缺失/跨表不一致/偏离阈值/重复异常/时序异常/空间不一致,命中对象、风险等级、证据字段、核查建议,P1,ocr_55_books_deep,E:\2026\审计方法&政策文件\_ocr_output\绩效\财政支出绩效评价研究.pdf.md
PERFV6D-045-R02,audit_rule,generated_rule,PERFV6D-045,59,C,绩效评价 / 预算执行与财政管理 / 财政与政府债务,财政支出绩效评价的基本理论,财政支出绩效评价的基本理论一致性规则,检查财政支出绩效评价的基本理论在合同、支付、预算、绩效或业务台账之间是否一致。,项目台账；财务收支明细；合同与审批资料；支付凭证；审计发现清单；预算批复表,字段缺失/跨表不一致/偏离阈值/重复异常/时序异常/空间不一致,命中对象、风险等级、证据字段、核查建议,P1,ocr_55_books_deep,E:\2026\审计方法&政策文件\_ocr_output\绩效\财政支出绩效评价研究.pdf.md
PERFV6D-045-R03,audit_rule,generated_rule,PERFV6D-045,59,C,绩效评价 / 预算执行与财政管理 / 财政与政府债务,财政支出绩效评价的基本理论,财政支出绩效评价的基本理论异常性规则,按历史均值、同类项目分位数或政策标准识别财政支出绩效评价的基本理论异常偏离。,项目台账；财务收支明细；合同与审批资料；支付凭证；审计发现清单；预算批复表,字段缺失/跨表不一致/偏离阈值/重复异常/时序异常/空间不一致,命中对象、风险等级、证据字段、核查建议,P1,ocr_55_books_deep,E:\2026\审计方法&政策文件\_ocr_output\绩效\财政支出绩效评价研究.pdf.md
PERFV6D-047-R01,audit_rule,generated_rule,PERFV6D-047,59,C,绩效评价 / 预算执行与财政管理 / 财政与政府债务,财政支出绩效评价的理论基础和,财政支出绩效评价的理论基础和完整性规则,检查财政支出绩效评价的理论基础和相关台账、凭证、审批和支付数据是否完整，缺失率超过阈值则预警。,项目台账；财务收支明细；合同与审批资料；支付凭证；审计发现清单；预算批复表,字段缺失/跨表不一致/偏离阈值/重复异常/时序异常/空间不一致,命中对象、风险等级、证据字段、核查建议,P1,ocr_55_books_deep,E:\2026\审计方法&政策文件\_ocr_output\绩效\财政支出绩效评价研究.pdf.md
PERFV6D-047-R02,audit_rule,generated_rule,PERFV6D-047,59,C,绩效评价 / 预算执行与财政管理 / 财政与政府债务,财政支出绩效评价的理论基础和,财政支出绩效评价的理论基础和一致性规则,检查财政支出绩效评价的理论基础和在合同、支付、预算、绩效或业务台账之间是否一致。,项目台账；财务收支明细；合同与审批资料；支付凭证；审计发现清单；预算批复表,字段缺失/跨表不一致/偏离阈值/重复异常/时序异常/空间不一致,命中对象、风险等级、证据字段、核查建议,P1,ocr_55_books_deep,E:\2026\审计方法&政策文件\_ocr_output\绩效\财政支出绩效评价研究.pdf.md
PERFV6D-047-R03,audit_rule,generated_rule,PERFV6D-047,59,C,绩效评价 / 预算执行与财政管理 / 财政与政府债务,财政支出绩效评价的理论基础和,财政支出绩效评价的理论基础和异常性规则,按历史均值、同类项目分位数或政策标准识别财政支出绩效评价的理论基础和异常偏离。,项目台账；财务收支明细；合同与审批资料；支付凭证；审计发现清单；预算批复表,字段缺失/跨表不一致/偏离阈值/重复异常/时序异常/空间不一致,命中对象、风险等级、证据字段、核查建议,P1,ocr_55_books_deep,E:\2026\审计方法&政策文件\_ocr_output\绩效\财政支出绩效评价研究.pdf.md
PERFV6D-043-R01,audit_rule,generated_rule,PERFV6D-043,59,C,绩效评价 / 预算执行与财政管理 / 财政与政府债务,财政支出绩效评价研究.pdf,财政支出绩效评价研究.pdf完整性规则,检查财政支出绩效评价研究.pdf相关台账、凭证、审批和支付数据是否完整，缺失率超过阈值则预警。,项目台账；财务收支明细；合同与审批资料；支付凭证；审计发现清单；预算批复表,字段缺失/跨表不一致/偏离阈值/重复异常/时序异常/空间不一致,命中对象、风险等级、证据字段、核查建议,P1,ocr_55_books_deep,E:\2026\审计方法&政策文件\_ocr_output\绩效\财政支出绩效评价研究.pdf.md
PERFV6D-043-R02,audit_rule,generated_rule,PERFV6D-043,59,C,绩效评价 / 预算执行与财政管理 / 财政与政府债务,财政支出绩效评价研究.pdf,财政支出绩效评价研究.pdf一致性规则,检查财政支出绩效评价研究.pdf在合同、支付、预算、绩效或业务台账之间是否一致。,项目台账；财务收支明细；合同与审批资料；支付凭证；审计发现清单；预算批复表,字段缺失/跨表不一致/偏离阈值/重复异常/时序异常/空间不一致,命中对象、风险等级、证据字段、核查建议,P1,ocr_55_books_deep,E:\2026\审计方法&政策文件\_ocr_output\绩效\财政支出绩效评价研究.pdf.md
PERFV6D-043-R03,audit_rule,generated_rule,PERFV6D-043,59,C,绩效评价 / 预算执行与财政管理 / 财政与政府债务,财政支出绩效评价研究.pdf,财政支出绩效评价研究.pdf异常性规则,按历史均值、同类项目分位数或政策标准识别财政支出绩效评价研究.pdf异常偏离。,项目台账；财务收支明细；合同与审批资料；支付凭证；审计发现清单；预算批复表,字段缺失/跨表不一致/偏离阈值/重复异常/时序异常/空间不一致,命中对象、风险等级、证据字段、核查建议,P1,ocr_55_books_deep,E:\2026\审计方法&政策文件\_ocr_output\绩效\财政支出绩效评价研究.pdf.md
PERFV6D-012-R01,audit_rule,generated_rule,PERFV6D-012,59,C,绩效评价 / 预算执行与财政管理 / 财政与政府债务,选择数据收集的方法,选择数据收集的方法完整性规则,检查选择数据收集的方法相关台账、凭证、审批和支付数据是否完整，缺失率超过阈值则预警。,项目台账；财务收支明细；合同与审批资料；支付凭证；审计发现清单；绩效指标表,字段缺失/跨表不一致/偏离阈值/重复异常/时序异常/空间不一致,命中对象、风险等级、证据字段、核查建议,P1,ocr_55_books_deep,E:\2026\审计方法&政策文件\_ocr_output\绩效\抽样调查设计导论.pdf.md
PERFV6D-012-R02,audit_rule,generated_rule,PERFV6D-012,59,C,绩效评价 / 预算执行与财政管理 / 财政与政府债务,选择数据收集的方法,选择数据收集的方法一致性规则,检查选择数据收集的方法在合同、支付、预算、绩效或业务台账之间是否一致。,项目台账；财务收支明细；合同与审批资料；支付凭证；审计发现清单；绩效指标表,字段缺失/跨表不一致/偏离阈值/重复异常/时序异常/空间不一致,命中对象、风险等级、证据字段、核查建议,P1,ocr_55_books_deep,E:\2026\审计方法&政策文件\_ocr_output\绩效\抽样调查设计导论.pdf.md
PERFV6D-012-R03,audit_rule,generated_rule,PERFV6D-012,59,C,绩效评价 / 预算执行与财政管理 / 财政与政府债务,选择数据收集的方法,选择数据收集的方法异常性规则,按历史均值、同类项目分位数或政策标准识别选择数据收集的方法异常偏离。,项目台账；财务收支明细；合同与审批资料；支付凭证；审计发现清单；绩效指标表,字段缺失/跨表不一致/偏离阈值/重复异常/时序异常/空间不一致,命中对象、风险等级、证据字段、核查建议,P1,ocr_55_books_deep,E:\2026\审计方法&政策文件\_ocr_output\绩效\抽样调查设计导论.pdf.md
PERFV6D-030-R01,audit_rule,generated_rule,PERFV6D-030,59,C,绩效评价 / 预算执行与财政管理 / 财政与政府债务,选择范围和方法：审计计划阶段的第三步,选择范围和方法：审计计划阶段的第三步完整性规则,检查选择范围和方法：审计计划阶段的第三步相关台账、凭证、审批和支付数据是否完整，缺失率超过阈值则预警。,项目台账；财务收支明细；合同与审批资料；支付凭证；审计发现清单；绩效指标表,字段缺失/跨表不一致/偏离阈值/重复异常/时序异常/空间不一致,命中对象、风险等级、证据字段、核查建议,P1,ocr_55_books_deep,E:\2026\审计方法&政策文件\_ocr_output\绩效\绩效审计一个计量的过程和方法.pdf.md
PERFV6D-030-R02,audit_rule,generated_rule,PERFV6D-030,59,C,绩效评价 / 预算执行与财政管理 / 财政与政府债务,选择范围和方法：审计计划阶段的第三步,选择范围和方法：审计计划阶段的第三步一致性规则,检查选择范围和方法：审计计划阶段的第三步在合同、支付、预算、绩效或业务台账之间是否一致。,项目台账；财务收支明细；合同与审批资料；支付凭证；审计发现清单；绩效指标表,字段缺失/跨表不一致/偏离阈值/重复异常/时序异常/空间不一致,命中对象、风险等级、证据字段、核查建议,P1,ocr_55_books_deep,E:\2026\审计方法&政策文件\_ocr_output\绩效\绩效审计一个计量的过程和方法.pdf.md
PERFV6D-030-R03,audit_rule,generated_rule,PERFV6D-030,59,C,绩效评价 / 预算执行与财政管理 / 财政与政府债务,选择范围和方法：审计计划阶段的第三步,选择范围和方法：审计计划阶段的第三步异常性规则,按历史均值、同类项目分位数或政策标准识别选择范围和方法：审计计划阶段的第三步异常偏离。,项目台账；财务收支明细；合同与审批资料；支付凭证；审计发现清单；绩效指标表,字段缺失/跨表不一致/偏离阈值/重复异常/时序异常/空间不一致,命中对象、风险等级、证据字段、核查建议,P1,ocr_55_books_deep,E:\2026\审计方法&政策文件\_ocr_output\绩效\绩效审计一个计量的过程和方法.pdf.md
PERFV6D-016-R01,audit_rule,generated_rule,PERFV6D-016,59,C,绩效评价 / 预算执行与财政管理 / 财政与政府债务,部门预算管理制度建,部门预算管理制度建完整性规则,检查部门预算管理制度建相关台账、凭证、审批和支付数据是否完整，缺失率超过阈值则预警。,项目台账；财务收支明细；合同与审批资料；支付凭证；审计发现清单；预算批复表,字段缺失/跨表不一致/偏离阈值/重复异常/时序异常/空间不一致,命中对象、风险等级、证据字段、核查建议,P1,ocr_55_books_deep,E:\2026\审计方法&政策文件\_ocr_output\绩效\水利系统部门整体支出绩效评价的思考与探索.pdf.md
PERFV6D-016-R02,audit_rule,generated_rule,PERFV6D-016,59,C,绩效评价 / 预算执行与财政管理 / 财政与政府债务,部门预算管理制度建,部门预算管理制度建一致性规则,检查部门预算管理制度建在合同、支付、预算、绩效或业务台账之间是否一致。,项目台账；财务收支明细；合同与审批资料；支付凭证；审计发现清单；预算批复表,字段缺失/跨表不一致/偏离阈值/重复异常/时序异常/空间不一致,命中对象、风险等级、证据字段、核查建议,P1,ocr_55_books_deep,E:\2026\审计方法&政策文件\_ocr_output\绩效\水利系统部门整体支出绩效评价的思考与探索.pdf.md
PERFV6D-016-R03,audit_rule,generated_rule,PERFV6D-016,59,C,绩效评价 / 预算执行与财政管理 / 财政与政府债务,部门预算管理制度建,部门预算管理制度建异常性规则,按历史均值、同类项目分位数或政策标准识别部门预算管理制度建异常偏离。,项目台账；财务收支明细；合同与审批资料；支付凭证；审计发现清单；预算批复表,字段缺失/跨表不一致/偏离阈值/重复异常/时序异常/空间不一致,命中对象、风险等级、证据字段、核查建议,P1,ocr_55_books_deep,E:\2026\审计方法&政策文件\_ocr_output\绩效\水利系统部门整体支出绩效评价的思考与探索.pdf.md
CARBV6D-032-R01,audit_rule,generated_rule,CARBV6D-032,59,C,能源与双碳审计 / 资源环境审计 / 绩效评价,1.6能源评价,1.6能源评价完整性规则,检查1.6能源评价相关台账、凭证、审批和支付数据是否完整，缺失率超过阈值则预警。,项目台账；财务收支明细；合同与审批资料；支付凭证；审计发现清单；绩效指标表,字段缺失/跨表不一致/偏离阈值/重复异常/时序异常/空间不一致,命中对象、风险等级、证据字段、核查建议,P1,ocr_55_books_deep,E:\2026\审计方法&政策文件\_ocr_output\能源\能源审计原理与实施方法.pdf.md
CARBV6D-032-R02,audit_rule,generated_rule,CARBV6D-032,59,C,能源与双碳审计 / 资源环境审计 / 绩效评价,1.6能源评价,1.6能源评价一致性规则,检查1.6能源评价在合同、支付、预算、绩效或业务台账之间是否一致。,项目台账；财务收支明细；合同与审批资料；支付凭证；审计发现清单；绩效指标表,字段缺失/跨表不一致/偏离阈值/重复异常/时序异常/空间不一致,命中对象、风险等级、证据字段、核查建议,P1,ocr_55_books_deep,E:\2026\审计方法&政策文件\_ocr_output\能源\能源审计原理与实施方法.pdf.md
CARBV6D-032-R03,audit_rule,generated_rule,CARBV6D-032,59,C,能源与双碳审计 / 资源环境审计 / 绩效评价,1.6能源评价,1.6能源评价异常性规则,按历史均值、同类项目分位数或政策标准识别1.6能源评价异常偏离。,项目台账；财务收支明细；合同与审批资料；支付凭证；审计发现清单；绩效指标表,字段缺失/跨表不一致/偏离阈值/重复异常/时序异常/空间不一致,命中对象、风险等级、证据字段、核查建议,P1,ocr_55_books_deep,E:\2026\审计方法&政策文件\_ocr_output\能源\能源审计原理与实施方法.pdf.md
CARBV6D-033-R01,audit_rule,generated_rule,CARBV6D-033,59,C,能源与双碳审计 / 资源环境审计 / 绩效评价,2能源审计,2能源审计完整性规则,检查2能源审计相关台账、凭证、审批和支付数据是否完整，缺失率超过阈值则预警。,项目台账；财务收支明细；合同与审批资料；支付凭证；审计发现清单；绩效指标表,字段缺失/跨表不一致/偏离阈值/重复异常/时序异常/空间不一致,命中对象、风险等级、证据字段、核查建议,P1,ocr_55_books_deep,E:\2026\审计方法&政策文件\_ocr_output\能源\能源审计原理与实施方法.pdf.md
CARBV6D-033-R02,audit_rule,generated_rule,CARBV6D-033,59,C,能源与双碳审计 / 资源环境审计 / 绩效评价,2能源审计,2能源审计一致性规则,检查2能源审计在合同、支付、预算、绩效或业务台账之间是否一致。,项目台账；财务收支明细；合同与审批资料；支付凭证；审计发现清单；绩效指标表,字段缺失/跨表不一致/偏离阈值/重复异常/时序异常/空间不一致,命中对象、风险等级、证据字段、核查建议,P1,ocr_55_books_deep,E:\2026\审计方法&政策文件\_ocr_output\能源\能源审计原理与实施方法.pdf.md
CARBV6D-033-R03,audit_rule,generated_rule,CARBV6D-033,59,C,能源与双碳审计 / 资源环境审计 / 绩效评价,2能源审计,2能源审计异常性规则,按历史均值、同类项目分位数或政策标准识别2能源审计异常偏离。,项目台账；财务收支明细；合同与审批资料；支付凭证；审计发现清单；绩效指标表,字段缺失/跨表不一致/偏离阈值/重复异常/时序异常/空间不一致,命中对象、风险等级、证据字段、核查建议,P1,ocr_55_books_deep,E:\2026\审计方法&政策文件\_ocr_output\能源\能源审计原理与实施方法.pdf.md
CARBV6D-030-R01,audit_rule,generated_rule,CARBV6D-030,59,C,能源与双碳审计 / 资源环境审计 / 绩效评价,3企业能源审计的方法,3企业能源审计的方法完整性规则,检查3企业能源审计的方法相关台账、凭证、审批和支付数据是否完整，缺失率超过阈值则预警。,项目台账；财务收支明细；合同与审批资料；支付凭证；审计发现清单；绩效指标表,字段缺失/跨表不一致/偏离阈值/重复异常/时序异常/空间不一致,命中对象、风险等级、证据字段、核查建议,P1,ocr_55_books_deep,E:\2026\审计方法&政策文件\_ocr_output\能源\能源审计原理与实施方法.pdf.md
CARBV6D-030-R02,audit_rule,generated_rule,CARBV6D-030,59,C,能源与双碳审计 / 资源环境审计 / 绩效评价,3企业能源审计的方法,3企业能源审计的方法一致性规则,检查3企业能源审计的方法在合同、支付、预算、绩效或业务台账之间是否一致。,项目台账；财务收支明细；合同与审批资料；支付凭证；审计发现清单；绩效指标表,字段缺失/跨表不一致/偏离阈值/重复异常/时序异常/空间不一致,命中对象、风险等级、证据字段、核查建议,P1,ocr_55_books_deep,E:\2026\审计方法&政策文件\_ocr_output\能源\能源审计原理与实施方法.pdf.md
CARBV6D-030-R03,audit_rule,generated_rule,CARBV6D-030,59,C,能源与双碳审计 / 资源环境审计 / 绩效评价,3企业能源审计的方法,3企业能源审计的方法异常性规则,按历史均值、同类项目分位数或政策标准识别3企业能源审计的方法异常偏离。,项目台账；财务收支明细；合同与审批资料；支付凭证；审计发现清单；绩效指标表,字段缺失/跨表不一致/偏离阈值/重复异常/时序异常/空间不一致,命中对象、风险等级、证据字段、核查建议,P1,ocr_55_books_deep,E:\2026\审计方法&政策文件\_ocr_output\能源\能源审计原理与实施方法.pdf.md
CARBV6D-001-R01,audit_rule,generated_rule,CARBV6D-001,69,C,能源与双碳审计 / 资源环境审计 / 绩效评价,为碳排放核查，解析了温室气体排放核查的流程和要求，并对已,为碳排放核查，解析了温室气体排放核查的流程和要求，并对已完整性规则,检查为碳排放核查，解析了温室气体排放核查的流程和要求，并对已相关台账、凭证、审批和支付数据是否完整，缺失率超过阈值则预警。,项目台账；财务收支明细；合同与审批资料；支付凭证；审计发现清单；工程量清单,字段缺失/跨表不一致/偏离阈值/重复异常/时序异常/空间不一致,命中对象、风险等级、证据字段、核查建议,P0,ocr_55_books_deep,E:\2026\审计方法&政策文件\_ocr_output\能源\中国碳排放权交易实务.pdf.md
CARBV6D-001-R02,audit_rule,generated_rule,CARBV6D-001,69,C,能源与双碳审计 / 资源环境审计 / 绩效评价,为碳排放核查，解析了温室气体排放核查的流程和要求，并对已,为碳排放核查，解析了温室气体排放核查的流程和要求，并对已一致性规则,检查为碳排放核查，解析了温室气体排放核查的流程和要求，并对已在合同、支付、预算、绩效或业务台账之间是否一致。,项目台账；财务收支明细；合同与审批资料；支付凭证；审计发现清单；工程量清单,字段缺失/跨表不一致/偏离阈值/重复异常/时序异常/空间不一致,命中对象、风险等级、证据字段、核查建议,P0,ocr_55_books_deep,E:\2026\审计方法&政策文件\_ocr_output\能源\中国碳排放权交易实务.pdf.md
CARBV6D-001-R03,audit_rule,generated_rule,CARBV6D-001,69,C,能源与双碳审计 / 资源环境审计 / 绩效评价,为碳排放核查，解析了温室气体排放核查的流程和要求，并对已,为碳排放核查，解析了温室气体排放核查的流程和要求，并对已异常性规则,按历史均值、同类项目分位数或政策标准识别为碳排放核查，解析了温室气体排放核查的流程和要求，并对已异常偏离。,项目台账；财务收支明细；合同与审批资料；支付凭证；审计发现清单；工程量清单,字段缺失/跨表不一致/偏离阈值/重复异常/时序异常/空间不一致,命中对象、风险等级、证据字段、核查建议,P0,ocr_55_books_deep,E:\2026\审计方法&政策文件\_ocr_output\能源\中国碳排放权交易实务.pdf.md
CARBV6D-002-R01,audit_rule,generated_rule,CARBV6D-002,59,C,能源与双碳审计 / 资源环境审计 / 绩效评价,为碳资产管理，介绍了企业如何实施碳资产管理、进行碳资产交,为碳资产管理，介绍了企业如何实施碳资产管理、进行碳资产交完整性规则,检查为碳资产管理，介绍了企业如何实施碳资产管理、进行碳资产交相关台账、凭证、审批和支付数据是否完整，缺失率超过阈值则预警。,项目台账；财务收支明细；合同与审批资料；支付凭证；审计发现清单；工程量清单,字段缺失/跨表不一致/偏离阈值/重复异常/时序异常/空间不一致,命中对象、风险等级、证据字段、核查建议,P1,ocr_55_books_deep,E:\2026\审计方法&政策文件\_ocr_output\能源\中国碳排放权交易实务.pdf.md
CARBV6D-002-R02,audit_rule,generated_rule,CARBV6D-002,59,C,能源与双碳审计 / 资源环境审计 / 绩效评价,为碳资产管理，介绍了企业如何实施碳资产管理、进行碳资产交,为碳资产管理，介绍了企业如何实施碳资产管理、进行碳资产交一致性规则,检查为碳资产管理，介绍了企业如何实施碳资产管理、进行碳资产交在合同、支付、预算、绩效或业务台账之间是否一致。,项目台账；财务收支明细；合同与审批资料；支付凭证；审计发现清单；工程量清单,字段缺失/跨表不一致/偏离阈值/重复异常/时序异常/空间不一致,命中对象、风险等级、证据字段、核查建议,P1,ocr_55_books_deep,E:\2026\审计方法&政策文件\_ocr_output\能源\中国碳排放权交易实务.pdf.md
CARBV6D-002-R03,audit_rule,generated_rule,CARBV6D-002,59,C,能源与双碳审计 / 资源环境审计 / 绩效评价,为碳资产管理，介绍了企业如何实施碳资产管理、进行碳资产交,为碳资产管理，介绍了企业如何实施碳资产管理、进行碳资产交异常性规则,按历史均值、同类项目分位数或政策标准识别为碳资产管理，介绍了企业如何实施碳资产管理、进行碳资产交异常偏离。,项目台账；财务收支明细；合同与审批资料；支付凭证；审计发现清单；工程量清单,字段缺失/跨表不一致/偏离阈值/重复异常/时序异常/空间不一致,命中对象、风险等级、证据字段、核查建议,P1,ocr_55_books_deep,E:\2026\审计方法&政策文件\_ocr_output\能源\中国碳排放权交易实务.pdf.md
CARBV6D-029-R01,audit_rule,generated_rule,CARBV6D-029,59,C,能源与双碳审计 / 资源环境审计 / 绩效评价,企业能源审计的原理和方法,企业能源审计的原理和方法完整性规则,检查企业能源审计的原理和方法相关台账、凭证、审批和支付数据是否完整，缺失率超过阈值则预警。,项目台账；财务收支明细；合同与审批资料；支付凭证；审计发现清单；绩效指标表,字段缺失/跨表不一致/偏离阈值/重复异常/时序异常/空间不一致,命中对象、风险等级、证据字段、核查建议,P1,ocr_55_books_deep,E:\2026\审计方法&政策文件\_ocr_output\能源\能源审计原理与实施方法.pdf.md
CARBV6D-029-R02,audit_rule,generated_rule,CARBV6D-029,59,C,能源与双碳审计 / 资源环境审计 / 绩效评价,企业能源审计的原理和方法,企业能源审计的原理和方法一致性规则,检查企业能源审计的原理和方法在合同、支付、预算、绩效或业务台账之间是否一致。,项目台账；财务收支明细；合同与审批资料；支付凭证；审计发现清单；绩效指标表,字段缺失/跨表不一致/偏离阈值/重复异常/时序异常/空间不一致,命中对象、风险等级、证据字段、核查建议,P1,ocr_55_books_deep,E:\2026\审计方法&政策文件\_ocr_output\能源\能源审计原理与实施方法.pdf.md
CARBV6D-029-R03,audit_rule,generated_rule,CARBV6D-029,59,C,能源与双碳审计 / 资源环境审计 / 绩效评价,企业能源审计的原理和方法,企业能源审计的原理和方法异常性规则,按历史均值、同类项目分位数或政策标准识别企业能源审计的原理和方法异常偏离。,项目台账；财务收支明细；合同与审批资料；支付凭证；审计发现清单；绩效指标表,字段缺失/跨表不一致/偏离阈值/重复异常/时序异常/空间不一致,命中对象、风险等级、证据字段、核查建议,P1,ocr_55_books_deep,E:\2026\审计方法&政策文件\_ocr_output\能源\能源审计原理与实施方法.pdf.md
CARBV6D-012-R01,audit_rule,generated_rule,CARBV6D-012,59,C,能源与双碳审计 / 资源环境审计 / 绩效评价,公共机构能源审计.pdf,公共机构能源审计.pdf完整性规则,检查公共机构能源审计.pdf相关台账、凭证、审批和支付数据是否完整，缺失率超过阈值则预警。,项目台账；财务收支明细；合同与审批资料；支付凭证；审计发现清单；绩效指标表,字段缺失/跨表不一致/偏离阈值/重复异常/时序异常/空间不一致,命中对象、风险等级、证据字段、核查建议,P1,ocr_55_books_deep,E:\2026\审计方法&政策文件\_ocr_output\能源\公共机构能源审计.pdf.md
CARBV6D-012-R02,audit_rule,generated_rule,CARBV6D-012,59,C,能源与双碳审计 / 资源环境审计 / 绩效评价,公共机构能源审计.pdf,公共机构能源审计.pdf一致性规则,检查公共机构能源审计.pdf在合同、支付、预算、绩效或业务台账之间是否一致。,项目台账；财务收支明细；合同与审批资料；支付凭证；审计发现清单；绩效指标表,字段缺失/跨表不一致/偏离阈值/重复异常/时序异常/空间不一致,命中对象、风险等级、证据字段、核查建议,P1,ocr_55_books_deep,E:\2026\审计方法&政策文件\_ocr_output\能源\公共机构能源审计.pdf.md
CARBV6D-012-R03,audit_rule,generated_rule,CARBV6D-012,59,C,能源与双碳审计 / 资源环境审计 / 绩效评价,公共机构能源审计.pdf,公共机构能源审计.pdf异常性规则,按历史均值、同类项目分位数或政策标准识别公共机构能源审计.pdf异常偏离。,项目台账；财务收支明细；合同与审批资料；支付凭证；审计发现清单；绩效指标表,字段缺失/跨表不一致/偏离阈值/重复异常/时序异常/空间不一致,命中对象、风险等级、证据字段、核查建议,P1,ocr_55_books_deep,E:\2026\审计方法&政策文件\_ocr_output\能源\公共机构能源审计.pdf.md
CARBV6D-020-R01,audit_rule,generated_rule,CARBV6D-020,59,C,能源与双碳审计 / 资源环境审计 / 绩效评价,公共机构能源审计分类和工作流程,公共机构能源审计分类和工作流程完整性规则,检查公共机构能源审计分类和工作流程相关台账、凭证、审批和支付数据是否完整，缺失率超过阈值则预警。,项目台账；财务收支明细；合同与审批资料；支付凭证；审计发现清单；绩效指标表,字段缺失/跨表不一致/偏离阈值/重复异常/时序异常/空间不一致,命中对象、风险等级、证据字段、核查建议,P1,ocr_55_books_deep,E:\2026\审计方法&政策文件\_ocr_output\能源\公共机构能源审计实务.pdf.md
CARBV6D-020-R02,audit_rule,generated_rule,CARBV6D-020,59,C,能源与双碳审计 / 资源环境审计 / 绩效评价,公共机构能源审计分类和工作流程,公共机构能源审计分类和工作流程一致性规则,检查公共机构能源审计分类和工作流程在合同、支付、预算、绩效或业务台账之间是否一致。,项目台账；财务收支明细；合同与审批资料；支付凭证；审计发现清单；绩效指标表,字段缺失/跨表不一致/偏离阈值/重复异常/时序异常/空间不一致,命中对象、风险等级、证据字段、核查建议,P1,ocr_55_books_deep,E:\2026\审计方法&政策文件\_ocr_output\能源\公共机构能源审计实务.pdf.md
CARBV6D-020-R03,audit_rule,generated_rule,CARBV6D-020,59,C,能源与双碳审计 / 资源环境审计 / 绩效评价,公共机构能源审计分类和工作流程,公共机构能源审计分类和工作流程异常性规则,按历史均值、同类项目分位数或政策标准识别公共机构能源审计分类和工作流程异常偏离。,项目台账；财务收支明细；合同与审批资料；支付凭证；审计发现清单；绩效指标表,字段缺失/跨表不一致/偏离阈值/重复异常/时序异常/空间不一致,命中对象、风险等级、证据字段、核查建议,P1,ocr_55_books_deep,E:\2026\审计方法&政策文件\_ocr_output\能源\公共机构能源审计实务.pdf.md
CARBV6D-021-R01,audit_rule,generated_rule,CARBV6D-021,59,C,能源与双碳审计 / 资源环境审计 / 绩效评价,公共机构能源审计基础知识,公共机构能源审计基础知识完整性规则,检查公共机构能源审计基础知识相关台账、凭证、审批和支付数据是否完整，缺失率超过阈值则预警。,项目台账；财务收支明细；合同与审批资料；支付凭证；审计发现清单；绩效指标表,字段缺失/跨表不一致/偏离阈值/重复异常/时序异常/空间不一致,命中对象、风险等级、证据字段、核查建议,P1,ocr_55_books_deep,E:\2026\审计方法&政策文件\_ocr_output\能源\公共机构能源审计实务.pdf.md
CARBV6D-021-R02,audit_rule,generated_rule,CARBV6D-021,59,C,能源与双碳审计 / 资源环境审计 / 绩效评价,公共机构能源审计基础知识,公共机构能源审计基础知识一致性规则,检查公共机构能源审计基础知识在合同、支付、预算、绩效或业务台账之间是否一致。,项目台账；财务收支明细；合同与审批资料；支付凭证；审计发现清单；绩效指标表,字段缺失/跨表不一致/偏离阈值/重复异常/时序异常/空间不一致,命中对象、风险等级、证据字段、核查建议,P1,ocr_55_books_deep,E:\2026\审计方法&政策文件\_ocr_output\能源\公共机构能源审计实务.pdf.md
CARBV6D-021-R03,audit_rule,generated_rule,CARBV6D-021,59,C,能源与双碳审计 / 资源环境审计 / 绩效评价,公共机构能源审计基础知识,公共机构能源审计基础知识异常性规则,按历史均值、同类项目分位数或政策标准识别公共机构能源审计基础知识异常偏离。,项目台账；财务收支明细；合同与审批资料；支付凭证；审计发现清单；绩效指标表,字段缺失/跨表不一致/偏离阈值/重复异常/时序异常/空间不一致,命中对象、风险等级、证据字段、核查建议,P1,ocr_55_books_deep,E:\2026\审计方法&政策文件\_ocr_output\能源\公共机构能源审计实务.pdf.md
CARBV6D-017-R01,audit_rule,generated_rule,CARBV6D-017,59,C,能源与双碳审计 / 资源环境审计 / 绩效评价,公共机构能源审计实务.pdf,公共机构能源审计实务.pdf完整性规则,检查公共机构能源审计实务.pdf相关台账、凭证、审批和支付数据是否完整，缺失率超过阈值则预警。,项目台账；财务收支明细；合同与审批资料；支付凭证；审计发现清单；绩效指标表,字段缺失/跨表不一致/偏离阈值/重复异常/时序异常/空间不一致,命中对象、风险等级、证据字段、核查建议,P1,ocr_55_books_deep,E:\2026\审计方法&政策文件\_ocr_output\能源\公共机构能源审计实务.pdf.md
CARBV6D-017-R02,audit_rule,generated_rule,CARBV6D-017,59,C,能源与双碳审计 / 资源环境审计 / 绩效评价,公共机构能源审计实务.pdf,公共机构能源审计实务.pdf一致性规则,检查公共机构能源审计实务.pdf在合同、支付、预算、绩效或业务台账之间是否一致。,项目台账；财务收支明细；合同与审批资料；支付凭证；审计发现清单；绩效指标表,字段缺失/跨表不一致/偏离阈值/重复异常/时序异常/空间不一致,命中对象、风险等级、证据字段、核查建议,P1,ocr_55_books_deep,E:\2026\审计方法&政策文件\_ocr_output\能源\公共机构能源审计实务.pdf.md
CARBV6D-017-R03,audit_rule,generated_rule,CARBV6D-017,59,C,能源与双碳审计 / 资源环境审计 / 绩效评价,公共机构能源审计实务.pdf,公共机构能源审计实务.pdf异常性规则,按历史均值、同类项目分位数或政策标准识别公共机构能源审计实务.pdf异常偏离。,项目台账；财务收支明细；合同与审批资料；支付凭证；审计发现清单；绩效指标表,字段缺失/跨表不一致/偏离阈值/重复异常/时序异常/空间不一致,命中对象、风险等级、证据字段、核查建议,P1,ocr_55_books_deep,E:\2026\审计方法&政策文件\_ocr_output\能源\公共机构能源审计实务.pdf.md
CARBV6D-019-R01,audit_rule,generated_rule,CARBV6D-019,59,C,能源与双碳审计 / 资源环境审计 / 绩效评价,公共机构能源审计工作要求,公共机构能源审计工作要求完整性规则,检查公共机构能源审计工作要求相关台账、凭证、审批和支付数据是否完整，缺失率超过阈值则预警。,项目台账；财务收支明细；合同与审批资料；支付凭证；审计发现清单；绩效指标表,字段缺失/跨表不一致/偏离阈值/重复异常/时序异常/空间不一致,命中对象、风险等级、证据字段、核查建议,P1,ocr_55_books_deep,E:\2026\审计方法&政策文件\_ocr_output\能源\公共机构能源审计实务.pdf.md
CARBV6D-019-R02,audit_rule,generated_rule,CARBV6D-019,59,C,能源与双碳审计 / 资源环境审计 / 绩效评价,公共机构能源审计工作要求,公共机构能源审计工作要求一致性规则,检查公共机构能源审计工作要求在合同、支付、预算、绩效或业务台账之间是否一致。,项目台账；财务收支明细；合同与审批资料；支付凭证；审计发现清单；绩效指标表,字段缺失/跨表不一致/偏离阈值/重复异常/时序异常/空间不一致,命中对象、风险等级、证据字段、核查建议,P1,ocr_55_books_deep,E:\2026\审计方法&政策文件\_ocr_output\能源\公共机构能源审计实务.pdf.md
CARBV6D-019-R03,audit_rule,generated_rule,CARBV6D-019,59,C,能源与双碳审计 / 资源环境审计 / 绩效评价,公共机构能源审计工作要求,公共机构能源审计工作要求异常性规则,按历史均值、同类项目分位数或政策标准识别公共机构能源审计工作要求异常偏离。,项目台账；财务收支明细；合同与审批资料；支付凭证；审计发现清单；绩效指标表,字段缺失/跨表不一致/偏离阈值/重复异常/时序异常/空间不一致,命中对象、风险等级、证据字段、核查建议,P1,ocr_55_books_deep,E:\2026\审计方法&政策文件\_ocr_output\能源\公共机构能源审计实务.pdf.md
CARBV6D-018-R01,audit_rule,generated_rule,CARBV6D-018,59,C,能源与双碳审计 / 资源环境审计 / 绩效评价,公共机构能源审计概述,公共机构能源审计概述完整性规则,检查公共机构能源审计概述相关台账、凭证、审批和支付数据是否完整，缺失率超过阈值则预警。,项目台账；财务收支明细；合同与审批资料；支付凭证；审计发现清单；绩效指标表,字段缺失/跨表不一致/偏离阈值/重复异常/时序异常/空间不一致,命中对象、风险等级、证据字段、核查建议,P1,ocr_55_books_deep,E:\2026\审计方法&政策文件\_ocr_output\能源\公共机构能源审计实务.pdf.md
CARBV6D-018-R02,audit_rule,generated_rule,CARBV6D-018,59,C,能源与双碳审计 / 资源环境审计 / 绩效评价,公共机构能源审计概述,公共机构能源审计概述一致性规则,检查公共机构能源审计概述在合同、支付、预算、绩效或业务台账之间是否一致。,项目台账；财务收支明细；合同与审批资料；支付凭证；审计发现清单；绩效指标表,字段缺失/跨表不一致/偏离阈值/重复异常/时序异常/空间不一致,命中对象、风险等级、证据字段、核查建议,P1,ocr_55_books_deep,E:\2026\审计方法&政策文件\_ocr_output\能源\公共机构能源审计实务.pdf.md
CARBV6D-018-R03,audit_rule,generated_rule,CARBV6D-018,59,C,能源与双碳审计 / 资源环境审计 / 绩效评价,公共机构能源审计概述,公共机构能源审计概述异常性规则,按历史均值、同类项目分位数或政策标准识别公共机构能源审计概述异常偏离。,项目台账；财务收支明细；合同与审批资料；支付凭证；审计发现清单；绩效指标表,字段缺失/跨表不一致/偏离阈值/重复异常/时序异常/空间不一致,命中对象、风险等级、证据字段、核查建议,P1,ocr_55_books_deep,E:\2026\审计方法&政策文件\_ocr_output\能源\公共机构能源审计实务.pdf.md
CARBV6D-016-R01,audit_rule,generated_rule,CARBV6D-016,59,C,能源与双碳审计 / 资源环境审计 / 绩效评价,公共机构能源审计程序,公共机构能源审计程序完整性规则,检查公共机构能源审计程序相关台账、凭证、审批和支付数据是否完整，缺失率超过阈值则预警。,项目台账；财务收支明细；合同与审批资料；支付凭证；审计发现清单；绩效指标表,字段缺失/跨表不一致/偏离阈值/重复异常/时序异常/空间不一致,命中对象、风险等级、证据字段、核查建议,P1,ocr_55_books_deep,E:\2026\审计方法&政策文件\_ocr_output\能源\公共机构能源审计实务.pdf.md
CARBV6D-016-R02,audit_rule,generated_rule,CARBV6D-016,59,C,能源与双碳审计 / 资源环境审计 / 绩效评价,公共机构能源审计程序,公共机构能源审计程序一致性规则,检查公共机构能源审计程序在合同、支付、预算、绩效或业务台账之间是否一致。,项目台账；财务收支明细；合同与审批资料；支付凭证；审计发现清单；绩效指标表,字段缺失/跨表不一致/偏离阈值/重复异常/时序异常/空间不一致,命中对象、风险等级、证据字段、核查建议,P1,ocr_55_books_deep,E:\2026\审计方法&政策文件\_ocr_output\能源\公共机构能源审计实务.pdf.md
CARBV6D-016-R03,audit_rule,generated_rule,CARBV6D-016,59,C,能源与双碳审计 / 资源环境审计 / 绩效评价,公共机构能源审计程序,公共机构能源审计程序异常性规则,按历史均值、同类项目分位数或政策标准识别公共机构能源审计程序异常偏离。,项目台账；财务收支明细；合同与审批资料；支付凭证；审计发现清单；绩效指标表,字段缺失/跨表不一致/偏离阈值/重复异常/时序异常/空间不一致,命中对象、风险等级、证据字段、核查建议,P1,ocr_55_books_deep,E:\2026\审计方法&政策文件\_ocr_output\能源\公共机构能源审计实务.pdf.md
CARBV6D-015-R01,audit_rule,generated_rule,CARBV6D-015,69,C,能源与双碳审计 / 资源环境审计 / 绩效评价,公共机构能源审计程序与内容,公共机构能源审计程序与内容完整性规则,检查公共机构能源审计程序与内容相关台账、凭证、审批和支付数据是否完整，缺失率超过阈值则预警。,项目台账；财务收支明细；合同与审批资料；支付凭证；审计发现清单；绩效指标表,字段缺失/跨表不一致/偏离阈值/重复异常/时序异常/空间不一致,命中对象、风险等级、证据字段、核查建议,P0,ocr_55_books_deep,E:\2026\审计方法&政策文件\_ocr_output\能源\公共机构能源审计实务.pdf.md
CARBV6D-015-R02,audit_rule,generated_rule,CARBV6D-015,69,C,能源与双碳审计 / 资源环境审计 / 绩效评价,公共机构能源审计程序与内容,公共机构能源审计程序与内容一致性规则,检查公共机构能源审计程序与内容在合同、支付、预算、绩效或业务台账之间是否一致。,项目台账；财务收支明细；合同与审批资料；支付凭证；审计发现清单；绩效指标表,字段缺失/跨表不一致/偏离阈值/重复异常/时序异常/空间不一致,命中对象、风险等级、证据字段、核查建议,P0,ocr_55_books_deep,E:\2026\审计方法&政策文件\_ocr_output\能源\公共机构能源审计实务.pdf.md
CARBV6D-015-R03,audit_rule,generated_rule,CARBV6D-015,69,C,能源与双碳审计 / 资源环境审计 / 绩效评价,公共机构能源审计程序与内容,公共机构能源审计程序与内容异常性规则,按历史均值、同类项目分位数或政策标准识别公共机构能源审计程序与内容异常偏离。,项目台账；财务收支明细；合同与审批资料；支付凭证；审计发现清单；绩效指标表,字段缺失/跨表不一致/偏离阈值/重复异常/时序异常/空间不一致,命中对象、风险等级、证据字段、核查建议,P0,ocr_55_books_deep,E:\2026\审计方法&政策文件\_ocr_output\能源\公共机构能源审计实务.pdf.md
CARBV6D-024-R01,audit_rule,generated_rule,CARBV6D-024,59,C,能源与双碳审计 / 资源环境审计 / 绩效评价,公布“碳排放管理员”,公布“碳排放管理员”完整性规则,检查公布“碳排放管理员”相关台账、凭证、审批和支付数据是否完整，缺失率超过阈值则预警。,项目台账；财务收支明细；合同与审批资料；支付凭证；审计发现清单；能耗账单,字段缺失/跨表不一致/偏离阈值/重复异常/时序异常/空间不一致,命中对象、风险等级、证据字段、核查建议,P1,ocr_55_books_deep,E:\2026\审计方法&政策文件\_ocr_output\能源\碳达峰与碳中和实施指南.pdf.md
CARBV6D-024-R02,audit_rule,generated_rule,CARBV6D-024,59,C,能源与双碳审计 / 资源环境审计 / 绩效评价,公布“碳排放管理员”,公布“碳排放管理员”一致性规则,检查公布“碳排放管理员”在合同、支付、预算、绩效或业务台账之间是否一致。,项目台账；财务收支明细；合同与审批资料；支付凭证；审计发现清单；能耗账单,字段缺失/跨表不一致/偏离阈值/重复异常/时序异常/空间不一致,命中对象、风险等级、证据字段、核查建议,P1,ocr_55_books_deep,E:\2026\审计方法&政策文件\_ocr_output\能源\碳达峰与碳中和实施指南.pdf.md
CARBV6D-024-R03,audit_rule,generated_rule,CARBV6D-024,59,C,能源与双碳审计 / 资源环境审计 / 绩效评价,公布“碳排放管理员”,公布“碳排放管理员”异常性规则,按历史均值、同类项目分位数或政策标准识别公布“碳排放管理员”异常偏离。,项目台账；财务收支明细；合同与审批资料；支付凭证；审计发现清单；能耗账单,字段缺失/跨表不一致/偏离阈值/重复异常/时序异常/空间不一致,命中对象、风险等级、证据字段、核查建议,P1,ocr_55_books_deep,E:\2026\审计方法&政策文件\_ocr_output\能源\碳达峰与碳中和实施指南.pdf.md
CARBV6D-008-R01,audit_rule,generated_rule,CARBV6D-008,59,C,能源与双碳审计 / 资源环境审计 / 绩效评价,减排量真实性,减排量真实性完整性规则,检查减排量真实性相关台账、凭证、审批和支付数据是否完整，缺失率超过阈值则预警。,项目台账；财务收支明细；合同与审批资料；支付凭证；审计发现清单；工程量清单,字段缺失/跨表不一致/偏离阈值/重复异常/时序异常/空间不一致,命中对象、风险等级、证据字段、核查建议,P1,ocr_55_books_deep,E:\2026\审计方法&政策文件\_ocr_output\能源\中国碳排放权交易实务.pdf.md
CARBV6D-008-R02,audit_rule,generated_rule,CARBV6D-008,59,C,能源与双碳审计 / 资源环境审计 / 绩效评价,减排量真实性,减排量真实性一致性规则,检查减排量真实性在合同、支付、预算、绩效或业务台账之间是否一致。,项目台账；财务收支明细；合同与审批资料；支付凭证；审计发现清单；工程量清单,字段缺失/跨表不一致/偏离阈值/重复异常/时序异常/空间不一致,命中对象、风险等级、证据字段、核查建议,P1,ocr_55_books_deep,E:\2026\审计方法&政策文件\_ocr_output\能源\中国碳排放权交易实务.pdf.md
CARBV6D-008-R03,audit_rule,generated_rule,CARBV6D-008,59,C,能源与双碳审计 / 资源环境审计 / 绩效评价,减排量真实性,减排量真实性异常性规则,按历史均值、同类项目分位数或政策标准识别减排量真实性异常偏离。,项目台账；财务收支明细；合同与审批资料；支付凭证；审计发现清单；工程量清单,字段缺失/跨表不一致/偏离阈值/重复异常/时序异常/空间不一致,命中对象、风险等级、证据字段、核查建议,P1,ocr_55_books_deep,E:\2026\审计方法&政策文件\_ocr_output\能源\中国碳排放权交易实务.pdf.md
CARBV6D-004-R01,audit_rule,generated_rule,CARBV6D-004,59,C,能源与双碳审计 / 资源环境审计 / 绩效评价,单位面积能耗对标,单位面积能耗对标完整性规则,检查单位面积能耗对标相关台账、凭证、审批和支付数据是否完整，缺失率超过阈值则预警。,项目台账；财务收支明细；合同与审批资料；支付凭证；审计发现清单；工程量清单,字段缺失/跨表不一致/偏离阈值/重复异常/时序异常/空间不一致,命中对象、风险等级、证据字段、核查建议,P1,ocr_55_books_deep,E:\2026\审计方法&政策文件\_ocr_output\能源\中国碳排放权交易实务.pdf.md
CARBV6D-004-R02,audit_rule,generated_rule,CARBV6D-004,59,C,能源与双碳审计 / 资源环境审计 / 绩效评价,单位面积能耗对标,单位面积能耗对标一致性规则,检查单位面积能耗对标在合同、支付、预算、绩效或业务台账之间是否一致。,项目台账；财务收支明细；合同与审批资料；支付凭证；审计发现清单；工程量清单,字段缺失/跨表不一致/偏离阈值/重复异常/时序异常/空间不一致,命中对象、风险等级、证据字段、核查建议,P1,ocr_55_books_deep,E:\2026\审计方法&政策文件\_ocr_output\能源\中国碳排放权交易实务.pdf.md
CARBV6D-004-R03,audit_rule,generated_rule,CARBV6D-004,59,C,能源与双碳审计 / 资源环境审计 / 绩效评价,单位面积能耗对标,单位面积能耗对标异常性规则,按历史均值、同类项目分位数或政策标准识别单位面积能耗对标异常偏离。,项目台账；财务收支明细；合同与审批资料；支付凭证；审计发现清单；工程量清单,字段缺失/跨表不一致/偏离阈值/重复异常/时序异常/空间不一致,命中对象、风险等级、证据字段、核查建议,P1,ocr_55_books_deep,E:\2026\审计方法&政策文件\_ocr_output\能源\中国碳排放权交易实务.pdf.md
CARBV6D-026-R01,audit_rule,generated_rule,CARBV6D-026,59,C,能源与双碳审计 / 资源环境审计 / 绩效评价,单位面积能耗对标,单位面积能耗对标完整性规则,检查单位面积能耗对标相关台账、凭证、审批和支付数据是否完整，缺失率超过阈值则预警。,项目台账；财务收支明细；合同与审批资料；支付凭证；审计发现清单；能耗账单,字段缺失/跨表不一致/偏离阈值/重复异常/时序异常/空间不一致,命中对象、风险等级、证据字段、核查建议,P1,ocr_55_books_deep,E:\2026\审计方法&政策文件\_ocr_output\能源\碳达峰与碳中和实施指南.pdf.md
CARBV6D-026-R02,audit_rule,generated_rule,CARBV6D-026,59,C,能源与双碳审计 / 资源环境审计 / 绩效评价,单位面积能耗对标,单位面积能耗对标一致性规则,检查单位面积能耗对标在合同、支付、预算、绩效或业务台账之间是否一致。,项目台账；财务收支明细；合同与审批资料；支付凭证；审计发现清单；能耗账单,字段缺失/跨表不一致/偏离阈值/重复异常/时序异常/空间不一致,命中对象、风险等级、证据字段、核查建议,P1,ocr_55_books_deep,E:\2026\审计方法&政策文件\_ocr_output\能源\碳达峰与碳中和实施指南.pdf.md
CARBV6D-026-R03,audit_rule,generated_rule,CARBV6D-026,59,C,能源与双碳审计 / 资源环境审计 / 绩效评价,单位面积能耗对标,单位面积能耗对标异常性规则,按历史均值、同类项目分位数或政策标准识别单位面积能耗对标异常偏离。,项目台账；财务收支明细；合同与审批资料；支付凭证；审计发现清单；能耗账单,字段缺失/跨表不一致/偏离阈值/重复异常/时序异常/空间不一致,命中对象、风险等级、证据字段、核查建议,P1,ocr_55_books_deep,E:\2026\审计方法&政策文件\_ocr_output\能源\碳达峰与碳中和实施指南.pdf.md
CARBV6D-023-R01,audit_rule,generated_rule,CARBV6D-023,59,C,能源与双碳审计 / 资源环境审计 / 绩效评价,国内碳中和管理政策,国内碳中和管理政策完整性规则,检查国内碳中和管理政策相关台账、凭证、审批和支付数据是否完整，缺失率超过阈值则预警。,项目台账；财务收支明细；合同与审批资料；支付凭证；审计发现清单；能耗账单,字段缺失/跨表不一致/偏离阈值/重复异常/时序异常/空间不一致,命中对象、风险等级、证据字段、核查建议,P1,ocr_55_books_deep,E:\2026\审计方法&政策文件\_ocr_output\能源\碳达峰与碳中和实施指南.pdf.md
CARBV6D-023-R02,audit_rule,generated_rule,CARBV6D-023,59,C,能源与双碳审计 / 资源环境审计 / 绩效评价,国内碳中和管理政策,国内碳中和管理政策一致性规则,检查国内碳中和管理政策在合同、支付、预算、绩效或业务台账之间是否一致。,项目台账；财务收支明细；合同与审批资料；支付凭证；审计发现清单；能耗账单,字段缺失/跨表不一致/偏离阈值/重复异常/时序异常/空间不一致,命中对象、风险等级、证据字段、核查建议,P1,ocr_55_books_deep,E:\2026\审计方法&政策文件\_ocr_output\能源\碳达峰与碳中和实施指南.pdf.md
CARBV6D-023-R03,audit_rule,generated_rule,CARBV6D-023,59,C,能源与双碳审计 / 资源环境审计 / 绩效评价,国内碳中和管理政策,国内碳中和管理政策异常性规则,按历史均值、同类项目分位数或政策标准识别国内碳中和管理政策异常偏离。,项目台账；财务收支明细；合同与审批资料；支付凭证；审计发现清单；能耗账单,字段缺失/跨表不一致/偏离阈值/重复异常/时序异常/空间不一致,命中对象、风险等级、证据字段、核查建议,P1,ocr_55_books_deep,E:\2026\审计方法&政策文件\_ocr_output\能源\碳达峰与碳中和实施指南.pdf.md
CARBV6D-022-R01,audit_rule,generated_rule,CARBV6D-022,59,C,能源与双碳审计 / 资源环境审计 / 绩效评价,国外碳中和管理政策,国外碳中和管理政策完整性规则,检查国外碳中和管理政策相关台账、凭证、审批和支付数据是否完整，缺失率超过阈值则预警。,项目台账；财务收支明细；合同与审批资料；支付凭证；审计发现清单；能耗账单,字段缺失/跨表不一致/偏离阈值/重复异常/时序异常/空间不一致,命中对象、风险等级、证据字段、核查建议,P1,ocr_55_books_deep,E:\2026\审计方法&政策文件\_ocr_output\能源\碳达峰与碳中和实施指南.pdf.md
CARBV6D-022-R02,audit_rule,generated_rule,CARBV6D-022,59,C,能源与双碳审计 / 资源环境审计 / 绩效评价,国外碳中和管理政策,国外碳中和管理政策一致性规则,检查国外碳中和管理政策在合同、支付、预算、绩效或业务台账之间是否一致。,项目台账；财务收支明细；合同与审批资料；支付凭证；审计发现清单；能耗账单,字段缺失/跨表不一致/偏离阈值/重复异常/时序异常/空间不一致,命中对象、风险等级、证据字段、核查建议,P1,ocr_55_books_deep,E:\2026\审计方法&政策文件\_ocr_output\能源\碳达峰与碳中和实施指南.pdf.md
CARBV6D-022-R03,audit_rule,generated_rule,CARBV6D-022,59,C,能源与双碳审计 / 资源环境审计 / 绩效评价,国外碳中和管理政策,国外碳中和管理政策异常性规则,按历史均值、同类项目分位数或政策标准识别国外碳中和管理政策异常偏离。,项目台账；财务收支明细；合同与审批资料；支付凭证；审计发现清单；能耗账单,字段缺失/跨表不一致/偏离阈值/重复异常/时序异常/空间不一致,命中对象、风险等级、证据字段、核查建议,P1,ocr_55_books_deep,E:\2026\审计方法&政策文件\_ocr_output\能源\碳达峰与碳中和实施指南.pdf.md
CARBV6D-007-R01,audit_rule,generated_rule,CARBV6D-007,59,C,能源与双碳审计 / 资源环境审计 / 绩效评价,碳交易异常,碳交易异常完整性规则,检查碳交易异常相关台账、凭证、审批和支付数据是否完整，缺失率超过阈值则预警。,项目台账；财务收支明细；合同与审批资料；支付凭证；审计发现清单；工程量清单,字段缺失/跨表不一致/偏离阈值/重复异常/时序异常/空间不一致,命中对象、风险等级、证据字段、核查建议,P1,ocr_55_books_deep,E:\2026\审计方法&政策文件\_ocr_output\能源\中国碳排放权交易实务.pdf.md
CARBV6D-007-R02,audit_rule,generated_rule,CARBV6D-007,59,C,能源与双碳审计 / 资源环境审计 / 绩效评价,碳交易异常,碳交易异常一致性规则,检查碳交易异常在合同、支付、预算、绩效或业务台账之间是否一致。,项目台账；财务收支明细；合同与审批资料；支付凭证；审计发现清单；工程量清单,字段缺失/跨表不一致/偏离阈值/重复异常/时序异常/空间不一致,命中对象、风险等级、证据字段、核查建议,P1,ocr_55_books_deep,E:\2026\审计方法&政策文件\_ocr_output\能源\中国碳排放权交易实务.pdf.md
CARBV6D-007-R03,audit_rule,generated_rule,CARBV6D-007,59,C,能源与双碳审计 / 资源环境审计 / 绩效评价,碳交易异常,碳交易异常异常性规则,按历史均值、同类项目分位数或政策标准识别碳交易异常异常偏离。,项目台账；财务收支明细；合同与审批资料；支付凭证；审计发现清单；工程量清单,字段缺失/跨表不一致/偏离阈值/重复异常/时序异常/空间不一致,命中对象、风险等级、证据字段、核查建议,P1,ocr_55_books_deep,E:\2026\审计方法&政策文件\_ocr_output\能源\中国碳排放权交易实务.pdf.md
CARBV6D-006-R01,audit_rule,generated_rule,CARBV6D-006,59,C,能源与双碳审计 / 资源环境审计 / 绩效评价,碳配额履约一致性,碳配额履约一致性完整性规则,检查碳配额履约一致性相关台账、凭证、审批和支付数据是否完整，缺失率超过阈值则预警。,项目台账；财务收支明细；合同与审批资料；支付凭证；审计发现清单；工程量清单,字段缺失/跨表不一致/偏离阈值/重复异常/时序异常/空间不一致,命中对象、风险等级、证据字段、核查建议,P1,ocr_55_books_deep,E:\2026\审计方法&政策文件\_ocr_output\能源\中国碳排放权交易实务.pdf.md
CARBV6D-006-R02,audit_rule,generated_rule,CARBV6D-006,59,C,能源与双碳审计 / 资源环境审计 / 绩效评价,碳配额履约一致性,碳配额履约一致性一致性规则,检查碳配额履约一致性在合同、支付、预算、绩效或业务台账之间是否一致。,项目台账；财务收支明细；合同与审批资料；支付凭证；审计发现清单；工程量清单,字段缺失/跨表不一致/偏离阈值/重复异常/时序异常/空间不一致,命中对象、风险等级、证据字段、核查建议,P1,ocr_55_books_deep,E:\2026\审计方法&政策文件\_ocr_output\能源\中国碳排放权交易实务.pdf.md
CARBV6D-006-R03,audit_rule,generated_rule,CARBV6D-006,59,C,能源与双碳审计 / 资源环境审计 / 绩效评价,碳配额履约一致性,碳配额履约一致性异常性规则,按历史均值、同类项目分位数或政策标准识别碳配额履约一致性异常偏离。,项目台账；财务收支明细；合同与审批资料；支付凭证；审计发现清单；工程量清单,字段缺失/跨表不一致/偏离阈值/重复异常/时序异常/空间不一致,命中对象、风险等级、证据字段、核查建议,P1,ocr_55_books_deep,E:\2026\审计方法&政策文件\_ocr_output\能源\中国碳排放权交易实务.pdf.md
CARBV6D-010-R01,audit_rule,generated_rule,CARBV6D-010,59,C,能源与双碳审计 / 资源环境审计 / 绩效评价,简单能源审计及其能耗分析,简单能源审计及其能耗分析完整性规则,检查简单能源审计及其能耗分析相关台账、凭证、审批和支付数据是否完整，缺失率超过阈值则预警。,项目台账；财务收支明细；合同与审批资料；支付凭证；审计发现清单；绩效指标表,字段缺失/跨表不一致/偏离阈值/重复异常/时序异常/空间不一致,命中对象、风险等级、证据字段、核查建议,P1,ocr_55_books_deep,E:\2026\审计方法&政策文件\_ocr_output\能源\公共机构能源审计.pdf.md
CARBV6D-010-R02,audit_rule,generated_rule,CARBV6D-010,59,C,能源与双碳审计 / 资源环境审计 / 绩效评价,简单能源审计及其能耗分析,简单能源审计及其能耗分析一致性规则,检查简单能源审计及其能耗分析在合同、支付、预算、绩效或业务台账之间是否一致。,项目台账；财务收支明细；合同与审批资料；支付凭证；审计发现清单；绩效指标表,字段缺失/跨表不一致/偏离阈值/重复异常/时序异常/空间不一致,命中对象、风险等级、证据字段、核查建议,P1,ocr_55_books_deep,E:\2026\审计方法&政策文件\_ocr_output\能源\公共机构能源审计.pdf.md
CARBV6D-010-R03,audit_rule,generated_rule,CARBV6D-010,59,C,能源与双碳审计 / 资源环境审计 / 绩效评价,简单能源审计及其能耗分析,简单能源审计及其能耗分析异常性规则,按历史均值、同类项目分位数或政策标准识别简单能源审计及其能耗分析异常偏离。,项目台账；财务收支明细；合同与审批资料；支付凭证；审计发现清单；绩效指标表,字段缺失/跨表不一致/偏离阈值/重复异常/时序异常/空间不一致,命中对象、风险等级、证据字段、核查建议,P1,ocr_55_books_deep,E:\2026\审计方法&政策文件\_ocr_output\能源\公共机构能源审计.pdf.md
CARBV6D-028-R01,audit_rule,generated_rule,CARBV6D-028,69,C,能源与双碳审计 / 资源环境审计 / 绩效评价,能源审计原理与实施方法.pdf,能源审计原理与实施方法.pdf完整性规则,检查能源审计原理与实施方法.pdf相关台账、凭证、审批和支付数据是否完整，缺失率超过阈值则预警。,项目台账；财务收支明细；合同与审批资料；支付凭证；审计发现清单；绩效指标表,字段缺失/跨表不一致/偏离阈值/重复异常/时序异常/空间不一致,命中对象、风险等级、证据字段、核查建议,P0,ocr_55_books_deep,E:\2026\审计方法&政策文件\_ocr_output\能源\能源审计原理与实施方法.pdf.md
CARBV6D-028-R02,audit_rule,generated_rule,CARBV6D-028,69,C,能源与双碳审计 / 资源环境审计 / 绩效评价,能源审计原理与实施方法.pdf,能源审计原理与实施方法.pdf一致性规则,检查能源审计原理与实施方法.pdf在合同、支付、预算、绩效或业务台账之间是否一致。,项目台账；财务收支明细；合同与审批资料；支付凭证；审计发现清单；绩效指标表,字段缺失/跨表不一致/偏离阈值/重复异常/时序异常/空间不一致,命中对象、风险等级、证据字段、核查建议,P0,ocr_55_books_deep,E:\2026\审计方法&政策文件\_ocr_output\能源\能源审计原理与实施方法.pdf.md
CARBV6D-028-R03,audit_rule,generated_rule,CARBV6D-028,69,C,能源与双碳审计 / 资源环境审计 / 绩效评价,能源审计原理与实施方法.pdf,能源审计原理与实施方法.pdf异常性规则,按历史均值、同类项目分位数或政策标准识别能源审计原理与实施方法.pdf异常偏离。,项目台账；财务收支明细；合同与审批资料；支付凭证；审计发现清单；绩效指标表,字段缺失/跨表不一致/偏离阈值/重复异常/时序异常/空间不一致,命中对象、风险等级、证据字段、核查建议,P0,ocr_55_books_deep,E:\2026\审计方法&政策文件\_ocr_output\能源\能源审计原理与实施方法.pdf.md
CARBV6D-014-R01,audit_rule,generated_rule,CARBV6D-014,59,C,能源与双碳审计 / 资源环境审计 / 绩效评价,能源审计基本知识,能源审计基本知识完整性规则,检查能源审计基本知识相关台账、凭证、审批和支付数据是否完整，缺失率超过阈值则预警。,项目台账；财务收支明细；合同与审批资料；支付凭证；审计发现清单；绩效指标表,字段缺失/跨表不一致/偏离阈值/重复异常/时序异常/空间不一致,命中对象、风险等级、证据字段、核查建议,P1,ocr_55_books_deep,E:\2026\审计方法&政策文件\_ocr_output\能源\公共机构能源审计.pdf.md
CARBV6D-014-R02,audit_rule,generated_rule,CARBV6D-014,59,C,能源与双碳审计 / 资源环境审计 / 绩效评价,能源审计基本知识,能源审计基本知识一致性规则,检查能源审计基本知识在合同、支付、预算、绩效或业务台账之间是否一致。,项目台账；财务收支明细；合同与审批资料；支付凭证；审计发现清单；绩效指标表,字段缺失/跨表不一致/偏离阈值/重复异常/时序异常/空间不一致,命中对象、风险等级、证据字段、核查建议,P1,ocr_55_books_deep,E:\2026\审计方法&政策文件\_ocr_output\能源\公共机构能源审计.pdf.md
CARBV6D-014-R03,audit_rule,generated_rule,CARBV6D-014,59,C,能源与双碳审计 / 资源环境审计 / 绩效评价,能源审计基本知识,能源审计基本知识异常性规则,按历史均值、同类项目分位数或政策标准识别能源审计基本知识异常偏离。,项目台账；财务收支明细；合同与审批资料；支付凭证；审计发现清单；绩效指标表,字段缺失/跨表不一致/偏离阈值/重复异常/时序异常/空间不一致,命中对象、风险等级、证据字段、核查建议,P1,ocr_55_books_deep,E:\2026\审计方法&政策文件\_ocr_output\能源\公共机构能源审计.pdf.md
CARBV6D-031-R01,audit_rule,generated_rule,CARBV6D-031,59,C,能源与双碳审计 / 资源环境审计 / 绩效评价,能源审计概述,能源审计概述完整性规则,检查能源审计概述相关台账、凭证、审批和支付数据是否完整，缺失率超过阈值则预警。,项目台账；财务收支明细；合同与审批资料；支付凭证；审计发现清单；绩效指标表,字段缺失/跨表不一致/偏离阈值/重复异常/时序异常/空间不一致,命中对象、风险等级、证据字段、核查建议,P1,ocr_55_books_deep,E:\2026\审计方法&政策文件\_ocr_output\能源\能源审计原理与实施方法.pdf.md
CARBV6D-031-R02,audit_rule,generated_rule,CARBV6D-031,59,C,能源与双碳审计 / 资源环境审计 / 绩效评价,能源审计概述,能源审计概述一致性规则,检查能源审计概述在合同、支付、预算、绩效或业务台账之间是否一致。,项目台账；财务收支明细；合同与审批资料；支付凭证；审计发现清单；绩效指标表,字段缺失/跨表不一致/偏离阈值/重复异常/时序异常/空间不一致,命中对象、风险等级、证据字段、核查建议,P1,ocr_55_books_deep,E:\2026\审计方法&政策文件\_ocr_output\能源\能源审计原理与实施方法.pdf.md
CARBV6D-031-R03,audit_rule,generated_rule,CARBV6D-031,59,C,能源与双碳审计 / 资源环境审计 / 绩效评价,能源审计概述,能源审计概述异常性规则,按历史均值、同类项目分位数或政策标准识别能源审计概述异常偏离。,项目台账；财务收支明细；合同与审批资料；支付凭证；审计发现清单；绩效指标表,字段缺失/跨表不一致/偏离阈值/重复异常/时序异常/空间不一致,命中对象、风险等级、证据字段、核查建议,P1,ocr_55_books_deep,E:\2026\审计方法&政策文件\_ocr_output\能源\能源审计原理与实施方法.pdf.md
CARBV6D-009-R01,audit_rule,generated_rule,CARBV6D-009,59,C,能源与双碳审计 / 资源环境审计 / 绩效评价,能源审计的思路和方法,能源审计的思路和方法完整性规则,检查能源审计的思路和方法相关台账、凭证、审批和支付数据是否完整，缺失率超过阈值则预警。,项目台账；财务收支明细；合同与审批资料；支付凭证；审计发现清单；绩效指标表,字段缺失/跨表不一致/偏离阈值/重复异常/时序异常/空间不一致,命中对象、风险等级、证据字段、核查建议,P1,ocr_55_books_deep,E:\2026\审计方法&政策文件\_ocr_output\能源\公共机构能源审计.pdf.md
CARBV6D-009-R02,audit_rule,generated_rule,CARBV6D-009,59,C,能源与双碳审计 / 资源环境审计 / 绩效评价,能源审计的思路和方法,能源审计的思路和方法一致性规则,检查能源审计的思路和方法在合同、支付、预算、绩效或业务台账之间是否一致。,项目台账；财务收支明细；合同与审批资料；支付凭证；审计发现清单；绩效指标表,字段缺失/跨表不一致/偏离阈值/重复异常/时序异常/空间不一致,命中对象、风险等级、证据字段、核查建议,P1,ocr_55_books_deep,E:\2026\审计方法&政策文件\_ocr_output\能源\公共机构能源审计.pdf.md
CARBV6D-009-R03,audit_rule,generated_rule,CARBV6D-009,59,C,能源与双碳审计 / 资源环境审计 / 绩效评价,能源审计的思路和方法,能源审计的思路和方法异常性规则,按历史均值、同类项目分位数或政策标准识别能源审计的思路和方法异常偏离。,项目台账；财务收支明细；合同与审批资料；支付凭证；审计发现清单；绩效指标表,字段缺失/跨表不一致/偏离阈值/重复异常/时序异常/空间不一致,命中对象、风险等级、证据字段、核查建议,P1,ocr_55_books_deep,E:\2026\审计方法&政策文件\_ocr_output\能源\公共机构能源审计.pdf.md
CARBV6D-011-R01,audit_rule,generated_rule,CARBV6D-011,59,C,能源与双碳审计 / 资源环境审计 / 绩效评价,能源管理状况审计,能源管理状况审计完整性规则,检查能源管理状况审计相关台账、凭证、审批和支付数据是否完整，缺失率超过阈值则预警。,项目台账；财务收支明细；合同与审批资料；支付凭证；审计发现清单；绩效指标表,字段缺失/跨表不一致/偏离阈值/重复异常/时序异常/空间不一致,命中对象、风险等级、证据字段、核查建议,P1,ocr_55_books_deep,E:\2026\审计方法&政策文件\_ocr_output\能源\公共机构能源审计.pdf.md
CARBV6D-011-R02,audit_rule,generated_rule,CARBV6D-011,59,C,能源与双碳审计 / 资源环境审计 / 绩效评价,能源管理状况审计,能源管理状况审计一致性规则,检查能源管理状况审计在合同、支付、预算、绩效或业务台账之间是否一致。,项目台账；财务收支明细；合同与审批资料；支付凭证；审计发现清单；绩效指标表,字段缺失/跨表不一致/偏离阈值/重复异常/时序异常/空间不一致,命中对象、风险等级、证据字段、核查建议,P1,ocr_55_books_deep,E:\2026\审计方法&政策文件\_ocr_output\能源\公共机构能源审计.pdf.md
CARBV6D-011-R03,audit_rule,generated_rule,CARBV6D-011,59,C,能源与双碳审计 / 资源环境审计 / 绩效评价,能源管理状况审计,能源管理状况审计异常性规则,按历史均值、同类项目分位数或政策标准识别能源管理状况审计异常偏离。,项目台账；财务收支明细；合同与审批资料；支付凭证；审计发现清单；绩效指标表,字段缺失/跨表不一致/偏离阈值/重复异常/时序异常/空间不一致,命中对象、风险等级、证据字段、核查建议,P1,ocr_55_books_deep,E:\2026\审计方法&政策文件\_ocr_output\能源\公共机构能源审计.pdf.md
CARBV6D-003-R01,audit_rule,generated_rule,CARBV6D-003,59,C,能源与双碳审计 / 资源环境审计 / 绩效评价,能耗基线异常,能耗基线异常完整性规则,检查能耗基线异常相关台账、凭证、审批和支付数据是否完整，缺失率超过阈值则预警。,项目台账；财务收支明细；合同与审批资料；支付凭证；审计发现清单；工程量清单,字段缺失/跨表不一致/偏离阈值/重复异常/时序异常/空间不一致,命中对象、风险等级、证据字段、核查建议,P1,ocr_55_books_deep,E:\2026\审计方法&政策文件\_ocr_output\能源\中国碳排放权交易实务.pdf.md
CARBV6D-003-R02,audit_rule,generated_rule,CARBV6D-003,59,C,能源与双碳审计 / 资源环境审计 / 绩效评价,能耗基线异常,能耗基线异常一致性规则,检查能耗基线异常在合同、支付、预算、绩效或业务台账之间是否一致。,项目台账；财务收支明细；合同与审批资料；支付凭证；审计发现清单；工程量清单,字段缺失/跨表不一致/偏离阈值/重复异常/时序异常/空间不一致,命中对象、风险等级、证据字段、核查建议,P1,ocr_55_books_deep,E:\2026\审计方法&政策文件\_ocr_output\能源\中国碳排放权交易实务.pdf.md
CARBV6D-003-R03,audit_rule,generated_rule,CARBV6D-003,59,C,能源与双碳审计 / 资源环境审计 / 绩效评价,能耗基线异常,能耗基线异常异常性规则,按历史均值、同类项目分位数或政策标准识别能耗基线异常异常偏离。,项目台账；财务收支明细；合同与审批资料；支付凭证；审计发现清单；工程量清单,字段缺失/跨表不一致/偏离阈值/重复异常/时序异常/空间不一致,命中对象、风险等级、证据字段、核查建议,P1,ocr_55_books_deep,E:\2026\审计方法&政策文件\_ocr_output\能源\中国碳排放权交易实务.pdf.md
CARBV6D-025-R01,audit_rule,generated_rule,CARBV6D-025,59,C,能源与双碳审计 / 资源环境审计 / 绩效评价,能耗基线异常,能耗基线异常完整性规则,检查能耗基线异常相关台账、凭证、审批和支付数据是否完整，缺失率超过阈值则预警。,项目台账；财务收支明细；合同与审批资料；支付凭证；审计发现清单；能耗账单,字段缺失/跨表不一致/偏离阈值/重复异常/时序异常/空间不一致,命中对象、风险等级、证据字段、核查建议,P1,ocr_55_books_deep,E:\2026\审计方法&政策文件\_ocr_output\能源\碳达峰与碳中和实施指南.pdf.md
CARBV6D-025-R02,audit_rule,generated_rule,CARBV6D-025,59,C,能源与双碳审计 / 资源环境审计 / 绩效评价,能耗基线异常,能耗基线异常一致性规则,检查能耗基线异常在合同、支付、预算、绩效或业务台账之间是否一致。,项目台账；财务收支明细；合同与审批资料；支付凭证；审计发现清单；能耗账单,字段缺失/跨表不一致/偏离阈值/重复异常/时序异常/空间不一致,命中对象、风险等级、证据字段、核查建议,P1,ocr_55_books_deep,E:\2026\审计方法&政策文件\_ocr_output\能源\碳达峰与碳中和实施指南.pdf.md
CARBV6D-025-R03,audit_rule,generated_rule,CARBV6D-025,59,C,能源与双碳审计 / 资源环境审计 / 绩效评价,能耗基线异常,能耗基线异常异常性规则,按历史均值、同类项目分位数或政策标准识别能耗基线异常异常偏离。,项目台账；财务收支明细；合同与审批资料；支付凭证；审计发现清单；能耗账单,字段缺失/跨表不一致/偏离阈值/重复异常/时序异常/空间不一致,命中对象、风险等级、证据字段、核查建议,P1,ocr_55_books_deep,E:\2026\审计方法&政策文件\_ocr_output\能源\碳达峰与碳中和实施指南.pdf.md
CARBV6D-005-R01,audit_rule,generated_rule,CARBV6D-005,59,C,能源与双碳审计 / 资源环境审计 / 绩效评价,节能率真实性,节能率真实性完整性规则,检查节能率真实性相关台账、凭证、审批和支付数据是否完整，缺失率超过阈值则预警。,项目台账；财务收支明细；合同与审批资料；支付凭证；审计发现清单；工程量清单,字段缺失/跨表不一致/偏离阈值/重复异常/时序异常/空间不一致,命中对象、风险等级、证据字段、核查建议,P1,ocr_55_books_deep,E:\2026\审计方法&政策文件\_ocr_output\能源\中国碳排放权交易实务.pdf.md
CARBV6D-005-R02,audit_rule,generated_rule,CARBV6D-005,59,C,能源与双碳审计 / 资源环境审计 / 绩效评价,节能率真实性,节能率真实性一致性规则,检查节能率真实性在合同、支付、预算、绩效或业务台账之间是否一致。,项目台账；财务收支明细；合同与审批资料；支付凭证；审计发现清单；工程量清单,字段缺失/跨表不一致/偏离阈值/重复异常/时序异常/空间不一致,命中对象、风险等级、证据字段、核查建议,P1,ocr_55_books_deep,E:\2026\审计方法&政策文件\_ocr_output\能源\中国碳排放权交易实务.pdf.md
CARBV6D-005-R03,audit_rule,generated_rule,CARBV6D-005,59,C,能源与双碳审计 / 资源环境审计 / 绩效评价,节能率真实性,节能率真实性异常性规则,按历史均值、同类项目分位数或政策标准识别节能率真实性异常偏离。,项目台账；财务收支明细；合同与审批资料；支付凭证；审计发现清单；工程量清单,字段缺失/跨表不一致/偏离阈值/重复异常/时序异常/空间不一致,命中对象、风险等级、证据字段、核查建议,P1,ocr_55_books_deep,E:\2026\审计方法&政策文件\_ocr_output\能源\中国碳排放权交易实务.pdf.md
CARBV6D-027-R01,audit_rule,generated_rule,CARBV6D-027,59,C,能源与双碳审计 / 资源环境审计 / 绩效评价,节能率真实性,节能率真实性完整性规则,检查节能率真实性相关台账、凭证、审批和支付数据是否完整，缺失率超过阈值则预警。,项目台账；财务收支明细；合同与审批资料；支付凭证；审计发现清单；能耗账单,字段缺失/跨表不一致/偏离阈值/重复异常/时序异常/空间不一致,命中对象、风险等级、证据字段、核查建议,P1,ocr_55_books_deep,E:\2026\审计方法&政策文件\_ocr_output\能源\碳达峰与碳中和实施指南.pdf.md
CARBV6D-027-R02,audit_rule,generated_rule,CARBV6D-027,59,C,能源与双碳审计 / 资源环境审计 / 绩效评价,节能率真实性,节能率真实性一致性规则,检查节能率真实性在合同、支付、预算、绩效或业务台账之间是否一致。,项目台账；财务收支明细；合同与审批资料；支付凭证；审计发现清单；能耗账单,字段缺失/跨表不一致/偏离阈值/重复异常/时序异常/空间不一致,命中对象、风险等级、证据字段、核查建议,P1,ocr_55_books_deep,E:\2026\审计方法&政策文件\_ocr_output\能源\碳达峰与碳中和实施指南.pdf.md
CARBV6D-027-R03,audit_rule,generated_rule,CARBV6D-027,59,C,能源与双碳审计 / 资源环境审计 / 绩效评价,节能率真实性,节能率真实性异常性规则,按历史均值、同类项目分位数或政策标准识别节能率真实性异常偏离。,项目台账；财务收支明细；合同与审批资料；支付凭证；审计发现清单；能耗账单,字段缺失/跨表不一致/偏离阈值/重复异常/时序异常/空间不一致,命中对象、风险等级、证据字段、核查建议,P1,ocr_55_books_deep,E:\2026\审计方法&政策文件\_ocr_output\能源\碳达峰与碳中和实施指南.pdf.md
CARBV6D-013-R01,audit_rule,generated_rule,CARBV6D-013,59,C,能源与双碳审计 / 资源环境审计 / 绩效评价,认真落实公共机构节能管理制度，加强公共机构节能管理和监督,认真落实公共机构节能管理制度，加强公共机构节能管理和监督完整性规则,检查认真落实公共机构节能管理制度，加强公共机构节能管理和监督相关台账、凭证、审批和支付数据是否完整，缺失率超过阈值则预警。,项目台账；财务收支明细；合同与审批资料；支付凭证；审计发现清单；绩效指标表,字段缺失/跨表不一致/偏离阈值/重复异常/时序异常/空间不一致,命中对象、风险等级、证据字段、核查建议,P1,ocr_55_books_deep,E:\2026\审计方法&政策文件\_ocr_output\能源\公共机构能源审计.pdf.md
CARBV6D-013-R02,audit_rule,generated_rule,CARBV6D-013,59,C,能源与双碳审计 / 资源环境审计 / 绩效评价,认真落实公共机构节能管理制度，加强公共机构节能管理和监督,认真落实公共机构节能管理制度，加强公共机构节能管理和监督一致性规则,检查认真落实公共机构节能管理制度，加强公共机构节能管理和监督在合同、支付、预算、绩效或业务台账之间是否一致。,项目台账；财务收支明细；合同与审批资料；支付凭证；审计发现清单；绩效指标表,字段缺失/跨表不一致/偏离阈值/重复异常/时序异常/空间不一致,命中对象、风险等级、证据字段、核查建议,P1,ocr_55_books_deep,E:\2026\审计方法&政策文件\_ocr_output\能源\公共机构能源审计.pdf.md
CARBV6D-013-R03,audit_rule,generated_rule,CARBV6D-013,59,C,能源与双碳审计 / 资源环境审计 / 绩效评价,认真落实公共机构节能管理制度，加强公共机构节能管理和监督,认真落实公共机构节能管理制度，加强公共机构节能管理和监督异常性规则,按历史均值、同类项目分位数或政策标准识别认真落实公共机构节能管理制度，加强公共机构节能管理和监督异常偏离。,项目台账；财务收支明细；合同与审批资料；支付凭证；审计发现清单；绩效指标表,字段缺失/跨表不一致/偏离阈值/重复异常/时序异常/空间不一致,命中对象、风险等级、证据字段、核查建议,P1,ocr_55_books_deep,E:\2026\审计方法&政策文件\_ocr_output\能源\公共机构能源审计.pdf.md
ENGV6D-045-R01,audit_rule,generated_rule,ENGV6D-045,59,C,财政与政府债务 / 预算执行与财政管理 / 绩效评价,“两新”审计,“两新”审计完整性规则,检查“两新”审计相关台账、凭证、审批和支付数据是否完整，缺失率超过阈值则预警。,项目台账；财务收支明细；合同与审批资料；支付凭证；审计发现清单；工程量清单,字段缺失/跨表不一致/偏离阈值/重复异常/时序异常/空间不一致,命中对象、风险等级、证据字段、核查建议,P1,ocr_55_books_deep,E:\2026\审计方法&政策文件\_ocr_output\1中国审计_7期\“两新”审计.md
ENGV6D-045-R02,audit_rule,generated_rule,ENGV6D-045,59,C,财政与政府债务 / 预算执行与财政管理 / 绩效评价,“两新”审计,“两新”审计一致性规则,检查“两新”审计在合同、支付、预算、绩效或业务台账之间是否一致。,项目台账；财务收支明细；合同与审批资料；支付凭证；审计发现清单；工程量清单,字段缺失/跨表不一致/偏离阈值/重复异常/时序异常/空间不一致,命中对象、风险等级、证据字段、核查建议,P1,ocr_55_books_deep,E:\2026\审计方法&政策文件\_ocr_output\1中国审计_7期\“两新”审计.md
ENGV6D-045-R03,audit_rule,generated_rule,ENGV6D-045,59,C,财政与政府债务 / 预算执行与财政管理 / 绩效评价,“两新”审计,“两新”审计异常性规则,按历史均值、同类项目分位数或政策标准识别“两新”审计异常偏离。,项目台账；财务收支明细；合同与审批资料；支付凭证；审计发现清单；工程量清单,字段缺失/跨表不一致/偏离阈值/重复异常/时序异常/空间不一致,命中对象、风险等级、证据字段、核查建议,P1,ocr_55_books_deep,E:\2026\审计方法&政策文件\_ocr_output\1中国审计_7期\“两新”审计.md
BIDV6D-001-R01,audit_rule,generated_rule,BIDV6D-001,59,C,财政与政府债务 / 预算执行与财政管理 / 绩效评价,“两重”“两新”政策落实审计的思考,“两重”“两新”政策落实审计的思考完整性规则,检查“两重”“两新”政策落实审计的思考相关台账、凭证、审批和支付数据是否完整，缺失率超过阈值则预警。,项目台账；财务收支明细；合同与审批资料；支付凭证；审计发现清单；工程量清单,字段缺失/跨表不一致/偏离阈值/重复异常/时序异常/空间不一致,命中对象、风险等级、证据字段、核查建议,P1,ocr_55_books_deep,E:\2026\审计方法&政策文件\_ocr_output\1中国审计_7期\“两重”“两新”政策落实审计的思考.md
BIDV6D-001-R02,audit_rule,generated_rule,BIDV6D-001,59,C,财政与政府债务 / 预算执行与财政管理 / 绩效评价,“两重”“两新”政策落实审计的思考,“两重”“两新”政策落实审计的思考一致性规则,检查“两重”“两新”政策落实审计的思考在合同、支付、预算、绩效或业务台账之间是否一致。,项目台账；财务收支明细；合同与审批资料；支付凭证；审计发现清单；工程量清单,字段缺失/跨表不一致/偏离阈值/重复异常/时序异常/空间不一致,命中对象、风险等级、证据字段、核查建议,P1,ocr_55_books_deep,E:\2026\审计方法&政策文件\_ocr_output\1中国审计_7期\“两重”“两新”政策落实审计的思考.md
BIDV6D-001-R03,audit_rule,generated_rule,BIDV6D-001,59,C,财政与政府债务 / 预算执行与财政管理 / 绩效评价,“两重”“两新”政策落实审计的思考,“两重”“两新”政策落实审计的思考异常性规则,按历史均值、同类项目分位数或政策标准识别“两重”“两新”政策落实审计的思考异常偏离。,项目台账；财务收支明细；合同与审批资料；支付凭证；审计发现清单；工程量清单,字段缺失/跨表不一致/偏离阈值/重复异常/时序异常/空间不一致,命中对象、风险等级、证据字段、核查建议,P1,ocr_55_books_deep,E:\2026\审计方法&政策文件\_ocr_output\1中国审计_7期\“两重”“两新”政策落实审计的思考.md
FINV6D-009-R01,audit_rule,generated_rule,FINV6D-009,59,C,财政与政府债务 / 预算执行与财政管理 / 绩效评价,国务院关于2025年度中央预算执行和其他财政收支,国务院关于2025年度中央预算执行和其他财政收支完整性规则,检查国务院关于2025年度中央预算执行和其他财政收支相关台账、凭证、审批和支付数据是否完整，缺失率超过阈值则预警。,项目台账；财务收支明细；合同与审批资料；支付凭证；审计发现清单；预算批复表,字段缺失/跨表不一致/偏离阈值/重复异常/时序异常/空间不一致,命中对象、风险等级、证据字段、核查建议,P1,ocr_55_books_deep,E:\2026\审计方法&政策文件\_ocr_output\1中国审计_7期\国务院关于2025年度中央预算执行和其他财政收支的审计工作报告.md
FINV6D-009-R02,audit_rule,generated_rule,FINV6D-009,59,C,财政与政府债务 / 预算执行与财政管理 / 绩效评价,国务院关于2025年度中央预算执行和其他财政收支,国务院关于2025年度中央预算执行和其他财政收支一致性规则,检查国务院关于2025年度中央预算执行和其他财政收支在合同、支付、预算、绩效或业务台账之间是否一致。,项目台账；财务收支明细；合同与审批资料；支付凭证；审计发现清单；预算批复表,字段缺失/跨表不一致/偏离阈值/重复异常/时序异常/空间不一致,命中对象、风险等级、证据字段、核查建议,P1,ocr_55_books_deep,E:\2026\审计方法&政策文件\_ocr_output\1中国审计_7期\国务院关于2025年度中央预算执行和其他财政收支的审计工作报告.md
FINV6D-009-R03,audit_rule,generated_rule,FINV6D-009,59,C,财政与政府债务 / 预算执行与财政管理 / 绩效评价,国务院关于2025年度中央预算执行和其他财政收支,国务院关于2025年度中央预算执行和其他财政收支异常性规则,按历史均值、同类项目分位数或政策标准识别国务院关于2025年度中央预算执行和其他财政收支异常偏离。,项目台账；财务收支明细；合同与审批资料；支付凭证；审计发现清单；预算批复表,字段缺失/跨表不一致/偏离阈值/重复异常/时序异常/空间不一致,命中对象、风险等级、证据字段、核查建议,P1,ocr_55_books_deep,E:\2026\审计方法&政策文件\_ocr_output\1中国审计_7期\国务院关于2025年度中央预算执行和其他财政收支的审计工作报告.md
SUPVV6D-064-R01,audit_rule,generated_rule,SUPVV6D-064,59,C,财政与政府债务 / 预算执行与财政管理 / 绩效评价,聚焦“两重”“两新”强化审计监督推动十五五长三角,聚焦“两重”“两新”强化审计监督推动十五五长三角完整性规则,检查聚焦“两重”“两新”强化审计监督推动十五五长三角相关台账、凭证、审批和支付数据是否完整，缺失率超过阈值则预警。,项目台账；财务收支明细；合同与审批资料；支付凭证；审计发现清单；工程量清单,字段缺失/跨表不一致/偏离阈值/重复异常/时序异常/空间不一致,命中对象、风险等级、证据字段、核查建议,P1,ocr_55_books_deep,E:\2026\审计方法&政策文件\_ocr_output\1中国审计_7期\聚焦“两重”“两新”强化审计监督 推动十五五长三角一体化高质量发展.md
SUPVV6D-064-R02,audit_rule,generated_rule,SUPVV6D-064,59,C,财政与政府债务 / 预算执行与财政管理 / 绩效评价,聚焦“两重”“两新”强化审计监督推动十五五长三角,聚焦“两重”“两新”强化审计监督推动十五五长三角一致性规则,检查聚焦“两重”“两新”强化审计监督推动十五五长三角在合同、支付、预算、绩效或业务台账之间是否一致。,项目台账；财务收支明细；合同与审批资料；支付凭证；审计发现清单；工程量清单,字段缺失/跨表不一致/偏离阈值/重复异常/时序异常/空间不一致,命中对象、风险等级、证据字段、核查建议,P1,ocr_55_books_deep,E:\2026\审计方法&政策文件\_ocr_output\1中国审计_7期\聚焦“两重”“两新”强化审计监督 推动十五五长三角一体化高质量发展.md
SUPVV6D-064-R03,audit_rule,generated_rule,SUPVV6D-064,59,C,财政与政府债务 / 预算执行与财政管理 / 绩效评价,聚焦“两重”“两新”强化审计监督推动十五五长三角,聚焦“两重”“两新”强化审计监督推动十五五长三角异常性规则,按历史均值、同类项目分位数或政策标准识别聚焦“两重”“两新”强化审计监督推动十五五长三角异常偏离。,项目台账；财务收支明细；合同与审批资料；支付凭证；审计发现清单；工程量清单,字段缺失/跨表不一致/偏离阈值/重复异常/时序异常/空间不一致,命中对象、风险等级、证据字段、核查建议,P1,ocr_55_books_deep,E:\2026\审计方法&政策文件\_ocr_output\1中国审计_7期\聚焦“两重”“两新”强化审计监督 推动十五五长三角一体化高质量发展.md
MAGENV-0001-R01,audit_rule,generated_rule,MAGENV-0001,63,C,资源环境审计 / 绩效评价 / 财政与政府债务,反垄断法与时俱进护航经济社会高质发展,反垄断法与时俱进护航经济社会高质发展R01规则,按案例主题识别同类事项中的风险特征并生成疑点。,文章案例文本；审计事项清单；问题线索台账；审计证据资料；预算指标表；财政支出明细,风险词命中/数据缺失/证据不一致/指标偏离/流程缺陷,命中对象、风险等级、证据资料、核查建议,P0,magazine_435_articles,D:\openclaw-workspace\knowledge\11-杂志文献\审计观察\1.反垄断法与时俱进护航经济社会高质发展.md
MAGENV-0001-R02,audit_rule,generated_rule,MAGENV-0001,63,C,资源环境审计 / 绩效评价 / 财政与政府债务,反垄断法与时俱进护航经济社会高质发展,反垄断法与时俱进护航经济社会高质发展R02规则,核查案例涉及的数据、证据和整改链条是否完整一致。,文章案例文本；审计事项清单；问题线索台账；审计证据资料；预算指标表；财政支出明细,风险词命中/数据缺失/证据不一致/指标偏离/流程缺陷,命中对象、风险等级、证据资料、核查建议,P0,magazine_435_articles,D:\openclaw-workspace\knowledge\11-杂志文献\审计观察\1.反垄断法与时俱进护航经济社会高质发展.md
BIDV6D-002-R01,audit_rule,generated_rule,BIDV6D-002,59,C,资源环境审计 / 绩效评价 / 财政与政府债务,山东省聊城市大气污染防治政策落实和资金管理使用情,山东省聊城市大气污染防治政策落实和资金管理使用情完整性规则,检查山东省聊城市大气污染防治政策落实和资金管理使用情相关台账、凭证、审批和支付数据是否完整，缺失率超过阈值则预警。,项目台账；财务收支明细；合同与审批资料；支付凭证；审计发现清单；采购公告,字段缺失/跨表不一致/偏离阈值/重复异常/时序异常/空间不一致,命中对象、风险等级、证据字段、核查建议,P1,ocr_55_books_deep,E:\2026\审计方法&政策文件\_ocr_output\2经济责任审计_6期\山东省聊城市大气污染防治政策落实和资金管理使用情况专项审计实践.md
BIDV6D-002-R02,audit_rule,generated_rule,BIDV6D-002,59,C,资源环境审计 / 绩效评价 / 财政与政府债务,山东省聊城市大气污染防治政策落实和资金管理使用情,山东省聊城市大气污染防治政策落实和资金管理使用情一致性规则,检查山东省聊城市大气污染防治政策落实和资金管理使用情在合同、支付、预算、绩效或业务台账之间是否一致。,项目台账；财务收支明细；合同与审批资料；支付凭证；审计发现清单；采购公告,字段缺失/跨表不一致/偏离阈值/重复异常/时序异常/空间不一致,命中对象、风险等级、证据字段、核查建议,P1,ocr_55_books_deep,E:\2026\审计方法&政策文件\_ocr_output\2经济责任审计_6期\山东省聊城市大气污染防治政策落实和资金管理使用情况专项审计实践.md
BIDV6D-002-R03,audit_rule,generated_rule,BIDV6D-002,59,C,资源环境审计 / 绩效评价 / 财政与政府债务,山东省聊城市大气污染防治政策落实和资金管理使用情,山东省聊城市大气污染防治政策落实和资金管理使用情异常性规则,按历史均值、同类项目分位数或政策标准识别山东省聊城市大气污染防治政策落实和资金管理使用情异常偏离。,项目台账；财务收支明细；合同与审批资料；支付凭证；审计发现清单；采购公告,字段缺失/跨表不一致/偏离阈值/重复异常/时序异常/空间不一致,命中对象、风险等级、证据字段、核查建议,P1,ocr_55_books_deep,E:\2026\审计方法&政策文件\_ocr_output\2经济责任审计_6期\山东省聊城市大气污染防治政策落实和资金管理使用情况专项审计实践.md
MAGENV-0002-R01,audit_rule,generated_rule,MAGENV-0002,63,C,资源环境审计 / 绩效评价 / 财政与政府债务,数字法治政府建设中区块链的引入与适用路径,数字法治政府建设中区块链的引入与适用路径R01规则,按案例主题识别同类事项中的风险特征并生成疑点。,文章案例文本；审计事项清单；问题线索台账；审计证据资料；预算指标表；财政支出明细,风险词命中/数据缺失/证据不一致/指标偏离/流程缺陷,命中对象、风险等级、证据资料、核查建议,P0,magazine_435_articles,D:\openclaw-workspace\knowledge\11-杂志文献\审计观察\11.数字法治政府建设中区块链的引入与适用路径.md
MAGENV-0002-R02,audit_rule,generated_rule,MAGENV-0002,63,C,资源环境审计 / 绩效评价 / 财政与政府债务,数字法治政府建设中区块链的引入与适用路径,数字法治政府建设中区块链的引入与适用路径R02规则,核查案例涉及的数据、证据和整改链条是否完整一致。,文章案例文本；审计事项清单；问题线索台账；审计证据资料；预算指标表；财政支出明细,风险词命中/数据缺失/证据不一致/指标偏离/流程缺陷,命中对象、风险等级、证据资料、核查建议,P0,magazine_435_articles,D:\openclaw-workspace\knowledge\11-杂志文献\审计观察\11.数字法治政府建设中区块链的引入与适用路径.md
ENVV6D-022-R01,audit_rule,generated_rule,ENVV6D-022,59,C,资源环境审计 / 绩效评价 / 财政与政府债务,汾渭平原大气污染联防联控现状及审计建议,汾渭平原大气污染联防联控现状及审计建议完整性规则,检查汾渭平原大气污染联防联控现状及审计建议相关台账、凭证、审批和支付数据是否完整，缺失率超过阈值则预警。,项目台账；财务收支明细；合同与审批资料；支付凭证；审计发现清单；会议纪要,字段缺失/跨表不一致/偏离阈值/重复异常/时序异常/空间不一致,命中对象、风险等级、证据字段、核查建议,P1,ocr_55_books_deep,E:\2026\审计方法&政策文件\_ocr_output\2经济责任审计_6期\汾渭平原大气污染联防联控现状及审计建议.md
ENVV6D-022-R02,audit_rule,generated_rule,ENVV6D-022,59,C,资源环境审计 / 绩效评价 / 财政与政府债务,汾渭平原大气污染联防联控现状及审计建议,汾渭平原大气污染联防联控现状及审计建议一致性规则,检查汾渭平原大气污染联防联控现状及审计建议在合同、支付、预算、绩效或业务台账之间是否一致。,项目台账；财务收支明细；合同与审批资料；支付凭证；审计发现清单；会议纪要,字段缺失/跨表不一致/偏离阈值/重复异常/时序异常/空间不一致,命中对象、风险等级、证据字段、核查建议,P1,ocr_55_books_deep,E:\2026\审计方法&政策文件\_ocr_output\2经济责任审计_6期\汾渭平原大气污染联防联控现状及审计建议.md
ENVV6D-022-R03,audit_rule,generated_rule,ENVV6D-022,59,C,资源环境审计 / 绩效评价 / 财政与政府债务,汾渭平原大气污染联防联控现状及审计建议,汾渭平原大气污染联防联控现状及审计建议异常性规则,按历史均值、同类项目分位数或政策标准识别汾渭平原大气污染联防联控现状及审计建议异常偏离。,项目台账；财务收支明细；合同与审批资料；支付凭证；审计发现清单；会议纪要,字段缺失/跨表不一致/偏离阈值/重复异常/时序异常/空间不一致,命中对象、风险等级、证据字段、核查建议,P1,ocr_55_books_deep,E:\2026\审计方法&政策文件\_ocr_output\2经济责任审计_6期\汾渭平原大气污染联防联控现状及审计建议.md
MAGENV-0004-R01,audit_rule,generated_rule,MAGENV-0004,63,C,资源环境审计 / 绩效评价 / 财政与政府债务,立足“严”的主基调构建审计机关容错纠错机制,立足“严”的主基调构建审计机关容错纠错机制R01规则,按案例主题识别同类事项中的风险特征并生成疑点。,文章案例文本；审计事项清单；问题线索台账；审计证据资料；预算指标表；财政支出明细,风险词命中/数据缺失/证据不一致/指标偏离/流程缺陷,命中对象、风险等级、证据资料、核查建议,P0,magazine_435_articles,D:\openclaw-workspace\knowledge\11-杂志文献\审计观察\8.立足“严”的主基调构建审计机关容错纠错机制.md
MAGENV-0004-R02,audit_rule,generated_rule,MAGENV-0004,63,C,资源环境审计 / 绩效评价 / 财政与政府债务,立足“严”的主基调构建审计机关容错纠错机制,立足“严”的主基调构建审计机关容错纠错机制R02规则,核查案例涉及的数据、证据和整改链条是否完整一致。,文章案例文本；审计事项清单；问题线索台账；审计证据资料；预算指标表；财政支出明细,风险词命中/数据缺失/证据不一致/指标偏离/流程缺陷,命中对象、风险等级、证据资料、核查建议,P0,magazine_435_articles,D:\openclaw-workspace\knowledge\11-杂志文献\审计观察\8.立足“严”的主基调构建审计机关容错纠错机制.md
MAGENV-0003-R01,audit_rule,generated_rule,MAGENV-0003,53,D,资源环境审计 / 绩效评价 / 财政与政府债务,读懂中国的产业革命,读懂中国的产业革命R01规则,按案例主题识别同类事项中的风险特征并生成疑点。,文章案例文本；审计事项清单；问题线索台账；审计证据资料；预算指标表；财政支出明细,风险词命中/数据缺失/证据不一致/指标偏离/流程缺陷,命中对象、风险等级、证据资料、核查建议,P1,magazine_435_articles,D:\openclaw-workspace\knowledge\11-杂志文献\审计观察\18.读懂中国的产业革命.md
MAGENV-0003-R02,audit_rule,generated_rule,MAGENV-0003,53,D,资源环境审计 / 绩效评价 / 财政与政府债务,读懂中国的产业革命,读懂中国的产业革命R02规则,核查案例涉及的数据、证据和整改链条是否完整一致。,文章案例文本；审计事项清单；问题线索台账；审计证据资料；预算指标表；财政支出明细,风险词命中/数据缺失/证据不一致/指标偏离/流程缺陷,命中对象、风险等级、证据资料、核查建议,P1,magazine_435_articles,D:\openclaw-workspace\knowledge\11-杂志文献\审计观察\18.读懂中国的产业革命.md
MAGFIN-0011-R01,audit_rule,generated_rule,MAGFIN-0011,63,C,金融审计 / 国企审计 / 监督检查与经费舞弊,003中国式现代化进程中财会监督发展历程与展望,003中国式现代化进程中财会监督发展历程与展望R01规则,按案例主题识别同类事项中的风险特征并生成疑点。,文章案例文本；审计事项清单；问题线索台账；审计证据资料；内控制度；会计凭证,风险词命中/数据缺失/证据不一致/指标偏离/流程缺陷,命中对象、风险等级、证据资料、核查建议,P0,magazine_435_articles,D:\openclaw-workspace\knowledge\11-杂志文献\财政监督\003中国式现代化进程中财会监督发展历程与展望.md
MAGFIN-0011-R02,audit_rule,generated_rule,MAGFIN-0011,63,C,金融审计 / 国企审计 / 监督检查与经费舞弊,003中国式现代化进程中财会监督发展历程与展望,003中国式现代化进程中财会监督发展历程与展望R02规则,核查案例涉及的数据、证据和整改链条是否完整一致。,文章案例文本；审计事项清单；问题线索台账；审计证据资料；内控制度；会计凭证,风险词命中/数据缺失/证据不一致/指标偏离/流程缺陷,命中对象、风险等级、证据资料、核查建议,P0,magazine_435_articles,D:\openclaw-workspace\knowledge\11-杂志文献\财政监督\003中国式现代化进程中财会监督发展历程与展望.md
MAGFIN-0012-R01,audit_rule,generated_rule,MAGFIN-0012,53,D,金融审计 / 国企审计 / 监督检查与经费舞弊,006把“两个结合”融人财政工作中,006把“两个结合”融人财政工作中R01规则,按案例主题识别同类事项中的风险特征并生成疑点。,文章案例文本；审计事项清单；问题线索台账；审计证据资料；预算指标表；财政支出明细,风险词命中/数据缺失/证据不一致/指标偏离/流程缺陷,命中对象、风险等级、证据资料、核查建议,P1,magazine_435_articles,D:\openclaw-workspace\knowledge\11-杂志文献\财政监督\006把“两个结合”融人财政工作中.md
MAGFIN-0012-R02,audit_rule,generated_rule,MAGFIN-0012,53,D,金融审计 / 国企审计 / 监督检查与经费舞弊,006把“两个结合”融人财政工作中,006把“两个结合”融人财政工作中R02规则,核查案例涉及的数据、证据和整改链条是否完整一致。,文章案例文本；审计事项清单；问题线索台账；审计证据资料；预算指标表；财政支出明细,风险词命中/数据缺失/证据不一致/指标偏离/流程缺陷,命中对象、风险等级、证据资料、核查建议,P1,magazine_435_articles,D:\openclaw-workspace\knowledge\11-杂志文献\财政监督\006把“两个结合”融人财政工作中.md
MAGFIN-0013-R01,audit_rule,generated_rule,MAGFIN-0013,63,C,金融审计 / 国企审计 / 监督检查与经费舞弊,006财政监督论,006财政监督论R01规则,按案例主题识别同类事项中的风险特征并生成疑点。,文章案例文本；审计事项清单；问题线索台账；审计证据资料；预算指标表；财政支出明细,风险词命中/数据缺失/证据不一致/指标偏离/流程缺陷,命中对象、风险等级、证据资料、核查建议,P0,magazine_435_articles,D:\openclaw-workspace\knowledge\11-杂志文献\财政监督\006财政监督论.md
MAGFIN-0013-R02,audit_rule,generated_rule,MAGFIN-0013,63,C,金融审计 / 国企审计 / 监督检查与经费舞弊,006财政监督论,006财政监督论R02规则,核查案例涉及的数据、证据和整改链条是否完整一致。,文章案例文本；审计事项清单；问题线索台账；审计证据资料；预算指标表；财政支出明细,风险词命中/数据缺失/证据不一致/指标偏离/流程缺陷,命中对象、风险等级、证据资料、核查建议,P0,magazine_435_articles,D:\openclaw-workspace\knowledge\11-杂志文献\财政监督\006财政监督论.md
MAGFIN-0014-R01,audit_rule,generated_rule,MAGFIN-0014,63,C,金融审计 / 国企审计 / 监督检查与经费舞弊,010推动财政重点绩效评价结果应用的思考,010推动财政重点绩效评价结果应用的思考R01规则,按案例主题识别同类事项中的风险特征并生成疑点。,文章案例文本；审计事项清单；问题线索台账；审计证据资料；预算指标表；财政支出明细,风险词命中/数据缺失/证据不一致/指标偏离/流程缺陷,命中对象、风险等级、证据资料、核查建议,P0,magazine_435_articles,D:\openclaw-workspace\knowledge\11-杂志文献\财政监督\010推动财政重点绩效评价结果应用的思考.md
MAGFIN-0014-R02,audit_rule,generated_rule,MAGFIN-0014,63,C,金融审计 / 国企审计 / 监督检查与经费舞弊,010推动财政重点绩效评价结果应用的思考,010推动财政重点绩效评价结果应用的思考R02规则,核查案例涉及的数据、证据和整改链条是否完整一致。,文章案例文本；审计事项清单；问题线索台账；审计证据资料；预算指标表；财政支出明细,风险词命中/数据缺失/证据不一致/指标偏离/流程缺陷,命中对象、风险等级、证据资料、核查建议,P0,magazine_435_articles,D:\openclaw-workspace\knowledge\11-杂志文献\财政监督\010推动财政重点绩效评价结果应用的思考.md
MAGFIN-0015-R01,audit_rule,generated_rule,MAGFIN-0015,63,C,金融审计 / 国企审计 / 监督检查与经费舞弊,019政府引导基金中财政资金的体制性困境与出路,019政府引导基金中财政资金的体制性困境与出路R01规则,按案例主题识别同类事项中的风险特征并生成疑点。,文章案例文本；审计事项清单；问题线索台账；审计证据资料；预算指标表；财政支出明细,风险词命中/数据缺失/证据不一致/指标偏离/流程缺陷,命中对象、风险等级、证据资料、核查建议,P0,magazine_435_articles,D:\openclaw-workspace\knowledge\11-杂志文献\财政监督\019政府引导基金中财政资金的体制性困境与出路.md
MAGFIN-0015-R02,audit_rule,generated_rule,MAGFIN-0015,63,C,金融审计 / 国企审计 / 监督检查与经费舞弊,019政府引导基金中财政资金的体制性困境与出路,019政府引导基金中财政资金的体制性困境与出路R02规则,核查案例涉及的数据、证据和整改链条是否完整一致。,文章案例文本；审计事项清单；问题线索台账；审计证据资料；预算指标表；财政支出明细,风险词命中/数据缺失/证据不一致/指标偏离/流程缺陷,命中对象、风险等级、证据资料、核查建议,P0,magazine_435_articles,D:\openclaw-workspace\knowledge\11-杂志文献\财政监督\019政府引导基金中财政资金的体制性困境与出路.md
MAGFIN-0024-R01,audit_rule,generated_rule,MAGFIN-0024,63,C,金融审计 / 国企审计 / 监督检查与经费舞弊,PDCA循环理论在高校资金存放管理中的应用探讨,PDCA循环理论在高校资金存放管理中的应用探讨R01规则,按案例主题识别同类事项中的风险特征并生成疑点。,文章案例文本；审计事项清单；问题线索台账；审计证据资料；内控制度；会计凭证,风险词命中/数据缺失/证据不一致/指标偏离/流程缺陷,命中对象、风险等级、证据资料、核查建议,P0,magazine_435_articles,D:\openclaw-workspace\knowledge\11-杂志文献\财政监督\17.PDCA循环理论在高校资金存放管理中的应用探讨.md
MAGFIN-0024-R02,audit_rule,generated_rule,MAGFIN-0024,63,C,金融审计 / 国企审计 / 监督检查与经费舞弊,PDCA循环理论在高校资金存放管理中的应用探讨,PDCA循环理论在高校资金存放管理中的应用探讨R02规则,核查案例涉及的数据、证据和整改链条是否完整一致。,文章案例文本；审计事项清单；问题线索台账；审计证据资料；内控制度；会计凭证,风险词命中/数据缺失/证据不一致/指标偏离/流程缺陷,命中对象、风险等级、证据资料、核查建议,P0,magazine_435_articles,D:\openclaw-workspace\knowledge\11-杂志文献\财政监督\17.PDCA循环理论在高校资金存放管理中的应用探讨.md
MAGFIN-0027-R01,audit_rule,generated_rule,MAGFIN-0027,63,C,金融审计 / 国企审计 / 监督检查与经费舞弊,“大智移云物”新技术背景下企业财务管理的优化,“大智移云物”新技术背景下企业财务管理的优化R01规则,按案例主题识别同类事项中的风险特征并生成疑点。,文章案例文本；审计事项清单；问题线索台账；审计证据资料；内控制度；会计凭证,风险词命中/数据缺失/证据不一致/指标偏离/流程缺陷,命中对象、风险等级、证据资料、核查建议,P0,magazine_435_articles,D:\openclaw-workspace\knowledge\11-杂志文献\财政监督\18.“大智移云物”新技术背景下企业财务管理的优化.md
MAGFIN-0027-R02,audit_rule,generated_rule,MAGFIN-0027,63,C,金融审计 / 国企审计 / 监督检查与经费舞弊,“大智移云物”新技术背景下企业财务管理的优化,“大智移云物”新技术背景下企业财务管理的优化R02规则,核查案例涉及的数据、证据和整改链条是否完整一致。,文章案例文本；审计事项清单；问题线索台账；审计证据资料；内控制度；会计凭证,风险词命中/数据缺失/证据不一致/指标偏离/流程缺陷,命中对象、风险等级、证据资料、核查建议,P0,magazine_435_articles,D:\openclaw-workspace\knowledge\11-杂志文献\财政监督\18.“大智移云物”新技术背景下企业财务管理的优化.md
MAGFIN-0033-R01,audit_rule,generated_rule,MAGFIN-0033,53,D,金融审计 / 国企审计 / 监督检查与经费舞弊,“实质重于形式”原则的现金及现金等价物核算边界问题研究,“实质重于形式”原则的现金及现金等价物核算边界问题研究R01规则,按案例主题识别同类事项中的风险特征并生成疑点。,文章案例文本；审计事项清单；问题线索台账；审计证据资料；内控制度；会计凭证,风险词命中/数据缺失/证据不一致/指标偏离/流程缺陷,命中对象、风险等级、证据资料、核查建议,P1,magazine_435_articles,D:\openclaw-workspace\knowledge\11-杂志文献\财政监督\20.基于“实质重于形式”原则的现金及 现金等价物核算边界问题研究.md
MAGFIN-0033-R02,audit_rule,generated_rule,MAGFIN-0033,53,D,金融审计 / 国企审计 / 监督检查与经费舞弊,“实质重于形式”原则的现金及现金等价物核算边界问题研究,“实质重于形式”原则的现金及现金等价物核算边界问题研究R02规则,核查案例涉及的数据、证据和整改链条是否完整一致。,文章案例文本；审计事项清单；问题线索台账；审计证据资料；内控制度；会计凭证,风险词命中/数据缺失/证据不一致/指标偏离/流程缺陷,命中对象、风险等级、证据资料、核查建议,P1,magazine_435_articles,D:\openclaw-workspace\knowledge\11-杂志文献\财政监督\20.基于“实质重于形式”原则的现金及 现金等价物核算边界问题研究.md
FINV6D-008-R01,audit_rule,generated_rule,FINV6D-008,59,C,金融审计 / 国企审计 / 监督检查与经费舞弊,“收不回”的逾期贷款,“收不回”的逾期贷款完整性规则,检查“收不回”的逾期贷款相关台账、凭证、审批和支付数据是否完整，缺失率超过阈值则预警。,项目台账；财务收支明细；合同与审批资料；支付凭证；审计发现清单,字段缺失/跨表不一致/偏离阈值/重复异常/时序异常/空间不一致,命中对象、风险等级、证据字段、核查建议,P1,ocr_55_books_deep,E:\2026\审计方法&政策文件\_ocr_output\1中国审计_7期\“收不回”的逾期贷款.md
FINV6D-008-R02,audit_rule,generated_rule,FINV6D-008,59,C,金融审计 / 国企审计 / 监督检查与经费舞弊,“收不回”的逾期贷款,“收不回”的逾期贷款一致性规则,检查“收不回”的逾期贷款在合同、支付、预算、绩效或业务台账之间是否一致。,项目台账；财务收支明细；合同与审批资料；支付凭证；审计发现清单,字段缺失/跨表不一致/偏离阈值/重复异常/时序异常/空间不一致,命中对象、风险等级、证据字段、核查建议,P1,ocr_55_books_deep,E:\2026\审计方法&政策文件\_ocr_output\1中国审计_7期\“收不回”的逾期贷款.md
FINV6D-008-R03,audit_rule,generated_rule,FINV6D-008,59,C,金融审计 / 国企审计 / 监督检查与经费舞弊,“收不回”的逾期贷款,“收不回”的逾期贷款异常性规则,按历史均值、同类项目分位数或政策标准识别“收不回”的逾期贷款异常偏离。,项目台账；财务收支明细；合同与审批资料；支付凭证；审计发现清单,字段缺失/跨表不一致/偏离阈值/重复异常/时序异常/空间不一致,命中对象、风险等级、证据字段、核查建议,P1,ocr_55_books_deep,E:\2026\审计方法&政策文件\_ocr_output\1中国审计_7期\“收不回”的逾期贷款.md
MAGFIN-0018-R01,audit_rule,generated_rule,MAGFIN-0018,53,D,金融审计 / 国企审计 / 监督检查与经费舞弊,“资产减值准备”成为企业利润的“调节器”,“资产减值准备”成为企业利润的“调节器”R01规则,按案例主题识别同类事项中的风险特征并生成疑点。,文章案例文本；审计事项清单；问题线索台账；审计证据资料；内控制度；会计凭证,风险词命中/数据缺失/证据不一致/指标偏离/流程缺陷,命中对象、风险等级、证据资料、核查建议,P1,magazine_435_articles,D:\openclaw-workspace\knowledge\11-杂志文献\财政监督\13.“资产减值准备”成为企业利润的“调节器”.md
MAGFIN-0018-R02,audit_rule,generated_rule,MAGFIN-0018,53,D,金融审计 / 国企审计 / 监督检查与经费舞弊,“资产减值准备”成为企业利润的“调节器”,“资产减值准备”成为企业利润的“调节器”R02规则,核查案例涉及的数据、证据和整改链条是否完整一致。,文章案例文本；审计事项清单；问题线索台账；审计证据资料；内控制度；会计凭证,风险词命中/数据缺失/证据不一致/指标偏离/流程缺陷,命中对象、风险等级、证据资料、核查建议,P1,magazine_435_articles,D:\openclaw-workspace\knowledge\11-杂志文献\财政监督\13.“资产减值准备”成为企业利润的“调节器”.md
MAGFIN-0028-R01,audit_rule,generated_rule,MAGFIN-0028,63,C,金融审计 / 国企审计 / 监督检查与经费舞弊,优化政府投资项目管理对策研究,优化政府投资项目管理对策研究R01规则,按案例主题识别同类事项中的风险特征并生成疑点。,文章案例文本；审计事项清单；问题线索台账；审计证据资料；内控制度；会计凭证,风险词命中/数据缺失/证据不一致/指标偏离/流程缺陷,命中对象、风险等级、证据资料、核查建议,P0,magazine_435_articles,D:\openclaw-workspace\knowledge\11-杂志文献\财政监督\18.优化政府投资项目管理对策研究.md
MAGFIN-0028-R02,audit_rule,generated_rule,MAGFIN-0028,63,C,金融审计 / 国企审计 / 监督检查与经费舞弊,优化政府投资项目管理对策研究,优化政府投资项目管理对策研究R02规则,核查案例涉及的数据、证据和整改链条是否完整一致。,文章案例文本；审计事项清单；问题线索台账；审计证据资料；内控制度；会计凭证,风险词命中/数据缺失/证据不一致/指标偏离/流程缺陷,命中对象、风险等级、证据资料、核查建议,P0,magazine_435_articles,D:\openclaw-workspace\knowledge\11-杂志文献\财政监督\18.优化政府投资项目管理对策研究.md
MAGFIN-0032-R01,audit_rule,generated_rule,MAGFIN-0032,63,C,金融审计 / 国企审计 / 监督检查与经费舞弊,优化预算执行动态监控体系的思考,优化预算执行动态监控体系的思考R01规则,按案例主题识别同类事项中的风险特征并生成疑点。,文章案例文本；审计事项清单；问题线索台账；审计证据资料；预算指标表；财政支出明细,风险词命中/数据缺失/证据不一致/指标偏离/流程缺陷,命中对象、风险等级、证据资料、核查建议,P0,magazine_435_articles,D:\openclaw-workspace\knowledge\11-杂志文献\财政监督\2.优化预算执行动态监控体系的思考.md
MAGFIN-0032-R02,audit_rule,generated_rule,MAGFIN-0032,63,C,金融审计 / 国企审计 / 监督检查与经费舞弊,优化预算执行动态监控体系的思考,优化预算执行动态监控体系的思考R02规则,核查案例涉及的数据、证据和整改链条是否完整一致。,文章案例文本；审计事项清单；问题线索台账；审计证据资料；预算指标表；财政支出明细,风险词命中/数据缺失/证据不一致/指标偏离/流程缺陷,命中对象、风险等级、证据资料、核查建议,P0,magazine_435_articles,D:\openclaw-workspace\knowledge\11-杂志文献\财政监督\2.优化预算执行动态监控体系的思考.md
MAGFIN-0019-R01,audit_rule,generated_rule,MAGFIN-0019,53,D,金融审计 / 国企审计 / 监督检查与经费舞弊,全面推动债务监管工作提质增效,全面推动债务监管工作提质增效R01规则,按案例主题识别同类事项中的风险特征并生成疑点。,文章案例文本；审计事项清单；问题线索台账；审计证据资料；内控制度；会计凭证,风险词命中/数据缺失/证据不一致/指标偏离/流程缺陷,命中对象、风险等级、证据资料、核查建议,P1,magazine_435_articles,D:\openclaw-workspace\knowledge\11-杂志文献\财政监督\13.全面推动债务监管工作提质增效.md
MAGFIN-0019-R02,audit_rule,generated_rule,MAGFIN-0019,53,D,金融审计 / 国企审计 / 监督检查与经费舞弊,全面推动债务监管工作提质增效,全面推动债务监管工作提质增效R02规则,核查案例涉及的数据、证据和整改链条是否完整一致。,文章案例文本；审计事项清单；问题线索台账；审计证据资料；内控制度；会计凭证,风险词命中/数据缺失/证据不一致/指标偏离/流程缺陷,命中对象、风险等级、证据资料、核查建议,P1,magazine_435_articles,D:\openclaw-workspace\knowledge\11-杂志文献\财政监督\13.全面推动债务监管工作提质增效.md
MAGFIN-0041-R01,audit_rule,generated_rule,MAGFIN-0041,53,D,金融审计 / 国企审计 / 监督检查与经费舞弊,公共部门战略与绩效的匹配性研究,公共部门战略与绩效的匹配性研究R01规则,按案例主题识别同类事项中的风险特征并生成疑点。,文章案例文本；审计事项清单；问题线索台账；审计证据资料；绩效目标表；绩效评价指标,风险词命中/数据缺失/证据不一致/指标偏离/流程缺陷,命中对象、风险等级、证据资料、核查建议,P1,magazine_435_articles,D:\openclaw-workspace\knowledge\11-杂志文献\财政监督\8.公共部门战略与绩效的匹配性研究.md
MAGFIN-0041-R02,audit_rule,generated_rule,MAGFIN-0041,53,D,金融审计 / 国企审计 / 监督检查与经费舞弊,公共部门战略与绩效的匹配性研究,公共部门战略与绩效的匹配性研究R02规则,核查案例涉及的数据、证据和整改链条是否完整一致。,文章案例文本；审计事项清单；问题线索台账；审计证据资料；绩效目标表；绩效评价指标,风险词命中/数据缺失/证据不一致/指标偏离/流程缺陷,命中对象、风险等级、证据资料、核查建议,P1,magazine_435_articles,D:\openclaw-workspace\knowledge\11-杂志文献\财政监督\8.公共部门战略与绩效的匹配性研究.md
MAGFIN-0036-R01,audit_rule,generated_rule,MAGFIN-0036,53,D,金融审计 / 国企审计 / 监督检查与经费舞弊,内控视角的高校所属单位财务监管问题研究,内控视角的高校所属单位财务监管问题研究R01规则,按案例主题识别同类事项中的风险特征并生成疑点。,文章案例文本；审计事项清单；问题线索台账；审计证据资料；内控制度；会计凭证,风险词命中/数据缺失/证据不一致/指标偏离/流程缺陷,命中对象、风险等级、证据资料、核查建议,P1,magazine_435_articles,D:\openclaw-workspace\knowledge\11-杂志文献\财政监督\23.基于内控视角的高校所属单位财务监管问题研究.md
MAGFIN-0036-R02,audit_rule,generated_rule,MAGFIN-0036,53,D,金融审计 / 国企审计 / 监督检查与经费舞弊,内控视角的高校所属单位财务监管问题研究,内控视角的高校所属单位财务监管问题研究R02规则,核查案例涉及的数据、证据和整改链条是否完整一致。,文章案例文本；审计事项清单；问题线索台账；审计证据资料；内控制度；会计凭证,风险词命中/数据缺失/证据不一致/指标偏离/流程缺陷,命中对象、风险等级、证据资料、核查建议,P1,magazine_435_articles,D:\openclaw-workspace\knowledge\11-杂志文献\财政监督\23.基于内控视角的高校所属单位财务监管问题研究.md
MAGFIN-0017-R01,audit_rule,generated_rule,MAGFIN-0017,53,D,金融审计 / 国企审计 / 监督检查与经费舞弊,创新推动中央收入监管工作提质增效,创新推动中央收入监管工作提质增效R01规则,按案例主题识别同类事项中的风险特征并生成疑点。,文章案例文本；审计事项清单；问题线索台账；审计证据资料；内控制度；会计凭证,风险词命中/数据缺失/证据不一致/指标偏离/流程缺陷,命中对象、风险等级、证据资料、核查建议,P1,magazine_435_articles,D:\openclaw-workspace\knowledge\11-杂志文献\财政监督\12.创新推动中央收入监管工作提质增效.md
MAGFIN-0017-R02,audit_rule,generated_rule,MAGFIN-0017,53,D,金融审计 / 国企审计 / 监督检查与经费舞弊,创新推动中央收入监管工作提质增效,创新推动中央收入监管工作提质增效R02规则,核查案例涉及的数据、证据和整改链条是否完整一致。,文章案例文本；审计事项清单；问题线索台账；审计证据资料；内控制度；会计凭证,风险词命中/数据缺失/证据不一致/指标偏离/流程缺陷,命中对象、风险等级、证据资料、核查建议,P1,magazine_435_articles,D:\openclaw-workspace\knowledge\11-杂志文献\财政监督\12.创新推动中央收入监管工作提质增效.md
MAGFIN-0020-R01,audit_rule,generated_rule,MAGFIN-0020,63,C,金融审计 / 国企审计 / 监督检查与经费舞弊,加强地方预算执行和财政收支管理的思考,加强地方预算执行和财政收支管理的思考R01规则,按案例主题识别同类事项中的风险特征并生成疑点。,文章案例文本；审计事项清单；问题线索台账；审计证据资料；预算指标表；财政支出明细,风险词命中/数据缺失/证据不一致/指标偏离/流程缺陷,命中对象、风险等级、证据资料、核查建议,P0,magazine_435_articles,D:\openclaw-workspace\knowledge\11-杂志文献\财政监督\13.关于加强地方预算执行和财政收支管理的思考.md
MAGFIN-0020-R02,audit_rule,generated_rule,MAGFIN-0020,63,C,金融审计 / 国企审计 / 监督检查与经费舞弊,加强地方预算执行和财政收支管理的思考,加强地方预算执行和财政收支管理的思考R02规则,核查案例涉及的数据、证据和整改链条是否完整一致。,文章案例文本；审计事项清单；问题线索台账；审计证据资料；预算指标表；财政支出明细,风险词命中/数据缺失/证据不一致/指标偏离/流程缺陷,命中对象、风险等级、证据资料、核查建议,P0,magazine_435_articles,D:\openclaw-workspace\knowledge\11-杂志文献\财政监督\13.关于加强地方预算执行和财政收支管理的思考.md
MAGFIN-0034-R01,audit_rule,generated_rule,MAGFIN-0034,63,C,金融审计 / 国企审计 / 监督检查与经费舞弊,商业汇票风险管控体系构建研究,商业汇票风险管控体系构建研究R01规则,按案例主题识别同类事项中的风险特征并生成疑点。,文章案例文本；审计事项清单；问题线索台账；审计证据资料；内控制度；会计凭证,风险词命中/数据缺失/证据不一致/指标偏离/流程缺陷,命中对象、风险等级、证据资料、核查建议,P0,magazine_435_articles,D:\openclaw-workspace\knowledge\11-杂志文献\财政监督\21.新形势下商业汇票风险管控体系构建研究.md
MAGFIN-0034-R02,audit_rule,generated_rule,MAGFIN-0034,63,C,金融审计 / 国企审计 / 监督检查与经费舞弊,商业汇票风险管控体系构建研究,商业汇票风险管控体系构建研究R02规则,核查案例涉及的数据、证据和整改链条是否完整一致。,文章案例文本；审计事项清单；问题线索台账；审计证据资料；内控制度；会计凭证,风险词命中/数据缺失/证据不一致/指标偏离/流程缺陷,命中对象、风险等级、证据资料、核查建议,P0,magazine_435_articles,D:\openclaw-workspace\knowledge\11-杂志文献\财政监督\21.新形势下商业汇票风险管控体系构建研究.md
MAGFIN-0004-R01,audit_rule,generated_rule,MAGFIN-0004,53,D,金融审计 / 国企审计 / 监督检查与经费舞弊,四川省内部审计条例,四川省内部审计条例R01规则,按案例主题识别同类事项中的风险特征并生成疑点。,文章案例文本；审计事项清单；问题线索台账；审计证据资料；内控制度；会计凭证,风险词命中/数据缺失/证据不一致/指标偏离/流程缺陷,命中对象、风险等级、证据资料、核查建议,P1,magazine_435_articles,D:\openclaw-workspace\knowledge\11-杂志文献\四川注册会计师\007.四川省内部审计条例.md
MAGFIN-0004-R02,audit_rule,generated_rule,MAGFIN-0004,53,D,金融审计 / 国企审计 / 监督检查与经费舞弊,四川省内部审计条例,四川省内部审计条例R02规则,核查案例涉及的数据、证据和整改链条是否完整一致。,文章案例文本；审计事项清单；问题线索台账；审计证据资料；内控制度；会计凭证,风险词命中/数据缺失/证据不一致/指标偏离/流程缺陷,命中对象、风险等级、证据资料、核查建议,P1,magazine_435_articles,D:\openclaw-workspace\knowledge\11-杂志文献\四川注册会计师\007.四川省内部审计条例.md
MAGFIN-0039-R01,audit_rule,generated_rule,MAGFIN-0039,63,C,金融审计 / 国企审计 / 监督检查与经费舞弊,国内外“漂绿”研究进展比较分析(2002—2022)(上),国内外“漂绿”研究进展比较分析(2002—2022)(上)R01规则,按案例主题识别同类事项中的风险特征并生成疑点。,文章案例文本；审计事项清单；问题线索台账；审计证据资料；内控制度；会计凭证,风险词命中/数据缺失/证据不一致/指标偏离/流程缺陷,命中对象、风险等级、证据资料、核查建议,P0,magazine_435_articles,D:\openclaw-workspace\knowledge\11-杂志文献\财政监督\6.国内外“漂绿”研究进展比较分析(2002—2022)(上).md
MAGFIN-0039-R02,audit_rule,generated_rule,MAGFIN-0039,63,C,金融审计 / 国企审计 / 监督检查与经费舞弊,国内外“漂绿”研究进展比较分析(2002—2022)(上),国内外“漂绿”研究进展比较分析(2002—2022)(上)R02规则,核查案例涉及的数据、证据和整改链条是否完整一致。,文章案例文本；审计事项清单；问题线索台账；审计证据资料；内控制度；会计凭证,风险词命中/数据缺失/证据不一致/指标偏离/流程缺陷,命中对象、风险等级、证据资料、核查建议,P0,magazine_435_articles,D:\openclaw-workspace\knowledge\11-杂志文献\财政监督\6.国内外“漂绿”研究进展比较分析(2002—2022)(上).md
MAGFIN-0003-R01,audit_rule,generated_rule,MAGFIN-0003,53,D,金融审计 / 国企审计 / 监督检查与经费舞弊,国务院办公厅转发财政部《关于规范政府和社会资本合作存量项目建设和运营的指,国务院办公厅转发财政部《关于规范政府和社会资本合作存量项目建设和运营的指R01规则,按案例主题识别同类事项中的风险特征并生成疑点。,文章案例文本；审计事项清单；问题线索台账；审计证据资料；预算指标表；财政支出明细,风险词命中/数据缺失/证据不一致/指标偏离/流程缺陷,命中对象、风险等级、证据资料、核查建议,P1,magazine_435_articles,D:\openclaw-workspace\knowledge\11-杂志文献\四川注册会计师\004.国务院办公厅转发财政部《关于规范政府和社会资本合作存量项目建设和运营的指导意见》的通知.md
MAGFIN-0003-R02,audit_rule,generated_rule,MAGFIN-0003,53,D,金融审计 / 国企审计 / 监督检查与经费舞弊,国务院办公厅转发财政部《关于规范政府和社会资本合作存量项目建设和运营的指,国务院办公厅转发财政部《关于规范政府和社会资本合作存量项目建设和运营的指R02规则,核查案例涉及的数据、证据和整改链条是否完整一致。,文章案例文本；审计事项清单；问题线索台账；审计证据资料；预算指标表；财政支出明细,风险词命中/数据缺失/证据不一致/指标偏离/流程缺陷,命中对象、风险等级、证据资料、核查建议,P1,magazine_435_articles,D:\openclaw-workspace\knowledge\11-杂志文献\四川注册会计师\004.国务院办公厅转发财政部《关于规范政府和社会资本合作存量项目建设和运营的指导意见》的通知.md
MAGFIN-0029-R01,audit_rule,generated_rule,MAGFIN-0029,63,C,金融审计 / 国企审计 / 监督检查与经费舞弊,大数据时代内部经济责任审计路径探讨,大数据时代内部经济责任审计路径探讨R01规则,按案例主题识别同类事项中的风险特征并生成疑点。,文章案例文本；审计事项清单；问题线索台账；审计证据资料；内控制度；会计凭证,风险词命中/数据缺失/证据不一致/指标偏离/流程缺陷,命中对象、风险等级、证据资料、核查建议,P0,magazine_435_articles,D:\openclaw-workspace\knowledge\11-杂志文献\财政监督\18.大数据时代内部经济责任审计路径探讨.md
MAGFIN-0029-R02,audit_rule,generated_rule,MAGFIN-0029,63,C,金融审计 / 国企审计 / 监督检查与经费舞弊,大数据时代内部经济责任审计路径探讨,大数据时代内部经济责任审计路径探讨R02规则,核查案例涉及的数据、证据和整改链条是否完整一致。,文章案例文本；审计事项清单；问题线索台账；审计证据资料；内控制度；会计凭证,风险词命中/数据缺失/证据不一致/指标偏离/流程缺陷,命中对象、风险等级、证据资料、核查建议,P0,magazine_435_articles,D:\openclaw-workspace\knowledge\11-杂志文献\财政监督\18.大数据时代内部经济责任审计路径探讨.md
MAGFIN-0005-R01,audit_rule,generated_rule,MAGFIN-0005,53,D,金融审计 / 国企审计 / 监督检查与经费舞弊,层次分析法在投资决策中的运用,层次分析法在投资决策中的运用R01规则,按案例主题识别同类事项中的风险特征并生成疑点。,文章案例文本；审计事项清单；问题线索台账；审计证据资料；内控制度；会计凭证,风险词命中/数据缺失/证据不一致/指标偏离/流程缺陷,命中对象、风险等级、证据资料、核查建议,P1,magazine_435_articles,D:\openclaw-workspace\knowledge\11-杂志文献\四川注册会计师\007.层次分析法在投资决策中的运用.md
MAGFIN-0005-R02,audit_rule,generated_rule,MAGFIN-0005,53,D,金融审计 / 国企审计 / 监督检查与经费舞弊,层次分析法在投资决策中的运用,层次分析法在投资决策中的运用R02规则,核查案例涉及的数据、证据和整改链条是否完整一致。,文章案例文本；审计事项清单；问题线索台账；审计证据资料；内控制度；会计凭证,风险词命中/数据缺失/证据不一致/指标偏离/流程缺陷,命中对象、风险等级、证据资料、核查建议,P1,magazine_435_articles,D:\openclaw-workspace\knowledge\11-杂志文献\四川注册会计师\007.层次分析法在投资决策中的运用.md
MAGFIN-0006-R01,audit_rule,generated_rule,MAGFIN-0006,53,D,金融审计 / 国企审计 / 监督检查与经费舞弊,层次分析法在投资决策中的运用,层次分析法在投资决策中的运用R01规则,按案例主题识别同类事项中的风险特征并生成疑点。,文章案例文本；审计事项清单；问题线索台账；审计证据资料；内控制度；会计凭证,风险词命中/数据缺失/证据不一致/指标偏离/流程缺陷,命中对象、风险等级、证据资料、核查建议,P1,magazine_435_articles,D:\openclaw-workspace\knowledge\11-杂志文献\四川注册会计师\008.层次分析法在投资决策中的运用.md
MAGFIN-0006-R02,audit_rule,generated_rule,MAGFIN-0006,53,D,金融审计 / 国企审计 / 监督检查与经费舞弊,层次分析法在投资决策中的运用,层次分析法在投资决策中的运用R02规则,核查案例涉及的数据、证据和整改链条是否完整一致。,文章案例文本；审计事项清单；问题线索台账；审计证据资料；内控制度；会计凭证,风险词命中/数据缺失/证据不一致/指标偏离/流程缺陷,命中对象、风险等级、证据资料、核查建议,P1,magazine_435_articles,D:\openclaw-workspace\knowledge\11-杂志文献\四川注册会计师\008.层次分析法在投资决策中的运用.md
MAGFIN-0042-R01,audit_rule,generated_rule,MAGFIN-0042,53,D,金融审计 / 国企审计 / 监督检查与经费舞弊,扶贫小额信贷资金会计信息失真,扶贫小额信贷资金会计信息失真R01规则,按案例主题识别同类事项中的风险特征并生成疑点。,文章案例文本；审计事项清单；问题线索台账；审计证据资料；内控制度；会计凭证,风险词命中/数据缺失/证据不一致/指标偏离/流程缺陷,命中对象、风险等级、证据资料、核查建议,P1,magazine_435_articles,D:\openclaw-workspace\knowledge\11-杂志文献\财政监督\9.扶贫小额信贷资金会计信息失真.md
MAGFIN-0042-R02,audit_rule,generated_rule,MAGFIN-0042,53,D,金融审计 / 国企审计 / 监督检查与经费舞弊,扶贫小额信贷资金会计信息失真,扶贫小额信贷资金会计信息失真R02规则,核查案例涉及的数据、证据和整改链条是否完整一致。,文章案例文本；审计事项清单；问题线索台账；审计证据资料；内控制度；会计凭证,风险词命中/数据缺失/证据不一致/指标偏离/流程缺陷,命中对象、风险等级、证据资料、核查建议,P1,magazine_435_articles,D:\openclaw-workspace\knowledge\11-杂志文献\财政监督\9.扶贫小额信贷资金会计信息失真.md
MAGFIN-0010-R01,audit_rule,generated_rule,MAGFIN-0010,63,C,金融审计 / 国企审计 / 监督检查与经费舞弊,技术产权证券化产品的设计与应用,技术产权证券化产品的设计与应用R01规则,按案例主题识别同类事项中的风险特征并生成疑点。,文章案例文本；审计事项清单；问题线索台账；审计证据资料；内控制度；会计凭证,风险词命中/数据缺失/证据不一致/指标偏离/流程缺陷,命中对象、风险等级、证据资料、核查建议,P0,magazine_435_articles,D:\openclaw-workspace\knowledge\11-杂志文献\审计观察\17.技术产权证券化产品的 设计与应用.md
MAGFIN-0010-R02,audit_rule,generated_rule,MAGFIN-0010,63,C,金融审计 / 国企审计 / 监督检查与经费舞弊,技术产权证券化产品的设计与应用,技术产权证券化产品的设计与应用R02规则,核查案例涉及的数据、证据和整改链条是否完整一致。,文章案例文本；审计事项清单；问题线索台账；审计证据资料；内控制度；会计凭证,风险词命中/数据缺失/证据不一致/指标偏离/流程缺陷,命中对象、风险等级、证据资料、核查建议,P0,magazine_435_articles,D:\openclaw-workspace\knowledge\11-杂志文献\审计观察\17.技术产权证券化产品的 设计与应用.md
MAGFIN-0025-R01,audit_rule,generated_rule,MAGFIN-0025,53,D,金融审计 / 国企审计 / 监督检查与经费舞弊,抓早抓小抓长抓常深入推动财政内控提质增效,抓早抓小抓长抓常深入推动财政内控提质增效R01规则,按案例主题识别同类事项中的风险特征并生成疑点。,文章案例文本；审计事项清单；问题线索台账；审计证据资料；预算指标表；财政支出明细,风险词命中/数据缺失/证据不一致/指标偏离/流程缺陷,命中对象、风险等级、证据资料、核查建议,P1,magazine_435_articles,D:\openclaw-workspace\knowledge\11-杂志文献\财政监督\17.抓早抓小抓长抓常深入推动财政内控提质增效.md
MAGFIN-0025-R02,audit_rule,generated_rule,MAGFIN-0025,53,D,金融审计 / 国企审计 / 监督检查与经费舞弊,抓早抓小抓长抓常深入推动财政内控提质增效,抓早抓小抓长抓常深入推动财政内控提质增效R02规则,核查案例涉及的数据、证据和整改链条是否完整一致。,文章案例文本；审计事项清单；问题线索台账；审计证据资料；预算指标表；财政支出明细,风险词命中/数据缺失/证据不一致/指标偏离/流程缺陷,命中对象、风险等级、证据资料、核查建议,P1,magazine_435_articles,D:\openclaw-workspace\knowledge\11-杂志文献\财政监督\17.抓早抓小抓长抓常深入推动财政内控提质增效.md
MAGFIN-0007-R01,audit_rule,generated_rule,MAGFIN-0007,53,D,金融审计 / 国企审计 / 监督检查与经费舞弊,掩盖资金占用实施财务造假后积极主动供述监管对惠伦晶体案拟从轻罚款合计11,掩盖资金占用实施财务造假后积极主动供述监管对惠伦晶体案拟从轻罚款合计11R01规则,按案例主题识别同类事项中的风险特征并生成疑点。,文章案例文本；审计事项清单；问题线索台账；审计证据资料；内控制度；会计凭证,风险词命中/数据缺失/证据不一致/指标偏离/流程缺陷,命中对象、风险等级、证据资料、核查建议,P1,magazine_435_articles,D:\openclaw-workspace\knowledge\11-杂志文献\四川注册会计师\011.掩盖资金占用实施财务造假后积极主动供述监管对惠伦晶体案拟从轻罚款合计1140万.md
MAGFIN-0007-R02,audit_rule,generated_rule,MAGFIN-0007,53,D,金融审计 / 国企审计 / 监督检查与经费舞弊,掩盖资金占用实施财务造假后积极主动供述监管对惠伦晶体案拟从轻罚款合计11,掩盖资金占用实施财务造假后积极主动供述监管对惠伦晶体案拟从轻罚款合计11R02规则,核查案例涉及的数据、证据和整改链条是否完整一致。,文章案例文本；审计事项清单；问题线索台账；审计证据资料；内控制度；会计凭证,风险词命中/数据缺失/证据不一致/指标偏离/流程缺陷,命中对象、风险等级、证据资料、核查建议,P1,magazine_435_articles,D:\openclaw-workspace\knowledge\11-杂志文献\四川注册会计师\011.掩盖资金占用实施财务造假后积极主动供述监管对惠伦晶体案拟从轻罚款合计1140万.md
MAGFIN-0030-R01,audit_rule,generated_rule,MAGFIN-0030,63,C,金融审计 / 国企审计 / 监督检查与经费舞弊,提升高校财务管理信息化水平的路径分析,提升高校财务管理信息化水平的路径分析R01规则,按案例主题识别同类事项中的风险特征并生成疑点。,文章案例文本；审计事项清单；问题线索台账；审计证据资料；内控制度；会计凭证,风险词命中/数据缺失/证据不一致/指标偏离/流程缺陷,命中对象、风险等级、证据资料、核查建议,P0,magazine_435_articles,D:\openclaw-workspace\knowledge\11-杂志文献\财政监督\19.提升高校财务管理信息化水平的路径分析.md
MAGFIN-0030-R02,audit_rule,generated_rule,MAGFIN-0030,63,C,金融审计 / 国企审计 / 监督检查与经费舞弊,提升高校财务管理信息化水平的路径分析,提升高校财务管理信息化水平的路径分析R02规则,核查案例涉及的数据、证据和整改链条是否完整一致。,文章案例文本；审计事项清单；问题线索台账；审计证据资料；内控制度；会计凭证,风险词命中/数据缺失/证据不一致/指标偏离/流程缺陷,命中对象、风险等级、证据资料、核查建议,P0,magazine_435_articles,D:\openclaw-workspace\knowledge\11-杂志文献\财政监督\19.提升高校财务管理信息化水平的路径分析.md
FINV6D-012-R01,audit_rule,generated_rule,FINV6D-012,59,C,金融审计 / 国企审计 / 监督检查与经费舞弊,数智化背景下供应链金融审计的实务难点与突破路径,数智化背景下供应链金融审计的实务难点与突破路径完整性规则,检查数智化背景下供应链金融审计的实务难点与突破路径相关台账、凭证、审批和支付数据是否完整，缺失率超过阈值则预警。,项目台账；财务收支明细；合同与审批资料；支付凭证；审计发现清单；会议纪要,字段缺失/跨表不一致/偏离阈值/重复异常/时序异常/空间不一致,命中对象、风险等级、证据字段、核查建议,P1,ocr_55_books_deep,E:\2026\审计方法&政策文件\_ocr_output\2经济责任审计_6期\数智化背景下供应链金融审计的实务难点与突破路径.md
FINV6D-012-R02,audit_rule,generated_rule,FINV6D-012,59,C,金融审计 / 国企审计 / 监督检查与经费舞弊,数智化背景下供应链金融审计的实务难点与突破路径,数智化背景下供应链金融审计的实务难点与突破路径一致性规则,检查数智化背景下供应链金融审计的实务难点与突破路径在合同、支付、预算、绩效或业务台账之间是否一致。,项目台账；财务收支明细；合同与审批资料；支付凭证；审计发现清单；会议纪要,字段缺失/跨表不一致/偏离阈值/重复异常/时序异常/空间不一致,命中对象、风险等级、证据字段、核查建议,P1,ocr_55_books_deep,E:\2026\审计方法&政策文件\_ocr_output\2经济责任审计_6期\数智化背景下供应链金融审计的实务难点与突破路径.md
FINV6D-012-R03,audit_rule,generated_rule,FINV6D-012,59,C,金融审计 / 国企审计 / 监督检查与经费舞弊,数智化背景下供应链金融审计的实务难点与突破路径,数智化背景下供应链金融审计的实务难点与突破路径异常性规则,按历史均值、同类项目分位数或政策标准识别数智化背景下供应链金融审计的实务难点与突破路径异常偏离。,项目台账；财务收支明细；合同与审批资料；支付凭证；审计发现清单；会议纪要,字段缺失/跨表不一致/偏离阈值/重复异常/时序异常/空间不一致,命中对象、风险等级、证据字段、核查建议,P1,ocr_55_books_deep,E:\2026\审计方法&政策文件\_ocr_output\2经济责任审计_6期\数智化背景下供应链金融审计的实务难点与突破路径.md
MAGFIN-0031-R01,audit_rule,generated_rule,MAGFIN-0031,53,D,金融审计 / 国企审计 / 监督检查与经费舞弊,新租赁准则在建筑企业的实施及管理升级,新租赁准则在建筑企业的实施及管理升级R01规则,按案例主题识别同类事项中的风险特征并生成疑点。,文章案例文本；审计事项清单；问题线索台账；审计证据资料；内控制度；会计凭证,风险词命中/数据缺失/证据不一致/指标偏离/流程缺陷,命中对象、风险等级、证据资料、核查建议,P1,magazine_435_articles,D:\openclaw-workspace\knowledge\11-杂志文献\财政监督\19.新租赁准则在建筑企业的实施及管理升级.md
MAGFIN-0031-R02,audit_rule,generated_rule,MAGFIN-0031,53,D,金融审计 / 国企审计 / 监督检查与经费舞弊,新租赁准则在建筑企业的实施及管理升级,新租赁准则在建筑企业的实施及管理升级R02规则,核查案例涉及的数据、证据和整改链条是否完整一致。,文章案例文本；审计事项清单；问题线索台账；审计证据资料；内控制度；会计凭证,风险词命中/数据缺失/证据不一致/指标偏离/流程缺陷,命中对象、风险等级、证据资料、核查建议,P1,magazine_435_articles,D:\openclaw-workspace\knowledge\11-杂志文献\财政监督\19.新租赁准则在建筑企业的实施及管理升级.md
MAGFIN-0035-R01,audit_rule,generated_rule,MAGFIN-0035,63,C,金融审计 / 国企审计 / 监督检查与经费舞弊,智慧财务建设助力企业财务转型的探讨,智慧财务建设助力企业财务转型的探讨R01规则,按案例主题识别同类事项中的风险特征并生成疑点。,文章案例文本；审计事项清单；问题线索台账；审计证据资料；内控制度；会计凭证,风险词命中/数据缺失/证据不一致/指标偏离/流程缺陷,命中对象、风险等级、证据资料、核查建议,P0,magazine_435_articles,D:\openclaw-workspace\knowledge\11-杂志文献\财政监督\21.智慧财务建设助力企业财务转型的探讨.md
MAGFIN-0035-R02,audit_rule,generated_rule,MAGFIN-0035,63,C,金融审计 / 国企审计 / 监督检查与经费舞弊,智慧财务建设助力企业财务转型的探讨,智慧财务建设助力企业财务转型的探讨R02规则,核查案例涉及的数据、证据和整改链条是否完整一致。,文章案例文本；审计事项清单；问题线索台账；审计证据资料；内控制度；会计凭证,风险词命中/数据缺失/证据不一致/指标偏离/流程缺陷,命中对象、风险等级、证据资料、核查建议,P0,magazine_435_articles,D:\openclaw-workspace\knowledge\11-杂志文献\财政监督\21.智慧财务建设助力企业财务转型的探讨.md
MAGFIN-0022-R01,audit_rule,generated_rule,MAGFIN-0022,63,C,金融审计 / 国企审计 / 监督检查与经费舞弊,法人大户融资风险敏捷审计研究,法人大户融资风险敏捷审计研究R01规则,按案例主题识别同类事项中的风险特征并生成疑点。,文章案例文本；审计事项清单；问题线索台账；审计证据资料；内控制度；会计凭证,风险词命中/数据缺失/证据不一致/指标偏离/流程缺陷,命中对象、风险等级、证据资料、核查建议,P0,magazine_435_articles,D:\openclaw-workspace\knowledge\11-杂志文献\财政监督\14.法人大户融资风险敏捷审计研究.md
MAGFIN-0022-R02,audit_rule,generated_rule,MAGFIN-0022,63,C,金融审计 / 国企审计 / 监督检查与经费舞弊,法人大户融资风险敏捷审计研究,法人大户融资风险敏捷审计研究R02规则,核查案例涉及的数据、证据和整改链条是否完整一致。,文章案例文本；审计事项清单；问题线索台账；审计证据资料；内控制度；会计凭证,风险词命中/数据缺失/证据不一致/指标偏离/流程缺陷,命中对象、风险等级、证据资料、核查建议,P0,magazine_435_articles,D:\openclaw-workspace\knowledge\11-杂志文献\财政监督\14.法人大户融资风险敏捷审计研究.md
MAGFIN-0023-R01,audit_rule,generated_rule,MAGFIN-0023,63,C,金融审计 / 国企审计 / 监督检查与经费舞弊,税收优惠、财政补贴与企业绿色技术创新,税收优惠、财政补贴与企业绿色技术创新R01规则,按案例主题识别同类事项中的风险特征并生成疑点。,文章案例文本；审计事项清单；问题线索台账；审计证据资料；预算指标表；财政支出明细,风险词命中/数据缺失/证据不一致/指标偏离/流程缺陷,命中对象、风险等级、证据资料、核查建议,P0,magazine_435_articles,D:\openclaw-workspace\knowledge\11-杂志文献\财政监督\16.税收优惠、财政补贴与企业绿色技术创新.md
MAGFIN-0023-R02,audit_rule,generated_rule,MAGFIN-0023,63,C,金融审计 / 国企审计 / 监督检查与经费舞弊,税收优惠、财政补贴与企业绿色技术创新,税收优惠、财政补贴与企业绿色技术创新R02规则,核查案例涉及的数据、证据和整改链条是否完整一致。,文章案例文本；审计事项清单；问题线索台账；审计证据资料；预算指标表；财政支出明细,风险词命中/数据缺失/证据不一致/指标偏离/流程缺陷,命中对象、风险等级、证据资料、核查建议,P0,magazine_435_articles,D:\openclaw-workspace\knowledge\11-杂志文献\财政监督\16.税收优惠、财政补贴与企业绿色技术创新.md
MAGFIN-0008-R01,audit_rule,generated_rule,MAGFIN-0008,63,C,金融审计 / 国企审计 / 监督检查与经费舞弊,美国审计署优先建议信函的主要内容及特点,美国审计署优先建议信函的主要内容及特点R01规则,按案例主题识别同类事项中的风险特征并生成疑点。,文章案例文本；审计事项清单；问题线索台账；审计证据资料；内控制度；会计凭证,风险词命中/数据缺失/证据不一致/指标偏离/流程缺陷,命中对象、风险等级、证据资料、核查建议,P0,magazine_435_articles,D:\openclaw-workspace\knowledge\11-杂志文献\审计观察\10.美国审计署优先建议信函的 主要内容及特点.md
MAGFIN-0008-R02,audit_rule,generated_rule,MAGFIN-0008,63,C,金融审计 / 国企审计 / 监督检查与经费舞弊,美国审计署优先建议信函的主要内容及特点,美国审计署优先建议信函的主要内容及特点R02规则,核查案例涉及的数据、证据和整改链条是否完整一致。,文章案例文本；审计事项清单；问题线索台账；审计证据资料；内控制度；会计凭证,风险词命中/数据缺失/证据不一致/指标偏离/流程缺陷,命中对象、风险等级、证据资料、核查建议,P0,magazine_435_articles,D:\openclaw-workspace\knowledge\11-杂志文献\审计观察\10.美国审计署优先建议信函的 主要内容及特点.md
MAGFIN-0001-R01,audit_rule,generated_rule,MAGFIN-0001,53,D,金融审计 / 国企审计 / 监督检查与经费舞弊,联合开展《小微企业增信会计数据标准(试行版)》深化试点工作的通知,联合开展《小微企业增信会计数据标准(试行版)》深化试点工作的通知R01规则,按案例主题识别同类事项中的风险特征并生成疑点。,文章案例文本；审计事项清单；问题线索台账；审计证据资料；内控制度；会计凭证,风险词命中/数据缺失/证据不一致/指标偏离/流程缺陷,命中对象、风险等级、证据资料、核查建议,P1,magazine_435_articles,D:\openclaw-workspace\knowledge\11-杂志文献\四川注册会计师\001.关于联合开展《小微企业增信会计数据标准(试行版)》深化试点工作的通知.md
MAGFIN-0001-R02,audit_rule,generated_rule,MAGFIN-0001,53,D,金融审计 / 国企审计 / 监督检查与经费舞弊,联合开展《小微企业增信会计数据标准(试行版)》深化试点工作的通知,联合开展《小微企业增信会计数据标准(试行版)》深化试点工作的通知R02规则,核查案例涉及的数据、证据和整改链条是否完整一致。,文章案例文本；审计事项清单；问题线索台账；审计证据资料；内控制度；会计凭证,风险词命中/数据缺失/证据不一致/指标偏离/流程缺陷,命中对象、风险等级、证据资料、核查建议,P1,magazine_435_articles,D:\openclaw-workspace\knowledge\11-杂志文献\四川注册会计师\001.关于联合开展《小微企业增信会计数据标准(试行版)》深化试点工作的通知.md
MAGFIN-0002-R01,audit_rule,generated_rule,MAGFIN-0002,53,D,金融审计 / 国企审计 / 监督检查与经费舞弊,联合开展《小微企业增信会计数据标准(试行版)》深化试点工作的通知,联合开展《小微企业增信会计数据标准(试行版)》深化试点工作的通知R01规则,按案例主题识别同类事项中的风险特征并生成疑点。,文章案例文本；审计事项清单；问题线索台账；审计证据资料；内控制度；会计凭证,风险词命中/数据缺失/证据不一致/指标偏离/流程缺陷,命中对象、风险等级、证据资料、核查建议,P1,magazine_435_articles,D:\openclaw-workspace\knowledge\11-杂志文献\四川注册会计师\004.关于联合开展《小微企业增信会计数据标准(试行版)》深化试点工作的通知.md
MAGFIN-0002-R02,audit_rule,generated_rule,MAGFIN-0002,53,D,金融审计 / 国企审计 / 监督检查与经费舞弊,联合开展《小微企业增信会计数据标准(试行版)》深化试点工作的通知,联合开展《小微企业增信会计数据标准(试行版)》深化试点工作的通知R02规则,核查案例涉及的数据、证据和整改链条是否完整一致。,文章案例文本；审计事项清单；问题线索台账；审计证据资料；内控制度；会计凭证,风险词命中/数据缺失/证据不一致/指标偏离/流程缺陷,命中对象、风险等级、证据资料、核查建议,P1,magazine_435_articles,D:\openclaw-workspace\knowledge\11-杂志文献\四川注册会计师\004.关于联合开展《小微企业增信会计数据标准(试行版)》深化试点工作的通知.md
MAGFIN-0026-R01,audit_rule,generated_rule,MAGFIN-0026,53,D,金融审计 / 国企审计 / 监督检查与经费舞弊,财政政策支持碳减排的路径探析,财政政策支持碳减排的路径探析R01规则,按案例主题识别同类事项中的风险特征并生成疑点。,文章案例文本；审计事项清单；问题线索台账；审计证据资料；预算指标表；财政支出明细,风险词命中/数据缺失/证据不一致/指标偏离/流程缺陷,命中对象、风险等级、证据资料、核查建议,P1,magazine_435_articles,D:\openclaw-workspace\knowledge\11-杂志文献\财政监督\17.财政政策支持碳减排的路径探析.md
MAGFIN-0026-R02,audit_rule,generated_rule,MAGFIN-0026,53,D,金融审计 / 国企审计 / 监督检查与经费舞弊,财政政策支持碳减排的路径探析,财政政策支持碳减排的路径探析R02规则,核查案例涉及的数据、证据和整改链条是否完整一致。,文章案例文本；审计事项清单；问题线索台账；审计证据资料；预算指标表；财政支出明细,风险词命中/数据缺失/证据不一致/指标偏离/流程缺陷,命中对象、风险等级、证据资料、核查建议,P1,magazine_435_articles,D:\openclaw-workspace\knowledge\11-杂志文献\财政监督\17.财政政策支持碳减排的路径探析.md
MAGFIN-0040-R01,audit_rule,generated_rule,MAGFIN-0040,53,D,金融审计 / 国企审计 / 监督检查与经费舞弊,财税政策支持绿色低碳转型研究(上),财税政策支持绿色低碳转型研究(上)R01规则,按案例主题识别同类事项中的风险特征并生成疑点。,文章案例文本；审计事项清单；问题线索台账；审计证据资料；内控制度；会计凭证,风险词命中/数据缺失/证据不一致/指标偏离/流程缺陷,命中对象、风险等级、证据资料、核查建议,P1,magazine_435_articles,D:\openclaw-workspace\knowledge\11-杂志文献\财政监督\6.新形势下财税政策支持绿色低碳转型研究(上).md
MAGFIN-0040-R02,audit_rule,generated_rule,MAGFIN-0040,53,D,金融审计 / 国企审计 / 监督检查与经费舞弊,财税政策支持绿色低碳转型研究(上),财税政策支持绿色低碳转型研究(上)R02规则,核查案例涉及的数据、证据和整改链条是否完整一致。,文章案例文本；审计事项清单；问题线索台账；审计证据资料；内控制度；会计凭证,风险词命中/数据缺失/证据不一致/指标偏离/流程缺陷,命中对象、风险等级、证据资料、核查建议,P1,magazine_435_articles,D:\openclaw-workspace\knowledge\11-杂志文献\财政监督\6.新形势下财税政策支持绿色低碳转型研究(上).md
MAGFIN-0009-R01,audit_rule,generated_rule,MAGFIN-0009,63,C,金融审计 / 国企审计 / 监督检查与经费舞弊,防范化解金融风险的审计实践,防范化解金融风险的审计实践R01规则,按案例主题识别同类事项中的风险特征并生成疑点。,文章案例文本；审计事项清单；问题线索台账；审计证据资料；内控制度；会计凭证,风险词命中/数据缺失/证据不一致/指标偏离/流程缺陷,命中对象、风险等级、证据资料、核查建议,P0,magazine_435_articles,D:\openclaw-workspace\knowledge\11-杂志文献\审计观察\15.防范化解金融风险的审计实践.md
MAGFIN-0009-R02,audit_rule,generated_rule,MAGFIN-0009,63,C,金融审计 / 国企审计 / 监督检查与经费舞弊,防范化解金融风险的审计实践,防范化解金融风险的审计实践R02规则,核查案例涉及的数据、证据和整改链条是否完整一致。,文章案例文本；审计事项清单；问题线索台账；审计证据资料；内控制度；会计凭证,风险词命中/数据缺失/证据不一致/指标偏离/流程缺陷,命中对象、风险等级、证据资料、核查建议,P0,magazine_435_articles,D:\openclaw-workspace\knowledge\11-杂志文献\审计观察\15.防范化解金融风险的审计实践.md
FINV6D-013-R01,audit_rule,generated_rule,FINV6D-013,59,C,金融审计 / 国企审计 / 监督检查与经费舞弊,面向十五五邮储银行体系化审计发展战略的内涵与贯通,面向十五五邮储银行体系化审计发展战略的内涵与贯通完整性规则,检查面向十五五邮储银行体系化审计发展战略的内涵与贯通相关台账、凭证、审批和支付数据是否完整，缺失率超过阈值则预警。,项目台账；财务收支明细；合同与审批资料；支付凭证；审计发现清单；绩效指标表,字段缺失/跨表不一致/偏离阈值/重复异常/时序异常/空间不一致,命中对象、风险等级、证据字段、核查建议,P1,ocr_55_books_deep,E:\2026\审计方法&政策文件\_ocr_output\2经济责任审计_6期\面向十五五邮储银行体系化审计发展战略的内涵与贯通思路.md
FINV6D-013-R02,audit_rule,generated_rule,FINV6D-013,59,C,金融审计 / 国企审计 / 监督检查与经费舞弊,面向十五五邮储银行体系化审计发展战略的内涵与贯通,面向十五五邮储银行体系化审计发展战略的内涵与贯通一致性规则,检查面向十五五邮储银行体系化审计发展战略的内涵与贯通在合同、支付、预算、绩效或业务台账之间是否一致。,项目台账；财务收支明细；合同与审批资料；支付凭证；审计发现清单；绩效指标表,字段缺失/跨表不一致/偏离阈值/重复异常/时序异常/空间不一致,命中对象、风险等级、证据字段、核查建议,P1,ocr_55_books_deep,E:\2026\审计方法&政策文件\_ocr_output\2经济责任审计_6期\面向十五五邮储银行体系化审计发展战略的内涵与贯通思路.md
FINV6D-013-R03,audit_rule,generated_rule,FINV6D-013,59,C,金融审计 / 国企审计 / 监督检查与经费舞弊,面向十五五邮储银行体系化审计发展战略的内涵与贯通,面向十五五邮储银行体系化审计发展战略的内涵与贯通异常性规则,按历史均值、同类项目分位数或政策标准识别面向十五五邮储银行体系化审计发展战略的内涵与贯通异常偏离。,项目台账；财务收支明细；合同与审批资料；支付凭证；审计发现清单；绩效指标表,字段缺失/跨表不一致/偏离阈值/重复异常/时序异常/空间不一致,命中对象、风险等级、证据字段、核查建议,P1,ocr_55_books_deep,E:\2026\审计方法&政策文件\_ocr_output\2经济责任审计_6期\面向十五五邮储银行体系化审计发展战略的内涵与贯通思路.md
FINV6D-010-R01,audit_rule,generated_rule,FINV6D-010,59,C,金融审计 / 监督检查与经费舞弊 / 民生与社保医保,巩固深化“科学规范提升年”行动成果以高质量审计监,巩固深化“科学规范提升年”行动成果以高质量审计监完整性规则,检查巩固深化“科学规范提升年”行动成果以高质量审计监相关台账、凭证、审批和支付数据是否完整，缺失率超过阈值则预警。,项目台账；财务收支明细；合同与审批资料；支付凭证；审计发现清单,字段缺失/跨表不一致/偏离阈值/重复异常/时序异常/空间不一致,命中对象、风险等级、证据字段、核查建议,P1,ocr_55_books_deep,E:\2026\审计方法&政策文件\_ocr_output\1中国审计_7期\巩固深化“科学规范提升年”行动成果以高质量审计监督保障实现“十五五”良好开局.md
FINV6D-010-R02,audit_rule,generated_rule,FINV6D-010,59,C,金融审计 / 监督检查与经费舞弊 / 民生与社保医保,巩固深化“科学规范提升年”行动成果以高质量审计监,巩固深化“科学规范提升年”行动成果以高质量审计监一致性规则,检查巩固深化“科学规范提升年”行动成果以高质量审计监在合同、支付、预算、绩效或业务台账之间是否一致。,项目台账；财务收支明细；合同与审批资料；支付凭证；审计发现清单,字段缺失/跨表不一致/偏离阈值/重复异常/时序异常/空间不一致,命中对象、风险等级、证据字段、核查建议,P1,ocr_55_books_deep,E:\2026\审计方法&政策文件\_ocr_output\1中国审计_7期\巩固深化“科学规范提升年”行动成果以高质量审计监督保障实现“十五五”良好开局.md
FINV6D-010-R03,audit_rule,generated_rule,FINV6D-010,59,C,金融审计 / 监督检查与经费舞弊 / 民生与社保医保,巩固深化“科学规范提升年”行动成果以高质量审计监,巩固深化“科学规范提升年”行动成果以高质量审计监异常性规则,按历史均值、同类项目分位数或政策标准识别巩固深化“科学规范提升年”行动成果以高质量审计监异常偏离。,项目台账；财务收支明细；合同与审批资料；支付凭证；审计发现清单,字段缺失/跨表不一致/偏离阈值/重复异常/时序异常/空间不一致,命中对象、风险等级、证据字段、核查建议,P1,ocr_55_books_deep,E:\2026\审计方法&政策文件\_ocr_output\1中国审计_7期\巩固深化“科学规范提升年”行动成果以高质量审计监督保障实现“十五五”良好开局.md
ENGV6D-043-R01,audit_rule,generated_rule,ENGV6D-043,59,C,预算执行与财政管理 / 工程与投资审计 / 绩效评价,公用经费异常,公用经费异常完整性规则,检查公用经费异常相关台账、凭证、审批和支付数据是否完整，缺失率超过阈值则预警。,项目台账；财务收支明细；合同与审批资料；支付凭证；审计发现清单；预算批复表,字段缺失/跨表不一致/偏离阈值/重复异常/时序异常/空间不一致,命中对象、风险等级、证据字段、核查建议,P1,ocr_55_books_deep,E:\2026\审计方法&政策文件\_ocr_output\预算\水利基本建设项目竣工财务决算编制教程.pdf.md
ENGV6D-043-R02,audit_rule,generated_rule,ENGV6D-043,59,C,预算执行与财政管理 / 工程与投资审计 / 绩效评价,公用经费异常,公用经费异常一致性规则,检查公用经费异常在合同、支付、预算、绩效或业务台账之间是否一致。,项目台账；财务收支明细；合同与审批资料；支付凭证；审计发现清单；预算批复表,字段缺失/跨表不一致/偏离阈值/重复异常/时序异常/空间不一致,命中对象、风险等级、证据字段、核查建议,P1,ocr_55_books_deep,E:\2026\审计方法&政策文件\_ocr_output\预算\水利基本建设项目竣工财务决算编制教程.pdf.md
ENGV6D-043-R03,audit_rule,generated_rule,ENGV6D-043,59,C,预算执行与财政管理 / 工程与投资审计 / 绩效评价,公用经费异常,公用经费异常异常性规则,按历史均值、同类项目分位数或政策标准识别公用经费异常异常偏离。,项目台账；财务收支明细；合同与审批资料；支付凭证；审计发现清单；预算批复表,字段缺失/跨表不一致/偏离阈值/重复异常/时序异常/空间不一致,命中对象、风险等级、证据字段、核查建议,P1,ocr_55_books_deep,E:\2026\审计方法&政策文件\_ocr_output\预算\水利基本建设项目竣工财务决算编制教程.pdf.md
ENGV6D-041-R01,audit_rule,generated_rule,ENGV6D-041,59,C,预算执行与财政管理 / 工程与投资审计 / 绩效评价,决算草案定性,决算草案定性完整性规则,检查决算草案定性相关台账、凭证、审批和支付数据是否完整，缺失率超过阈值则预警。,项目台账；财务收支明细；合同与审批资料；支付凭证；审计发现清单；预算批复表,字段缺失/跨表不一致/偏离阈值/重复异常/时序异常/空间不一致,命中对象、风险等级、证据字段、核查建议,P1,ocr_55_books_deep,E:\2026\审计方法&政策文件\_ocr_output\预算\水利基本建设项目竣工财务决算编制教程.pdf.md
ENGV6D-041-R02,audit_rule,generated_rule,ENGV6D-041,59,C,预算执行与财政管理 / 工程与投资审计 / 绩效评价,决算草案定性,决算草案定性一致性规则,检查决算草案定性在合同、支付、预算、绩效或业务台账之间是否一致。,项目台账；财务收支明细；合同与审批资料；支付凭证；审计发现清单；预算批复表,字段缺失/跨表不一致/偏离阈值/重复异常/时序异常/空间不一致,命中对象、风险等级、证据字段、核查建议,P1,ocr_55_books_deep,E:\2026\审计方法&政策文件\_ocr_output\预算\水利基本建设项目竣工财务决算编制教程.pdf.md
ENGV6D-041-R03,audit_rule,generated_rule,ENGV6D-041,59,C,预算执行与财政管理 / 工程与投资审计 / 绩效评价,决算草案定性,决算草案定性异常性规则,按历史均值、同类项目分位数或政策标准识别决算草案定性异常偏离。,项目台账；财务收支明细；合同与审批资料；支付凭证；审计发现清单；预算批复表,字段缺失/跨表不一致/偏离阈值/重复异常/时序异常/空间不一致,命中对象、风险等级、证据字段、核查建议,P1,ocr_55_books_deep,E:\2026\审计方法&政策文件\_ocr_output\预算\水利基本建设项目竣工财务决算编制教程.pdf.md
ENGV6D-042-R01,audit_rule,generated_rule,ENGV6D-042,59,C,预算执行与财政管理 / 工程与投资审计 / 绩效评价,存量资金清理,存量资金清理完整性规则,检查存量资金清理相关台账、凭证、审批和支付数据是否完整，缺失率超过阈值则预警。,项目台账；财务收支明细；合同与审批资料；支付凭证；审计发现清单；预算批复表,字段缺失/跨表不一致/偏离阈值/重复异常/时序异常/空间不一致,命中对象、风险等级、证据字段、核查建议,P1,ocr_55_books_deep,E:\2026\审计方法&政策文件\_ocr_output\预算\水利基本建设项目竣工财务决算编制教程.pdf.md
ENGV6D-042-R02,audit_rule,generated_rule,ENGV6D-042,59,C,预算执行与财政管理 / 工程与投资审计 / 绩效评价,存量资金清理,存量资金清理一致性规则,检查存量资金清理在合同、支付、预算、绩效或业务台账之间是否一致。,项目台账；财务收支明细；合同与审批资料；支付凭证；审计发现清单；预算批复表,字段缺失/跨表不一致/偏离阈值/重复异常/时序异常/空间不一致,命中对象、风险等级、证据字段、核查建议,P1,ocr_55_books_deep,E:\2026\审计方法&政策文件\_ocr_output\预算\水利基本建设项目竣工财务决算编制教程.pdf.md
ENGV6D-042-R03,audit_rule,generated_rule,ENGV6D-042,59,C,预算执行与财政管理 / 工程与投资审计 / 绩效评价,存量资金清理,存量资金清理异常性规则,按历史均值、同类项目分位数或政策标准识别存量资金清理异常偏离。,项目台账；财务收支明细；合同与审批资料；支付凭证；审计发现清单；预算批复表,字段缺失/跨表不一致/偏离阈值/重复异常/时序异常/空间不一致,命中对象、风险等级、证据字段、核查建议,P1,ocr_55_books_deep,E:\2026\审计方法&政策文件\_ocr_output\预算\水利基本建设项目竣工财务决算编制教程.pdf.md
BUDV6D-030-R01,audit_rule,generated_rule,BUDV6D-030,59,C,预算执行与财政管理 / 工程与投资审计 / 绩效评价,工程建设类项目成本预算绩效分析，第七章运营维护,工程建设类项目成本预算绩效分析，第七章运营维护完整性规则,检查工程建设类项目成本预算绩效分析，第七章运营维护相关台账、凭证、审批和支付数据是否完整，缺失率超过阈值则预警。,项目台账；财务收支明细；合同与审批资料；支付凭证；审计发现清单；预算批复表,字段缺失/跨表不一致/偏离阈值/重复异常/时序异常/空间不一致,命中对象、风险等级、证据字段、核查建议,P1,ocr_55_books_deep,E:\2026\审计方法&政策文件\_ocr_output\预算\成本预算绩效分析方法与案例.pdf.md
BUDV6D-030-R02,audit_rule,generated_rule,BUDV6D-030,59,C,预算执行与财政管理 / 工程与投资审计 / 绩效评价,工程建设类项目成本预算绩效分析，第七章运营维护,工程建设类项目成本预算绩效分析，第七章运营维护一致性规则,检查工程建设类项目成本预算绩效分析，第七章运营维护在合同、支付、预算、绩效或业务台账之间是否一致。,项目台账；财务收支明细；合同与审批资料；支付凭证；审计发现清单；预算批复表,字段缺失/跨表不一致/偏离阈值/重复异常/时序异常/空间不一致,命中对象、风险等级、证据字段、核查建议,P1,ocr_55_books_deep,E:\2026\审计方法&政策文件\_ocr_output\预算\成本预算绩效分析方法与案例.pdf.md
BUDV6D-030-R03,audit_rule,generated_rule,BUDV6D-030,59,C,预算执行与财政管理 / 工程与投资审计 / 绩效评价,工程建设类项目成本预算绩效分析，第七章运营维护,工程建设类项目成本预算绩效分析，第七章运营维护异常性规则,按历史均值、同类项目分位数或政策标准识别工程建设类项目成本预算绩效分析，第七章运营维护异常偏离。,项目台账；财务收支明细；合同与审批资料；支付凭证；审计发现清单；预算批复表,字段缺失/跨表不一致/偏离阈值/重复异常/时序异常/空间不一致,命中对象、风险等级、证据字段、核查建议,P1,ocr_55_books_deep,E:\2026\审计方法&政策文件\_ocr_output\预算\成本预算绩效分析方法与案例.pdf.md
ENGV6D-022-R01,audit_rule,generated_rule,ENGV6D-022,59,C,预算执行与财政管理 / 工程与投资审计 / 绩效评价,支出标准执行,支出标准执行完整性规则,检查支出标准执行相关台账、凭证、审批和支付数据是否完整，缺失率超过阈值则预警。,项目台账；财务收支明细；合同与审批资料；支付凭证；审计发现清单；绩效指标表,字段缺失/跨表不一致/偏离阈值/重复异常/时序异常/空间不一致,命中对象、风险等级、证据字段、核查建议,P1,ocr_55_books_deep,E:\2026\审计方法&政策文件\_ocr_output\预算\发电基本建设项目竣工财务决算编制实务.pdf.md
ENGV6D-022-R02,audit_rule,generated_rule,ENGV6D-022,59,C,预算执行与财政管理 / 工程与投资审计 / 绩效评价,支出标准执行,支出标准执行一致性规则,检查支出标准执行在合同、支付、预算、绩效或业务台账之间是否一致。,项目台账；财务收支明细；合同与审批资料；支付凭证；审计发现清单；绩效指标表,字段缺失/跨表不一致/偏离阈值/重复异常/时序异常/空间不一致,命中对象、风险等级、证据字段、核查建议,P1,ocr_55_books_deep,E:\2026\审计方法&政策文件\_ocr_output\预算\发电基本建设项目竣工财务决算编制实务.pdf.md
ENGV6D-022-R03,audit_rule,generated_rule,ENGV6D-022,59,C,预算执行与财政管理 / 工程与投资审计 / 绩效评价,支出标准执行,支出标准执行异常性规则,按历史均值、同类项目分位数或政策标准识别支出标准执行异常偏离。,项目台账；财务收支明细；合同与审批资料；支付凭证；审计发现清单；绩效指标表,字段缺失/跨表不一致/偏离阈值/重复异常/时序异常/空间不一致,命中对象、风险等级、证据字段、核查建议,P1,ocr_55_books_deep,E:\2026\审计方法&政策文件\_ocr_output\预算\发电基本建设项目竣工财务决算编制实务.pdf.md
ENGV6D-034-R01,audit_rule,generated_rule,ENGV6D-034,59,C,预算执行与财政管理 / 工程与投资审计 / 绩效评价,支出标准执行,支出标准执行完整性规则,检查支出标准执行相关台账、凭证、审批和支付数据是否完整，缺失率超过阈值则预警。,项目台账；财务收支明细；合同与审批资料；支付凭证；审计发现清单；绩效指标表,字段缺失/跨表不一致/偏离阈值/重复异常/时序异常/空间不一致,命中对象、风险等级、证据字段、核查建议,P1,ocr_55_books_deep,E:\2026\审计方法&政策文件\_ocr_output\预算\新能源发电工竣工决算编制理论与实务.pdf.md
ENGV6D-034-R02,audit_rule,generated_rule,ENGV6D-034,59,C,预算执行与财政管理 / 工程与投资审计 / 绩效评价,支出标准执行,支出标准执行一致性规则,检查支出标准执行在合同、支付、预算、绩效或业务台账之间是否一致。,项目台账；财务收支明细；合同与审批资料；支付凭证；审计发现清单；绩效指标表,字段缺失/跨表不一致/偏离阈值/重复异常/时序异常/空间不一致,命中对象、风险等级、证据字段、核查建议,P1,ocr_55_books_deep,E:\2026\审计方法&政策文件\_ocr_output\预算\新能源发电工竣工决算编制理论与实务.pdf.md
ENGV6D-034-R03,audit_rule,generated_rule,ENGV6D-034,59,C,预算执行与财政管理 / 工程与投资审计 / 绩效评价,支出标准执行,支出标准执行异常性规则,按历史均值、同类项目分位数或政策标准识别支出标准执行异常偏离。,项目台账；财务收支明细；合同与审批资料；支付凭证；审计发现清单；绩效指标表,字段缺失/跨表不一致/偏离阈值/重复异常/时序异常/空间不一致,命中对象、风险等级、证据字段、核查建议,P1,ocr_55_books_deep,E:\2026\审计方法&政策文件\_ocr_output\预算\新能源发电工竣工决算编制理论与实务.pdf.md
ENGV6D-038-R01,audit_rule,generated_rule,ENGV6D-038,59,C,预算执行与财政管理 / 工程与投资审计 / 绩效评价,支出标准执行,支出标准执行完整性规则,检查支出标准执行相关台账、凭证、审批和支付数据是否完整，缺失率超过阈值则预警。,项目台账；财务收支明细；合同与审批资料；支付凭证；审计发现清单；预算批复表,字段缺失/跨表不一致/偏离阈值/重复异常/时序异常/空间不一致,命中对象、风险等级、证据字段、核查建议,P1,ocr_55_books_deep,E:\2026\审计方法&政策文件\_ocr_output\预算\水利基本建设项目竣工财务决算编制教程.pdf.md
ENGV6D-038-R02,audit_rule,generated_rule,ENGV6D-038,59,C,预算执行与财政管理 / 工程与投资审计 / 绩效评价,支出标准执行,支出标准执行一致性规则,检查支出标准执行在合同、支付、预算、绩效或业务台账之间是否一致。,项目台账；财务收支明细；合同与审批资料；支付凭证；审计发现清单；预算批复表,字段缺失/跨表不一致/偏离阈值/重复异常/时序异常/空间不一致,命中对象、风险等级、证据字段、核查建议,P1,ocr_55_books_deep,E:\2026\审计方法&政策文件\_ocr_output\预算\水利基本建设项目竣工财务决算编制教程.pdf.md
ENGV6D-038-R03,audit_rule,generated_rule,ENGV6D-038,59,C,预算执行与财政管理 / 工程与投资审计 / 绩效评价,支出标准执行,支出标准执行异常性规则,按历史均值、同类项目分位数或政策标准识别支出标准执行异常偏离。,项目台账；财务收支明细；合同与审批资料；支付凭证；审计发现清单；预算批复表,字段缺失/跨表不一致/偏离阈值/重复异常/时序异常/空间不一致,命中对象、风险等级、证据字段、核查建议,P1,ocr_55_books_deep,E:\2026\审计方法&政策文件\_ocr_output\预算\水利基本建设项目竣工财务决算编制教程.pdf.md
ENGV6D-044-R01,audit_rule,generated_rule,ENGV6D-044,59,C,预算执行与财政管理 / 工程与投资审计 / 绩效评价,政府采购预算约束,政府采购预算约束完整性规则,检查政府采购预算约束相关台账、凭证、审批和支付数据是否完整，缺失率超过阈值则预警。,项目台账；财务收支明细；合同与审批资料；支付凭证；审计发现清单；预算批复表,字段缺失/跨表不一致/偏离阈值/重复异常/时序异常/空间不一致,命中对象、风险等级、证据字段、核查建议,P1,ocr_55_books_deep,E:\2026\审计方法&政策文件\_ocr_output\预算\水利基本建设项目竣工财务决算编制教程.pdf.md
ENGV6D-044-R02,audit_rule,generated_rule,ENGV6D-044,59,C,预算执行与财政管理 / 工程与投资审计 / 绩效评价,政府采购预算约束,政府采购预算约束一致性规则,检查政府采购预算约束在合同、支付、预算、绩效或业务台账之间是否一致。,项目台账；财务收支明细；合同与审批资料；支付凭证；审计发现清单；预算批复表,字段缺失/跨表不一致/偏离阈值/重复异常/时序异常/空间不一致,命中对象、风险等级、证据字段、核查建议,P1,ocr_55_books_deep,E:\2026\审计方法&政策文件\_ocr_output\预算\水利基本建设项目竣工财务决算编制教程.pdf.md
ENGV6D-044-R03,audit_rule,generated_rule,ENGV6D-044,59,C,预算执行与财政管理 / 工程与投资审计 / 绩效评价,政府采购预算约束,政府采购预算约束异常性规则,按历史均值、同类项目分位数或政策标准识别政府采购预算约束异常偏离。,项目台账；财务收支明细；合同与审批资料；支付凭证；审计发现清单；预算批复表,字段缺失/跨表不一致/偏离阈值/重复异常/时序异常/空间不一致,命中对象、风险等级、证据字段、核查建议,P1,ocr_55_books_deep,E:\2026\审计方法&政策文件\_ocr_output\预算\水利基本建设项目竣工财务决算编制教程.pdf.md
ENGV6D-028-R01,audit_rule,generated_rule,ENGV6D-028,59,C,预算执行与财政管理 / 工程与投资审计 / 绩效评价,新能源与“双碳”,新能源与“双碳”完整性规则,检查新能源与“双碳”相关台账、凭证、审批和支付数据是否完整，缺失率超过阈值则预警。,项目台账；财务收支明细；合同与审批资料；支付凭证；审计发现清单；绩效指标表,字段缺失/跨表不一致/偏离阈值/重复异常/时序异常/空间不一致,命中对象、风险等级、证据字段、核查建议,P1,ocr_55_books_deep,E:\2026\审计方法&政策文件\_ocr_output\预算\新能源发电工竣工决算编制理论与实务.pdf.md
ENGV6D-028-R02,audit_rule,generated_rule,ENGV6D-028,59,C,预算执行与财政管理 / 工程与投资审计 / 绩效评价,新能源与“双碳”,新能源与“双碳”一致性规则,检查新能源与“双碳”在合同、支付、预算、绩效或业务台账之间是否一致。,项目台账；财务收支明细；合同与审批资料；支付凭证；审计发现清单；绩效指标表,字段缺失/跨表不一致/偏离阈值/重复异常/时序异常/空间不一致,命中对象、风险等级、证据字段、核查建议,P1,ocr_55_books_deep,E:\2026\审计方法&政策文件\_ocr_output\预算\新能源发电工竣工决算编制理论与实务.pdf.md
ENGV6D-028-R03,audit_rule,generated_rule,ENGV6D-028,59,C,预算执行与财政管理 / 工程与投资审计 / 绩效评价,新能源与“双碳”,新能源与“双碳”异常性规则,按历史均值、同类项目分位数或政策标准识别新能源与“双碳”异常偏离。,项目台账；财务收支明细；合同与审批资料；支付凭证；审计发现清单；绩效指标表,字段缺失/跨表不一致/偏离阈值/重复异常/时序异常/空间不一致,命中对象、风险等级、证据字段、核查建议,P1,ocr_55_books_deep,E:\2026\审计方法&政策文件\_ocr_output\预算\新能源发电工竣工决算编制理论与实务.pdf.md
ENGV6D-027-R01,audit_rule,generated_rule,ENGV6D-027,59,C,预算执行与财政管理 / 工程与投资审计 / 绩效评价,新能源发电工程·,新能源发电工程·完整性规则,检查新能源发电工程·相关台账、凭证、审批和支付数据是否完整，缺失率超过阈值则预警。,项目台账；财务收支明细；合同与审批资料；支付凭证；审计发现清单；绩效指标表,字段缺失/跨表不一致/偏离阈值/重复异常/时序异常/空间不一致,命中对象、风险等级、证据字段、核查建议,P1,ocr_55_books_deep,E:\2026\审计方法&政策文件\_ocr_output\预算\新能源发电工竣工决算编制理论与实务.pdf.md
ENGV6D-027-R02,audit_rule,generated_rule,ENGV6D-027,59,C,预算执行与财政管理 / 工程与投资审计 / 绩效评价,新能源发电工程·,新能源发电工程·一致性规则,检查新能源发电工程·在合同、支付、预算、绩效或业务台账之间是否一致。,项目台账；财务收支明细；合同与审批资料；支付凭证；审计发现清单；绩效指标表,字段缺失/跨表不一致/偏离阈值/重复异常/时序异常/空间不一致,命中对象、风险等级、证据字段、核查建议,P1,ocr_55_books_deep,E:\2026\审计方法&政策文件\_ocr_output\预算\新能源发电工竣工决算编制理论与实务.pdf.md
ENGV6D-027-R03,audit_rule,generated_rule,ENGV6D-027,59,C,预算执行与财政管理 / 工程与投资审计 / 绩效评价,新能源发电工程·,新能源发电工程·异常性规则,按历史均值、同类项目分位数或政策标准识别新能源发电工程·异常偏离。,项目台账；财务收支明细；合同与审批资料；支付凭证；审计发现清单；绩效指标表,字段缺失/跨表不一致/偏离阈值/重复异常/时序异常/空间不一致,命中对象、风险等级、证据字段、核查建议,P1,ocr_55_books_deep,E:\2026\审计方法&政策文件\_ocr_output\预算\新能源发电工竣工决算编制理论与实务.pdf.md
ENGV6D-029-R01,audit_rule,generated_rule,ENGV6D-029,59,C,预算执行与财政管理 / 工程与投资审计 / 绩效评价,新能源发电工程主要资产,新能源发电工程主要资产完整性规则,检查新能源发电工程主要资产相关台账、凭证、审批和支付数据是否完整，缺失率超过阈值则预警。,项目台账；财务收支明细；合同与审批资料；支付凭证；审计发现清单；绩效指标表,字段缺失/跨表不一致/偏离阈值/重复异常/时序异常/空间不一致,命中对象、风险等级、证据字段、核查建议,P1,ocr_55_books_deep,E:\2026\审计方法&政策文件\_ocr_output\预算\新能源发电工竣工决算编制理论与实务.pdf.md
ENGV6D-029-R02,audit_rule,generated_rule,ENGV6D-029,59,C,预算执行与财政管理 / 工程与投资审计 / 绩效评价,新能源发电工程主要资产,新能源发电工程主要资产一致性规则,检查新能源发电工程主要资产在合同、支付、预算、绩效或业务台账之间是否一致。,项目台账；财务收支明细；合同与审批资料；支付凭证；审计发现清单；绩效指标表,字段缺失/跨表不一致/偏离阈值/重复异常/时序异常/空间不一致,命中对象、风险等级、证据字段、核查建议,P1,ocr_55_books_deep,E:\2026\审计方法&政策文件\_ocr_output\预算\新能源发电工竣工决算编制理论与实务.pdf.md
ENGV6D-029-R03,audit_rule,generated_rule,ENGV6D-029,59,C,预算执行与财政管理 / 工程与投资审计 / 绩效评价,新能源发电工程主要资产,新能源发电工程主要资产异常性规则,按历史均值、同类项目分位数或政策标准识别新能源发电工程主要资产异常偏离。,项目台账；财务收支明细；合同与审批资料；支付凭证；审计发现清单；绩效指标表,字段缺失/跨表不一致/偏离阈值/重复异常/时序异常/空间不一致,命中对象、风险等级、证据字段、核查建议,P1,ocr_55_books_deep,E:\2026\审计方法&政策文件\_ocr_output\预算\新能源发电工竣工决算编制理论与实务.pdf.md
ENGV6D-025-R01,audit_rule,generated_rule,ENGV6D-025,69,C,预算执行与财政管理 / 工程与投资审计 / 绩效评价,新能源发电工程建设程序,新能源发电工程建设程序完整性规则,检查新能源发电工程建设程序相关台账、凭证、审批和支付数据是否完整，缺失率超过阈值则预警。,项目台账；财务收支明细；合同与审批资料；支付凭证；审计发现清单；绩效指标表,字段缺失/跨表不一致/偏离阈值/重复异常/时序异常/空间不一致,命中对象、风险等级、证据字段、核查建议,P0,ocr_55_books_deep,E:\2026\审计方法&政策文件\_ocr_output\预算\新能源发电工竣工决算编制理论与实务.pdf.md
ENGV6D-025-R02,audit_rule,generated_rule,ENGV6D-025,69,C,预算执行与财政管理 / 工程与投资审计 / 绩效评价,新能源发电工程建设程序,新能源发电工程建设程序一致性规则,检查新能源发电工程建设程序在合同、支付、预算、绩效或业务台账之间是否一致。,项目台账；财务收支明细；合同与审批资料；支付凭证；审计发现清单；绩效指标表,字段缺失/跨表不一致/偏离阈值/重复异常/时序异常/空间不一致,命中对象、风险等级、证据字段、核查建议,P0,ocr_55_books_deep,E:\2026\审计方法&政策文件\_ocr_output\预算\新能源发电工竣工决算编制理论与实务.pdf.md
ENGV6D-025-R03,audit_rule,generated_rule,ENGV6D-025,69,C,预算执行与财政管理 / 工程与投资审计 / 绩效评价,新能源发电工程建设程序,新能源发电工程建设程序异常性规则,按历史均值、同类项目分位数或政策标准识别新能源发电工程建设程序异常偏离。,项目台账；财务收支明细；合同与审批资料；支付凭证；审计发现清单；绩效指标表,字段缺失/跨表不一致/偏离阈值/重复异常/时序异常/空间不一致,命中对象、风险等级、证据字段、核查建议,P0,ocr_55_books_deep,E:\2026\审计方法&政策文件\_ocr_output\预算\新能源发电工竣工决算编制理论与实务.pdf.md
ENGV6D-030-R01,audit_rule,generated_rule,ENGV6D-030,59,C,预算执行与财政管理 / 工程与投资审计 / 绩效评价,新能源发电工程总投资,新能源发电工程总投资完整性规则,检查新能源发电工程总投资相关台账、凭证、审批和支付数据是否完整，缺失率超过阈值则预警。,项目台账；财务收支明细；合同与审批资料；支付凭证；审计发现清单；绩效指标表,字段缺失/跨表不一致/偏离阈值/重复异常/时序异常/空间不一致,命中对象、风险等级、证据字段、核查建议,P1,ocr_55_books_deep,E:\2026\审计方法&政策文件\_ocr_output\预算\新能源发电工竣工决算编制理论与实务.pdf.md
ENGV6D-030-R02,audit_rule,generated_rule,ENGV6D-030,59,C,预算执行与财政管理 / 工程与投资审计 / 绩效评价,新能源发电工程总投资,新能源发电工程总投资一致性规则,检查新能源发电工程总投资在合同、支付、预算、绩效或业务台账之间是否一致。,项目台账；财务收支明细；合同与审批资料；支付凭证；审计发现清单；绩效指标表,字段缺失/跨表不一致/偏离阈值/重复异常/时序异常/空间不一致,命中对象、风险等级、证据字段、核查建议,P1,ocr_55_books_deep,E:\2026\审计方法&政策文件\_ocr_output\预算\新能源发电工竣工决算编制理论与实务.pdf.md
ENGV6D-030-R03,audit_rule,generated_rule,ENGV6D-030,59,C,预算执行与财政管理 / 工程与投资审计 / 绩效评价,新能源发电工程总投资,新能源发电工程总投资异常性规则,按历史均值、同类项目分位数或政策标准识别新能源发电工程总投资异常偏离。,项目台账；财务收支明细；合同与审批资料；支付凭证；审计发现清单；绩效指标表,字段缺失/跨表不一致/偏离阈值/重复异常/时序异常/空间不一致,命中对象、风险等级、证据字段、核查建议,P1,ocr_55_books_deep,E:\2026\审计方法&政策文件\_ocr_output\预算\新能源发电工竣工决算编制理论与实务.pdf.md
ENGV6D-026-R01,audit_rule,generated_rule,ENGV6D-026,59,C,预算执行与财政管理 / 工程与投资审计 / 绩效评价,新能源发电工程概况,新能源发电工程概况完整性规则,检查新能源发电工程概况相关台账、凭证、审批和支付数据是否完整，缺失率超过阈值则预警。,项目台账；财务收支明细；合同与审批资料；支付凭证；审计发现清单；绩效指标表,字段缺失/跨表不一致/偏离阈值/重复异常/时序异常/空间不一致,命中对象、风险等级、证据字段、核查建议,P1,ocr_55_books_deep,E:\2026\审计方法&政策文件\_ocr_output\预算\新能源发电工竣工决算编制理论与实务.pdf.md
ENGV6D-026-R02,audit_rule,generated_rule,ENGV6D-026,59,C,预算执行与财政管理 / 工程与投资审计 / 绩效评价,新能源发电工程概况,新能源发电工程概况一致性规则,检查新能源发电工程概况在合同、支付、预算、绩效或业务台账之间是否一致。,项目台账；财务收支明细；合同与审批资料；支付凭证；审计发现清单；绩效指标表,字段缺失/跨表不一致/偏离阈值/重复异常/时序异常/空间不一致,命中对象、风险等级、证据字段、核查建议,P1,ocr_55_books_deep,E:\2026\审计方法&政策文件\_ocr_output\预算\新能源发电工竣工决算编制理论与实务.pdf.md
ENGV6D-026-R03,audit_rule,generated_rule,ENGV6D-026,59,C,预算执行与财政管理 / 工程与投资审计 / 绩效评价,新能源发电工程概况,新能源发电工程概况异常性规则,按历史均值、同类项目分位数或政策标准识别新能源发电工程概况异常偏离。,项目台账；财务收支明细；合同与审批资料；支付凭证；审计发现清单；绩效指标表,字段缺失/跨表不一致/偏离阈值/重复异常/时序异常/空间不一致,命中对象、风险等级、证据字段、核查建议,P1,ocr_55_books_deep,E:\2026\审计方法&政策文件\_ocr_output\预算\新能源发电工竣工决算编制理论与实务.pdf.md
ENGV6D-024-R01,audit_rule,generated_rule,ENGV6D-024,59,C,预算执行与财政管理 / 工程与投资审计 / 绩效评价,财政资金支付进度,财政资金支付进度完整性规则,检查财政资金支付进度相关台账、凭证、审批和支付数据是否完整，缺失率超过阈值则预警。,项目台账；财务收支明细；合同与审批资料；支付凭证；审计发现清单；绩效指标表,字段缺失/跨表不一致/偏离阈值/重复异常/时序异常/空间不一致,命中对象、风险等级、证据字段、核查建议,P1,ocr_55_books_deep,E:\2026\审计方法&政策文件\_ocr_output\预算\发电基本建设项目竣工财务决算编制实务.pdf.md
ENGV6D-024-R02,audit_rule,generated_rule,ENGV6D-024,59,C,预算执行与财政管理 / 工程与投资审计 / 绩效评价,财政资金支付进度,财政资金支付进度一致性规则,检查财政资金支付进度在合同、支付、预算、绩效或业务台账之间是否一致。,项目台账；财务收支明细；合同与审批资料；支付凭证；审计发现清单；绩效指标表,字段缺失/跨表不一致/偏离阈值/重复异常/时序异常/空间不一致,命中对象、风险等级、证据字段、核查建议,P1,ocr_55_books_deep,E:\2026\审计方法&政策文件\_ocr_output\预算\发电基本建设项目竣工财务决算编制实务.pdf.md
ENGV6D-024-R03,audit_rule,generated_rule,ENGV6D-024,59,C,预算执行与财政管理 / 工程与投资审计 / 绩效评价,财政资金支付进度,财政资金支付进度异常性规则,按历史均值、同类项目分位数或政策标准识别财政资金支付进度异常偏离。,项目台账；财务收支明细；合同与审批资料；支付凭证；审计发现清单；绩效指标表,字段缺失/跨表不一致/偏离阈值/重复异常/时序异常/空间不一致,命中对象、风险等级、证据字段、核查建议,P1,ocr_55_books_deep,E:\2026\审计方法&政策文件\_ocr_output\预算\发电基本建设项目竣工财务决算编制实务.pdf.md
ENGV6D-040-R01,audit_rule,generated_rule,ENGV6D-040,59,C,预算执行与财政管理 / 工程与投资审计 / 绩效评价,财政资金支付进度,财政资金支付进度完整性规则,检查财政资金支付进度相关台账、凭证、审批和支付数据是否完整，缺失率超过阈值则预警。,项目台账；财务收支明细；合同与审批资料；支付凭证；审计发现清单；预算批复表,字段缺失/跨表不一致/偏离阈值/重复异常/时序异常/空间不一致,命中对象、风险等级、证据字段、核查建议,P1,ocr_55_books_deep,E:\2026\审计方法&政策文件\_ocr_output\预算\水利基本建设项目竣工财务决算编制教程.pdf.md
ENGV6D-040-R02,audit_rule,generated_rule,ENGV6D-040,59,C,预算执行与财政管理 / 工程与投资审计 / 绩效评价,财政资金支付进度,财政资金支付进度一致性规则,检查财政资金支付进度在合同、支付、预算、绩效或业务台账之间是否一致。,项目台账；财务收支明细；合同与审批资料；支付凭证；审计发现清单；预算批复表,字段缺失/跨表不一致/偏离阈值/重复异常/时序异常/空间不一致,命中对象、风险等级、证据字段、核查建议,P1,ocr_55_books_deep,E:\2026\审计方法&政策文件\_ocr_output\预算\水利基本建设项目竣工财务决算编制教程.pdf.md
ENGV6D-040-R03,audit_rule,generated_rule,ENGV6D-040,59,C,预算执行与财政管理 / 工程与投资审计 / 绩效评价,财政资金支付进度,财政资金支付进度异常性规则,按历史均值、同类项目分位数或政策标准识别财政资金支付进度异常偏离。,项目台账；财务收支明细；合同与审批资料；支付凭证；审计发现清单；预算批复表,字段缺失/跨表不一致/偏离阈值/重复异常/时序异常/空间不一致,命中对象、风险等级、证据字段、核查建议,P1,ocr_55_books_deep,E:\2026\审计方法&政策文件\_ocr_output\预算\水利基本建设项目竣工财务决算编制教程.pdf.md
ENGV6D-023-R01,audit_rule,generated_rule,ENGV6D-023,59,C,预算执行与财政管理 / 工程与投资审计 / 绩效评价,项目库重复申报,项目库重复申报完整性规则,检查项目库重复申报相关台账、凭证、审批和支付数据是否完整，缺失率超过阈值则预警。,项目台账；财务收支明细；合同与审批资料；支付凭证；审计发现清单；绩效指标表,字段缺失/跨表不一致/偏离阈值/重复异常/时序异常/空间不一致,命中对象、风险等级、证据字段、核查建议,P1,ocr_55_books_deep,E:\2026\审计方法&政策文件\_ocr_output\预算\发电基本建设项目竣工财务决算编制实务.pdf.md
ENGV6D-023-R02,audit_rule,generated_rule,ENGV6D-023,59,C,预算执行与财政管理 / 工程与投资审计 / 绩效评价,项目库重复申报,项目库重复申报一致性规则,检查项目库重复申报在合同、支付、预算、绩效或业务台账之间是否一致。,项目台账；财务收支明细；合同与审批资料；支付凭证；审计发现清单；绩效指标表,字段缺失/跨表不一致/偏离阈值/重复异常/时序异常/空间不一致,命中对象、风险等级、证据字段、核查建议,P1,ocr_55_books_deep,E:\2026\审计方法&政策文件\_ocr_output\预算\发电基本建设项目竣工财务决算编制实务.pdf.md
ENGV6D-023-R03,audit_rule,generated_rule,ENGV6D-023,59,C,预算执行与财政管理 / 工程与投资审计 / 绩效评价,项目库重复申报,项目库重复申报异常性规则,按历史均值、同类项目分位数或政策标准识别项目库重复申报异常偏离。,项目台账；财务收支明细；合同与审批资料；支付凭证；审计发现清单；绩效指标表,字段缺失/跨表不一致/偏离阈值/重复异常/时序异常/空间不一致,命中对象、风险等级、证据字段、核查建议,P1,ocr_55_books_deep,E:\2026\审计方法&政策文件\_ocr_output\预算\发电基本建设项目竣工财务决算编制实务.pdf.md
ENGV6D-039-R01,audit_rule,generated_rule,ENGV6D-039,59,C,预算执行与财政管理 / 工程与投资审计 / 绩效评价,项目库重复申报,项目库重复申报完整性规则,检查项目库重复申报相关台账、凭证、审批和支付数据是否完整，缺失率超过阈值则预警。,项目台账；财务收支明细；合同与审批资料；支付凭证；审计发现清单；预算批复表,字段缺失/跨表不一致/偏离阈值/重复异常/时序异常/空间不一致,命中对象、风险等级、证据字段、核查建议,P1,ocr_55_books_deep,E:\2026\审计方法&政策文件\_ocr_output\预算\水利基本建设项目竣工财务决算编制教程.pdf.md
ENGV6D-039-R02,audit_rule,generated_rule,ENGV6D-039,59,C,预算执行与财政管理 / 工程与投资审计 / 绩效评价,项目库重复申报,项目库重复申报一致性规则,检查项目库重复申报在合同、支付、预算、绩效或业务台账之间是否一致。,项目台账；财务收支明细；合同与审批资料；支付凭证；审计发现清单；预算批复表,字段缺失/跨表不一致/偏离阈值/重复异常/时序异常/空间不一致,命中对象、风险等级、证据字段、核查建议,P1,ocr_55_books_deep,E:\2026\审计方法&政策文件\_ocr_output\预算\水利基本建设项目竣工财务决算编制教程.pdf.md
ENGV6D-039-R03,audit_rule,generated_rule,ENGV6D-039,59,C,预算执行与财政管理 / 工程与投资审计 / 绩效评价,项目库重复申报,项目库重复申报异常性规则,按历史均值、同类项目分位数或政策标准识别项目库重复申报异常偏离。,项目台账；财务收支明细；合同与审批资料；支付凭证；审计发现清单；预算批复表,字段缺失/跨表不一致/偏离阈值/重复异常/时序异常/空间不一致,命中对象、风险等级、证据字段、核查建议,P1,ocr_55_books_deep,E:\2026\审计方法&政策文件\_ocr_output\预算\水利基本建设项目竣工财务决算编制教程.pdf.md
ENGV6D-019-R01,audit_rule,generated_rule,ENGV6D-019,69,C,预算执行与财政管理 / 工程与投资审计 / 绩效评价,预算执行偏离,预算执行偏离完整性规则,检查预算执行偏离相关台账、凭证、审批和支付数据是否完整，缺失率超过阈值则预警。,项目台账；财务收支明细；合同与审批资料；支付凭证；审计发现清单；预算批复表,字段缺失/跨表不一致/偏离阈值/重复异常/时序异常/空间不一致,命中对象、风险等级、证据字段、核查建议,P0,ocr_55_books_deep,E:\2026\审计方法&政策文件\_ocr_output\预算\发电基本建设项目竣工财务决算编制实务.pdf.md
ENGV6D-019-R02,audit_rule,generated_rule,ENGV6D-019,69,C,预算执行与财政管理 / 工程与投资审计 / 绩效评价,预算执行偏离,预算执行偏离一致性规则,检查预算执行偏离在合同、支付、预算、绩效或业务台账之间是否一致。,项目台账；财务收支明细；合同与审批资料；支付凭证；审计发现清单；预算批复表,字段缺失/跨表不一致/偏离阈值/重复异常/时序异常/空间不一致,命中对象、风险等级、证据字段、核查建议,P0,ocr_55_books_deep,E:\2026\审计方法&政策文件\_ocr_output\预算\发电基本建设项目竣工财务决算编制实务.pdf.md
ENGV6D-019-R03,audit_rule,generated_rule,ENGV6D-019,69,C,预算执行与财政管理 / 工程与投资审计 / 绩效评价,预算执行偏离,预算执行偏离异常性规则,按历史均值、同类项目分位数或政策标准识别预算执行偏离异常偏离。,项目台账；财务收支明细；合同与审批资料；支付凭证；审计发现清单；预算批复表,字段缺失/跨表不一致/偏离阈值/重复异常/时序异常/空间不一致,命中对象、风险等级、证据字段、核查建议,P0,ocr_55_books_deep,E:\2026\审计方法&政策文件\_ocr_output\预算\发电基本建设项目竣工财务决算编制实务.pdf.md
ENGV6D-035-R01,audit_rule,generated_rule,ENGV6D-035,69,C,预算执行与财政管理 / 工程与投资审计 / 绩效评价,预算执行偏离,预算执行偏离完整性规则,检查预算执行偏离相关台账、凭证、审批和支付数据是否完整，缺失率超过阈值则预警。,项目台账；财务收支明细；合同与审批资料；支付凭证；审计发现清单；预算批复表,字段缺失/跨表不一致/偏离阈值/重复异常/时序异常/空间不一致,命中对象、风险等级、证据字段、核查建议,P0,ocr_55_books_deep,E:\2026\审计方法&政策文件\_ocr_output\预算\水利基本建设项目竣工财务决算编制教程.pdf.md
ENGV6D-035-R02,audit_rule,generated_rule,ENGV6D-035,69,C,预算执行与财政管理 / 工程与投资审计 / 绩效评价,预算执行偏离,预算执行偏离一致性规则,检查预算执行偏离在合同、支付、预算、绩效或业务台账之间是否一致。,项目台账；财务收支明细；合同与审批资料；支付凭证；审计发现清单；预算批复表,字段缺失/跨表不一致/偏离阈值/重复异常/时序异常/空间不一致,命中对象、风险等级、证据字段、核查建议,P0,ocr_55_books_deep,E:\2026\审计方法&政策文件\_ocr_output\预算\水利基本建设项目竣工财务决算编制教程.pdf.md
ENGV6D-035-R03,audit_rule,generated_rule,ENGV6D-035,69,C,预算执行与财政管理 / 工程与投资审计 / 绩效评价,预算执行偏离,预算执行偏离异常性规则,按历史均值、同类项目分位数或政策标准识别预算执行偏离异常偏离。,项目台账；财务收支明细；合同与审批资料；支付凭证；审计发现清单；预算批复表,字段缺失/跨表不一致/偏离阈值/重复异常/时序异常/空间不一致,命中对象、风险等级、证据字段、核查建议,P0,ocr_55_books_deep,E:\2026\审计方法&政策文件\_ocr_output\预算\水利基本建设项目竣工财务决算编制教程.pdf.md
ENGV6D-031-R01,audit_rule,generated_rule,ENGV6D-031,59,C,预算执行与财政管理 / 工程与投资审计 / 绩效评价,预算执行偏离,预算执行偏离完整性规则,检查预算执行偏离相关台账、凭证、审批和支付数据是否完整，缺失率超过阈值则预警。,项目台账；财务收支明细；合同与审批资料；支付凭证；审计发现清单；预算批复表,字段缺失/跨表不一致/偏离阈值/重复异常/时序异常/空间不一致,命中对象、风险等级、证据字段、核查建议,P1,ocr_55_books_deep,E:\2026\审计方法&政策文件\_ocr_output\预算\新能源发电工竣工决算编制理论与实务.pdf.md
ENGV6D-031-R02,audit_rule,generated_rule,ENGV6D-031,59,C,预算执行与财政管理 / 工程与投资审计 / 绩效评价,预算执行偏离,预算执行偏离一致性规则,检查预算执行偏离在合同、支付、预算、绩效或业务台账之间是否一致。,项目台账；财务收支明细；合同与审批资料；支付凭证；审计发现清单；预算批复表,字段缺失/跨表不一致/偏离阈值/重复异常/时序异常/空间不一致,命中对象、风险等级、证据字段、核查建议,P1,ocr_55_books_deep,E:\2026\审计方法&政策文件\_ocr_output\预算\新能源发电工竣工决算编制理论与实务.pdf.md
ENGV6D-031-R03,audit_rule,generated_rule,ENGV6D-031,59,C,预算执行与财政管理 / 工程与投资审计 / 绩效评价,预算执行偏离,预算执行偏离异常性规则,按历史均值、同类项目分位数或政策标准识别预算执行偏离异常偏离。,项目台账；财务收支明细；合同与审批资料；支付凭证；审计发现清单；预算批复表,字段缺失/跨表不一致/偏离阈值/重复异常/时序异常/空间不一致,命中对象、风险等级、证据字段、核查建议,P1,ocr_55_books_deep,E:\2026\审计方法&政策文件\_ocr_output\预算\新能源发电工竣工决算编制理论与实务.pdf.md
ENGV6D-020-R01,audit_rule,generated_rule,ENGV6D-020,59,C,预算执行与财政管理 / 工程与投资审计 / 绩效评价,预算编制科学性,预算编制科学性完整性规则,检查预算编制科学性相关台账、凭证、审批和支付数据是否完整，缺失率超过阈值则预警。,项目台账；财务收支明细；合同与审批资料；支付凭证；审计发现清单；预算批复表,字段缺失/跨表不一致/偏离阈值/重复异常/时序异常/空间不一致,命中对象、风险等级、证据字段、核查建议,P1,ocr_55_books_deep,E:\2026\审计方法&政策文件\_ocr_output\预算\发电基本建设项目竣工财务决算编制实务.pdf.md
ENGV6D-020-R02,audit_rule,generated_rule,ENGV6D-020,59,C,预算执行与财政管理 / 工程与投资审计 / 绩效评价,预算编制科学性,预算编制科学性一致性规则,检查预算编制科学性在合同、支付、预算、绩效或业务台账之间是否一致。,项目台账；财务收支明细；合同与审批资料；支付凭证；审计发现清单；预算批复表,字段缺失/跨表不一致/偏离阈值/重复异常/时序异常/空间不一致,命中对象、风险等级、证据字段、核查建议,P1,ocr_55_books_deep,E:\2026\审计方法&政策文件\_ocr_output\预算\发电基本建设项目竣工财务决算编制实务.pdf.md
ENGV6D-020-R03,audit_rule,generated_rule,ENGV6D-020,59,C,预算执行与财政管理 / 工程与投资审计 / 绩效评价,预算编制科学性,预算编制科学性异常性规则,按历史均值、同类项目分位数或政策标准识别预算编制科学性异常偏离。,项目台账；财务收支明细；合同与审批资料；支付凭证；审计发现清单；预算批复表,字段缺失/跨表不一致/偏离阈值/重复异常/时序异常/空间不一致,命中对象、风险等级、证据字段、核查建议,P1,ocr_55_books_deep,E:\2026\审计方法&政策文件\_ocr_output\预算\发电基本建设项目竣工财务决算编制实务.pdf.md
ENGV6D-032-R01,audit_rule,generated_rule,ENGV6D-032,59,C,预算执行与财政管理 / 工程与投资审计 / 绩效评价,预算编制科学性,预算编制科学性完整性规则,检查预算编制科学性相关台账、凭证、审批和支付数据是否完整，缺失率超过阈值则预警。,项目台账；财务收支明细；合同与审批资料；支付凭证；审计发现清单；预算批复表,字段缺失/跨表不一致/偏离阈值/重复异常/时序异常/空间不一致,命中对象、风险等级、证据字段、核查建议,P1,ocr_55_books_deep,E:\2026\审计方法&政策文件\_ocr_output\预算\新能源发电工竣工决算编制理论与实务.pdf.md
ENGV6D-032-R02,audit_rule,generated_rule,ENGV6D-032,59,C,预算执行与财政管理 / 工程与投资审计 / 绩效评价,预算编制科学性,预算编制科学性一致性规则,检查预算编制科学性在合同、支付、预算、绩效或业务台账之间是否一致。,项目台账；财务收支明细；合同与审批资料；支付凭证；审计发现清单；预算批复表,字段缺失/跨表不一致/偏离阈值/重复异常/时序异常/空间不一致,命中对象、风险等级、证据字段、核查建议,P1,ocr_55_books_deep,E:\2026\审计方法&政策文件\_ocr_output\预算\新能源发电工竣工决算编制理论与实务.pdf.md
ENGV6D-032-R03,audit_rule,generated_rule,ENGV6D-032,59,C,预算执行与财政管理 / 工程与投资审计 / 绩效评价,预算编制科学性,预算编制科学性异常性规则,按历史均值、同类项目分位数或政策标准识别预算编制科学性异常偏离。,项目台账；财务收支明细；合同与审批资料；支付凭证；审计发现清单；预算批复表,字段缺失/跨表不一致/偏离阈值/重复异常/时序异常/空间不一致,命中对象、风险等级、证据字段、核查建议,P1,ocr_55_books_deep,E:\2026\审计方法&政策文件\_ocr_output\预算\新能源发电工竣工决算编制理论与实务.pdf.md
ENGV6D-036-R01,audit_rule,generated_rule,ENGV6D-036,59,C,预算执行与财政管理 / 工程与投资审计 / 绩效评价,预算编制科学性,预算编制科学性完整性规则,检查预算编制科学性相关台账、凭证、审批和支付数据是否完整，缺失率超过阈值则预警。,项目台账；财务收支明细；合同与审批资料；支付凭证；审计发现清单；预算批复表,字段缺失/跨表不一致/偏离阈值/重复异常/时序异常/空间不一致,命中对象、风险等级、证据字段、核查建议,P1,ocr_55_books_deep,E:\2026\审计方法&政策文件\_ocr_output\预算\水利基本建设项目竣工财务决算编制教程.pdf.md
ENGV6D-036-R02,audit_rule,generated_rule,ENGV6D-036,59,C,预算执行与财政管理 / 工程与投资审计 / 绩效评价,预算编制科学性,预算编制科学性一致性规则,检查预算编制科学性在合同、支付、预算、绩效或业务台账之间是否一致。,项目台账；财务收支明细；合同与审批资料；支付凭证；审计发现清单；预算批复表,字段缺失/跨表不一致/偏离阈值/重复异常/时序异常/空间不一致,命中对象、风险等级、证据字段、核查建议,P1,ocr_55_books_deep,E:\2026\审计方法&政策文件\_ocr_output\预算\水利基本建设项目竣工财务决算编制教程.pdf.md
ENGV6D-036-R03,audit_rule,generated_rule,ENGV6D-036,59,C,预算执行与财政管理 / 工程与投资审计 / 绩效评价,预算编制科学性,预算编制科学性异常性规则,按历史均值、同类项目分位数或政策标准识别预算编制科学性异常偏离。,项目台账；财务收支明细；合同与审批资料；支付凭证；审计发现清单；预算批复表,字段缺失/跨表不一致/偏离阈值/重复异常/时序异常/空间不一致,命中对象、风险等级、证据字段、核查建议,P1,ocr_55_books_deep,E:\2026\审计方法&政策文件\_ocr_output\预算\水利基本建设项目竣工财务决算编制教程.pdf.md
PERFV6D-096-R01,audit_rule,generated_rule,PERFV6D-096,59,C,预算执行与财政管理 / 绩效评价 / 财政与政府债务,1预算绩效管理若干基本概念辨析,1预算绩效管理若干基本概念辨析完整性规则,检查1预算绩效管理若干基本概念辨析相关台账、凭证、审批和支付数据是否完整，缺失率超过阈值则预警。,项目台账；财务收支明细；合同与审批资料；支付凭证；审计发现清单；预算批复表,字段缺失/跨表不一致/偏离阈值/重复异常/时序异常/空间不一致,命中对象、风险等级、证据字段、核查建议,P1,ocr_55_books_deep,E:\2026\审计方法&政策文件\_ocr_output\预算\建立全过程预算绩效管理体系.pdf.md
PERFV6D-096-R02,audit_rule,generated_rule,PERFV6D-096,59,C,预算执行与财政管理 / 绩效评价 / 财政与政府债务,1预算绩效管理若干基本概念辨析,1预算绩效管理若干基本概念辨析一致性规则,检查1预算绩效管理若干基本概念辨析在合同、支付、预算、绩效或业务台账之间是否一致。,项目台账；财务收支明细；合同与审批资料；支付凭证；审计发现清单；预算批复表,字段缺失/跨表不一致/偏离阈值/重复异常/时序异常/空间不一致,命中对象、风险等级、证据字段、核查建议,P1,ocr_55_books_deep,E:\2026\审计方法&政策文件\_ocr_output\预算\建立全过程预算绩效管理体系.pdf.md
PERFV6D-096-R03,audit_rule,generated_rule,PERFV6D-096,59,C,预算执行与财政管理 / 绩效评价 / 财政与政府债务,1预算绩效管理若干基本概念辨析,1预算绩效管理若干基本概念辨析异常性规则,按历史均值、同类项目分位数或政策标准识别1预算绩效管理若干基本概念辨析异常偏离。,项目台账；财务收支明细；合同与审批资料；支付凭证；审计发现清单；预算批复表,字段缺失/跨表不一致/偏离阈值/重复异常/时序异常/空间不一致,命中对象、风险等级、证据字段、核查建议,P1,ocr_55_books_deep,E:\2026\审计方法&政策文件\_ocr_output\预算\建立全过程预算绩效管理体系.pdf.md
PERFV6D-097-R01,audit_rule,generated_rule,PERFV6D-097,59,C,预算执行与财政管理 / 绩效评价 / 财政与政府债务,2预算绩效管理模式及应用,2预算绩效管理模式及应用完整性规则,检查2预算绩效管理模式及应用相关台账、凭证、审批和支付数据是否完整，缺失率超过阈值则预警。,项目台账；财务收支明细；合同与审批资料；支付凭证；审计发现清单；预算批复表,字段缺失/跨表不一致/偏离阈值/重复异常/时序异常/空间不一致,命中对象、风险等级、证据字段、核查建议,P1,ocr_55_books_deep,E:\2026\审计方法&政策文件\_ocr_output\预算\建立全过程预算绩效管理体系.pdf.md
PERFV6D-097-R02,audit_rule,generated_rule,PERFV6D-097,59,C,预算执行与财政管理 / 绩效评价 / 财政与政府债务,2预算绩效管理模式及应用,2预算绩效管理模式及应用一致性规则,检查2预算绩效管理模式及应用在合同、支付、预算、绩效或业务台账之间是否一致。,项目台账；财务收支明细；合同与审批资料；支付凭证；审计发现清单；预算批复表,字段缺失/跨表不一致/偏离阈值/重复异常/时序异常/空间不一致,命中对象、风险等级、证据字段、核查建议,P1,ocr_55_books_deep,E:\2026\审计方法&政策文件\_ocr_output\预算\建立全过程预算绩效管理体系.pdf.md
PERFV6D-097-R03,audit_rule,generated_rule,PERFV6D-097,59,C,预算执行与财政管理 / 绩效评价 / 财政与政府债务,2预算绩效管理模式及应用,2预算绩效管理模式及应用异常性规则,按历史均值、同类项目分位数或政策标准识别2预算绩效管理模式及应用异常偏离。,项目台账；财务收支明细；合同与审批资料；支付凭证；审计发现清单；预算批复表,字段缺失/跨表不一致/偏离阈值/重复异常/时序异常/空间不一致,命中对象、风险等级、证据字段、核查建议,P1,ocr_55_books_deep,E:\2026\审计方法&政策文件\_ocr_output\预算\建立全过程预算绩效管理体系.pdf.md
PERFV6D-118-R01,audit_rule,generated_rule,PERFV6D-118,59,C,预算执行与财政管理 / 绩效评价 / 财政与政府债务,2预算项目政策绩效评价目的,2预算项目政策绩效评价目的完整性规则,检查2预算项目政策绩效评价目的相关台账、凭证、审批和支付数据是否完整，缺失率超过阈值则预警。,项目台账；财务收支明细；合同与审批资料；支付凭证；审计发现清单；预算批复表,字段缺失/跨表不一致/偏离阈值/重复异常/时序异常/空间不一致,命中对象、风险等级、证据字段、核查建议,P1,ocr_55_books_deep,E:\2026\审计方法&政策文件\_ocr_output\预算\预算项目政策绩效评价研究.pdf.md
PERFV6D-118-R02,audit_rule,generated_rule,PERFV6D-118,59,C,预算执行与财政管理 / 绩效评价 / 财政与政府债务,2预算项目政策绩效评价目的,2预算项目政策绩效评价目的一致性规则,检查2预算项目政策绩效评价目的在合同、支付、预算、绩效或业务台账之间是否一致。,项目台账；财务收支明细；合同与审批资料；支付凭证；审计发现清单；预算批复表,字段缺失/跨表不一致/偏离阈值/重复异常/时序异常/空间不一致,命中对象、风险等级、证据字段、核查建议,P1,ocr_55_books_deep,E:\2026\审计方法&政策文件\_ocr_output\预算\预算项目政策绩效评价研究.pdf.md
PERFV6D-118-R03,audit_rule,generated_rule,PERFV6D-118,59,C,预算执行与财政管理 / 绩效评价 / 财政与政府债务,2预算项目政策绩效评价目的,2预算项目政策绩效评价目的异常性规则,按历史均值、同类项目分位数或政策标准识别2预算项目政策绩效评价目的异常偏离。,项目台账；财务收支明细；合同与审批资料；支付凭证；审计发现清单；预算批复表,字段缺失/跨表不一致/偏离阈值/重复异常/时序异常/空间不一致,命中对象、风险等级、证据字段、核查建议,P1,ocr_55_books_deep,E:\2026\审计方法&政策文件\_ocr_output\预算\预算项目政策绩效评价研究.pdf.md
PERFV6D-116-R01,audit_rule,generated_rule,PERFV6D-116,59,C,预算执行与财政管理 / 绩效评价 / 财政与政府债务,2预算项目绩效评价模式的国际比较,2预算项目绩效评价模式的国际比较完整性规则,检查2预算项目绩效评价模式的国际比较相关台账、凭证、审批和支付数据是否完整，缺失率超过阈值则预警。,项目台账；财务收支明细；合同与审批资料；支付凭证；审计发现清单；预算批复表,字段缺失/跨表不一致/偏离阈值/重复异常/时序异常/空间不一致,命中对象、风险等级、证据字段、核查建议,P1,ocr_55_books_deep,E:\2026\审计方法&政策文件\_ocr_output\预算\预算项目政策绩效评价研究.pdf.md
PERFV6D-116-R02,audit_rule,generated_rule,PERFV6D-116,59,C,预算执行与财政管理 / 绩效评价 / 财政与政府债务,2预算项目绩效评价模式的国际比较,2预算项目绩效评价模式的国际比较一致性规则,检查2预算项目绩效评价模式的国际比较在合同、支付、预算、绩效或业务台账之间是否一致。,项目台账；财务收支明细；合同与审批资料；支付凭证；审计发现清单；预算批复表,字段缺失/跨表不一致/偏离阈值/重复异常/时序异常/空间不一致,命中对象、风险等级、证据字段、核查建议,P1,ocr_55_books_deep,E:\2026\审计方法&政策文件\_ocr_output\预算\预算项目政策绩效评价研究.pdf.md
PERFV6D-116-R03,audit_rule,generated_rule,PERFV6D-116,59,C,预算执行与财政管理 / 绩效评价 / 财政与政府债务,2预算项目绩效评价模式的国际比较,2预算项目绩效评价模式的国际比较异常性规则,按历史均值、同类项目分位数或政策标准识别2预算项目绩效评价模式的国际比较异常偏离。,项目台账；财务收支明细；合同与审批资料；支付凭证；审计发现清单；预算批复表,字段缺失/跨表不一致/偏离阈值/重复异常/时序异常/空间不一致,命中对象、风险等级、证据字段、核查建议,P1,ocr_55_books_deep,E:\2026\审计方法&政策文件\_ocr_output\预算\预算项目政策绩效评价研究.pdf.md
PERFV6D-098-R01,audit_rule,generated_rule,PERFV6D-098,59,C,预算执行与财政管理 / 绩效评价 / 财政与政府债务,3多维视角下的政府预算绩效管理比较,3多维视角下的政府预算绩效管理比较完整性规则,检查3多维视角下的政府预算绩效管理比较相关台账、凭证、审批和支付数据是否完整，缺失率超过阈值则预警。,项目台账；财务收支明细；合同与审批资料；支付凭证；审计发现清单；预算批复表,字段缺失/跨表不一致/偏离阈值/重复异常/时序异常/空间不一致,命中对象、风险等级、证据字段、核查建议,P1,ocr_55_books_deep,E:\2026\审计方法&政策文件\_ocr_output\预算\建立全过程预算绩效管理体系.pdf.md
PERFV6D-098-R02,audit_rule,generated_rule,PERFV6D-098,59,C,预算执行与财政管理 / 绩效评价 / 财政与政府债务,3多维视角下的政府预算绩效管理比较,3多维视角下的政府预算绩效管理比较一致性规则,检查3多维视角下的政府预算绩效管理比较在合同、支付、预算、绩效或业务台账之间是否一致。,项目台账；财务收支明细；合同与审批资料；支付凭证；审计发现清单；预算批复表,字段缺失/跨表不一致/偏离阈值/重复异常/时序异常/空间不一致,命中对象、风险等级、证据字段、核查建议,P1,ocr_55_books_deep,E:\2026\审计方法&政策文件\_ocr_output\预算\建立全过程预算绩效管理体系.pdf.md
PERFV6D-098-R03,audit_rule,generated_rule,PERFV6D-098,59,C,预算执行与财政管理 / 绩效评价 / 财政与政府债务,3多维视角下的政府预算绩效管理比较,3多维视角下的政府预算绩效管理比较异常性规则,按历史均值、同类项目分位数或政策标准识别3多维视角下的政府预算绩效管理比较异常偏离。,项目台账；财务收支明细；合同与审批资料；支付凭证；审计发现清单；预算批复表,字段缺失/跨表不一致/偏离阈值/重复异常/时序异常/空间不一致,命中对象、风险等级、证据字段、核查建议,P1,ocr_55_books_deep,E:\2026\审计方法&政策文件\_ocr_output\预算\建立全过程预算绩效管理体系.pdf.md
PERFV6D-095-R01,audit_rule,generated_rule,PERFV6D-095,59,C,预算执行与财政管理 / 绩效评价 / 财政与政府债务,3我国政府预算绩效管理改革的方向与重点,3我国政府预算绩效管理改革的方向与重点完整性规则,检查3我国政府预算绩效管理改革的方向与重点相关台账、凭证、审批和支付数据是否完整，缺失率超过阈值则预警。,项目台账；财务收支明细；合同与审批资料；支付凭证；审计发现清单；预算批复表,字段缺失/跨表不一致/偏离阈值/重复异常/时序异常/空间不一致,命中对象、风险等级、证据字段、核查建议,P1,ocr_55_books_deep,E:\2026\审计方法&政策文件\_ocr_output\预算\建立全过程预算绩效管理体系.pdf.md
PERFV6D-095-R02,audit_rule,generated_rule,PERFV6D-095,59,C,预算执行与财政管理 / 绩效评价 / 财政与政府债务,3我国政府预算绩效管理改革的方向与重点,3我国政府预算绩效管理改革的方向与重点一致性规则,检查3我国政府预算绩效管理改革的方向与重点在合同、支付、预算、绩效或业务台账之间是否一致。,项目台账；财务收支明细；合同与审批资料；支付凭证；审计发现清单；预算批复表,字段缺失/跨表不一致/偏离阈值/重复异常/时序异常/空间不一致,命中对象、风险等级、证据字段、核查建议,P1,ocr_55_books_deep,E:\2026\审计方法&政策文件\_ocr_output\预算\建立全过程预算绩效管理体系.pdf.md
PERFV6D-095-R03,audit_rule,generated_rule,PERFV6D-095,59,C,预算执行与财政管理 / 绩效评价 / 财政与政府债务,3我国政府预算绩效管理改革的方向与重点,3我国政府预算绩效管理改革的方向与重点异常性规则,按历史均值、同类项目分位数或政策标准识别3我国政府预算绩效管理改革的方向与重点异常偏离。,项目台账；财务收支明细；合同与审批资料；支付凭证；审计发现清单；预算批复表,字段缺失/跨表不一致/偏离阈值/重复异常/时序异常/空间不一致,命中对象、风险等级、证据字段、核查建议,P1,ocr_55_books_deep,E:\2026\审计方法&政策文件\_ocr_output\预算\建立全过程预算绩效管理体系.pdf.md
PERFV6D-119-R01,audit_rule,generated_rule,PERFV6D-119,59,C,预算执行与财政管理 / 绩效评价 / 财政与政府债务,3预算项目政策绩效评价基本原则,3预算项目政策绩效评价基本原则完整性规则,检查3预算项目政策绩效评价基本原则相关台账、凭证、审批和支付数据是否完整，缺失率超过阈值则预警。,项目台账；财务收支明细；合同与审批资料；支付凭证；审计发现清单；预算批复表,字段缺失/跨表不一致/偏离阈值/重复异常/时序异常/空间不一致,命中对象、风险等级、证据字段、核查建议,P1,ocr_55_books_deep,E:\2026\审计方法&政策文件\_ocr_output\预算\预算项目政策绩效评价研究.pdf.md
PERFV6D-119-R02,audit_rule,generated_rule,PERFV6D-119,59,C,预算执行与财政管理 / 绩效评价 / 财政与政府债务,3预算项目政策绩效评价基本原则,3预算项目政策绩效评价基本原则一致性规则,检查3预算项目政策绩效评价基本原则在合同、支付、预算、绩效或业务台账之间是否一致。,项目台账；财务收支明细；合同与审批资料；支付凭证；审计发现清单；预算批复表,字段缺失/跨表不一致/偏离阈值/重复异常/时序异常/空间不一致,命中对象、风险等级、证据字段、核查建议,P1,ocr_55_books_deep,E:\2026\审计方法&政策文件\_ocr_output\预算\预算项目政策绩效评价研究.pdf.md
PERFV6D-119-R03,audit_rule,generated_rule,PERFV6D-119,59,C,预算执行与财政管理 / 绩效评价 / 财政与政府债务,3预算项目政策绩效评价基本原则,3预算项目政策绩效评价基本原则异常性规则,按历史均值、同类项目分位数或政策标准识别3预算项目政策绩效评价基本原则异常偏离。,项目台账；财务收支明细；合同与审批资料；支付凭证；审计发现清单；预算批复表,字段缺失/跨表不一致/偏离阈值/重复异常/时序异常/空间不一致,命中对象、风险等级、证据字段、核查建议,P1,ocr_55_books_deep,E:\2026\审计方法&政策文件\_ocr_output\预算\预算项目政策绩效评价研究.pdf.md
PERFV6D-120-R01,audit_rule,generated_rule,PERFV6D-120,59,C,预算执行与财政管理 / 绩效评价 / 财政与政府债务,4预算项目政策绩效评价价值选取,4预算项目政策绩效评价价值选取完整性规则,检查4预算项目政策绩效评价价值选取相关台账、凭证、审批和支付数据是否完整，缺失率超过阈值则预警。,项目台账；财务收支明细；合同与审批资料；支付凭证；审计发现清单；预算批复表,字段缺失/跨表不一致/偏离阈值/重复异常/时序异常/空间不一致,命中对象、风险等级、证据字段、核查建议,P1,ocr_55_books_deep,E:\2026\审计方法&政策文件\_ocr_output\预算\预算项目政策绩效评价研究.pdf.md
PERFV6D-120-R02,audit_rule,generated_rule,PERFV6D-120,59,C,预算执行与财政管理 / 绩效评价 / 财政与政府债务,4预算项目政策绩效评价价值选取,4预算项目政策绩效评价价值选取一致性规则,检查4预算项目政策绩效评价价值选取在合同、支付、预算、绩效或业务台账之间是否一致。,项目台账；财务收支明细；合同与审批资料；支付凭证；审计发现清单；预算批复表,字段缺失/跨表不一致/偏离阈值/重复异常/时序异常/空间不一致,命中对象、风险等级、证据字段、核查建议,P1,ocr_55_books_deep,E:\2026\审计方法&政策文件\_ocr_output\预算\预算项目政策绩效评价研究.pdf.md
PERFV6D-120-R03,audit_rule,generated_rule,PERFV6D-120,59,C,预算执行与财政管理 / 绩效评价 / 财政与政府债务,4预算项目政策绩效评价价值选取,4预算项目政策绩效评价价值选取异常性规则,按历史均值、同类项目分位数或政策标准识别4预算项目政策绩效评价价值选取异常偏离。,项目台账；财务收支明细；合同与审批资料；支付凭证；审计发现清单；预算批复表,字段缺失/跨表不一致/偏离阈值/重复异常/时序异常/空间不一致,命中对象、风险等级、证据字段、核查建议,P1,ocr_55_books_deep,E:\2026\审计方法&政策文件\_ocr_output\预算\预算项目政策绩效评价研究.pdf.md
BUDV6D-015-R01,audit_rule,generated_rule,BUDV6D-015,59,C,预算执行与财政管理 / 绩效评价 / 财政与政府债务,中央部门预算执行审计常用定性表述及适用法规向导.pdf,中央部门预算执行审计常用定性表述及适用法规向导.pdf完整性规则,检查中央部门预算执行审计常用定性表述及适用法规向导.pdf相关台账、凭证、审批和支付数据是否完整，缺失率超过阈值则预警。,项目台账；财务收支明细；合同与审批资料；支付凭证；审计发现清单；预算批复表,字段缺失/跨表不一致/偏离阈值/重复异常/时序异常/空间不一致,命中对象、风险等级、证据字段、核查建议,P1,ocr_55_books_deep,E:\2026\审计方法&政策文件\_ocr_output\预算\中央部门预算执行审计常用定性表述及适用法规向导.pdf.md
BUDV6D-015-R02,audit_rule,generated_rule,BUDV6D-015,59,C,预算执行与财政管理 / 绩效评价 / 财政与政府债务,中央部门预算执行审计常用定性表述及适用法规向导.pdf,中央部门预算执行审计常用定性表述及适用法规向导.pdf一致性规则,检查中央部门预算执行审计常用定性表述及适用法规向导.pdf在合同、支付、预算、绩效或业务台账之间是否一致。,项目台账；财务收支明细；合同与审批资料；支付凭证；审计发现清单；预算批复表,字段缺失/跨表不一致/偏离阈值/重复异常/时序异常/空间不一致,命中对象、风险等级、证据字段、核查建议,P1,ocr_55_books_deep,E:\2026\审计方法&政策文件\_ocr_output\预算\中央部门预算执行审计常用定性表述及适用法规向导.pdf.md
BUDV6D-015-R03,audit_rule,generated_rule,BUDV6D-015,59,C,预算执行与财政管理 / 绩效评价 / 财政与政府债务,中央部门预算执行审计常用定性表述及适用法规向导.pdf,中央部门预算执行审计常用定性表述及适用法规向导.pdf异常性规则,按历史均值、同类项目分位数或政策标准识别中央部门预算执行审计常用定性表述及适用法规向导.pdf异常偏离。,项目台账；财务收支明细；合同与审批资料；支付凭证；审计发现清单；预算批复表,字段缺失/跨表不一致/偏离阈值/重复异常/时序异常/空间不一致,命中对象、风险等级、证据字段、核查建议,P1,ocr_55_books_deep,E:\2026\审计方法&政策文件\_ocr_output\预算\中央部门预算执行审计常用定性表述及适用法规向导.pdf.md
PERFV6D-117-R01,audit_rule,generated_rule,PERFV6D-117,59,C,预算执行与财政管理 / 绩效评价 / 财政与政府债务,体系构建：我国预算项目政策绩效评价方案,体系构建：我国预算项目政策绩效评价方案完整性规则,检查体系构建：我国预算项目政策绩效评价方案相关台账、凭证、审批和支付数据是否完整，缺失率超过阈值则预警。,项目台账；财务收支明细；合同与审批资料；支付凭证；审计发现清单；预算批复表,字段缺失/跨表不一致/偏离阈值/重复异常/时序异常/空间不一致,命中对象、风险等级、证据字段、核查建议,P1,ocr_55_books_deep,E:\2026\审计方法&政策文件\_ocr_output\预算\预算项目政策绩效评价研究.pdf.md
PERFV6D-117-R02,audit_rule,generated_rule,PERFV6D-117,59,C,预算执行与财政管理 / 绩效评价 / 财政与政府债务,体系构建：我国预算项目政策绩效评价方案,体系构建：我国预算项目政策绩效评价方案一致性规则,检查体系构建：我国预算项目政策绩效评价方案在合同、支付、预算、绩效或业务台账之间是否一致。,项目台账；财务收支明细；合同与审批资料；支付凭证；审计发现清单；预算批复表,字段缺失/跨表不一致/偏离阈值/重复异常/时序异常/空间不一致,命中对象、风险等级、证据字段、核查建议,P1,ocr_55_books_deep,E:\2026\审计方法&政策文件\_ocr_output\预算\预算项目政策绩效评价研究.pdf.md
PERFV6D-117-R03,audit_rule,generated_rule,PERFV6D-117,59,C,预算执行与财政管理 / 绩效评价 / 财政与政府债务,体系构建：我国预算项目政策绩效评价方案,体系构建：我国预算项目政策绩效评价方案异常性规则,按历史均值、同类项目分位数或政策标准识别体系构建：我国预算项目政策绩效评价方案异常偏离。,项目台账；财务收支明细；合同与审批资料；支付凭证；审计发现清单；预算批复表,字段缺失/跨表不一致/偏离阈值/重复异常/时序异常/空间不一致,命中对象、风险等级、证据字段、核查建议,P1,ocr_55_books_deep,E:\2026\审计方法&政策文件\_ocr_output\预算\预算项目政策绩效评价研究.pdf.md
PERFV6D-088-R01,audit_rule,generated_rule,PERFV6D-088,59,C,预算执行与财政管理 / 绩效评价 / 财政与政府债务,全面实施预算绩效管理实践指导.pdf,全面实施预算绩效管理实践指导.pdf完整性规则,检查全面实施预算绩效管理实践指导.pdf相关台账、凭证、审批和支付数据是否完整，缺失率超过阈值则预警。,项目台账；财务收支明细；合同与审批资料；支付凭证；审计发现清单；预算批复表,字段缺失/跨表不一致/偏离阈值/重复异常/时序异常/空间不一致,命中对象、风险等级、证据字段、核查建议,P1,ocr_55_books_deep,E:\2026\审计方法&政策文件\_ocr_output\预算\全面实施预算绩效管理实践指导.pdf.md
PERFV6D-088-R02,audit_rule,generated_rule,PERFV6D-088,59,C,预算执行与财政管理 / 绩效评价 / 财政与政府债务,全面实施预算绩效管理实践指导.pdf,全面实施预算绩效管理实践指导.pdf一致性规则,检查全面实施预算绩效管理实践指导.pdf在合同、支付、预算、绩效或业务台账之间是否一致。,项目台账；财务收支明细；合同与审批资料；支付凭证；审计发现清单；预算批复表,字段缺失/跨表不一致/偏离阈值/重复异常/时序异常/空间不一致,命中对象、风险等级、证据字段、核查建议,P1,ocr_55_books_deep,E:\2026\审计方法&政策文件\_ocr_output\预算\全面实施预算绩效管理实践指导.pdf.md
PERFV6D-088-R03,audit_rule,generated_rule,PERFV6D-088,59,C,预算执行与财政管理 / 绩效评价 / 财政与政府债务,全面实施预算绩效管理实践指导.pdf,全面实施预算绩效管理实践指导.pdf异常性规则,按历史均值、同类项目分位数或政策标准识别全面实施预算绩效管理实践指导.pdf异常偏离。,项目台账；财务收支明细；合同与审批资料；支付凭证；审计发现清单；预算批复表,字段缺失/跨表不一致/偏离阈值/重复异常/时序异常/空间不一致,命中对象、风险等级、证据字段、核查建议,P1,ocr_55_books_deep,E:\2026\审计方法&政策文件\_ocr_output\预算\全面实施预算绩效管理实践指导.pdf.md
BUDV6D-021-R01,audit_rule,generated_rule,BUDV6D-021,69,C,预算执行与财政管理 / 绩效评价 / 财政与政府债务,全面实施预算绩效管理案例解读.pdf,全面实施预算绩效管理案例解读.pdf完整性规则,检查全面实施预算绩效管理案例解读.pdf相关台账、凭证、审批和支付数据是否完整，缺失率超过阈值则预警。,项目台账；财务收支明细；合同与审批资料；支付凭证；审计发现清单；预算批复表,字段缺失/跨表不一致/偏离阈值/重复异常/时序异常/空间不一致,命中对象、风险等级、证据字段、核查建议,P0,ocr_55_books_deep,E:\2026\审计方法&政策文件\_ocr_output\预算\全面实施预算绩效管理案例解读.pdf.md
BUDV6D-021-R02,audit_rule,generated_rule,BUDV6D-021,69,C,预算执行与财政管理 / 绩效评价 / 财政与政府债务,全面实施预算绩效管理案例解读.pdf,全面实施预算绩效管理案例解读.pdf一致性规则,检查全面实施预算绩效管理案例解读.pdf在合同、支付、预算、绩效或业务台账之间是否一致。,项目台账；财务收支明细；合同与审批资料；支付凭证；审计发现清单；预算批复表,字段缺失/跨表不一致/偏离阈值/重复异常/时序异常/空间不一致,命中对象、风险等级、证据字段、核查建议,P0,ocr_55_books_deep,E:\2026\审计方法&政策文件\_ocr_output\预算\全面实施预算绩效管理案例解读.pdf.md
BUDV6D-021-R03,audit_rule,generated_rule,BUDV6D-021,69,C,预算执行与财政管理 / 绩效评价 / 财政与政府债务,全面实施预算绩效管理案例解读.pdf,全面实施预算绩效管理案例解读.pdf异常性规则,按历史均值、同类项目分位数或政策标准识别全面实施预算绩效管理案例解读.pdf异常偏离。,项目台账；财务收支明细；合同与审批资料；支付凭证；审计发现清单；预算批复表,字段缺失/跨表不一致/偏离阈值/重复异常/时序异常/空间不一致,命中对象、风险等级、证据字段、核查建议,P0,ocr_55_books_deep,E:\2026\审计方法&政策文件\_ocr_output\预算\全面实施预算绩效管理案例解读.pdf.md
BUDV6D-016-R01,audit_rule,generated_rule,BUDV6D-016,59,C,预算执行与财政管理 / 绩效评价 / 财政与政府债务,关于单位集中管理的住宅专项维修资金的会计处理,关于单位集中管理的住宅专项维修资金的会计处理完整性规则,检查关于单位集中管理的住宅专项维修资金的会计处理相关台账、凭证、审批和支付数据是否完整，缺失率超过阈值则预警。,项目台账；财务收支明细；合同与审批资料；支付凭证；审计发现清单；预算批复表,字段缺失/跨表不一致/偏离阈值/重复异常/时序异常/空间不一致,命中对象、风险等级、证据字段、核查建议,P1,ocr_55_books_deep,E:\2026\审计方法&政策文件\_ocr_output\预算\中央部门预算执行审计常用定性表述及适用法规向导.pdf.md
BUDV6D-016-R02,audit_rule,generated_rule,BUDV6D-016,59,C,预算执行与财政管理 / 绩效评价 / 财政与政府债务,关于单位集中管理的住宅专项维修资金的会计处理,关于单位集中管理的住宅专项维修资金的会计处理一致性规则,检查关于单位集中管理的住宅专项维修资金的会计处理在合同、支付、预算、绩效或业务台账之间是否一致。,项目台账；财务收支明细；合同与审批资料；支付凭证；审计发现清单；预算批复表,字段缺失/跨表不一致/偏离阈值/重复异常/时序异常/空间不一致,命中对象、风险等级、证据字段、核查建议,P1,ocr_55_books_deep,E:\2026\审计方法&政策文件\_ocr_output\预算\中央部门预算执行审计常用定性表述及适用法规向导.pdf.md
BUDV6D-016-R03,audit_rule,generated_rule,BUDV6D-016,59,C,预算执行与财政管理 / 绩效评价 / 财政与政府债务,关于单位集中管理的住宅专项维修资金的会计处理,关于单位集中管理的住宅专项维修资金的会计处理异常性规则,按历史均值、同类项目分位数或政策标准识别关于单位集中管理的住宅专项维修资金的会计处理异常偏离。,项目台账；财务收支明细；合同与审批资料；支付凭证；审计发现清单；预算批复表,字段缺失/跨表不一致/偏离阈值/重复异常/时序异常/空间不一致,命中对象、风险等级、证据字段、核查建议,P1,ocr_55_books_deep,E:\2026\审计方法&政策文件\_ocr_output\预算\中央部门预算执行审计常用定性表述及适用法规向导.pdf.md
BUDV6D-034-R01,audit_rule,generated_rule,BUDV6D-034,59,C,预算执行与财政管理 / 绩效评价 / 财政与政府债务,博物馆运行保障项目成本预算绩效分析案例,博物馆运行保障项目成本预算绩效分析案例完整性规则,检查博物馆运行保障项目成本预算绩效分析案例相关台账、凭证、审批和支付数据是否完整，缺失率超过阈值则预警。,项目台账；财务收支明细；合同与审批资料；支付凭证；审计发现清单；预算批复表,字段缺失/跨表不一致/偏离阈值/重复异常/时序异常/空间不一致,命中对象、风险等级、证据字段、核查建议,P1,ocr_55_books_deep,E:\2026\审计方法&政策文件\_ocr_output\预算\成本预算绩效分析方法与案例.pdf.md
BUDV6D-034-R02,audit_rule,generated_rule,BUDV6D-034,59,C,预算执行与财政管理 / 绩效评价 / 财政与政府债务,博物馆运行保障项目成本预算绩效分析案例,博物馆运行保障项目成本预算绩效分析案例一致性规则,检查博物馆运行保障项目成本预算绩效分析案例在合同、支付、预算、绩效或业务台账之间是否一致。,项目台账；财务收支明细；合同与审批资料；支付凭证；审计发现清单；预算批复表,字段缺失/跨表不一致/偏离阈值/重复异常/时序异常/空间不一致,命中对象、风险等级、证据字段、核查建议,P1,ocr_55_books_deep,E:\2026\审计方法&政策文件\_ocr_output\预算\成本预算绩效分析方法与案例.pdf.md
BUDV6D-034-R03,audit_rule,generated_rule,BUDV6D-034,59,C,预算执行与财政管理 / 绩效评价 / 财政与政府债务,博物馆运行保障项目成本预算绩效分析案例,博物馆运行保障项目成本预算绩效分析案例异常性规则,按历史均值、同类项目分位数或政策标准识别博物馆运行保障项目成本预算绩效分析案例异常偏离。,项目台账；财务收支明细；合同与审批资料；支付凭证；审计发现清单；预算批复表,字段缺失/跨表不一致/偏离阈值/重复异常/时序异常/空间不一致,命中对象、风险等级、证据字段、核查建议,P1,ocr_55_books_deep,E:\2026\审计方法&政策文件\_ocr_output\预算\成本预算绩效分析方法与案例.pdf.md
PERFV6D-092-R01,audit_rule,generated_rule,PERFV6D-092,59,C,预算执行与财政管理 / 绩效评价 / 财政与政府债务,基于全局高度探讨实施预算绩效管理的业务支撑和技术保障体,基于全局高度探讨实施预算绩效管理的业务支撑和技术保障体完整性规则,检查基于全局高度探讨实施预算绩效管理的业务支撑和技术保障体相关台账、凭证、审批和支付数据是否完整，缺失率超过阈值则预警。,项目台账；财务收支明细；合同与审批资料；支付凭证；审计发现清单；预算批复表,字段缺失/跨表不一致/偏离阈值/重复异常/时序异常/空间不一致,命中对象、风险等级、证据字段、核查建议,P1,ocr_55_books_deep,E:\2026\审计方法&政策文件\_ocr_output\预算\全面实施预算绩效管理实践指导.pdf.md
PERFV6D-092-R02,audit_rule,generated_rule,PERFV6D-092,59,C,预算执行与财政管理 / 绩效评价 / 财政与政府债务,基于全局高度探讨实施预算绩效管理的业务支撑和技术保障体,基于全局高度探讨实施预算绩效管理的业务支撑和技术保障体一致性规则,检查基于全局高度探讨实施预算绩效管理的业务支撑和技术保障体在合同、支付、预算、绩效或业务台账之间是否一致。,项目台账；财务收支明细；合同与审批资料；支付凭证；审计发现清单；预算批复表,字段缺失/跨表不一致/偏离阈值/重复异常/时序异常/空间不一致,命中对象、风险等级、证据字段、核查建议,P1,ocr_55_books_deep,E:\2026\审计方法&政策文件\_ocr_output\预算\全面实施预算绩效管理实践指导.pdf.md
PERFV6D-092-R03,audit_rule,generated_rule,PERFV6D-092,59,C,预算执行与财政管理 / 绩效评价 / 财政与政府债务,基于全局高度探讨实施预算绩效管理的业务支撑和技术保障体,基于全局高度探讨实施预算绩效管理的业务支撑和技术保障体异常性规则,按历史均值、同类项目分位数或政策标准识别基于全局高度探讨实施预算绩效管理的业务支撑和技术保障体异常偏离。,项目台账；财务收支明细；合同与审批资料；支付凭证；审计发现清单；预算批复表,字段缺失/跨表不一致/偏离阈值/重复异常/时序异常/空间不一致,命中对象、风险等级、证据字段、核查建议,P1,ocr_55_books_deep,E:\2026\审计方法&政策文件\_ocr_output\预算\全面实施预算绩效管理实践指导.pdf.md
BUDV6D-023-R01,audit_rule,generated_rule,BUDV6D-023,59,C,预算执行与财政管理 / 绩效评价 / 财政与政府债务,工作重点：部门预算绩效管理体系建设,工作重点：部门预算绩效管理体系建设完整性规则,检查工作重点：部门预算绩效管理体系建设相关台账、凭证、审批和支付数据是否完整，缺失率超过阈值则预警。,项目台账；财务收支明细；合同与审批资料；支付凭证；审计发现清单；预算批复表,字段缺失/跨表不一致/偏离阈值/重复异常/时序异常/空间不一致,命中对象、风险等级、证据字段、核查建议,P1,ocr_55_books_deep,E:\2026\审计方法&政策文件\_ocr_output\预算\全面实施预算绩效管理案例解读.pdf.md
BUDV6D-023-R02,audit_rule,generated_rule,BUDV6D-023,59,C,预算执行与财政管理 / 绩效评价 / 财政与政府债务,工作重点：部门预算绩效管理体系建设,工作重点：部门预算绩效管理体系建设一致性规则,检查工作重点：部门预算绩效管理体系建设在合同、支付、预算、绩效或业务台账之间是否一致。,项目台账；财务收支明细；合同与审批资料；支付凭证；审计发现清单；预算批复表,字段缺失/跨表不一致/偏离阈值/重复异常/时序异常/空间不一致,命中对象、风险等级、证据字段、核查建议,P1,ocr_55_books_deep,E:\2026\审计方法&政策文件\_ocr_output\预算\全面实施预算绩效管理案例解读.pdf.md
BUDV6D-023-R03,audit_rule,generated_rule,BUDV6D-023,59,C,预算执行与财政管理 / 绩效评价 / 财政与政府债务,工作重点：部门预算绩效管理体系建设,工作重点：部门预算绩效管理体系建设异常性规则,按历史均值、同类项目分位数或政策标准识别工作重点：部门预算绩效管理体系建设异常偏离。,项目台账；财务收支明细；合同与审批资料；支付凭证；审计发现清单；预算批复表,字段缺失/跨表不一致/偏离阈值/重复异常/时序异常/空间不一致,命中对象、风险等级、证据字段、核查建议,P1,ocr_55_books_deep,E:\2026\审计方法&政策文件\_ocr_output\预算\全面实施预算绩效管理案例解读.pdf.md
PERFV6D-093-R01,audit_rule,generated_rule,PERFV6D-093,59,C,预算执行与财政管理 / 绩效评价 / 财政与政府债务,建立全过程预算绩效管理体系.pdf,建立全过程预算绩效管理体系.pdf完整性规则,检查建立全过程预算绩效管理体系.pdf相关台账、凭证、审批和支付数据是否完整，缺失率超过阈值则预警。,项目台账；财务收支明细；合同与审批资料；支付凭证；审计发现清单；预算批复表,字段缺失/跨表不一致/偏离阈值/重复异常/时序异常/空间不一致,命中对象、风险等级、证据字段、核查建议,P1,ocr_55_books_deep,E:\2026\审计方法&政策文件\_ocr_output\预算\建立全过程预算绩效管理体系.pdf.md
PERFV6D-093-R02,audit_rule,generated_rule,PERFV6D-093,59,C,预算执行与财政管理 / 绩效评价 / 财政与政府债务,建立全过程预算绩效管理体系.pdf,建立全过程预算绩效管理体系.pdf一致性规则,检查建立全过程预算绩效管理体系.pdf在合同、支付、预算、绩效或业务台账之间是否一致。,项目台账；财务收支明细；合同与审批资料；支付凭证；审计发现清单；预算批复表,字段缺失/跨表不一致/偏离阈值/重复异常/时序异常/空间不一致,命中对象、风险等级、证据字段、核查建议,P1,ocr_55_books_deep,E:\2026\审计方法&政策文件\_ocr_output\预算\建立全过程预算绩效管理体系.pdf.md
PERFV6D-093-R03,audit_rule,generated_rule,PERFV6D-093,59,C,预算执行与财政管理 / 绩效评价 / 财政与政府债务,建立全过程预算绩效管理体系.pdf,建立全过程预算绩效管理体系.pdf异常性规则,按历史均值、同类项目分位数或政策标准识别建立全过程预算绩效管理体系.pdf异常偏离。,项目台账；财务收支明细；合同与审批资料；支付凭证；审计发现清单；预算批复表,字段缺失/跨表不一致/偏离阈值/重复异常/时序异常/空间不一致,命中对象、风险等级、证据字段、核查建议,P1,ocr_55_books_deep,E:\2026\审计方法&政策文件\_ocr_output\预算\建立全过程预算绩效管理体系.pdf.md
PERFV6D-112-R01,audit_rule,generated_rule,PERFV6D-112,59,C,预算执行与财政管理 / 绩效评价 / 财政与政府债务,成本效益分析在政府预算绩效管理中的运用分析,成本效益分析在政府预算绩效管理中的运用分析完整性规则,检查成本效益分析在政府预算绩效管理中的运用分析相关台账、凭证、审批和支付数据是否完整，缺失率超过阈值则预警。,项目台账；财务收支明细；合同与审批资料；支付凭证；审计发现清单；预算批复表,字段缺失/跨表不一致/偏离阈值/重复异常/时序异常/空间不一致,命中对象、风险等级、证据字段、核查建议,P1,ocr_55_books_deep,E:\2026\审计方法&政策文件\_ocr_output\预算\预算绩效评价方法与指标.pdf.md
PERFV6D-112-R02,audit_rule,generated_rule,PERFV6D-112,59,C,预算执行与财政管理 / 绩效评价 / 财政与政府债务,成本效益分析在政府预算绩效管理中的运用分析,成本效益分析在政府预算绩效管理中的运用分析一致性规则,检查成本效益分析在政府预算绩效管理中的运用分析在合同、支付、预算、绩效或业务台账之间是否一致。,项目台账；财务收支明细；合同与审批资料；支付凭证；审计发现清单；预算批复表,字段缺失/跨表不一致/偏离阈值/重复异常/时序异常/空间不一致,命中对象、风险等级、证据字段、核查建议,P1,ocr_55_books_deep,E:\2026\审计方法&政策文件\_ocr_output\预算\预算绩效评价方法与指标.pdf.md
PERFV6D-112-R03,audit_rule,generated_rule,PERFV6D-112,59,C,预算执行与财政管理 / 绩效评价 / 财政与政府债务,成本效益分析在政府预算绩效管理中的运用分析,成本效益分析在政府预算绩效管理中的运用分析异常性规则,按历史均值、同类项目分位数或政策标准识别成本效益分析在政府预算绩效管理中的运用分析异常偏离。,项目台账；财务收支明细；合同与审批资料；支付凭证；审计发现清单；预算批复表,字段缺失/跨表不一致/偏离阈值/重复异常/时序异常/空间不一致,命中对象、风险等级、证据字段、核查建议,P1,ocr_55_books_deep,E:\2026\审计方法&政策文件\_ocr_output\预算\预算绩效评价方法与指标.pdf.md
BUDV6D-031-R01,audit_rule,generated_rule,BUDV6D-031,59,C,预算执行与财政管理 / 绩效评价 / 财政与政府债务,成本预算绩效分析与管理概述,成本预算绩效分析与管理概述完整性规则,检查成本预算绩效分析与管理概述相关台账、凭证、审批和支付数据是否完整，缺失率超过阈值则预警。,项目台账；财务收支明细；合同与审批资料；支付凭证；审计发现清单；预算批复表,字段缺失/跨表不一致/偏离阈值/重复异常/时序异常/空间不一致,命中对象、风险等级、证据字段、核查建议,P1,ocr_55_books_deep,E:\2026\审计方法&政策文件\_ocr_output\预算\成本预算绩效分析方法与案例.pdf.md
BUDV6D-031-R02,audit_rule,generated_rule,BUDV6D-031,59,C,预算执行与财政管理 / 绩效评价 / 财政与政府债务,成本预算绩效分析与管理概述,成本预算绩效分析与管理概述一致性规则,检查成本预算绩效分析与管理概述在合同、支付、预算、绩效或业务台账之间是否一致。,项目台账；财务收支明细；合同与审批资料；支付凭证；审计发现清单；预算批复表,字段缺失/跨表不一致/偏离阈值/重复异常/时序异常/空间不一致,命中对象、风险等级、证据字段、核查建议,P1,ocr_55_books_deep,E:\2026\审计方法&政策文件\_ocr_output\预算\成本预算绩效分析方法与案例.pdf.md
BUDV6D-031-R03,audit_rule,generated_rule,BUDV6D-031,59,C,预算执行与财政管理 / 绩效评价 / 财政与政府债务,成本预算绩效分析与管理概述,成本预算绩效分析与管理概述异常性规则,按历史均值、同类项目分位数或政策标准识别成本预算绩效分析与管理概述异常偏离。,项目台账；财务收支明细；合同与审批资料；支付凭证；审计发现清单；预算批复表,字段缺失/跨表不一致/偏离阈值/重复异常/时序异常/空间不一致,命中对象、风险等级、证据字段、核查建议,P1,ocr_55_books_deep,E:\2026\审计方法&政策文件\_ocr_output\预算\成本预算绩效分析方法与案例.pdf.md
BUDV6D-029-R01,audit_rule,generated_rule,BUDV6D-029,59,C,预算执行与财政管理 / 绩效评价 / 财政与政府债务,成本预算绩效分析与管理概述，阐述了成本预算,成本预算绩效分析与管理概述，阐述了成本预算完整性规则,检查成本预算绩效分析与管理概述，阐述了成本预算相关台账、凭证、审批和支付数据是否完整，缺失率超过阈值则预警。,项目台账；财务收支明细；合同与审批资料；支付凭证；审计发现清单；预算批复表,字段缺失/跨表不一致/偏离阈值/重复异常/时序异常/空间不一致,命中对象、风险等级、证据字段、核查建议,P1,ocr_55_books_deep,E:\2026\审计方法&政策文件\_ocr_output\预算\成本预算绩效分析方法与案例.pdf.md
BUDV6D-029-R02,audit_rule,generated_rule,BUDV6D-029,59,C,预算执行与财政管理 / 绩效评价 / 财政与政府债务,成本预算绩效分析与管理概述，阐述了成本预算,成本预算绩效分析与管理概述，阐述了成本预算一致性规则,检查成本预算绩效分析与管理概述，阐述了成本预算在合同、支付、预算、绩效或业务台账之间是否一致。,项目台账；财务收支明细；合同与审批资料；支付凭证；审计发现清单；预算批复表,字段缺失/跨表不一致/偏离阈值/重复异常/时序异常/空间不一致,命中对象、风险等级、证据字段、核查建议,P1,ocr_55_books_deep,E:\2026\审计方法&政策文件\_ocr_output\预算\成本预算绩效分析方法与案例.pdf.md
BUDV6D-029-R03,audit_rule,generated_rule,BUDV6D-029,59,C,预算执行与财政管理 / 绩效评价 / 财政与政府债务,成本预算绩效分析与管理概述，阐述了成本预算,成本预算绩效分析与管理概述，阐述了成本预算异常性规则,按历史均值、同类项目分位数或政策标准识别成本预算绩效分析与管理概述，阐述了成本预算异常偏离。,项目台账；财务收支明细；合同与审批资料；支付凭证；审计发现清单；预算批复表,字段缺失/跨表不一致/偏离阈值/重复异常/时序异常/空间不一致,命中对象、风险等级、证据字段、核查建议,P1,ocr_55_books_deep,E:\2026\审计方法&政策文件\_ocr_output\预算\成本预算绩效分析方法与案例.pdf.md
BUDV6D-028-R01,audit_rule,generated_rule,BUDV6D-028,69,C,预算执行与财政管理 / 绩效评价 / 财政与政府债务,成本预算绩效分析方法与案例.pdf,成本预算绩效分析方法与案例.pdf完整性规则,检查成本预算绩效分析方法与案例.pdf相关台账、凭证、审批和支付数据是否完整，缺失率超过阈值则预警。,项目台账；财务收支明细；合同与审批资料；支付凭证；审计发现清单；预算批复表,字段缺失/跨表不一致/偏离阈值/重复异常/时序异常/空间不一致,命中对象、风险等级、证据字段、核查建议,P0,ocr_55_books_deep,E:\2026\审计方法&政策文件\_ocr_output\预算\成本预算绩效分析方法与案例.pdf.md
BUDV6D-028-R02,audit_rule,generated_rule,BUDV6D-028,69,C,预算执行与财政管理 / 绩效评价 / 财政与政府债务,成本预算绩效分析方法与案例.pdf,成本预算绩效分析方法与案例.pdf一致性规则,检查成本预算绩效分析方法与案例.pdf在合同、支付、预算、绩效或业务台账之间是否一致。,项目台账；财务收支明细；合同与审批资料；支付凭证；审计发现清单；预算批复表,字段缺失/跨表不一致/偏离阈值/重复异常/时序异常/空间不一致,命中对象、风险等级、证据字段、核查建议,P0,ocr_55_books_deep,E:\2026\审计方法&政策文件\_ocr_output\预算\成本预算绩效分析方法与案例.pdf.md
BUDV6D-028-R03,audit_rule,generated_rule,BUDV6D-028,69,C,预算执行与财政管理 / 绩效评价 / 财政与政府债务,成本预算绩效分析方法与案例.pdf,成本预算绩效分析方法与案例.pdf异常性规则,按历史均值、同类项目分位数或政策标准识别成本预算绩效分析方法与案例.pdf异常偏离。,项目台账；财务收支明细；合同与审批资料；支付凭证；审计发现清单；预算批复表,字段缺失/跨表不一致/偏离阈值/重复异常/时序异常/空间不一致,命中对象、风险等级、证据字段、核查建议,P0,ocr_55_books_deep,E:\2026\审计方法&政策文件\_ocr_output\预算\成本预算绩效分析方法与案例.pdf.md
BUDV6D-032-R01,audit_rule,generated_rule,BUDV6D-032,59,C,预算执行与财政管理 / 绩效评价 / 财政与政府债务,成本预算绩效分析流程与方法,成本预算绩效分析流程与方法完整性规则,检查成本预算绩效分析流程与方法相关台账、凭证、审批和支付数据是否完整，缺失率超过阈值则预警。,项目台账；财务收支明细；合同与审批资料；支付凭证；审计发现清单；预算批复表,字段缺失/跨表不一致/偏离阈值/重复异常/时序异常/空间不一致,命中对象、风险等级、证据字段、核查建议,P1,ocr_55_books_deep,E:\2026\审计方法&政策文件\_ocr_output\预算\成本预算绩效分析方法与案例.pdf.md
BUDV6D-032-R02,audit_rule,generated_rule,BUDV6D-032,59,C,预算执行与财政管理 / 绩效评价 / 财政与政府债务,成本预算绩效分析流程与方法,成本预算绩效分析流程与方法一致性规则,检查成本预算绩效分析流程与方法在合同、支付、预算、绩效或业务台账之间是否一致。,项目台账；财务收支明细；合同与审批资料；支付凭证；审计发现清单；预算批复表,字段缺失/跨表不一致/偏离阈值/重复异常/时序异常/空间不一致,命中对象、风险等级、证据字段、核查建议,P1,ocr_55_books_deep,E:\2026\审计方法&政策文件\_ocr_output\预算\成本预算绩效分析方法与案例.pdf.md
BUDV6D-032-R03,audit_rule,generated_rule,BUDV6D-032,59,C,预算执行与财政管理 / 绩效评价 / 财政与政府债务,成本预算绩效分析流程与方法,成本预算绩效分析流程与方法异常性规则,按历史均值、同类项目分位数或政策标准识别成本预算绩效分析流程与方法异常偏离。,项目台账；财务收支明细；合同与审批资料；支付凭证；审计发现清单；预算批复表,字段缺失/跨表不一致/偏离阈值/重复异常/时序异常/空间不一致,命中对象、风险等级、证据字段、核查建议,P1,ocr_55_books_deep,E:\2026\审计方法&政策文件\_ocr_output\预算\成本预算绩效分析方法与案例.pdf.md
PERFV6D-109-R01,audit_rule,generated_rule,PERFV6D-109,59,C,预算执行与财政管理 / 绩效评价 / 财政与政府债务,我国政府预算绩效评价中的成本效益分析典型案例·78,我国政府预算绩效评价中的成本效益分析典型案例·78完整性规则,检查我国政府预算绩效评价中的成本效益分析典型案例·78相关台账、凭证、审批和支付数据是否完整，缺失率超过阈值则预警。,项目台账；财务收支明细；合同与审批资料；支付凭证；审计发现清单；预算批复表,字段缺失/跨表不一致/偏离阈值/重复异常/时序异常/空间不一致,命中对象、风险等级、证据字段、核查建议,P1,ocr_55_books_deep,E:\2026\审计方法&政策文件\_ocr_output\预算\预算绩效评价方法与指标.pdf.md
PERFV6D-109-R02,audit_rule,generated_rule,PERFV6D-109,59,C,预算执行与财政管理 / 绩效评价 / 财政与政府债务,我国政府预算绩效评价中的成本效益分析典型案例·78,我国政府预算绩效评价中的成本效益分析典型案例·78一致性规则,检查我国政府预算绩效评价中的成本效益分析典型案例·78在合同、支付、预算、绩效或业务台账之间是否一致。,项目台账；财务收支明细；合同与审批资料；支付凭证；审计发现清单；预算批复表,字段缺失/跨表不一致/偏离阈值/重复异常/时序异常/空间不一致,命中对象、风险等级、证据字段、核查建议,P1,ocr_55_books_deep,E:\2026\审计方法&政策文件\_ocr_output\预算\预算绩效评价方法与指标.pdf.md
PERFV6D-109-R03,audit_rule,generated_rule,PERFV6D-109,59,C,预算执行与财政管理 / 绩效评价 / 财政与政府债务,我国政府预算绩效评价中的成本效益分析典型案例·78,我国政府预算绩效评价中的成本效益分析典型案例·78异常性规则,按历史均值、同类项目分位数或政策标准识别我国政府预算绩效评价中的成本效益分析典型案例·78异常偏离。,项目台账；财务收支明细；合同与审批资料；支付凭证；审计发现清单；预算批复表,字段缺失/跨表不一致/偏离阈值/重复异常/时序异常/空间不一致,命中对象、风险等级、证据字段、核查建议,P1,ocr_55_books_deep,E:\2026\审计方法&政策文件\_ocr_output\预算\预算绩效评价方法与指标.pdf.md
BUDV6D-048-R01,audit_rule,generated_rule,BUDV6D-048,59,C,预算执行与财政管理 / 绩效评价 / 财政与政府债务,我国部门整体预算绩效评价存在的问题及完善建议,我国部门整体预算绩效评价存在的问题及完善建议完整性规则,检查我国部门整体预算绩效评价存在的问题及完善建议相关台账、凭证、审批和支付数据是否完整，缺失率超过阈值则预警。,项目台账；财务收支明细；合同与审批资料；支付凭证；审计发现清单；预算批复表,字段缺失/跨表不一致/偏离阈值/重复异常/时序异常/空间不一致,命中对象、风险等级、证据字段、核查建议,P1,ocr_55_books_deep,E:\2026\审计方法&政策文件\_ocr_output\预算\部门整体预算绩效评价研究.pdf.md
BUDV6D-048-R02,audit_rule,generated_rule,BUDV6D-048,59,C,预算执行与财政管理 / 绩效评价 / 财政与政府债务,我国部门整体预算绩效评价存在的问题及完善建议,我国部门整体预算绩效评价存在的问题及完善建议一致性规则,检查我国部门整体预算绩效评价存在的问题及完善建议在合同、支付、预算、绩效或业务台账之间是否一致。,项目台账；财务收支明细；合同与审批资料；支付凭证；审计发现清单；预算批复表,字段缺失/跨表不一致/偏离阈值/重复异常/时序异常/空间不一致,命中对象、风险等级、证据字段、核查建议,P1,ocr_55_books_deep,E:\2026\审计方法&政策文件\_ocr_output\预算\部门整体预算绩效评价研究.pdf.md
BUDV6D-048-R03,audit_rule,generated_rule,BUDV6D-048,59,C,预算执行与财政管理 / 绩效评价 / 财政与政府债务,我国部门整体预算绩效评价存在的问题及完善建议,我国部门整体预算绩效评价存在的问题及完善建议异常性规则,按历史均值、同类项目分位数或政策标准识别我国部门整体预算绩效评价存在的问题及完善建议异常偏离。,项目台账；财务收支明细；合同与审批资料；支付凭证；审计发现清单；预算批复表,字段缺失/跨表不一致/偏离阈值/重复异常/时序异常/空间不一致,命中对象、风险等级、证据字段、核查建议,P1,ocr_55_books_deep,E:\2026\审计方法&政策文件\_ocr_output\预算\部门整体预算绩效评价研究.pdf.md
BUDV6D-047-R01,audit_rule,generated_rule,BUDV6D-047,59,C,预算执行与财政管理 / 绩效评价 / 财政与政府债务,我国部门整体预算绩效评价的方式方法·…·,我国部门整体预算绩效评价的方式方法·…·完整性规则,检查我国部门整体预算绩效评价的方式方法·…·相关台账、凭证、审批和支付数据是否完整，缺失率超过阈值则预警。,项目台账；财务收支明细；合同与审批资料；支付凭证；审计发现清单；预算批复表,字段缺失/跨表不一致/偏离阈值/重复异常/时序异常/空间不一致,命中对象、风险等级、证据字段、核查建议,P1,ocr_55_books_deep,E:\2026\审计方法&政策文件\_ocr_output\预算\部门整体预算绩效评价研究.pdf.md
BUDV6D-047-R02,audit_rule,generated_rule,BUDV6D-047,59,C,预算执行与财政管理 / 绩效评价 / 财政与政府债务,我国部门整体预算绩效评价的方式方法·…·,我国部门整体预算绩效评价的方式方法·…·一致性规则,检查我国部门整体预算绩效评价的方式方法·…·在合同、支付、预算、绩效或业务台账之间是否一致。,项目台账；财务收支明细；合同与审批资料；支付凭证；审计发现清单；预算批复表,字段缺失/跨表不一致/偏离阈值/重复异常/时序异常/空间不一致,命中对象、风险等级、证据字段、核查建议,P1,ocr_55_books_deep,E:\2026\审计方法&政策文件\_ocr_output\预算\部门整体预算绩效评价研究.pdf.md
BUDV6D-047-R03,audit_rule,generated_rule,BUDV6D-047,59,C,预算执行与财政管理 / 绩效评价 / 财政与政府债务,我国部门整体预算绩效评价的方式方法·…·,我国部门整体预算绩效评价的方式方法·…·异常性规则,按历史均值、同类项目分位数或政策标准识别我国部门整体预算绩效评价的方式方法·…·异常偏离。,项目台账；财务收支明细；合同与审批资料；支付凭证；审计发现清单；预算批复表,字段缺失/跨表不一致/偏离阈值/重复异常/时序异常/空间不一致,命中对象、风险等级、证据字段、核查建议,P1,ocr_55_books_deep,E:\2026\审计方法&政策文件\_ocr_output\预算\部门整体预算绩效评价研究.pdf.md
BUDV6D-045-R01,audit_rule,generated_rule,BUDV6D-045,69,C,预算执行与财政管理 / 绩效评价 / 财政与政府债务,推进绩效评价走向预算绩效管理的对策路径,推进绩效评价走向预算绩效管理的对策路径完整性规则,检查推进绩效评价走向预算绩效管理的对策路径相关台账、凭证、审批和支付数据是否完整，缺失率超过阈值则预警。,项目台账；财务收支明细；合同与审批资料；支付凭证；审计发现清单；预算批复表,字段缺失/跨表不一致/偏离阈值/重复异常/时序异常/空间不一致,命中对象、风险等级、证据字段、核查建议,P0,ocr_55_books_deep,E:\2026\审计方法&政策文件\_ocr_output\预算\部门整体预算绩效评价研究.pdf.md
BUDV6D-045-R02,audit_rule,generated_rule,BUDV6D-045,69,C,预算执行与财政管理 / 绩效评价 / 财政与政府债务,推进绩效评价走向预算绩效管理的对策路径,推进绩效评价走向预算绩效管理的对策路径一致性规则,检查推进绩效评价走向预算绩效管理的对策路径在合同、支付、预算、绩效或业务台账之间是否一致。,项目台账；财务收支明细；合同与审批资料；支付凭证；审计发现清单；预算批复表,字段缺失/跨表不一致/偏离阈值/重复异常/时序异常/空间不一致,命中对象、风险等级、证据字段、核查建议,P0,ocr_55_books_deep,E:\2026\审计方法&政策文件\_ocr_output\预算\部门整体预算绩效评价研究.pdf.md
BUDV6D-045-R03,audit_rule,generated_rule,BUDV6D-045,69,C,预算执行与财政管理 / 绩效评价 / 财政与政府债务,推进绩效评价走向预算绩效管理的对策路径,推进绩效评价走向预算绩效管理的对策路径异常性规则,按历史均值、同类项目分位数或政策标准识别推进绩效评价走向预算绩效管理的对策路径异常偏离。,项目台账；财务收支明细；合同与审批资料；支付凭证；审计发现清单；预算批复表,字段缺失/跨表不一致/偏离阈值/重复异常/时序异常/空间不一致,命中对象、风险等级、证据字段、核查建议,P0,ocr_55_books_deep,E:\2026\审计方法&政策文件\_ocr_output\预算\部门整体预算绩效评价研究.pdf.md
BUDV6D-024-R01,audit_rule,generated_rule,BUDV6D-024,59,C,预算执行与财政管理 / 绩效评价 / 财政与政府债务,推进难点：县（区）政府预算绩效管理体系建设,推进难点：县（区）政府预算绩效管理体系建设完整性规则,检查推进难点：县（区）政府预算绩效管理体系建设相关台账、凭证、审批和支付数据是否完整，缺失率超过阈值则预警。,项目台账；财务收支明细；合同与审批资料；支付凭证；审计发现清单；预算批复表,字段缺失/跨表不一致/偏离阈值/重复异常/时序异常/空间不一致,命中对象、风险等级、证据字段、核查建议,P1,ocr_55_books_deep,E:\2026\审计方法&政策文件\_ocr_output\预算\全面实施预算绩效管理案例解读.pdf.md
BUDV6D-024-R02,audit_rule,generated_rule,BUDV6D-024,59,C,预算执行与财政管理 / 绩效评价 / 财政与政府债务,推进难点：县（区）政府预算绩效管理体系建设,推进难点：县（区）政府预算绩效管理体系建设一致性规则,检查推进难点：县（区）政府预算绩效管理体系建设在合同、支付、预算、绩效或业务台账之间是否一致。,项目台账；财务收支明细；合同与审批资料；支付凭证；审计发现清单；预算批复表,字段缺失/跨表不一致/偏离阈值/重复异常/时序异常/空间不一致,命中对象、风险等级、证据字段、核查建议,P1,ocr_55_books_deep,E:\2026\审计方法&政策文件\_ocr_output\预算\全面实施预算绩效管理案例解读.pdf.md
BUDV6D-024-R03,audit_rule,generated_rule,BUDV6D-024,59,C,预算执行与财政管理 / 绩效评价 / 财政与政府债务,推进难点：县（区）政府预算绩效管理体系建设,推进难点：县（区）政府预算绩效管理体系建设异常性规则,按历史均值、同类项目分位数或政策标准识别推进难点：县（区）政府预算绩效管理体系建设异常偏离。,项目台账；财务收支明细；合同与审批资料；支付凭证；审计发现清单；预算批复表,字段缺失/跨表不一致/偏离阈值/重复异常/时序异常/空间不一致,命中对象、风险等级、证据字段、核查建议,P1,ocr_55_books_deep,E:\2026\审计方法&政策文件\_ocr_output\预算\全面实施预算绩效管理案例解读.pdf.md
BUDV6D-020-R01,audit_rule,generated_rule,BUDV6D-020,59,C,预算执行与财政管理 / 绩效评价 / 财政与政府债务,支出标准执行,支出标准执行完整性规则,检查支出标准执行相关台账、凭证、审批和支付数据是否完整，缺失率超过阈值则预警。,项目台账；财务收支明细；合同与审批资料；支付凭证；审计发现清单；预算批复表,字段缺失/跨表不一致/偏离阈值/重复异常/时序异常/空间不一致,命中对象、风险等级、证据字段、核查建议,P1,ocr_55_books_deep,E:\2026\审计方法&政策文件\_ocr_output\预算\中央部门预算执行审计常用定性表述及适用法规向导.pdf.md
BUDV6D-020-R02,audit_rule,generated_rule,BUDV6D-020,59,C,预算执行与财政管理 / 绩效评价 / 财政与政府债务,支出标准执行,支出标准执行一致性规则,检查支出标准执行在合同、支付、预算、绩效或业务台账之间是否一致。,项目台账；财务收支明细；合同与审批资料；支付凭证；审计发现清单；预算批复表,字段缺失/跨表不一致/偏离阈值/重复异常/时序异常/空间不一致,命中对象、风险等级、证据字段、核查建议,P1,ocr_55_books_deep,E:\2026\审计方法&政策文件\_ocr_output\预算\中央部门预算执行审计常用定性表述及适用法规向导.pdf.md
BUDV6D-020-R03,audit_rule,generated_rule,BUDV6D-020,59,C,预算执行与财政管理 / 绩效评价 / 财政与政府债务,支出标准执行,支出标准执行异常性规则,按历史均值、同类项目分位数或政策标准识别支出标准执行异常偏离。,项目台账；财务收支明细；合同与审批资料；支付凭证；审计发现清单；预算批复表,字段缺失/跨表不一致/偏离阈值/重复异常/时序异常/空间不一致,命中对象、风险等级、证据字段、核查建议,P1,ocr_55_books_deep,E:\2026\审计方法&政策文件\_ocr_output\预算\中央部门预算执行审计常用定性表述及适用法规向导.pdf.md
BUDV6D-035-R01,audit_rule,generated_rule,BUDV6D-035,69,C,预算执行与财政管理 / 绩效评价 / 财政与政府债务,政府部门预算管理.pdf,政府部门预算管理.pdf完整性规则,检查政府部门预算管理.pdf相关台账、凭证、审批和支付数据是否完整，缺失率超过阈值则预警。,项目台账；财务收支明细；合同与审批资料；支付凭证；审计发现清单；预算批复表,字段缺失/跨表不一致/偏离阈值/重复异常/时序异常/空间不一致,命中对象、风险等级、证据字段、核查建议,P0,ocr_55_books_deep,E:\2026\审计方法&政策文件\_ocr_output\预算\政府部门预算管理.pdf.md
BUDV6D-035-R02,audit_rule,generated_rule,BUDV6D-035,69,C,预算执行与财政管理 / 绩效评价 / 财政与政府债务,政府部门预算管理.pdf,政府部门预算管理.pdf一致性规则,检查政府部门预算管理.pdf在合同、支付、预算、绩效或业务台账之间是否一致。,项目台账；财务收支明细；合同与审批资料；支付凭证；审计发现清单；预算批复表,字段缺失/跨表不一致/偏离阈值/重复异常/时序异常/空间不一致,命中对象、风险等级、证据字段、核查建议,P0,ocr_55_books_deep,E:\2026\审计方法&政策文件\_ocr_output\预算\政府部门预算管理.pdf.md
BUDV6D-035-R03,audit_rule,generated_rule,BUDV6D-035,69,C,预算执行与财政管理 / 绩效评价 / 财政与政府债务,政府部门预算管理.pdf,政府部门预算管理.pdf异常性规则,按历史均值、同类项目分位数或政策标准识别政府部门预算管理.pdf异常偏离。,项目台账；财务收支明细；合同与审批资料；支付凭证；审计发现清单；预算批复表,字段缺失/跨表不一致/偏离阈值/重复异常/时序异常/空间不一致,命中对象、风险等级、证据字段、核查建议,P0,ocr_55_books_deep,E:\2026\审计方法&政策文件\_ocr_output\预算\政府部门预算管理.pdf.md
BUDV6D-040-R01,audit_rule,generated_rule,BUDV6D-040,59,C,预算执行与财政管理 / 绩效评价 / 财政与政府债务,政府部门预算管理内容,政府部门预算管理内容完整性规则,检查政府部门预算管理内容相关台账、凭证、审批和支付数据是否完整，缺失率超过阈值则预警。,项目台账；财务收支明细；合同与审批资料；支付凭证；审计发现清单；预算批复表,字段缺失/跨表不一致/偏离阈值/重复异常/时序异常/空间不一致,命中对象、风险等级、证据字段、核查建议,P1,ocr_55_books_deep,E:\2026\审计方法&政策文件\_ocr_output\预算\政府部门预算管理.pdf.md
BUDV6D-040-R02,audit_rule,generated_rule,BUDV6D-040,59,C,预算执行与财政管理 / 绩效评价 / 财政与政府债务,政府部门预算管理内容,政府部门预算管理内容一致性规则,检查政府部门预算管理内容在合同、支付、预算、绩效或业务台账之间是否一致。,项目台账；财务收支明细；合同与审批资料；支付凭证；审计发现清单；预算批复表,字段缺失/跨表不一致/偏离阈值/重复异常/时序异常/空间不一致,命中对象、风险等级、证据字段、核查建议,P1,ocr_55_books_deep,E:\2026\审计方法&政策文件\_ocr_output\预算\政府部门预算管理.pdf.md
BUDV6D-040-R03,audit_rule,generated_rule,BUDV6D-040,59,C,预算执行与财政管理 / 绩效评价 / 财政与政府债务,政府部门预算管理内容,政府部门预算管理内容异常性规则,按历史均值、同类项目分位数或政策标准识别政府部门预算管理内容异常偏离。,项目台账；财务收支明细；合同与审批资料；支付凭证；审计发现清单；预算批复表,字段缺失/跨表不一致/偏离阈值/重复异常/时序异常/空间不一致,命中对象、风险等级、证据字段、核查建议,P1,ocr_55_books_deep,E:\2026\审计方法&政策文件\_ocr_output\预算\政府部门预算管理.pdf.md
BUDV6D-039-R01,audit_rule,generated_rule,BUDV6D-039,59,C,预算执行与财政管理 / 绩效评价 / 财政与政府债务,政府部门预算管理机制,政府部门预算管理机制完整性规则,检查政府部门预算管理机制相关台账、凭证、审批和支付数据是否完整，缺失率超过阈值则预警。,项目台账；财务收支明细；合同与审批资料；支付凭证；审计发现清单；预算批复表,字段缺失/跨表不一致/偏离阈值/重复异常/时序异常/空间不一致,命中对象、风险等级、证据字段、核查建议,P1,ocr_55_books_deep,E:\2026\审计方法&政策文件\_ocr_output\预算\政府部门预算管理.pdf.md
BUDV6D-039-R02,audit_rule,generated_rule,BUDV6D-039,59,C,预算执行与财政管理 / 绩效评价 / 财政与政府债务,政府部门预算管理机制,政府部门预算管理机制一致性规则,检查政府部门预算管理机制在合同、支付、预算、绩效或业务台账之间是否一致。,项目台账；财务收支明细；合同与审批资料；支付凭证；审计发现清单；预算批复表,字段缺失/跨表不一致/偏离阈值/重复异常/时序异常/空间不一致,命中对象、风险等级、证据字段、核查建议,P1,ocr_55_books_deep,E:\2026\审计方法&政策文件\_ocr_output\预算\政府部门预算管理.pdf.md
BUDV6D-039-R03,audit_rule,generated_rule,BUDV6D-039,59,C,预算执行与财政管理 / 绩效评价 / 财政与政府债务,政府部门预算管理机制,政府部门预算管理机制异常性规则,按历史均值、同类项目分位数或政策标准识别政府部门预算管理机制异常偏离。,项目台账；财务收支明细；合同与审批资料；支付凭证；审计发现清单；预算批复表,字段缺失/跨表不一致/偏离阈值/重复异常/时序异常/空间不一致,命中对象、风险等级、证据字段、核查建议,P1,ocr_55_books_deep,E:\2026\审计方法&政策文件\_ocr_output\预算\政府部门预算管理.pdf.md
BUDV6D-037-R01,audit_rule,generated_rule,BUDV6D-037,59,C,预算执行与财政管理 / 绩效评价 / 财政与政府债务,政府部门预算管理概念,政府部门预算管理概念完整性规则,检查政府部门预算管理概念相关台账、凭证、审批和支付数据是否完整，缺失率超过阈值则预警。,项目台账；财务收支明细；合同与审批资料；支付凭证；审计发现清单；预算批复表,字段缺失/跨表不一致/偏离阈值/重复异常/时序异常/空间不一致,命中对象、风险等级、证据字段、核查建议,P1,ocr_55_books_deep,E:\2026\审计方法&政策文件\_ocr_output\预算\政府部门预算管理.pdf.md
BUDV6D-037-R02,audit_rule,generated_rule,BUDV6D-037,59,C,预算执行与财政管理 / 绩效评价 / 财政与政府债务,政府部门预算管理概念,政府部门预算管理概念一致性规则,检查政府部门预算管理概念在合同、支付、预算、绩效或业务台账之间是否一致。,项目台账；财务收支明细；合同与审批资料；支付凭证；审计发现清单；预算批复表,字段缺失/跨表不一致/偏离阈值/重复异常/时序异常/空间不一致,命中对象、风险等级、证据字段、核查建议,P1,ocr_55_books_deep,E:\2026\审计方法&政策文件\_ocr_output\预算\政府部门预算管理.pdf.md
BUDV6D-037-R03,audit_rule,generated_rule,BUDV6D-037,59,C,预算执行与财政管理 / 绩效评价 / 财政与政府债务,政府部门预算管理概念,政府部门预算管理概念异常性规则,按历史均值、同类项目分位数或政策标准识别政府部门预算管理概念异常偏离。,项目台账；财务收支明细；合同与审批资料；支付凭证；审计发现清单；预算批复表,字段缺失/跨表不一致/偏离阈值/重复异常/时序异常/空间不一致,命中对象、风险等级、证据字段、核查建议,P1,ocr_55_books_deep,E:\2026\审计方法&政策文件\_ocr_output\预算\政府部门预算管理.pdf.md
BUDV6D-036-R01,audit_rule,generated_rule,BUDV6D-036,59,C,预算执行与财政管理 / 绩效评价 / 财政与政府债务,政府部门预算管理概述,政府部门预算管理概述完整性规则,检查政府部门预算管理概述相关台账、凭证、审批和支付数据是否完整，缺失率超过阈值则预警。,项目台账；财务收支明细；合同与审批资料；支付凭证；审计发现清单；预算批复表,字段缺失/跨表不一致/偏离阈值/重复异常/时序异常/空间不一致,命中对象、风险等级、证据字段、核查建议,P1,ocr_55_books_deep,E:\2026\审计方法&政策文件\_ocr_output\预算\政府部门预算管理.pdf.md
BUDV6D-036-R02,audit_rule,generated_rule,BUDV6D-036,59,C,预算执行与财政管理 / 绩效评价 / 财政与政府债务,政府部门预算管理概述,政府部门预算管理概述一致性规则,检查政府部门预算管理概述在合同、支付、预算、绩效或业务台账之间是否一致。,项目台账；财务收支明细；合同与审批资料；支付凭证；审计发现清单；预算批复表,字段缺失/跨表不一致/偏离阈值/重复异常/时序异常/空间不一致,命中对象、风险等级、证据字段、核查建议,P1,ocr_55_books_deep,E:\2026\审计方法&政策文件\_ocr_output\预算\政府部门预算管理.pdf.md
BUDV6D-036-R03,audit_rule,generated_rule,BUDV6D-036,59,C,预算执行与财政管理 / 绩效评价 / 财政与政府债务,政府部门预算管理概述,政府部门预算管理概述异常性规则,按历史均值、同类项目分位数或政策标准识别政府部门预算管理概述异常偏离。,项目台账；财务收支明细；合同与审批资料；支付凭证；审计发现清单；预算批复表,字段缺失/跨表不一致/偏离阈值/重复异常/时序异常/空间不一致,命中对象、风险等级、证据字段、核查建议,P1,ocr_55_books_deep,E:\2026\审计方法&政策文件\_ocr_output\预算\政府部门预算管理.pdf.md
BUDV6D-038-R01,audit_rule,generated_rule,BUDV6D-038,59,C,预算执行与财政管理 / 绩效评价 / 财政与政府债务,政府部门预算管理范围,政府部门预算管理范围完整性规则,检查政府部门预算管理范围相关台账、凭证、审批和支付数据是否完整，缺失率超过阈值则预警。,项目台账；财务收支明细；合同与审批资料；支付凭证；审计发现清单；预算批复表,字段缺失/跨表不一致/偏离阈值/重复异常/时序异常/空间不一致,命中对象、风险等级、证据字段、核查建议,P1,ocr_55_books_deep,E:\2026\审计方法&政策文件\_ocr_output\预算\政府部门预算管理.pdf.md
BUDV6D-038-R02,audit_rule,generated_rule,BUDV6D-038,59,C,预算执行与财政管理 / 绩效评价 / 财政与政府债务,政府部门预算管理范围,政府部门预算管理范围一致性规则,检查政府部门预算管理范围在合同、支付、预算、绩效或业务台账之间是否一致。,项目台账；财务收支明细；合同与审批资料；支付凭证；审计发现清单；预算批复表,字段缺失/跨表不一致/偏离阈值/重复异常/时序异常/空间不一致,命中对象、风险等级、证据字段、核查建议,P1,ocr_55_books_deep,E:\2026\审计方法&政策文件\_ocr_output\预算\政府部门预算管理.pdf.md
BUDV6D-038-R03,audit_rule,generated_rule,BUDV6D-038,59,C,预算执行与财政管理 / 绩效评价 / 财政与政府债务,政府部门预算管理范围,政府部门预算管理范围异常性规则,按历史均值、同类项目分位数或政策标准识别政府部门预算管理范围异常偏离。,项目台账；财务收支明细；合同与审批资料；支付凭证；审计发现清单；预算批复表,字段缺失/跨表不一致/偏离阈值/重复异常/时序异常/空间不一致,命中对象、风险等级、证据字段、核查建议,P1,ocr_55_books_deep,E:\2026\审计方法&政策文件\_ocr_output\预算\政府部门预算管理.pdf.md
BUDV6D-042-R01,audit_rule,generated_rule,BUDV6D-042,59,C,预算执行与财政管理 / 绩效评价 / 财政与政府债务,政府部门预算编制方法,政府部门预算编制方法完整性规则,检查政府部门预算编制方法相关台账、凭证、审批和支付数据是否完整，缺失率超过阈值则预警。,项目台账；财务收支明细；合同与审批资料；支付凭证；审计发现清单；预算批复表,字段缺失/跨表不一致/偏离阈值/重复异常/时序异常/空间不一致,命中对象、风险等级、证据字段、核查建议,P1,ocr_55_books_deep,E:\2026\审计方法&政策文件\_ocr_output\预算\政府部门预算管理.pdf.md
BUDV6D-042-R02,audit_rule,generated_rule,BUDV6D-042,59,C,预算执行与财政管理 / 绩效评价 / 财政与政府债务,政府部门预算编制方法,政府部门预算编制方法一致性规则,检查政府部门预算编制方法在合同、支付、预算、绩效或业务台账之间是否一致。,项目台账；财务收支明细；合同与审批资料；支付凭证；审计发现清单；预算批复表,字段缺失/跨表不一致/偏离阈值/重复异常/时序异常/空间不一致,命中对象、风险等级、证据字段、核查建议,P1,ocr_55_books_deep,E:\2026\审计方法&政策文件\_ocr_output\预算\政府部门预算管理.pdf.md
BUDV6D-042-R03,audit_rule,generated_rule,BUDV6D-042,59,C,预算执行与财政管理 / 绩效评价 / 财政与政府债务,政府部门预算编制方法,政府部门预算编制方法异常性规则,按历史均值、同类项目分位数或政策标准识别政府部门预算编制方法异常偏离。,项目台账；财务收支明细；合同与审批资料；支付凭证；审计发现清单；预算批复表,字段缺失/跨表不一致/偏离阈值/重复异常/时序异常/空间不一致,命中对象、风险等级、证据字段、核查建议,P1,ocr_55_books_deep,E:\2026\审计方法&政策文件\_ocr_output\预算\政府部门预算管理.pdf.md
BUDV6D-041-R01,audit_rule,generated_rule,BUDV6D-041,59,C,预算执行与财政管理 / 绩效评价 / 财政与政府债务,政府部门预算编制管理,政府部门预算编制管理完整性规则,检查政府部门预算编制管理相关台账、凭证、审批和支付数据是否完整，缺失率超过阈值则预警。,项目台账；财务收支明细；合同与审批资料；支付凭证；审计发现清单；预算批复表,字段缺失/跨表不一致/偏离阈值/重复异常/时序异常/空间不一致,命中对象、风险等级、证据字段、核查建议,P1,ocr_55_books_deep,E:\2026\审计方法&政策文件\_ocr_output\预算\政府部门预算管理.pdf.md
BUDV6D-041-R02,audit_rule,generated_rule,BUDV6D-041,59,C,预算执行与财政管理 / 绩效评价 / 财政与政府债务,政府部门预算编制管理,政府部门预算编制管理一致性规则,检查政府部门预算编制管理在合同、支付、预算、绩效或业务台账之间是否一致。,项目台账；财务收支明细；合同与审批资料；支付凭证；审计发现清单；预算批复表,字段缺失/跨表不一致/偏离阈值/重复异常/时序异常/空间不一致,命中对象、风险等级、证据字段、核查建议,P1,ocr_55_books_deep,E:\2026\审计方法&政策文件\_ocr_output\预算\政府部门预算管理.pdf.md
BUDV6D-041-R03,audit_rule,generated_rule,BUDV6D-041,59,C,预算执行与财政管理 / 绩效评价 / 财政与政府债务,政府部门预算编制管理,政府部门预算编制管理异常性规则,按历史均值、同类项目分位数或政策标准识别政府部门预算编制管理异常偏离。,项目台账；财务收支明细；合同与审批资料；支付凭证；审计发现清单；预算批复表,字段缺失/跨表不一致/偏离阈值/重复异常/时序异常/空间不一致,命中对象、风险等级、证据字段、核查建议,P1,ocr_55_books_deep,E:\2026\审计方法&政策文件\_ocr_output\预算\政府部门预算管理.pdf.md
PERFV6D-090-R01,audit_rule,generated_rule,PERFV6D-090,59,C,预算执行与财政管理 / 绩效评价 / 财政与政府债务,政府预算绩效管理/149,政府预算绩效管理/149完整性规则,检查政府预算绩效管理/149相关台账、凭证、审批和支付数据是否完整，缺失率超过阈值则预警。,项目台账；财务收支明细；合同与审批资料；支付凭证；审计发现清单；预算批复表,字段缺失/跨表不一致/偏离阈值/重复异常/时序异常/空间不一致,命中对象、风险等级、证据字段、核查建议,P1,ocr_55_books_deep,E:\2026\审计方法&政策文件\_ocr_output\预算\全面实施预算绩效管理实践指导.pdf.md
PERFV6D-090-R02,audit_rule,generated_rule,PERFV6D-090,59,C,预算执行与财政管理 / 绩效评价 / 财政与政府债务,政府预算绩效管理/149,政府预算绩效管理/149一致性规则,检查政府预算绩效管理/149在合同、支付、预算、绩效或业务台账之间是否一致。,项目台账；财务收支明细；合同与审批资料；支付凭证；审计发现清单；预算批复表,字段缺失/跨表不一致/偏离阈值/重复异常/时序异常/空间不一致,命中对象、风险等级、证据字段、核查建议,P1,ocr_55_books_deep,E:\2026\审计方法&政策文件\_ocr_output\预算\全面实施预算绩效管理实践指导.pdf.md
PERFV6D-090-R03,audit_rule,generated_rule,PERFV6D-090,59,C,预算执行与财政管理 / 绩效评价 / 财政与政府债务,政府预算绩效管理/149,政府预算绩效管理/149异常性规则,按历史均值、同类项目分位数或政策标准识别政府预算绩效管理/149异常偏离。,项目台账；财务收支明细；合同与审批资料；支付凭证；审计发现清单；预算批复表,字段缺失/跨表不一致/偏离阈值/重复异常/时序异常/空间不一致,命中对象、风险等级、证据字段、核查建议,P1,ocr_55_books_deep,E:\2026\审计方法&政策文件\_ocr_output\预算\全面实施预算绩效管理实践指导.pdf.md
BUDV6D-025-R01,audit_rule,generated_rule,BUDV6D-025,59,C,预算执行与财政管理 / 绩效评价 / 财政与政府债务,构建预算绩效管理与其他工作相融合的机制,构建预算绩效管理与其他工作相融合的机制完整性规则,检查构建预算绩效管理与其他工作相融合的机制相关台账、凭证、审批和支付数据是否完整，缺失率超过阈值则预警。,项目台账；财务收支明细；合同与审批资料；支付凭证；审计发现清单；预算批复表,字段缺失/跨表不一致/偏离阈值/重复异常/时序异常/空间不一致,命中对象、风险等级、证据字段、核查建议,P1,ocr_55_books_deep,E:\2026\审计方法&政策文件\_ocr_output\预算\全面实施预算绩效管理案例解读.pdf.md
BUDV6D-025-R02,audit_rule,generated_rule,BUDV6D-025,59,C,预算执行与财政管理 / 绩效评价 / 财政与政府债务,构建预算绩效管理与其他工作相融合的机制,构建预算绩效管理与其他工作相融合的机制一致性规则,检查构建预算绩效管理与其他工作相融合的机制在合同、支付、预算、绩效或业务台账之间是否一致。,项目台账；财务收支明细；合同与审批资料；支付凭证；审计发现清单；预算批复表,字段缺失/跨表不一致/偏离阈值/重复异常/时序异常/空间不一致,命中对象、风险等级、证据字段、核查建议,P1,ocr_55_books_deep,E:\2026\审计方法&政策文件\_ocr_output\预算\全面实施预算绩效管理案例解读.pdf.md
BUDV6D-025-R03,audit_rule,generated_rule,BUDV6D-025,59,C,预算执行与财政管理 / 绩效评价 / 财政与政府债务,构建预算绩效管理与其他工作相融合的机制,构建预算绩效管理与其他工作相融合的机制异常性规则,按历史均值、同类项目分位数或政策标准识别构建预算绩效管理与其他工作相融合的机制异常偏离。,项目台账；财务收支明细；合同与审批资料；支付凭证；审计发现清单；预算批复表,字段缺失/跨表不一致/偏离阈值/重复异常/时序异常/空间不一致,命中对象、风险等级、证据字段、核查建议,P1,ocr_55_books_deep,E:\2026\审计方法&政策文件\_ocr_output\预算\全面实施预算绩效管理案例解读.pdf.md
BUDV6D-022-R01,audit_rule,generated_rule,BUDV6D-022,59,C,预算执行与财政管理 / 绩效评价 / 财政与政府债务,核心价值：预算和绩效管理一体化,核心价值：预算和绩效管理一体化完整性规则,检查核心价值：预算和绩效管理一体化相关台账、凭证、审批和支付数据是否完整，缺失率超过阈值则预警。,项目台账；财务收支明细；合同与审批资料；支付凭证；审计发现清单；预算批复表,字段缺失/跨表不一致/偏离阈值/重复异常/时序异常/空间不一致,命中对象、风险等级、证据字段、核查建议,P1,ocr_55_books_deep,E:\2026\审计方法&政策文件\_ocr_output\预算\全面实施预算绩效管理案例解读.pdf.md
BUDV6D-022-R02,audit_rule,generated_rule,BUDV6D-022,59,C,预算执行与财政管理 / 绩效评价 / 财政与政府债务,核心价值：预算和绩效管理一体化,核心价值：预算和绩效管理一体化一致性规则,检查核心价值：预算和绩效管理一体化在合同、支付、预算、绩效或业务台账之间是否一致。,项目台账；财务收支明细；合同与审批资料；支付凭证；审计发现清单；预算批复表,字段缺失/跨表不一致/偏离阈值/重复异常/时序异常/空间不一致,命中对象、风险等级、证据字段、核查建议,P1,ocr_55_books_deep,E:\2026\审计方法&政策文件\_ocr_output\预算\全面实施预算绩效管理案例解读.pdf.md
BUDV6D-022-R03,audit_rule,generated_rule,BUDV6D-022,59,C,预算执行与财政管理 / 绩效评价 / 财政与政府债务,核心价值：预算和绩效管理一体化,核心价值：预算和绩效管理一体化异常性规则,按历史均值、同类项目分位数或政策标准识别核心价值：预算和绩效管理一体化异常偏离。,项目台账；财务收支明细；合同与审批资料；支付凭证；审计发现清单；预算批复表,字段缺失/跨表不一致/偏离阈值/重复异常/时序异常/空间不一致,命中对象、风险等级、证据字段、核查建议,P1,ocr_55_books_deep,E:\2026\审计方法&政策文件\_ocr_output\预算\全面实施预算绩效管理案例解读.pdf.md
PERFV6D-094-R01,audit_rule,generated_rule,PERFV6D-094,59,C,预算执行与财政管理 / 绩效评价 / 财政与政府债务,正确理解政府预算绩效管理改革,正确理解政府预算绩效管理改革完整性规则,检查正确理解政府预算绩效管理改革相关台账、凭证、审批和支付数据是否完整，缺失率超过阈值则预警。,项目台账；财务收支明细；合同与审批资料；支付凭证；审计发现清单；预算批复表,字段缺失/跨表不一致/偏离阈值/重复异常/时序异常/空间不一致,命中对象、风险等级、证据字段、核查建议,P1,ocr_55_books_deep,E:\2026\审计方法&政策文件\_ocr_output\预算\建立全过程预算绩效管理体系.pdf.md
PERFV6D-094-R02,audit_rule,generated_rule,PERFV6D-094,59,C,预算执行与财政管理 / 绩效评价 / 财政与政府债务,正确理解政府预算绩效管理改革,正确理解政府预算绩效管理改革一致性规则,检查正确理解政府预算绩效管理改革在合同、支付、预算、绩效或业务台账之间是否一致。,项目台账；财务收支明细；合同与审批资料；支付凭证；审计发现清单；预算批复表,字段缺失/跨表不一致/偏离阈值/重复异常/时序异常/空间不一致,命中对象、风险等级、证据字段、核查建议,P1,ocr_55_books_deep,E:\2026\审计方法&政策文件\_ocr_output\预算\建立全过程预算绩效管理体系.pdf.md
PERFV6D-094-R03,audit_rule,generated_rule,PERFV6D-094,59,C,预算执行与财政管理 / 绩效评价 / 财政与政府债务,正确理解政府预算绩效管理改革,正确理解政府预算绩效管理改革异常性规则,按历史均值、同类项目分位数或政策标准识别正确理解政府预算绩效管理改革异常偏离。,项目台账；财务收支明细；合同与审批资料；支付凭证；审计发现清单；预算批复表,字段缺失/跨表不一致/偏离阈值/重复异常/时序异常/空间不一致,命中对象、风险等级、证据字段、核查建议,P1,ocr_55_books_deep,E:\2026\审计方法&政策文件\_ocr_output\预算\建立全过程预算绩效管理体系.pdf.md
PERFV6D-111-R01,audit_rule,generated_rule,PERFV6D-111,59,C,预算执行与财政管理 / 绩效评价 / 财政与政府债务,生态环保领域预算绩效评价的案例分析…,生态环保领域预算绩效评价的案例分析…完整性规则,检查生态环保领域预算绩效评价的案例分析…相关台账、凭证、审批和支付数据是否完整，缺失率超过阈值则预警。,项目台账；财务收支明细；合同与审批资料；支付凭证；审计发现清单；预算批复表,字段缺失/跨表不一致/偏离阈值/重复异常/时序异常/空间不一致,命中对象、风险等级、证据字段、核查建议,P1,ocr_55_books_deep,E:\2026\审计方法&政策文件\_ocr_output\预算\预算绩效评价方法与指标.pdf.md
PERFV6D-111-R02,audit_rule,generated_rule,PERFV6D-111,59,C,预算执行与财政管理 / 绩效评价 / 财政与政府债务,生态环保领域预算绩效评价的案例分析…,生态环保领域预算绩效评价的案例分析…一致性规则,检查生态环保领域预算绩效评价的案例分析…在合同、支付、预算、绩效或业务台账之间是否一致。,项目台账；财务收支明细；合同与审批资料；支付凭证；审计发现清单；预算批复表,字段缺失/跨表不一致/偏离阈值/重复异常/时序异常/空间不一致,命中对象、风险等级、证据字段、核查建议,P1,ocr_55_books_deep,E:\2026\审计方法&政策文件\_ocr_output\预算\预算绩效评价方法与指标.pdf.md
PERFV6D-111-R03,audit_rule,generated_rule,PERFV6D-111,59,C,预算执行与财政管理 / 绩效评价 / 财政与政府债务,生态环保领域预算绩效评价的案例分析…,生态环保领域预算绩效评价的案例分析…异常性规则,按历史均值、同类项目分位数或政策标准识别生态环保领域预算绩效评价的案例分析…异常偏离。,项目台账；财务收支明细；合同与审批资料；支付凭证；审计发现清单；预算批复表,字段缺失/跨表不一致/偏离阈值/重复异常/时序异常/空间不一致,命中对象、风险等级、证据字段、核查建议,P1,ocr_55_books_deep,E:\2026\审计方法&政策文件\_ocr_output\预算\预算绩效评价方法与指标.pdf.md
PERFV6D-104-R01,audit_rule,generated_rule,PERFV6D-104,59,C,预算执行与财政管理 / 绩效评价 / 财政与政府债务,绩效管理方法,绩效管理方法完整性规则,检查绩效管理方法相关台账、凭证、审批和支付数据是否完整，缺失率超过阈值则预警。,项目台账；财务收支明细；合同与审批资料；支付凭证；审计发现清单；预算批复表,字段缺失/跨表不一致/偏离阈值/重复异常/时序异常/空间不一致,命中对象、风险等级、证据字段、核查建议,P1,ocr_55_books_deep,E:\2026\审计方法&政策文件\_ocr_output\预算\部门预算绩效管理.pdf.md
PERFV6D-104-R02,audit_rule,generated_rule,PERFV6D-104,59,C,预算执行与财政管理 / 绩效评价 / 财政与政府债务,绩效管理方法,绩效管理方法一致性规则,检查绩效管理方法在合同、支付、预算、绩效或业务台账之间是否一致。,项目台账；财务收支明细；合同与审批资料；支付凭证；审计发现清单；预算批复表,字段缺失/跨表不一致/偏离阈值/重复异常/时序异常/空间不一致,命中对象、风险等级、证据字段、核查建议,P1,ocr_55_books_deep,E:\2026\审计方法&政策文件\_ocr_output\预算\部门预算绩效管理.pdf.md
PERFV6D-104-R03,audit_rule,generated_rule,PERFV6D-104,59,C,预算执行与财政管理 / 绩效评价 / 财政与政府债务,绩效管理方法,绩效管理方法异常性规则,按历史均值、同类项目分位数或政策标准识别绩效管理方法异常偏离。,项目台账；财务收支明细；合同与审批资料；支付凭证；审计发现清单；预算批复表,字段缺失/跨表不一致/偏离阈值/重复异常/时序异常/空间不一致,命中对象、风险等级、证据字段、核查建议,P1,ocr_55_books_deep,E:\2026\审计方法&政策文件\_ocr_output\预算\部门预算绩效管理.pdf.md
PERFV6D-089-R01,audit_rule,generated_rule,PERFV6D-089,59,C,预算执行与财政管理 / 绩效评价 / 财政与政府债务,绩效评价管理概述/070,绩效评价管理概述/070完整性规则,检查绩效评价管理概述/070相关台账、凭证、审批和支付数据是否完整，缺失率超过阈值则预警。,项目台账；财务收支明细；合同与审批资料；支付凭证；审计发现清单；预算批复表,字段缺失/跨表不一致/偏离阈值/重复异常/时序异常/空间不一致,命中对象、风险等级、证据字段、核查建议,P1,ocr_55_books_deep,E:\2026\审计方法&政策文件\_ocr_output\预算\全面实施预算绩效管理实践指导.pdf.md
PERFV6D-089-R02,audit_rule,generated_rule,PERFV6D-089,59,C,预算执行与财政管理 / 绩效评价 / 财政与政府债务,绩效评价管理概述/070,绩效评价管理概述/070一致性规则,检查绩效评价管理概述/070在合同、支付、预算、绩效或业务台账之间是否一致。,项目台账；财务收支明细；合同与审批资料；支付凭证；审计发现清单；预算批复表,字段缺失/跨表不一致/偏离阈值/重复异常/时序异常/空间不一致,命中对象、风险等级、证据字段、核查建议,P1,ocr_55_books_deep,E:\2026\审计方法&政策文件\_ocr_output\预算\全面实施预算绩效管理实践指导.pdf.md
PERFV6D-089-R03,audit_rule,generated_rule,PERFV6D-089,59,C,预算执行与财政管理 / 绩效评价 / 财政与政府债务,绩效评价管理概述/070,绩效评价管理概述/070异常性规则,按历史均值、同类项目分位数或政策标准识别绩效评价管理概述/070异常偏离。,项目台账；财务收支明细；合同与审批资料；支付凭证；审计发现清单；预算批复表,字段缺失/跨表不一致/偏离阈值/重复异常/时序异常/空间不一致,命中对象、风险等级、证据字段、核查建议,P1,ocr_55_books_deep,E:\2026\审计方法&政策文件\_ocr_output\预算\全面实施预算绩效管理实践指导.pdf.md
BUDV6D-033-R01,audit_rule,generated_rule,BUDV6D-033,59,C,预算执行与财政管理 / 绩效评价 / 财政与政府债务,运转类项目成本预算绩效分析的特点与方法,运转类项目成本预算绩效分析的特点与方法完整性规则,检查运转类项目成本预算绩效分析的特点与方法相关台账、凭证、审批和支付数据是否完整，缺失率超过阈值则预警。,项目台账；财务收支明细；合同与审批资料；支付凭证；审计发现清单；预算批复表,字段缺失/跨表不一致/偏离阈值/重复异常/时序异常/空间不一致,命中对象、风险等级、证据字段、核查建议,P1,ocr_55_books_deep,E:\2026\审计方法&政策文件\_ocr_output\预算\成本预算绩效分析方法与案例.pdf.md
BUDV6D-033-R02,audit_rule,generated_rule,BUDV6D-033,59,C,预算执行与财政管理 / 绩效评价 / 财政与政府债务,运转类项目成本预算绩效分析的特点与方法,运转类项目成本预算绩效分析的特点与方法一致性规则,检查运转类项目成本预算绩效分析的特点与方法在合同、支付、预算、绩效或业务台账之间是否一致。,项目台账；财务收支明细；合同与审批资料；支付凭证；审计发现清单；预算批复表,字段缺失/跨表不一致/偏离阈值/重复异常/时序异常/空间不一致,命中对象、风险等级、证据字段、核查建议,P1,ocr_55_books_deep,E:\2026\审计方法&政策文件\_ocr_output\预算\成本预算绩效分析方法与案例.pdf.md
BUDV6D-033-R03,audit_rule,generated_rule,BUDV6D-033,59,C,预算执行与财政管理 / 绩效评价 / 财政与政府债务,运转类项目成本预算绩效分析的特点与方法,运转类项目成本预算绩效分析的特点与方法异常性规则,按历史均值、同类项目分位数或政策标准识别运转类项目成本预算绩效分析的特点与方法异常偏离。,项目台账；财务收支明细；合同与审批资料；支付凭证；审计发现清单；预算批复表,字段缺失/跨表不一致/偏离阈值/重复异常/时序异常/空间不一致,命中对象、风险等级、证据字段、核查建议,P1,ocr_55_books_deep,E:\2026\审计方法&政策文件\_ocr_output\预算\成本预算绩效分析方法与案例.pdf.md
BUDV6D-046-R01,audit_rule,generated_rule,BUDV6D-046,59,C,预算执行与财政管理 / 绩效评价 / 财政与政府债务,部门整体预算绩效评价的工具与方法,部门整体预算绩效评价的工具与方法完整性规则,检查部门整体预算绩效评价的工具与方法相关台账、凭证、审批和支付数据是否完整，缺失率超过阈值则预警。,项目台账；财务收支明细；合同与审批资料；支付凭证；审计发现清单；预算批复表,字段缺失/跨表不一致/偏离阈值/重复异常/时序异常/空间不一致,命中对象、风险等级、证据字段、核查建议,P1,ocr_55_books_deep,E:\2026\审计方法&政策文件\_ocr_output\预算\部门整体预算绩效评价研究.pdf.md
BUDV6D-046-R02,audit_rule,generated_rule,BUDV6D-046,59,C,预算执行与财政管理 / 绩效评价 / 财政与政府债务,部门整体预算绩效评价的工具与方法,部门整体预算绩效评价的工具与方法一致性规则,检查部门整体预算绩效评价的工具与方法在合同、支付、预算、绩效或业务台账之间是否一致。,项目台账；财务收支明细；合同与审批资料；支付凭证；审计发现清单；预算批复表,字段缺失/跨表不一致/偏离阈值/重复异常/时序异常/空间不一致,命中对象、风险等级、证据字段、核查建议,P1,ocr_55_books_deep,E:\2026\审计方法&政策文件\_ocr_output\预算\部门整体预算绩效评价研究.pdf.md
BUDV6D-046-R03,audit_rule,generated_rule,BUDV6D-046,59,C,预算执行与财政管理 / 绩效评价 / 财政与政府债务,部门整体预算绩效评价的工具与方法,部门整体预算绩效评价的工具与方法异常性规则,按历史均值、同类项目分位数或政策标准识别部门整体预算绩效评价的工具与方法异常偏离。,项目台账；财务收支明细；合同与审批资料；支付凭证；审计发现清单；预算批复表,字段缺失/跨表不一致/偏离阈值/重复异常/时序异常/空间不一致,命中对象、风险等级、证据字段、核查建议,P1,ocr_55_books_deep,E:\2026\审计方法&政策文件\_ocr_output\预算\部门整体预算绩效评价研究.pdf.md
BUDV6D-060-R01,audit_rule,generated_rule,BUDV6D-060,59,C,预算执行与财政管理 / 绩效评价 / 财政与政府债务,部门预算和财务管理体制,部门预算和财务管理体制完整性规则,检查部门预算和财务管理体制相关台账、凭证、审批和支付数据是否完整，缺失率超过阈值则预警。,项目台账；财务收支明细；合同与审批资料；支付凭证；审计发现清单；预算批复表,字段缺失/跨表不一致/偏离阈值/重复异常/时序异常/空间不一致,命中对象、风险等级、证据字段、核查建议,P1,ocr_55_books_deep,E:\2026\审计方法&政策文件\_ocr_output\预算\部门预算执行审计指南.pdf.md
BUDV6D-060-R02,audit_rule,generated_rule,BUDV6D-060,59,C,预算执行与财政管理 / 绩效评价 / 财政与政府债务,部门预算和财务管理体制,部门预算和财务管理体制一致性规则,检查部门预算和财务管理体制在合同、支付、预算、绩效或业务台账之间是否一致。,项目台账；财务收支明细；合同与审批资料；支付凭证；审计发现清单；预算批复表,字段缺失/跨表不一致/偏离阈值/重复异常/时序异常/空间不一致,命中对象、风险等级、证据字段、核查建议,P1,ocr_55_books_deep,E:\2026\审计方法&政策文件\_ocr_output\预算\部门预算执行审计指南.pdf.md
BUDV6D-060-R03,audit_rule,generated_rule,BUDV6D-060,59,C,预算执行与财政管理 / 绩效评价 / 财政与政府债务,部门预算和财务管理体制,部门预算和财务管理体制异常性规则,按历史均值、同类项目分位数或政策标准识别部门预算和财务管理体制异常偏离。,项目台账；财务收支明细；合同与审批资料；支付凭证；审计发现清单；预算批复表,字段缺失/跨表不一致/偏离阈值/重复异常/时序异常/空间不一致,命中对象、风险等级、证据字段、核查建议,P1,ocr_55_books_deep,E:\2026\审计方法&政策文件\_ocr_output\预算\部门预算执行审计指南.pdf.md
BUDV6D-057-R01,audit_rule,generated_rule,BUDV6D-057,59,C,预算执行与财政管理 / 绩效评价 / 财政与政府债务,部门预算基本支出业务审计内容和方法,部门预算基本支出业务审计内容和方法完整性规则,检查部门预算基本支出业务审计内容和方法相关台账、凭证、审批和支付数据是否完整，缺失率超过阈值则预警。,项目台账；财务收支明细；合同与审批资料；支付凭证；审计发现清单；预算批复表,字段缺失/跨表不一致/偏离阈值/重复异常/时序异常/空间不一致,命中对象、风险等级、证据字段、核查建议,P1,ocr_55_books_deep,E:\2026\审计方法&政策文件\_ocr_output\预算\部门预算执行审计指南.pdf.md
BUDV6D-057-R02,audit_rule,generated_rule,BUDV6D-057,59,C,预算执行与财政管理 / 绩效评价 / 财政与政府债务,部门预算基本支出业务审计内容和方法,部门预算基本支出业务审计内容和方法一致性规则,检查部门预算基本支出业务审计内容和方法在合同、支付、预算、绩效或业务台账之间是否一致。,项目台账；财务收支明细；合同与审批资料；支付凭证；审计发现清单；预算批复表,字段缺失/跨表不一致/偏离阈值/重复异常/时序异常/空间不一致,命中对象、风险等级、证据字段、核查建议,P1,ocr_55_books_deep,E:\2026\审计方法&政策文件\_ocr_output\预算\部门预算执行审计指南.pdf.md
BUDV6D-057-R03,audit_rule,generated_rule,BUDV6D-057,59,C,预算执行与财政管理 / 绩效评价 / 财政与政府债务,部门预算基本支出业务审计内容和方法,部门预算基本支出业务审计内容和方法异常性规则,按历史均值、同类项目分位数或政策标准识别部门预算基本支出业务审计内容和方法异常偏离。,项目台账；财务收支明细；合同与审批资料；支付凭证；审计发现清单；预算批复表,字段缺失/跨表不一致/偏离阈值/重复异常/时序异常/空间不一致,命中对象、风险等级、证据字段、核查建议,P1,ocr_55_books_deep,E:\2026\审计方法&政策文件\_ocr_output\预算\部门预算执行审计指南.pdf.md
BUDV6D-058-R01,audit_rule,generated_rule,BUDV6D-058,59,C,预算执行与财政管理 / 绩效评价 / 财政与政府债务,部门预算执行审计指南.pdf,部门预算执行审计指南.pdf完整性规则,检查部门预算执行审计指南.pdf相关台账、凭证、审批和支付数据是否完整，缺失率超过阈值则预警。,项目台账；财务收支明细；合同与审批资料；支付凭证；审计发现清单；预算批复表,字段缺失/跨表不一致/偏离阈值/重复异常/时序异常/空间不一致,命中对象、风险等级、证据字段、核查建议,P1,ocr_55_books_deep,E:\2026\审计方法&政策文件\_ocr_output\预算\部门预算执行审计指南.pdf.md
BUDV6D-058-R02,audit_rule,generated_rule,BUDV6D-058,59,C,预算执行与财政管理 / 绩效评价 / 财政与政府债务,部门预算执行审计指南.pdf,部门预算执行审计指南.pdf一致性规则,检查部门预算执行审计指南.pdf在合同、支付、预算、绩效或业务台账之间是否一致。,项目台账；财务收支明细；合同与审批资料；支付凭证；审计发现清单；预算批复表,字段缺失/跨表不一致/偏离阈值/重复异常/时序异常/空间不一致,命中对象、风险等级、证据字段、核查建议,P1,ocr_55_books_deep,E:\2026\审计方法&政策文件\_ocr_output\预算\部门预算执行审计指南.pdf.md
BUDV6D-058-R03,audit_rule,generated_rule,BUDV6D-058,59,C,预算执行与财政管理 / 绩效评价 / 财政与政府债务,部门预算执行审计指南.pdf,部门预算执行审计指南.pdf异常性规则,按历史均值、同类项目分位数或政策标准识别部门预算执行审计指南.pdf异常偏离。,项目台账；财务收支明细；合同与审批资料；支付凭证；审计发现清单；预算批复表,字段缺失/跨表不一致/偏离阈值/重复异常/时序异常/空间不一致,命中对象、风险等级、证据字段、核查建议,P1,ocr_55_books_deep,E:\2026\审计方法&政策文件\_ocr_output\预算\部门预算执行审计指南.pdf.md
BUDV6D-059-R01,audit_rule,generated_rule,BUDV6D-059,59,C,预算执行与财政管理 / 绩效评价 / 财政与政府债务,部门预算执行审计环境,部门预算执行审计环境完整性规则,检查部门预算执行审计环境相关台账、凭证、审批和支付数据是否完整，缺失率超过阈值则预警。,项目台账；财务收支明细；合同与审批资料；支付凭证；审计发现清单；预算批复表,字段缺失/跨表不一致/偏离阈值/重复异常/时序异常/空间不一致,命中对象、风险等级、证据字段、核查建议,P1,ocr_55_books_deep,E:\2026\审计方法&政策文件\_ocr_output\预算\部门预算执行审计指南.pdf.md
BUDV6D-059-R02,audit_rule,generated_rule,BUDV6D-059,59,C,预算执行与财政管理 / 绩效评价 / 财政与政府债务,部门预算执行审计环境,部门预算执行审计环境一致性规则,检查部门预算执行审计环境在合同、支付、预算、绩效或业务台账之间是否一致。,项目台账；财务收支明细；合同与审批资料；支付凭证；审计发现清单；预算批复表,字段缺失/跨表不一致/偏离阈值/重复异常/时序异常/空间不一致,命中对象、风险等级、证据字段、核查建议,P1,ocr_55_books_deep,E:\2026\审计方法&政策文件\_ocr_output\预算\部门预算执行审计指南.pdf.md
BUDV6D-059-R03,audit_rule,generated_rule,BUDV6D-059,59,C,预算执行与财政管理 / 绩效评价 / 财政与政府债务,部门预算执行审计环境,部门预算执行审计环境异常性规则,按历史均值、同类项目分位数或政策标准识别部门预算执行审计环境异常偏离。,项目台账；财务收支明细；合同与审批资料；支付凭证；审计发现清单；预算批复表,字段缺失/跨表不一致/偏离阈值/重复异常/时序异常/空间不一致,命中对象、风险等级、证据字段、核查建议,P1,ocr_55_books_deep,E:\2026\审计方法&政策文件\_ocr_output\预算\部门预算执行审计指南.pdf.md
BUDV6D-053-R01,audit_rule,generated_rule,BUDV6D-053,69,C,预算执行与财政管理 / 绩效评价 / 财政与政府债务,部门预算执行审计的程序和方法,部门预算执行审计的程序和方法完整性规则,检查部门预算执行审计的程序和方法相关台账、凭证、审批和支付数据是否完整，缺失率超过阈值则预警。,项目台账；财务收支明细；合同与审批资料；支付凭证；审计发现清单；预算批复表,字段缺失/跨表不一致/偏离阈值/重复异常/时序异常/空间不一致,命中对象、风险等级、证据字段、核查建议,P0,ocr_55_books_deep,E:\2026\审计方法&政策文件\_ocr_output\预算\部门预算执行审计指南.pdf.md
BUDV6D-053-R02,audit_rule,generated_rule,BUDV6D-053,69,C,预算执行与财政管理 / 绩效评价 / 财政与政府债务,部门预算执行审计的程序和方法,部门预算执行审计的程序和方法一致性规则,检查部门预算执行审计的程序和方法在合同、支付、预算、绩效或业务台账之间是否一致。,项目台账；财务收支明细；合同与审批资料；支付凭证；审计发现清单；预算批复表,字段缺失/跨表不一致/偏离阈值/重复异常/时序异常/空间不一致,命中对象、风险等级、证据字段、核查建议,P0,ocr_55_books_deep,E:\2026\审计方法&政策文件\_ocr_output\预算\部门预算执行审计指南.pdf.md
BUDV6D-053-R03,audit_rule,generated_rule,BUDV6D-053,69,C,预算执行与财政管理 / 绩效评价 / 财政与政府债务,部门预算执行审计的程序和方法,部门预算执行审计的程序和方法异常性规则,按历史均值、同类项目分位数或政策标准识别部门预算执行审计的程序和方法异常偏离。,项目台账；财务收支明细；合同与审批资料；支付凭证；审计发现清单；预算批复表,字段缺失/跨表不一致/偏离阈值/重复异常/时序异常/空间不一致,命中对象、风险等级、证据字段、核查建议,P0,ocr_55_books_deep,E:\2026\审计方法&政策文件\_ocr_output\预算\部门预算执行审计指南.pdf.md
PERFV6D-100-R01,audit_rule,generated_rule,PERFV6D-100,59,C,预算执行与财政管理 / 绩效评价 / 财政与政府债务,部门预算绩效管理.pdf,部门预算绩效管理.pdf完整性规则,检查部门预算绩效管理.pdf相关台账、凭证、审批和支付数据是否完整，缺失率超过阈值则预警。,项目台账；财务收支明细；合同与审批资料；支付凭证；审计发现清单；预算批复表,字段缺失/跨表不一致/偏离阈值/重复异常/时序异常/空间不一致,命中对象、风险等级、证据字段、核查建议,P1,ocr_55_books_deep,E:\2026\审计方法&政策文件\_ocr_output\预算\部门预算绩效管理.pdf.md
PERFV6D-100-R02,audit_rule,generated_rule,PERFV6D-100,59,C,预算执行与财政管理 / 绩效评价 / 财政与政府债务,部门预算绩效管理.pdf,部门预算绩效管理.pdf一致性规则,检查部门预算绩效管理.pdf在合同、支付、预算、绩效或业务台账之间是否一致。,项目台账；财务收支明细；合同与审批资料；支付凭证；审计发现清单；预算批复表,字段缺失/跨表不一致/偏离阈值/重复异常/时序异常/空间不一致,命中对象、风险等级、证据字段、核查建议,P1,ocr_55_books_deep,E:\2026\审计方法&政策文件\_ocr_output\预算\部门预算绩效管理.pdf.md
PERFV6D-100-R03,audit_rule,generated_rule,PERFV6D-100,59,C,预算执行与财政管理 / 绩效评价 / 财政与政府债务,部门预算绩效管理.pdf,部门预算绩效管理.pdf异常性规则,按历史均值、同类项目分位数或政策标准识别部门预算绩效管理.pdf异常偏离。,项目台账；财务收支明细；合同与审批资料；支付凭证；审计发现清单；预算批复表,字段缺失/跨表不一致/偏离阈值/重复异常/时序异常/空间不一致,命中对象、风险等级、证据字段、核查建议,P1,ocr_55_books_deep,E:\2026\审计方法&政策文件\_ocr_output\预算\部门预算绩效管理.pdf.md
PERFV6D-101-R01,audit_rule,generated_rule,PERFV6D-101,59,C,预算执行与财政管理 / 绩效评价 / 财政与政府债务,部门预算绩效管理概述,部门预算绩效管理概述完整性规则,检查部门预算绩效管理概述相关台账、凭证、审批和支付数据是否完整，缺失率超过阈值则预警。,项目台账；财务收支明细；合同与审批资料；支付凭证；审计发现清单；预算批复表,字段缺失/跨表不一致/偏离阈值/重复异常/时序异常/空间不一致,命中对象、风险等级、证据字段、核查建议,P1,ocr_55_books_deep,E:\2026\审计方法&政策文件\_ocr_output\预算\部门预算绩效管理.pdf.md
PERFV6D-101-R02,audit_rule,generated_rule,PERFV6D-101,59,C,预算执行与财政管理 / 绩效评价 / 财政与政府债务,部门预算绩效管理概述,部门预算绩效管理概述一致性规则,检查部门预算绩效管理概述在合同、支付、预算、绩效或业务台账之间是否一致。,项目台账；财务收支明细；合同与审批资料；支付凭证；审计发现清单；预算批复表,字段缺失/跨表不一致/偏离阈值/重复异常/时序异常/空间不一致,命中对象、风险等级、证据字段、核查建议,P1,ocr_55_books_deep,E:\2026\审计方法&政策文件\_ocr_output\预算\部门预算绩效管理.pdf.md
PERFV6D-101-R03,audit_rule,generated_rule,PERFV6D-101,59,C,预算执行与财政管理 / 绩效评价 / 财政与政府债务,部门预算绩效管理概述,部门预算绩效管理概述异常性规则,按历史均值、同类项目分位数或政策标准识别部门预算绩效管理概述异常偏离。,项目台账；财务收支明细；合同与审批资料；支付凭证；审计发现清单；预算批复表,字段缺失/跨表不一致/偏离阈值/重复异常/时序异常/空间不一致,命中对象、风险等级、证据字段、核查建议,P1,ocr_55_books_deep,E:\2026\审计方法&政策文件\_ocr_output\预算\部门预算绩效管理.pdf.md
PERFV6D-106-R01,audit_rule,generated_rule,PERFV6D-106,59,C,预算执行与财政管理 / 绩效评价 / 财政与政府债务,部门预算绩效管理的主体系统,部门预算绩效管理的主体系统完整性规则,检查部门预算绩效管理的主体系统相关台账、凭证、审批和支付数据是否完整，缺失率超过阈值则预警。,项目台账；财务收支明细；合同与审批资料；支付凭证；审计发现清单；预算批复表,字段缺失/跨表不一致/偏离阈值/重复异常/时序异常/空间不一致,命中对象、风险等级、证据字段、核查建议,P1,ocr_55_books_deep,E:\2026\审计方法&政策文件\_ocr_output\预算\部门预算绩效管理.pdf.md
PERFV6D-106-R02,audit_rule,generated_rule,PERFV6D-106,59,C,预算执行与财政管理 / 绩效评价 / 财政与政府债务,部门预算绩效管理的主体系统,部门预算绩效管理的主体系统一致性规则,检查部门预算绩效管理的主体系统在合同、支付、预算、绩效或业务台账之间是否一致。,项目台账；财务收支明细；合同与审批资料；支付凭证；审计发现清单；预算批复表,字段缺失/跨表不一致/偏离阈值/重复异常/时序异常/空间不一致,命中对象、风险等级、证据字段、核查建议,P1,ocr_55_books_deep,E:\2026\审计方法&政策文件\_ocr_output\预算\部门预算绩效管理.pdf.md
PERFV6D-106-R03,audit_rule,generated_rule,PERFV6D-106,59,C,预算执行与财政管理 / 绩效评价 / 财政与政府债务,部门预算绩效管理的主体系统,部门预算绩效管理的主体系统异常性规则,按历史均值、同类项目分位数或政策标准识别部门预算绩效管理的主体系统异常偏离。,项目台账；财务收支明细；合同与审批资料；支付凭证；审计发现清单；预算批复表,字段缺失/跨表不一致/偏离阈值/重复异常/时序异常/空间不一致,命中对象、风险等级、证据字段、核查建议,P1,ocr_55_books_deep,E:\2026\审计方法&政策文件\_ocr_output\预算\部门预算绩效管理.pdf.md
PERFV6D-102-R01,audit_rule,generated_rule,PERFV6D-102,59,C,预算执行与财政管理 / 绩效评价 / 财政与政府债务,部门预算绩效管理的定位,部门预算绩效管理的定位完整性规则,检查部门预算绩效管理的定位相关台账、凭证、审批和支付数据是否完整，缺失率超过阈值则预警。,项目台账；财务收支明细；合同与审批资料；支付凭证；审计发现清单；预算批复表,字段缺失/跨表不一致/偏离阈值/重复异常/时序异常/空间不一致,命中对象、风险等级、证据字段、核查建议,P1,ocr_55_books_deep,E:\2026\审计方法&政策文件\_ocr_output\预算\部门预算绩效管理.pdf.md
PERFV6D-102-R02,audit_rule,generated_rule,PERFV6D-102,59,C,预算执行与财政管理 / 绩效评价 / 财政与政府债务,部门预算绩效管理的定位,部门预算绩效管理的定位一致性规则,检查部门预算绩效管理的定位在合同、支付、预算、绩效或业务台账之间是否一致。,项目台账；财务收支明细；合同与审批资料；支付凭证；审计发现清单；预算批复表,字段缺失/跨表不一致/偏离阈值/重复异常/时序异常/空间不一致,命中对象、风险等级、证据字段、核查建议,P1,ocr_55_books_deep,E:\2026\审计方法&政策文件\_ocr_output\预算\部门预算绩效管理.pdf.md
PERFV6D-102-R03,audit_rule,generated_rule,PERFV6D-102,59,C,预算执行与财政管理 / 绩效评价 / 财政与政府债务,部门预算绩效管理的定位,部门预算绩效管理的定位异常性规则,按历史均值、同类项目分位数或政策标准识别部门预算绩效管理的定位异常偏离。,项目台账；财务收支明细；合同与审批资料；支付凭证；审计发现清单；预算批复表,字段缺失/跨表不一致/偏离阈值/重复异常/时序异常/空间不一致,命中对象、风险等级、证据字段、核查建议,P1,ocr_55_books_deep,E:\2026\审计方法&政策文件\_ocr_output\预算\部门预算绩效管理.pdf.md
PERFV6D-099-R01,audit_rule,generated_rule,PERFV6D-099,69,C,预算执行与财政管理 / 绩效评价 / 财政与政府债务,部门预算绩效管理的理论与方法,部门预算绩效管理的理论与方法完整性规则,检查部门预算绩效管理的理论与方法相关台账、凭证、审批和支付数据是否完整，缺失率超过阈值则预警。,项目台账；财务收支明细；合同与审批资料；支付凭证；审计发现清单；预算批复表,字段缺失/跨表不一致/偏离阈值/重复异常/时序异常/空间不一致,命中对象、风险等级、证据字段、核查建议,P0,ocr_55_books_deep,E:\2026\审计方法&政策文件\_ocr_output\预算\部门预算绩效管理.pdf.md
PERFV6D-099-R02,audit_rule,generated_rule,PERFV6D-099,69,C,预算执行与财政管理 / 绩效评价 / 财政与政府债务,部门预算绩效管理的理论与方法,部门预算绩效管理的理论与方法一致性规则,检查部门预算绩效管理的理论与方法在合同、支付、预算、绩效或业务台账之间是否一致。,项目台账；财务收支明细；合同与审批资料；支付凭证；审计发现清单；预算批复表,字段缺失/跨表不一致/偏离阈值/重复异常/时序异常/空间不一致,命中对象、风险等级、证据字段、核查建议,P0,ocr_55_books_deep,E:\2026\审计方法&政策文件\_ocr_output\预算\部门预算绩效管理.pdf.md
PERFV6D-099-R03,audit_rule,generated_rule,PERFV6D-099,69,C,预算执行与财政管理 / 绩效评价 / 财政与政府债务,部门预算绩效管理的理论与方法,部门预算绩效管理的理论与方法异常性规则,按历史均值、同类项目分位数或政策标准识别部门预算绩效管理的理论与方法异常偏离。,项目台账；财务收支明细；合同与审批资料；支付凭证；审计发现清单；预算批复表,字段缺失/跨表不一致/偏离阈值/重复异常/时序异常/空间不一致,命中对象、风险等级、证据字段、核查建议,P0,ocr_55_books_deep,E:\2026\审计方法&政策文件\_ocr_output\预算\部门预算绩效管理.pdf.md
PERFV6D-103-R01,audit_rule,generated_rule,PERFV6D-103,59,C,预算执行与财政管理 / 绩效评价 / 财政与政府债务,部门预算绩效管理的范式演变,部门预算绩效管理的范式演变完整性规则,检查部门预算绩效管理的范式演变相关台账、凭证、审批和支付数据是否完整，缺失率超过阈值则预警。,项目台账；财务收支明细；合同与审批资料；支付凭证；审计发现清单；预算批复表,字段缺失/跨表不一致/偏离阈值/重复异常/时序异常/空间不一致,命中对象、风险等级、证据字段、核查建议,P1,ocr_55_books_deep,E:\2026\审计方法&政策文件\_ocr_output\预算\部门预算绩效管理.pdf.md
PERFV6D-103-R02,audit_rule,generated_rule,PERFV6D-103,59,C,预算执行与财政管理 / 绩效评价 / 财政与政府债务,部门预算绩效管理的范式演变,部门预算绩效管理的范式演变一致性规则,检查部门预算绩效管理的范式演变在合同、支付、预算、绩效或业务台账之间是否一致。,项目台账；财务收支明细；合同与审批资料；支付凭证；审计发现清单；预算批复表,字段缺失/跨表不一致/偏离阈值/重复异常/时序异常/空间不一致,命中对象、风险等级、证据字段、核查建议,P1,ocr_55_books_deep,E:\2026\审计方法&政策文件\_ocr_output\预算\部门预算绩效管理.pdf.md
PERFV6D-103-R03,audit_rule,generated_rule,PERFV6D-103,59,C,预算执行与财政管理 / 绩效评价 / 财政与政府债务,部门预算绩效管理的范式演变,部门预算绩效管理的范式演变异常性规则,按历史均值、同类项目分位数或政策标准识别部门预算绩效管理的范式演变异常偏离。,项目台账；财务收支明细；合同与审批资料；支付凭证；审计发现清单；预算批复表,字段缺失/跨表不一致/偏离阈值/重复异常/时序异常/空间不一致,命中对象、风险等级、证据字段、核查建议,P1,ocr_55_books_deep,E:\2026\审计方法&政策文件\_ocr_output\预算\部门预算绩效管理.pdf.md
PERFV6D-105-R01,audit_rule,generated_rule,PERFV6D-105,59,C,预算执行与财政管理 / 绩效评价 / 财政与政府债务,部门预算绩效管理系统集成模型概述,部门预算绩效管理系统集成模型概述完整性规则,检查部门预算绩效管理系统集成模型概述相关台账、凭证、审批和支付数据是否完整，缺失率超过阈值则预警。,项目台账；财务收支明细；合同与审批资料；支付凭证；审计发现清单；预算批复表,字段缺失/跨表不一致/偏离阈值/重复异常/时序异常/空间不一致,命中对象、风险等级、证据字段、核查建议,P1,ocr_55_books_deep,E:\2026\审计方法&政策文件\_ocr_output\预算\部门预算绩效管理.pdf.md
PERFV6D-105-R02,audit_rule,generated_rule,PERFV6D-105,59,C,预算执行与财政管理 / 绩效评价 / 财政与政府债务,部门预算绩效管理系统集成模型概述,部门预算绩效管理系统集成模型概述一致性规则,检查部门预算绩效管理系统集成模型概述在合同、支付、预算、绩效或业务台账之间是否一致。,项目台账；财务收支明细；合同与审批资料；支付凭证；审计发现清单；预算批复表,字段缺失/跨表不一致/偏离阈值/重复异常/时序异常/空间不一致,命中对象、风险等级、证据字段、核查建议,P1,ocr_55_books_deep,E:\2026\审计方法&政策文件\_ocr_output\预算\部门预算绩效管理.pdf.md
PERFV6D-105-R03,audit_rule,generated_rule,PERFV6D-105,59,C,预算执行与财政管理 / 绩效评价 / 财政与政府债务,部门预算绩效管理系统集成模型概述,部门预算绩效管理系统集成模型概述异常性规则,按历史均值、同类项目分位数或政策标准识别部门预算绩效管理系统集成模型概述异常偏离。,项目台账；财务收支明细；合同与审批资料；支付凭证；审计发现清单；预算批复表,字段缺失/跨表不一致/偏离阈值/重复异常/时序异常/空间不一致,命中对象、风险等级、证据字段、核查建议,P1,ocr_55_books_deep,E:\2026\审计方法&政策文件\_ocr_output\预算\部门预算绩效管理.pdf.md
BUDV6D-054-R01,audit_rule,generated_rule,BUDV6D-054,59,C,预算执行与财政管理 / 绩效评价 / 财政与政府债务,部门预算编制和批复业务审计内容和方法,部门预算编制和批复业务审计内容和方法完整性规则,检查部门预算编制和批复业务审计内容和方法相关台账、凭证、审批和支付数据是否完整，缺失率超过阈值则预警。,项目台账；财务收支明细；合同与审批资料；支付凭证；审计发现清单；预算批复表,字段缺失/跨表不一致/偏离阈值/重复异常/时序异常/空间不一致,命中对象、风险等级、证据字段、核查建议,P1,ocr_55_books_deep,E:\2026\审计方法&政策文件\_ocr_output\预算\部门预算执行审计指南.pdf.md
BUDV6D-054-R02,audit_rule,generated_rule,BUDV6D-054,59,C,预算执行与财政管理 / 绩效评价 / 财政与政府债务,部门预算编制和批复业务审计内容和方法,部门预算编制和批复业务审计内容和方法一致性规则,检查部门预算编制和批复业务审计内容和方法在合同、支付、预算、绩效或业务台账之间是否一致。,项目台账；财务收支明细；合同与审批资料；支付凭证；审计发现清单；预算批复表,字段缺失/跨表不一致/偏离阈值/重复异常/时序异常/空间不一致,命中对象、风险等级、证据字段、核查建议,P1,ocr_55_books_deep,E:\2026\审计方法&政策文件\_ocr_output\预算\部门预算执行审计指南.pdf.md
BUDV6D-054-R03,audit_rule,generated_rule,BUDV6D-054,59,C,预算执行与财政管理 / 绩效评价 / 财政与政府债务,部门预算编制和批复业务审计内容和方法,部门预算编制和批复业务审计内容和方法异常性规则,按历史均值、同类项目分位数或政策标准识别部门预算编制和批复业务审计内容和方法异常偏离。,项目台账；财务收支明细；合同与审批资料；支付凭证；审计发现清单；预算批复表,字段缺失/跨表不一致/偏离阈值/重复异常/时序异常/空间不一致,命中对象、风险等级、证据字段、核查建议,P1,ocr_55_books_deep,E:\2026\审计方法&政策文件\_ocr_output\预算\部门预算执行审计指南.pdf.md
BUDV6D-056-R01,audit_rule,generated_rule,BUDV6D-056,59,C,预算执行与财政管理 / 绩效评价 / 财政与政府债务,部门预算资金拨付业务概述和审计目标,部门预算资金拨付业务概述和审计目标完整性规则,检查部门预算资金拨付业务概述和审计目标相关台账、凭证、审批和支付数据是否完整，缺失率超过阈值则预警。,项目台账；财务收支明细；合同与审批资料；支付凭证；审计发现清单；预算批复表,字段缺失/跨表不一致/偏离阈值/重复异常/时序异常/空间不一致,命中对象、风险等级、证据字段、核查建议,P1,ocr_55_books_deep,E:\2026\审计方法&政策文件\_ocr_output\预算\部门预算执行审计指南.pdf.md
BUDV6D-056-R02,audit_rule,generated_rule,BUDV6D-056,59,C,预算执行与财政管理 / 绩效评价 / 财政与政府债务,部门预算资金拨付业务概述和审计目标,部门预算资金拨付业务概述和审计目标一致性规则,检查部门预算资金拨付业务概述和审计目标在合同、支付、预算、绩效或业务台账之间是否一致。,项目台账；财务收支明细；合同与审批资料；支付凭证；审计发现清单；预算批复表,字段缺失/跨表不一致/偏离阈值/重复异常/时序异常/空间不一致,命中对象、风险等级、证据字段、核查建议,P1,ocr_55_books_deep,E:\2026\审计方法&政策文件\_ocr_output\预算\部门预算执行审计指南.pdf.md
BUDV6D-056-R03,audit_rule,generated_rule,BUDV6D-056,59,C,预算执行与财政管理 / 绩效评价 / 财政与政府债务,部门预算资金拨付业务概述和审计目标,部门预算资金拨付业务概述和审计目标异常性规则,按历史均值、同类项目分位数或政策标准识别部门预算资金拨付业务概述和审计目标异常偏离。,项目台账；财务收支明细；合同与审批资料；支付凭证；审计发现清单；预算批复表,字段缺失/跨表不一致/偏离阈值/重复异常/时序异常/空间不一致,命中对象、风险等级、证据字段、核查建议,P1,ocr_55_books_deep,E:\2026\审计方法&政策文件\_ocr_output\预算\部门预算执行审计指南.pdf.md
BUDV6D-055-R01,audit_rule,generated_rule,BUDV6D-055,59,C,预算执行与财政管理 / 绩效评价 / 财政与政府债务,部门预算资金拨付审计,部门预算资金拨付审计完整性规则,检查部门预算资金拨付审计相关台账、凭证、审批和支付数据是否完整，缺失率超过阈值则预警。,项目台账；财务收支明细；合同与审批资料；支付凭证；审计发现清单；预算批复表,字段缺失/跨表不一致/偏离阈值/重复异常/时序异常/空间不一致,命中对象、风险等级、证据字段、核查建议,P1,ocr_55_books_deep,E:\2026\审计方法&政策文件\_ocr_output\预算\部门预算执行审计指南.pdf.md
BUDV6D-055-R02,audit_rule,generated_rule,BUDV6D-055,59,C,预算执行与财政管理 / 绩效评价 / 财政与政府债务,部门预算资金拨付审计,部门预算资金拨付审计一致性规则,检查部门预算资金拨付审计在合同、支付、预算、绩效或业务台账之间是否一致。,项目台账；财务收支明细；合同与审批资料；支付凭证；审计发现清单；预算批复表,字段缺失/跨表不一致/偏离阈值/重复异常/时序异常/空间不一致,命中对象、风险等级、证据字段、核查建议,P1,ocr_55_books_deep,E:\2026\审计方法&政策文件\_ocr_output\预算\部门预算执行审计指南.pdf.md
BUDV6D-055-R03,audit_rule,generated_rule,BUDV6D-055,59,C,预算执行与财政管理 / 绩效评价 / 财政与政府债务,部门预算资金拨付审计,部门预算资金拨付审计异常性规则,按历史均值、同类项目分位数或政策标准识别部门预算资金拨付审计异常偏离。,项目台账；财务收支明细；合同与审批资料；支付凭证；审计发现清单；预算批复表,字段缺失/跨表不一致/偏离阈值/重复异常/时序异常/空间不一致,命中对象、风险等级、证据字段、核查建议,P1,ocr_55_books_deep,E:\2026\审计方法&政策文件\_ocr_output\预算\部门预算执行审计指南.pdf.md
BUDV6D-017-R01,audit_rule,generated_rule,BUDV6D-017,59,C,预算执行与财政管理 / 绩效评价 / 财政与政府债务,预算执行偏离,预算执行偏离完整性规则,检查预算执行偏离相关台账、凭证、审批和支付数据是否完整，缺失率超过阈值则预警。,项目台账；财务收支明细；合同与审批资料；支付凭证；审计发现清单；预算批复表,字段缺失/跨表不一致/偏离阈值/重复异常/时序异常/空间不一致,命中对象、风险等级、证据字段、核查建议,P1,ocr_55_books_deep,E:\2026\审计方法&政策文件\_ocr_output\预算\中央部门预算执行审计常用定性表述及适用法规向导.pdf.md
BUDV6D-017-R02,audit_rule,generated_rule,BUDV6D-017,59,C,预算执行与财政管理 / 绩效评价 / 财政与政府债务,预算执行偏离,预算执行偏离一致性规则,检查预算执行偏离在合同、支付、预算、绩效或业务台账之间是否一致。,项目台账；财务收支明细；合同与审批资料；支付凭证；审计发现清单；预算批复表,字段缺失/跨表不一致/偏离阈值/重复异常/时序异常/空间不一致,命中对象、风险等级、证据字段、核查建议,P1,ocr_55_books_deep,E:\2026\审计方法&政策文件\_ocr_output\预算\中央部门预算执行审计常用定性表述及适用法规向导.pdf.md
BUDV6D-017-R03,audit_rule,generated_rule,BUDV6D-017,59,C,预算执行与财政管理 / 绩效评价 / 财政与政府债务,预算执行偏离,预算执行偏离异常性规则,按历史均值、同类项目分位数或政策标准识别预算执行偏离异常偏离。,项目台账；财务收支明细；合同与审批资料；支付凭证；审计发现清单；预算批复表,字段缺失/跨表不一致/偏离阈值/重复异常/时序异常/空间不一致,命中对象、风险等级、证据字段、核查建议,P1,ocr_55_books_deep,E:\2026\审计方法&政策文件\_ocr_output\预算\中央部门预算执行审计常用定性表述及适用法规向导.pdf.md
BUDV6D-043-R01,audit_rule,generated_rule,BUDV6D-043,59,C,预算执行与财政管理 / 绩效评价 / 财政与政府债务,预算执行偏离,预算执行偏离完整性规则,检查预算执行偏离相关台账、凭证、审批和支付数据是否完整，缺失率超过阈值则预警。,项目台账；财务收支明细；合同与审批资料；支付凭证；审计发现清单；预算批复表,字段缺失/跨表不一致/偏离阈值/重复异常/时序异常/空间不一致,命中对象、风险等级、证据字段、核查建议,P1,ocr_55_books_deep,E:\2026\审计方法&政策文件\_ocr_output\预算\政府部门预算管理.pdf.md
BUDV6D-043-R02,audit_rule,generated_rule,BUDV6D-043,59,C,预算执行与财政管理 / 绩效评价 / 财政与政府债务,预算执行偏离,预算执行偏离一致性规则,检查预算执行偏离在合同、支付、预算、绩效或业务台账之间是否一致。,项目台账；财务收支明细；合同与审批资料；支付凭证；审计发现清单；预算批复表,字段缺失/跨表不一致/偏离阈值/重复异常/时序异常/空间不一致,命中对象、风险等级、证据字段、核查建议,P1,ocr_55_books_deep,E:\2026\审计方法&政策文件\_ocr_output\预算\政府部门预算管理.pdf.md
BUDV6D-043-R03,audit_rule,generated_rule,BUDV6D-043,59,C,预算执行与财政管理 / 绩效评价 / 财政与政府债务,预算执行偏离,预算执行偏离异常性规则,按历史均值、同类项目分位数或政策标准识别预算执行偏离异常偏离。,项目台账；财务收支明细；合同与审批资料；支付凭证；审计发现清单；预算批复表,字段缺失/跨表不一致/偏离阈值/重复异常/时序异常/空间不一致,命中对象、风险等级、证据字段、核查建议,P1,ocr_55_books_deep,E:\2026\审计方法&政策文件\_ocr_output\预算\政府部门预算管理.pdf.md
BUDV6D-026-R01,audit_rule,generated_rule,BUDV6D-026,59,C,预算执行与财政管理 / 绩效评价 / 财政与政府债务,预算绩效目标管理003,预算绩效目标管理003完整性规则,检查预算绩效目标管理003相关台账、凭证、审批和支付数据是否完整，缺失率超过阈值则预警。,项目台账；财务收支明细；合同与审批资料；支付凭证；审计发现清单；预算批复表,字段缺失/跨表不一致/偏离阈值/重复异常/时序异常/空间不一致,命中对象、风险等级、证据字段、核查建议,P1,ocr_55_books_deep,E:\2026\审计方法&政策文件\_ocr_output\预算\全面实施预算绩效管理案例解读.pdf.md
BUDV6D-026-R02,audit_rule,generated_rule,BUDV6D-026,59,C,预算执行与财政管理 / 绩效评价 / 财政与政府债务,预算绩效目标管理003,预算绩效目标管理003一致性规则,检查预算绩效目标管理003在合同、支付、预算、绩效或业务台账之间是否一致。,项目台账；财务收支明细；合同与审批资料；支付凭证；审计发现清单；预算批复表,字段缺失/跨表不一致/偏离阈值/重复异常/时序异常/空间不一致,命中对象、风险等级、证据字段、核查建议,P1,ocr_55_books_deep,E:\2026\审计方法&政策文件\_ocr_output\预算\全面实施预算绩效管理案例解读.pdf.md
BUDV6D-026-R03,audit_rule,generated_rule,BUDV6D-026,59,C,预算执行与财政管理 / 绩效评价 / 财政与政府债务,预算绩效目标管理003,预算绩效目标管理003异常性规则,按历史均值、同类项目分位数或政策标准识别预算绩效目标管理003异常偏离。,项目台账；财务收支明细；合同与审批资料；支付凭证；审计发现清单；预算批复表,字段缺失/跨表不一致/偏离阈值/重复异常/时序异常/空间不一致,命中对象、风险等级、证据字段、核查建议,P1,ocr_55_books_deep,E:\2026\审计方法&政策文件\_ocr_output\预算\全面实施预算绩效管理案例解读.pdf.md
BUDV6D-027-R01,audit_rule,generated_rule,BUDV6D-027,59,C,预算执行与财政管理 / 绩效评价 / 财政与政府债务,预算绩效目标管理005,预算绩效目标管理005完整性规则,检查预算绩效目标管理005相关台账、凭证、审批和支付数据是否完整，缺失率超过阈值则预警。,项目台账；财务收支明细；合同与审批资料；支付凭证；审计发现清单；预算批复表,字段缺失/跨表不一致/偏离阈值/重复异常/时序异常/空间不一致,命中对象、风险等级、证据字段、核查建议,P1,ocr_55_books_deep,E:\2026\审计方法&政策文件\_ocr_output\预算\全面实施预算绩效管理案例解读.pdf.md
BUDV6D-027-R02,audit_rule,generated_rule,BUDV6D-027,59,C,预算执行与财政管理 / 绩效评价 / 财政与政府债务,预算绩效目标管理005,预算绩效目标管理005一致性规则,检查预算绩效目标管理005在合同、支付、预算、绩效或业务台账之间是否一致。,项目台账；财务收支明细；合同与审批资料；支付凭证；审计发现清单；预算批复表,字段缺失/跨表不一致/偏离阈值/重复异常/时序异常/空间不一致,命中对象、风险等级、证据字段、核查建议,P1,ocr_55_books_deep,E:\2026\审计方法&政策文件\_ocr_output\预算\全面实施预算绩效管理案例解读.pdf.md
BUDV6D-027-R03,audit_rule,generated_rule,BUDV6D-027,59,C,预算执行与财政管理 / 绩效评价 / 财政与政府债务,预算绩效目标管理005,预算绩效目标管理005异常性规则,按历史均值、同类项目分位数或政策标准识别预算绩效目标管理005异常偏离。,项目台账；财务收支明细；合同与审批资料；支付凭证；审计发现清单；预算批复表,字段缺失/跨表不一致/偏离阈值/重复异常/时序异常/空间不一致,命中对象、风险等级、证据字段、核查建议,P1,ocr_55_books_deep,E:\2026\审计方法&政策文件\_ocr_output\预算\全面实施预算绩效管理案例解读.pdf.md
PERFV6D-091-R01,audit_rule,generated_rule,PERFV6D-091,59,C,预算执行与财政管理 / 绩效评价 / 财政与政府债务,预算绩效管理信息系统与平台/297,预算绩效管理信息系统与平台/297完整性规则,检查预算绩效管理信息系统与平台/297相关台账、凭证、审批和支付数据是否完整，缺失率超过阈值则预警。,项目台账；财务收支明细；合同与审批资料；支付凭证；审计发现清单；预算批复表,字段缺失/跨表不一致/偏离阈值/重复异常/时序异常/空间不一致,命中对象、风险等级、证据字段、核查建议,P1,ocr_55_books_deep,E:\2026\审计方法&政策文件\_ocr_output\预算\全面实施预算绩效管理实践指导.pdf.md
PERFV6D-091-R02,audit_rule,generated_rule,PERFV6D-091,59,C,预算执行与财政管理 / 绩效评价 / 财政与政府债务,预算绩效管理信息系统与平台/297,预算绩效管理信息系统与平台/297一致性规则,检查预算绩效管理信息系统与平台/297在合同、支付、预算、绩效或业务台账之间是否一致。,项目台账；财务收支明细；合同与审批资料；支付凭证；审计发现清单；预算批复表,字段缺失/跨表不一致/偏离阈值/重复异常/时序异常/空间不一致,命中对象、风险等级、证据字段、核查建议,P1,ocr_55_books_deep,E:\2026\审计方法&政策文件\_ocr_output\预算\全面实施预算绩效管理实践指导.pdf.md
PERFV6D-091-R03,audit_rule,generated_rule,PERFV6D-091,59,C,预算执行与财政管理 / 绩效评价 / 财政与政府债务,预算绩效管理信息系统与平台/297,预算绩效管理信息系统与平台/297异常性规则,按历史均值、同类项目分位数或政策标准识别预算绩效管理信息系统与平台/297异常偏离。,项目台账；财务收支明细；合同与审批资料；支付凭证；审计发现清单；预算批复表,字段缺失/跨表不一致/偏离阈值/重复异常/时序异常/空间不一致,命中对象、风险等级、证据字段、核查建议,P1,ocr_55_books_deep,E:\2026\审计方法&政策文件\_ocr_output\预算\全面实施预算绩效管理实践指导.pdf.md
PERFV6D-086-R01,audit_rule,generated_rule,PERFV6D-086,69,C,预算执行与财政管理 / 绩效评价 / 财政与政府债务,预算绩效管理绩效分析方法/250,预算绩效管理绩效分析方法/250完整性规则,检查预算绩效管理绩效分析方法/250相关台账、凭证、审批和支付数据是否完整，缺失率超过阈值则预警。,项目台账；财务收支明细；合同与审批资料；支付凭证；审计发现清单；预算批复表,字段缺失/跨表不一致/偏离阈值/重复异常/时序异常/空间不一致,命中对象、风险等级、证据字段、核查建议,P0,ocr_55_books_deep,E:\2026\审计方法&政策文件\_ocr_output\预算\全面实施预算绩效管理实践指导.pdf.md
PERFV6D-086-R02,audit_rule,generated_rule,PERFV6D-086,69,C,预算执行与财政管理 / 绩效评价 / 财政与政府债务,预算绩效管理绩效分析方法/250,预算绩效管理绩效分析方法/250一致性规则,检查预算绩效管理绩效分析方法/250在合同、支付、预算、绩效或业务台账之间是否一致。,项目台账；财务收支明细；合同与审批资料；支付凭证；审计发现清单；预算批复表,字段缺失/跨表不一致/偏离阈值/重复异常/时序异常/空间不一致,命中对象、风险等级、证据字段、核查建议,P0,ocr_55_books_deep,E:\2026\审计方法&政策文件\_ocr_output\预算\全面实施预算绩效管理实践指导.pdf.md
PERFV6D-086-R03,audit_rule,generated_rule,PERFV6D-086,69,C,预算执行与财政管理 / 绩效评价 / 财政与政府债务,预算绩效管理绩效分析方法/250,预算绩效管理绩效分析方法/250异常性规则,按历史均值、同类项目分位数或政策标准识别预算绩效管理绩效分析方法/250异常偏离。,项目台账；财务收支明细；合同与审批资料；支付凭证；审计发现清单；预算批复表,字段缺失/跨表不一致/偏离阈值/重复异常/时序异常/空间不一致,命中对象、风险等级、证据字段、核查建议,P0,ocr_55_books_deep,E:\2026\审计方法&政策文件\_ocr_output\预算\全面实施预算绩效管理实践指导.pdf.md
PERFV6D-108-R01,audit_rule,generated_rule,PERFV6D-108,59,C,预算执行与财政管理 / 绩效评价 / 财政与政府债务,预算绩效评价成本一效益分析方法及应用,预算绩效评价成本一效益分析方法及应用完整性规则,检查预算绩效评价成本一效益分析方法及应用相关台账、凭证、审批和支付数据是否完整，缺失率超过阈值则预警。,项目台账；财务收支明细；合同与审批资料；支付凭证；审计发现清单；预算批复表,字段缺失/跨表不一致/偏离阈值/重复异常/时序异常/空间不一致,命中对象、风险等级、证据字段、核查建议,P1,ocr_55_books_deep,E:\2026\审计方法&政策文件\_ocr_output\预算\预算绩效评价方法与指标.pdf.md
PERFV6D-108-R02,audit_rule,generated_rule,PERFV6D-108,59,C,预算执行与财政管理 / 绩效评价 / 财政与政府债务,预算绩效评价成本一效益分析方法及应用,预算绩效评价成本一效益分析方法及应用一致性规则,检查预算绩效评价成本一效益分析方法及应用在合同、支付、预算、绩效或业务台账之间是否一致。,项目台账；财务收支明细；合同与审批资料；支付凭证；审计发现清单；预算批复表,字段缺失/跨表不一致/偏离阈值/重复异常/时序异常/空间不一致,命中对象、风险等级、证据字段、核查建议,P1,ocr_55_books_deep,E:\2026\审计方法&政策文件\_ocr_output\预算\预算绩效评价方法与指标.pdf.md
PERFV6D-108-R03,audit_rule,generated_rule,PERFV6D-108,59,C,预算执行与财政管理 / 绩效评价 / 财政与政府债务,预算绩效评价成本一效益分析方法及应用,预算绩效评价成本一效益分析方法及应用异常性规则,按历史均值、同类项目分位数或政策标准识别预算绩效评价成本一效益分析方法及应用异常偏离。,项目台账；财务收支明细；合同与审批资料；支付凭证；审计发现清单；预算批复表,字段缺失/跨表不一致/偏离阈值/重复异常/时序异常/空间不一致,命中对象、风险等级、证据字段、核查建议,P1,ocr_55_books_deep,E:\2026\审计方法&政策文件\_ocr_output\预算\预算绩效评价方法与指标.pdf.md
BUDV6D-018-R01,audit_rule,generated_rule,BUDV6D-018,59,C,预算执行与财政管理 / 绩效评价 / 财政与政府债务,预算编制科学性,预算编制科学性完整性规则,检查预算编制科学性相关台账、凭证、审批和支付数据是否完整，缺失率超过阈值则预警。,项目台账；财务收支明细；合同与审批资料；支付凭证；审计发现清单；预算批复表,字段缺失/跨表不一致/偏离阈值/重复异常/时序异常/空间不一致,命中对象、风险等级、证据字段、核查建议,P1,ocr_55_books_deep,E:\2026\审计方法&政策文件\_ocr_output\预算\中央部门预算执行审计常用定性表述及适用法规向导.pdf.md
BUDV6D-018-R02,audit_rule,generated_rule,BUDV6D-018,59,C,预算执行与财政管理 / 绩效评价 / 财政与政府债务,预算编制科学性,预算编制科学性一致性规则,检查预算编制科学性在合同、支付、预算、绩效或业务台账之间是否一致。,项目台账；财务收支明细；合同与审批资料；支付凭证；审计发现清单；预算批复表,字段缺失/跨表不一致/偏离阈值/重复异常/时序异常/空间不一致,命中对象、风险等级、证据字段、核查建议,P1,ocr_55_books_deep,E:\2026\审计方法&政策文件\_ocr_output\预算\中央部门预算执行审计常用定性表述及适用法规向导.pdf.md
BUDV6D-018-R03,audit_rule,generated_rule,BUDV6D-018,59,C,预算执行与财政管理 / 绩效评价 / 财政与政府债务,预算编制科学性,预算编制科学性异常性规则,按历史均值、同类项目分位数或政策标准识别预算编制科学性异常偏离。,项目台账；财务收支明细；合同与审批资料；支付凭证；审计发现清单；预算批复表,字段缺失/跨表不一致/偏离阈值/重复异常/时序异常/空间不一致,命中对象、风险等级、证据字段、核查建议,P1,ocr_55_books_deep,E:\2026\审计方法&政策文件\_ocr_output\预算\中央部门预算执行审计常用定性表述及适用法规向导.pdf.md
BUDV6D-044-R01,audit_rule,generated_rule,BUDV6D-044,59,C,预算执行与财政管理 / 绩效评价 / 财政与政府债务,预算编制科学性,预算编制科学性完整性规则,检查预算编制科学性相关台账、凭证、审批和支付数据是否完整，缺失率超过阈值则预警。,项目台账；财务收支明细；合同与审批资料；支付凭证；审计发现清单；预算批复表,字段缺失/跨表不一致/偏离阈值/重复异常/时序异常/空间不一致,命中对象、风险等级、证据字段、核查建议,P1,ocr_55_books_deep,E:\2026\审计方法&政策文件\_ocr_output\预算\政府部门预算管理.pdf.md
BUDV6D-044-R02,audit_rule,generated_rule,BUDV6D-044,59,C,预算执行与财政管理 / 绩效评价 / 财政与政府债务,预算编制科学性,预算编制科学性一致性规则,检查预算编制科学性在合同、支付、预算、绩效或业务台账之间是否一致。,项目台账；财务收支明细；合同与审批资料；支付凭证；审计发现清单；预算批复表,字段缺失/跨表不一致/偏离阈值/重复异常/时序异常/空间不一致,命中对象、风险等级、证据字段、核查建议,P1,ocr_55_books_deep,E:\2026\审计方法&政策文件\_ocr_output\预算\政府部门预算管理.pdf.md
BUDV6D-044-R03,audit_rule,generated_rule,BUDV6D-044,59,C,预算执行与财政管理 / 绩效评价 / 财政与政府债务,预算编制科学性,预算编制科学性异常性规则,按历史均值、同类项目分位数或政策标准识别预算编制科学性异常偏离。,项目台账；财务收支明细；合同与审批资料；支付凭证；审计发现清单；预算批复表,字段缺失/跨表不一致/偏离阈值/重复异常/时序异常/空间不一致,命中对象、风险等级、证据字段、核查建议,P1,ocr_55_books_deep,E:\2026\审计方法&政策文件\_ocr_output\预算\政府部门预算管理.pdf.md
PERFV6D-115-R01,audit_rule,generated_rule,PERFV6D-115,59,C,预算执行与财政管理 / 绩效评价 / 财政与政府债务,预算项目政策绩效评价研究.pdf,预算项目政策绩效评价研究.pdf完整性规则,检查预算项目政策绩效评价研究.pdf相关台账、凭证、审批和支付数据是否完整，缺失率超过阈值则预警。,项目台账；财务收支明细；合同与审批资料；支付凭证；审计发现清单；预算批复表,字段缺失/跨表不一致/偏离阈值/重复异常/时序异常/空间不一致,命中对象、风险等级、证据字段、核查建议,P1,ocr_55_books_deep,E:\2026\审计方法&政策文件\_ocr_output\预算\预算项目政策绩效评价研究.pdf.md
PERFV6D-115-R02,audit_rule,generated_rule,PERFV6D-115,59,C,预算执行与财政管理 / 绩效评价 / 财政与政府债务,预算项目政策绩效评价研究.pdf,预算项目政策绩效评价研究.pdf一致性规则,检查预算项目政策绩效评价研究.pdf在合同、支付、预算、绩效或业务台账之间是否一致。,项目台账；财务收支明细；合同与审批资料；支付凭证；审计发现清单；预算批复表,字段缺失/跨表不一致/偏离阈值/重复异常/时序异常/空间不一致,命中对象、风险等级、证据字段、核查建议,P1,ocr_55_books_deep,E:\2026\审计方法&政策文件\_ocr_output\预算\预算项目政策绩效评价研究.pdf.md
PERFV6D-115-R03,audit_rule,generated_rule,PERFV6D-115,59,C,预算执行与财政管理 / 绩效评价 / 财政与政府债务,预算项目政策绩效评价研究.pdf,预算项目政策绩效评价研究.pdf异常性规则,按历史均值、同类项目分位数或政策标准识别预算项目政策绩效评价研究.pdf异常偏离。,项目台账；财务收支明细；合同与审批资料；支付凭证；审计发现清单；预算批复表,字段缺失/跨表不一致/偏离阈值/重复异常/时序异常/空间不一致,命中对象、风险等级、证据字段、核查建议,P1,ocr_55_books_deep,E:\2026\审计方法&政策文件\_ocr_output\预算\预算项目政策绩效评价研究.pdf.md
SOEV6D-010-R01,audit_rule,generated_rule,SOEV6D-010,59,C,预算执行与财政管理 / 财政与政府债务 / 监督检查与经费舞弊,A事业单位构建财政预算项目绩效评价体系的实践·….…,A事业单位构建财政预算项目绩效评价体系的实践·….…完整性规则,检查A事业单位构建财政预算项目绩效评价体系的实践·….…相关台账、凭证、审批和支付数据是否完整，缺失率超过阈值则预警。,项目台账；财务收支明细；合同与审批资料；支付凭证；审计发现清单；预算批复表,字段缺失/跨表不一致/偏离阈值/重复异常/时序异常/空间不一致,命中对象、风险等级、证据字段、核查建议,P1,ocr_55_books_deep,E:\2026\审计方法&政策文件\_ocr_output\通用\审计专题教学案例精选.pdf.md
SOEV6D-010-R02,audit_rule,generated_rule,SOEV6D-010,59,C,预算执行与财政管理 / 财政与政府债务 / 监督检查与经费舞弊,A事业单位构建财政预算项目绩效评价体系的实践·….…,A事业单位构建财政预算项目绩效评价体系的实践·….…一致性规则,检查A事业单位构建财政预算项目绩效评价体系的实践·….…在合同、支付、预算、绩效或业务台账之间是否一致。,项目台账；财务收支明细；合同与审批资料；支付凭证；审计发现清单；预算批复表,字段缺失/跨表不一致/偏离阈值/重复异常/时序异常/空间不一致,命中对象、风险等级、证据字段、核查建议,P1,ocr_55_books_deep,E:\2026\审计方法&政策文件\_ocr_output\通用\审计专题教学案例精选.pdf.md
SOEV6D-010-R03,audit_rule,generated_rule,SOEV6D-010,59,C,预算执行与财政管理 / 财政与政府债务 / 监督检查与经费舞弊,A事业单位构建财政预算项目绩效评价体系的实践·….…,A事业单位构建财政预算项目绩效评价体系的实践·….…异常性规则,按历史均值、同类项目分位数或政策标准识别A事业单位构建财政预算项目绩效评价体系的实践·….…异常偏离。,项目台账；财务收支明细；合同与审批资料；支付凭证；审计发现清单；预算批复表,字段缺失/跨表不一致/偏离阈值/重复异常/时序异常/空间不一致,命中对象、风险等级、证据字段、核查建议,P1,ocr_55_books_deep,E:\2026\审计方法&政策文件\_ocr_output\通用\审计专题教学案例精选.pdf.md
BUDV6D-013-R01,audit_rule,generated_rule,BUDV6D-013,59,C,预算执行与财政管理 / 财政与政府债务 / 监督检查与经费舞弊,加大审计力度，认真落实审计监督全覆盖要求·….（10）,加大审计力度，认真落实审计监督全覆盖要求·….（10）完整性规则,检查加大审计力度，认真落实审计监督全覆盖要求·….（10）相关台账、凭证、审批和支付数据是否完整，缺失率超过阈值则预警。,项目台账；财务收支明细；合同与审批资料；支付凭证；审计发现清单；预算批复表,字段缺失/跨表不一致/偏离阈值/重复异常/时序异常/空间不一致,命中对象、风险等级、证据字段、核查建议,P1,ocr_55_books_deep,E:\2026\审计方法&政策文件\_ocr_output\通用\财政审计读本.pdf.md
BUDV6D-013-R02,audit_rule,generated_rule,BUDV6D-013,59,C,预算执行与财政管理 / 财政与政府债务 / 监督检查与经费舞弊,加大审计力度，认真落实审计监督全覆盖要求·….（10）,加大审计力度，认真落实审计监督全覆盖要求·….（10）一致性规则,检查加大审计力度，认真落实审计监督全覆盖要求·….（10）在合同、支付、预算、绩效或业务台账之间是否一致。,项目台账；财务收支明细；合同与审批资料；支付凭证；审计发现清单；预算批复表,字段缺失/跨表不一致/偏离阈值/重复异常/时序异常/空间不一致,命中对象、风险等级、证据字段、核查建议,P1,ocr_55_books_deep,E:\2026\审计方法&政策文件\_ocr_output\通用\财政审计读本.pdf.md
BUDV6D-013-R03,audit_rule,generated_rule,BUDV6D-013,59,C,预算执行与财政管理 / 财政与政府债务 / 监督检查与经费舞弊,加大审计力度，认真落实审计监督全覆盖要求·….（10）,加大审计力度，认真落实审计监督全覆盖要求·….（10）异常性规则,按历史均值、同类项目分位数或政策标准识别加大审计力度，认真落实审计监督全覆盖要求·….（10）异常偏离。,项目台账；财务收支明细；合同与审批资料；支付凭证；审计发现清单；预算批复表,字段缺失/跨表不一致/偏离阈值/重复异常/时序异常/空间不一致,命中对象、风险等级、证据字段、核查建议,P1,ocr_55_books_deep,E:\2026\审计方法&政策文件\_ocr_output\通用\财政审计读本.pdf.md
BUDV6D-014-R01,audit_rule,generated_rule,BUDV6D-014,59,C,预算执行与财政管理 / 财政与政府债务 / 监督检查与经费舞弊,加大绩效审计力度，促进优化财政支出结构·….…·,加大绩效审计力度，促进优化财政支出结构·….…·完整性规则,检查加大绩效审计力度，促进优化财政支出结构·….…·相关台账、凭证、审批和支付数据是否完整，缺失率超过阈值则预警。,项目台账；财务收支明细；合同与审批资料；支付凭证；审计发现清单；预算批复表,字段缺失/跨表不一致/偏离阈值/重复异常/时序异常/空间不一致,命中对象、风险等级、证据字段、核查建议,P1,ocr_55_books_deep,E:\2026\审计方法&政策文件\_ocr_output\通用\财政审计读本.pdf.md
BUDV6D-014-R02,audit_rule,generated_rule,BUDV6D-014,59,C,预算执行与财政管理 / 财政与政府债务 / 监督检查与经费舞弊,加大绩效审计力度，促进优化财政支出结构·….…·,加大绩效审计力度，促进优化财政支出结构·….…·一致性规则,检查加大绩效审计力度，促进优化财政支出结构·….…·在合同、支付、预算、绩效或业务台账之间是否一致。,项目台账；财务收支明细；合同与审批资料；支付凭证；审计发现清单；预算批复表,字段缺失/跨表不一致/偏离阈值/重复异常/时序异常/空间不一致,命中对象、风险等级、证据字段、核查建议,P1,ocr_55_books_deep,E:\2026\审计方法&政策文件\_ocr_output\通用\财政审计读本.pdf.md
BUDV6D-014-R03,audit_rule,generated_rule,BUDV6D-014,59,C,预算执行与财政管理 / 财政与政府债务 / 监督检查与经费舞弊,加大绩效审计力度，促进优化财政支出结构·….…·,加大绩效审计力度，促进优化财政支出结构·….…·异常性规则,按历史均值、同类项目分位数或政策标准识别加大绩效审计力度，促进优化财政支出结构·….…·异常偏离。,项目台账；财务收支明细；合同与审批资料；支付凭证；审计发现清单；预算批复表,字段缺失/跨表不一致/偏离阈值/重复异常/时序异常/空间不一致,命中对象、风险等级、证据字段、核查建议,P1,ocr_55_books_deep,E:\2026\审计方法&政策文件\_ocr_output\通用\财政审计读本.pdf.md
SUPVV6D-056-R01,audit_rule,generated_rule,SUPVV6D-056,59,C,预算执行与财政管理 / 财政与政府债务 / 监督检查与经费舞弊,审计案例规则化,审计案例规则化完整性规则,检查审计案例规则化相关台账、凭证、审批和支付数据是否完整，缺失率超过阈值则预警。,项目台账；财务收支明细；合同与审批资料；支付凭证；审计发现清单；预算批复表,字段缺失/跨表不一致/偏离阈值/重复异常/时序异常/空间不一致,命中对象、风险等级、证据字段、核查建议,P1,ocr_55_books_deep,E:\2026\审计方法&政策文件\_ocr_output\通用\财政监督检查实务操作指南.pdf.md
SUPVV6D-056-R02,audit_rule,generated_rule,SUPVV6D-056,59,C,预算执行与财政管理 / 财政与政府债务 / 监督检查与经费舞弊,审计案例规则化,审计案例规则化一致性规则,检查审计案例规则化在合同、支付、预算、绩效或业务台账之间是否一致。,项目台账；财务收支明细；合同与审批资料；支付凭证；审计发现清单；预算批复表,字段缺失/跨表不一致/偏离阈值/重复异常/时序异常/空间不一致,命中对象、风险等级、证据字段、核查建议,P1,ocr_55_books_deep,E:\2026\审计方法&政策文件\_ocr_output\通用\财政监督检查实务操作指南.pdf.md
SUPVV6D-056-R03,audit_rule,generated_rule,SUPVV6D-056,59,C,预算执行与财政管理 / 财政与政府债务 / 监督检查与经费舞弊,审计案例规则化,审计案例规则化异常性规则,按历史均值、同类项目分位数或政策标准识别审计案例规则化异常偏离。,项目台账；财务收支明细；合同与审批资料；支付凭证；审计发现清单；预算批复表,字段缺失/跨表不一致/偏离阈值/重复异常/时序异常/空间不一致,命中对象、风险等级、证据字段、核查建议,P1,ocr_55_books_deep,E:\2026\审计方法&政策文件\_ocr_output\通用\财政监督检查实务操作指南.pdf.md
SUPVV6D-054-R01,audit_rule,generated_rule,SUPVV6D-054,59,C,预算执行与财政管理 / 财政与政府债务 / 监督检查与经费舞弊,审计证据链抽取,审计证据链抽取完整性规则,检查审计证据链抽取相关台账、凭证、审批和支付数据是否完整，缺失率超过阈值则预警。,项目台账；财务收支明细；合同与审批资料；支付凭证；审计发现清单；预算批复表,字段缺失/跨表不一致/偏离阈值/重复异常/时序异常/空间不一致,命中对象、风险等级、证据字段、核查建议,P1,ocr_55_books_deep,E:\2026\审计方法&政策文件\_ocr_output\通用\财政监督检查实务操作指南.pdf.md
SUPVV6D-054-R02,audit_rule,generated_rule,SUPVV6D-054,59,C,预算执行与财政管理 / 财政与政府债务 / 监督检查与经费舞弊,审计证据链抽取,审计证据链抽取一致性规则,检查审计证据链抽取在合同、支付、预算、绩效或业务台账之间是否一致。,项目台账；财务收支明细；合同与审批资料；支付凭证；审计发现清单；预算批复表,字段缺失/跨表不一致/偏离阈值/重复异常/时序异常/空间不一致,命中对象、风险等级、证据字段、核查建议,P1,ocr_55_books_deep,E:\2026\审计方法&政策文件\_ocr_output\通用\财政监督检查实务操作指南.pdf.md
SUPVV6D-054-R03,audit_rule,generated_rule,SUPVV6D-054,59,C,预算执行与财政管理 / 财政与政府债务 / 监督检查与经费舞弊,审计证据链抽取,审计证据链抽取异常性规则,按历史均值、同类项目分位数或政策标准识别审计证据链抽取异常偏离。,项目台账；财务收支明细；合同与审批资料；支付凭证；审计发现清单；预算批复表,字段缺失/跨表不一致/偏离阈值/重复异常/时序异常/空间不一致,命中对象、风险等级、证据字段、核查建议,P1,ocr_55_books_deep,E:\2026\审计方法&政策文件\_ocr_output\通用\财政监督检查实务操作指南.pdf.md
BUDV6D-009-R01,audit_rule,generated_rule,BUDV6D-009,69,C,预算执行与财政管理 / 财政与政府债务 / 监督检查与经费舞弊,强化预决算管理的审计监督，促进建立现代预算制度：（11）,强化预决算管理的审计监督，促进建立现代预算制度：（11）完整性规则,检查强化预决算管理的审计监督，促进建立现代预算制度：（11）相关台账、凭证、审批和支付数据是否完整，缺失率超过阈值则预警。,项目台账；财务收支明细；合同与审批资料；支付凭证；审计发现清单；预算批复表,字段缺失/跨表不一致/偏离阈值/重复异常/时序异常/空间不一致,命中对象、风险等级、证据字段、核查建议,P0,ocr_55_books_deep,E:\2026\审计方法&政策文件\_ocr_output\通用\财政审计读本.pdf.md
BUDV6D-009-R02,audit_rule,generated_rule,BUDV6D-009,69,C,预算执行与财政管理 / 财政与政府债务 / 监督检查与经费舞弊,强化预决算管理的审计监督，促进建立现代预算制度：（11）,强化预决算管理的审计监督，促进建立现代预算制度：（11）一致性规则,检查强化预决算管理的审计监督，促进建立现代预算制度：（11）在合同、支付、预算、绩效或业务台账之间是否一致。,项目台账；财务收支明细；合同与审批资料；支付凭证；审计发现清单；预算批复表,字段缺失/跨表不一致/偏离阈值/重复异常/时序异常/空间不一致,命中对象、风险等级、证据字段、核查建议,P0,ocr_55_books_deep,E:\2026\审计方法&政策文件\_ocr_output\通用\财政审计读本.pdf.md
BUDV6D-009-R03,audit_rule,generated_rule,BUDV6D-009,69,C,预算执行与财政管理 / 财政与政府债务 / 监督检查与经费舞弊,强化预决算管理的审计监督，促进建立现代预算制度：（11）,强化预决算管理的审计监督，促进建立现代预算制度：（11）异常性规则,按历史均值、同类项目分位数或政策标准识别强化预决算管理的审计监督，促进建立现代预算制度：（11）异常偏离。,项目台账；财务收支明细；合同与审批资料；支付凭证；审计发现清单；预算批复表,字段缺失/跨表不一致/偏离阈值/重复异常/时序异常/空间不一致,命中对象、风险等级、证据字段、核查建议,P0,ocr_55_books_deep,E:\2026\审计方法&政策文件\_ocr_output\通用\财政审计读本.pdf.md
SUPVV6D-057-R01,audit_rule,generated_rule,SUPVV6D-057,59,C,预算执行与财政管理 / 财政与政府债务 / 监督检查与经费舞弊,数据质量检查,数据质量检查完整性规则,检查数据质量检查相关台账、凭证、审批和支付数据是否完整，缺失率超过阈值则预警。,项目台账；财务收支明细；合同与审批资料；支付凭证；审计发现清单；预算批复表,字段缺失/跨表不一致/偏离阈值/重复异常/时序异常/空间不一致,命中对象、风险等级、证据字段、核查建议,P1,ocr_55_books_deep,E:\2026\审计方法&政策文件\_ocr_output\通用\财政监督检查实务操作指南.pdf.md
SUPVV6D-057-R02,audit_rule,generated_rule,SUPVV6D-057,59,C,预算执行与财政管理 / 财政与政府债务 / 监督检查与经费舞弊,数据质量检查,数据质量检查一致性规则,检查数据质量检查在合同、支付、预算、绩效或业务台账之间是否一致。,项目台账；财务收支明细；合同与审批资料；支付凭证；审计发现清单；预算批复表,字段缺失/跨表不一致/偏离阈值/重复异常/时序异常/空间不一致,命中对象、风险等级、证据字段、核查建议,P1,ocr_55_books_deep,E:\2026\审计方法&政策文件\_ocr_output\通用\财政监督检查实务操作指南.pdf.md
SUPVV6D-057-R03,audit_rule,generated_rule,SUPVV6D-057,59,C,预算执行与财政管理 / 财政与政府债务 / 监督检查与经费舞弊,数据质量检查,数据质量检查异常性规则,按历史均值、同类项目分位数或政策标准识别数据质量检查异常偏离。,项目台账；财务收支明细；合同与审批资料；支付凭证；审计发现清单；预算批复表,字段缺失/跨表不一致/偏离阈值/重复异常/时序异常/空间不一致,命中对象、风险等级、证据字段、核查建议,P1,ocr_55_books_deep,E:\2026\审计方法&政策文件\_ocr_output\通用\财政监督检查实务操作指南.pdf.md
BUDV6D-006-R01,audit_rule,generated_rule,BUDV6D-006,59,C,预算执行与财政管理 / 财政与政府债务 / 监督检查与经费舞弊,财政审计项目的实施程序,财政审计项目的实施程序完整性规则,检查财政审计项目的实施程序相关台账、凭证、审批和支付数据是否完整，缺失率超过阈值则预警。,项目台账；财务收支明细；合同与审批资料；支付凭证；审计发现清单；预算批复表,字段缺失/跨表不一致/偏离阈值/重复异常/时序异常/空间不一致,命中对象、风险等级、证据字段、核查建议,P1,ocr_55_books_deep,E:\2026\审计方法&政策文件\_ocr_output\通用\财政审计.pdf.md
BUDV6D-006-R02,audit_rule,generated_rule,BUDV6D-006,59,C,预算执行与财政管理 / 财政与政府债务 / 监督检查与经费舞弊,财政审计项目的实施程序,财政审计项目的实施程序一致性规则,检查财政审计项目的实施程序在合同、支付、预算、绩效或业务台账之间是否一致。,项目台账；财务收支明细；合同与审批资料；支付凭证；审计发现清单；预算批复表,字段缺失/跨表不一致/偏离阈值/重复异常/时序异常/空间不一致,命中对象、风险等级、证据字段、核查建议,P1,ocr_55_books_deep,E:\2026\审计方法&政策文件\_ocr_output\通用\财政审计.pdf.md
BUDV6D-006-R03,audit_rule,generated_rule,BUDV6D-006,59,C,预算执行与财政管理 / 财政与政府债务 / 监督检查与经费舞弊,财政审计项目的实施程序,财政审计项目的实施程序异常性规则,按历史均值、同类项目分位数或政策标准识别财政审计项目的实施程序异常偏离。,项目台账；财务收支明细；合同与审批资料；支付凭证；审计发现清单；预算批复表,字段缺失/跨表不一致/偏离阈值/重复异常/时序异常/空间不一致,命中对象、风险等级、证据字段、核查建议,P1,ocr_55_books_deep,E:\2026\审计方法&政策文件\_ocr_output\通用\财政审计.pdf.md
BUDV6D-004-R01,audit_rule,generated_rule,BUDV6D-004,59,C,预算执行与财政管理 / 财政与政府债务 / 监督检查与经费舞弊,财政资金管理及其审计目标,财政资金管理及其审计目标完整性规则,检查财政资金管理及其审计目标相关台账、凭证、审批和支付数据是否完整，缺失率超过阈值则预警。,项目台账；财务收支明细；合同与审批资料；支付凭证；审计发现清单；预算批复表,字段缺失/跨表不一致/偏离阈值/重复异常/时序异常/空间不一致,命中对象、风险等级、证据字段、核查建议,P1,ocr_55_books_deep,E:\2026\审计方法&政策文件\_ocr_output\通用\财政审计.pdf.md
BUDV6D-004-R02,audit_rule,generated_rule,BUDV6D-004,59,C,预算执行与财政管理 / 财政与政府债务 / 监督检查与经费舞弊,财政资金管理及其审计目标,财政资金管理及其审计目标一致性规则,检查财政资金管理及其审计目标在合同、支付、预算、绩效或业务台账之间是否一致。,项目台账；财务收支明细；合同与审批资料；支付凭证；审计发现清单；预算批复表,字段缺失/跨表不一致/偏离阈值/重复异常/时序异常/空间不一致,命中对象、风险等级、证据字段、核查建议,P1,ocr_55_books_deep,E:\2026\审计方法&政策文件\_ocr_output\通用\财政审计.pdf.md
BUDV6D-004-R03,audit_rule,generated_rule,BUDV6D-004,59,C,预算执行与财政管理 / 财政与政府债务 / 监督检查与经费舞弊,财政资金管理及其审计目标,财政资金管理及其审计目标异常性规则,按历史均值、同类项目分位数或政策标准识别财政资金管理及其审计目标异常偏离。,项目台账；财务收支明细；合同与审批资料；支付凭证；审计发现清单；预算批复表,字段缺失/跨表不一致/偏离阈值/重复异常/时序异常/空间不一致,命中对象、风险等级、证据字段、核查建议,P1,ocr_55_books_deep,E:\2026\审计方法&政策文件\_ocr_output\通用\财政审计.pdf.md
BUDV6D-003-R01,audit_rule,generated_rule,BUDV6D-003,59,C,预算执行与财政管理 / 财政与政府债务 / 监督检查与经费舞弊,财政资金管理审计,财政资金管理审计完整性规则,检查财政资金管理审计相关台账、凭证、审批和支付数据是否完整，缺失率超过阈值则预警。,项目台账；财务收支明细；合同与审批资料；支付凭证；审计发现清单；预算批复表,字段缺失/跨表不一致/偏离阈值/重复异常/时序异常/空间不一致,命中对象、风险等级、证据字段、核查建议,P1,ocr_55_books_deep,E:\2026\审计方法&政策文件\_ocr_output\通用\财政审计.pdf.md
BUDV6D-003-R02,audit_rule,generated_rule,BUDV6D-003,59,C,预算执行与财政管理 / 财政与政府债务 / 监督检查与经费舞弊,财政资金管理审计,财政资金管理审计一致性规则,检查财政资金管理审计在合同、支付、预算、绩效或业务台账之间是否一致。,项目台账；财务收支明细；合同与审批资料；支付凭证；审计发现清单；预算批复表,字段缺失/跨表不一致/偏离阈值/重复异常/时序异常/空间不一致,命中对象、风险等级、证据字段、核查建议,P1,ocr_55_books_deep,E:\2026\审计方法&政策文件\_ocr_output\通用\财政审计.pdf.md
BUDV6D-003-R03,audit_rule,generated_rule,BUDV6D-003,59,C,预算执行与财政管理 / 财政与政府债务 / 监督检查与经费舞弊,财政资金管理审计,财政资金管理审计异常性规则,按历史均值、同类项目分位数或政策标准识别财政资金管理审计异常偏离。,项目台账；财务收支明细；合同与审批资料；支付凭证；审计发现清单；预算批复表,字段缺失/跨表不一致/偏离阈值/重复异常/时序异常/空间不一致,命中对象、风险等级、证据字段、核查建议,P1,ocr_55_books_deep,E:\2026\审计方法&政策文件\_ocr_output\通用\财政审计.pdf.md
BUDV6D-010-R01,audit_rule,generated_rule,BUDV6D-010,59,C,预算执行与财政管理 / 财政与政府债务 / 监督检查与经费舞弊,财政部门具体组织预算执行和决算草案审计,财政部门具体组织预算执行和决算草案审计完整性规则,检查财政部门具体组织预算执行和决算草案审计相关台账、凭证、审批和支付数据是否完整，缺失率超过阈值则预警。,项目台账；财务收支明细；合同与审批资料；支付凭证；审计发现清单；预算批复表,字段缺失/跨表不一致/偏离阈值/重复异常/时序异常/空间不一致,命中对象、风险等级、证据字段、核查建议,P1,ocr_55_books_deep,E:\2026\审计方法&政策文件\_ocr_output\通用\财政审计读本.pdf.md
BUDV6D-010-R02,audit_rule,generated_rule,BUDV6D-010,59,C,预算执行与财政管理 / 财政与政府债务 / 监督检查与经费舞弊,财政部门具体组织预算执行和决算草案审计,财政部门具体组织预算执行和决算草案审计一致性规则,检查财政部门具体组织预算执行和决算草案审计在合同、支付、预算、绩效或业务台账之间是否一致。,项目台账；财务收支明细；合同与审批资料；支付凭证；审计发现清单；预算批复表,字段缺失/跨表不一致/偏离阈值/重复异常/时序异常/空间不一致,命中对象、风险等级、证据字段、核查建议,P1,ocr_55_books_deep,E:\2026\审计方法&政策文件\_ocr_output\通用\财政审计读本.pdf.md
BUDV6D-010-R03,audit_rule,generated_rule,BUDV6D-010,59,C,预算执行与财政管理 / 财政与政府债务 / 监督检查与经费舞弊,财政部门具体组织预算执行和决算草案审计,财政部门具体组织预算执行和决算草案审计异常性规则,按历史均值、同类项目分位数或政策标准识别财政部门具体组织预算执行和决算草案审计异常偏离。,项目台账；财务收支明细；合同与审批资料；支付凭证；审计发现清单；预算批复表,字段缺失/跨表不一致/偏离阈值/重复异常/时序异常/空间不一致,命中对象、风险等级、证据字段、核查建议,P1,ocr_55_books_deep,E:\2026\审计方法&政策文件\_ocr_output\通用\财政审计读本.pdf.md
SUPVV6D-029-R01,audit_rule,generated_rule,SUPVV6D-029,69,C,预算执行与财政管理 / 财政与政府债务 / 监督检查与经费舞弊,财政部门组织预算执行情况审计,财政部门组织预算执行情况审计完整性规则,检查财政部门组织预算执行情况审计相关台账、凭证、审批和支付数据是否完整，缺失率超过阈值则预警。,项目台账；财务收支明细；合同与审批资料；支付凭证；审计发现清单；预算批复表,字段缺失/跨表不一致/偏离阈值/重复异常/时序异常/空间不一致,命中对象、风险等级、证据字段、核查建议,P0,ocr_55_books_deep,E:\2026\审计方法&政策文件\_ocr_output\通用\政府审计理论与实务.pdf.md
SUPVV6D-029-R02,audit_rule,generated_rule,SUPVV6D-029,69,C,预算执行与财政管理 / 财政与政府债务 / 监督检查与经费舞弊,财政部门组织预算执行情况审计,财政部门组织预算执行情况审计一致性规则,检查财政部门组织预算执行情况审计在合同、支付、预算、绩效或业务台账之间是否一致。,项目台账；财务收支明细；合同与审批资料；支付凭证；审计发现清单；预算批复表,字段缺失/跨表不一致/偏离阈值/重复异常/时序异常/空间不一致,命中对象、风险等级、证据字段、核查建议,P0,ocr_55_books_deep,E:\2026\审计方法&政策文件\_ocr_output\通用\政府审计理论与实务.pdf.md
SUPVV6D-029-R03,audit_rule,generated_rule,SUPVV6D-029,69,C,预算执行与财政管理 / 财政与政府债务 / 监督检查与经费舞弊,财政部门组织预算执行情况审计,财政部门组织预算执行情况审计异常性规则,按历史均值、同类项目分位数或政策标准识别财政部门组织预算执行情况审计异常偏离。,项目台账；财务收支明细；合同与审批资料；支付凭证；审计发现清单；预算批复表,字段缺失/跨表不一致/偏离阈值/重复异常/时序异常/空间不一致,命中对象、风险等级、证据字段、核查建议,P0,ocr_55_books_deep,E:\2026\审计方法&政策文件\_ocr_output\通用\政府审计理论与实务.pdf.md
SUPVV6D-030-R01,audit_rule,generated_rule,SUPVV6D-030,59,C,预算执行与财政管理 / 财政与政府债务 / 监督检查与经费舞弊,财政部门预算批复情况审计,财政部门预算批复情况审计完整性规则,检查财政部门预算批复情况审计相关台账、凭证、审批和支付数据是否完整，缺失率超过阈值则预警。,项目台账；财务收支明细；合同与审批资料；支付凭证；审计发现清单；预算批复表,字段缺失/跨表不一致/偏离阈值/重复异常/时序异常/空间不一致,命中对象、风险等级、证据字段、核查建议,P1,ocr_55_books_deep,E:\2026\审计方法&政策文件\_ocr_output\通用\政府审计理论与实务.pdf.md
SUPVV6D-030-R02,audit_rule,generated_rule,SUPVV6D-030,59,C,预算执行与财政管理 / 财政与政府债务 / 监督检查与经费舞弊,财政部门预算批复情况审计,财政部门预算批复情况审计一致性规则,检查财政部门预算批复情况审计在合同、支付、预算、绩效或业务台账之间是否一致。,项目台账；财务收支明细；合同与审批资料；支付凭证；审计发现清单；预算批复表,字段缺失/跨表不一致/偏离阈值/重复异常/时序异常/空间不一致,命中对象、风险等级、证据字段、核查建议,P1,ocr_55_books_deep,E:\2026\审计方法&政策文件\_ocr_output\通用\政府审计理论与实务.pdf.md
SUPVV6D-030-R03,audit_rule,generated_rule,SUPVV6D-030,59,C,预算执行与财政管理 / 财政与政府债务 / 监督检查与经费舞弊,财政部门预算批复情况审计,财政部门预算批复情况审计异常性规则,按历史均值、同类项目分位数或政策标准识别财政部门预算批复情况审计异常偏离。,项目台账；财务收支明细；合同与审批资料；支付凭证；审计发现清单；预算批复表,字段缺失/跨表不一致/偏离阈值/重复异常/时序异常/空间不一致,命中对象、风险等级、证据字段、核查建议,P1,ocr_55_books_deep,E:\2026\审计方法&政策文件\_ocr_output\通用\政府审计理论与实务.pdf.md
BUDV6D-011-R01,audit_rule,generated_rule,BUDV6D-011,59,C,预算执行与财政管理 / 财政与政府债务 / 监督检查与经费舞弊,部门预算执行和决算草案审计,部门预算执行和决算草案审计完整性规则,检查部门预算执行和决算草案审计相关台账、凭证、审批和支付数据是否完整，缺失率超过阈值则预警。,项目台账；财务收支明细；合同与审批资料；支付凭证；审计发现清单；预算批复表,字段缺失/跨表不一致/偏离阈值/重复异常/时序异常/空间不一致,命中对象、风险等级、证据字段、核查建议,P1,ocr_55_books_deep,E:\2026\审计方法&政策文件\_ocr_output\通用\财政审计读本.pdf.md
BUDV6D-011-R02,audit_rule,generated_rule,BUDV6D-011,59,C,预算执行与财政管理 / 财政与政府债务 / 监督检查与经费舞弊,部门预算执行和决算草案审计,部门预算执行和决算草案审计一致性规则,检查部门预算执行和决算草案审计在合同、支付、预算、绩效或业务台账之间是否一致。,项目台账；财务收支明细；合同与审批资料；支付凭证；审计发现清单；预算批复表,字段缺失/跨表不一致/偏离阈值/重复异常/时序异常/空间不一致,命中对象、风险等级、证据字段、核查建议,P1,ocr_55_books_deep,E:\2026\审计方法&政策文件\_ocr_output\通用\财政审计读本.pdf.md
BUDV6D-011-R03,audit_rule,generated_rule,BUDV6D-011,59,C,预算执行与财政管理 / 财政与政府债务 / 监督检查与经费舞弊,部门预算执行和决算草案审计,部门预算执行和决算草案审计异常性规则,按历史均值、同类项目分位数或政策标准识别部门预算执行和决算草案审计异常偏离。,项目台账；财务收支明细；合同与审批资料；支付凭证；审计发现清单；预算批复表,字段缺失/跨表不一致/偏离阈值/重复异常/时序异常/空间不一致,命中对象、风险等级、证据字段、核查建议,P1,ocr_55_books_deep,E:\2026\审计方法&政策文件\_ocr_output\通用\财政审计读本.pdf.md
BUDV6D-012-R01,audit_rule,generated_rule,BUDV6D-012,59,C,预算执行与财政管理 / 财政与政府债务 / 监督检查与经费舞弊,重点专项资金审计,重点专项资金审计完整性规则,检查重点专项资金审计相关台账、凭证、审批和支付数据是否完整，缺失率超过阈值则预警。,项目台账；财务收支明细；合同与审批资料；支付凭证；审计发现清单；预算批复表,字段缺失/跨表不一致/偏离阈值/重复异常/时序异常/空间不一致,命中对象、风险等级、证据字段、核查建议,P1,ocr_55_books_deep,E:\2026\审计方法&政策文件\_ocr_output\通用\财政审计读本.pdf.md
BUDV6D-012-R02,audit_rule,generated_rule,BUDV6D-012,59,C,预算执行与财政管理 / 财政与政府债务 / 监督检查与经费舞弊,重点专项资金审计,重点专项资金审计一致性规则,检查重点专项资金审计在合同、支付、预算、绩效或业务台账之间是否一致。,项目台账；财务收支明细；合同与审批资料；支付凭证；审计发现清单；预算批复表,字段缺失/跨表不一致/偏离阈值/重复异常/时序异常/空间不一致,命中对象、风险等级、证据字段、核查建议,P1,ocr_55_books_deep,E:\2026\审计方法&政策文件\_ocr_output\通用\财政审计读本.pdf.md
BUDV6D-012-R03,audit_rule,generated_rule,BUDV6D-012,59,C,预算执行与财政管理 / 财政与政府债务 / 监督检查与经费舞弊,重点专项资金审计,重点专项资金审计异常性规则,按历史均值、同类项目分位数或政策标准识别重点专项资金审计异常偏离。,项目台账；财务收支明细；合同与审批资料；支付凭证；审计发现清单；预算批复表,字段缺失/跨表不一致/偏离阈值/重复异常/时序异常/空间不一致,命中对象、风险等级、证据字段、核查建议,P1,ocr_55_books_deep,E:\2026\审计方法&政策文件\_ocr_output\通用\财政审计读本.pdf.md
BUDV6D-008-R01,audit_rule,generated_rule,BUDV6D-008,59,C,预算执行与财政管理 / 财政与政府债务 / 监督检查与经费舞弊,非税收入收缴管理审计,非税收入收缴管理审计完整性规则,检查非税收入收缴管理审计相关台账、凭证、审批和支付数据是否完整，缺失率超过阈值则预警。,项目台账；财务收支明细；合同与审批资料；支付凭证；审计发现清单；预算批复表,字段缺失/跨表不一致/偏离阈值/重复异常/时序异常/空间不一致,命中对象、风险等级、证据字段、核查建议,P1,ocr_55_books_deep,E:\2026\审计方法&政策文件\_ocr_output\通用\财政审计.pdf.md
BUDV6D-008-R02,audit_rule,generated_rule,BUDV6D-008,59,C,预算执行与财政管理 / 财政与政府债务 / 监督检查与经费舞弊,非税收入收缴管理审计,非税收入收缴管理审计一致性规则,检查非税收入收缴管理审计在合同、支付、预算、绩效或业务台账之间是否一致。,项目台账；财务收支明细；合同与审批资料；支付凭证；审计发现清单；预算批复表,字段缺失/跨表不一致/偏离阈值/重复异常/时序异常/空间不一致,命中对象、风险等级、证据字段、核查建议,P1,ocr_55_books_deep,E:\2026\审计方法&政策文件\_ocr_output\通用\财政审计.pdf.md
BUDV6D-008-R03,audit_rule,generated_rule,BUDV6D-008,59,C,预算执行与财政管理 / 财政与政府债务 / 监督检查与经费舞弊,非税收入收缴管理审计,非税收入收缴管理审计异常性规则,按历史均值、同类项目分位数或政策标准识别非税收入收缴管理审计异常偏离。,项目台账；财务收支明细；合同与审批资料；支付凭证；审计发现清单；预算批复表,字段缺失/跨表不一致/偏离阈值/重复异常/时序异常/空间不一致,命中对象、风险等级、证据字段、核查建议,P1,ocr_55_books_deep,E:\2026\审计方法&政策文件\_ocr_output\通用\财政审计.pdf.md
BUDV6D-002-R01,audit_rule,generated_rule,BUDV6D-002,59,C,预算执行与财政管理 / 财政与政府债务 / 监督检查与经费舞弊,预算分配管理及其审计目标,预算分配管理及其审计目标完整性规则,检查预算分配管理及其审计目标相关台账、凭证、审批和支付数据是否完整，缺失率超过阈值则预警。,项目台账；财务收支明细；合同与审批资料；支付凭证；审计发现清单；预算批复表,字段缺失/跨表不一致/偏离阈值/重复异常/时序异常/空间不一致,命中对象、风险等级、证据字段、核查建议,P1,ocr_55_books_deep,E:\2026\审计方法&政策文件\_ocr_output\通用\财政审计.pdf.md
BUDV6D-002-R02,audit_rule,generated_rule,BUDV6D-002,59,C,预算执行与财政管理 / 财政与政府债务 / 监督检查与经费舞弊,预算分配管理及其审计目标,预算分配管理及其审计目标一致性规则,检查预算分配管理及其审计目标在合同、支付、预算、绩效或业务台账之间是否一致。,项目台账；财务收支明细；合同与审批资料；支付凭证；审计发现清单；预算批复表,字段缺失/跨表不一致/偏离阈值/重复异常/时序异常/空间不一致,命中对象、风险等级、证据字段、核查建议,P1,ocr_55_books_deep,E:\2026\审计方法&政策文件\_ocr_output\通用\财政审计.pdf.md
BUDV6D-002-R03,audit_rule,generated_rule,BUDV6D-002,59,C,预算执行与财政管理 / 财政与政府债务 / 监督检查与经费舞弊,预算分配管理及其审计目标,预算分配管理及其审计目标异常性规则,按历史均值、同类项目分位数或政策标准识别预算分配管理及其审计目标异常偏离。,项目台账；财务收支明细；合同与审批资料；支付凭证；审计发现清单；预算批复表,字段缺失/跨表不一致/偏离阈值/重复异常/时序异常/空间不一致,命中对象、风险等级、证据字段、核查建议,P1,ocr_55_books_deep,E:\2026\审计方法&政策文件\_ocr_output\通用\财政审计.pdf.md
BUDV6D-001-R01,audit_rule,generated_rule,BUDV6D-001,69,C,预算执行与财政管理 / 财政与政府债务 / 监督检查与经费舞弊,预算分配管理审计,预算分配管理审计完整性规则,检查预算分配管理审计相关台账、凭证、审批和支付数据是否完整，缺失率超过阈值则预警。,项目台账；财务收支明细；合同与审批资料；支付凭证；审计发现清单；预算批复表,字段缺失/跨表不一致/偏离阈值/重复异常/时序异常/空间不一致,命中对象、风险等级、证据字段、核查建议,P0,ocr_55_books_deep,E:\2026\审计方法&政策文件\_ocr_output\通用\财政审计.pdf.md
BUDV6D-001-R02,audit_rule,generated_rule,BUDV6D-001,69,C,预算执行与财政管理 / 财政与政府债务 / 监督检查与经费舞弊,预算分配管理审计,预算分配管理审计一致性规则,检查预算分配管理审计在合同、支付、预算、绩效或业务台账之间是否一致。,项目台账；财务收支明细；合同与审批资料；支付凭证；审计发现清单；预算批复表,字段缺失/跨表不一致/偏离阈值/重复异常/时序异常/空间不一致,命中对象、风险等级、证据字段、核查建议,P0,ocr_55_books_deep,E:\2026\审计方法&政策文件\_ocr_output\通用\财政审计.pdf.md
BUDV6D-001-R03,audit_rule,generated_rule,BUDV6D-001,69,C,预算执行与财政管理 / 财政与政府债务 / 监督检查与经费舞弊,预算分配管理审计,预算分配管理审计异常性规则,按历史均值、同类项目分位数或政策标准识别预算分配管理审计异常偏离。,项目台账；财务收支明细；合同与审批资料；支付凭证；审计发现清单；预算批复表,字段缺失/跨表不一致/偏离阈值/重复异常/时序异常/空间不一致,命中对象、风险等级、证据字段、核查建议,P0,ocr_55_books_deep,E:\2026\审计方法&政策文件\_ocr_output\通用\财政审计.pdf.md
BUDV6D-007-R01,audit_rule,generated_rule,BUDV6D-007,59,C,预算执行与财政管理 / 财政与政府债务 / 监督检查与经费舞弊,预算分配管理的实质性审查,预算分配管理的实质性审查完整性规则,检查预算分配管理的实质性审查相关台账、凭证、审批和支付数据是否完整，缺失率超过阈值则预警。,项目台账；财务收支明细；合同与审批资料；支付凭证；审计发现清单；预算批复表,字段缺失/跨表不一致/偏离阈值/重复异常/时序异常/空间不一致,命中对象、风险等级、证据字段、核查建议,P1,ocr_55_books_deep,E:\2026\审计方法&政策文件\_ocr_output\通用\财政审计.pdf.md
BUDV6D-007-R02,audit_rule,generated_rule,BUDV6D-007,59,C,预算执行与财政管理 / 财政与政府债务 / 监督检查与经费舞弊,预算分配管理的实质性审查,预算分配管理的实质性审查一致性规则,检查预算分配管理的实质性审查在合同、支付、预算、绩效或业务台账之间是否一致。,项目台账；财务收支明细；合同与审批资料；支付凭证；审计发现清单；预算批复表,字段缺失/跨表不一致/偏离阈值/重复异常/时序异常/空间不一致,命中对象、风险等级、证据字段、核查建议,P1,ocr_55_books_deep,E:\2026\审计方法&政策文件\_ocr_output\通用\财政审计.pdf.md
BUDV6D-007-R03,audit_rule,generated_rule,BUDV6D-007,59,C,预算执行与财政管理 / 财政与政府债务 / 监督检查与经费舞弊,预算分配管理的实质性审查,预算分配管理的实质性审查异常性规则,按历史均值、同类项目分位数或政策标准识别预算分配管理的实质性审查异常偏离。,项目台账；财务收支明细；合同与审批资料；支付凭证；审计发现清单；预算批复表,字段缺失/跨表不一致/偏离阈值/重复异常/时序异常/空间不一致,命中对象、风险等级、证据字段、核查建议,P1,ocr_55_books_deep,E:\2026\审计方法&政策文件\_ocr_output\通用\财政审计.pdf.md
MAGBUD-0006-R01,audit_rule,generated_rule,MAGBUD-0006,53,D,预算执行与财政管理 / 财政与政府债务 / 绩效评价,001财政“自我持续增长”的治理之路,001财政“自我持续增长”的治理之路R01规则,按案例主题识别同类事项中的风险特征并生成疑点。,文章案例文本；审计事项清单；问题线索台账；审计证据资料；预算指标表；财政支出明细,风险词命中/数据缺失/证据不一致/指标偏离/流程缺陷,命中对象、风险等级、证据资料、核查建议,P1,magazine_435_articles,D:\openclaw-workspace\knowledge\11-杂志文献\财政监督\001财政“自我持续增长”的治理之路.md
MAGBUD-0006-R02,audit_rule,generated_rule,MAGBUD-0006,53,D,预算执行与财政管理 / 财政与政府债务 / 绩效评价,001财政“自我持续增长”的治理之路,001财政“自我持续增长”的治理之路R02规则,核查案例涉及的数据、证据和整改链条是否完整一致。,文章案例文本；审计事项清单；问题线索台账；审计证据资料；预算指标表；财政支出明细,风险词命中/数据缺失/证据不一致/指标偏离/流程缺陷,命中对象、风险等级、证据资料、核查建议,P1,magazine_435_articles,D:\openclaw-workspace\knowledge\11-杂志文献\财政监督\001财政“自我持续增长”的治理之路.md
MAGBUD-0007-R01,audit_rule,generated_rule,MAGBUD-0007,63,C,预算执行与财政管理 / 财政与政府债务 / 绩效评价,004财政内控理论、实践与未来展望,004财政内控理论、实践与未来展望R01规则,按案例主题识别同类事项中的风险特征并生成疑点。,文章案例文本；审计事项清单；问题线索台账；审计证据资料；预算指标表；财政支出明细,风险词命中/数据缺失/证据不一致/指标偏离/流程缺陷,命中对象、风险等级、证据资料、核查建议,P0,magazine_435_articles,D:\openclaw-workspace\knowledge\11-杂志文献\财政监督\004财政内控理论、实践与未来展望.md
MAGBUD-0007-R02,audit_rule,generated_rule,MAGBUD-0007,63,C,预算执行与财政管理 / 财政与政府债务 / 绩效评价,004财政内控理论、实践与未来展望,004财政内控理论、实践与未来展望R02规则,核查案例涉及的数据、证据和整改链条是否完整一致。,文章案例文本；审计事项清单；问题线索台账；审计证据资料；预算指标表；财政支出明细,风险词命中/数据缺失/证据不一致/指标偏离/流程缺陷,命中对象、风险等级、证据资料、核查建议,P0,magazine_435_articles,D:\openclaw-workspace\knowledge\11-杂志文献\财政监督\004财政内控理论、实践与未来展望.md
MAGBUD-0008-R01,audit_rule,generated_rule,MAGBUD-0008,63,C,预算执行与财政管理 / 财政与政府债务 / 绩效评价,005厚植绩效理念坚持守土尽责，做深做实转移支付资金绩效评价工作,005厚植绩效理念坚持守土尽责，做深做实转移支付资金绩效评价工作R01规则,按案例主题识别同类事项中的风险特征并生成疑点。,文章案例文本；审计事项清单；问题线索台账；审计证据资料；预算指标表；财政支出明细,风险词命中/数据缺失/证据不一致/指标偏离/流程缺陷,命中对象、风险等级、证据资料、核查建议,P0,magazine_435_articles,D:\openclaw-workspace\knowledge\11-杂志文献\财政监督\005厚植绩效理念坚持守土尽责，做深做实转移支付资金绩效评价工作.md
MAGBUD-0008-R02,audit_rule,generated_rule,MAGBUD-0008,63,C,预算执行与财政管理 / 财政与政府债务 / 绩效评价,005厚植绩效理念坚持守土尽责，做深做实转移支付资金绩效评价工作,005厚植绩效理念坚持守土尽责，做深做实转移支付资金绩效评价工作R02规则,核查案例涉及的数据、证据和整改链条是否完整一致。,文章案例文本；审计事项清单；问题线索台账；审计证据资料；预算指标表；财政支出明细,风险词命中/数据缺失/证据不一致/指标偏离/流程缺陷,命中对象、风险等级、证据资料、核查建议,P0,magazine_435_articles,D:\openclaw-workspace\knowledge\11-杂志文献\财政监督\005厚植绩效理念坚持守土尽责，做深做实转移支付资金绩效评价工作.md
MAGBUD-0009-R01,audit_rule,generated_rule,MAGBUD-0009,63,C,预算执行与财政管理 / 财政与政府债务 / 绩效评价,006财政运行综合绩效评价,006财政运行综合绩效评价R01规则,按案例主题识别同类事项中的风险特征并生成疑点。,文章案例文本；审计事项清单；问题线索台账；审计证据资料；预算指标表；财政支出明细,风险词命中/数据缺失/证据不一致/指标偏离/流程缺陷,命中对象、风险等级、证据资料、核查建议,P0,magazine_435_articles,D:\openclaw-workspace\knowledge\11-杂志文献\财政监督\006财 政 运 行 综 合 绩 效 评 价.md
MAGBUD-0009-R02,audit_rule,generated_rule,MAGBUD-0009,63,C,预算执行与财政管理 / 财政与政府债务 / 绩效评价,006财政运行综合绩效评价,006财政运行综合绩效评价R02规则,核查案例涉及的数据、证据和整改链条是否完整一致。,文章案例文本；审计事项清单；问题线索台账；审计证据资料；预算指标表；财政支出明细,风险词命中/数据缺失/证据不一致/指标偏离/流程缺陷,命中对象、风险等级、证据资料、核查建议,P0,magazine_435_articles,D:\openclaw-workspace\knowledge\11-杂志文献\财政监督\006财 政 运 行 综 合 绩 效 评 价.md
MAGBUD-0010-R01,audit_rule,generated_rule,MAGBUD-0010,53,D,预算执行与财政管理 / 财政与政府债务 / 绩效评价,007把握重点突破难点逐步推进财政运行综合绩效评价全覆盖,007把握重点突破难点逐步推进财政运行综合绩效评价全覆盖R01规则,按案例主题识别同类事项中的风险特征并生成疑点。,文章案例文本；审计事项清单；问题线索台账；审计证据资料；预算指标表；财政支出明细,风险词命中/数据缺失/证据不一致/指标偏离/流程缺陷,命中对象、风险等级、证据资料、核查建议,P1,magazine_435_articles,D:\openclaw-workspace\knowledge\11-杂志文献\财政监督\007把握重点突破难点逐步推进财政运行综合绩效评价全覆盖.md
MAGBUD-0010-R02,audit_rule,generated_rule,MAGBUD-0010,53,D,预算执行与财政管理 / 财政与政府债务 / 绩效评价,007把握重点突破难点逐步推进财政运行综合绩效评价全覆盖,007把握重点突破难点逐步推进财政运行综合绩效评价全覆盖R02规则,核查案例涉及的数据、证据和整改链条是否完整一致。,文章案例文本；审计事项清单；问题线索台账；审计证据资料；预算指标表；财政支出明细,风险词命中/数据缺失/证据不一致/指标偏离/流程缺陷,命中对象、风险等级、证据资料、核查建议,P1,magazine_435_articles,D:\openclaw-workspace\knowledge\11-杂志文献\财政监督\007把握重点突破难点逐步推进财政运行综合绩效评价全覆盖.md
MAGBUD-0011-R01,audit_rule,generated_rule,MAGBUD-0011,63,C,预算执行与财政管理 / 财政与政府债务 / 绩效评价,007财务运行综合绩效评价：怎么评？如何用？（上）,007财务运行综合绩效评价：怎么评？如何用？（上）R01规则,按案例主题识别同类事项中的风险特征并生成疑点。,文章案例文本；审计事项清单；问题线索台账；审计证据资料；预算指标表；财政支出明细,风险词命中/数据缺失/证据不一致/指标偏离/流程缺陷,命中对象、风险等级、证据资料、核查建议,P0,magazine_435_articles,D:\openclaw-workspace\knowledge\11-杂志文献\财政监督\007财务运行综合绩效评价：怎么评？如何用？（上）.md
MAGBUD-0011-R02,audit_rule,generated_rule,MAGBUD-0011,63,C,预算执行与财政管理 / 财政与政府债务 / 绩效评价,007财务运行综合绩效评价：怎么评？如何用？（上）,007财务运行综合绩效评价：怎么评？如何用？（上）R02规则,核查案例涉及的数据、证据和整改链条是否完整一致。,文章案例文本；审计事项清单；问题线索台账；审计证据资料；预算指标表；财政支出明细,风险词命中/数据缺失/证据不一致/指标偏离/流程缺陷,命中对象、风险等级、证据资料、核查建议,P0,magazine_435_articles,D:\openclaw-workspace\knowledge\11-杂志文献\财政监督\007财务运行综合绩效评价：怎么评？如何用？（上）.md
MAGBUD-0012-R01,audit_rule,generated_rule,MAGBUD-0012,63,C,预算执行与财政管理 / 财政与政府债务 / 绩效评价,008中国式现代化是以人为核心的现代化,008中国式现代化是以人为核心的现代化R01规则,按案例主题识别同类事项中的风险特征并生成疑点。,文章案例文本；审计事项清单；问题线索台账；审计证据资料；预算指标表；财政支出明细,风险词命中/数据缺失/证据不一致/指标偏离/流程缺陷,命中对象、风险等级、证据资料、核查建议,P0,magazine_435_articles,D:\openclaw-workspace\knowledge\11-杂志文献\财政监督\008中国式现代化是以人为核心的现代化.md
MAGBUD-0012-R02,audit_rule,generated_rule,MAGBUD-0012,63,C,预算执行与财政管理 / 财政与政府债务 / 绩效评价,008中国式现代化是以人为核心的现代化,008中国式现代化是以人为核心的现代化R02规则,核查案例涉及的数据、证据和整改链条是否完整一致。,文章案例文本；审计事项清单；问题线索台账；审计证据资料；预算指标表；财政支出明细,风险词命中/数据缺失/证据不一致/指标偏离/流程缺陷,命中对象、风险等级、证据资料、核查建议,P0,magazine_435_articles,D:\openclaw-workspace\knowledge\11-杂志文献\财政监督\008中国式现代化是以人为核心的现代化.md
MAGBUD-0013-R01,audit_rule,generated_rule,MAGBUD-0013,53,D,预算执行与财政管理 / 财政与政府债务 / 绩效评价,008成本预算绩效分析中的成本标准核定方法分析,008成本预算绩效分析中的成本标准核定方法分析R01规则,按案例主题识别同类事项中的风险特征并生成疑点。,文章案例文本；审计事项清单；问题线索台账；审计证据资料；预算指标表；财政支出明细,风险词命中/数据缺失/证据不一致/指标偏离/流程缺陷,命中对象、风险等级、证据资料、核查建议,P1,magazine_435_articles,D:\openclaw-workspace\knowledge\11-杂志文献\财政监督\008成本预算绩效分析中的成本标准核定方法分析.md
MAGBUD-0013-R02,audit_rule,generated_rule,MAGBUD-0013,53,D,预算执行与财政管理 / 财政与政府债务 / 绩效评价,008成本预算绩效分析中的成本标准核定方法分析,008成本预算绩效分析中的成本标准核定方法分析R02规则,核查案例涉及的数据、证据和整改链条是否完整一致。,文章案例文本；审计事项清单；问题线索台账；审计证据资料；预算指标表；财政支出明细,风险词命中/数据缺失/证据不一致/指标偏离/流程缺陷,命中对象、风险等级、证据资料、核查建议,P1,magazine_435_articles,D:\openclaw-workspace\knowledge\11-杂志文献\财政监督\008成本预算绩效分析中的成本标准核定方法分析.md
MAGBUD-0015-R01,audit_rule,generated_rule,MAGBUD-0015,63,C,预算执行与财政管理 / 财政与政府债务 / 绩效评价,009多措并举推进财政运行综合绩效评价结果运用,009多措并举推进财政运行综合绩效评价结果运用R01规则,按案例主题识别同类事项中的风险特征并生成疑点。,文章案例文本；审计事项清单；问题线索台账；审计证据资料；预算指标表；财政支出明细,风险词命中/数据缺失/证据不一致/指标偏离/流程缺陷,命中对象、风险等级、证据资料、核查建议,P0,magazine_435_articles,D:\openclaw-workspace\knowledge\11-杂志文献\财政监督\009多措并举推进财政运行综合绩效评价结果运用.md
MAGBUD-0015-R02,audit_rule,generated_rule,MAGBUD-0015,63,C,预算执行与财政管理 / 财政与政府债务 / 绩效评价,009多措并举推进财政运行综合绩效评价结果运用,009多措并举推进财政运行综合绩效评价结果运用R02规则,核查案例涉及的数据、证据和整改链条是否完整一致。,文章案例文本；审计事项清单；问题线索台账；审计证据资料；预算指标表；财政支出明细,风险词命中/数据缺失/证据不一致/指标偏离/流程缺陷,命中对象、风险等级、证据资料、核查建议,P0,magazine_435_articles,D:\openclaw-workspace\knowledge\11-杂志文献\财政监督\009多措并举推进财政运行综合绩效评价结果运用.md
MAGBUD-0016-R01,audit_rule,generated_rule,MAGBUD-0016,63,C,预算执行与财政管理 / 财政与政府债务 / 绩效评价,010部门整体支出绩效评价框架体系优化设计,010部门整体支出绩效评价框架体系优化设计R01规则,按案例主题识别同类事项中的风险特征并生成疑点。,文章案例文本；审计事项清单；问题线索台账；审计证据资料；预算指标表；财政支出明细,风险词命中/数据缺失/证据不一致/指标偏离/流程缺陷,命中对象、风险等级、证据资料、核查建议,P0,magazine_435_articles,D:\openclaw-workspace\knowledge\11-杂志文献\财政监督\010部门整体支出绩效评价框架体系优化设计.md
MAGBUD-0016-R02,audit_rule,generated_rule,MAGBUD-0016,63,C,预算执行与财政管理 / 财政与政府债务 / 绩效评价,010部门整体支出绩效评价框架体系优化设计,010部门整体支出绩效评价框架体系优化设计R02规则,核查案例涉及的数据、证据和整改链条是否完整一致。,文章案例文本；审计事项清单；问题线索台账；审计证据资料；预算指标表；财政支出明细,风险词命中/数据缺失/证据不一致/指标偏离/流程缺陷,命中对象、风险等级、证据资料、核查建议,P0,magazine_435_articles,D:\openclaw-workspace\knowledge\11-杂志文献\财政监督\010部门整体支出绩效评价框架体系优化设计.md
MAGBUD-0017-R01,audit_rule,generated_rule,MAGBUD-0017,63,C,预算执行与财政管理 / 财政与政府债务 / 绩效评价,011关于基层出台财政部门预算绩效评价工作实施细则的设想,011关于基层出台财政部门预算绩效评价工作实施细则的设想R01规则,按案例主题识别同类事项中的风险特征并生成疑点。,文章案例文本；审计事项清单；问题线索台账；审计证据资料；预算指标表；财政支出明细,风险词命中/数据缺失/证据不一致/指标偏离/流程缺陷,命中对象、风险等级、证据资料、核查建议,P0,magazine_435_articles,D:\openclaw-workspace\knowledge\11-杂志文献\财政监督\011关于基层出台财政部门预算绩效评价工作实施细则的设想.md
MAGBUD-0017-R02,audit_rule,generated_rule,MAGBUD-0017,63,C,预算执行与财政管理 / 财政与政府债务 / 绩效评价,011关于基层出台财政部门预算绩效评价工作实施细则的设想,011关于基层出台财政部门预算绩效评价工作实施细则的设想R02规则,核查案例涉及的数据、证据和整改链条是否完整一致。,文章案例文本；审计事项清单；问题线索台账；审计证据资料；预算指标表；财政支出明细,风险词命中/数据缺失/证据不一致/指标偏离/流程缺陷,命中对象、风险等级、证据资料、核查建议,P0,magazine_435_articles,D:\openclaw-workspace\knowledge\11-杂志文献\财政监督\011关于基层出台财政部门预算绩效评价工作实施细则的设想.md
MAGBUD-0018-R01,audit_rule,generated_rule,MAGBUD-0018,63,C,预算执行与财政管理 / 财政与政府债务 / 绩效评价,013基于业财融合的中央高校预算绩效管理实践探讨,013基于业财融合的中央高校预算绩效管理实践探讨R01规则,按案例主题识别同类事项中的风险特征并生成疑点。,文章案例文本；审计事项清单；问题线索台账；审计证据资料；预算指标表；财政支出明细,风险词命中/数据缺失/证据不一致/指标偏离/流程缺陷,命中对象、风险等级、证据资料、核查建议,P0,magazine_435_articles,D:\openclaw-workspace\knowledge\11-杂志文献\财政监督\013基于业财融合的中央高校预算绩效管理实践探讨.md
MAGBUD-0018-R02,audit_rule,generated_rule,MAGBUD-0018,63,C,预算执行与财政管理 / 财政与政府债务 / 绩效评价,013基于业财融合的中央高校预算绩效管理实践探讨,013基于业财融合的中央高校预算绩效管理实践探讨R02规则,核查案例涉及的数据、证据和整改链条是否完整一致。,文章案例文本；审计事项清单；问题线索台账；审计证据资料；预算指标表；财政支出明细,风险词命中/数据缺失/证据不一致/指标偏离/流程缺陷,命中对象、风险等级、证据资料、核查建议,P0,magazine_435_articles,D:\openclaw-workspace\knowledge\11-杂志文献\财政监督\013基于业财融合的中央高校预算绩效管理实践探讨.md
MAGBUD-0019-R01,audit_rule,generated_rule,MAGBUD-0019,53,D,预算执行与财政管理 / 财政与政府债务 / 绩效评价,014提升行政事业单位财会监督质效的思考,014提升行政事业单位财会监督质效的思考R01规则,按案例主题识别同类事项中的风险特征并生成疑点。,文章案例文本；审计事项清单；问题线索台账；审计证据资料；预算指标表；财政支出明细,风险词命中/数据缺失/证据不一致/指标偏离/流程缺陷,命中对象、风险等级、证据资料、核查建议,P1,magazine_435_articles,D:\openclaw-workspace\knowledge\11-杂志文献\财政监督\014提升行政事业单位财会监督质效的思考.md
MAGBUD-0019-R02,audit_rule,generated_rule,MAGBUD-0019,53,D,预算执行与财政管理 / 财政与政府债务 / 绩效评价,014提升行政事业单位财会监督质效的思考,014提升行政事业单位财会监督质效的思考R02规则,核查案例涉及的数据、证据和整改链条是否完整一致。,文章案例文本；审计事项清单；问题线索台账；审计证据资料；预算指标表；财政支出明细,风险词命中/数据缺失/证据不一致/指标偏离/流程缺陷,命中对象、风险等级、证据资料、核查建议,P1,magazine_435_articles,D:\openclaw-workspace\knowledge\11-杂志文献\财政监督\014提升行政事业单位财会监督质效的思考.md
MAGBUD-0020-R01,audit_rule,generated_rule,MAGBUD-0020,63,C,预算执行与财政管理 / 财政与政府债务 / 绩效评价,015高质量推进财会监督人才库建设,015高质量推进财会监督人才库建设R01规则,按案例主题识别同类事项中的风险特征并生成疑点。,文章案例文本；审计事项清单；问题线索台账；审计证据资料；预算指标表；财政支出明细,风险词命中/数据缺失/证据不一致/指标偏离/流程缺陷,命中对象、风险等级、证据资料、核查建议,P0,magazine_435_articles,D:\openclaw-workspace\knowledge\11-杂志文献\财政监督\015高质量推进财会监督人才库建设.md
MAGBUD-0020-R02,audit_rule,generated_rule,MAGBUD-0020,63,C,预算执行与财政管理 / 财政与政府债务 / 绩效评价,015高质量推进财会监督人才库建设,015高质量推进财会监督人才库建设R02规则,核查案例涉及的数据、证据和整改链条是否完整一致。,文章案例文本；审计事项清单；问题线索台账；审计证据资料；预算指标表；财政支出明细,风险词命中/数据缺失/证据不一致/指标偏离/流程缺陷,命中对象、风险等级、证据资料、核查建议,P0,magazine_435_articles,D:\openclaw-workspace\knowledge\11-杂志文献\财政监督\015高质量推进财会监督人才库建设.md
MAGBUD-0021-R01,audit_rule,generated_rule,MAGBUD-0021,53,D,预算执行与财政管理 / 财政与政府债务 / 绩效评价,016推进内控考评深化内控管理,016推进内控考评深化内控管理R01规则,按案例主题识别同类事项中的风险特征并生成疑点。,文章案例文本；审计事项清单；问题线索台账；审计证据资料；预算指标表；财政支出明细,风险词命中/数据缺失/证据不一致/指标偏离/流程缺陷,命中对象、风险等级、证据资料、核查建议,P1,magazine_435_articles,D:\openclaw-workspace\knowledge\11-杂志文献\财政监督\016推进内控考评深化内控管理.md
MAGBUD-0021-R02,audit_rule,generated_rule,MAGBUD-0021,53,D,预算执行与财政管理 / 财政与政府债务 / 绩效评价,016推进内控考评深化内控管理,016推进内控考评深化内控管理R02规则,核查案例涉及的数据、证据和整改链条是否完整一致。,文章案例文本；审计事项清单；问题线索台账；审计证据资料；预算指标表；财政支出明细,风险词命中/数据缺失/证据不一致/指标偏离/流程缺陷,命中对象、风险等级、证据资料、核查建议,P1,magazine_435_articles,D:\openclaw-workspace\knowledge\11-杂志文献\财政监督\016推进内控考评深化内控管理.md
MAGBUD-0022-R01,audit_rule,generated_rule,MAGBUD-0022,53,D,预算执行与财政管理 / 财政与政府债务 / 绩效评价,017抓纲举目促规范积厚成势启新程,017抓纲举目促规范积厚成势启新程R01规则,按案例主题识别同类事项中的风险特征并生成疑点。,文章案例文本；审计事项清单；问题线索台账；审计证据资料；预算指标表；财政支出明细,风险词命中/数据缺失/证据不一致/指标偏离/流程缺陷,命中对象、风险等级、证据资料、核查建议,P1,magazine_435_articles,D:\openclaw-workspace\knowledge\11-杂志文献\财政监督\017抓纲举目促规范积厚成势启新程.md
MAGBUD-0022-R02,audit_rule,generated_rule,MAGBUD-0022,53,D,预算执行与财政管理 / 财政与政府债务 / 绩效评价,017抓纲举目促规范积厚成势启新程,017抓纲举目促规范积厚成势启新程R02规则,核查案例涉及的数据、证据和整改链条是否完整一致。,文章案例文本；审计事项清单；问题线索台账；审计证据资料；预算指标表；财政支出明细,风险词命中/数据缺失/证据不一致/指标偏离/流程缺陷,命中对象、风险等级、证据资料、核查建议,P1,magazine_435_articles,D:\openclaw-workspace\knowledge\11-杂志文献\财政监督\017抓纲举目促规范积厚成势启新程.md
MAGBUD-0023-R01,audit_rule,generated_rule,MAGBUD-0023,63,C,预算执行与财政管理 / 财政与政府债务 / 绩效评价,019新政府会计制度下事业单位固定资产管理问题及优化研究,019新政府会计制度下事业单位固定资产管理问题及优化研究R01规则,按案例主题识别同类事项中的风险特征并生成疑点。,文章案例文本；审计事项清单；问题线索台账；审计证据资料；预算指标表；财政支出明细,风险词命中/数据缺失/证据不一致/指标偏离/流程缺陷,命中对象、风险等级、证据资料、核查建议,P0,magazine_435_articles,D:\openclaw-workspace\knowledge\11-杂志文献\财政监督\019新政府会计制度下事业单位固定资产管理 问题及优化研究.md
MAGBUD-0023-R02,audit_rule,generated_rule,MAGBUD-0023,63,C,预算执行与财政管理 / 财政与政府债务 / 绩效评价,019新政府会计制度下事业单位固定资产管理问题及优化研究,019新政府会计制度下事业单位固定资产管理问题及优化研究R02规则,核查案例涉及的数据、证据和整改链条是否完整一致。,文章案例文本；审计事项清单；问题线索台账；审计证据资料；预算指标表；财政支出明细,风险词命中/数据缺失/证据不一致/指标偏离/流程缺陷,命中对象、风险等级、证据资料、核查建议,P0,magazine_435_articles,D:\openclaw-workspace\knowledge\11-杂志文献\财政监督\019新政府会计制度下事业单位固定资产管理 问题及优化研究.md
MAGBUD-0024-R01,audit_rule,generated_rule,MAGBUD-0024,53,D,预算执行与财政管理 / 财政与政府债务 / 绩效评价,019浅析科学事业单位基本建设经费管理,019浅析科学事业单位基本建设经费管理R01规则,按案例主题识别同类事项中的风险特征并生成疑点。,文章案例文本；审计事项清单；问题线索台账；审计证据资料；预算指标表；财政支出明细,风险词命中/数据缺失/证据不一致/指标偏离/流程缺陷,命中对象、风险等级、证据资料、核查建议,P1,magazine_435_articles,D:\openclaw-workspace\knowledge\11-杂志文献\财政监督\019浅析科学事业单位基本建设经费管理.md
MAGBUD-0024-R02,audit_rule,generated_rule,MAGBUD-0024,53,D,预算执行与财政管理 / 财政与政府债务 / 绩效评价,019浅析科学事业单位基本建设经费管理,019浅析科学事业单位基本建设经费管理R02规则,核查案例涉及的数据、证据和整改链条是否完整一致。,文章案例文本；审计事项清单；问题线索台账；审计证据资料；预算指标表；财政支出明细,风险词命中/数据缺失/证据不一致/指标偏离/流程缺陷,命中对象、风险等级、证据资料、核查建议,P1,magazine_435_articles,D:\openclaw-workspace\knowledge\11-杂志文献\财政监督\019浅析科学事业单位基本建设经费管理.md
MAGBUD-0025-R01,audit_rule,generated_rule,MAGBUD-0025,63,C,预算执行与财政管理 / 财政与政府债务 / 绩效评价,020内部模拟市场助力企业提质增效,020内部模拟市场助力企业提质增效R01规则,按案例主题识别同类事项中的风险特征并生成疑点。,文章案例文本；审计事项清单；问题线索台账；审计证据资料；预算指标表；财政支出明细,风险词命中/数据缺失/证据不一致/指标偏离/流程缺陷,命中对象、风险等级、证据资料、核查建议,P0,magazine_435_articles,D:\openclaw-workspace\knowledge\11-杂志文献\财政监督\020内部模拟市场助力企业提质增效.md
MAGBUD-0025-R02,audit_rule,generated_rule,MAGBUD-0025,63,C,预算执行与财政管理 / 财政与政府债务 / 绩效评价,020内部模拟市场助力企业提质增效,020内部模拟市场助力企业提质增效R02规则,核查案例涉及的数据、证据和整改链条是否完整一致。,文章案例文本；审计事项清单；问题线索台账；审计证据资料；预算指标表；财政支出明细,风险词命中/数据缺失/证据不一致/指标偏离/流程缺陷,命中对象、风险等级、证据资料、核查建议,P0,magazine_435_articles,D:\openclaw-workspace\knowledge\11-杂志文献\财政监督\020内部模拟市场助力企业提质增效.md
MAGBUD-0026-R01,audit_rule,generated_rule,MAGBUD-0026,63,C,预算执行与财政管理 / 财政与政府债务 / 绩效评价,021电网信息资本项目全价值链财务数智化管控探索,021电网信息资本项目全价值链财务数智化管控探索R01规则,按案例主题识别同类事项中的风险特征并生成疑点。,文章案例文本；审计事项清单；问题线索台账；审计证据资料；预算指标表；财政支出明细,风险词命中/数据缺失/证据不一致/指标偏离/流程缺陷,命中对象、风险等级、证据资料、核查建议,P0,magazine_435_articles,D:\openclaw-workspace\knowledge\11-杂志文献\财政监督\021电网信息资本项目全价值链财务数智化管控探索.md
MAGBUD-0026-R02,audit_rule,generated_rule,MAGBUD-0026,63,C,预算执行与财政管理 / 财政与政府债务 / 绩效评价,021电网信息资本项目全价值链财务数智化管控探索,021电网信息资本项目全价值链财务数智化管控探索R02规则,核查案例涉及的数据、证据和整改链条是否完整一致。,文章案例文本；审计事项清单；问题线索台账；审计证据资料；预算指标表；财政支出明细,风险词命中/数据缺失/证据不一致/指标偏离/流程缺陷,命中对象、风险等级、证据资料、核查建议,P0,magazine_435_articles,D:\openclaw-workspace\knowledge\11-杂志文献\财政监督\021电网信息资本项目全价值链财务数智化管控探索.md
MAGBUD-0027-R01,audit_rule,generated_rule,MAGBUD-0027,63,C,预算执行与财政管理 / 财政与政府债务 / 绩效评价,022基于哈佛分析框架的Z烟草工业企业财务,022基于哈佛分析框架的Z烟草工业企业财务R01规则,按案例主题识别同类事项中的风险特征并生成疑点。,文章案例文本；审计事项清单；问题线索台账；审计证据资料；预算指标表；财政支出明细,风险词命中/数据缺失/证据不一致/指标偏离/流程缺陷,命中对象、风险等级、证据资料、核查建议,P0,magazine_435_articles,D:\openclaw-workspace\knowledge\11-杂志文献\财政监督\022基于哈佛分析框架的Z 烟草工业企业财务.md
MAGBUD-0027-R02,audit_rule,generated_rule,MAGBUD-0027,63,C,预算执行与财政管理 / 财政与政府债务 / 绩效评价,022基于哈佛分析框架的Z烟草工业企业财务,022基于哈佛分析框架的Z烟草工业企业财务R02规则,核查案例涉及的数据、证据和整改链条是否完整一致。,文章案例文本；审计事项清单；问题线索台账；审计证据资料；预算指标表；财政支出明细,风险词命中/数据缺失/证据不一致/指标偏离/流程缺陷,命中对象、风险等级、证据资料、核查建议,P0,magazine_435_articles,D:\openclaw-workspace\knowledge\11-杂志文献\财政监督\022基于哈佛分析框架的Z 烟草工业企业财务.md
MAGBUD-0028-R01,audit_rule,generated_rule,MAGBUD-0028,63,C,预算执行与财政管理 / 财政与政府债务 / 绩效评价,023新兴产业风险防控体系建设探索与实践,023新兴产业风险防控体系建设探索与实践R01规则,按案例主题识别同类事项中的风险特征并生成疑点。,文章案例文本；审计事项清单；问题线索台账；审计证据资料；预算指标表；财政支出明细,风险词命中/数据缺失/证据不一致/指标偏离/流程缺陷,命中对象、风险等级、证据资料、核查建议,P0,magazine_435_articles,D:\openclaw-workspace\knowledge\11-杂志文献\财政监督\023新兴产业风险防控体系建设探索与实践.md
MAGBUD-0028-R02,audit_rule,generated_rule,MAGBUD-0028,63,C,预算执行与财政管理 / 财政与政府债务 / 绩效评价,023新兴产业风险防控体系建设探索与实践,023新兴产业风险防控体系建设探索与实践R02规则,核查案例涉及的数据、证据和整改链条是否完整一致。,文章案例文本；审计事项清单；问题线索台账；审计证据资料；预算指标表；财政支出明细,风险词命中/数据缺失/证据不一致/指标偏离/流程缺陷,命中对象、风险等级、证据资料、核查建议,P0,magazine_435_articles,D:\openclaw-workspace\knowledge\11-杂志文献\财政监督\023新兴产业风险防控体系建设探索与实践.md
MAGBUD-0059-R01,audit_rule,generated_rule,MAGBUD-0059,63,C,预算执行与财政管理 / 财政与政府债务 / 绩效评价,21电网企业“双链协同”预算全域管理体系构建研究,21电网企业“双链协同”预算全域管理体系构建研究R01规则,按案例主题识别同类事项中的风险特征并生成疑点。,文章案例文本；审计事项清单；问题线索台账；审计证据资料；预算指标表；财政支出明细,风险词命中/数据缺失/证据不一致/指标偏离/流程缺陷,命中对象、风险等级、证据资料、核查建议,P0,magazine_435_articles,D:\openclaw-workspace\knowledge\11-杂志文献\财政监督\21电网企业“双链协同”预算全域管理体系构建研究.md
MAGBUD-0059-R02,audit_rule,generated_rule,MAGBUD-0059,63,C,预算执行与财政管理 / 财政与政府债务 / 绩效评价,21电网企业“双链协同”预算全域管理体系构建研究,21电网企业“双链协同”预算全域管理体系构建研究R02规则,核查案例涉及的数据、证据和整改链条是否完整一致。,文章案例文本；审计事项清单；问题线索台账；审计证据资料；预算指标表；财政支出明细,风险词命中/数据缺失/证据不一致/指标偏离/流程缺陷,命中对象、风险等级、证据资料、核查建议,P0,magazine_435_articles,D:\openclaw-workspace\knowledge\11-杂志文献\财政监督\21电网企业“双链协同”预算全域管理体系构建研究.md
MAGBUD-0050-R01,audit_rule,generated_rule,MAGBUD-0050,53,D,预算执行与财政管理 / 财政与政府债务 / 绩效评价,“三高三全”推进内控建设加力提升财政监管质效,“三高三全”推进内控建设加力提升财政监管质效R01规则,按案例主题识别同类事项中的风险特征并生成疑点。,文章案例文本；审计事项清单；问题线索台账；审计证据资料；预算指标表；财政支出明细,风险词命中/数据缺失/证据不一致/指标偏离/流程缺陷,命中对象、风险等级、证据资料、核查建议,P1,magazine_435_articles,D:\openclaw-workspace\knowledge\11-杂志文献\财政监督\15.“三高三全”推进内控建设加力提升财政监管质效.md
MAGBUD-0050-R02,audit_rule,generated_rule,MAGBUD-0050,53,D,预算执行与财政管理 / 财政与政府债务 / 绩效评价,“三高三全”推进内控建设加力提升财政监管质效,“三高三全”推进内控建设加力提升财政监管质效R02规则,核查案例涉及的数据、证据和整改链条是否完整一致。,文章案例文本；审计事项清单；问题线索台账；审计证据资料；预算指标表；财政支出明细,风险词命中/数据缺失/证据不一致/指标偏离/流程缺陷,命中对象、风险等级、证据资料、核查建议,P1,magazine_435_articles,D:\openclaw-workspace\knowledge\11-杂志文献\财政监督\15.“三高三全”推进内控建设加力提升财政监管质效.md
MAGBUD-0073-R01,audit_rule,generated_rule,MAGBUD-0073,63,C,预算执行与财政管理 / 财政与政府债务 / 绩效评价,“业、财、控”融合模式下公用事业财政补贴模式创新研究,“业、财、控”融合模式下公用事业财政补贴模式创新研究R01规则,按案例主题识别同类事项中的风险特征并生成疑点。,文章案例文本；审计事项清单；问题线索台账；审计证据资料；预算指标表；财政支出明细,风险词命中/数据缺失/证据不一致/指标偏离/流程缺陷,命中对象、风险等级、证据资料、核查建议,P0,magazine_435_articles,D:\openclaw-workspace\knowledge\11-杂志文献\财政监督\9.“业、财、控”融合模式下公用事业财政补贴模式创新研究.md
MAGBUD-0073-R02,audit_rule,generated_rule,MAGBUD-0073,63,C,预算执行与财政管理 / 财政与政府债务 / 绩效评价,“业、财、控”融合模式下公用事业财政补贴模式创新研究,“业、财、控”融合模式下公用事业财政补贴模式创新研究R02规则,核查案例涉及的数据、证据和整改链条是否完整一致。,文章案例文本；审计事项清单；问题线索台账；审计证据资料；预算指标表；财政支出明细,风险词命中/数据缺失/证据不一致/指标偏离/流程缺陷,命中对象、风险等级、证据资料、核查建议,P0,magazine_435_articles,D:\openclaw-workspace\knowledge\11-杂志文献\财政监督\9.“业、财、控”融合模式下公用事业财政补贴模式创新研究.md
MAGBUD-0056-R01,audit_rule,generated_rule,MAGBUD-0056,53,D,预算执行与财政管理 / 财政与政府债务 / 绩效评价,“四个突出”深化财政内控建设,“四个突出”深化财政内控建设R01规则,按案例主题识别同类事项中的风险特征并生成疑点。,文章案例文本；审计事项清单；问题线索台账；审计证据资料；预算指标表；财政支出明细,风险词命中/数据缺失/证据不一致/指标偏离/流程缺陷,命中对象、风险等级、证据资料、核查建议,P1,magazine_435_articles,D:\openclaw-workspace\knowledge\11-杂志文献\财政监督\18.“四个突出”深化财政内控建设.md
MAGBUD-0056-R02,audit_rule,generated_rule,MAGBUD-0056,53,D,预算执行与财政管理 / 财政与政府债务 / 绩效评价,“四个突出”深化财政内控建设,“四个突出”深化财政内控建设R02规则,核查案例涉及的数据、证据和整改链条是否完整一致。,文章案例文本；审计事项清单；问题线索台账；审计证据资料；预算指标表；财政支出明细,风险词命中/数据缺失/证据不一致/指标偏离/流程缺陷,命中对象、风险等级、证据资料、核查建议,P1,magazine_435_articles,D:\openclaw-workspace\knowledge\11-杂志文献\财政监督\18.“四个突出”深化财政内控建设.md
MAGBUD-0036-R01,audit_rule,generated_rule,MAGBUD-0036,53,D,预算执行与财政管理 / 财政与政府债务 / 绩效评价,事前绩效评估的预算绩效管理实践与思考,事前绩效评估的预算绩效管理实践与思考R01规则,按案例主题识别同类事项中的风险特征并生成疑点。,文章案例文本；审计事项清单；问题线索台账；审计证据资料；预算指标表；财政支出明细,风险词命中/数据缺失/证据不一致/指标偏离/流程缺陷,命中对象、风险等级、证据资料、核查建议,P1,magazine_435_articles,D:\openclaw-workspace\knowledge\11-杂志文献\财政监督\10.基于事前绩效评估的预算绩效管理实践与思考.md
MAGBUD-0036-R02,audit_rule,generated_rule,MAGBUD-0036,53,D,预算执行与财政管理 / 财政与政府债务 / 绩效评价,事前绩效评估的预算绩效管理实践与思考,事前绩效评估的预算绩效管理实践与思考R02规则,核查案例涉及的数据、证据和整改链条是否完整一致。,文章案例文本；审计事项清单；问题线索台账；审计证据资料；预算指标表；财政支出明细,风险词命中/数据缺失/证据不一致/指标偏离/流程缺陷,命中对象、风险等级、证据资料、核查建议,P1,magazine_435_articles,D:\openclaw-workspace\knowledge\11-杂志文献\财政监督\10.基于事前绩效评估的预算绩效管理实践与思考.md
MAGBUD-0069-R01,audit_rule,generated_rule,MAGBUD-0069,63,C,预算执行与财政管理 / 财政与政府债务 / 绩效评价,产业扶持政策绩效评价推进数字政府建设场景初探,产业扶持政策绩效评价推进数字政府建设场景初探R01规则,按案例主题识别同类事项中的风险特征并生成疑点。,文章案例文本；审计事项清单；问题线索台账；审计证据资料；预算指标表；财政支出明细,风险词命中/数据缺失/证据不一致/指标偏离/流程缺陷,命中对象、风险等级、证据资料、核查建议,P0,magazine_435_articles,D:\openclaw-workspace\knowledge\11-杂志文献\财政监督\8.产业扶持政策绩效评价推进数字政府建设场景初探.md
MAGBUD-0069-R02,audit_rule,generated_rule,MAGBUD-0069,63,C,预算执行与财政管理 / 财政与政府债务 / 绩效评价,产业扶持政策绩效评价推进数字政府建设场景初探,产业扶持政策绩效评价推进数字政府建设场景初探R02规则,核查案例涉及的数据、证据和整改链条是否完整一致。,文章案例文本；审计事项清单；问题线索台账；审计证据资料；预算指标表；财政支出明细,风险词命中/数据缺失/证据不一致/指标偏离/流程缺陷,命中对象、风险等级、证据资料、核查建议,P0,magazine_435_articles,D:\openclaw-workspace\knowledge\11-杂志文献\财政监督\8.产业扶持政策绩效评价推进数字政府建设场景初探.md
MAGBUD-0029-R01,audit_rule,generated_rule,MAGBUD-0029,53,D,预算执行与财政管理 / 财政与政府债务 / 绩效评价,借专项行动东风寻常态化预算执行监督之道,借专项行动东风寻常态化预算执行监督之道R01规则,按案例主题识别同类事项中的风险特征并生成疑点。,文章案例文本；审计事项清单；问题线索台账；审计证据资料；预算指标表；财政支出明细,风险词命中/数据缺失/证据不一致/指标偏离/流程缺陷,命中对象、风险等级、证据资料、核查建议,P1,magazine_435_articles,D:\openclaw-workspace\knowledge\11-杂志文献\财政监督\1.借专项行动东风寻常态化预算执行监督之道.md
MAGBUD-0029-R02,audit_rule,generated_rule,MAGBUD-0029,53,D,预算执行与财政管理 / 财政与政府债务 / 绩效评价,借专项行动东风寻常态化预算执行监督之道,借专项行动东风寻常态化预算执行监督之道R02规则,核查案例涉及的数据、证据和整改链条是否完整一致。,文章案例文本；审计事项清单；问题线索台账；审计证据资料；预算指标表；财政支出明细,风险词命中/数据缺失/证据不一致/指标偏离/流程缺陷,命中对象、风险等级、证据资料、核查建议,P1,magazine_435_articles,D:\openclaw-workspace\knowledge\11-杂志文献\财政监督\1.借专项行动东风寻常态化预算执行监督之道.md
MAGBUD-0060-R01,audit_rule,generated_rule,MAGBUD-0060,63,C,预算执行与财政管理 / 财政与政府债务 / 绩效评价,内部模拟市场体系的国网省级营销服务中心预算管理优化探索,内部模拟市场体系的国网省级营销服务中心预算管理优化探索R01规则,按案例主题识别同类事项中的风险特征并生成疑点。,文章案例文本；审计事项清单；问题线索台账；审计证据资料；预算指标表；财政支出明细,风险词命中/数据缺失/证据不一致/指标偏离/流程缺陷,命中对象、风险等级、证据资料、核查建议,P0,magazine_435_articles,D:\openclaw-workspace\knowledge\11-杂志文献\财政监督\22.基于内部模拟市场体系的国网省级营销服务中心预算管理优化探索.md
MAGBUD-0060-R02,audit_rule,generated_rule,MAGBUD-0060,63,C,预算执行与财政管理 / 财政与政府债务 / 绩效评价,内部模拟市场体系的国网省级营销服务中心预算管理优化探索,内部模拟市场体系的国网省级营销服务中心预算管理优化探索R02规则,核查案例涉及的数据、证据和整改链条是否完整一致。,文章案例文本；审计事项清单；问题线索台账；审计证据资料；预算指标表；财政支出明细,风险词命中/数据缺失/证据不一致/指标偏离/流程缺陷,命中对象、风险等级、证据资料、核查建议,P0,magazine_435_articles,D:\openclaw-workspace\knowledge\11-杂志文献\财政监督\22.基于内部模拟市场体系的国网省级营销服务中心预算管理优化探索.md
MAGBUD-0067-R01,audit_rule,generated_rule,MAGBUD-0067,63,C,预算执行与财政管理 / 财政与政府债务 / 绩效评价,准确把握新时代财会监督背景下检查组长履职之责,准确把握新时代财会监督背景下检查组长履职之责R01规则,按案例主题识别同类事项中的风险特征并生成疑点。,文章案例文本；审计事项清单；问题线索台账；审计证据资料；预算指标表；财政支出明细,风险词命中/数据缺失/证据不一致/指标偏离/流程缺陷,命中对象、风险等级、证据资料、核查建议,P0,magazine_435_articles,D:\openclaw-workspace\knowledge\11-杂志文献\财政监督\7.准确把握新时代财会监督背景下检查组长履 职之责.md
MAGBUD-0067-R02,audit_rule,generated_rule,MAGBUD-0067,63,C,预算执行与财政管理 / 财政与政府债务 / 绩效评价,准确把握新时代财会监督背景下检查组长履职之责,准确把握新时代财会监督背景下检查组长履职之责R02规则,核查案例涉及的数据、证据和整改链条是否完整一致。,文章案例文本；审计事项清单；问题线索台账；审计证据资料；预算指标表；财政支出明细,风险词命中/数据缺失/证据不一致/指标偏离/流程缺陷,命中对象、风险等级、证据资料、核查建议,P0,magazine_435_articles,D:\openclaw-workspace\knowledge\11-杂志文献\财政监督\7.准确把握新时代财会监督背景下检查组长履 职之责.md
MAGBUD-0030-R01,audit_rule,generated_rule,MAGBUD-0030,53,D,预算执行与财政管理 / 财政与政府债务 / 绩效评价,切实保障政府采购绩效评价脱虚向实,切实保障政府采购绩效评价脱虚向实R01规则,按案例主题识别同类事项中的风险特征并生成疑点。,文章案例文本；审计事项清单；问题线索台账；审计证据资料；预算指标表；财政支出明细,风险词命中/数据缺失/证据不一致/指标偏离/流程缺陷,命中对象、风险等级、证据资料、核查建议,P1,magazine_435_articles,D:\openclaw-workspace\knowledge\11-杂志文献\财政监督\1.切实保障政府采购绩效评价脱虚向实.md
MAGBUD-0030-R02,audit_rule,generated_rule,MAGBUD-0030,53,D,预算执行与财政管理 / 财政与政府债务 / 绩效评价,切实保障政府采购绩效评价脱虚向实,切实保障政府采购绩效评价脱虚向实R02规则,核查案例涉及的数据、证据和整改链条是否完整一致。,文章案例文本；审计事项清单；问题线索台账；审计证据资料；预算指标表；财政支出明细,风险词命中/数据缺失/证据不一致/指标偏离/流程缺陷,命中对象、风险等级、证据资料、核查建议,P1,magazine_435_articles,D:\openclaw-workspace\knowledge\11-杂志文献\财政监督\1.切实保障政府采购绩效评价脱虚向实.md
MAGBUD-0065-R01,audit_rule,generated_rule,MAGBUD-0065,63,C,预算执行与财政管理 / 财政与政府债务 / 绩效评价,加快建构新时代财会监督长效机制的治理路径,加快建构新时代财会监督长效机制的治理路径R01规则,按案例主题识别同类事项中的风险特征并生成疑点。,文章案例文本；审计事项清单；问题线索台账；审计证据资料；预算指标表；财政支出明细,风险词命中/数据缺失/证据不一致/指标偏离/流程缺陷,命中对象、风险等级、证据资料、核查建议,P0,magazine_435_articles,D:\openclaw-workspace\knowledge\11-杂志文献\财政监督\5.加快建构新时代财会监督长效机制的治理路径.md
MAGBUD-0065-R02,audit_rule,generated_rule,MAGBUD-0065,63,C,预算执行与财政管理 / 财政与政府债务 / 绩效评价,加快建构新时代财会监督长效机制的治理路径,加快建构新时代财会监督长效机制的治理路径R02规则,核查案例涉及的数据、证据和整改链条是否完整一致。,文章案例文本；审计事项清单；问题线索台账；审计证据资料；预算指标表；财政支出明细,风险词命中/数据缺失/证据不一致/指标偏离/流程缺陷,命中对象、风险等级、证据资料、核查建议,P0,magazine_435_articles,D:\openclaw-workspace\knowledge\11-杂志文献\财政监督\5.加快建构新时代财会监督长效机制的治理路径.md
MAGBUD-0001-R01,audit_rule,generated_rule,MAGBUD-0001,53,D,预算执行与财政管理 / 财政与政府债务 / 绩效评价,印发《支持学前教育发展资金管理办法》的通知（正文扫描不完整）,印发《支持学前教育发展资金管理办法》的通知（正文扫描不完整）R01规则,按案例主题识别同类事项中的风险特征并生成疑点。,文章案例文本；审计事项清单；问题线索台账；审计证据资料；预算指标表；财政支出明细,风险词命中/数据缺失/证据不一致/指标偏离/流程缺陷,命中对象、风险等级、证据资料、核查建议,P1,magazine_435_articles,D:\openclaw-workspace\knowledge\11-杂志文献\四川注册会计师\005.关于印发《支持学前教育发展资金管理办法》的通知（正文扫描不完整）.md
MAGBUD-0001-R02,audit_rule,generated_rule,MAGBUD-0001,53,D,预算执行与财政管理 / 财政与政府债务 / 绩效评价,印发《支持学前教育发展资金管理办法》的通知（正文扫描不完整）,印发《支持学前教育发展资金管理办法》的通知（正文扫描不完整）R02规则,核查案例涉及的数据、证据和整改链条是否完整一致。,文章案例文本；审计事项清单；问题线索台账；审计证据资料；预算指标表；财政支出明细,风险词命中/数据缺失/证据不一致/指标偏离/流程缺陷,命中对象、风险等级、证据资料、核查建议,P1,magazine_435_articles,D:\openclaw-workspace\knowledge\11-杂志文献\四川注册会计师\005.关于印发《支持学前教育发展资金管理办法》的通知（正文扫描不完整）.md
MAGBUD-0070-R01,audit_rule,generated_rule,MAGBUD-0070,63,C,预算执行与财政管理 / 财政与政府债务 / 绩效评价,县级政府预算绩效管理改革制约因素与优化路径研究,县级政府预算绩效管理改革制约因素与优化路径研究R01规则,按案例主题识别同类事项中的风险特征并生成疑点。,文章案例文本；审计事项清单；问题线索台账；审计证据资料；预算指标表；财政支出明细,风险词命中/数据缺失/证据不一致/指标偏离/流程缺陷,命中对象、风险等级、证据资料、核查建议,P0,magazine_435_articles,D:\openclaw-workspace\knowledge\11-杂志文献\财政监督\8.县级政府预算绩效管理改革制约因素与优化路径研究.md
MAGBUD-0070-R02,audit_rule,generated_rule,MAGBUD-0070,63,C,预算执行与财政管理 / 财政与政府债务 / 绩效评价,县级政府预算绩效管理改革制约因素与优化路径研究,县级政府预算绩效管理改革制约因素与优化路径研究R02规则,核查案例涉及的数据、证据和整改链条是否完整一致。,文章案例文本；审计事项清单；问题线索台账；审计证据资料；预算指标表；财政支出明细,风险词命中/数据缺失/证据不一致/指标偏离/流程缺陷,命中对象、风险等级、证据资料、核查建议,P0,magazine_435_articles,D:\openclaw-workspace\knowledge\11-杂志文献\财政监督\8.县级政府预算绩效管理改革制约因素与优化路径研究.md
MAGBUD-0066-R01,audit_rule,generated_rule,MAGBUD-0066,53,D,预算执行与财政管理 / 财政与政府债务 / 绩效评价,商鞅变法的国家治理意义与儒法合流的公共经济内涵（下）,商鞅变法的国家治理意义与儒法合流的公共经济内涵（下）R01规则,按案例主题识别同类事项中的风险特征并生成疑点。,文章案例文本；审计事项清单；问题线索台账；审计证据资料；预算指标表；财政支出明细,风险词命中/数据缺失/证据不一致/指标偏离/流程缺陷,命中对象、风险等级、证据资料、核查建议,P1,magazine_435_articles,D:\openclaw-workspace\knowledge\11-杂志文献\财政监督\6.商鞅变法的国家治理意义与儒法合流的公共经济内涵（下）.md
MAGBUD-0066-R02,audit_rule,generated_rule,MAGBUD-0066,53,D,预算执行与财政管理 / 财政与政府债务 / 绩效评价,商鞅变法的国家治理意义与儒法合流的公共经济内涵（下）,商鞅变法的国家治理意义与儒法合流的公共经济内涵（下）R02规则,核查案例涉及的数据、证据和整改链条是否完整一致。,文章案例文本；审计事项清单；问题线索台账；审计证据资料；预算指标表；财政支出明细,风险词命中/数据缺失/证据不一致/指标偏离/流程缺陷,命中对象、风险等级、证据资料、核查建议,P1,magazine_435_articles,D:\openclaw-workspace\knowledge\11-杂志文献\财政监督\6.商鞅变法的国家治理意义与儒法合流的公共经济内涵（下）.md
MAGBUD-0003-R01,audit_rule,generated_rule,MAGBUD-0003,53,D,预算执行与财政管理 / 财政与政府债务 / 绩效评价,国家审计赋能“双碳”目标：内在逻辑与运作机理,国家审计赋能“双碳”目标：内在逻辑与运作机理R01规则,按案例主题识别同类事项中的风险特征并生成疑点。,文章案例文本；审计事项清单；问题线索台账；审计证据资料；预算指标表；财政支出明细,风险词命中/数据缺失/证据不一致/指标偏离/流程缺陷,命中对象、风险等级、证据资料、核查建议,P1,magazine_435_articles,D:\openclaw-workspace\knowledge\11-杂志文献\审计观察\5.国家审计赋能“双碳”目标： 内在逻辑与运作机理.md
MAGBUD-0003-R02,audit_rule,generated_rule,MAGBUD-0003,53,D,预算执行与财政管理 / 财政与政府债务 / 绩效评价,国家审计赋能“双碳”目标：内在逻辑与运作机理,国家审计赋能“双碳”目标：内在逻辑与运作机理R02规则,核查案例涉及的数据、证据和整改链条是否完整一致。,文章案例文本；审计事项清单；问题线索台账；审计证据资料；预算指标表；财政支出明细,风险词命中/数据缺失/证据不一致/指标偏离/流程缺陷,命中对象、风险等级、证据资料、核查建议,P1,magazine_435_articles,D:\openclaw-workspace\knowledge\11-杂志文献\审计观察\5.国家审计赋能“双碳”目标： 内在逻辑与运作机理.md
MAGBUD-0061-R01,audit_rule,generated_rule,MAGBUD-0061,63,C,预算执行与财政管理 / 财政与政府债务 / 绩效评价,多维精益管理体系的地市供电企业,多维精益管理体系的地市供电企业R01规则,按案例主题识别同类事项中的风险特征并生成疑点。,文章案例文本；审计事项清单；问题线索台账；审计证据资料；预算指标表；财政支出明细,风险词命中/数据缺失/证据不一致/指标偏离/流程缺陷,命中对象、风险等级、证据资料、核查建议,P0,magazine_435_articles,D:\openclaw-workspace\knowledge\11-杂志文献\财政监督\23.基于多维精益管理体系的地市供电企业.md
MAGBUD-0061-R02,audit_rule,generated_rule,MAGBUD-0061,63,C,预算执行与财政管理 / 财政与政府债务 / 绩效评价,多维精益管理体系的地市供电企业,多维精益管理体系的地市供电企业R02规则,核查案例涉及的数据、证据和整改链条是否完整一致。,文章案例文本；审计事项清单；问题线索台账；审计证据资料；预算指标表；财政支出明细,风险词命中/数据缺失/证据不一致/指标偏离/流程缺陷,命中对象、风险等级、证据资料、核查建议,P0,magazine_435_articles,D:\openclaw-workspace\knowledge\11-杂志文献\财政监督\23.基于多维精益管理体系的地市供电企业.md
MAGBUD-0053-R01,audit_rule,generated_rule,MAGBUD-0053,63,C,预算执行与财政管理 / 财政与政府债务 / 绩效评价,宝钢股份基于“双碳”目标的战略成本管理实践与启示,宝钢股份基于“双碳”目标的战略成本管理实践与启示R01规则,按案例主题识别同类事项中的风险特征并生成疑点。,文章案例文本；审计事项清单；问题线索台账；审计证据资料；预算指标表；财政支出明细,风险词命中/数据缺失/证据不一致/指标偏离/流程缺陷,命中对象、风险等级、证据资料、核查建议,P0,magazine_435_articles,D:\openclaw-workspace\knowledge\11-杂志文献\财政监督\16.宝钢股份基于“双碳”目标的战略成本管理实践与启示.md
MAGBUD-0053-R02,audit_rule,generated_rule,MAGBUD-0053,63,C,预算执行与财政管理 / 财政与政府债务 / 绩效评价,宝钢股份基于“双碳”目标的战略成本管理实践与启示,宝钢股份基于“双碳”目标的战略成本管理实践与启示R02规则,核查案例涉及的数据、证据和整改链条是否完整一致。,文章案例文本；审计事项清单；问题线索台账；审计证据资料；预算指标表；财政支出明细,风险词命中/数据缺失/证据不一致/指标偏离/流程缺陷,命中对象、风险等级、证据资料、核查建议,P0,magazine_435_articles,D:\openclaw-workspace\knowledge\11-杂志文献\财政监督\16.宝钢股份基于“双碳”目标的战略成本管理实践与启示.md
MAGBUD-0037-R01,audit_rule,generated_rule,MAGBUD-0037,63,C,预算执行与财政管理 / 财政与政府债务 / 绩效评价,小议公众评判法在预算绩效管理中的运用,小议公众评判法在预算绩效管理中的运用R01规则,按案例主题识别同类事项中的风险特征并生成疑点。,文章案例文本；审计事项清单；问题线索台账；审计证据资料；预算指标表；财政支出明细,风险词命中/数据缺失/证据不一致/指标偏离/流程缺陷,命中对象、风险等级、证据资料、核查建议,P0,magazine_435_articles,D:\openclaw-workspace\knowledge\11-杂志文献\财政监督\10.小议公众评判法在预算绩效管理中的运用.md
MAGBUD-0037-R02,audit_rule,generated_rule,MAGBUD-0037,63,C,预算执行与财政管理 / 财政与政府债务 / 绩效评价,小议公众评判法在预算绩效管理中的运用,小议公众评判法在预算绩效管理中的运用R02规则,核查案例涉及的数据、证据和整改链条是否完整一致。,文章案例文本；审计事项清单；问题线索台账；审计证据资料；预算指标表；财政支出明细,风险词命中/数据缺失/证据不一致/指标偏离/流程缺陷,命中对象、风险等级、证据资料、核查建议,P0,magazine_435_articles,D:\openclaw-workspace\knowledge\11-杂志文献\财政监督\10.小议公众评判法在预算绩效管理中的运用.md
MAGBUD-0047-R01,audit_rule,generated_rule,MAGBUD-0047,53,D,预算执行与财政管理 / 财政与政府债务 / 绩效评价,山东青岛：打造“四三二一”模式,山东青岛：打造“四三二一”模式R01规则,按案例主题识别同类事项中的风险特征并生成疑点。,文章案例文本；审计事项清单；问题线索台账；审计证据资料；预算指标表；财政支出明细,风险词命中/数据缺失/证据不一致/指标偏离/流程缺陷,命中对象、风险等级、证据资料、核查建议,P1,magazine_435_articles,D:\openclaw-workspace\knowledge\11-杂志文献\财政监督\14.山东青岛：打造“四三二一”模式.md
MAGBUD-0047-R02,audit_rule,generated_rule,MAGBUD-0047,53,D,预算执行与财政管理 / 财政与政府债务 / 绩效评价,山东青岛：打造“四三二一”模式,山东青岛：打造“四三二一”模式R02规则,核查案例涉及的数据、证据和整改链条是否完整一致。,文章案例文本；审计事项清单；问题线索台账；审计证据资料；预算指标表；财政支出明细,风险词命中/数据缺失/证据不一致/指标偏离/流程缺陷,命中对象、风险等级、证据资料、核查建议,P1,magazine_435_articles,D:\openclaw-workspace\knowledge\11-杂志文献\财政监督\14.山东青岛：打造“四三二一”模式.md
MAGBUD-0031-R01,audit_rule,generated_rule,MAGBUD-0031,53,D,预算执行与财政管理 / 财政与政府债务 / 绩效评价,建立财会监督长效机制需要坚定对制度的信念,建立财会监督长效机制需要坚定对制度的信念R01规则,按案例主题识别同类事项中的风险特征并生成疑点。,文章案例文本；审计事项清单；问题线索台账；审计证据资料；预算指标表；财政支出明细,风险词命中/数据缺失/证据不一致/指标偏离/流程缺陷,命中对象、风险等级、证据资料、核查建议,P1,magazine_435_articles,D:\openclaw-workspace\knowledge\11-杂志文献\财政监督\1.建立财会监督长效机制需要坚定对制度的信念.md
MAGBUD-0031-R02,audit_rule,generated_rule,MAGBUD-0031,53,D,预算执行与财政管理 / 财政与政府债务 / 绩效评价,建立财会监督长效机制需要坚定对制度的信念,建立财会监督长效机制需要坚定对制度的信念R02规则,核查案例涉及的数据、证据和整改链条是否完整一致。,文章案例文本；审计事项清单；问题线索台账；审计证据资料；预算指标表；财政支出明细,风险词命中/数据缺失/证据不一致/指标偏离/流程缺陷,命中对象、风险等级、证据资料、核查建议,P1,magazine_435_articles,D:\openclaw-workspace\knowledge\11-杂志文献\财政监督\1.建立财会监督长效机制需要坚定对制度的信念.md
MAGBUD-0052-R01,audit_rule,generated_rule,MAGBUD-0052,63,C,预算执行与财政管理 / 财政与政府债务 / 绩效评价,强化内控机制建设提升财政治理能力,强化内控机制建设提升财政治理能力R01规则,按案例主题识别同类事项中的风险特征并生成疑点。,文章案例文本；审计事项清单；问题线索台账；审计证据资料；预算指标表；财政支出明细,风险词命中/数据缺失/证据不一致/指标偏离/流程缺陷,命中对象、风险等级、证据资料、核查建议,P0,magazine_435_articles,D:\openclaw-workspace\knowledge\11-杂志文献\财政监督\15.强化内控机制建设提升财政治理能力.md
MAGBUD-0052-R02,audit_rule,generated_rule,MAGBUD-0052,63,C,预算执行与财政管理 / 财政与政府债务 / 绩效评价,强化内控机制建设提升财政治理能力,强化内控机制建设提升财政治理能力R02规则,核查案例涉及的数据、证据和整改链条是否完整一致。,文章案例文本；审计事项清单；问题线索台账；审计证据资料；预算指标表；财政支出明细,风险词命中/数据缺失/证据不一致/指标偏离/流程缺陷,命中对象、风险等级、证据资料、核查建议,P0,magazine_435_articles,D:\openclaw-workspace\knowledge\11-杂志文献\财政监督\15.强化内控机制建设提升财政治理能力.md
MAGBUD-0042-R01,audit_rule,generated_rule,MAGBUD-0042,53,D,预算执行与财政管理 / 财政与政府债务 / 绩效评价,打造“1+2”内控管理体系赋能财政监管高质量发展,打造“1+2”内控管理体系赋能财政监管高质量发展R01规则,按案例主题识别同类事项中的风险特征并生成疑点。,文章案例文本；审计事项清单；问题线索台账；审计证据资料；预算指标表；财政支出明细,风险词命中/数据缺失/证据不一致/指标偏离/流程缺陷,命中对象、风险等级、证据资料、核查建议,P1,magazine_435_articles,D:\openclaw-workspace\knowledge\11-杂志文献\财政监督\11.打造“1+2”内控管理体系赋能财政监管高质量发展.md
MAGBUD-0042-R02,audit_rule,generated_rule,MAGBUD-0042,53,D,预算执行与财政管理 / 财政与政府债务 / 绩效评价,打造“1+2”内控管理体系赋能财政监管高质量发展,打造“1+2”内控管理体系赋能财政监管高质量发展R02规则,核查案例涉及的数据、证据和整改链条是否完整一致。,文章案例文本；审计事项清单；问题线索台账；审计证据资料；预算指标表；财政支出明细,风险词命中/数据缺失/证据不一致/指标偏离/流程缺陷,命中对象、风险等级、证据资料、核查建议,P1,magazine_435_articles,D:\openclaw-workspace\knowledge\11-杂志文献\财政监督\11.打造“1+2”内控管理体系赋能财政监管高质量发展.md
MAGBUD-0057-R01,audit_rule,generated_rule,MAGBUD-0057,63,C,预算执行与财政管理 / 财政与政府债务 / 绩效评价,拟上市民营企业内控体系建设探析与实践,拟上市民营企业内控体系建设探析与实践R01规则,按案例主题识别同类事项中的风险特征并生成疑点。,文章案例文本；审计事项清单；问题线索台账；审计证据资料；预算指标表；财政支出明细,风险词命中/数据缺失/证据不一致/指标偏离/流程缺陷,命中对象、风险等级、证据资料、核查建议,P0,magazine_435_articles,D:\openclaw-workspace\knowledge\11-杂志文献\财政监督\18.拟上市民营企业内控体系建设探析与实践.md
MAGBUD-0057-R02,audit_rule,generated_rule,MAGBUD-0057,63,C,预算执行与财政管理 / 财政与政府债务 / 绩效评价,拟上市民营企业内控体系建设探析与实践,拟上市民营企业内控体系建设探析与实践R02规则,核查案例涉及的数据、证据和整改链条是否完整一致。,文章案例文本；审计事项清单；问题线索台账；审计证据资料；预算指标表；财政支出明细,风险词命中/数据缺失/证据不一致/指标偏离/流程缺陷,命中对象、风险等级、证据资料、核查建议,P0,magazine_435_articles,D:\openclaw-workspace\knowledge\11-杂志文献\财政监督\18.拟上市民营企业内控体系建设探析与实践.md
MAGBUD-0055-R01,audit_rule,generated_rule,MAGBUD-0055,53,D,预算执行与财政管理 / 财政与政府债务 / 绩效评价,持续推进财政内控建设的实践与思考,持续推进财政内控建设的实践与思考R01规则,按案例主题识别同类事项中的风险特征并生成疑点。,文章案例文本；审计事项清单；问题线索台账；审计证据资料；预算指标表；财政支出明细,风险词命中/数据缺失/证据不一致/指标偏离/流程缺陷,命中对象、风险等级、证据资料、核查建议,P1,magazine_435_articles,D:\openclaw-workspace\knowledge\11-杂志文献\财政监督\17.持续推进财政内控建设的实践与思考.md
MAGBUD-0055-R02,audit_rule,generated_rule,MAGBUD-0055,53,D,预算执行与财政管理 / 财政与政府债务 / 绩效评价,持续推进财政内控建设的实践与思考,持续推进财政内控建设的实践与思考R02规则,核查案例涉及的数据、证据和整改链条是否完整一致。,文章案例文本；审计事项清单；问题线索台账；审计证据资料；预算指标表；财政支出明细,风险词命中/数据缺失/证据不一致/指标偏离/流程缺陷,命中对象、风险等级、证据资料、核查建议,P1,magazine_435_articles,D:\openclaw-workspace\knowledge\11-杂志文献\财政监督\17.持续推进财政内控建设的实践与思考.md
MAGBUD-0071-R01,audit_rule,generated_rule,MAGBUD-0071,63,C,预算执行与财政管理 / 财政与政府债务 / 绩效评价,推行绩效管理加强财会监督：如何落实《行政单位财务规则》新规(上),推行绩效管理加强财会监督：如何落实《行政单位财务规则》新规(上)R01规则,按案例主题识别同类事项中的风险特征并生成疑点。,文章案例文本；审计事项清单；问题线索台账；审计证据资料；预算指标表；财政支出明细,风险词命中/数据缺失/证据不一致/指标偏离/流程缺陷,命中对象、风险等级、证据资料、核查建议,P0,magazine_435_articles,D:\openclaw-workspace\knowledge\11-杂志文献\财政监督\8.推行绩效管理加强财会监督：如何落实《行政单位财务规则》新规(上).md
MAGBUD-0071-R02,audit_rule,generated_rule,MAGBUD-0071,63,C,预算执行与财政管理 / 财政与政府债务 / 绩效评价,推行绩效管理加强财会监督：如何落实《行政单位财务规则》新规(上),推行绩效管理加强财会监督：如何落实《行政单位财务规则》新规(上)R02规则,核查案例涉及的数据、证据和整改链条是否完整一致。,文章案例文本；审计事项清单；问题线索台账；审计证据资料；预算指标表；财政支出明细,风险词命中/数据缺失/证据不一致/指标偏离/流程缺陷,命中对象、风险等级、证据资料、核查建议,P0,magazine_435_articles,D:\openclaw-workspace\knowledge\11-杂志文献\财政监督\8.推行绩效管理加强财会监督：如何落实《行政单位财务规则》新规(上).md
MAGBUD-0038-R01,audit_rule,generated_rule,MAGBUD-0038,53,D,预算执行与财政管理 / 财政与政府债务 / 绩效评价,推进预算绩效管理的现实途径与实践探索,推进预算绩效管理的现实途径与实践探索R01规则,按案例主题识别同类事项中的风险特征并生成疑点。,文章案例文本；审计事项清单；问题线索台账；审计证据资料；预算指标表；财政支出明细,风险词命中/数据缺失/证据不一致/指标偏离/流程缺陷,命中对象、风险等级、证据资料、核查建议,P1,magazine_435_articles,D:\openclaw-workspace\knowledge\11-杂志文献\财政监督\10.推进预算绩效管理的现实途径与实践探索.md
MAGBUD-0038-R02,audit_rule,generated_rule,MAGBUD-0038,53,D,预算执行与财政管理 / 财政与政府债务 / 绩效评价,推进预算绩效管理的现实途径与实践探索,推进预算绩效管理的现实途径与实践探索R02规则,核查案例涉及的数据、证据和整改链条是否完整一致。,文章案例文本；审计事项清单；问题线索台账；审计证据资料；预算指标表；财政支出明细,风险词命中/数据缺失/证据不一致/指标偏离/流程缺陷,命中对象、风险等级、证据资料、核查建议,P1,magazine_435_articles,D:\openclaw-workspace\knowledge\11-杂志文献\财政监督\10.推进预算绩效管理的现实途径与实践探索.md
MAGBUD-0033-R01,audit_rule,generated_rule,MAGBUD-0033,53,D,预算执行与财政管理 / 财政与政府债务 / 绩效评价,提高人大预算审查监督的针对性和有效性,提高人大预算审查监督的针对性和有效性R01规则,按案例主题识别同类事项中的风险特征并生成疑点。,文章案例文本；审计事项清单；问题线索台账；审计证据资料；预算指标表；财政支出明细,风险词命中/数据缺失/证据不一致/指标偏离/流程缺陷,命中对象、风险等级、证据资料、核查建议,P1,magazine_435_articles,D:\openclaw-workspace\knowledge\11-杂志文献\财政监督\1.提高人大预算审查监督的针对性和有效性.md
MAGBUD-0033-R02,audit_rule,generated_rule,MAGBUD-0033,53,D,预算执行与财政管理 / 财政与政府债务 / 绩效评价,提高人大预算审查监督的针对性和有效性,提高人大预算审查监督的针对性和有效性R02规则,核查案例涉及的数据、证据和整改链条是否完整一致。,文章案例文本；审计事项清单；问题线索台账；审计证据资料；预算指标表；财政支出明细,风险词命中/数据缺失/证据不一致/指标偏离/流程缺陷,命中对象、风险等级、证据资料、核查建议,P1,magazine_435_articles,D:\openclaw-workspace\knowledge\11-杂志文献\财政监督\1.提高人大预算审查监督的针对性和有效性.md
MAGBUD-0062-R01,audit_rule,generated_rule,MAGBUD-0062,63,C,预算执行与财政管理 / 财政与政府债务 / 绩效评价,政府补贴项目全成本预算绩效管理实践探索,政府补贴项目全成本预算绩效管理实践探索R01规则,按案例主题识别同类事项中的风险特征并生成疑点。,文章案例文本；审计事项清单；问题线索台账；审计证据资料；预算指标表；财政支出明细,风险词命中/数据缺失/证据不一致/指标偏离/流程缺陷,命中对象、风险等级、证据资料、核查建议,P0,magazine_435_articles,D:\openclaw-workspace\knowledge\11-杂志文献\财政监督\3.政府补贴项目全成本预算绩效管理实践探索.md
MAGBUD-0062-R02,audit_rule,generated_rule,MAGBUD-0062,63,C,预算执行与财政管理 / 财政与政府债务 / 绩效评价,政府补贴项目全成本预算绩效管理实践探索,政府补贴项目全成本预算绩效管理实践探索R02规则,核查案例涉及的数据、证据和整改链条是否完整一致。,文章案例文本；审计事项清单；问题线索台账；审计证据资料；预算指标表；财政支出明细,风险词命中/数据缺失/证据不一致/指标偏离/流程缺陷,命中对象、风险等级、证据资料、核查建议,P0,magazine_435_articles,D:\openclaw-workspace\knowledge\11-杂志文献\财政监督\3.政府补贴项目全成本预算绩效管理实践探索.md
MAGBUD-0002-R01,audit_rule,generated_rule,MAGBUD-0002,63,C,预算执行与财政管理 / 财政与政府债务 / 绩效评价,政府采购中的财务风险防控与审计监督,政府采购中的财务风险防控与审计监督R01规则,按案例主题识别同类事项中的风险特征并生成疑点。,文章案例文本；审计事项清单；问题线索台账；审计证据资料；预算指标表；财政支出明细,风险词命中/数据缺失/证据不一致/指标偏离/流程缺陷,命中对象、风险等级、证据资料、核查建议,P0,magazine_435_articles,D:\openclaw-workspace\knowledge\11-杂志文献\四川注册会计师\009.政府采购中的财务风险防控与审计监督.md
MAGBUD-0002-R02,audit_rule,generated_rule,MAGBUD-0002,63,C,预算执行与财政管理 / 财政与政府债务 / 绩效评价,政府采购中的财务风险防控与审计监督,政府采购中的财务风险防控与审计监督R02规则,核查案例涉及的数据、证据和整改链条是否完整一致。,文章案例文本；审计事项清单；问题线索台账；审计证据资料；预算指标表；财政支出明细,风险词命中/数据缺失/证据不一致/指标偏离/流程缺陷,命中对象、风险等级、证据资料、核查建议,P0,magazine_435_articles,D:\openclaw-workspace\knowledge\11-杂志文献\四川注册会计师\009.政府采购中的财务风险防控与审计监督.md
MAGBUD-0063-R01,audit_rule,generated_rule,MAGBUD-0063,63,C,预算执行与财政管理 / 财政与政府债务 / 绩效评价,政府采购预算绩效管理实践及建议,政府采购预算绩效管理实践及建议R01规则,按案例主题识别同类事项中的风险特征并生成疑点。,文章案例文本；审计事项清单；问题线索台账；审计证据资料；预算指标表；财政支出明细,风险词命中/数据缺失/证据不一致/指标偏离/流程缺陷,命中对象、风险等级、证据资料、核查建议,P0,magazine_435_articles,D:\openclaw-workspace\knowledge\11-杂志文献\财政监督\3.政府采购预算绩效管理实践及建议.md
MAGBUD-0063-R02,audit_rule,generated_rule,MAGBUD-0063,63,C,预算执行与财政管理 / 财政与政府债务 / 绩效评价,政府采购预算绩效管理实践及建议,政府采购预算绩效管理实践及建议R02规则,核查案例涉及的数据、证据和整改链条是否完整一致。,文章案例文本；审计事项清单；问题线索台账；审计证据资料；预算指标表；财政支出明细,风险词命中/数据缺失/证据不一致/指标偏离/流程缺陷,命中对象、风险等级、证据资料、核查建议,P0,magazine_435_articles,D:\openclaw-workspace\knowledge\11-杂志文献\财政监督\3.政府采购预算绩效管理实践及建议.md
MAGBUD-0039-R01,audit_rule,generated_rule,MAGBUD-0039,53,D,预算执行与财政管理 / 财政与政府债务 / 绩效评价,政府项目全生命周期管理流程标准化的可行路径,政府项目全生命周期管理流程标准化的可行路径R01规则,按案例主题识别同类事项中的风险特征并生成疑点。,文章案例文本；审计事项清单；问题线索台账；审计证据资料；预算指标表；财政支出明细,风险词命中/数据缺失/证据不一致/指标偏离/流程缺陷,命中对象、风险等级、证据资料、核查建议,P1,magazine_435_articles,D:\openclaw-workspace\knowledge\11-杂志文献\财政监督\10.政府项目全生命周期管理流程标准化的可行路径.md
MAGBUD-0039-R02,audit_rule,generated_rule,MAGBUD-0039,53,D,预算执行与财政管理 / 财政与政府债务 / 绩效评价,政府项目全生命周期管理流程标准化的可行路径,政府项目全生命周期管理流程标准化的可行路径R02规则,核查案例涉及的数据、证据和整改链条是否完整一致。,文章案例文本；审计事项清单；问题线索台账；审计证据资料；预算指标表；财政支出明细,风险词命中/数据缺失/证据不一致/指标偏离/流程缺陷,命中对象、风险等级、证据资料、核查建议,P1,magazine_435_articles,D:\openclaw-workspace\knowledge\11-杂志文献\财政监督\10.政府项目全生命周期管理流程标准化的可行路径.md
MAGBUD-0048-R01,audit_rule,generated_rule,MAGBUD-0048,53,D,预算执行与财政管理 / 财政与政府债务 / 绩效评价,江苏苏州：正式建立财政监督基层联系点制度,江苏苏州：正式建立财政监督基层联系点制度R01规则,按案例主题识别同类事项中的风险特征并生成疑点。,文章案例文本；审计事项清单；问题线索台账；审计证据资料；预算指标表；财政支出明细,风险词命中/数据缺失/证据不一致/指标偏离/流程缺陷,命中对象、风险等级、证据资料、核查建议,P1,magazine_435_articles,D:\openclaw-workspace\knowledge\11-杂志文献\财政监督\14.江苏苏州：正式建立财政监督 基层联系点制度.md
MAGBUD-0048-R02,audit_rule,generated_rule,MAGBUD-0048,53,D,预算执行与财政管理 / 财政与政府债务 / 绩效评价,江苏苏州：正式建立财政监督基层联系点制度,江苏苏州：正式建立财政监督基层联系点制度R02规则,核查案例涉及的数据、证据和整改链条是否完整一致。,文章案例文本；审计事项清单；问题线索台账；审计证据资料；预算指标表；财政支出明细,风险词命中/数据缺失/证据不一致/指标偏离/流程缺陷,命中对象、风险等级、证据资料、核查建议,P1,magazine_435_articles,D:\openclaw-workspace\knowledge\11-杂志文献\财政监督\14.江苏苏州：正式建立财政监督 基层联系点制度.md
MAGBUD-0058-R01,audit_rule,generated_rule,MAGBUD-0058,63,C,预算执行与财政管理 / 财政与政府债务 / 绩效评价,电力物资公司全流程预算绩效管理体系研究,电力物资公司全流程预算绩效管理体系研究R01规则,按案例主题识别同类事项中的风险特征并生成疑点。,文章案例文本；审计事项清单；问题线索台账；审计证据资料；预算指标表；财政支出明细,风险词命中/数据缺失/证据不一致/指标偏离/流程缺陷,命中对象、风险等级、证据资料、核查建议,P0,magazine_435_articles,D:\openclaw-workspace\knowledge\11-杂志文献\财政监督\20.电力物资公司全流程预算绩效管理体系研究.md
MAGBUD-0058-R02,audit_rule,generated_rule,MAGBUD-0058,63,C,预算执行与财政管理 / 财政与政府债务 / 绩效评价,电力物资公司全流程预算绩效管理体系研究,电力物资公司全流程预算绩效管理体系研究R02规则,核查案例涉及的数据、证据和整改链条是否完整一致。,文章案例文本；审计事项清单；问题线索台账；审计证据资料；预算指标表；财政支出明细,风险词命中/数据缺失/证据不一致/指标偏离/流程缺陷,命中对象、风险等级、证据资料、核查建议,P0,magazine_435_articles,D:\openclaw-workspace\knowledge\11-杂志文献\财政监督\20.电力物资公司全流程预算绩效管理体系研究.md
MAGBUD-0043-R01,audit_rule,generated_rule,MAGBUD-0043,53,D,预算执行与财政管理 / 财政与政府债务 / 绩效评价,科研机构财会监督制度建设的思路与方法,科研机构财会监督制度建设的思路与方法R01规则,按案例主题识别同类事项中的风险特征并生成疑点。,文章案例文本；审计事项清单；问题线索台账；审计证据资料；预算指标表；财政支出明细,风险词命中/数据缺失/证据不一致/指标偏离/流程缺陷,命中对象、风险等级、证据资料、核查建议,P1,magazine_435_articles,D:\openclaw-workspace\knowledge\11-杂志文献\财政监督\11.科研机构财会监督制度建设的思路与方法.md
MAGBUD-0043-R02,audit_rule,generated_rule,MAGBUD-0043,53,D,预算执行与财政管理 / 财政与政府债务 / 绩效评价,科研机构财会监督制度建设的思路与方法,科研机构财会监督制度建设的思路与方法R02规则,核查案例涉及的数据、证据和整改链条是否完整一致。,文章案例文本；审计事项清单；问题线索台账；审计证据资料；预算指标表；财政支出明细,风险词命中/数据缺失/证据不一致/指标偏离/流程缺陷,命中对象、风险等级、证据资料、核查建议,P1,magazine_435_articles,D:\openclaw-workspace\knowledge\11-杂志文献\财政监督\11.科研机构财会监督制度建设的思路与方法.md
MAGBUD-0049-R01,audit_rule,generated_rule,MAGBUD-0049,53,D,预算执行与财政管理 / 财政与政府债务 / 绩效评价,精准把脉户外资产数字赋能高效监管,精准把脉户外资产数字赋能高效监管R01规则,按案例主题识别同类事项中的风险特征并生成疑点。,文章案例文本；审计事项清单；问题线索台账；审计证据资料；预算指标表；财政支出明细,风险词命中/数据缺失/证据不一致/指标偏离/流程缺陷,命中对象、风险等级、证据资料、核查建议,P1,magazine_435_articles,D:\openclaw-workspace\knowledge\11-杂志文献\财政监督\14.精准把脉户外资产数字赋能高效监管.md
MAGBUD-0049-R02,audit_rule,generated_rule,MAGBUD-0049,53,D,预算执行与财政管理 / 财政与政府债务 / 绩效评价,精准把脉户外资产数字赋能高效监管,精准把脉户外资产数字赋能高效监管R02规则,核查案例涉及的数据、证据和整改链条是否完整一致。,文章案例文本；审计事项清单；问题线索台账；审计证据资料；预算指标表；财政支出明细,风险词命中/数据缺失/证据不一致/指标偏离/流程缺陷,命中对象、风险等级、证据资料、核查建议,P1,magazine_435_articles,D:\openclaw-workspace\knowledge\11-杂志文献\财政监督\14.精准把脉户外资产数字赋能高效监管.md
MAGBUD-0034-R01,audit_rule,generated_rule,MAGBUD-0034,53,D,预算执行与财政管理 / 财政与政府债务 / 绩效评价,绩效评价的群众路线,绩效评价的群众路线R01规则,按案例主题识别同类事项中的风险特征并生成疑点。,文章案例文本；审计事项清单；问题线索台账；审计证据资料；预算指标表；财政支出明细,风险词命中/数据缺失/证据不一致/指标偏离/流程缺陷,命中对象、风险等级、证据资料、核查建议,P1,magazine_435_articles,D:\openclaw-workspace\knowledge\11-杂志文献\财政监督\1.绩效评价的群众路线.md
MAGBUD-0034-R02,audit_rule,generated_rule,MAGBUD-0034,53,D,预算执行与财政管理 / 财政与政府债务 / 绩效评价,绩效评价的群众路线,绩效评价的群众路线R02规则,核查案例涉及的数据、证据和整改链条是否完整一致。,文章案例文本；审计事项清单；问题线索台账；审计证据资料；预算指标表；财政支出明细,风险词命中/数据缺失/证据不一致/指标偏离/流程缺陷,命中对象、风险等级、证据资料、核查建议,P1,magazine_435_articles,D:\openclaw-workspace\knowledge\11-杂志文献\财政监督\1.绩效评价的群众路线.md
MAGBUD-0004-R01,audit_rule,generated_rule,MAGBUD-0004,53,D,预算执行与财政管理 / 财政与政府债务 / 绩效评价,编制“六张清单”开展自然资源产离任审计,编制“六张清单”开展自然资源产离任审计R01规则,按案例主题识别同类事项中的风险特征并生成疑点。,文章案例文本；审计事项清单；问题线索台账；审计证据资料；预算指标表；财政支出明细,风险词命中/数据缺失/证据不一致/指标偏离/流程缺陷,命中对象、风险等级、证据资料、核查建议,P1,magazine_435_articles,D:\openclaw-workspace\knowledge\11-杂志文献\审计观察\7.编制“六张清单”开展自然资源产离任审计.md
MAGBUD-0004-R02,audit_rule,generated_rule,MAGBUD-0004,53,D,预算执行与财政管理 / 财政与政府债务 / 绩效评价,编制“六张清单”开展自然资源产离任审计,编制“六张清单”开展自然资源产离任审计R02规则,核查案例涉及的数据、证据和整改链条是否完整一致。,文章案例文本；审计事项清单；问题线索台账；审计证据资料；预算指标表；财政支出明细,风险词命中/数据缺失/证据不一致/指标偏离/流程缺陷,命中对象、风险等级、证据资料、核查建议,P1,magazine_435_articles,D:\openclaw-workspace\knowledge\11-杂志文献\审计观察\7.编制“六张清单”开展自然资源产离任审计.md
MAGBUD-0068-R01,audit_rule,generated_rule,MAGBUD-0068,63,C,预算执行与财政管理 / 财政与政府债务 / 绩效评价,行政事业性国有资产监管：如何持续提质增效(上),行政事业性国有资产监管：如何持续提质增效(上)R01规则,按案例主题识别同类事项中的风险特征并生成疑点。,文章案例文本；审计事项清单；问题线索台账；审计证据资料；预算指标表；财政支出明细,风险词命中/数据缺失/证据不一致/指标偏离/流程缺陷,命中对象、风险等级、证据资料、核查建议,P0,magazine_435_articles,D:\openclaw-workspace\knowledge\11-杂志文献\财政监督\7.行政事业性国有资产监管：如何持续提质增效(上).md
MAGBUD-0068-R02,audit_rule,generated_rule,MAGBUD-0068,63,C,预算执行与财政管理 / 财政与政府债务 / 绩效评价,行政事业性国有资产监管：如何持续提质增效(上),行政事业性国有资产监管：如何持续提质增效(上)R02规则,核查案例涉及的数据、证据和整改链条是否完整一致。,文章案例文本；审计事项清单；问题线索台账；审计证据资料；预算指标表；财政支出明细,风险词命中/数据缺失/证据不一致/指标偏离/流程缺陷,命中对象、风险等级、证据资料、核查建议,P0,magazine_435_articles,D:\openclaw-workspace\knowledge\11-杂志文献\财政监督\7.行政事业性国有资产监管：如何持续提质增效(上).md
MAGBUD-0072-R01,audit_rule,generated_rule,MAGBUD-0072,53,D,预算执行与财政管理 / 财政与政府债务 / 绩效评价,规范监督检查工作流程高质量完成财会监,规范监督检查工作流程高质量完成财会监R01规则,按案例主题识别同类事项中的风险特征并生成疑点。,文章案例文本；审计事项清单；问题线索台账；审计证据资料；预算指标表；财政支出明细,风险词命中/数据缺失/证据不一致/指标偏离/流程缺陷,命中对象、风险等级、证据资料、核查建议,P1,magazine_435_articles,D:\openclaw-workspace\knowledge\11-杂志文献\财政监督\8.规范监督检查工作流程高质量完成财会监.md
MAGBUD-0072-R02,audit_rule,generated_rule,MAGBUD-0072,53,D,预算执行与财政管理 / 财政与政府债务 / 绩效评价,规范监督检查工作流程高质量完成财会监,规范监督检查工作流程高质量完成财会监R02规则,核查案例涉及的数据、证据和整改链条是否完整一致。,文章案例文本；审计事项清单；问题线索台账；审计证据资料；预算指标表；财政支出明细,风险词命中/数据缺失/证据不一致/指标偏离/流程缺陷,命中对象、风险等级、证据资料、核查建议,P1,magazine_435_articles,D:\openclaw-workspace\knowledge\11-杂志文献\财政监督\8.规范监督检查工作流程高质量完成财会监.md
MAGBUD-0064-R01,audit_rule,generated_rule,MAGBUD-0064,63,C,预算执行与财政管理 / 财政与政府债务 / 绩效评价,财会监督新形势下内控信息化建设路径实践和探讨,财会监督新形势下内控信息化建设路径实践和探讨R01规则,按案例主题识别同类事项中的风险特征并生成疑点。,文章案例文本；审计事项清单；问题线索台账；审计证据资料；预算指标表；财政支出明细,风险词命中/数据缺失/证据不一致/指标偏离/流程缺陷,命中对象、风险等级、证据资料、核查建议,P0,magazine_435_articles,D:\openclaw-workspace\knowledge\11-杂志文献\财政监督\3.财会监督新形势下内控信息化建设路径实践和探讨.md
MAGBUD-0064-R02,audit_rule,generated_rule,MAGBUD-0064,63,C,预算执行与财政管理 / 财政与政府债务 / 绩效评价,财会监督新形势下内控信息化建设路径实践和探讨,财会监督新形势下内控信息化建设路径实践和探讨R02规则,核查案例涉及的数据、证据和整改链条是否完整一致。,文章案例文本；审计事项清单；问题线索台账；审计证据资料；预算指标表；财政支出明细,风险词命中/数据缺失/证据不一致/指标偏离/流程缺陷,命中对象、风险等级、证据资料、核查建议,P0,magazine_435_articles,D:\openclaw-workspace\knowledge\11-杂志文献\财政监督\3.财会监督新形势下内控信息化建设路径实践和探讨.md
MAGBUD-0044-R01,audit_rule,generated_rule,MAGBUD-0044,53,D,预算执行与财政管理 / 财政与政府债务 / 绩效评价,财务审查在绩效评价中的作用与应用,财务审查在绩效评价中的作用与应用R01规则,按案例主题识别同类事项中的风险特征并生成疑点。,文章案例文本；审计事项清单；问题线索台账；审计证据资料；预算指标表；财政支出明细,风险词命中/数据缺失/证据不一致/指标偏离/流程缺陷,命中对象、风险等级、证据资料、核查建议,P1,magazine_435_articles,D:\openclaw-workspace\knowledge\11-杂志文献\财政监督\11.财务审查在绩效评价中的作用与应用.md
MAGBUD-0044-R02,audit_rule,generated_rule,MAGBUD-0044,53,D,预算执行与财政管理 / 财政与政府债务 / 绩效评价,财务审查在绩效评价中的作用与应用,财务审查在绩效评价中的作用与应用R02规则,核查案例涉及的数据、证据和整改链条是否完整一致。,文章案例文本；审计事项清单；问题线索台账；审计证据资料；预算指标表；财政支出明细,风险词命中/数据缺失/证据不一致/指标偏离/流程缺陷,命中对象、风险等级、证据资料、核查建议,P1,magazine_435_articles,D:\openclaw-workspace\knowledge\11-杂志文献\财政监督\11.财务审查在绩效评价中的作用与应用.md
MAGBUD-0040-R01,audit_rule,generated_rule,MAGBUD-0040,63,C,预算执行与财政管理 / 财政与政府债务 / 绩效评价,预算绩效内控一体化的高校项目库管理研究,预算绩效内控一体化的高校项目库管理研究R01规则,按案例主题识别同类事项中的风险特征并生成疑点。,文章案例文本；审计事项清单；问题线索台账；审计证据资料；预算指标表；财政支出明细,风险词命中/数据缺失/证据不一致/指标偏离/流程缺陷,命中对象、风险等级、证据资料、核查建议,P0,magazine_435_articles,D:\openclaw-workspace\knowledge\11-杂志文献\财政监督\11.基于预算绩效内控一体化的高校项目库管理研究.md
MAGBUD-0040-R02,audit_rule,generated_rule,MAGBUD-0040,63,C,预算执行与财政管理 / 财政与政府债务 / 绩效评价,预算绩效内控一体化的高校项目库管理研究,预算绩效内控一体化的高校项目库管理研究R02规则,核查案例涉及的数据、证据和整改链条是否完整一致。,文章案例文本；审计事项清单；问题线索台账；审计证据资料；预算指标表；财政支出明细,风险词命中/数据缺失/证据不一致/指标偏离/流程缺陷,命中对象、风险等级、证据资料、核查建议,P0,magazine_435_articles,D:\openclaw-workspace\knowledge\11-杂志文献\财政监督\11.基于预算绩效内控一体化的高校项目库管理研究.md
MAGBUD-0041-R01,audit_rule,generated_rule,MAGBUD-0041,63,C,预算执行与财政管理 / 财政与政府债务 / 绩效评价,预算绩效管理系统的高校内控机制优化研究,预算绩效管理系统的高校内控机制优化研究R01规则,按案例主题识别同类事项中的风险特征并生成疑点。,文章案例文本；审计事项清单；问题线索台账；审计证据资料；预算指标表；财政支出明细,风险词命中/数据缺失/证据不一致/指标偏离/流程缺陷,命中对象、风险等级、证据资料、核查建议,P0,magazine_435_articles,D:\openclaw-workspace\knowledge\11-杂志文献\财政监督\11.基于预算绩效管理系统的高校内控机制优化研究.md
MAGBUD-0041-R02,audit_rule,generated_rule,MAGBUD-0041,63,C,预算执行与财政管理 / 财政与政府债务 / 绩效评价,预算绩效管理系统的高校内控机制优化研究,预算绩效管理系统的高校内控机制优化研究R02规则,核查案例涉及的数据、证据和整改链条是否完整一致。,文章案例文本；审计事项清单；问题线索台账；审计证据资料；预算指标表；财政支出明细,风险词命中/数据缺失/证据不一致/指标偏离/流程缺陷,命中对象、风险等级、证据资料、核查建议,P0,magazine_435_articles,D:\openclaw-workspace\knowledge\11-杂志文献\财政监督\11.基于预算绩效管理系统的高校内控机制优化研究.md
MAGBUD-0045-R01,audit_rule,generated_rule,MAGBUD-0045,53,D,预算执行与财政管理 / 财政与政府债务 / 绩效评价,高校预算绩效管理一体化系统应用研究,高校预算绩效管理一体化系统应用研究R01规则,按案例主题识别同类事项中的风险特征并生成疑点。,文章案例文本；审计事项清单；问题线索台账；审计证据资料；预算指标表；财政支出明细,风险词命中/数据缺失/证据不一致/指标偏离/流程缺陷,命中对象、风险等级、证据资料、核查建议,P1,magazine_435_articles,D:\openclaw-workspace\knowledge\11-杂志文献\财政监督\11.高校预算绩效管理一体化系统应用研究.md
MAGBUD-0045-R02,audit_rule,generated_rule,MAGBUD-0045,53,D,预算执行与财政管理 / 财政与政府债务 / 绩效评价,高校预算绩效管理一体化系统应用研究,高校预算绩效管理一体化系统应用研究R02规则,核查案例涉及的数据、证据和整改链条是否完整一致。,文章案例文本；审计事项清单；问题线索台账；审计证据资料；预算指标表；财政支出明细,风险词命中/数据缺失/证据不一致/指标偏离/流程缺陷,命中对象、风险等级、证据资料、核查建议,P1,magazine_435_articles,D:\openclaw-workspace\knowledge\11-杂志文献\财政监督\11.高校预算绩效管理一体化系统应用研究.md
MAGBUD-0054-R01,audit_rule,generated_rule,MAGBUD-0054,53,D,预算执行与财政管理 / 财政与政府债务 / 绩效评价,黑龙江省财政厅：召开地方预决算公开检查工作培训会,黑龙江省财政厅：召开地方预决算公开检查工作培训会R01规则,按案例主题识别同类事项中的风险特征并生成疑点。,文章案例文本；审计事项清单；问题线索台账；审计证据资料；预算指标表；财政支出明细,风险词命中/数据缺失/证据不一致/指标偏离/流程缺陷,命中对象、风险等级、证据资料、核查建议,P1,magazine_435_articles,D:\openclaw-workspace\knowledge\11-杂志文献\财政监督\16.黑龙江省财政厅：召开地方预 决算公开检查工作培训会.md
MAGBUD-0054-R02,audit_rule,generated_rule,MAGBUD-0054,53,D,预算执行与财政管理 / 财政与政府债务 / 绩效评价,黑龙江省财政厅：召开地方预决算公开检查工作培训会,黑龙江省财政厅：召开地方预决算公开检查工作培训会R02规则,核查案例涉及的数据、证据和整改链条是否完整一致。,文章案例文本；审计事项清单；问题线索台账；审计证据资料；预算指标表；财政支出明细,风险词命中/数据缺失/证据不一致/指标偏离/流程缺陷,命中对象、风险等级、证据资料、核查建议,P1,magazine_435_articles,D:\openclaw-workspace\knowledge\11-杂志文献\财政监督\16.黑龙江省财政厅：召开地方预 决算公开检查工作培训会.md
RULEPKG-PERFV6D-079,audit_rule_pack,package_level_rule,PERFV6D-079,77,B,全场景通用 / 监督检查与经费舞弊 / 绩效评价,多维数据分析审计技术,高级审计技术方法-多维数据分析审计技术规则包,基于《高级审计技术方法》中“多维数据分析审计技术”相关内容，固化审计对象在合规性、真实性、绩效性和责任链方面的风险，形成可复核的疑点、规则或指标输出。,项目台账；财务收支明细；合同与审批资料；支付凭证；审计发现清单；绩效指标表；产出效果数据；满意度问卷；采购公告；投标文件,按包内审计目标、风险假设和输出字段触发,多维数据分析审计技术规则编号、规则说明、触发条件、证据资料、处理建议,P1,ocr_55_books_deep,E:\2026\审计方法&政策文件\_ocr_output\通用\高级审计技术方法.pdf.md
RULEPKG-SUPVV6D-010,audit_rule_pack,package_level_rule,SUPVV6D-010,69,C,全场景通用 / 监督检查与经费舞弊 / 绩效评价,审计案例规则化,国家治理导向的政府审计-审计案例规则化规则包,基于《国家治理导向的政府审计》中“审计案例规则化”相关内容，固化审计对象在合规性、真实性、绩效性和责任链方面的风险，形成可复核的疑点、规则或指标输出。,项目台账；财务收支明细；合同与审批资料；支付凭证；审计发现清单；绩效指标表；产出效果数据；满意度问卷；会议纪要；三重一大事项,按包内审计目标、风险假设和输出字段触发,审计案例规则化规则编号、规则说明、触发条件、证据资料、处理建议,P1,ocr_55_books_deep,E:\2026\审计方法&政策文件\_ocr_output\通用\国家治理导向的政府审计.pdf.md
RULEPKG-SUPVV6D-034,audit_rule_pack,package_level_rule,SUPVV6D-034,69,C,全场景通用 / 监督检查与经费舞弊 / 绩效评价,审计案例规则化,政府审计理论与实务-审计案例规则化规则包,基于《政府审计理论与实务》中“审计案例规则化”相关内容，固化审计对象在合规性、真实性、绩效性和责任链方面的风险，形成可复核的疑点、规则或指标输出。,项目台账；财务收支明细；合同与审批资料；支付凭证；审计发现清单；预算批复表；预算调整表；绩效目标表；绩效指标表；产出效果数据,按包内审计目标、风险假设和输出字段触发,审计案例规则化规则编号、规则说明、触发条件、证据资料、处理建议,P1,ocr_55_books_deep,E:\2026\审计方法&政策文件\_ocr_output\通用\政府审计理论与实务.pdf.md
RULEPKG-FINV6D-006,audit_rule_pack,package_level_rule,FINV6D-006,69,C,全场景通用 / 监督检查与经费舞弊 / 绩效评价,本教材的教学案例均来源于审计实务界真实的案例。为了增强现,审计案例-本教材的教学案例均来源于审计实务界真实的案例。为了增强现规则包,基于《审计案例》中“本教材的教学案例均来源于审计实务界真实的案例。为了增强现”相关内容，固化审计对象在合规性、真实性、绩效性和责任链方面的风险，形成可复核的疑点、规则或指标输出。,项目台账；财务收支明细；合同与审批资料；支付凭证；审计发现清单；采购公告；投标文件；供应商信息；中标合同；农户信息,按包内审计目标、风险假设和输出字段触发,本教材的教学案例均来源于审计实务界真实的案例。为了增强现规则编号、规则说明、触发条件、证据资料、处理建议,P1,ocr_55_books_deep,E:\2026\审计方法&政策文件\_ocr_output\通用\审计案例.pdf.md
RULEPKG-FINV6D-002,audit_rule_pack,package_level_rule,FINV6D-002,69,C,全场景通用 / 监督检查与经费舞弊 / 绩效评价,绩效审计案例,审计案例-绩效审计案例规则包,基于《审计案例》中“绩效审计案例”相关内容，固化审计对象在合规性、真实性、绩效性和责任链方面的风险，形成可复核的疑点、规则或指标输出。,项目台账；财务收支明细；合同与审批资料；支付凭证；审计发现清单；绩效指标表；产出效果数据；满意度问卷；采购公告；投标文件,按包内审计目标、风险假设和输出字段触发,绩效审计案例规则编号、规则说明、触发条件、证据资料、处理建议,P1,ocr_55_books_deep,E:\2026\审计方法&政策文件\_ocr_output\通用\审计案例.pdf.md
RULEPKG-SOEV6D-013,audit_rule_pack,package_level_rule,SOEV6D-013,66,C,全场景通用 / 监督检查与经费舞弊 / 绩效评价,银广夏事件：风险导向审计引人中国的导火线,审计专题教学案例精选-银广夏事件：风险导向审计引人中国的导火线规则包,基于《审计专题教学案例精选》中“银广夏事件：风险导向审计引人中国的导火线”相关内容，固化审计对象在合规性、真实性、绩效性和责任链方面的风险，形成可复核的疑点、规则或指标输出。,项目台账；财务收支明细；合同与审批资料；支付凭证；审计发现清单,按包内审计目标、风险假设和输出字段触发,银广夏事件：风险导向审计引人中国的导火线规则编号、规则说明、触发条件、证据资料、处理建议,P1,ocr_55_books_deep,E:\2026\审计方法&政策文件\_ocr_output\通用\审计专题教学案例精选.pdf.md
RULEPKG-PERFV6D-083,audit_rule_pack,package_level_rule,PERFV6D-083,69,C,全场景通用 / 监督检查与经费舞弊 / 绩效评价,高级审计技术方法的含义,高级审计技术方法-高级审计技术方法的含义规则包,基于《高级审计技术方法》中“高级审计技术方法的含义”相关内容，固化审计对象在合规性、真实性、绩效性和责任链方面的风险，形成可复核的疑点、规则或指标输出。,项目台账；财务收支明细；合同与审批资料；支付凭证；审计发现清单；绩效指标表；产出效果数据；满意度问卷；采购公告；投标文件,按包内审计目标、风险假设和输出字段触发,高级审计技术方法的含义规则编号、规则说明、触发条件、证据资料、处理建议,P1,ocr_55_books_deep,E:\2026\审计方法&政策文件\_ocr_output\通用\高级审计技术方法.pdf.md
RULEPKG-SOEV6D-002,audit_rule_pack,package_level_rule,SOEV6D-002,69,C,全场景通用 / 监督检查与经费舞弊 / 预算执行与财政管理,“审计计划”提供了三套由浅入深的风险问卷模板。审计计划好,内部审计工作法-“审计计划”提供了三套由浅入深的风险问卷模板。审计计划好规则包,基于《内部审计工作法》中““审计计划”提供了三套由浅入深的风险问卷模板。审计计划好”相关内容，固化审计对象在合规性、真实性、绩效性和责任链方面的风险，形成可复核的疑点、规则或指标输出。,项目台账；财务收支明细；合同与审批资料；支付凭证；审计发现清单；绩效指标表；产出效果数据；满意度问卷；工程量清单；结算书,按包内审计目标、风险假设和输出字段触发,“审计计划”提供了三套由浅入深的风险问卷模板。审计计划好规则编号、规则说明、触发条件、证据资料、处理建议,P1,ocr_55_books_deep,E:\2026\审计方法&政策文件\_ocr_output\通用\内部审计工作法.pdf.md
RULEPKG-SOEV6D-006,audit_rule_pack,package_level_rule,SOEV6D-006,69,C,全场景通用 / 监督检查与经费舞弊 / 预算执行与财政管理,内控缺陷矩阵,内部审计工作法-内控缺陷矩阵规则包,基于《内部审计工作法》中“内控缺陷矩阵”相关内容，固化审计对象在合规性、真实性、绩效性和责任链方面的风险，形成可复核的疑点、规则或指标输出。,项目台账；财务收支明细；合同与审批资料；支付凭证；审计发现清单；绩效指标表；产出效果数据；满意度问卷；工程量清单；结算书,按包内审计目标、风险假设和输出字段触发,内控缺陷矩阵规则编号、规则说明、触发条件、证据资料、处理建议,P1,ocr_55_books_deep,E:\2026\审计方法&政策文件\_ocr_output\通用\内部审计工作法.pdf.md
RULEPKG-PERFV6D-053,audit_rule_pack,package_level_rule,PERFV6D-053,69,C,全场景通用 / 监督检查与经费舞弊 / 预算执行与财政管理,内控缺陷矩阵,内部审计思维与沟通-内控缺陷矩阵规则包,基于《内部审计思维与沟通》中“内控缺陷矩阵”相关内容，固化审计对象在合规性、真实性、绩效性和责任链方面的风险，形成可复核的疑点、规则或指标输出。,项目台账；财务收支明细；合同与审批资料；支付凭证；审计发现清单；绩效指标表；产出效果数据；满意度问卷,按包内审计目标、风险假设和输出字段触发,内控缺陷矩阵规则编号、规则说明、触发条件、证据资料、处理建议,P1,ocr_55_books_deep,E:\2026\审计方法&政策文件\_ocr_output\通用\内部审计思维与沟通.pdf.md
RULEPKG-ECONV6D-044,audit_rule_pack,package_level_rule,ECONV6D-044,77,B,全场景通用 / 监督检查与经费舞弊 / 预算执行与财政管理,多源数据勾稽,基层审计业务操作规程-多源数据勾稽规则包,基于《基层审计业务操作规程》中“多源数据勾稽”相关内容，固化审计对象在合规性、真实性、绩效性和责任链方面的风险，形成可复核的疑点、规则或指标输出。,项目台账；财务收支明细；合同与审批资料；支付凭证；审计发现清单；预算批复表；预算调整表；绩效目标表；会议纪要；三重一大事项,按包内审计目标、风险假设和输出字段触发,多源数据勾稽规则编号、规则说明、触发条件、证据资料、处理建议,P1,ocr_55_books_deep,E:\2026\审计方法&政策文件\_ocr_output\通用\基层审计业务操作规程.pdf.md
RULEPKG-ECONV6D-040,audit_rule_pack,package_level_rule,ECONV6D-040,69,C,全场景通用 / 监督检查与经费舞弊 / 预算执行与财政管理,审计证据链抽取,基层审计业务操作规程-审计证据链抽取规则包,基于《基层审计业务操作规程》中“审计证据链抽取”相关内容，固化审计对象在合规性、真实性、绩效性和责任链方面的风险，形成可复核的疑点、规则或指标输出。,项目台账；财务收支明细；合同与审批资料；支付凭证；审计发现清单；预算批复表；预算调整表；绩效目标表；会议纪要；三重一大事项,按包内审计目标、风险假设和输出字段触发,审计证据链抽取规则编号、规则说明、触发条件、证据资料、处理建议,P1,ocr_55_books_deep,E:\2026\审计方法&政策文件\_ocr_output\通用\基层审计业务操作规程.pdf.md
RULEPKG-PERFV6D-049,audit_rule_pack,package_level_rule,PERFV6D-049,69,C,全场景通用 / 监督检查与经费舞弊 / 预算执行与财政管理,风险管理保障,内部审计思维与沟通-风险管理保障规则包,基于《内部审计思维与沟通》中“风险管理保障”相关内容，固化审计对象在合规性、真实性、绩效性和责任链方面的风险，形成可复核的疑点、规则或指标输出。,项目台账；财务收支明细；合同与审批资料；支付凭证；审计发现清单；绩效指标表；产出效果数据；满意度问卷,按包内审计目标、风险假设和输出字段触发,风险管理保障规则编号、规则说明、触发条件、证据资料、处理建议,P1,ocr_55_books_deep,E:\2026\审计方法&政策文件\_ocr_output\通用\内部审计思维与沟通.pdf.md
RULEPKG-AGRV6D-001,audit_rule_pack,package_level_rule,AGRV6D-001,65,C,农业农村审计 / 民生与社保医保 / 工程与投资审计,以实干担使命以匠心守初心——记山东省威海市文登区,以实干担使命以匠心守初心——记山东省威海市文登区案例规则包,基于《以实干担使命 以匠心守初心——记山东省威海市文登区审计局赛婷羽》中“以实干担使命以匠心守初心——记山东省威海市文登区”相关内容，固化审计对象在合规性、真实性、绩效性和责任链方面的风险，形成可复核的疑点、规则或指标输出。,项目台账；财务收支明细；合同与审批资料；支付凭证；审计发现清单；工程量清单；结算书；签证变更；竣工资料；农户信息,按包内审计目标、风险假设和输出字段触发,以实干担使命以匠心守初心——记山东省威海市文登区规则编号、规则说明、触发条件、证据资料、处理建议,P1,ocr_55_books_deep,E:\2026\审计方法&政策文件\_ocr_output\1中国审计_7期\以实干担使命 以匠心守初心——记山东省威海市文登区审计局赛婷羽.md
RULEPKG-AGRV6D-002,audit_rule_pack,package_level_rule,AGRV6D-002,60,C,农业农村审计 / 资源环境审计 / 金融审计,县域经济特色发展的典型模式与战略路径,县域经济特色发展的典型模式与战略路径案例规则包,基于《县域经济特色发展的典型模式与战略路径》中“县域经济特色发展的典型模式与战略路径”相关内容，固化审计对象在合规性、真实性、绩效性和责任链方面的风险，形成可复核的疑点、规则或指标输出。,项目台账；财务收支明细；合同与审批资料；支付凭证；审计发现清单；农户信息；土地确权；保单理赔；补贴发放；遥感图斑,按包内审计目标、风险假设和输出字段触发,县域经济特色发展的典型模式与战略路径规则编号、规则说明、触发条件、证据资料、处理建议,P1,ocr_55_books_deep,E:\2026\审计方法&政策文件\_ocr_output\2经济责任审计_6期\县域经济特色发展的典型模式与战略路径.md
RULEPKG-MAGAGR-0002,audit_rule_pack,package_level_rule,MAGAGR-0002,77,B,农业农村审计 / 金融审计 / 财政与政府债务,四川省财政国务院关于深入实施“人工智能+”行动的意见,四川省财政国务院关于深入实施“人工智能+”行动的意见案例规则包,基于杂志案例《四川省财政国务院关于深入实施“人工智能+”行动的意见》提炼“四川省财政国务院关于深入实施“人工智能+”行动的意见”审计算法/规则，用于复用审计经验、生成疑点线索和核查程序。,文章案例文本；审计事项清单；问题线索台账；审计证据资料；预算指标表；财政支出明细；项目资金台账；合同流水；授信审批；还款记录,按包内审计目标、风险假设和输出字段触发,四川省财政国务院关于深入实施“人工智能+”行动的意见规则编号、触发条件、适用场景、证据资料、处理建议,P1,magazine_435_articles,D:\openclaw-workspace\knowledge\11-杂志文献\四川注册会计师\003.四川省财政国务院关于深入实施“人工智能+”行动的意见.md
RULEPKG-MAGAGR-0039,audit_rule_pack,package_level_rule,MAGAGR-0039,74,B,农业农村审计 / 金融审计 / 财政与政府债务,完善省以下转移支付制度的思考,完善省以下转移支付制度的思考案例规则包,基于杂志案例《关于完善省以下转移支付制度的思考》提炼“完善省以下转移支付制度的思考”审计算法/规则，用于复用审计经验、生成疑点线索和核查程序。,文章案例文本；审计事项清单；问题线索台账；审计证据资料；预算指标表；财政支出明细；项目资金台账；合同流水；授信审批；还款记录,按包内审计目标、风险假设和输出字段触发,完善省以下转移支付制度的思考规则编号、触发条件、适用场景、证据资料、处理建议,P1,magazine_435_articles,D:\openclaw-workspace\knowledge\11-杂志文献\财政监督\4.关于完善省以下转移支付制度的思考.md
RULEPKG-MAGAGR-0003,audit_rule_pack,package_level_rule,MAGAGR-0003,62,C,农业农村审计 / 金融审计 / 财政与政府债务,实施中小微企业贷款贴息政策的通知,实施中小微企业贷款贴息政策的通知案例规则包,基于杂志案例《关于实施中小微企业贷款贴息政策的通知》提炼“实施中小微企业贷款贴息政策的通知”审计算法/规则，用于复用审计经验、生成疑点线索和核查程序。,文章案例文本；审计事项清单；问题线索台账；审计证据资料；预算指标表；财政支出明细；项目资金台账；合同流水；授信审批；还款记录,按包内审计目标、风险假设和输出字段触发,实施中小微企业贷款贴息政策的通知规则编号、触发条件、适用场景、证据资料、处理建议,P1,magazine_435_articles,D:\openclaw-workspace\knowledge\11-杂志文献\四川注册会计师\005.关于实施中小微企业贷款贴息政策的通知.md
RULEPKG-MAGAGR-0037,audit_rule_pack,package_level_rule,MAGAGR-0037,71,B,农业农村审计 / 金融审计 / 财政与政府债务,规范省以下财政管理的困境及建议,规范省以下财政管理的困境及建议案例规则包,基于杂志案例《规范省以下财政管理的困境及建议》提炼“规范省以下财政管理的困境及建议”审计算法/规则，用于复用审计经验、生成疑点线索和核查程序。,文章案例文本；审计事项清单；问题线索台账；审计证据资料；预算指标表；财政支出明细；项目资金台账；合同流水；授信审批；还款记录,按包内审计目标、风险假设和输出字段触发,规范省以下财政管理的困境及建议规则编号、触发条件、适用场景、证据资料、处理建议,P1,magazine_435_articles,D:\openclaw-workspace\knowledge\11-杂志文献\财政监督\3.规范省以下财政管理的困境及建议.md
RULEPKG-FINV6D-011,audit_rule_pack,package_level_rule,FINV6D-011,65,C,农业农村审计 / 金融审计 / 资源环境审计,政策性农业保险审计探讨,政策性农业保险审计探讨案例规则包,基于《政策性农业保险审计探讨》中“政策性农业保险审计探讨”相关内容，固化审计对象在合规性、真实性、绩效性和责任链方面的风险，形成可复核的疑点、规则或指标输出。,项目台账；财务收支明细；合同与审批资料；支付凭证；审计发现清单；农户信息；土地确权；保单理赔；补贴发放,按包内审计目标、风险假设和输出字段触发,政策性农业保险审计探讨规则编号、规则说明、触发条件、证据资料、处理建议,P1,ocr_55_books_deep,E:\2026\审计方法&政策文件\_ocr_output\2经济责任审计_6期\政策性农业保险审计探讨.md
RULEPKG-ENVV6D-021,audit_rule_pack,package_level_rule,ENVV6D-021,68,C,农业农村审计 / 金融审计 / 资源环境审计,运用多技术融合模型核查违规投保骗取农业保险保费补,运用多技术融合模型核查违规投保骗取农业保险保费补案例规则包,基于《运用多技术融合模型核查违规投保骗取农业保险保费补贴问题——以Z市城乡融合发展政策落实情况专项审计为例》中“运用多技术融合模型核查违规投保骗取农业保险保费补”相关内容，固化审计对象在合规性、真实性、绩效性和责任链方面的风险，形成可复核的疑点、规则或指标输出。,项目台账；财务收支明细；合同与审批资料；支付凭证；审计发现清单；农户信息；土地确权；保单理赔；补贴发放；遥感图斑,按包内审计目标、风险假设和输出字段触发,运用多技术融合模型核查违规投保骗取农业保险保费补规则编号、规则说明、触发条件、证据资料、处理建议,P1,ocr_55_books_deep,E:\2026\审计方法&政策文件\_ocr_output\1中国审计_7期\运用多技术融合模型核查违规投保骗取农业保险保费补贴问题——以Z市城乡融合发展政策落实情况专项审计为例.md
RULEPKG-ENGV6D-010,audit_rule_pack,package_level_rule,ENGV6D-010,69,C,工程与投资审计 / 招投标与政府采购 / 财政与政府债务,6商务管理上的风险,工程项目利润创造与造价风险控制-6商务管理上的风险规则包,基于《工程项目利润创造与造价风险控制》中“6商务管理上的风险”相关内容，固化审计对象在合规性、真实性、绩效性和责任链方面的风险，形成可复核的疑点、规则或指标输出。,项目台账；财务收支明细；合同与审批资料；支付凭证；审计发现清单；绩效指标表；产出效果数据；满意度问卷；工程量清单；结算书,按包内审计目标、风险假设和输出字段触发,6商务管理上的风险规则编号、规则说明、触发条件、证据资料、处理建议,P1,ocr_55_books_deep,E:\2026\审计方法&政策文件\_ocr_output\工程\工程项目利润创造与造价风险控制.pdf.md
RULEPKG-ENGV6D-002,audit_rule_pack,package_level_rule,ENGV6D-002,69,C,工程与投资审计 / 招投标与政府采购 / 财政与政府债务,EPC政策合规,工程总承包政策精要-EPC政策合规规则包,基于《工程总承包政策精要》中“EPC政策合规”相关内容，固化审计对象在合规性、真实性、绩效性和责任链方面的风险，形成可复核的疑点、规则或指标输出。,项目台账；财务收支明细；合同与审批资料；支付凭证；审计发现清单；工程量清单；结算书；签证变更；竣工资料；采购公告,按包内审计目标、风险假设和输出字段触发,EPC政策合规规则编号、规则说明、触发条件、证据资料、处理建议,P1,ocr_55_books_deep,E:\2026\审计方法&政策文件\_ocr_output\工程\工程总承包政策精要.pdf.md
RULEPKG-MAGENG-0001,audit_rule_pack,package_level_rule,MAGENG-0001,66,C,工程与投资审计 / 招投标与政府采购 / 财政与政府债务,制度升级筑牢防线监督制衡守护公益,制度升级筑牢防线监督制衡守护公益案例规则包,基于杂志案例《制度升级筑牢防线监督制衡守护公益》提炼“制度升级筑牢防线监督制衡守护公益”审计算法/规则，用于复用审计经验、生成疑点线索和核查程序。,文章案例文本；审计事项清单；问题线索台账；审计证据资料；预算指标表；财政支出明细；项目资金台账；内控制度；会计凭证；工作底稿,按包内审计目标、风险假设和输出字段触发,制度升级筑牢防线监督制衡守护公益规则编号、触发条件、适用场景、证据资料、处理建议,P1,magazine_435_articles,D:\openclaw-workspace\knowledge\11-杂志文献\四川注册会计师\007.制度升级筑牢防线监督制衡守护公益.md
RULEPKG-ENGV6D-006,audit_rule_pack,package_level_rule,ENGV6D-006,69,C,工程与投资审计 / 招投标与政府采购 / 财政与政府债务,竣工决算费用归集,工程总承包政策精要-竣工决算费用归集规则包,基于《工程总承包政策精要》中“竣工决算费用归集”相关内容，固化审计对象在合规性、真实性、绩效性和责任链方面的风险，形成可复核的疑点、规则或指标输出。,项目台账；财务收支明细；合同与审批资料；支付凭证；审计发现清单；工程量清单；结算书；签证变更；竣工资料；采购公告,按包内审计目标、风险假设和输出字段触发,竣工决算费用归集规则编号、规则说明、触发条件、证据资料、处理建议,P1,ocr_55_books_deep,E:\2026\审计方法&政策文件\_ocr_output\工程\工程总承包政策精要.pdf.md
RULEPKG-ENGV6D-014,audit_rule_pack,package_level_rule,ENGV6D-014,69,C,工程与投资审计 / 招投标与政府采购 / 财政与政府债务,签证变更异常,工程项目利润创造与造价风险控制-签证变更异常规则包,基于《工程项目利润创造与造价风险控制》中“签证变更异常”相关内容，固化审计对象在合规性、真实性、绩效性和责任链方面的风险，形成可复核的疑点、规则或指标输出。,项目台账；财务收支明细；合同与审批资料；支付凭证；审计发现清单；绩效指标表；产出效果数据；满意度问卷；工程量清单；结算书,按包内审计目标、风险假设和输出字段触发,签证变更异常规则编号、规则说明、触发条件、证据资料、处理建议,P1,ocr_55_books_deep,E:\2026\审计方法&政策文件\_ocr_output\工程\工程项目利润创造与造价风险控制.pdf.md
RULEPKG-ENGV6D-018,audit_rule_pack,package_level_rule,ENGV6D-018,69,C,工程与投资审计 / 招投标与政府采购 / 财政与政府债务,项目利润异常,工程项目利润创造与造价风险控制-项目利润异常规则包,基于《工程项目利润创造与造价风险控制》中“项目利润异常”相关内容，固化审计对象在合规性、真实性、绩效性和责任链方面的风险，形成可复核的疑点、规则或指标输出。,项目台账；财务收支明细；合同与审批资料；支付凭证；审计发现清单；绩效指标表；产出效果数据；满意度问卷；工程量清单；结算书,按包内审计目标、风险假设和输出字段触发,项目利润异常规则编号、规则说明、触发条件、证据资料、处理建议,P1,ocr_55_books_deep,E:\2026\审计方法&政策文件\_ocr_output\工程\工程项目利润创造与造价风险控制.pdf.md
RULEPKG-ENGV6D-046,audit_rule_pack,package_level_rule,ENGV6D-046,60,C,工程与投资审计 / 财政与政府债务 / 资源环境审计,城中村改造关键风险点审计思路,城中村改造关键风险点审计思路案例规则包,基于《城中村改造关键风险点审计思路》中“城中村改造关键风险点审计思路”相关内容，固化审计对象在合规性、真实性、绩效性和责任链方面的风险，形成可复核的疑点、规则或指标输出。,项目台账；财务收支明细；合同与审批资料；支付凭证；审计发现清单；工程量清单；结算书；签证变更；竣工资料；遥感图斑,按包内审计目标、风险假设和输出字段触发,城中村改造关键风险点审计思路规则编号、规则说明、触发条件、证据资料、处理建议,P1,ocr_55_books_deep,E:\2026\审计方法&政策文件\_ocr_output\1中国审计_7期\城中村改造关键风险点审计思路.md
RULEPKG-ENGV6D-047,audit_rule_pack,package_level_rule,ENGV6D-047,60,C,工程与投资审计 / 财政与政府债务 / 资源环境审计,微动探测技术在隐蔽工程审计中的应用,微动探测技术在隐蔽工程审计中的应用案例规则包,基于《微动探测技术在隐蔽工程审计中的应用》中“微动探测技术在隐蔽工程审计中的应用”相关内容，固化审计对象在合规性、真实性、绩效性和责任链方面的风险，形成可复核的疑点、规则或指标输出。,项目台账；财务收支明细；合同与审批资料；支付凭证；审计发现清单；工程量清单；结算书；签证变更；竣工资料；遥感图斑,按包内审计目标、风险假设和输出字段触发,微动探测技术在隐蔽工程审计中的应用规则编号、规则说明、触发条件、证据资料、处理建议,P1,ocr_55_books_deep,E:\2026\审计方法&政策文件\_ocr_output\1中国审计_7期\微动探测技术在隐蔽工程审计中的应用.md
RULEPKG-SOCV6D-003,audit_rule_pack,package_level_rule,SOCV6D-003,60,C,民生与社保医保 / 招投标与政府采购 / 预算执行与财政管理,精准审计细把脉深处发力提质效——浙江省宁波市审计,精准审计细把脉深处发力提质效——浙江省宁波市审计案例规则包,基于《精准审计细把脉 深处发力提质效——浙江省宁波市审计局开展公立医院和药品医疗器械生产经销使用情况专项审计调查经验总结》中“精准审计细把脉深处发力提质效——浙江省宁波市审计”相关内容，固化审计对象在合规性、真实性、绩效性和责任链方面的风险，形成可复核的疑点、规则或指标输出。,项目台账；财务收支明细；合同与审批资料；支付凭证；审计发现清单；采购公告；投标文件；供应商信息；中标合同,按包内审计目标、风险假设和输出字段触发,精准审计细把脉深处发力提质效——浙江省宁波市审计规则编号、规则说明、触发条件、证据资料、处理建议,P1,ocr_55_books_deep,E:\2026\审计方法&政策文件\_ocr_output\1中国审计_7期\精准审计细把脉 深处发力提质效——浙江省宁波市审计局开展公立医院和药品医疗器械生产经销使用情况专项审计调查经验总结.md
RULEPKG-SOCV6D-004,audit_rule_pack,package_level_rule,SOCV6D-004,57,C,民生与社保医保 / 招投标与政府采购 / 预算执行与财政管理,精准监督促医改靶向发力增福祉——江苏省盐城市医药,精准监督促医改靶向发力增福祉——江苏省盐城市医药案例规则包,基于《精准监督促医改 靶向发力增福祉——江苏省盐城市医药卫生体制改革政策措施落实情况专项审计调查经验总结》中“精准监督促医改靶向发力增福祉——江苏省盐城市医药”相关内容，固化审计对象在合规性、真实性、绩效性和责任链方面的风险，形成可复核的疑点、规则或指标输出。,项目台账；财务收支明细；合同与审批资料；支付凭证；审计发现清单,按包内审计目标、风险假设和输出字段触发,精准监督促医改靶向发力增福祉——江苏省盐城市医药规则编号、规则说明、触发条件、证据资料、处理建议,P1,ocr_55_books_deep,E:\2026\审计方法&政策文件\_ocr_output\1中国审计_7期\精准监督促医改 靶向发力增福祉——江苏省盐城市医药卫生体制改革政策措施落实情况专项审计调查经验总结.md
RULEPKG-SOCV6D-005,audit_rule_pack,package_level_rule,SOCV6D-005,60,C,民生与社保医保 / 招投标与政府采购 / 预算执行与财政管理,聚焦重点系统施策以审促治——重庆市审计局开展公立,聚焦重点系统施策以审促治——重庆市审计局开展公立案例规则包,基于《聚焦重点 系统施策 以审促治——重庆市审计局开展公立医院药械采购及医疗收费专项审计调查经验总结》中“聚焦重点系统施策以审促治——重庆市审计局开展公立”相关内容，固化审计对象在合规性、真实性、绩效性和责任链方面的风险，形成可复核的疑点、规则或指标输出。,项目台账；财务收支明细；合同与审批资料；支付凭证；审计发现清单；采购公告；投标文件；供应商信息；中标合同,按包内审计目标、风险假设和输出字段触发,聚焦重点系统施策以审促治——重庆市审计局开展公立规则编号、规则说明、触发条件、证据资料、处理建议,P1,ocr_55_books_deep,E:\2026\审计方法&政策文件\_ocr_output\1中国审计_7期\聚焦重点 系统施策 以审促治——重庆市审计局开展公立医院药械采购及医疗收费专项审计调查经验总结.md
RULEPKG-SOCV6D-002,audit_rule_pack,package_level_rule,SOCV6D-002,52,D,民生与社保医保 / 监督检查与经费舞弊,以正确政绩观书写审计“为民答卷”,以正确政绩观书写审计“为民答卷”案例规则包,基于《以正确政绩观书写审计“为民答卷”》中“以正确政绩观书写审计“为民答卷””相关内容，固化审计对象在合规性、真实性、绩效性和责任链方面的风险，形成可复核的疑点、规则或指标输出。,项目台账；财务收支明细；合同与审批资料；支付凭证；审计发现清单,按包内审计目标、风险假设和输出字段触发,以正确政绩观书写审计“为民答卷”规则编号、规则说明、触发条件、证据资料、处理建议,P1,ocr_55_books_deep,E:\2026\审计方法&政策文件\_ocr_output\1中国审计_7期\以正确政绩观书写审计“为民答卷”.md
RULEPKG-SOCV6D-001,audit_rule_pack,package_level_rule,SOCV6D-001,60,C,民生与社保医保 / 绩效评价 / 金融审计,“一老一小”政策落实情况审计关注重点,“一老一小”政策落实情况审计关注重点案例规则包,基于《“一老一小”政策落实情况审计关注重点》中““一老一小”政策落实情况审计关注重点”相关内容，固化审计对象在合规性、真实性、绩效性和责任链方面的风险，形成可复核的疑点、规则或指标输出。,项目台账；财务收支明细；合同与审批资料；支付凭证；审计发现清单；绩效指标表；产出效果数据；满意度问卷,按包内审计目标、风险假设和输出字段触发,“一老一小”政策落实情况审计关注重点规则编号、规则说明、触发条件、证据资料、处理建议,P1,ocr_55_books_deep,E:\2026\审计方法&政策文件\_ocr_output\1中国审计_7期\“一老一小”政策落实情况审计关注重点.md
RULEPKG-MAGSOC-0008,audit_rule_pack,package_level_rule,MAGSOC-0008,58,C,民生与社保医保 / 预算执行与财政管理 / 招投标与政府采购,001呵护我们共有“生态”,001呵护我们共有“生态”案例规则包,基于杂志案例《001呵护我们共有“生态”》提炼“001呵护我们共有“生态””审计算法/规则，用于复用审计经验、生成疑点线索和核查程序。,文章案例文本；审计事项清单；问题线索台账；审计证据资料；预算指标表；财政支出明细；项目资金台账；采购公告；投标文件；供应商信息,按包内审计目标、风险假设和输出字段触发,001呵护我们共有“生态”规则编号、触发条件、适用场景、证据资料、处理建议,P1,magazine_435_articles,D:\openclaw-workspace\knowledge\11-杂志文献\财政监督\001呵护我们共有“生态”.md
RULEPKG-MAGSOC-0003,audit_rule_pack,package_level_rule,MAGSOC-0003,64,C,民生与社保医保 / 预算执行与财政管理 / 招投标与政府采购,中华人民共和国国务院令,中华人民共和国国务院令案例规则包,基于杂志案例《中华人民共和国国务院令》提炼“中华人民共和国国务院令”审计算法/规则，用于复用审计经验、生成疑点线索和核查程序。,文章案例文本；审计事项清单；问题线索台账；审计证据资料；预算指标表；财政支出明细；项目资金台账；采购公告；投标文件；供应商信息,按包内审计目标、风险假设和输出字段触发,中华人民共和国国务院令规则编号、触发条件、适用场景、证据资料、处理建议,P1,magazine_435_articles,D:\openclaw-workspace\knowledge\11-杂志文献\四川注册会计师\005.中华人民共和国国务院令.md
RULEPKG-MAGSOC-0071,audit_rule_pack,package_level_rule,MAGSOC-0071,71,B,民生与社保医保 / 预算执行与财政管理 / 招投标与政府采购,以成本效益分析法推动财政支出标准体系建设初探,以成本效益分析法推动财政支出标准体系建设初探案例规则包,基于杂志案例《以成本效益分析法推动财政支出标准体系建设初探》提炼“以成本效益分析法推动财政支出标准体系建设初探”审计算法/规则，用于复用审计经验、生成疑点线索和核查程序。,文章案例文本；审计事项清单；问题线索台账；审计证据资料；预算指标表；财政支出明细；项目资金台账；采购公告；投标文件；供应商信息,按包内审计目标、风险假设和输出字段触发,以成本效益分析法推动财政支出标准体系建设初探规则编号、触发条件、适用场景、证据资料、处理建议,P1,magazine_435_articles,D:\openclaw-workspace\knowledge\11-杂志文献\财政监督\7.以成本效益分析法推动财政支出标准体系建设初探.md
RULEPKG-MAGSOC-0002,audit_rule_pack,package_level_rule,MAGSOC-0002,62,C,民生与社保医保 / 预算执行与财政管理 / 招投标与政府采购,推动解决政府采购异常低价问题的通知,推动解决政府采购异常低价问题的通知案例规则包,基于杂志案例《关于推动解决政府采购异常低价问题的通知》提炼“推动解决政府采购异常低价问题的通知”审计算法/规则，用于复用审计经验、生成疑点线索和核查程序。,文章案例文本；审计事项清单；问题线索台账；审计证据资料；预算指标表；财政支出明细；项目资金台账；采购公告；投标文件；供应商信息,按包内审计目标、风险假设和输出字段触发,推动解决政府采购异常低价问题的通知规则编号、触发条件、适用场景、证据资料、处理建议,P1,magazine_435_articles,D:\openclaw-workspace\knowledge\11-杂志文献\四川注册会计师\004.关于推动解决政府采购异常低价问题的通知.md
RULEPKG-MAGSOC-0040,audit_rule_pack,package_level_rule,MAGSOC-0040,86,A,民生与社保医保 / 预算执行与财政管理 / 招投标与政府采购,税款滞纳金能否超过本金,税款滞纳金能否超过本金案例规则包,基于杂志案例《税款滞纳金能否超过本金》提炼“税款滞纳金能否超过本金”审计算法/规则，用于复用审计经验、生成疑点线索和核查程序。,文章案例文本；审计事项清单；问题线索台账；审计证据资料；预算指标表；财政支出明细；项目资金台账；纳税申报表；发票明细；税收优惠台账,按包内审计目标、风险假设和输出字段触发,税款滞纳金能否超过本金规则编号、触发条件、适用场景、证据资料、处理建议,P0,magazine_435_articles,D:\openclaw-workspace\knowledge\11-杂志文献\财政监督\17.税款滞纳金能否超过本金.md
RULEPKG-MAGSOC-0004,audit_rule_pack,package_level_rule,MAGSOC-0004,74,B,民生与社保医保 / 预算执行与财政管理 / 招投标与政府采购,金融支持新型工业化的指导意见,金融支持新型工业化的指导意见案例规则包,基于杂志案例《关于金融支持新型工业化的指导意见》提炼“金融支持新型工业化的指导意见”审计算法/规则，用于复用审计经验、生成疑点线索和核查程序。,文章案例文本；审计事项清单；问题线索台账；审计证据资料；预算指标表；财政支出明细；项目资金台账；合同流水；授信审批；还款记录,按包内审计目标、风险假设和输出字段触发,金融支持新型工业化的指导意见规则编号、触发条件、适用场景、证据资料、处理建议,P1,magazine_435_articles,D:\openclaw-workspace\knowledge\11-杂志文献\四川注册会计师\006.关于金融支持新型工业化的指导意见.md
RULEPKG-SUPVV6D-061,audit_rule_pack,package_level_rule,SUPVV6D-061,27,D,监督检查与经费舞弊,审计署党组召开会议学习贯彻习近平总书记,审计署党组召开会议学习贯彻习近平总书记案例规则包,基于《审计署党组召开会议学习贯彻习近平总书记》中“审计署党组召开会议学习贯彻习近平总书记”相关内容，固化审计对象在合规性、真实性、绩效性和责任链方面的风险，形成可复核的疑点、规则或指标输出。,项目台账；财务收支明细；合同与审批资料；支付凭证；审计发现清单,按包内审计目标、风险假设和输出字段触发,审计署党组召开会议学习贯彻习近平总书记规则编号、规则说明、触发条件、证据资料、处理建议,P1,ocr_55_books_deep,E:\2026\审计方法&政策文件\_ocr_output\1中国审计_7期\审计署党组召开会议学习贯彻习近平总书记.md
RULEPKG-SUPVV6D-065,audit_rule_pack,package_level_rule,SUPVV6D-065,55,C,监督检查与经费舞弊 / 农业农村审计 / 民生与社保医保,高举思想旗帜凝聚奋进力量以审计文化建设赋能审计事,高举思想旗帜凝聚奋进力量以审计文化建设赋能审计事案例规则包,基于《高举思想旗帜 凝聚奋进力量以审计文化建设赋能审计事业高质量发展》中“高举思想旗帜凝聚奋进力量以审计文化建设赋能审计事”相关内容，固化审计对象在合规性、真实性、绩效性和责任链方面的风险，形成可复核的疑点、规则或指标输出。,项目台账；财务收支明细；合同与审批资料；支付凭证；审计发现清单；农户信息；土地确权；保单理赔；补贴发放,按包内审计目标、风险假设和输出字段触发,高举思想旗帜凝聚奋进力量以审计文化建设赋能审计事规则编号、规则说明、触发条件、证据资料、处理建议,P1,ocr_55_books_deep,E:\2026\审计方法&政策文件\_ocr_output\1中国审计_7期\高举思想旗帜 凝聚奋进力量以审计文化建设赋能审计事业高质量发展.md
RULEPKG-SUPVV6D-063,audit_rule_pack,package_level_rule,SUPVV6D-063,68,C,监督检查与经费舞弊 / 招投标与政府采购 / 预算执行与财政管理,穿透式监管与高校内部审计融合路径探析,穿透式监管与高校内部审计融合路径探析案例规则包,基于《穿透式监管与高校内部审计融合路径探析》中“穿透式监管与高校内部审计融合路径探析”相关内容，固化审计对象在合规性、真实性、绩效性和责任链方面的风险，形成可复核的疑点、规则或指标输出。,项目台账；财务收支明细；合同与审批资料；支付凭证；审计发现清单；预算批复表；预算调整表；绩效目标表；采购公告；投标文件,按包内审计目标、风险假设和输出字段触发,穿透式监管与高校内部审计融合路径探析规则编号、规则说明、触发条件、证据资料、处理建议,P1,ocr_55_books_deep,E:\2026\审计方法&政策文件\_ocr_output\1中国审计_7期\穿透式监管与高校内部审计融合路径探析.md
RULEPKG-SUPVV6D-062,audit_rule_pack,package_level_rule,SUPVV6D-062,60,C,监督检查与经费舞弊 / 经济责任审计 / 民生与社保医保,政治铸魂固本强基为经济社会高质量发展提供审计保障,政治铸魂固本强基为经济社会高质量发展提供审计保障案例规则包,基于《政治铸魂 固本强基为经济社会高质量发展提供审计保障》中“政治铸魂固本强基为经济社会高质量发展提供审计保障”相关内容，固化审计对象在合规性、真实性、绩效性和责任链方面的风险，形成可复核的疑点、规则或指标输出。,项目台账；财务收支明细；合同与审批资料；支付凭证；审计发现清单；会议纪要；三重一大事项；责任人岗位信息,按包内审计目标、风险假设和输出字段触发,政治铸魂固本强基为经济社会高质量发展提供审计保障规则编号、规则说明、触发条件、证据资料、处理建议,P1,ocr_55_books_deep,E:\2026\审计方法&政策文件\_ocr_output\1中国审计_7期\政治铸魂 固本强基为经济社会高质量发展提供审计保障.md
RULEPKG-SUPVV6D-068,audit_rule_pack,package_level_rule,SUPVV6D-068,35,D,监督检查与经费舞弊 / 经济责任审计 / 绩效评价,我国审计学人才自主培养模式探索与创新2026年全,我国审计学人才自主培养模式探索与创新2026年全案例规则包,基于《我国审计学人才自主培养模式探索与创新2026年全国审计学专业教育联盟会议综述》中“我国审计学人才自主培养模式探索与创新2026年全”相关内容，固化审计对象在合规性、真实性、绩效性和责任链方面的风险，形成可复核的疑点、规则或指标输出。,项目台账；财务收支明细；合同与审批资料；支付凭证；审计发现清单；绩效指标表；产出效果数据；满意度问卷；会议纪要；三重一大事项,按包内审计目标、风险假设和输出字段触发,我国审计学人才自主培养模式探索与创新2026年全规则编号、规则说明、触发条件、证据资料、处理建议,P1,ocr_55_books_deep,E:\2026\审计方法&政策文件\_ocr_output\2经济责任审计_6期\我国审计学人才自主培养模式探索与创新2026年全国审计学专业教育联盟会议综述.md
RULEPKG-PERFV6D-121,audit_rule_pack,package_level_rule,PERFV6D-121,60,C,监督检查与经费舞弊 / 经济责任审计 / 预算执行与财政管理,内部控制视角下审计监督提升事业单位绩效管理路径研,内部控制视角下审计监督提升事业单位绩效管理路径研案例规则包,基于《内部控制视角下审计监督提升事业单位绩效管理路径研究》中“内部控制视角下审计监督提升事业单位绩效管理路径研”相关内容，固化审计对象在合规性、真实性、绩效性和责任链方面的风险，形成可复核的疑点、规则或指标输出。,项目台账；财务收支明细；合同与审批资料；支付凭证；审计发现清单；绩效指标表；产出效果数据；满意度问卷；会议纪要；三重一大事项,按包内审计目标、风险假设和输出字段触发,内部控制视角下审计监督提升事业单位绩效管理路径研规则编号、规则说明、触发条件、证据资料、处理建议,P1,ocr_55_books_deep,E:\2026\审计方法&政策文件\_ocr_output\2经济责任审计_6期\内部控制视角下审计监督提升事业单位绩效管理路径研究.md
RULEPKG-SUPVV6D-060,audit_rule_pack,package_level_rule,SUPVV6D-060,65,C,监督检查与经费舞弊 / 经济责任审计 / 预算执行与财政管理,去向不明的会计档案,去向不明的会计档案案例规则包,基于《去向不明的会计档案》中“去向不明的会计档案”相关内容，固化审计对象在合规性、真实性、绩效性和责任链方面的风险，形成可复核的疑点、规则或指标输出。,项目台账；财务收支明细；合同与审批资料；支付凭证；审计发现清单；会议纪要；三重一大事项；责任人岗位信息；农户信息；土地确权,按包内审计目标、风险假设和输出字段触发,去向不明的会计档案规则编号、规则说明、触发条件、证据资料、处理建议,P1,ocr_55_books_deep,E:\2026\审计方法&政策文件\_ocr_output\1中国审计_7期\去向不明的会计档案.md
RULEPKG-SUPVV6D-067,audit_rule_pack,package_level_rule,SUPVV6D-067,65,C,监督检查与经费舞弊 / 绩效评价 / 民生与社保医保,印度审计署2023-2030年战略规划概况,印度审计署2023-2030年战略规划概况案例规则包,基于《印度审计署2023-2030年战略规划概况》中“印度审计署2023-2030年战略规划概况”相关内容，固化审计对象在合规性、真实性、绩效性和责任链方面的风险，形成可复核的疑点、规则或指标输出。,项目台账；财务收支明细；合同与审批资料；支付凭证；审计发现清单；绩效指标表；产出效果数据；满意度问卷,按包内审计目标、风险假设和输出字段触发,印度审计署2023-2030年战略规划概况规则编号、规则说明、触发条件、证据资料、处理建议,P1,ocr_55_books_deep,E:\2026\审计方法&政策文件\_ocr_output\2经济责任审计_6期\印度审计署2023-2030年战略规划概况.md
RULEPKG-SUPVV6D-058,audit_rule_pack,package_level_rule,SUPVV6D-058,55,C,监督检查与经费舞弊 / 资源环境审计 / 国企审计,以有力有效的审计监督助力上海在长三角一体化发展中,以有力有效的审计监督助力上海在长三角一体化发展中案例规则包,基于《以有力有效的审计监督助力上海在长三角一体化发展中更好发挥龙头带动作用》中“以有力有效的审计监督助力上海在长三角一体化发展中”相关内容，固化审计对象在合规性、真实性、绩效性和责任链方面的风险，形成可复核的疑点、规则或指标输出。,项目台账；财务收支明细；合同与审批资料；支付凭证；审计发现清单；遥感图斑；自然资源审批；执法整改台账,按包内审计目标、风险假设和输出字段触发,以有力有效的审计监督助力上海在长三角一体化发展中规则编号、规则说明、触发条件、证据资料、处理建议,P1,ocr_55_books_deep,E:\2026\审计方法&政策文件\_ocr_output\1中国审计_7期\以有力有效的审计监督助力上海在长三角一体化发展中更好发挥龙头带动作用.md
RULEPKG-MAGSUPV-0069,audit_rule_pack,package_level_rule,MAGSUPV-0069,67,C,监督检查与经费舞弊 / 资源环境审计 / 经济责任审计,走出不限于内部审计的后续审计误区,走出不限于内部审计的后续审计误区案例规则包,基于杂志案例《走出不限于内部审计的后续审计误区》提炼“走出不限于内部审计的后续审计误区”审计算法/规则，用于复用审计经验、生成疑点线索和核查程序。,文章案例文本；审计事项清单；问题线索台账；审计证据资料；内控制度；会计凭证；工作底稿；整改台账；审计报告相关数据,按包内审计目标、风险假设和输出字段触发,走出不限于内部审计的后续审计误区规则编号、触发条件、适用场景、证据资料、处理建议,P1,magazine_435_articles,D:\openclaw-workspace\knowledge\11-杂志文献\审计观察\16.走出不限于内部审计的 后续审计误区.md
RULEPKG-SUPVV6D-059,audit_rule_pack,package_level_rule,SUPVV6D-059,60,C,监督检查与经费舞弊 / 预算执行与财政管理 / 民生与社保医保,侯凯为审计署党员干部讲授树立和践行正确政绩观学习,侯凯为审计署党员干部讲授树立和践行正确政绩观学习案例规则包,基于《侯凯为审计署党员干部讲授树立和践行正确政绩观学习教育专题党课》中“侯凯为审计署党员干部讲授树立和践行正确政绩观学习”相关内容，固化审计对象在合规性、真实性、绩效性和责任链方面的风险，形成可复核的疑点、规则或指标输出。,项目台账；财务收支明细；合同与审批资料；支付凭证；审计发现清单；预算批复表；预算调整表；绩效目标表,按包内审计目标、风险假设和输出字段触发,侯凯为审计署党员干部讲授树立和践行正确政绩观学习规则编号、规则说明、触发条件、证据资料、处理建议,P1,ocr_55_books_deep,E:\2026\审计方法&政策文件\_ocr_output\1中国审计_7期\侯凯为审计署党员干部讲授树立和践行正确政绩观学习教育专题党课.md
RULEPKG-PERFV6D-062,audit_rule_pack,package_level_rule,PERFV6D-062,69,C,监督检查与经费舞弊 / 预算执行与财政管理 / 经济责任审计,主要职能部门在内部控制建设中的角色分析,行政事业单位内部控制建设原理与操作实务-主要职能部门在内部控制建设中的角色分析规则包,基于《行政事业单位内部控制建设原理与操作实务》中“主要职能部门在内部控制建设中的角色分析”相关内容，固化审计对象在合规性、真实性、绩效性和责任链方面的风险，形成可复核的疑点、规则或指标输出。,项目台账；财务收支明细；合同与审批资料；支付凭证；审计发现清单；预算批复表；预算调整表；绩效目标表；绩效指标表；产出效果数据,按包内审计目标、风险假设和输出字段触发,主要职能部门在内部控制建设中的角色分析规则编号、规则说明、触发条件、证据资料、处理建议,P1,ocr_55_books_deep,E:\2026\审计方法&政策文件\_ocr_output\通用\行政事业单位内部控制建设原理与操作实务.pdf.md
RULEPKG-SUPVV6D-042,audit_rule_pack,package_level_rule,SUPVV6D-042,69,C,监督检查与经费舞弊 / 预算执行与财政管理 / 经济责任审计,其他内部控制方法/44,行政事业单位内部控制体系建设全流程操作指南-其他内部控制方法/44规则包,基于《行政事业单位内部控制体系建设全流程操作指南》中“其他内部控制方法/44”相关内容，固化审计对象在合规性、真实性、绩效性和责任链方面的风险，形成可复核的疑点、规则或指标输出。,项目台账；财务收支明细；合同与审批资料；支付凭证；审计发现清单；绩效指标表；产出效果数据；满意度问卷；采购公告；投标文件,按包内审计目标、风险假设和输出字段触发,其他内部控制方法/44规则编号、规则说明、触发条件、证据资料、处理建议,P1,ocr_55_books_deep,E:\2026\审计方法&政策文件\_ocr_output\通用\行政事业单位内部控制体系建设全流程操作指南.pdf.md
RULEPKG-SUPVV6D-049,audit_rule_pack,package_level_rule,SUPVV6D-049,69,C,监督检查与经费舞弊 / 预算执行与财政管理 / 经济责任审计,内控缺陷矩阵,行政事业单位内部控制体系建设实操手册-内控缺陷矩阵规则包,基于《行政事业单位内部控制体系建设实操手册》中“内控缺陷矩阵”相关内容，固化审计对象在合规性、真实性、绩效性和责任链方面的风险，形成可复核的疑点、规则或指标输出。,项目台账；财务收支明细；合同与审批资料；支付凭证；审计发现清单；预算批复表；预算调整表；绩效目标表；绩效指标表；产出效果数据,按包内审计目标、风险假设和输出字段触发,内控缺陷矩阵规则编号、规则说明、触发条件、证据资料、处理建议,P1,ocr_55_books_deep,E:\2026\审计方法&政策文件\_ocr_output\通用\行政事业单位内部控制体系建设实操手册.pdf.md
RULEPKG-PERFV6D-072,audit_rule_pack,package_level_rule,PERFV6D-072,69,C,监督检查与经费舞弊 / 预算执行与财政管理 / 经济责任审计,内控缺陷矩阵,行政事业单位内部控制规范实施指南-内控缺陷矩阵规则包,基于《行政事业单位内部控制规范实施指南》中“内控缺陷矩阵”相关内容，固化审计对象在合规性、真实性、绩效性和责任链方面的风险，形成可复核的疑点、规则或指标输出。,项目台账；财务收支明细；合同与审批资料；支付凭证；审计发现清单；预算批复表；预算调整表；绩效目标表；绩效指标表；产出效果数据,按包内审计目标、风险假设和输出字段触发,内控缺陷矩阵规则编号、规则说明、触发条件、证据资料、处理建议,P1,ocr_55_books_deep,E:\2026\审计方法&政策文件\_ocr_output\通用\行政事业单位内部控制规范实施指南.pdf.md
RULEPKG-SUPVV6D-045,audit_rule_pack,package_level_rule,SUPVV6D-045,69,C,监督检查与经费舞弊 / 预算执行与财政管理 / 经济责任审计,内控项目专业的管理方法。包括完整的项目四大核心职能：范围,行政事业单位内部控制体系建设实操手册-内控项目专业的管理方法。包括完整的项目四大核心职能：范围规则包,基于《行政事业单位内部控制体系建设实操手册》中“内控项目专业的管理方法。包括完整的项目四大核心职能：范围”相关内容，固化审计对象在合规性、真实性、绩效性和责任链方面的风险，形成可复核的疑点、规则或指标输出。,项目台账；财务收支明细；合同与审批资料；支付凭证；审计发现清单；预算批复表；预算调整表；绩效目标表；绩效指标表；产出效果数据,按包内审计目标、风险假设和输出字段触发,内控项目专业的管理方法。包括完整的项目四大核心职能：范围规则编号、规则说明、触发条件、证据资料、处理建议,P1,ocr_55_books_deep,E:\2026\审计方法&政策文件\_ocr_output\通用\行政事业单位内部控制体系建设实操手册.pdf.md
RULEPKG-SOEV6D-009,audit_rule_pack,package_level_rule,SOEV6D-009,66,C,监督检查与经费舞弊 / 预算执行与财政管理 / 经济责任审计,内部控制、公司治理与内部审计相关的案例,审计专题教学案例精选-内部控制、公司治理与内部审计相关的案例规则包,基于《审计专题教学案例精选》中“内部控制、公司治理与内部审计相关的案例”相关内容，固化审计对象在合规性、真实性、绩效性和责任链方面的风险，形成可复核的疑点、规则或指标输出。,项目台账；财务收支明细；合同与审批资料；支付凭证；审计发现清单,按包内审计目标、风险假设和输出字段触发,内部控制、公司治理与内部审计相关的案例规则编号、规则说明、触发条件、证据资料、处理建议,P1,ocr_55_books_deep,E:\2026\审计方法&政策文件\_ocr_output\通用\审计专题教学案例精选.pdf.md
RULEPKG-SUPVV6D-066,audit_rule_pack,package_level_rule,SUPVV6D-066,60,C,监督检查与经费舞弊 / 预算执行与财政管理 / 经济责任审计,华中革命根据地战时审计机制与效能研究,华中革命根据地战时审计机制与效能研究案例规则包,基于《华中革命根据地战时审计机制与效能研究》中“华中革命根据地战时审计机制与效能研究”相关内容，固化审计对象在合规性、真实性、绩效性和责任链方面的风险，形成可复核的疑点、规则或指标输出。,项目台账；财务收支明细；合同与审批资料；支付凭证；审计发现清单；预算批复表；预算调整表；绩效目标表；会议纪要；三重一大事项,按包内审计目标、风险假设和输出字段触发,华中革命根据地战时审计机制与效能研究规则编号、规则说明、触发条件、证据资料、处理建议,P1,ocr_55_books_deep,E:\2026\审计方法&政策文件\_ocr_output\2经济责任审计_6期\华中革命根据地战时审计机制与效能研究.md
RULEPKG-PERFV6D-070,audit_rule_pack,package_level_rule,PERFV6D-070,77,B,监督检查与经费舞弊 / 预算执行与财政管理 / 经济责任审计,多源数据勾稽,行政事业单位内部控制建设原理与操作实务-多源数据勾稽规则包,基于《行政事业单位内部控制建设原理与操作实务》中“多源数据勾稽”相关内容，固化审计对象在合规性、真实性、绩效性和责任链方面的风险，形成可复核的疑点、规则或指标输出。,项目台账；财务收支明细；合同与审批资料；支付凭证；审计发现清单；预算批复表；预算调整表；绩效目标表；绩效指标表；产出效果数据,按包内审计目标、风险假设和输出字段触发,多源数据勾稽规则编号、规则说明、触发条件、证据资料、处理建议,P1,ocr_55_books_deep,E:\2026\审计方法&政策文件\_ocr_output\通用\行政事业单位内部控制建设原理与操作实务.pdf.md
RULEPKG-PERFV6D-076,audit_rule_pack,package_level_rule,PERFV6D-076,69,C,监督检查与经费舞弊 / 预算执行与财政管理 / 经济责任审计,审计报告问题归集,行政事业单位内部控制规范实施指南-审计报告问题归集规则包,基于《行政事业单位内部控制规范实施指南》中“审计报告问题归集”相关内容，固化审计对象在合规性、真实性、绩效性和责任链方面的风险，形成可复核的疑点、规则或指标输出。,项目台账；财务收支明细；合同与审批资料；支付凭证；审计发现清单；预算批复表；预算调整表；绩效目标表；绩效指标表；产出效果数据,按包内审计目标、风险假设和输出字段触发,审计报告问题归集规则编号、规则说明、触发条件、证据资料、处理建议,P1,ocr_55_books_deep,E:\2026\审计方法&政策文件\_ocr_output\通用\行政事业单位内部控制规范实施指南.pdf.md
RULEPKG-PERFV6D-066,audit_rule_pack,package_level_rule,PERFV6D-066,69,C,监督检查与经费舞弊 / 预算执行与财政管理 / 经济责任审计,审计证据链抽取,行政事业单位内部控制建设原理与操作实务-审计证据链抽取规则包,基于《行政事业单位内部控制建设原理与操作实务》中“审计证据链抽取”相关内容，固化审计对象在合规性、真实性、绩效性和责任链方面的风险，形成可复核的疑点、规则或指标输出。,项目台账；财务收支明细；合同与审批资料；支付凭证；审计发现清单；预算批复表；预算调整表；绩效目标表；绩效指标表；产出效果数据,按包内审计目标、风险假设和输出字段触发,审计证据链抽取规则编号、规则说明、触发条件、证据资料、处理建议,P1,ocr_55_books_deep,E:\2026\审计方法&政策文件\_ocr_output\通用\行政事业单位内部控制建设原理与操作实务.pdf.md
RULEPKG-PERFV6D-059,audit_rule_pack,package_level_rule,PERFV6D-059,69,C,监督检查与经费舞弊 / 预算执行与财政管理 / 经济责任审计,某上市公司内部控制审计工作方案案例28,内部控制审计实务指南-某上市公司内部控制审计工作方案案例28规则包,基于《内部控制审计实务指南》中“某上市公司内部控制审计工作方案案例28”相关内容，固化审计对象在合规性、真实性、绩效性和责任链方面的风险，形成可复核的疑点、规则或指标输出。,项目台账；财务收支明细；合同与审批资料；支付凭证；审计发现清单；绩效指标表；产出效果数据；满意度问卷；采购公告；投标文件,按包内审计目标、风险假设和输出字段触发,某上市公司内部控制审计工作方案案例28规则编号、规则说明、触发条件、证据资料、处理建议,P1,ocr_55_books_deep,E:\2026\审计方法&政策文件\_ocr_output\通用\内部控制审计实务指南.pdf.md
RULEPKG-PERFV6D-055,audit_rule_pack,package_level_rule,PERFV6D-055,69,C,监督检查与经费舞弊 / 预算执行与财政管理 / 经济责任审计,某研究院内部控制审计发现缺陷及管理建议案例33,内部控制审计实务指南-某研究院内部控制审计发现缺陷及管理建议案例33规则包,基于《内部控制审计实务指南》中“某研究院内部控制审计发现缺陷及管理建议案例33”相关内容，固化审计对象在合规性、真实性、绩效性和责任链方面的风险，形成可复核的疑点、规则或指标输出。,项目台账；财务收支明细；合同与审批资料；支付凭证；审计发现清单；绩效指标表；产出效果数据；满意度问卷；采购公告；投标文件,按包内审计目标、风险假设和输出字段触发,某研究院内部控制审计发现缺陷及管理建议案例33规则编号、规则说明、触发条件、证据资料、处理建议,P1,ocr_55_books_deep,E:\2026\审计方法&政策文件\_ocr_output\通用\内部控制审计实务指南.pdf.md
RULEPKG-SUPVV6D-038,audit_rule_pack,package_level_rule,SUPVV6D-038,69,C,监督检查与经费舞弊 / 预算执行与财政管理 / 经济责任审计,风险分析/29,行政事业单位内部控制体系建设全流程操作指南-风险分析/29规则包,基于《行政事业单位内部控制体系建设全流程操作指南》中“风险分析/29”相关内容，固化审计对象在合规性、真实性、绩效性和责任链方面的风险，形成可复核的疑点、规则或指标输出。,项目台账；财务收支明细；合同与审批资料；支付凭证；审计发现清单；绩效指标表；产出效果数据；满意度问卷；采购公告；投标文件,按包内审计目标、风险假设和输出字段触发,风险分析/29规则编号、规则说明、触发条件、证据资料、处理建议,P1,ocr_55_books_deep,E:\2026\审计方法&政策文件\_ocr_output\通用\行政事业单位内部控制体系建设全流程操作指南.pdf.md
RULEPKG-SUPVV6D-012,audit_rule_pack,package_level_rule,SUPVV6D-012,69,C,监督检查与经费舞弊 / 预算执行与财政管理 / 绩效评价,内控缺陷矩阵,政府审计-内控缺陷矩阵规则包,基于《政府审计》中“内控缺陷矩阵”相关内容，固化审计对象在合规性、真实性、绩效性和责任链方面的风险，形成可复核的疑点、规则或指标输出。,项目台账；财务收支明细；合同与审批资料；支付凭证；审计发现清单；绩效指标表；产出效果数据；满意度问卷；会议纪要；三重一大事项,按包内审计目标、风险假设和输出字段触发,内控缺陷矩阵规则编号、规则说明、触发条件、证据资料、处理建议,P1,ocr_55_books_deep,E:\2026\审计方法&政策文件\_ocr_output\通用\政府审计.pdf.md
RULEPKG-SUPVV6D-024,audit_rule_pack,package_level_rule,SUPVV6D-024,69,C,监督检查与经费舞弊 / 预算执行与财政管理 / 绩效评价,内控缺陷矩阵,政府审计学-内控缺陷矩阵规则包,基于《政府审计学》中“内控缺陷矩阵”相关内容，固化审计对象在合规性、真实性、绩效性和责任链方面的风险，形成可复核的疑点、规则或指标输出。,项目台账；财务收支明细；合同与审批资料；支付凭证；审计发现清单；预算批复表；预算调整表；绩效目标表；绩效指标表；产出效果数据,按包内审计目标、风险假设和输出字段触发,内控缺陷矩阵规则编号、规则说明、触发条件、证据资料、处理建议,P1,ocr_55_books_deep,E:\2026\审计方法&政策文件\_ocr_output\通用\政府审计学.pdf.md
RULEPKG-SUPVV6D-016,audit_rule_pack,package_level_rule,SUPVV6D-016,69,C,监督检查与经费舞弊 / 预算执行与财政管理 / 绩效评价,审计报告问题归集,政府审计-审计报告问题归集规则包,基于《政府审计》中“审计报告问题归集”相关内容，固化审计对象在合规性、真实性、绩效性和责任链方面的风险，形成可复核的疑点、规则或指标输出。,项目台账；财务收支明细；合同与审批资料；支付凭证；审计发现清单；绩效指标表；产出效果数据；满意度问卷；会议纪要；三重一大事项,按包内审计目标、风险假设和输出字段触发,审计报告问题归集规则编号、规则说明、触发条件、证据资料、处理建议,P1,ocr_55_books_deep,E:\2026\审计方法&政策文件\_ocr_output\通用\政府审计.pdf.md
RULEPKG-SUPVV6D-028,audit_rule_pack,package_level_rule,SUPVV6D-028,69,C,监督检查与经费舞弊 / 预算执行与财政管理 / 绩效评价,审计报告问题归集,政府审计学-审计报告问题归集规则包,基于《政府审计学》中“审计报告问题归集”相关内容，固化审计对象在合规性、真实性、绩效性和责任链方面的风险，形成可复核的疑点、规则或指标输出。,项目台账；财务收支明细；合同与审批资料；支付凭证；审计发现清单；预算批复表；预算调整表；绩效目标表；绩效指标表；产出效果数据,按包内审计目标、风险假设和输出字段触发,审计报告问题归集规则编号、规则说明、触发条件、证据资料、处理建议,P1,ocr_55_books_deep,E:\2026\审计方法&政策文件\_ocr_output\通用\政府审计学.pdf.md
RULEPKG-SUPVV6D-020,audit_rule_pack,package_level_rule,SUPVV6D-020,69,C,监督检查与经费舞弊 / 预算执行与财政管理 / 绩效评价,政府审计业务统计管理,政府审计学-政府审计业务统计管理规则包,基于《政府审计学》中“政府审计业务统计管理”相关内容，固化审计对象在合规性、真实性、绩效性和责任链方面的风险，形成可复核的疑点、规则或指标输出。,项目台账；财务收支明细；合同与审批资料；支付凭证；审计发现清单；预算批复表；预算调整表；绩效目标表；绩效指标表；产出效果数据,按包内审计目标、风险假设和输出字段触发,政府审计业务统计管理规则编号、规则说明、触发条件、证据资料、处理建议,P1,ocr_55_books_deep,E:\2026\审计方法&政策文件\_ocr_output\通用\政府审计学.pdf.md
RULEPKG-SUPVV6D-006,audit_rule_pack,package_level_rule,SUPVV6D-006,69,C,监督检查与经费舞弊 / 预算执行与财政管理 / 绩效评价,治理导向下的政府审计管理·,国家治理导向的政府审计-治理导向下的政府审计管理·规则包,基于《国家治理导向的政府审计》中“治理导向下的政府审计管理·”相关内容，固化审计对象在合规性、真实性、绩效性和责任链方面的风险，形成可复核的疑点、规则或指标输出。,项目台账；财务收支明细；合同与审批资料；支付凭证；审计发现清单；绩效指标表；产出效果数据；满意度问卷；会议纪要；三重一大事项,按包内审计目标、风险假设和输出字段触发,治理导向下的政府审计管理·规则编号、规则说明、触发条件、证据资料、处理建议,P1,ocr_55_books_deep,E:\2026\审计方法&政策文件\_ocr_output\通用\国家治理导向的政府审计.pdf.md
RULEPKG-SUPVV6D-002,audit_rule_pack,package_level_rule,SUPVV6D-002,69,C,监督检查与经费舞弊 / 预算执行与财政管理 / 绩效评价,治理导向下的政府审计风险管理,国家治理导向的政府审计-治理导向下的政府审计风险管理规则包,基于《国家治理导向的政府审计》中“治理导向下的政府审计风险管理”相关内容，固化审计对象在合规性、真实性、绩效性和责任链方面的风险，形成可复核的疑点、规则或指标输出。,项目台账；财务收支明细；合同与审批资料；支付凭证；审计发现清单；绩效指标表；产出效果数据；满意度问卷；会议纪要；三重一大事项,按包内审计目标、风险假设和输出字段触发,治理导向下的政府审计风险管理规则编号、规则说明、触发条件、证据资料、处理建议,P1,ocr_55_books_deep,E:\2026\审计方法&政策文件\_ocr_output\通用\国家治理导向的政府审计.pdf.md
RULEPKG-MAGTAX-0001,audit_rule_pack,package_level_rule,MAGTAX-0001,62,C,税务审计,四川省财政厅关于优化资产评估机构备案管理工作的通知,四川省财政厅关于优化资产评估机构备案管理工作的通知案例规则包,基于杂志案例《四川省财政厅关于优化资产评估机构备案管理工作的通知》提炼“四川省财政厅关于优化资产评估机构备案管理工作的通知”审计算法/规则，用于复用审计经验、生成疑点线索和核查程序。,文章案例文本；审计事项清单；问题线索台账；审计证据资料；预算指标表；财政支出明细；项目资金台账；纳税申报表；发票明细；税收优惠台账,按包内审计目标、风险假设和输出字段触发,四川省财政厅关于优化资产评估机构备案管理工作的通知规则编号、触发条件、适用场景、证据资料、处理建议,P1,magazine_435_articles,D:\openclaw-workspace\knowledge\11-杂志文献\四川注册会计师\003.四川省财政厅关于优化资产评估机构备案管理工作的通知.md
RULEPKG-MAGTAX-0035,audit_rule_pack,package_level_rule,MAGTAX-0035,64,C,税务审计 / 预算执行与财政管理 / 财政与政府债务,中国增值税制度的演进和展望(上),中国增值税制度的演进和展望(上)案例规则包,基于杂志案例《中国增值税制度的演进和展望(上)》提炼“中国增值税制度的演进和展望(上)”审计算法/规则，用于复用审计经验、生成疑点线索和核查程序。,文章案例文本；审计事项清单；问题线索台账；审计证据资料；预算指标表；财政支出明细；项目资金台账；纳税申报表；发票明细；税收优惠台账,按包内审计目标、风险假设和输出字段触发,中国增值税制度的演进和展望(上)规则编号、触发条件、适用场景、证据资料、处理建议,P1,magazine_435_articles,D:\openclaw-workspace\knowledge\11-杂志文献\财政监督\5.中国增值税制度的演进和展望(上).md
RULEPKG-MAGTAX-0002,audit_rule_pack,package_level_rule,MAGTAX-0002,63,C,税务审计 / 预算执行与财政管理 / 财政与政府债务,完善增值税期末留抵退税政策的公告,完善增值税期末留抵退税政策的公告案例规则包,基于杂志案例《关于完善增值税期末留抵退税政策的公告》提炼“完善增值税期末留抵退税政策的公告”审计算法/规则，用于复用审计经验、生成疑点线索和核查程序。,文章案例文本；审计事项清单；问题线索台账；审计证据资料；预算指标表；财政支出明细；项目资金台账；纳税申报表；发票明细；税收优惠台账,按包内审计目标、风险假设和输出字段触发,完善增值税期末留抵退税政策的公告规则编号、触发条件、适用场景、证据资料、处理建议,P1,magazine_435_articles,D:\openclaw-workspace\knowledge\11-杂志文献\四川注册会计师\007.关于完善增值税期末留抵退税政策的公告.md
RULEPKG-MAGTAX-0027,audit_rule_pack,package_level_rule,MAGTAX-0027,83,B,税务审计 / 预算执行与财政管理 / 财政与政府债务,完善省以下政府间收入划分的研究,完善省以下政府间收入划分的研究案例规则包,基于杂志案例《完善省以下政府间收入划分的研究》提炼“完善省以下政府间收入划分的研究”审计算法/规则，用于复用审计经验、生成疑点线索和核查程序。,文章案例文本；审计事项清单；问题线索台账；审计证据资料；预算指标表；财政支出明细；项目资金台账；纳税申报表；发票明细；税收优惠台账,按包内审计目标、风险假设和输出字段触发,完善省以下政府间收入划分的研究规则编号、触发条件、适用场景、证据资料、处理建议,P0,magazine_435_articles,D:\openclaw-workspace\knowledge\11-杂志文献\财政监督\2.完善省以下政府间收入划分的研究.md
RULEPKG-ECONV6D-014,audit_rule_pack,package_level_rule,ECONV6D-014,69,C,经济责任审计 / 国企审计 / 监督检查与经费舞弊,审计程序,国有企业经济责任审计实务指南-审计程序规则包,基于《国有企业经济责任审计实务指南》中“审计程序”相关内容，固化审计对象在合规性、真实性、绩效性和责任链方面的风险，形成可复核的疑点、规则或指标输出。,项目台账；财务收支明细；合同与审批资料；支付凭证；审计发现清单；绩效指标表；产出效果数据；满意度问卷；会议纪要；三重一大事项,按包内审计目标、风险假设和输出字段触发,审计程序规则编号、规则说明、触发条件、证据资料、处理建议,P1,ocr_55_books_deep,E:\2026\审计方法&政策文件\_ocr_output\经责\国有企业经济责任审计实务指南.pdf.md
RULEPKG-ECONV6D-010,audit_rule_pack,package_level_rule,ECONV6D-010,77,B,经济责任审计 / 国企审计 / 监督检查与经费舞弊,审计评价与责任界定66,国有企业经济责任审计实务指南-审计评价与责任界定66规则包,基于《国有企业经济责任审计实务指南》中“审计评价与责任界定66”相关内容，固化审计对象在合规性、真实性、绩效性和责任链方面的风险，形成可复核的疑点、规则或指标输出。,项目台账；财务收支明细；合同与审批资料；支付凭证；审计发现清单；绩效指标表；产出效果数据；满意度问卷；会议纪要；三重一大事项,按包内审计目标、风险假设和输出字段触发,审计评价与责任界定66规则编号、规则说明、触发条件、证据资料、处理建议,P1,ocr_55_books_deep,E:\2026\审计方法&政策文件\_ocr_output\经责\国有企业经济责任审计实务指南.pdf.md
RULEPKG-ECONV6D-017,audit_rule_pack,package_level_rule,ECONV6D-017,69,C,经济责任审计 / 监督检查与经费舞弊,b区机关事务管理局局长任期经济责任审计,经济责任审计实务-b区机关事务管理局局长任期经济责任审计规则包,基于《经济责任审计实务》中“b区机关事务管理局局长任期经济责任审计”相关内容，固化审计对象在合规性、真实性、绩效性和责任链方面的风险，形成可复核的疑点、规则或指标输出。,项目台账；财务收支明细；合同与审批资料；支付凭证；审计发现清单；绩效指标表；产出效果数据；满意度问卷；会议纪要；三重一大事项,按包内审计目标、风险假设和输出字段触发,b区机关事务管理局局长任期经济责任审计规则编号、规则说明、触发条件、证据资料、处理建议,P1,ocr_55_books_deep,E:\2026\审计方法&政策文件\_ocr_output\经责\经济责任审计实务.md
RULEPKG-ECONV6D-022,audit_rule_pack,package_level_rule,ECONV6D-022,69,C,经济责任审计 / 监督检查与经费舞弊,b区机关事务管理局局长任期经济责任审计,经济责任审计实务-b区机关事务管理局局长任期经济责任审计规则包#经责,基于《经济责任审计实务》中“b区机关事务管理局局长任期经济责任审计”相关内容，固化审计对象在合规性、真实性、绩效性和责任链方面的风险，形成可复核的疑点、规则或指标输出。,项目台账；财务收支明细；合同与审批资料；支付凭证；审计发现清单；绩效指标表；产出效果数据；满意度问卷；会议纪要；三重一大事项,按包内审计目标、风险假设和输出字段触发,b区机关事务管理局局长任期经济责任审计规则编号、规则说明、触发条件、证据资料、处理建议,P1,ocr_55_books_deep,E:\2026\审计方法&政策文件\_ocr_output\经责\经济责任审计实务.pdf.md
RULEPKG-ECONV6D-006,audit_rule_pack,package_level_rule,ECONV6D-006,69,C,经济责任审计 / 监督检查与经费舞弊,内部经济责任审计.pdf,内部经济责任审计-内部经济责任审计.pdf规则包,基于《内部经济责任审计》中“内部经济责任审计.pdf”相关内容，固化审计对象在合规性、真实性、绩效性和责任链方面的风险，形成可复核的疑点、规则或指标输出。,项目台账；财务收支明细；合同与审批资料；支付凭证；审计发现清单；绩效指标表；产出效果数据；满意度问卷；会议纪要；三重一大事项,按包内审计目标、风险假设和输出字段触发,内部经济责任审计.pdf规则编号、规则说明、触发条件、证据资料、处理建议,P1,ocr_55_books_deep,E:\2026\审计方法&政策文件\_ocr_output\经责\内部经济责任审计.pdf.md
RULEPKG-ECONV6D-002,audit_rule_pack,package_level_rule,ECONV6D-002,69,C,经济责任审计 / 监督检查与经费舞弊,内部经济责任审计特有的调查和分析方法,内部经济责任审计-内部经济责任审计特有的调查和分析方法规则包,基于《内部经济责任审计》中“内部经济责任审计特有的调查和分析方法”相关内容，固化审计对象在合规性、真实性、绩效性和责任链方面的风险，形成可复核的疑点、规则或指标输出。,项目台账；财务收支明细；合同与审批资料；支付凭证；审计发现清单；绩效指标表；产出效果数据；满意度问卷；会议纪要；三重一大事项,按包内审计目标、风险假设和输出字段触发,内部经济责任审计特有的调查和分析方法规则编号、规则说明、触发条件、证据资料、处理建议,P1,ocr_55_books_deep,E:\2026\审计方法&政策文件\_ocr_output\经责\内部经济责任审计.pdf.md
RULEPKG-ECONV6D-045,audit_rule_pack,package_level_rule,ECONV6D-045,65,C,经济责任审计 / 监督检查与经费舞弊 / 农业农村审计,奋楫笃行担使命踔厉奋发启新程以高质量审计监督助力,奋楫笃行担使命踔厉奋发启新程以高质量审计监督助力案例规则包,基于《奋楫笃行担使命踔厉奋发启新程以高质量审计监督助力开创富民兴陇新局面》中“奋楫笃行担使命踔厉奋发启新程以高质量审计监督助力”相关内容，固化审计对象在合规性、真实性、绩效性和责任链方面的风险，形成可复核的疑点、规则或指标输出。,项目台账；财务收支明细；合同与审批资料；支付凭证；审计发现清单；会议纪要；三重一大事项；责任人岗位信息；农户信息；土地确权,按包内审计目标、风险假设和输出字段触发,奋楫笃行担使命踔厉奋发启新程以高质量审计监督助力规则编号、规则说明、触发条件、证据资料、处理建议,P1,ocr_55_books_deep,E:\2026\审计方法&政策文件\_ocr_output\2经济责任审计_6期\奋楫笃行担使命踔厉奋发启新程以高质量审计监督助力开创富民兴陇新局面.md
RULEPKG-ECONV6D-046,audit_rule_pack,package_level_rule,ECONV6D-046,55,C,经济责任审计 / 监督检查与经费舞弊 / 预算执行与财政管理,经济责任审计科学化制度化模块化探索以同类型县域党,经济责任审计科学化制度化模块化探索以同类型县域党案例规则包,基于《经济责任审计科学化制度化模块化探索以同类型县域党政主要领导干部 步开展经济责任审计为例》中“经济责任审计科学化制度化模块化探索以同类型县域党”相关内容，固化审计对象在合规性、真实性、绩效性和责任链方面的风险，形成可复核的疑点、规则或指标输出。,项目台账；财务收支明细；合同与审批资料；支付凭证；审计发现清单；绩效指标表；产出效果数据；满意度问卷；会议纪要；三重一大事项,按包内审计目标、风险假设和输出字段触发,经济责任审计科学化制度化模块化探索以同类型县域党规则编号、规则说明、触发条件、证据资料、处理建议,P1,ocr_55_books_deep,E:\2026\审计方法&政策文件\_ocr_output\2经济责任审计_6期\经济责任审计科学化制度化模块化探索以同类型县域党政主要领导干部 步开展经济责任审计为例.md
RULEPKG-ECONV6D-047,audit_rule_pack,package_level_rule,ECONV6D-047,55,C,经济责任审计 / 监督检查与经费舞弊 / 预算执行与财政管理,经济责任审计证据（下）,经济责任审计证据（下）案例规则包,基于《经济责任审计证据（下）》中“经济责任审计证据（下）”相关内容，固化审计对象在合规性、真实性、绩效性和责任链方面的风险，形成可复核的疑点、规则或指标输出。,项目台账；财务收支明细；合同与审批资料；支付凭证；审计发现清单；绩效指标表；产出效果数据；满意度问卷；会议纪要；三重一大事项,按包内审计目标、风险假设和输出字段触发,经济责任审计证据（下）规则编号、规则说明、触发条件、证据资料、处理建议,P1,ocr_55_books_deep,E:\2026\审计方法&政策文件\_ocr_output\2经济责任审计_6期\经济责任审计证据（下）.md
RULEPKG-SUPVV6D-069,audit_rule_pack,package_level_rule,SUPVV6D-069,60,C,经济责任审计 / 监督检查与经费舞弊 / 预算执行与财政管理,高校内部管理领导人员经济责任审计实务困境与全流程,高校内部管理领导人员经济责任审计实务困境与全流程案例规则包,基于《高校内部管理领导人员经济责任审计实务困境与全流程优化建议》中“高校内部管理领导人员经济责任审计实务困境与全流程”相关内容，固化审计对象在合规性、真实性、绩效性和责任链方面的风险，形成可复核的疑点、规则或指标输出。,项目台账；财务收支明细；合同与审批资料；支付凭证；审计发现清单；绩效指标表；产出效果数据；满意度问卷；会议纪要；三重一大事项,按包内审计目标、风险假设和输出字段触发,高校内部管理领导人员经济责任审计实务困境与全流程规则编号、规则说明、触发条件、证据资料、处理建议,P1,ocr_55_books_deep,E:\2026\审计方法&政策文件\_ocr_output\2经济责任审计_6期\高校内部管理领导人员经济责任审计实务困境与全流程优化建议.md
RULEPKG-ENVV6D-010,audit_rule_pack,package_level_rule,ENVV6D-010,77,B,经济责任审计 / 资源环境审计 / 监督检查与经费舞弊,保障性安居工程用地指标常见问题,领导干部自然资源资产离任审计常见问题定性与评价指南-保障性安居工程用地指标常见问题规则包,基于《领导干部自然资源资产离任审计常见问题定性与评价指南》中“保障性安居工程用地指标常见问题”相关内容，固化审计对象在合规性、真实性、绩效性和责任链方面的风险，形成可复核的疑点、规则或指标输出。,项目台账；财务收支明细；合同与审批资料；支付凭证；审计发现清单；绩效指标表；产出效果数据；满意度问卷；工程量清单；结算书,按包内审计目标、风险假设和输出字段触发,保障性安居工程用地指标常见问题规则编号、规则说明、触发条件、证据资料、处理建议,P1,ocr_55_books_deep,E:\2026\审计方法&政策文件\_ocr_output\经责\领导干部自然资源资产离任审计常见问题定性与评价指南.pdf.md
RULEPKG-ENVV6D-014,audit_rule_pack,package_level_rule,ENVV6D-014,77,B,经济责任审计 / 资源环境审计 / 监督检查与经费舞弊,基本农田保护面积指标常见问题,领导干部自然资源资产离任审计常见问题定性与评价指南-基本农田保护面积指标常见问题规则包,基于《领导干部自然资源资产离任审计常见问题定性与评价指南》中“基本农田保护面积指标常见问题”相关内容，固化审计对象在合规性、真实性、绩效性和责任链方面的风险，形成可复核的疑点、规则或指标输出。,项目台账；财务收支明细；合同与审批资料；支付凭证；审计发现清单；绩效指标表；产出效果数据；满意度问卷；会议纪要；三重一大事项,按包内审计目标、风险假设和输出字段触发,基本农田保护面积指标常见问题规则编号、规则说明、触发条件、证据资料、处理建议,P1,ocr_55_books_deep,E:\2026\审计方法&政策文件\_ocr_output\经责\领导干部自然资源资产离任审计常见问题定性与评价指南.pdf.md
RULEPKG-ENVV6D-002,audit_rule_pack,package_level_rule,ENVV6D-002,77,B,经济责任审计 / 资源环境审计 / 监督检查与经费舞弊,自然资源资产质量的评价方法,领导干部自然资源资产离任审计实务与操作指引-自然资源资产质量的评价方法规则包,基于《领导干部自然资源资产离任审计实务与操作指引》中“自然资源资产质量的评价方法”相关内容，固化审计对象在合规性、真实性、绩效性和责任链方面的风险，形成可复核的疑点、规则或指标输出。,项目台账；财务收支明细；合同与审批资料；支付凭证；审计发现清单；会议纪要；三重一大事项；责任人岗位信息；遥感图斑；自然资源审批,按包内审计目标、风险假设和输出字段触发,自然资源资产质量的评价方法规则编号、规则说明、触发条件、证据资料、处理建议,P1,ocr_55_books_deep,E:\2026\审计方法&政策文件\_ocr_output\经责\领导干部自然资源资产离任审计实务与操作指引.pdf.md
RULEPKG-ENVV6D-006,audit_rule_pack,package_level_rule,ENVV6D-006,69,C,经济责任审计 / 资源环境审计 / 监督检查与经费舞弊,重大决策程序,领导干部自然资源资产离任审计实务与操作指引-重大决策程序规则包,基于《领导干部自然资源资产离任审计实务与操作指引》中“重大决策程序”相关内容，固化审计对象在合规性、真实性、绩效性和责任链方面的风险，形成可复核的疑点、规则或指标输出。,项目台账；财务收支明细；合同与审批资料；支付凭证；审计发现清单；会议纪要；三重一大事项；责任人岗位信息；遥感图斑；自然资源审批,按包内审计目标、风险假设和输出字段触发,重大决策程序规则编号、规则说明、触发条件、证据资料、处理建议,P1,ocr_55_books_deep,E:\2026\审计方法&政策文件\_ocr_output\经责\领导干部自然资源资产离任审计实务与操作指引.pdf.md
RULEPKG-ECONV6D-031,audit_rule_pack,package_level_rule,ECONV6D-031,69,C,经济责任审计 / 预算执行与财政管理 / 监督检查与经费舞弊,审计内容和方法,行政单位经济责任审计实务指南-审计内容和方法规则包,基于《行政单位经济责任审计实务指南》中“审计内容和方法”相关内容，固化审计对象在合规性、真实性、绩效性和责任链方面的风险，形成可复核的疑点、规则或指标输出。,项目台账；财务收支明细；合同与审批资料；支付凭证；审计发现清单；绩效指标表；产出效果数据；满意度问卷；会议纪要；三重一大事项,按包内审计目标、风险假设和输出字段触发,审计内容和方法规则编号、规则说明、触发条件、证据资料、处理建议,P1,ocr_55_books_deep,E:\2026\审计方法&政策文件\_ocr_output\经责\行政单位经济责任审计实务指南.pdf.md
RULEPKG-ECONV6D-027,audit_rule_pack,package_level_rule,ECONV6D-027,77,B,经济责任审计 / 预算执行与财政管理 / 监督检查与经费舞弊,审计评价与责任界定,行政单位经济责任审计实务指南-审计评价与责任界定规则包,基于《行政单位经济责任审计实务指南》中“审计评价与责任界定”相关内容，固化审计对象在合规性、真实性、绩效性和责任链方面的风险，形成可复核的疑点、规则或指标输出。,项目台账；财务收支明细；合同与审批资料；支付凭证；审计发现清单；绩效指标表；产出效果数据；满意度问卷；会议纪要；三重一大事项,按包内审计目标、风险假设和输出字段触发,审计评价与责任界定规则编号、规则说明、触发条件、证据资料、处理建议,P1,ocr_55_books_deep,E:\2026\审计方法&政策文件\_ocr_output\经责\行政单位经济责任审计实务指南.pdf.md
RULEPKG-ECONV6D-033,audit_rule_pack,package_level_rule,ECONV6D-033,69,C,经济责任审计 / 预算执行与财政管理 / 监督检查与经费舞弊,高校领导干部经济责任审计指南.pdf,高校领导干部经济责任审计指南-高校领导干部经济责任审计指南.pdf规则包,基于《高校领导干部经济责任审计指南》中“高校领导干部经济责任审计指南.pdf”相关内容，固化审计对象在合规性、真实性、绩效性和责任链方面的风险，形成可复核的疑点、规则或指标输出。,项目台账；财务收支明细；合同与审批资料；支付凭证；审计发现清单；预算批复表；预算调整表；绩效目标表；会议纪要；三重一大事项,按包内审计目标、风险假设和输出字段触发,高校领导干部经济责任审计指南.pdf规则编号、规则说明、触发条件、证据资料、处理建议,P1,ocr_55_books_deep,E:\2026\审计方法&政策文件\_ocr_output\经责\高校领导干部经济责任审计指南.pdf.md
RULEPKG-ECONV6D-037,audit_rule_pack,package_level_rule,ECONV6D-037,69,C,经济责任审计 / 预算执行与财政管理 / 监督检查与经费舞弊,高校领导干部经济责任审计的必要性·…·,高校领导干部经济责任审计指南-高校领导干部经济责任审计的必要性·…·规则包,基于《高校领导干部经济责任审计指南》中“高校领导干部经济责任审计的必要性·…·”相关内容，固化审计对象在合规性、真实性、绩效性和责任链方面的风险，形成可复核的疑点、规则或指标输出。,项目台账；财务收支明细；合同与审批资料；支付凭证；审计发现清单；预算批复表；预算调整表；绩效目标表；会议纪要；三重一大事项,按包内审计目标、风险假设和输出字段触发,高校领导干部经济责任审计的必要性·…·规则编号、规则说明、触发条件、证据资料、处理建议,P1,ocr_55_books_deep,E:\2026\审计方法&政策文件\_ocr_output\经责\高校领导干部经济责任审计指南.pdf.md
RULEPKG-PERFV6D-021,audit_rule_pack,package_level_rule,PERFV6D-021,69,C,绩效评价 / 资源环境审计 / 预算执行与财政管理,审计内容和方法,环境绩效审计实务指南-审计内容和方法规则包,基于《环境绩效审计实务指南》中“审计内容和方法”相关内容，固化审计对象在合规性、真实性、绩效性和责任链方面的风险，形成可复核的疑点、规则或指标输出。,项目台账；财务收支明细；合同与审批资料；支付凭证；审计发现清单；绩效指标表；产出效果数据；满意度问卷；工程量清单；结算书,按包内审计目标、风险假设和输出字段触发,审计内容和方法规则编号、规则说明、触发条件、证据资料、处理建议,P1,ocr_55_books_deep,E:\2026\审计方法&政策文件\_ocr_output\绩效\环境绩效审计实务指南.pdf.md
RULEPKG-PERFV6D-025,audit_rule_pack,package_level_rule,PERFV6D-025,69,C,绩效评价 / 资源环境审计 / 预算执行与财政管理,绩效目标合理性,环境绩效审计实务指南-绩效目标合理性规则包,基于《环境绩效审计实务指南》中“绩效目标合理性”相关内容，固化审计对象在合规性、真实性、绩效性和责任链方面的风险，形成可复核的疑点、规则或指标输出。,项目台账；财务收支明细；合同与审批资料；支付凭证；审计发现清单；绩效指标表；产出效果数据；满意度问卷；工程量清单；结算书,按包内审计目标、风险假设和输出字段触发,绩效目标合理性规则编号、规则说明、触发条件、证据资料、处理建议,P1,ocr_55_books_deep,E:\2026\审计方法&政策文件\_ocr_output\绩效\环境绩效审计实务指南.pdf.md
RULEPKG-PERFV6D-002,audit_rule_pack,package_level_rule,PERFV6D-002,77,B,绩效评价 / 预算执行与财政管理 / 财政与政府债务,中国财政支出政策绩效评价的成效与问题,中国财政支出政策绩效评价体系研究-中国财政支出政策绩效评价的成效与问题规则包,基于《中国财政支出政策绩效评价体系研究》中“中国财政支出政策绩效评价的成效与问题”相关内容，固化审计对象在合规性、真实性、绩效性和责任链方面的风险，形成可复核的疑点、规则或指标输出。,项目台账；财务收支明细；合同与审批资料；支付凭证；审计发现清单；预算批复表；预算调整表；绩效目标表；绩效指标表；产出效果数据,按包内审计目标、风险假设和输出字段触发,中国财政支出政策绩效评价的成效与问题规则编号、规则说明、触发条件、证据资料、处理建议,P1,ocr_55_books_deep,E:\2026\审计方法&政策文件\_ocr_output\绩效\中国财政支出政策绩效评价体系研究.pdf.md
RULEPKG-PERFV6D-031,audit_rule_pack,package_level_rule,PERFV6D-031,69,C,绩效评价 / 预算执行与财政管理 / 财政与政府债务,以标杆对比法开展的绩效审计,绩效审计一个计量的过程和方法-以标杆对比法开展的绩效审计规则包,基于《绩效审计一个计量的过程和方法》中“以标杆对比法开展的绩效审计”相关内容，固化审计对象在合规性、真实性、绩效性和责任链方面的风险，形成可复核的疑点、规则或指标输出。,项目台账；财务收支明细；合同与审批资料；支付凭证；审计发现清单；绩效指标表；产出效果数据；满意度问卷；工程量清单；结算书,按包内审计目标、风险假设和输出字段触发,以标杆对比法开展的绩效审计规则编号、规则说明、触发条件、证据资料、处理建议,P1,ocr_55_books_deep,E:\2026\审计方法&政策文件\_ocr_output\绩效\绩效审计一个计量的过程和方法.pdf.md
RULEPKG-PERFV6D-009,audit_rule_pack,package_level_rule,PERFV6D-009,77,B,绩效评价 / 预算执行与财政管理 / 财政与政府债务,分析方法更加多样：定性方法的种类在最近的二十多年中，更是,抽样调查设计导论-分析方法更加多样：定性方法的种类在最近的二十多年中，更是规则包,基于《抽样调查设计导论》中“分析方法更加多样：定性方法的种类在最近的二十多年中，更是”相关内容，固化审计对象在合规性、真实性、绩效性和责任链方面的风险，形成可复核的疑点、规则或指标输出。,项目台账；财务收支明细；合同与审批资料；支付凭证；审计发现清单；绩效指标表；产出效果数据；满意度问卷；工程量清单；结算书,按包内审计目标、风险假设和输出字段触发,分析方法更加多样：定性方法的种类在最近的二十多年中，更是规则编号、规则说明、触发条件、证据资料、处理建议,P1,ocr_55_books_deep,E:\2026\审计方法&政策文件\_ocr_output\绩效\抽样调查设计导论.pdf.md
RULEPKG-PERFV6D-027,audit_rule_pack,package_level_rule,PERFV6D-027,69,C,绩效评价 / 预算执行与财政管理 / 财政与政府债务,审计的分类和绩效审计的类型,绩效审计一个计量的过程和方法-审计的分类和绩效审计的类型规则包,基于《绩效审计一个计量的过程和方法》中“审计的分类和绩效审计的类型”相关内容，固化审计对象在合规性、真实性、绩效性和责任链方面的风险，形成可复核的疑点、规则或指标输出。,项目台账；财务收支明细；合同与审批资料；支付凭证；审计发现清单；绩效指标表；产出效果数据；满意度问卷；工程量清单；结算书,按包内审计目标、风险假设和输出字段触发,审计的分类和绩效审计的类型规则编号、规则说明、触发条件、证据资料、处理建议,P1,ocr_55_books_deep,E:\2026\审计方法&政策文件\_ocr_output\绩效\绩效审计一个计量的过程和方法.pdf.md
RULEPKG-ENVV6D-020,audit_rule_pack,package_level_rule,ENVV6D-020,69,C,绩效评价 / 预算执行与财政管理 / 财政与政府债务,满意度异常,调查问卷设计与处理分析-满意度异常规则包,基于《调查问卷设计与处理分析》中“满意度异常”相关内容，固化审计对象在合规性、真实性、绩效性和责任链方面的风险，形成可复核的疑点、规则或指标输出。,项目台账；财务收支明细；合同与审批资料；支付凭证；审计发现清单；绩效指标表；产出效果数据；满意度问卷；农户信息；土地确权,按包内审计目标、风险假设和输出字段触发,满意度异常规则编号、规则说明、触发条件、证据资料、处理建议,P1,ocr_55_books_deep,E:\2026\审计方法&政策文件\_ocr_output\绩效\调查问卷设计与处理分析.pdf.md
RULEPKG-PERFV6D-039,audit_rule_pack,package_level_rule,PERFV6D-039,69,C,绩效评价 / 预算执行与财政管理 / 财政与政府债务,绩效审计准则、绩效审计标准和绩效审计证据,绩效审计方法-绩效审计准则、绩效审计标准和绩效审计证据规则包,基于《绩效审计方法》中“绩效审计准则、绩效审计标准和绩效审计证据”相关内容，固化审计对象在合规性、真实性、绩效性和责任链方面的风险，形成可复核的疑点、规则或指标输出。,项目台账；财务收支明细；合同与审批资料；支付凭证；审计发现清单；预算批复表；预算调整表；绩效目标表；绩效指标表；产出效果数据,按包内审计目标、风险假设和输出字段触发,绩效审计准则、绩效审计标准和绩效审计证据规则编号、规则说明、触发条件、证据资料、处理建议,P1,ocr_55_books_deep,E:\2026\审计方法&政策文件\_ocr_output\绩效\绩效审计方法.pdf.md
RULEPKG-PERFV6D-035,audit_rule_pack,package_level_rule,PERFV6D-035,69,C,绩效评价 / 预算执行与财政管理 / 财政与政府债务,绩效审计分析方法,绩效审计方法-绩效审计分析方法规则包,基于《绩效审计方法》中“绩效审计分析方法”相关内容，固化审计对象在合规性、真实性、绩效性和责任链方面的风险，形成可复核的疑点、规则或指标输出。,项目台账；财务收支明细；合同与审批资料；支付凭证；审计发现清单；预算批复表；预算调整表；绩效目标表；绩效指标表；产出效果数据,按包内审计目标、风险假设和输出字段触发,绩效审计分析方法规则编号、规则说明、触发条件、证据资料、处理建议,P1,ocr_55_books_deep,E:\2026\审计方法&政策文件\_ocr_output\绩效\绩效审计方法.pdf.md
RULEPKG-PERFV6D-013,audit_rule_pack,package_level_rule,PERFV6D-013,77,B,绩效评价 / 预算执行与财政管理 / 财政与政府债务,绩效目标合理性,抽样调查设计导论-绩效目标合理性规则包,基于《抽样调查设计导论》中“绩效目标合理性”相关内容，固化审计对象在合规性、真实性、绩效性和责任链方面的风险，形成可复核的疑点、规则或指标输出。,项目台账；财务收支明细；合同与审批资料；支付凭证；审计发现清单；绩效指标表；产出效果数据；满意度问卷；工程量清单；结算书,按包内审计目标、风险假设和输出字段触发,绩效目标合理性规则编号、规则说明、触发条件、证据资料、处理建议,P1,ocr_55_books_deep,E:\2026\审计方法&政策文件\_ocr_output\绩效\抽样调查设计导论.pdf.md
RULEPKG-ENVV6D-016,audit_rule_pack,package_level_rule,ENVV6D-016,69,C,绩效评价 / 预算执行与财政管理 / 财政与政府债务,绩效目标合理性,调查问卷设计与处理分析-绩效目标合理性规则包,基于《调查问卷设计与处理分析》中“绩效目标合理性”相关内容，固化审计对象在合规性、真实性、绩效性和责任链方面的风险，形成可复核的疑点、规则或指标输出。,项目台账；财务收支明细；合同与审批资料；支付凭证；审计发现清单；绩效指标表；产出效果数据；满意度问卷；农户信息；土地确权,按包内审计目标、风险假设和输出字段触发,绩效目标合理性规则编号、规则说明、触发条件、证据资料、处理建议,P1,ocr_55_books_deep,E:\2026\审计方法&政策文件\_ocr_output\绩效\调查问卷设计与处理分析.pdf.md
RULEPKG-PERFV6D-006,audit_rule_pack,package_level_rule,PERFV6D-006,77,B,绩效评价 / 预算执行与财政管理 / 财政与政府债务,财政支出政策绩效评价的国际经验借鉴,中国财政支出政策绩效评价体系研究-财政支出政策绩效评价的国际经验借鉴规则包,基于《中国财政支出政策绩效评价体系研究》中“财政支出政策绩效评价的国际经验借鉴”相关内容，固化审计对象在合规性、真实性、绩效性和责任链方面的风险，形成可复核的疑点、规则或指标输出。,项目台账；财务收支明细；合同与审批资料；支付凭证；审计发现清单；预算批复表；预算调整表；绩效目标表；绩效指标表；产出效果数据,按包内审计目标、风险假设和输出字段触发,财政支出政策绩效评价的国际经验借鉴规则编号、规则说明、触发条件、证据资料、处理建议,P1,ocr_55_books_deep,E:\2026\审计方法&政策文件\_ocr_output\绩效\中国财政支出政策绩效评价体系研究.pdf.md
RULEPKG-PERFV6D-046,audit_rule_pack,package_level_rule,PERFV6D-046,77,B,绩效评价 / 预算执行与财政管理 / 财政与政府债务,财政支出绩效评价的基本概念,财政支出绩效评价研究-财政支出绩效评价的基本概念规则包,基于《财政支出绩效评价研究》中“财政支出绩效评价的基本概念”相关内容，固化审计对象在合规性、真实性、绩效性和责任链方面的风险，形成可复核的疑点、规则或指标输出。,项目台账；财务收支明细；合同与审批资料；支付凭证；审计发现清单；预算批复表；预算调整表；绩效目标表；绩效指标表；产出效果数据,按包内审计目标、风险假设和输出字段触发,财政支出绩效评价的基本概念规则编号、规则说明、触发条件、证据资料、处理建议,P1,ocr_55_books_deep,E:\2026\审计方法&政策文件\_ocr_output\绩效\财政支出绩效评价研究.pdf.md
RULEPKG-PERFV6D-042,audit_rule_pack,package_level_rule,PERFV6D-042,77,B,绩效评价 / 预算执行与财政管理 / 财政与政府债务,财政支出绩效评价的指标体系…,财政支出绩效评价研究-财政支出绩效评价的指标体系…规则包,基于《财政支出绩效评价研究》中“财政支出绩效评价的指标体系…”相关内容，固化审计对象在合规性、真实性、绩效性和责任链方面的风险，形成可复核的疑点、规则或指标输出。,项目台账；财务收支明细；合同与审批资料；支付凭证；审计发现清单；预算批复表；预算调整表；绩效目标表；绩效指标表；产出效果数据,按包内审计目标、风险假设和输出字段触发,财政支出绩效评价的指标体系…规则编号、规则说明、触发条件、证据资料、处理建议,P1,ocr_55_books_deep,E:\2026\审计方法&政策文件\_ocr_output\绩效\财政支出绩效评价研究.pdf.md
RULEPKG-PERFV6D-016,audit_rule_pack,package_level_rule,PERFV6D-016,77,B,绩效评价 / 预算执行与财政管理 / 财政与政府债务,部门预算管理制度建,水利系统部门整体支出绩效评价的思考与探索-部门预算管理制度建规则包,基于《水利系统部门整体支出绩效评价的思考与探索》中“部门预算管理制度建”相关内容，固化审计对象在合规性、真实性、绩效性和责任链方面的风险，形成可复核的疑点、规则或指标输出。,项目台账；财务收支明细；合同与审批资料；支付凭证；审计发现清单；预算批复表；预算调整表；绩效目标表；绩效指标表；产出效果数据,按包内审计目标、风险假设和输出字段触发,部门预算管理制度建规则编号、规则说明、触发条件、证据资料、处理建议,P1,ocr_55_books_deep,E:\2026\审计方法&政策文件\_ocr_output\绩效\水利系统部门整体支出绩效评价的思考与探索.pdf.md
RULEPKG-CARBV6D-033,audit_rule_pack,package_level_rule,CARBV6D-033,69,C,能源与双碳审计 / 资源环境审计 / 绩效评价,2能源审计,能源审计原理与实施方法-2能源审计规则包,基于《能源审计原理与实施方法》中“2能源审计”相关内容，固化审计对象在合规性、真实性、绩效性和责任链方面的风险，形成可复核的疑点、规则或指标输出。,项目台账；财务收支明细；合同与审批资料；支付凭证；审计发现清单；绩效指标表；产出效果数据；满意度问卷；能耗账单；设备台账,按包内审计目标、风险假设和输出字段触发,2能源审计规则编号、规则说明、触发条件、证据资料、处理建议,P1,ocr_55_books_deep,E:\2026\审计方法&政策文件\_ocr_output\能源\能源审计原理与实施方法.pdf.md
RULEPKG-CARBV6D-002,audit_rule_pack,package_level_rule,CARBV6D-002,69,C,能源与双碳审计 / 资源环境审计 / 绩效评价,为碳资产管理，介绍了企业如何实施碳资产管理、进行碳资产交,中国碳排放权交易实务-为碳资产管理，介绍了企业如何实施碳资产管理、进行碳资产交规则包,基于《中国碳排放权交易实务》中“为碳资产管理，介绍了企业如何实施碳资产管理、进行碳资产交”相关内容，固化审计对象在合规性、真实性、绩效性和责任链方面的风险，形成可复核的疑点、规则或指标输出。,项目台账；财务收支明细；合同与审批资料；支付凭证；审计发现清单；工程量清单；结算书；签证变更；竣工资料；能耗账单,按包内审计目标、风险假设和输出字段触发,为碳资产管理，介绍了企业如何实施碳资产管理、进行碳资产交规则编号、规则说明、触发条件、证据资料、处理建议,P1,ocr_55_books_deep,E:\2026\审计方法&政策文件\_ocr_output\能源\中国碳排放权交易实务.pdf.md
RULEPKG-CARBV6D-029,audit_rule_pack,package_level_rule,CARBV6D-029,69,C,能源与双碳审计 / 资源环境审计 / 绩效评价,企业能源审计的原理和方法,能源审计原理与实施方法-企业能源审计的原理和方法规则包,基于《能源审计原理与实施方法》中“企业能源审计的原理和方法”相关内容，固化审计对象在合规性、真实性、绩效性和责任链方面的风险，形成可复核的疑点、规则或指标输出。,项目台账；财务收支明细；合同与审批资料；支付凭证；审计发现清单；绩效指标表；产出效果数据；满意度问卷；能耗账单；设备台账,按包内审计目标、风险假设和输出字段触发,企业能源审计的原理和方法规则编号、规则说明、触发条件、证据资料、处理建议,P1,ocr_55_books_deep,E:\2026\审计方法&政策文件\_ocr_output\能源\能源审计原理与实施方法.pdf.md
RULEPKG-CARBV6D-020,audit_rule_pack,package_level_rule,CARBV6D-020,69,C,能源与双碳审计 / 资源环境审计 / 绩效评价,公共机构能源审计分类和工作流程,公共机构能源审计实务-公共机构能源审计分类和工作流程规则包,基于《公共机构能源审计实务》中“公共机构能源审计分类和工作流程”相关内容，固化审计对象在合规性、真实性、绩效性和责任链方面的风险，形成可复核的疑点、规则或指标输出。,项目台账；财务收支明细；合同与审批资料；支付凭证；审计发现清单；绩效指标表；产出效果数据；满意度问卷；能耗账单；设备台账,按包内审计目标、风险假设和输出字段触发,公共机构能源审计分类和工作流程规则编号、规则说明、触发条件、证据资料、处理建议,P1,ocr_55_books_deep,E:\2026\审计方法&政策文件\_ocr_output\能源\公共机构能源审计实务.pdf.md
RULEPKG-CARBV6D-016,audit_rule_pack,package_level_rule,CARBV6D-016,69,C,能源与双碳审计 / 资源环境审计 / 绩效评价,公共机构能源审计程序,公共机构能源审计实务-公共机构能源审计程序规则包,基于《公共机构能源审计实务》中“公共机构能源审计程序”相关内容，固化审计对象在合规性、真实性、绩效性和责任链方面的风险，形成可复核的疑点、规则或指标输出。,项目台账；财务收支明细；合同与审批资料；支付凭证；审计发现清单；绩效指标表；产出效果数据；满意度问卷；能耗账单；设备台账,按包内审计目标、风险假设和输出字段触发,公共机构能源审计程序规则编号、规则说明、触发条件、证据资料、处理建议,P1,ocr_55_books_deep,E:\2026\审计方法&政策文件\_ocr_output\能源\公共机构能源审计实务.pdf.md
RULEPKG-CARBV6D-023,audit_rule_pack,package_level_rule,CARBV6D-023,69,C,能源与双碳审计 / 资源环境审计 / 绩效评价,国内碳中和管理政策,碳达峰与碳中和实施指南-国内碳中和管理政策规则包,基于《碳达峰与碳中和实施指南》中“国内碳中和管理政策”相关内容，固化审计对象在合规性、真实性、绩效性和责任链方面的风险，形成可复核的疑点、规则或指标输出。,项目台账；财务收支明细；合同与审批资料；支付凭证；审计发现清单；能耗账单；设备台账；碳排放/配额数据；农户信息；土地确权,按包内审计目标、风险假设和输出字段触发,国内碳中和管理政策规则编号、规则说明、触发条件、证据资料、处理建议,P1,ocr_55_books_deep,E:\2026\审计方法&政策文件\_ocr_output\能源\碳达峰与碳中和实施指南.pdf.md
RULEPKG-CARBV6D-006,audit_rule_pack,package_level_rule,CARBV6D-006,69,C,能源与双碳审计 / 资源环境审计 / 绩效评价,碳配额履约一致性,中国碳排放权交易实务-碳配额履约一致性规则包,基于《中国碳排放权交易实务》中“碳配额履约一致性”相关内容，固化审计对象在合规性、真实性、绩效性和责任链方面的风险，形成可复核的疑点、规则或指标输出。,项目台账；财务收支明细；合同与审批资料；支付凭证；审计发现清单；工程量清单；结算书；签证变更；竣工资料；能耗账单,按包内审计目标、风险假设和输出字段触发,碳配额履约一致性规则编号、规则说明、触发条件、证据资料、处理建议,P1,ocr_55_books_deep,E:\2026\审计方法&政策文件\_ocr_output\能源\中国碳排放权交易实务.pdf.md
RULEPKG-CARBV6D-010,audit_rule_pack,package_level_rule,CARBV6D-010,69,C,能源与双碳审计 / 资源环境审计 / 绩效评价,简单能源审计及其能耗分析,公共机构能源审计-简单能源审计及其能耗分析规则包,基于《公共机构能源审计》中“简单能源审计及其能耗分析”相关内容，固化审计对象在合规性、真实性、绩效性和责任链方面的风险，形成可复核的疑点、规则或指标输出。,项目台账；财务收支明细；合同与审批资料；支付凭证；审计发现清单；绩效指标表；产出效果数据；满意度问卷；能耗账单；设备台账,按包内审计目标、风险假设和输出字段触发,简单能源审计及其能耗分析规则编号、规则说明、触发条件、证据资料、处理建议,P1,ocr_55_books_deep,E:\2026\审计方法&政策文件\_ocr_output\能源\公共机构能源审计.pdf.md
RULEPKG-CARBV6D-014,audit_rule_pack,package_level_rule,CARBV6D-014,69,C,能源与双碳审计 / 资源环境审计 / 绩效评价,能源审计基本知识,公共机构能源审计-能源审计基本知识规则包,基于《公共机构能源审计》中“能源审计基本知识”相关内容，固化审计对象在合规性、真实性、绩效性和责任链方面的风险，形成可复核的疑点、规则或指标输出。,项目台账；财务收支明细；合同与审批资料；支付凭证；审计发现清单；绩效指标表；产出效果数据；满意度问卷；能耗账单；设备台账,按包内审计目标、风险假设和输出字段触发,能源审计基本知识规则编号、规则说明、触发条件、证据资料、处理建议,P1,ocr_55_books_deep,E:\2026\审计方法&政策文件\_ocr_output\能源\公共机构能源审计.pdf.md
RULEPKG-CARBV6D-027,audit_rule_pack,package_level_rule,CARBV6D-027,69,C,能源与双碳审计 / 资源环境审计 / 绩效评价,节能率真实性,碳达峰与碳中和实施指南-节能率真实性规则包,基于《碳达峰与碳中和实施指南》中“节能率真实性”相关内容，固化审计对象在合规性、真实性、绩效性和责任链方面的风险，形成可复核的疑点、规则或指标输出。,项目台账；财务收支明细；合同与审批资料；支付凭证；审计发现清单；能耗账单；设备台账；碳排放/配额数据；农户信息；土地确权,按包内审计目标、风险假设和输出字段触发,节能率真实性规则编号、规则说明、触发条件、证据资料、处理建议,P1,ocr_55_books_deep,E:\2026\审计方法&政策文件\_ocr_output\能源\碳达峰与碳中和实施指南.pdf.md
RULEPKG-ENGV6D-045,audit_rule_pack,package_level_rule,ENGV6D-045,60,C,财政与政府债务 / 预算执行与财政管理 / 绩效评价,“两新”审计,“两新”审计案例规则包,基于《“两新”审计》中““两新”审计”相关内容，固化审计对象在合规性、真实性、绩效性和责任链方面的风险，形成可复核的疑点、规则或指标输出。,项目台账；财务收支明细；合同与审批资料；支付凭证；审计发现清单；工程量清单；结算书；签证变更；竣工资料；采购公告,按包内审计目标、风险假设和输出字段触发,“两新”审计规则编号、规则说明、触发条件、证据资料、处理建议,P1,ocr_55_books_deep,E:\2026\审计方法&政策文件\_ocr_output\1中国审计_7期\“两新”审计.md
RULEPKG-BIDV6D-001,audit_rule_pack,package_level_rule,BIDV6D-001,60,C,财政与政府债务 / 预算执行与财政管理 / 绩效评价,“两重”“两新”政策落实审计的思考,“两重”“两新”政策落实审计的思考案例规则包,基于《“两重”“两新”政策落实审计的思考》中““两重”“两新”政策落实审计的思考”相关内容，固化审计对象在合规性、真实性、绩效性和责任链方面的风险，形成可复核的疑点、规则或指标输出。,项目台账；财务收支明细；合同与审批资料；支付凭证；审计发现清单；工程量清单；结算书；签证变更；竣工资料；采购公告,按包内审计目标、风险假设和输出字段触发,“两重”“两新”政策落实审计的思考规则编号、规则说明、触发条件、证据资料、处理建议,P1,ocr_55_books_deep,E:\2026\审计方法&政策文件\_ocr_output\1中国审计_7期\“两重”“两新”政策落实审计的思考.md
RULEPKG-FINV6D-009,audit_rule_pack,package_level_rule,FINV6D-009,65,C,财政与政府债务 / 预算执行与财政管理 / 绩效评价,国务院关于2025年度中央预算执行和其他财政收支,国务院关于2025年度中央预算执行和其他财政收支案例规则包,基于《国务院关于2025年度中央预算执行和其他财政收支的审计工作报告》中“国务院关于2025年度中央预算执行和其他财政收支”相关内容，固化审计对象在合规性、真实性、绩效性和责任链方面的风险，形成可复核的疑点、规则或指标输出。,项目台账；财务收支明细；合同与审批资料；支付凭证；审计发现清单；预算批复表；预算调整表；绩效目标表,按包内审计目标、风险假设和输出字段触发,国务院关于2025年度中央预算执行和其他财政收支规则编号、规则说明、触发条件、证据资料、处理建议,P1,ocr_55_books_deep,E:\2026\审计方法&政策文件\_ocr_output\1中国审计_7期\国务院关于2025年度中央预算执行和其他财政收支的审计工作报告.md
RULEPKG-SUPVV6D-064,audit_rule_pack,package_level_rule,SUPVV6D-064,55,C,财政与政府债务 / 预算执行与财政管理 / 绩效评价,聚焦“两重”“两新”强化审计监督推动十五五长三角,聚焦“两重”“两新”强化审计监督推动十五五长三角案例规则包,基于《聚焦“两重”“两新”强化审计监督 推动十五五长三角一体化高质量发展》中“聚焦“两重”“两新”强化审计监督推动十五五长三角”相关内容，固化审计对象在合规性、真实性、绩效性和责任链方面的风险，形成可复核的疑点、规则或指标输出。,项目台账；财务收支明细；合同与审批资料；支付凭证；审计发现清单；工程量清单；结算书；签证变更；竣工资料,按包内审计目标、风险假设和输出字段触发,聚焦“两重”“两新”强化审计监督推动十五五长三角规则编号、规则说明、触发条件、证据资料、处理建议,P1,ocr_55_books_deep,E:\2026\审计方法&政策文件\_ocr_output\1中国审计_7期\聚焦“两重”“两新”强化审计监督 推动十五五长三角一体化高质量发展.md
RULEPKG-ENVV6D-022,audit_rule_pack,package_level_rule,ENVV6D-022,60,C,资源环境审计 / 绩效评价 / 财政与政府债务,汾渭平原大气污染联防联控现状及审计建议,汾渭平原大气污染联防联控现状及审计建议案例规则包,基于《汾渭平原大气污染联防联控现状及审计建议》中“汾渭平原大气污染联防联控现状及审计建议”相关内容，固化审计对象在合规性、真实性、绩效性和责任链方面的风险，形成可复核的疑点、规则或指标输出。,项目台账；财务收支明细；合同与审批资料；支付凭证；审计发现清单；会议纪要；三重一大事项；责任人岗位信息；遥感图斑；自然资源审批,按包内审计目标、风险假设和输出字段触发,汾渭平原大气污染联防联控现状及审计建议规则编号、规则说明、触发条件、证据资料、处理建议,P1,ocr_55_books_deep,E:\2026\审计方法&政策文件\_ocr_output\2经济责任审计_6期\汾渭平原大气污染联防联控现状及审计建议.md
RULEPKG-FINV6D-008,audit_rule_pack,package_level_rule,FINV6D-008,57,C,金融审计 / 国企审计 / 监督检查与经费舞弊,“收不回”的逾期贷款,“收不回”的逾期贷款案例规则包,基于《“收不回”的逾期贷款》中““收不回”的逾期贷款”相关内容，固化审计对象在合规性、真实性、绩效性和责任链方面的风险，形成可复核的疑点、规则或指标输出。,项目台账；财务收支明细；合同与审批资料；支付凭证；审计发现清单,按包内审计目标、风险假设和输出字段触发,“收不回”的逾期贷款规则编号、规则说明、触发条件、证据资料、处理建议,P1,ocr_55_books_deep,E:\2026\审计方法&政策文件\_ocr_output\1中国审计_7期\“收不回”的逾期贷款.md
RULEPKG-MAGFIN-0003,audit_rule_pack,package_level_rule,MAGFIN-0003,70,B,金融审计 / 国企审计 / 监督检查与经费舞弊,国务院办公厅转发财政部《关于规范政府和社会资本合作存量项目建设和运营的指,国务院办公厅转发财政部《关于规范政府和社会资本合作存量项目建设和运营的指案例规则包,基于杂志案例《国务院办公厅转发财政部《关于规范政府和社会资本合作存量项目建设和运营的指导意见》的通知》提炼“国务院办公厅转发财政部《关于规范政府和社会资本合作存量项目建设和运营的指”审计算法/规则，用于复用审计经验、生成疑点线索和核查程序。,文章案例文本；审计事项清单；问题线索台账；审计证据资料；预算指标表；财政支出明细；项目资金台账；内控制度；会计凭证；工作底稿,按包内审计目标、风险假设和输出字段触发,国务院办公厅转发财政部《关于规范政府和社会资本合作存量项目建设和运营的指规则编号、触发条件、适用场景、证据资料、处理建议,P1,magazine_435_articles,D:\openclaw-workspace\knowledge\11-杂志文献\四川注册会计师\004.国务院办公厅转发财政部《关于规范政府和社会资本合作存量项目建设和运营的指导意见》的通知.md
RULEPKG-FINV6D-012,audit_rule_pack,package_level_rule,FINV6D-012,60,C,金融审计 / 国企审计 / 监督检查与经费舞弊,数智化背景下供应链金融审计的实务难点与突破路径,数智化背景下供应链金融审计的实务难点与突破路径案例规则包,基于《数智化背景下供应链金融审计的实务难点与突破路径》中“数智化背景下供应链金融审计的实务难点与突破路径”相关内容，固化审计对象在合规性、真实性、绩效性和责任链方面的风险，形成可复核的疑点、规则或指标输出。,项目台账；财务收支明细；合同与审批资料；支付凭证；审计发现清单；会议纪要；三重一大事项；责任人岗位信息,按包内审计目标、风险假设和输出字段触发,数智化背景下供应链金融审计的实务难点与突破路径规则编号、规则说明、触发条件、证据资料、处理建议,P1,ocr_55_books_deep,E:\2026\审计方法&政策文件\_ocr_output\2经济责任审计_6期\数智化背景下供应链金融审计的实务难点与突破路径.md
RULEPKG-MAGFIN-0031,audit_rule_pack,package_level_rule,MAGFIN-0031,71,B,金融审计 / 国企审计 / 监督检查与经费舞弊,新租赁准则在建筑企业的实施及管理升级,新租赁准则在建筑企业的实施及管理升级案例规则包,基于杂志案例《新租赁准则在建筑企业的实施及管理升级》提炼“新租赁准则在建筑企业的实施及管理升级”审计算法/规则，用于复用审计经验、生成疑点线索和核查程序。,文章案例文本；审计事项清单；问题线索台账；审计证据资料；内控制度；会计凭证；工作底稿；整改台账；合同流水；授信审批,按包内审计目标、风险假设和输出字段触发,新租赁准则在建筑企业的实施及管理升级规则编号、触发条件、适用场景、证据资料、处理建议,P1,magazine_435_articles,D:\openclaw-workspace\knowledge\11-杂志文献\财政监督\19.新租赁准则在建筑企业的实施及管理升级.md
RULEPKG-MAGFIN-0001,audit_rule_pack,package_level_rule,MAGFIN-0001,71,B,金融审计 / 国企审计 / 监督检查与经费舞弊,联合开展《小微企业增信会计数据标准(试行版)》深化试点工作的通知,联合开展《小微企业增信会计数据标准(试行版)》深化试点工作的通知案例规则包,基于杂志案例《关于联合开展《小微企业增信会计数据标准(试行版)》深化试点工作的通知》提炼“联合开展《小微企业增信会计数据标准(试行版)》深化试点工作的通知”审计算法/规则，用于复用审计经验、生成疑点线索和核查程序。,文章案例文本；审计事项清单；问题线索台账；审计证据资料；内控制度；会计凭证；工作底稿；整改台账；合同流水；授信审批,按包内审计目标、风险假设和输出字段触发,联合开展《小微企业增信会计数据标准(试行版)》深化试点工作的通知规则编号、触发条件、适用场景、证据资料、处理建议,P1,magazine_435_articles,D:\openclaw-workspace\knowledge\11-杂志文献\四川注册会计师\001.关于联合开展《小微企业增信会计数据标准(试行版)》深化试点工作的通知.md
RULEPKG-MAGFIN-0002,audit_rule_pack,package_level_rule,MAGFIN-0002,71,B,金融审计 / 国企审计 / 监督检查与经费舞弊,联合开展《小微企业增信会计数据标准(试行版)》深化试点工作的通知,联合开展《小微企业增信会计数据标准(试行版)》深化试点工作的通知案例规则包#0002,基于杂志案例《关于联合开展《小微企业增信会计数据标准(试行版)》深化试点工作的通知》提炼“联合开展《小微企业增信会计数据标准(试行版)》深化试点工作的通知”审计算法/规则，用于复用审计经验、生成疑点线索和核查程序。,文章案例文本；审计事项清单；问题线索台账；审计证据资料；内控制度；会计凭证；工作底稿；整改台账；合同流水；授信审批,按包内审计目标、风险假设和输出字段触发,联合开展《小微企业增信会计数据标准(试行版)》深化试点工作的通知规则编号、触发条件、适用场景、证据资料、处理建议,P1,magazine_435_articles,D:\openclaw-workspace\knowledge\11-杂志文献\四川注册会计师\004.关于联合开展《小微企业增信会计数据标准(试行版)》深化试点工作的通知.md
RULEPKG-FINV6D-013,audit_rule_pack,package_level_rule,FINV6D-013,65,C,金融审计 / 国企审计 / 监督检查与经费舞弊,面向十五五邮储银行体系化审计发展战略的内涵与贯通,面向十五五邮储银行体系化审计发展战略的内涵与贯通案例规则包,基于《面向十五五邮储银行体系化审计发展战略的内涵与贯通思路》中“面向十五五邮储银行体系化审计发展战略的内涵与贯通”相关内容，固化审计对象在合规性、真实性、绩效性和责任链方面的风险，形成可复核的疑点、规则或指标输出。,项目台账；财务收支明细；合同与审批资料；支付凭证；审计发现清单；绩效指标表；产出效果数据；满意度问卷,按包内审计目标、风险假设和输出字段触发,面向十五五邮储银行体系化审计发展战略的内涵与贯通规则编号、规则说明、触发条件、证据资料、处理建议,P1,ocr_55_books_deep,E:\2026\审计方法&政策文件\_ocr_output\2经济责任审计_6期\面向十五五邮储银行体系化审计发展战略的内涵与贯通思路.md
RULEPKG-FINV6D-010,audit_rule_pack,package_level_rule,FINV6D-010,57,C,金融审计 / 监督检查与经费舞弊 / 民生与社保医保,巩固深化“科学规范提升年”行动成果以高质量审计监,巩固深化“科学规范提升年”行动成果以高质量审计监案例规则包,基于《巩固深化“科学规范提升年”行动成果以高质量审计监督保障实现“十五五”良好开局》中“巩固深化“科学规范提升年”行动成果以高质量审计监”相关内容，固化审计对象在合规性、真实性、绩效性和责任链方面的风险，形成可复核的疑点、规则或指标输出。,项目台账；财务收支明细；合同与审批资料；支付凭证；审计发现清单,按包内审计目标、风险假设和输出字段触发,巩固深化“科学规范提升年”行动成果以高质量审计监规则编号、规则说明、触发条件、证据资料、处理建议,P1,ocr_55_books_deep,E:\2026\审计方法&政策文件\_ocr_output\1中国审计_7期\巩固深化“科学规范提升年”行动成果以高质量审计监督保障实现“十五五”良好开局.md
RULEPKG-ENGV6D-034,audit_rule_pack,package_level_rule,ENGV6D-034,69,C,预算执行与财政管理 / 工程与投资审计 / 绩效评价,支出标准执行,新能源发电工竣工决算编制理论与实务-支出标准执行规则包,基于《新能源发电工竣工决算编制理论与实务》中“支出标准执行”相关内容，固化审计对象在合规性、真实性、绩效性和责任链方面的风险，形成可复核的疑点、规则或指标输出。,项目台账；财务收支明细；合同与审批资料；支付凭证；审计发现清单；绩效指标表；产出效果数据；满意度问卷；工程量清单；结算书,按包内审计目标、风险假设和输出字段触发,支出标准执行规则编号、规则说明、触发条件、证据资料、处理建议,P1,ocr_55_books_deep,E:\2026\审计方法&政策文件\_ocr_output\预算\新能源发电工竣工决算编制理论与实务.pdf.md
RULEPKG-ENGV6D-044,audit_rule_pack,package_level_rule,ENGV6D-044,69,C,预算执行与财政管理 / 工程与投资审计 / 绩效评价,政府采购预算约束,水利基本建设项目竣工财务决算编制教程-政府采购预算约束规则包,基于《水利基本建设项目竣工财务决算编制教程》中“政府采购预算约束”相关内容，固化审计对象在合规性、真实性、绩效性和责任链方面的风险，形成可复核的疑点、规则或指标输出。,项目台账；财务收支明细；合同与审批资料；支付凭证；审计发现清单；预算批复表；预算调整表；绩效目标表；绩效指标表；产出效果数据,按包内审计目标、风险假设和输出字段触发,政府采购预算约束规则编号、规则说明、触发条件、证据资料、处理建议,P1,ocr_55_books_deep,E:\2026\审计方法&政策文件\_ocr_output\预算\水利基本建设项目竣工财务决算编制教程.pdf.md
RULEPKG-ENGV6D-030,audit_rule_pack,package_level_rule,ENGV6D-030,69,C,预算执行与财政管理 / 工程与投资审计 / 绩效评价,新能源发电工程总投资,新能源发电工竣工决算编制理论与实务-新能源发电工程总投资规则包,基于《新能源发电工竣工决算编制理论与实务》中“新能源发电工程总投资”相关内容，固化审计对象在合规性、真实性、绩效性和责任链方面的风险，形成可复核的疑点、规则或指标输出。,项目台账；财务收支明细；合同与审批资料；支付凭证；审计发现清单；绩效指标表；产出效果数据；满意度问卷；工程量清单；结算书,按包内审计目标、风险假设和输出字段触发,新能源发电工程总投资规则编号、规则说明、触发条件、证据资料、处理建议,P1,ocr_55_books_deep,E:\2026\审计方法&政策文件\_ocr_output\预算\新能源发电工竣工决算编制理论与实务.pdf.md
RULEPKG-ENGV6D-026,audit_rule_pack,package_level_rule,ENGV6D-026,69,C,预算执行与财政管理 / 工程与投资审计 / 绩效评价,新能源发电工程概况,新能源发电工竣工决算编制理论与实务-新能源发电工程概况规则包,基于《新能源发电工竣工决算编制理论与实务》中“新能源发电工程概况”相关内容，固化审计对象在合规性、真实性、绩效性和责任链方面的风险，形成可复核的疑点、规则或指标输出。,项目台账；财务收支明细；合同与审批资料；支付凭证；审计发现清单；绩效指标表；产出效果数据；满意度问卷；工程量清单；结算书,按包内审计目标、风险假设和输出字段触发,新能源发电工程概况规则编号、规则说明、触发条件、证据资料、处理建议,P1,ocr_55_books_deep,E:\2026\审计方法&政策文件\_ocr_output\预算\新能源发电工竣工决算编制理论与实务.pdf.md
RULEPKG-ENGV6D-024,audit_rule_pack,package_level_rule,ENGV6D-024,69,C,预算执行与财政管理 / 工程与投资审计 / 绩效评价,财政资金支付进度,发电基本建设项目竣工财务决算编制实务-财政资金支付进度规则包,基于《发电基本建设项目竣工财务决算编制实务》中“财政资金支付进度”相关内容，固化审计对象在合规性、真实性、绩效性和责任链方面的风险，形成可复核的疑点、规则或指标输出。,项目台账；财务收支明细；合同与审批资料；支付凭证；审计发现清单；绩效指标表；产出效果数据；满意度问卷；工程量清单；结算书,按包内审计目标、风险假设和输出字段触发,财政资金支付进度规则编号、规则说明、触发条件、证据资料、处理建议,P1,ocr_55_books_deep,E:\2026\审计方法&政策文件\_ocr_output\预算\发电基本建设项目竣工财务决算编制实务.pdf.md
RULEPKG-ENGV6D-040,audit_rule_pack,package_level_rule,ENGV6D-040,69,C,预算执行与财政管理 / 工程与投资审计 / 绩效评价,财政资金支付进度,水利基本建设项目竣工财务决算编制教程-财政资金支付进度规则包,基于《水利基本建设项目竣工财务决算编制教程》中“财政资金支付进度”相关内容，固化审计对象在合规性、真实性、绩效性和责任链方面的风险，形成可复核的疑点、规则或指标输出。,项目台账；财务收支明细；合同与审批资料；支付凭证；审计发现清单；预算批复表；预算调整表；绩效目标表；绩效指标表；产出效果数据,按包内审计目标、风险假设和输出字段触发,财政资金支付进度规则编号、规则说明、触发条件、证据资料、处理建议,P1,ocr_55_books_deep,E:\2026\审计方法&政策文件\_ocr_output\预算\水利基本建设项目竣工财务决算编制教程.pdf.md
RULEPKG-ENGV6D-020,audit_rule_pack,package_level_rule,ENGV6D-020,69,C,预算执行与财政管理 / 工程与投资审计 / 绩效评价,预算编制科学性,发电基本建设项目竣工财务决算编制实务-预算编制科学性规则包,基于《发电基本建设项目竣工财务决算编制实务》中“预算编制科学性”相关内容，固化审计对象在合规性、真实性、绩效性和责任链方面的风险，形成可复核的疑点、规则或指标输出。,项目台账；财务收支明细；合同与审批资料；支付凭证；审计发现清单；预算批复表；预算调整表；绩效目标表；绩效指标表；产出效果数据,按包内审计目标、风险假设和输出字段触发,预算编制科学性规则编号、规则说明、触发条件、证据资料、处理建议,P1,ocr_55_books_deep,E:\2026\审计方法&政策文件\_ocr_output\预算\发电基本建设项目竣工财务决算编制实务.pdf.md
RULEPKG-ENGV6D-036,audit_rule_pack,package_level_rule,ENGV6D-036,69,C,预算执行与财政管理 / 工程与投资审计 / 绩效评价,预算编制科学性,水利基本建设项目竣工财务决算编制教程-预算编制科学性规则包,基于《水利基本建设项目竣工财务决算编制教程》中“预算编制科学性”相关内容，固化审计对象在合规性、真实性、绩效性和责任链方面的风险，形成可复核的疑点、规则或指标输出。,项目台账；财务收支明细；合同与审批资料；支付凭证；审计发现清单；预算批复表；预算调整表；绩效目标表；绩效指标表；产出效果数据,按包内审计目标、风险假设和输出字段触发,预算编制科学性规则编号、规则说明、触发条件、证据资料、处理建议,P1,ocr_55_books_deep,E:\2026\审计方法&政策文件\_ocr_output\预算\水利基本建设项目竣工财务决算编制教程.pdf.md
RULEPKG-PERFV6D-116,audit_rule_pack,package_level_rule,PERFV6D-116,77,B,预算执行与财政管理 / 绩效评价 / 财政与政府债务,2预算项目绩效评价模式的国际比较,预算项目政策绩效评价研究-2预算项目绩效评价模式的国际比较规则包,基于《预算项目政策绩效评价研究》中“2预算项目绩效评价模式的国际比较”相关内容，固化审计对象在合规性、真实性、绩效性和责任链方面的风险，形成可复核的疑点、规则或指标输出。,项目台账；财务收支明细；合同与审批资料；支付凭证；审计发现清单；预算批复表；预算调整表；绩效目标表；绩效指标表；产出效果数据,按包内审计目标、风险假设和输出字段触发,2预算项目绩效评价模式的国际比较规则编号、规则说明、触发条件、证据资料、处理建议,P1,ocr_55_books_deep,E:\2026\审计方法&政策文件\_ocr_output\预算\预算项目政策绩效评价研究.pdf.md
RULEPKG-PERFV6D-098,audit_rule_pack,package_level_rule,PERFV6D-098,69,C,预算执行与财政管理 / 绩效评价 / 财政与政府债务,3多维视角下的政府预算绩效管理比较,建立全过程预算绩效管理体系-3多维视角下的政府预算绩效管理比较规则包,基于《建立全过程预算绩效管理体系》中“3多维视角下的政府预算绩效管理比较”相关内容，固化审计对象在合规性、真实性、绩效性和责任链方面的风险，形成可复核的疑点、规则或指标输出。,项目台账；财务收支明细；合同与审批资料；支付凭证；审计发现清单；预算批复表；预算调整表；绩效目标表；绩效指标表；产出效果数据,按包内审计目标、风险假设和输出字段触发,3多维视角下的政府预算绩效管理比较规则编号、规则说明、触发条件、证据资料、处理建议,P1,ocr_55_books_deep,E:\2026\审计方法&政策文件\_ocr_output\预算\建立全过程预算绩效管理体系.pdf.md
RULEPKG-PERFV6D-120,audit_rule_pack,package_level_rule,PERFV6D-120,77,B,预算执行与财政管理 / 绩效评价 / 财政与政府债务,4预算项目政策绩效评价价值选取,预算项目政策绩效评价研究-4预算项目政策绩效评价价值选取规则包,基于《预算项目政策绩效评价研究》中“4预算项目政策绩效评价价值选取”相关内容，固化审计对象在合规性、真实性、绩效性和责任链方面的风险，形成可复核的疑点、规则或指标输出。,项目台账；财务收支明细；合同与审批资料；支付凭证；审计发现清单；预算批复表；预算调整表；绩效目标表；绩效指标表；产出效果数据,按包内审计目标、风险假设和输出字段触发,4预算项目政策绩效评价价值选取规则编号、规则说明、触发条件、证据资料、处理建议,P1,ocr_55_books_deep,E:\2026\审计方法&政策文件\_ocr_output\预算\预算项目政策绩效评价研究.pdf.md
RULEPKG-BUDV6D-016,audit_rule_pack,package_level_rule,BUDV6D-016,69,C,预算执行与财政管理 / 绩效评价 / 财政与政府债务,关于单位集中管理的住宅专项维修资金的会计处理,中央部门预算执行审计常用定性表述及适用法规向导-关于单位集中管理的住宅专项维修资金的会计处理规则包,基于《中央部门预算执行审计常用定性表述及适用法规向导》中“关于单位集中管理的住宅专项维修资金的会计处理”相关内容，固化审计对象在合规性、真实性、绩效性和责任链方面的风险，形成可复核的疑点、规则或指标输出。,项目台账；财务收支明细；合同与审批资料；支付凭证；审计发现清单；预算批复表；预算调整表；绩效目标表；绩效指标表；产出效果数据,按包内审计目标、风险假设和输出字段触发,关于单位集中管理的住宅专项维修资金的会计处理规则编号、规则说明、触发条件、证据资料、处理建议,P1,ocr_55_books_deep,E:\2026\审计方法&政策文件\_ocr_output\预算\中央部门预算执行审计常用定性表述及适用法规向导.pdf.md
RULEPKG-PERFV6D-112,audit_rule_pack,package_level_rule,PERFV6D-112,77,B,预算执行与财政管理 / 绩效评价 / 财政与政府债务,成本效益分析在政府预算绩效管理中的运用分析,预算绩效评价方法与指标-成本效益分析在政府预算绩效管理中的运用分析规则包,基于《预算绩效评价方法与指标》中“成本效益分析在政府预算绩效管理中的运用分析”相关内容，固化审计对象在合规性、真实性、绩效性和责任链方面的风险，形成可复核的疑点、规则或指标输出。,项目台账；财务收支明细；合同与审批资料；支付凭证；审计发现清单；预算批复表；预算调整表；绩效目标表；绩效指标表；产出效果数据,按包内审计目标、风险假设和输出字段触发,成本效益分析在政府预算绩效管理中的运用分析规则编号、规则说明、触发条件、证据资料、处理建议,P1,ocr_55_books_deep,E:\2026\审计方法&政策文件\_ocr_output\预算\预算绩效评价方法与指标.pdf.md
RULEPKG-BUDV6D-029,audit_rule_pack,package_level_rule,BUDV6D-029,69,C,预算执行与财政管理 / 绩效评价 / 财政与政府债务,成本预算绩效分析与管理概述，阐述了成本预算,成本预算绩效分析方法与案例-成本预算绩效分析与管理概述，阐述了成本预算规则包,基于《成本预算绩效分析方法与案例》中“成本预算绩效分析与管理概述，阐述了成本预算”相关内容，固化审计对象在合规性、真实性、绩效性和责任链方面的风险，形成可复核的疑点、规则或指标输出。,项目台账；财务收支明细；合同与审批资料；支付凭证；审计发现清单；预算批复表；预算调整表；绩效目标表；绩效指标表；产出效果数据,按包内审计目标、风险假设和输出字段触发,成本预算绩效分析与管理概述，阐述了成本预算规则编号、规则说明、触发条件、证据资料、处理建议,P1,ocr_55_books_deep,E:\2026\审计方法&政策文件\_ocr_output\预算\成本预算绩效分析方法与案例.pdf.md
RULEPKG-BUDV6D-050,audit_rule_pack,package_level_rule,BUDV6D-050,77,B,预算执行与财政管理 / 绩效评价 / 财政与政府债务,我国部门整体预算绩效评价指标体系的发展与完善·169,部门整体预算绩效评价研究-我国部门整体预算绩效评价指标体系的发展与完善·169规则包,基于《部门整体预算绩效评价研究》中“我国部门整体预算绩效评价指标体系的发展与完善·169”相关内容，固化审计对象在合规性、真实性、绩效性和责任链方面的风险，形成可复核的疑点、规则或指标输出。,项目台账；财务收支明细；合同与审批资料；支付凭证；审计发现清单；预算批复表；预算调整表；绩效目标表；绩效指标表；产出效果数据,按包内审计目标、风险假设和输出字段触发,我国部门整体预算绩效评价指标体系的发展与完善·169规则编号、规则说明、触发条件、证据资料、处理建议,P1,ocr_55_books_deep,E:\2026\审计方法&政策文件\_ocr_output\预算\部门整体预算绩效评价研究.pdf.md
RULEPKG-BUDV6D-020,audit_rule_pack,package_level_rule,BUDV6D-020,69,C,预算执行与财政管理 / 绩效评价 / 财政与政府债务,支出标准执行,中央部门预算执行审计常用定性表述及适用法规向导-支出标准执行规则包,基于《中央部门预算执行审计常用定性表述及适用法规向导》中“支出标准执行”相关内容，固化审计对象在合规性、真实性、绩效性和责任链方面的风险，形成可复核的疑点、规则或指标输出。,项目台账；财务收支明细；合同与审批资料；支付凭证；审计发现清单；预算批复表；预算调整表；绩效目标表；绩效指标表；产出效果数据,按包内审计目标、风险假设和输出字段触发,支出标准执行规则编号、规则说明、触发条件、证据资料、处理建议,P1,ocr_55_books_deep,E:\2026\审计方法&政策文件\_ocr_output\预算\中央部门预算执行审计常用定性表述及适用法规向导.pdf.md
RULEPKG-BUDV6D-040,audit_rule_pack,package_level_rule,BUDV6D-040,69,C,预算执行与财政管理 / 绩效评价 / 财政与政府债务,政府部门预算管理内容,政府部门预算管理-政府部门预算管理内容规则包,基于《政府部门预算管理》中“政府部门预算管理内容”相关内容，固化审计对象在合规性、真实性、绩效性和责任链方面的风险，形成可复核的疑点、规则或指标输出。,项目台账；财务收支明细；合同与审批资料；支付凭证；审计发现清单；预算批复表；预算调整表；绩效目标表；绩效指标表；产出效果数据,按包内审计目标、风险假设和输出字段触发,政府部门预算管理内容规则编号、规则说明、触发条件、证据资料、处理建议,P1,ocr_55_books_deep,E:\2026\审计方法&政策文件\_ocr_output\预算\政府部门预算管理.pdf.md
RULEPKG-BUDV6D-036,audit_rule_pack,package_level_rule,BUDV6D-036,69,C,预算执行与财政管理 / 绩效评价 / 财政与政府债务,政府部门预算管理概述,政府部门预算管理-政府部门预算管理概述规则包,基于《政府部门预算管理》中“政府部门预算管理概述”相关内容，固化审计对象在合规性、真实性、绩效性和责任链方面的风险，形成可复核的疑点、规则或指标输出。,项目台账；财务收支明细；合同与审批资料；支付凭证；审计发现清单；预算批复表；预算调整表；绩效目标表；绩效指标表；产出效果数据,按包内审计目标、风险假设和输出字段触发,政府部门预算管理概述规则编号、规则说明、触发条件、证据资料、处理建议,P1,ocr_55_books_deep,E:\2026\审计方法&政策文件\_ocr_output\预算\政府部门预算管理.pdf.md
RULEPKG-BUDV6D-022,audit_rule_pack,package_level_rule,BUDV6D-022,69,C,预算执行与财政管理 / 绩效评价 / 财政与政府债务,核心价值：预算和绩效管理一体化,全面实施预算绩效管理案例解读-核心价值：预算和绩效管理一体化规则包,基于《全面实施预算绩效管理案例解读》中“核心价值：预算和绩效管理一体化”相关内容，固化审计对象在合规性、真实性、绩效性和责任链方面的风险，形成可复核的疑点、规则或指标输出。,项目台账；财务收支明细；合同与审批资料；支付凭证；审计发现清单；预算批复表；预算调整表；绩效目标表；绩效指标表；产出效果数据,按包内审计目标、风险假设和输出字段触发,核心价值：预算和绩效管理一体化规则编号、规则说明、触发条件、证据资料、处理建议,P1,ocr_55_books_deep,E:\2026\审计方法&政策文件\_ocr_output\预算\全面实施预算绩效管理案例解读.pdf.md
RULEPKG-PERFV6D-094,audit_rule_pack,package_level_rule,PERFV6D-094,69,C,预算执行与财政管理 / 绩效评价 / 财政与政府债务,正确理解政府预算绩效管理改革,建立全过程预算绩效管理体系-正确理解政府预算绩效管理改革规则包,基于《建立全过程预算绩效管理体系》中“正确理解政府预算绩效管理改革”相关内容，固化审计对象在合规性、真实性、绩效性和责任链方面的风险，形成可复核的疑点、规则或指标输出。,项目台账；财务收支明细；合同与审批资料；支付凭证；审计发现清单；预算批复表；预算调整表；绩效目标表；绩效指标表；产出效果数据,按包内审计目标、风险假设和输出字段触发,正确理解政府预算绩效管理改革规则编号、规则说明、触发条件、证据资料、处理建议,P1,ocr_55_books_deep,E:\2026\审计方法&政策文件\_ocr_output\预算\建立全过程预算绩效管理体系.pdf.md
RULEPKG-PERFV6D-104,audit_rule_pack,package_level_rule,PERFV6D-104,69,C,预算执行与财政管理 / 绩效评价 / 财政与政府债务,绩效管理方法,部门预算绩效管理-绩效管理方法规则包,基于《部门预算绩效管理》中“绩效管理方法”相关内容，固化审计对象在合规性、真实性、绩效性和责任链方面的风险，形成可复核的疑点、规则或指标输出。,项目台账；财务收支明细；合同与审批资料；支付凭证；审计发现清单；预算批复表；预算调整表；绩效目标表；绩效指标表；产出效果数据,按包内审计目标、风险假设和输出字段触发,绩效管理方法规则编号、规则说明、触发条件、证据资料、处理建议,P1,ocr_55_books_deep,E:\2026\审计方法&政策文件\_ocr_output\预算\部门预算绩效管理.pdf.md
RULEPKG-BUDV6D-033,audit_rule_pack,package_level_rule,BUDV6D-033,69,C,预算执行与财政管理 / 绩效评价 / 财政与政府债务,运转类项目成本预算绩效分析的特点与方法,成本预算绩效分析方法与案例-运转类项目成本预算绩效分析的特点与方法规则包,基于《成本预算绩效分析方法与案例》中“运转类项目成本预算绩效分析的特点与方法”相关内容，固化审计对象在合规性、真实性、绩效性和责任链方面的风险，形成可复核的疑点、规则或指标输出。,项目台账；财务收支明细；合同与审批资料；支付凭证；审计发现清单；预算批复表；预算调整表；绩效目标表；绩效指标表；产出效果数据,按包内审计目标、风险假设和输出字段触发,运转类项目成本预算绩效分析的特点与方法规则编号、规则说明、触发条件、证据资料、处理建议,P1,ocr_55_books_deep,E:\2026\审计方法&政策文件\_ocr_output\预算\成本预算绩效分析方法与案例.pdf.md
RULEPKG-BUDV6D-046,audit_rule_pack,package_level_rule,BUDV6D-046,77,B,预算执行与财政管理 / 绩效评价 / 财政与政府债务,部门整体预算绩效评价的工具与方法,部门整体预算绩效评价研究-部门整体预算绩效评价的工具与方法规则包,基于《部门整体预算绩效评价研究》中“部门整体预算绩效评价的工具与方法”相关内容，固化审计对象在合规性、真实性、绩效性和责任链方面的风险，形成可复核的疑点、规则或指标输出。,项目台账；财务收支明细；合同与审批资料；支付凭证；审计发现清单；预算批复表；预算调整表；绩效目标表；绩效指标表；产出效果数据,按包内审计目标、风险假设和输出字段触发,部门整体预算绩效评价的工具与方法规则编号、规则说明、触发条件、证据资料、处理建议,P1,ocr_55_books_deep,E:\2026\审计方法&政策文件\_ocr_output\预算\部门整体预算绩效评价研究.pdf.md
RULEPKG-BUDV6D-058,audit_rule_pack,package_level_rule,BUDV6D-058,69,C,预算执行与财政管理 / 绩效评价 / 财政与政府债务,部门预算执行审计指南.pdf,部门预算执行审计指南-部门预算执行审计指南.pdf规则包,基于《部门预算执行审计指南》中“部门预算执行审计指南.pdf”相关内容，固化审计对象在合规性、真实性、绩效性和责任链方面的风险，形成可复核的疑点、规则或指标输出。,项目台账；财务收支明细；合同与审批资料；支付凭证；审计发现清单；预算批复表；预算调整表；绩效目标表；绩效指标表；产出效果数据,按包内审计目标、风险假设和输出字段触发,部门预算执行审计指南.pdf规则编号、规则说明、触发条件、证据资料、处理建议,P1,ocr_55_books_deep,E:\2026\审计方法&政策文件\_ocr_output\预算\部门预算执行审计指南.pdf.md
RULEPKG-PERFV6D-100,audit_rule_pack,package_level_rule,PERFV6D-100,69,C,预算执行与财政管理 / 绩效评价 / 财政与政府债务,部门预算绩效管理.pdf,部门预算绩效管理-部门预算绩效管理.pdf规则包,基于《部门预算绩效管理》中“部门预算绩效管理.pdf”相关内容，固化审计对象在合规性、真实性、绩效性和责任链方面的风险，形成可复核的疑点、规则或指标输出。,项目台账；财务收支明细；合同与审批资料；支付凭证；审计发现清单；预算批复表；预算调整表；绩效目标表；绩效指标表；产出效果数据,按包内审计目标、风险假设和输出字段触发,部门预算绩效管理.pdf规则编号、规则说明、触发条件、证据资料、处理建议,P1,ocr_55_books_deep,E:\2026\审计方法&政策文件\_ocr_output\预算\部门预算绩效管理.pdf.md
RULEPKG-BUDV6D-054,audit_rule_pack,package_level_rule,BUDV6D-054,69,C,预算执行与财政管理 / 绩效评价 / 财政与政府债务,部门预算编制和批复业务审计内容和方法,部门预算执行审计指南-部门预算编制和批复业务审计内容和方法规则包,基于《部门预算执行审计指南》中“部门预算编制和批复业务审计内容和方法”相关内容，固化审计对象在合规性、真实性、绩效性和责任链方面的风险，形成可复核的疑点、规则或指标输出。,项目台账；财务收支明细；合同与审批资料；支付凭证；审计发现清单；预算批复表；预算调整表；绩效目标表；绩效指标表；产出效果数据,按包内审计目标、风险假设和输出字段触发,部门预算编制和批复业务审计内容和方法规则编号、规则说明、触发条件、证据资料、处理建议,P1,ocr_55_books_deep,E:\2026\审计方法&政策文件\_ocr_output\预算\部门预算执行审计指南.pdf.md
RULEPKG-BUDV6D-026,audit_rule_pack,package_level_rule,BUDV6D-026,69,C,预算执行与财政管理 / 绩效评价 / 财政与政府债务,预算绩效目标管理003,全面实施预算绩效管理案例解读-预算绩效目标管理003规则包,基于《全面实施预算绩效管理案例解读》中“预算绩效目标管理003”相关内容，固化审计对象在合规性、真实性、绩效性和责任链方面的风险，形成可复核的疑点、规则或指标输出。,项目台账；财务收支明细；合同与审批资料；支付凭证；审计发现清单；预算批复表；预算调整表；绩效目标表；绩效指标表；产出效果数据,按包内审计目标、风险假设和输出字段触发,预算绩效目标管理003规则编号、规则说明、触发条件、证据资料、处理建议,P1,ocr_55_books_deep,E:\2026\审计方法&政策文件\_ocr_output\预算\全面实施预算绩效管理案例解读.pdf.md
RULEPKG-PERFV6D-091,audit_rule_pack,package_level_rule,PERFV6D-091,69,C,预算执行与财政管理 / 绩效评价 / 财政与政府债务,预算绩效管理信息系统与平台/297,全面实施预算绩效管理实践指导-预算绩效管理信息系统与平台/297规则包,基于《全面实施预算绩效管理实践指导》中“预算绩效管理信息系统与平台/297”相关内容，固化审计对象在合规性、真实性、绩效性和责任链方面的风险，形成可复核的疑点、规则或指标输出。,项目台账；财务收支明细；合同与审批资料；支付凭证；审计发现清单；预算批复表；预算调整表；绩效目标表；绩效指标表；产出效果数据,按包内审计目标、风险假设和输出字段触发,预算绩效管理信息系统与平台/297规则编号、规则说明、触发条件、证据资料、处理建议,P1,ocr_55_books_deep,E:\2026\审计方法&政策文件\_ocr_output\预算\全面实施预算绩效管理实践指导.pdf.md
RULEPKG-PERFV6D-087,audit_rule_pack,package_level_rule,PERFV6D-087,77,B,预算执行与财政管理 / 绩效评价 / 财政与政府债务,预算绩效管理指标与标准体系/218,全面实施预算绩效管理实践指导-预算绩效管理指标与标准体系/218规则包,基于《全面实施预算绩效管理实践指导》中“预算绩效管理指标与标准体系/218”相关内容，固化审计对象在合规性、真实性、绩效性和责任链方面的风险，形成可复核的疑点、规则或指标输出。,项目台账；财务收支明细；合同与审批资料；支付凭证；审计发现清单；预算批复表；预算调整表；绩效目标表；绩效指标表；产出效果数据,按包内审计目标、风险假设和输出字段触发,预算绩效管理指标与标准体系/218规则编号、规则说明、触发条件、证据资料、处理建议,P1,ocr_55_books_deep,E:\2026\审计方法&政策文件\_ocr_output\预算\全面实施预算绩效管理实践指导.pdf.md
RULEPKG-PERFV6D-108,audit_rule_pack,package_level_rule,PERFV6D-108,77,B,预算执行与财政管理 / 绩效评价 / 财政与政府债务,预算绩效评价成本一效益分析方法及应用,预算绩效评价方法与指标-预算绩效评价成本一效益分析方法及应用规则包,基于《预算绩效评价方法与指标》中“预算绩效评价成本一效益分析方法及应用”相关内容，固化审计对象在合规性、真实性、绩效性和责任链方面的风险，形成可复核的疑点、规则或指标输出。,项目台账；财务收支明细；合同与审批资料；支付凭证；审计发现清单；预算批复表；预算调整表；绩效目标表；绩效指标表；产出效果数据,按包内审计目标、风险假设和输出字段触发,预算绩效评价成本一效益分析方法及应用规则编号、规则说明、触发条件、证据资料、处理建议,P1,ocr_55_books_deep,E:\2026\审计方法&政策文件\_ocr_output\预算\预算绩效评价方法与指标.pdf.md
RULEPKG-BUDV6D-044,audit_rule_pack,package_level_rule,BUDV6D-044,69,C,预算执行与财政管理 / 绩效评价 / 财政与政府债务,预算编制科学性,政府部门预算管理-预算编制科学性规则包,基于《政府部门预算管理》中“预算编制科学性”相关内容，固化审计对象在合规性、真实性、绩效性和责任链方面的风险，形成可复核的疑点、规则或指标输出。,项目台账；财务收支明细；合同与审批资料；支付凭证；审计发现清单；预算批复表；预算调整表；绩效目标表；绩效指标表；产出效果数据,按包内审计目标、风险假设和输出字段触发,预算编制科学性规则编号、规则说明、触发条件、证据资料、处理建议,P1,ocr_55_books_deep,E:\2026\审计方法&政策文件\_ocr_output\预算\政府部门预算管理.pdf.md
RULEPKG-SUPVV6D-051,audit_rule_pack,package_level_rule,SUPVV6D-051,69,C,预算执行与财政管理 / 财政与政府债务 / 监督检查与经费舞弊,1.4建立和实施内部控制是落实党风廉政建设主体责任和监,财政监督检查实务操作指南-1.4建立和实施内部控制是落实党风廉政建设主体责任和监规则包,基于《财政监督检查实务操作指南》中“1.4建立和实施内部控制是落实党风廉政建设主体责任和监”相关内容，固化审计对象在合规性、真实性、绩效性和责任链方面的风险，形成可复核的疑点、规则或指标输出。,项目台账；财务收支明细；合同与审批资料；支付凭证；审计发现清单；预算批复表；预算调整表；绩效目标表；绩效指标表；产出效果数据,按包内审计目标、风险假设和输出字段触发,1.4建立和实施内部控制是落实党风廉政建设主体责任和监规则编号、规则说明、触发条件、证据资料、处理建议,P1,ocr_55_books_deep,E:\2026\审计方法&政策文件\_ocr_output\通用\财政监督检查实务操作指南.pdf.md
RULEPKG-SUPVV6D-055,audit_rule_pack,package_level_rule,SUPVV6D-055,69,C,预算执行与财政管理 / 财政与政府债务 / 监督检查与经费舞弊,内控缺陷矩阵,财政监督检查实务操作指南-内控缺陷矩阵规则包,基于《财政监督检查实务操作指南》中“内控缺陷矩阵”相关内容，固化审计对象在合规性、真实性、绩效性和责任链方面的风险，形成可复核的疑点、规则或指标输出。,项目台账；财务收支明细；合同与审批资料；支付凭证；审计发现清单；预算批复表；预算调整表；绩效目标表；绩效指标表；产出效果数据,按包内审计目标、风险假设和输出字段触发,内控缺陷矩阵规则编号、规则说明、触发条件、证据资料、处理建议,P1,ocr_55_books_deep,E:\2026\审计方法&政策文件\_ocr_output\通用\财政监督检查实务操作指南.pdf.md
RULEPKG-BUDV6D-014,audit_rule_pack,package_level_rule,BUDV6D-014,69,C,预算执行与财政管理 / 财政与政府债务 / 监督检查与经费舞弊,加大绩效审计力度，促进优化财政支出结构·….…·,财政审计读本-加大绩效审计力度，促进优化财政支出结构·….…·规则包,基于《财政审计读本》中“加大绩效审计力度，促进优化财政支出结构·….…·”相关内容，固化审计对象在合规性、真实性、绩效性和责任链方面的风险，形成可复核的疑点、规则或指标输出。,项目台账；财务收支明细；合同与审批资料；支付凭证；审计发现清单；预算批复表；预算调整表；绩效目标表；绩效指标表；产出效果数据,按包内审计目标、风险假设和输出字段触发,加大绩效审计力度，促进优化财政支出结构·….…·规则编号、规则说明、触发条件、证据资料、处理建议,P1,ocr_55_books_deep,E:\2026\审计方法&政策文件\_ocr_output\通用\财政审计读本.pdf.md
RULEPKG-BUDV6D-006,audit_rule_pack,package_level_rule,BUDV6D-006,69,C,预算执行与财政管理 / 财政与政府债务 / 监督检查与经费舞弊,财政审计项目的实施程序,财政审计-财政审计项目的实施程序规则包,基于《财政审计》中“财政审计项目的实施程序”相关内容，固化审计对象在合规性、真实性、绩效性和责任链方面的风险，形成可复核的疑点、规则或指标输出。,项目台账；财务收支明细；合同与审批资料；支付凭证；审计发现清单；预算批复表；预算调整表；绩效目标表,按包内审计目标、风险假设和输出字段触发,财政审计项目的实施程序规则编号、规则说明、触发条件、证据资料、处理建议,P1,ocr_55_books_deep,E:\2026\审计方法&政策文件\_ocr_output\通用\财政审计.pdf.md
RULEPKG-BUDV6D-010,audit_rule_pack,package_level_rule,BUDV6D-010,69,C,预算执行与财政管理 / 财政与政府债务 / 监督检查与经费舞弊,财政部门具体组织预算执行和决算草案审计,财政审计读本-财政部门具体组织预算执行和决算草案审计规则包,基于《财政审计读本》中“财政部门具体组织预算执行和决算草案审计”相关内容，固化审计对象在合规性、真实性、绩效性和责任链方面的风险，形成可复核的疑点、规则或指标输出。,项目台账；财务收支明细；合同与审批资料；支付凭证；审计发现清单；预算批复表；预算调整表；绩效目标表,按包内审计目标、风险假设和输出字段触发,财政部门具体组织预算执行和决算草案审计规则编号、规则说明、触发条件、证据资料、处理建议,P1,ocr_55_books_deep,E:\2026\审计方法&政策文件\_ocr_output\通用\财政审计读本.pdf.md
RULEPKG-SUPVV6D-030,audit_rule_pack,package_level_rule,SUPVV6D-030,69,C,预算执行与财政管理 / 财政与政府债务 / 监督检查与经费舞弊,财政部门预算批复情况审计,政府审计理论与实务-财政部门预算批复情况审计规则包,基于《政府审计理论与实务》中“财政部门预算批复情况审计”相关内容，固化审计对象在合规性、真实性、绩效性和责任链方面的风险，形成可复核的疑点、规则或指标输出。,项目台账；财务收支明细；合同与审批资料；支付凭证；审计发现清单；预算批复表；预算调整表；绩效目标表；绩效指标表；产出效果数据,按包内审计目标、风险假设和输出字段触发,财政部门预算批复情况审计规则编号、规则说明、触发条件、证据资料、处理建议,P1,ocr_55_books_deep,E:\2026\审计方法&政策文件\_ocr_output\通用\政府审计理论与实务.pdf.md
RULEPKG-BUDV6D-002,audit_rule_pack,package_level_rule,BUDV6D-002,69,C,预算执行与财政管理 / 财政与政府债务 / 监督检查与经费舞弊,预算分配管理及其审计目标,财政审计-预算分配管理及其审计目标规则包,基于《财政审计》中“预算分配管理及其审计目标”相关内容，固化审计对象在合规性、真实性、绩效性和责任链方面的风险，形成可复核的疑点、规则或指标输出。,项目台账；财务收支明细；合同与审批资料；支付凭证；审计发现清单；预算批复表；预算调整表；绩效目标表,按包内审计目标、风险假设和输出字段触发,预算分配管理及其审计目标规则编号、规则说明、触发条件、证据资料、处理建议,P1,ocr_55_books_deep,E:\2026\审计方法&政策文件\_ocr_output\通用\财政审计.pdf.md
RULEPKG-MAGBUD-0013,audit_rule_pack,package_level_rule,MAGBUD-0013,68,C,预算执行与财政管理 / 财政与政府债务 / 绩效评价,008成本预算绩效分析中的成本标准核定方法分析,008成本预算绩效分析中的成本标准核定方法分析案例规则包,基于杂志案例《008成本预算绩效分析中的成本标准核定方法分析》提炼“008成本预算绩效分析中的成本标准核定方法分析”审计算法/规则，用于复用审计经验、生成疑点线索和核查程序。,文章案例文本；审计事项清单；问题线索台账；审计证据资料；预算指标表；财政支出明细；项目资金台账；绩效目标表；绩效评价指标；产出效果数据,按包内审计目标、风险假设和输出字段触发,008成本预算绩效分析中的成本标准核定方法分析规则编号、触发条件、适用场景、证据资料、处理建议,P1,magazine_435_articles,D:\openclaw-workspace\knowledge\11-杂志文献\财政监督\008成本预算绩效分析中的成本标准核定方法分析.md
RULEPKG-MAGBUD-0024,audit_rule_pack,package_level_rule,MAGBUD-0024,79,B,预算执行与财政管理 / 财政与政府债务 / 绩效评价,019浅析科学事业单位基本建设经费管理,019浅析科学事业单位基本建设经费管理案例规则包,基于杂志案例《019浅析科学事业单位基本建设经费管理》提炼“019浅析科学事业单位基本建设经费管理”审计算法/规则，用于复用审计经验、生成疑点线索和核查程序。,文章案例文本；审计事项清单；问题线索台账；审计证据资料；预算指标表；财政支出明细；项目资金台账；绩效目标表；绩效评价指标；产出效果数据,按包内审计目标、风险假设和输出字段触发,019浅析科学事业单位基本建设经费管理规则编号、触发条件、适用场景、证据资料、处理建议,P1,magazine_435_articles,D:\openclaw-workspace\knowledge\11-杂志文献\财政监督\019浅析科学事业单位基本建设经费管理.md
RULEPKG-MAGBUD-0001,audit_rule_pack,package_level_rule,MAGBUD-0001,71,B,预算执行与财政管理 / 财政与政府债务 / 绩效评价,印发《支持学前教育发展资金管理办法》的通知（正文扫描不完整）,印发《支持学前教育发展资金管理办法》的通知（正文扫描不完整）案例规则包,基于杂志案例《关于印发《支持学前教育发展资金管理办法》的通知（正文扫描不完整）》提炼“印发《支持学前教育发展资金管理办法》的通知（正文扫描不完整）”审计算法/规则，用于复用审计经验、生成疑点线索和核查程序。,文章案例文本；审计事项清单；问题线索台账；审计证据资料；预算指标表；财政支出明细；项目资金台账；绩效目标表；绩效评价指标；产出效果数据,按包内审计目标、风险假设和输出字段触发,印发《支持学前教育发展资金管理办法》的通知（正文扫描不完整）规则编号、触发条件、适用场景、证据资料、处理建议,P1,magazine_435_articles,D:\openclaw-workspace\knowledge\11-杂志文献\四川注册会计师\005.关于印发《支持学前教育发展资金管理办法》的通知（正文扫描不完整）.md
RULEPKG-MAGBUD-0031,audit_rule_pack,package_level_rule,MAGBUD-0031,62,C,预算执行与财政管理 / 财政与政府债务 / 绩效评价,建立财会监督长效机制需要坚定对制度的信念,建立财会监督长效机制需要坚定对制度的信念案例规则包,基于杂志案例《建立财会监督长效机制需要坚定对制度的信念》提炼“建立财会监督长效机制需要坚定对制度的信念”审计算法/规则，用于复用审计经验、生成疑点线索和核查程序。,文章案例文本；审计事项清单；问题线索台账；审计证据资料；预算指标表；财政支出明细；项目资金台账；绩效目标表；绩效评价指标；产出效果数据,按包内审计目标、风险假设和输出字段触发,建立财会监督长效机制需要坚定对制度的信念规则编号、触发条件、适用场景、证据资料、处理建议,P1,magazine_435_articles,D:\openclaw-workspace\knowledge\11-杂志文献\财政监督\1.建立财会监督长效机制需要坚定对制度的信念.md
RULEPKG-SOEV6D-012,control_pack,package_level_rule,SOEV6D-012,66,C,全场景通用 / 监督检查与经费舞弊 / 绩效评价,与现代审计理论相关的案例,审计专题教学案例精选-与现代审计理论相关的案例内控核查包,基于《审计专题教学案例精选》中“与现代审计理论相关的案例”相关内容，核查审计对象在合规性、真实性、绩效性和责任链方面的风险，形成可复核的疑点、规则或指标输出。,项目台账；财务收支明细；合同与审批资料；支付凭证；审计发现清单,按包内审计目标、风险假设和输出字段触发,与现代审计理论相关的案例控制点、缺陷类型、责任环节、整改任务、复核状态,P1,ocr_55_books_deep,E:\2026\审计方法&政策文件\_ocr_output\通用\审计专题教学案例精选.pdf.md
RULEPKG-FINV6D-005,control_pack,package_level_rule,FINV6D-005,69,C,全场景通用 / 监督检查与经费舞弊 / 绩效评价,本教材的审计案例突显审计专业理论教学中的知识点。审计实例,审计案例-本教材的审计案例突显审计专业理论教学中的知识点。审计实例内控核查包,基于《审计案例》中“本教材的审计案例突显审计专业理论教学中的知识点。审计实例”相关内容，核查审计对象在合规性、真实性、绩效性和责任链方面的风险，形成可复核的疑点、规则或指标输出。,项目台账；财务收支明细；合同与审批资料；支付凭证；审计发现清单；采购公告；投标文件；供应商信息；中标合同；农户信息,按包内审计目标、风险假设和输出字段触发,本教材的审计案例突显审计专业理论教学中的知识点。审计实例控制点、缺陷类型、责任环节、整改任务、复核状态,P1,ocr_55_books_deep,E:\2026\审计方法&政策文件\_ocr_output\通用\审计案例.pdf.md
RULEPKG-PERFV6D-082,control_pack,package_level_rule,PERFV6D-082,69,C,全场景通用 / 监督检查与经费舞弊 / 绩效评价,高级审计技术方法概论,高级审计技术方法-高级审计技术方法概论内控核查包,基于《高级审计技术方法》中“高级审计技术方法概论”相关内容，核查审计对象在合规性、真实性、绩效性和责任链方面的风险，形成可复核的疑点、规则或指标输出。,项目台账；财务收支明细；合同与审批资料；支付凭证；审计发现清单；绩效指标表；产出效果数据；满意度问卷；采购公告；投标文件,按包内审计目标、风险假设和输出字段触发,高级审计技术方法概论控制点、缺陷类型、责任环节、整改任务、复核状态,P1,ocr_55_books_deep,E:\2026\审计方法&政策文件\_ocr_output\通用\高级审计技术方法.pdf.md
RULEPKG-SOEV6D-005,control_pack,package_level_rule,SOEV6D-005,69,C,全场景通用 / 监督检查与经费舞弊 / 预算执行与财政管理,审计证据链抽取,内部审计工作法-审计证据链抽取内控核查包,基于《内部审计工作法》中“审计证据链抽取”相关内容，核查审计对象在合规性、真实性、绩效性和责任链方面的风险，形成可复核的疑点、规则或指标输出。,项目台账；财务收支明细；合同与审批资料；支付凭证；审计发现清单；绩效指标表；产出效果数据；满意度问卷；工程量清单；结算书,按包内审计目标、风险假设和输出字段触发,审计证据链抽取控制点、缺陷类型、责任环节、整改任务、复核状态,P1,ocr_55_books_deep,E:\2026\审计方法&政策文件\_ocr_output\通用\内部审计工作法.pdf.md
RULEPKG-PERFV6D-052,control_pack,package_level_rule,PERFV6D-052,69,C,全场景通用 / 监督检查与经费舞弊 / 预算执行与财政管理,审计证据链抽取,内部审计思维与沟通-审计证据链抽取内控核查包,基于《内部审计思维与沟通》中“审计证据链抽取”相关内容，核查审计对象在合规性、真实性、绩效性和责任链方面的风险，形成可复核的疑点、规则或指标输出。,项目台账；财务收支明细；合同与审批资料；支付凭证；审计发现清单；绩效指标表；产出效果数据；满意度问卷,按包内审计目标、风险假设和输出字段触发,审计证据链抽取控制点、缺陷类型、责任环节、整改任务、复核状态,P1,ocr_55_books_deep,E:\2026\审计方法&政策文件\_ocr_output\通用\内部审计思维与沟通.pdf.md
RULEPKG-ECONV6D-043,control_pack,package_level_rule,ECONV6D-043,69,C,全场景通用 / 监督检查与经费舞弊 / 预算执行与财政管理,数据质量检查,基层审计业务操作规程-数据质量检查内控核查包,基于《基层审计业务操作规程》中“数据质量检查”相关内容，核查审计对象在合规性、真实性、绩效性和责任链方面的风险，形成可复核的疑点、规则或指标输出。,项目台账；财务收支明细；合同与审批资料；支付凭证；审计发现清单；预算批复表；预算调整表；绩效目标表；会议纪要；三重一大事项,按包内审计目标、风险假设和输出字段触发,数据质量检查控制点、缺陷类型、责任环节、整改任务、复核状态,P1,ocr_55_books_deep,E:\2026\审计方法&政策文件\_ocr_output\通用\基层审计业务操作规程.pdf.md
RULEPKG-MAGAGR-0001,control_pack,package_level_rule,MAGAGR-0001,71,B,农业农村审计 / 金融审计 / 财政与政府债务,四川省财政厅四川省人力资源和社会保障厅关于印发《四川省会计高级职称申报评,四川省财政厅四川省人力资源和社会保障厅关于印发《四川省会计高级职称申报评内控核查包,基于杂志案例《四川省财政厅四川省人力资源和社会保障厅关于印发《四川省会计高级职称申报评审基本条件》的通知》提炼“四川省财政厅四川省人力资源和社会保障厅关于印发《四川省会计高级职称申报评”审计算法/规则，用于复用审计经验、生成疑点线索和核查程序。,文章案例文本；审计事项清单；问题线索台账；审计证据资料；预算指标表；财政支出明细；项目资金台账；内控制度；会计凭证；工作底稿,按包内审计目标、风险假设和输出字段触发,四川省财政厅四川省人力资源和社会保障厅关于印发《四川省会计高级职称申报评控制点、缺陷类型、责任环节、整改建议、复核状态,P1,magazine_435_articles,D:\openclaw-workspace\knowledge\11-杂志文献\四川注册会计师\002.四川省财政厅四川省人力资源和社会保障厅关于印发《四川省会计高级职称申报评审基本条件》的通知.md
RULEPKG-ENGV6D-013,control_pack,package_level_rule,ENGV6D-013,69,C,工程与投资审计 / 招投标与政府采购 / 财政与政府债务,工程量真实性,工程项目利润创造与造价风险控制-工程量真实性内控核查包,基于《工程项目利润创造与造价风险控制》中“工程量真实性”相关内容，核查审计对象在合规性、真实性、绩效性和责任链方面的风险，形成可复核的疑点、规则或指标输出。,项目台账；财务收支明细；合同与审批资料；支付凭证；审计发现清单；绩效指标表；产出效果数据；满意度问卷；工程量清单；结算书,按包内审计目标、风险假设和输出字段触发,工程量真实性控制点、缺陷类型、责任环节、整改任务、复核状态,P1,ocr_55_books_deep,E:\2026\审计方法&政策文件\_ocr_output\工程\工程项目利润创造与造价风险控制.pdf.md
RULEPKG-ENGV6D-005,control_pack,package_level_rule,ENGV6D-005,69,C,工程与投资审计 / 招投标与政府采购 / 财政与政府债务,签证变更异常,工程总承包政策精要-签证变更异常内控核查包,基于《工程总承包政策精要》中“签证变更异常”相关内容，核查审计对象在合规性、真实性、绩效性和责任链方面的风险，形成可复核的疑点、规则或指标输出。,项目台账；财务收支明细；合同与审批资料；支付凭证；审计发现清单；工程量清单；结算书；签证变更；竣工资料；采购公告,按包内审计目标、风险假设和输出字段触发,签证变更异常控制点、缺陷类型、责任环节、整改任务、复核状态,P1,ocr_55_books_deep,E:\2026\审计方法&政策文件\_ocr_output\工程\工程总承包政策精要.pdf.md
RULEPKG-MAGSOC-0019,control_pack,package_level_rule,MAGSOC-0019,79,B,民生与社保医保 / 预算执行与财政管理 / 招投标与政府采购,017医疗保障经办机构内控制度建设的实践困境与路径优化,017医疗保障经办机构内控制度建设的实践困境与路径优化内控核查包,基于杂志案例《017医疗保障经办机构内控制度建设的实践困境与路径优化》提炼“017医疗保障经办机构内控制度建设的实践困境与路径优化”审计算法/规则，用于复用审计经验、生成疑点线索和核查程序。,文章案例文本；审计事项清单；问题线索台账；审计证据资料；预算指标表；财政支出明细；项目资金台账；内控制度；会计凭证；工作底稿,按包内审计目标、风险假设和输出字段触发,017医疗保障经办机构内控制度建设的实践困境与路径优化控制点、缺陷类型、责任环节、整改建议、复核状态,P1,magazine_435_articles,D:\openclaw-workspace\knowledge\11-杂志文献\财政监督\017医疗保障经办机构内控制度建设的实践困境与路径优化.md
RULEPKG-MAGSOC-0001,control_pack,package_level_rule,MAGSOC-0001,79,B,民生与社保医保 / 预算执行与财政管理 / 招投标与政府采购,印发《关于进一步加强科学事业单位内部控制建设的指导意见》的通知,印发《关于进一步加强科学事业单位内部控制建设的指导意见》的通知内控核查包,基于杂志案例《关于印发《关于进一步加强科学事业单位内部控制建设的指导意见》的通知》提炼“印发《关于进一步加强科学事业单位内部控制建设的指导意见》的通知”审计算法/规则，用于复用审计经验、生成疑点线索和核查程序。,文章案例文本；审计事项清单；问题线索台账；审计证据资料；预算指标表；财政支出明细；项目资金台账；采购公告；投标文件；供应商信息,按包内审计目标、风险假设和输出字段触发,印发《关于进一步加强科学事业单位内部控制建设的指导意见》的通知控制点、缺陷类型、责任环节、整改建议、复核状态,P1,magazine_435_articles,D:\openclaw-workspace\knowledge\11-杂志文献\四川注册会计师\002.关于印发《关于进一步加强科学事业单位 内部控制建设的指导意见》的通知.md
RULEPKG-MAGSUPV-0001,control_pack,package_level_rule,MAGSUPV-0001,74,B,监督检查与经费舞弊 / 全场景通用 / 金融审计,中国注册会计师协会关于做好上市公司2025年年报审计工作的通知,中国注册会计师协会关于做好上市公司2025年年报审计工作的通知内控核查包,基于杂志案例《中国注册会计师协会关于做好上市公司2025年年报审计工作的通知》提炼“中国注册会计师协会关于做好上市公司2025年年报审计工作的通知”审计算法/规则，用于复用审计经验、生成疑点线索和核查程序。,文章案例文本；审计事项清单；问题线索台账；审计证据资料；内控制度；会计凭证；工作底稿；整改台账；合同流水；授信审批,按包内审计目标、风险假设和输出字段触发,中国注册会计师协会关于做好上市公司2025年年报审计工作的通知控制点、缺陷类型、责任环节、整改建议、复核状态,P1,magazine_435_articles,D:\openclaw-workspace\knowledge\11-杂志文献\中国注册会计师\002.中国注册会计师协会关于做好上市公司2025年年报审计工作的通知.md
RULEPKG-MAGSUPV-0002,control_pack,package_level_rule,MAGSUPV-0002,93,A,监督检查与经费舞弊 / 全场景通用 / 金融审计,中国注册会计师协会关于印发《企业内部控制审计指引实施意见》的通知,中国注册会计师协会关于印发《企业内部控制审计指引实施意见》的通知内控核查包,基于杂志案例《中国注册会计师协会关于印发《企业内部控制审计指引实施意见》的通知》提炼“中国注册会计师协会关于印发《企业内部控制审计指引实施意见》的通知”审计算法/规则，用于复用审计经验、生成疑点线索和核查程序。,文章案例文本；审计事项清单；问题线索台账；审计证据资料；内控制度；会计凭证；工作底稿；整改台账；合同流水；授信审批,按包内审计目标、风险假设和输出字段触发,中国注册会计师协会关于印发《企业内部控制审计指引实施意见》的通知控制点、缺陷类型、责任环节、整改建议、复核状态,P0,magazine_435_articles,D:\openclaw-workspace\knowledge\11-杂志文献\中国注册会计师\002.中国注册会计师协会关于印发《企业内部控制审计指引实施意见》的通知.md
RULEPKG-MAGSUPV-0003,control_pack,package_level_rule,MAGSUPV-0003,59,C,监督检查与经费舞弊 / 全场景通用 / 金融审计,中国注册会计师协会关于印发《会计师事务所透明度报告披露指引(试行)》的通,中国注册会计师协会关于印发《会计师事务所透明度报告披露指引(试行)》的通内控核查包,基于杂志案例《中国注册会计师协会关于印发《会计师事务所透明度报告披露指引(试行)》的通知》提炼“中国注册会计师协会关于印发《会计师事务所透明度报告披露指引(试行)》的通”审计算法/规则，用于复用审计经验、生成疑点线索和核查程序。,文章案例文本；审计事项清单；问题线索台账；审计证据资料；内控制度；会计凭证；工作底稿；整改台账；合同流水；授信审批,按包内审计目标、风险假设和输出字段触发,中国注册会计师协会关于印发《会计师事务所透明度报告披露指引(试行)》的通控制点、缺陷类型、责任环节、整改建议、复核状态,P1,magazine_435_articles,D:\openclaw-workspace\knowledge\11-杂志文献\中国注册会计师\003.中国注册会计师协会关于印发《会计师事务所透明度报告披露指引(试行)》的通知.md
RULEPKG-MAGSUPV-0019,control_pack,package_level_rule,MAGSUPV-0019,59,C,监督检查与经费舞弊 / 全场景通用 / 金融审计,中注协提示会计师事务所在2025年年报审计业务中严格遵守独立性要求,中注协提示会计师事务所在2025年年报审计业务中严格遵守独立性要求内控核查包,基于杂志案例《中注协提示会计师事务所在2025年年报审计业务中严格遵守独立性要求》提炼“中注协提示会计师事务所在2025年年报审计业务中严格遵守独立性要求”审计算法/规则，用于复用审计经验、生成疑点线索和核查程序。,文章案例文本；审计事项清单；问题线索台账；审计证据资料；内控制度；会计凭证；工作底稿；整改台账；合同流水；授信审批,按包内审计目标、风险假设和输出字段触发,中注协提示会计师事务所在2025年年报审计业务中严格遵守独立性要求控制点、缺陷类型、责任环节、整改建议、复核状态,P1,magazine_435_articles,D:\openclaw-workspace\knowledge\11-杂志文献\四川注册会计师\011.中注协提示会计师事务所在2025年年报审计业务中严格遵守独立性要求.md
RULEPKG-MAGSUPV-0006,control_pack,package_level_rule,MAGSUPV-0006,71,B,监督检查与经费舞弊 / 全场景通用 / 金融审计,中注协有关负责人就印发《可持续信息鉴证业务准则第6101号一—基本准则,中注协有关负责人就印发《可持续信息鉴证业务准则第6101号一—基本准则内控核查包,基于杂志案例《中注协有关负责人就印发《可持续信息鉴证业务准则第6101号一—基本准则(试行)》答记者问》提炼“中注协有关负责人就印发《可持续信息鉴证业务准则第6101号一—基本准则”审计算法/规则，用于复用审计经验、生成疑点线索和核查程序。,文章案例文本；审计事项清单；问题线索台账；审计证据资料；内控制度；会计凭证；工作底稿；整改台账；合同流水；授信审批,按包内审计目标、风险假设和输出字段触发,中注协有关负责人就印发《可持续信息鉴证业务准则第6101号一—基本准则控制点、缺陷类型、责任环节、整改建议、复核状态,P1,magazine_435_articles,D:\openclaw-workspace\knowledge\11-杂志文献\四川注册会计师\001.中注协有关负责人就印发《可持续信息鉴证 业务准则第6101号一—基本准则(试行)》 答记者问.md
RULEPKG-MAGSUPV-0094,control_pack,package_level_rule,MAGSUPV-0094,74,B,监督检查与经费舞弊 / 全场景通用 / 金融审计,从《注册会计师法修订草案(征求意见稿)》看财会监督变化,从《注册会计师法修订草案(征求意见稿)》看财会监督变化内控核查包,基于杂志案例《从《注册会计师法修订草案(征求意见稿)》看财会监督变化》提炼“从《注册会计师法修订草案(征求意见稿)》看财会监督变化”审计算法/规则，用于复用审计经验、生成疑点线索和核查程序。,文章案例文本；审计事项清单；问题线索台账；审计证据资料；内控制度；会计凭证；工作底稿；整改台账；合同流水；授信审批,按包内审计目标、风险假设和输出字段触发,从《注册会计师法修订草案(征求意见稿)》看财会监督变化控制点、缺陷类型、责任环节、整改建议、复核状态,P1,magazine_435_articles,D:\openclaw-workspace\knowledge\11-杂志文献\财政监督\13.从《注册会计师法修订草案(征求意见稿)》 看财会监督变化.md
RULEPKG-MAGSUPV-0014,control_pack,package_level_rule,MAGSUPV-0014,74,B,监督检查与经费舞弊 / 全场景通用 / 金融审计,从标准出发：会计师事务所基础性标准体系建设的意义和关注点,从标准出发：会计师事务所基础性标准体系建设的意义和关注点内控核查包,基于杂志案例《从标准出发：会计师事务所基础性标准体系建设的意义和关注点》提炼“从标准出发：会计师事务所基础性标准体系建设的意义和关注点”审计算法/规则，用于复用审计经验、生成疑点线索和核查程序。,文章案例文本；审计事项清单；问题线索台账；审计证据资料；内控制度；会计凭证；工作底稿；整改台账；合同流水；授信审批,按包内审计目标、风险假设和输出字段触发,从标准出发：会计师事务所基础性标准体系建设的意义和关注点控制点、缺陷类型、责任环节、整改建议、复核状态,P1,magazine_435_articles,D:\openclaw-workspace\knowledge\11-杂志文献\四川注册会计师\008.从标准出发：会计师事务所基础性 标准体系建设的意义和关注点.md
RULEPKG-MAGSUPV-0032,control_pack,package_level_rule,MAGSUPV-0032,58,C,监督检查与经费舞弊 / 全场景通用 / 金融审计,以案为鉴知敬畏警钟长鸣筑防线,以案为鉴知敬畏警钟长鸣筑防线内控核查包,基于杂志案例《以案为鉴知敬畏警钟长鸣筑防线》提炼“以案为鉴知敬畏警钟长鸣筑防线”审计算法/规则，用于复用审计经验、生成疑点线索和核查程序。,文章案例文本；审计事项清单；问题线索台账；审计证据资料；内控制度；会计凭证；工作底稿；整改台账；合同流水；授信审批,按包内审计目标、风险假设和输出字段触发,以案为鉴知敬畏警钟长鸣筑防线控制点、缺陷类型、责任环节、整改建议、复核状态,P1,magazine_435_articles,D:\openclaw-workspace\knowledge\11-杂志文献\四川注册会计师\015.以案为鉴知敬畏警钟长鸣筑防线.md
RULEPKG-MAGSUPV-0113,control_pack,package_level_rule,MAGSUPV-0113,74,B,监督检查与经费舞弊 / 全场景通用 / 金融审计,健全现代预算制度助力经济高质量发展,健全现代预算制度助力经济高质量发展内控核查包,基于杂志案例《健全现代预算制度助力经济高质量发展》提炼“健全现代预算制度助力经济高质量发展”审计算法/规则，用于复用审计经验、生成疑点线索和核查程序。,文章案例文本；审计事项清单；问题线索台账；审计证据资料；预算指标表；财政支出明细；项目资金台账；内控制度；会计凭证；工作底稿,按包内审计目标、风险假设和输出字段触发,健全现代预算制度助力经济高质量发展控制点、缺陷类型、责任环节、整改建议、复核状态,P1,magazine_435_articles,D:\openclaw-workspace\knowledge\11-杂志文献\财政监督\3.健全现代预算制度助力经济高质量发展.md
RULEPKG-MAGSUPV-0042,control_pack,package_level_rule,MAGSUPV-0042,59,C,监督检查与经费舞弊 / 全场景通用 / 金融审计,党建引领聚合力校企共建促发展,党建引领聚合力校企共建促发展内控核查包#0042,基于杂志案例《党建引领聚合力校企共建促发展》提炼“党建引领聚合力校企共建促发展”审计算法/规则，用于复用审计经验、生成疑点线索和核查程序。,文章案例文本；审计事项清单；问题线索台账；审计证据资料；内控制度；会计凭证；工作底稿；整改台账；合同流水；授信审批,按包内审计目标、风险假设和输出字段触发,党建引领聚合力校企共建促发展控制点、缺陷类型、责任环节、整改建议、复核状态,P1,magazine_435_articles,D:\openclaw-workspace\knowledge\11-杂志文献\四川注册会计师\019.党建引领聚合力校企共建促发展.md
RULEPKG-MAGSUPV-0038,control_pack,package_level_rule,MAGSUPV-0038,58,C,监督检查与经费舞弊 / 全场景通用 / 金融审计,党建引领聚合力校企共建促发展,党建引领聚合力校企共建促发展内控核查包,基于杂志案例《党建引领聚合力校企共建促发展》提炼“党建引领聚合力校企共建促发展”审计算法/规则，用于复用审计经验、生成疑点线索和核查程序。,文章案例文本；审计事项清单；问题线索台账；审计证据资料；内控制度；会计凭证；工作底稿；整改台账；合同流水；授信审批,按包内审计目标、风险假设和输出字段触发,党建引领聚合力校企共建促发展控制点、缺陷类型、责任环节、整改建议、复核状态,P1,magazine_435_articles,D:\openclaw-workspace\knowledge\11-杂志文献\四川注册会计师\018.党建引领聚合力校企共建促发展.md
RULEPKG-MAGSUPV-0114,control_pack,package_level_rule,MAGSUPV-0114,79,B,监督检查与经费舞弊 / 全场景通用 / 金融审计,共同富裕背景下完善分配制度的财会监督体系优化研究,共同富裕背景下完善分配制度的财会监督体系优化研究内控核查包,基于杂志案例《共同富裕背景下完善分配制度的财会监督体系优化研究》提炼“共同富裕背景下完善分配制度的财会监督体系优化研究”审计算法/规则，用于复用审计经验、生成疑点线索和核查程序。,文章案例文本；审计事项清单；问题线索台账；审计证据资料；内控制度；会计凭证；工作底稿；整改台账；合同流水；授信审批,按包内审计目标、风险假设和输出字段触发,共同富裕背景下完善分配制度的财会监督体系优化研究控制点、缺陷类型、责任环节、整改建议、复核状态,P1,magazine_435_articles,D:\openclaw-workspace\knowledge\11-杂志文献\财政监督\3.共同富裕背景下完善分配制度的财会监督体系优化研究.md
RULEPKG-MAGSUPV-0060,control_pack,package_level_rule,MAGSUPV-0060,55,C,监督检查与经费舞弊 / 全场景通用 / 金融审计,凝心聚力向未来协作共赢谱新篇,凝心聚力向未来协作共赢谱新篇内控核查包,基于杂志案例《凝心聚力向未来协作共赢谱新篇》提炼“凝心聚力向未来协作共赢谱新篇”审计算法/规则，用于复用审计经验、生成疑点线索和核查程序。,文章案例文本；审计事项清单；问题线索台账；审计证据资料；内控制度；会计凭证；工作底稿；整改台账；合同流水；授信审批,按包内审计目标、风险假设和输出字段触发,凝心聚力向未来协作共赢谱新篇控制点、缺陷类型、责任环节、整改建议、复核状态,P1,magazine_435_articles,D:\openclaw-workspace\knowledge\11-杂志文献\四川注册会计师\024.凝心聚力向未来协作共赢谱新篇.md
RULEPKG-MAGSUPV-0009,control_pack,package_level_rule,MAGSUPV-0009,71,B,监督检查与经费舞弊 / 全场景通用 / 金融审计,四川省人民政府办公厅关于进一步促进服务业创新突破的实施意见,四川省人民政府办公厅关于进一步促进服务业创新突破的实施意见内控核查包,基于杂志案例《四川省人民政府办公厅关于进一步促进服务业创新突破的实施意见》提炼“四川省人民政府办公厅关于进一步促进服务业创新突破的实施意见”审计算法/规则，用于复用审计经验、生成疑点线索和核查程序。,文章案例文本；审计事项清单；问题线索台账；审计证据资料；内控制度；会计凭证；工作底稿；整改台账；合同流水；授信审批,按包内审计目标、风险假设和输出字段触发,四川省人民政府办公厅关于进一步促进服务业创新突破的实施意见控制点、缺陷类型、责任环节、整改建议、复核状态,P1,magazine_435_articles,D:\openclaw-workspace\knowledge\11-杂志文献\四川注册会计师\003.四川省人民政府办公厅关于进一步促进服务业创新突破的实施意见.md
RULEPKG-MAGSUPV-0037,control_pack,package_level_rule,MAGSUPV-0037,55,C,监督检查与经费舞弊 / 全场景通用 / 金融审计,四川省注册会计师行业组织观看阅兵仪式集锦,四川省注册会计师行业组织观看阅兵仪式集锦内控核查包,基于杂志案例《四川省注册会计师行业组织观看阅兵仪式集锦》提炼“四川省注册会计师行业组织观看阅兵仪式集锦”审计算法/规则，用于复用审计经验、生成疑点线索和核查程序。,文章案例文本；审计事项清单；问题线索台账；审计证据资料；内控制度；会计凭证；工作底稿；整改台账；合同流水；授信审批,按包内审计目标、风险假设和输出字段触发,四川省注册会计师行业组织观看阅兵仪式集锦控制点、缺陷类型、责任环节、整改建议、复核状态,P1,magazine_435_articles,D:\openclaw-workspace\knowledge\11-杂志文献\四川注册会计师\017.四川省注册会计师行业组织观看阅兵仪式集锦.md
RULEPKG-MAGSUPV-0007,control_pack,package_level_rule,MAGSUPV-0007,67,C,监督检查与经费舞弊 / 全场景通用 / 金融审计,四川省财政厅关于印发《会计师事务所负面积分制管理办法(试行)》的通知,四川省财政厅关于印发《会计师事务所负面积分制管理办法(试行)》的通知内控核查包,基于杂志案例《四川省财政厅关于印发《会计师事务所负面积分制管理办法(试行)》的通知》提炼“四川省财政厅关于印发《会计师事务所负面积分制管理办法(试行)》的通知”审计算法/规则，用于复用审计经验、生成疑点线索和核查程序。,文章案例文本；审计事项清单；问题线索台账；审计证据资料；预算指标表；财政支出明细；项目资金台账；内控制度；会计凭证；工作底稿,按包内审计目标、风险假设和输出字段触发,四川省财政厅关于印发《会计师事务所负面积分制管理办法(试行)》的通知控制点、缺陷类型、责任环节、整改建议、复核状态,P1,magazine_435_articles,D:\openclaw-workspace\knowledge\11-杂志文献\四川注册会计师\001.四川省财政厅关于印发《会计师事务所负面积分制管理办法(试行)》的通知.md
RULEPKG-MAGSUPV-0040,control_pack,package_level_rule,MAGSUPV-0040,58,C,监督检查与经费舞弊 / 全场景通用 / 金融审计,天健会计师事务所四川分所举办九三阅兵直播暨科技与军工行业财税专题研讨会,天健会计师事务所四川分所举办九三阅兵直播暨科技与军工行业财税专题研讨会内控核查包,基于杂志案例《天健会计师事务所四川分所举办九三阅兵直播暨科技与军工行业财税专题研讨会》提炼“天健会计师事务所四川分所举办九三阅兵直播暨科技与军工行业财税专题研讨会”审计算法/规则，用于复用审计经验、生成疑点线索和核查程序。,文章案例文本；审计事项清单；问题线索台账；审计证据资料；内控制度；会计凭证；工作底稿；整改台账；纳税申报表；发票明细,按包内审计目标、风险假设和输出字段触发,天健会计师事务所四川分所举办九三阅兵直播暨科技与军工行业财税专题研讨会控制点、缺陷类型、责任环节、整改建议、复核状态,P1,magazine_435_articles,D:\openclaw-workspace\knowledge\11-杂志文献\四川注册会计师\018.天健会计师事务所四川分所举办九三阅兵直播暨科技与军工行业财税专题研讨会.md
RULEPKG-MAGSUPV-0088,control_pack,package_level_rule,MAGSUPV-0088,62,C,监督检查与经费舞弊 / 全场景通用 / 金融审计,探索共建联合监管机制助推上市公司高质量发展,探索共建联合监管机制助推上市公司高质量发展内控核查包,基于杂志案例《探索共建联合监管机制助推上市公司高质量发展》提炼“探索共建联合监管机制助推上市公司高质量发展”审计算法/规则，用于复用审计经验、生成疑点线索和核查程序。,文章案例文本；审计事项清单；问题线索台账；审计证据资料；内控制度；会计凭证；工作底稿；整改台账；合同流水；授信审批,按包内审计目标、风险假设和输出字段触发,探索共建联合监管机制助推上市公司高质量发展控制点、缺陷类型、责任环节、整改建议、复核状态,P1,magazine_435_articles,D:\openclaw-workspace\knowledge\11-杂志文献\财政监督\11.探索共建联合监管机制助推上市公司高质量发展.md
RULEPKG-MAGSUPV-0128,control_pack,package_level_rule,MAGSUPV-0128,74,B,监督检查与经费舞弊 / 全场景通用 / 金融审计,深入学习贯彻《意见》精神全面提升财会监督绩效,深入学习贯彻《意见》精神全面提升财会监督绩效内控核查包,基于杂志案例《深入学习贯彻《意见》精神全面提升财会监督绩效》提炼“深入学习贯彻《意见》精神全面提升财会监督绩效”审计算法/规则，用于复用审计经验、生成疑点线索和核查程序。,文章案例文本；审计事项清单；问题线索台账；审计证据资料；绩效目标表；绩效评价指标；产出效果数据；内控制度；会计凭证；工作底稿,按包内审计目标、风险假设和输出字段触发,深入学习贯彻《意见》精神全面提升财会监督绩效控制点、缺陷类型、责任环节、整改建议、复核状态,P1,magazine_435_articles,D:\openclaw-workspace\knowledge\11-杂志文献\财政监督\7.深入学习贯彻《意见》精神全面提升财会监督绩效.md
RULEPKG-MAGSUPV-0044,control_pack,package_level_rule,MAGSUPV-0044,55,C,监督检查与经费舞弊 / 全场景通用 / 金融审计,瑞马迎新启新章凝心聚力向未来,瑞马迎新启新章凝心聚力向未来内控核查包,基于杂志案例《瑞马迎新启新章凝心聚力向未来》提炼“瑞马迎新启新章凝心聚力向未来”审计算法/规则，用于复用审计经验、生成疑点线索和核查程序。,文章案例文本；审计事项清单；问题线索台账；审计证据资料；内控制度；会计凭证；工作底稿；整改台账；合同流水；授信审批,按包内审计目标、风险假设和输出字段触发,瑞马迎新启新章凝心聚力向未来控制点、缺陷类型、责任环节、整改建议、复核状态,P1,magazine_435_articles,D:\openclaw-workspace\knowledge\11-杂志文献\四川注册会计师\019.瑞马迎新启新章凝心聚力向未来.md
RULEPKG-MAGSUPV-0027,control_pack,package_level_rule,MAGSUPV-0027,55,C,监督检查与经费舞弊 / 全场景通用 / 金融审计,省注会中心不断加强行业数据资产业务能力的提升,省注会中心不断加强行业数据资产业务能力的提升内控核查包,基于杂志案例《省注会中心不断加强行业数据资产业务能力的提升》提炼“省注会中心不断加强行业数据资产业务能力的提升”审计算法/规则，用于复用审计经验、生成疑点线索和核查程序。,文章案例文本；审计事项清单；问题线索台账；审计证据资料；内控制度；会计凭证；工作底稿；整改台账；合同流水；授信审批,按包内审计目标、风险假设和输出字段触发,省注会中心不断加强行业数据资产业务能力的提升控制点、缺陷类型、责任环节、整改建议、复核状态,P1,magazine_435_articles,D:\openclaw-workspace\knowledge\11-杂志文献\四川注册会计师\013.省注会中心不断加强行业数据资产业务能力的提升.md
RULEPKG-MAGSUPV-0012,control_pack,package_level_rule,MAGSUPV-0012,70,B,监督检查与经费舞弊 / 全场景通用 / 金融审计,社会组织评估管理办法,社会组织评估管理办法内控核查包,基于杂志案例《社会组织评估管理办法》提炼“社会组织评估管理办法”审计算法/规则，用于复用审计经验、生成疑点线索和核查程序。,文章案例文本；审计事项清单；问题线索台账；审计证据资料；内控制度；会计凭证；工作底稿；整改台账；合同流水；授信审批,按包内审计目标、风险假设和输出字段触发,社会组织评估管理办法控制点、缺陷类型、责任环节、整改建议、复核状态,P1,magazine_435_articles,D:\openclaw-workspace\knowledge\11-杂志文献\四川注册会计师\006.社会组织评估管理办法.md
RULEPKG-MAGSUPV-0101,control_pack,package_level_rule,MAGSUPV-0101,69,C,监督检查与经费舞弊 / 全场景通用 / 金融审计,统筹规划“规定+自选”动作建立“专项+日常”财会监督工作机制,统筹规划“规定+自选”动作建立“专项+日常”财会监督工作机制内控核查包,基于杂志案例《统筹规划“规定+自选”动作建立“专项+日常”财会监督工作机制》提炼“统筹规划“规定+自选”动作建立“专项+日常”财会监督工作机制”审计算法/规则，用于复用审计经验、生成疑点线索和核查程序。,文章案例文本；审计事项清单；问题线索台账；审计证据资料；内控制度；会计凭证；工作底稿；整改台账；合同流水；授信审批,按包内审计目标、风险假设和输出字段触发,统筹规划“规定+自选”动作建立“专项+日常”财会监督工作机制控制点、缺陷类型、责任环节、整改建议、复核状态,P1,magazine_435_articles,D:\openclaw-workspace\knowledge\11-杂志文献\财政监督\15.统筹规划“规定+自选”动作建立 “专项+日常”财会监督工作机制.md
RULEPKG-MAGSUPV-0062,control_pack,package_level_rule,MAGSUPV-0062,55,C,监督检查与经费舞弊 / 全场景通用 / 金融审计,缅怀先烈砺初心红色基因永传承,缅怀先烈砺初心红色基因永传承内控核查包,基于杂志案例《缅怀先烈砺初心红色基因永传承》提炼“缅怀先烈砺初心红色基因永传承”审计算法/规则，用于复用审计经验、生成疑点线索和核查程序。,文章案例文本；审计事项清单；问题线索台账；审计证据资料；内控制度；会计凭证；工作底稿；整改台账；合同流水；授信审批,按包内审计目标、风险假设和输出字段触发,缅怀先烈砺初心红色基因永传承控制点、缺陷类型、责任环节、整改建议、复核状态,P1,magazine_435_articles,D:\openclaw-workspace\knowledge\11-杂志文献\四川注册会计师\025.缅怀先烈砺初心红色基因永传承.md
RULEPKG-MAGSUPV-0111,control_pack,package_level_rule,MAGSUPV-0111,67,C,监督检查与经费舞弊 / 全场景通用 / 金融审计,财政部负责人就《关于进一步加强财会监督工作的意见》答记者问,财政部负责人就《关于进一步加强财会监督工作的意见》答记者问内控核查包,基于杂志案例《财政部负责人就《关于进一步加强财会监督工作的意见》答记者问》提炼“财政部负责人就《关于进一步加强财会监督工作的意见》答记者问”审计算法/规则，用于复用审计经验、生成疑点线索和核查程序。,文章案例文本；审计事项清单；问题线索台账；审计证据资料；预算指标表；财政支出明细；项目资金台账；内控制度；会计凭证；工作底稿,按包内审计目标、风险假设和输出字段触发,财政部负责人就《关于进一步加强财会监督工作的意见》答记者问控制点、缺陷类型、责任环节、整改建议、复核状态,P1,magazine_435_articles,D:\openclaw-workspace\knowledge\11-杂志文献\财政监督\2.财政部负责人就《关于进一步加强财会监督 工作的意见》答记者问.md
RULEPKG-MAGSUPV-0085,control_pack,package_level_rule,MAGSUPV-0085,74,B,监督检查与经费舞弊 / 全场景通用 / 金融审计,进一步加强财会监督工作的意见,进一步加强财会监督工作的意见内控核查包,基于杂志案例《关于进一步加强财会监督工作的意见》提炼“进一步加强财会监督工作的意见”审计算法/规则，用于复用审计经验、生成疑点线索和核查程序。,文章案例文本；审计事项清单；问题线索台账；审计证据资料；内控制度；会计凭证；工作底稿；整改台账；合同流水；授信审批,按包内审计目标、风险假设和输出字段触发,进一步加强财会监督工作的意见控制点、缺陷类型、责任环节、整改建议、复核状态,P1,magazine_435_articles,D:\openclaw-workspace\knowledge\11-杂志文献\财政监督\1.关于进一步加强财会监督工作的意见.md
RULEPKG-MAGSUPV-0010,control_pack,package_level_rule,MAGSUPV-0010,70,B,监督检查与经费舞弊 / 全场景通用 / 预算执行与财政管理,中国证券监督管理委员会财政部公告,中国证券监督管理委员会财政部公告内控核查包,基于杂志案例《中国证券监督管理委员会财政部公告》提炼“中国证券监督管理委员会财政部公告”审计算法/规则，用于复用审计经验、生成疑点线索和核查程序。,文章案例文本；审计事项清单；问题线索台账；审计证据资料；预算指标表；财政支出明细；项目资金台账；内控制度；会计凭证；工作底稿,按包内审计目标、风险假设和输出字段触发,中国证券监督管理委员会财政部公告控制点、缺陷类型、责任环节、整改建议、复核状态,P1,magazine_435_articles,D:\openclaw-workspace\knowledge\11-杂志文献\四川注册会计师\006.中国证券监督管理委员会财政部公告.md
RULEPKG-PERFV6D-058,control_pack,package_level_rule,PERFV6D-058,69,C,监督检查与经费舞弊 / 预算执行与财政管理 / 经济责任审计,内部控制审计方法,内部控制审计实务指南-内部控制审计方法内控核查包,基于《内部控制审计实务指南》中“内部控制审计方法”相关内容，核查审计对象在合规性、真实性、绩效性和责任链方面的风险，形成可复核的疑点、规则或指标输出。,项目台账；财务收支明细；合同与审批资料；支付凭证；审计发现清单；绩效指标表；产出效果数据；满意度问卷；采购公告；投标文件,按包内审计目标、风险假设和输出字段触发,内部控制审计方法控制点、缺陷类型、责任环节、整改任务、复核状态,P1,ocr_55_books_deep,E:\2026\审计方法&政策文件\_ocr_output\通用\内部控制审计实务指南.pdf.md
RULEPKG-PERFV6D-075,control_pack,package_level_rule,PERFV6D-075,77,B,监督检查与经费舞弊 / 预算执行与财政管理 / 经济责任审计,多源数据勾稽,行政事业单位内部控制规范实施指南-多源数据勾稽内控核查包,基于《行政事业单位内部控制规范实施指南》中“多源数据勾稽”相关内容，核查审计对象在合规性、真实性、绩效性和责任链方面的风险，形成可复核的疑点、规则或指标输出。,项目台账；财务收支明细；合同与审批资料；支付凭证；审计发现清单；预算批复表；预算调整表；绩效目标表；绩效指标表；产出效果数据,按包内审计目标、风险假设和输出字段触发,多源数据勾稽控制点、缺陷类型、责任环节、整改任务、复核状态,P1,ocr_55_books_deep,E:\2026\审计方法&政策文件\_ocr_output\通用\行政事业单位内部控制规范实施指南.pdf.md
RULEPKG-SUPVV6D-048,control_pack,package_level_rule,SUPVV6D-048,69,C,监督检查与经费舞弊 / 预算执行与财政管理 / 经济责任审计,审计证据链抽取,行政事业单位内部控制体系建设实操手册-审计证据链抽取内控核查包,基于《行政事业单位内部控制体系建设实操手册》中“审计证据链抽取”相关内容，核查审计对象在合规性、真实性、绩效性和责任链方面的风险，形成可复核的疑点、规则或指标输出。,项目台账；财务收支明细；合同与审批资料；支付凭证；审计发现清单；预算批复表；预算调整表；绩效目标表；绩效指标表；产出效果数据,按包内审计目标、风险假设和输出字段触发,审计证据链抽取控制点、缺陷类型、责任环节、整改任务、复核状态,P1,ocr_55_books_deep,E:\2026\审计方法&政策文件\_ocr_output\通用\行政事业单位内部控制体系建设实操手册.pdf.md
RULEPKG-PERFV6D-065,control_pack,package_level_rule,PERFV6D-065,69,C,监督检查与经费舞弊 / 预算执行与财政管理 / 经济责任审计,预算业务控制概述,行政事业单位内部控制建设原理与操作实务-预算业务控制概述内控核查包,基于《行政事业单位内部控制建设原理与操作实务》中“预算业务控制概述”相关内容，核查审计对象在合规性、真实性、绩效性和责任链方面的风险，形成可复核的疑点、规则或指标输出。,项目台账；财务收支明细；合同与审批资料；支付凭证；审计发现清单；预算批复表；预算调整表；绩效目标表；绩效指标表；产出效果数据,按包内审计目标、风险假设和输出字段触发,预算业务控制概述控制点、缺陷类型、责任环节、整改任务、复核状态,P1,ocr_55_books_deep,E:\2026\审计方法&政策文件\_ocr_output\通用\行政事业单位内部控制建设原理与操作实务.pdf.md
RULEPKG-SUPVV6D-041,control_pack,package_level_rule,SUPVV6D-041,69,C,监督检查与经费舞弊 / 预算执行与财政管理 / 经济责任审计,风险评估的过程与方法/15,行政事业单位内部控制体系建设全流程操作指南-风险评估的过程与方法/15内控核查包,基于《行政事业单位内部控制体系建设全流程操作指南》中“风险评估的过程与方法/15”相关内容，核查审计对象在合规性、真实性、绩效性和责任链方面的风险，形成可复核的疑点、规则或指标输出。,项目台账；财务收支明细；合同与审批资料；支付凭证；审计发现清单；绩效指标表；产出效果数据；满意度问卷；采购公告；投标文件,按包内审计目标、风险假设和输出字段触发,风险评估的过程与方法/15控制点、缺陷类型、责任环节、整改任务、复核状态,P1,ocr_55_books_deep,E:\2026\审计方法&政策文件\_ocr_output\通用\行政事业单位内部控制体系建设全流程操作指南.pdf.md
RULEPKG-SUPVV6D-033,control_pack,package_level_rule,SUPVV6D-033,69,C,监督检查与经费舞弊 / 预算执行与财政管理 / 绩效评价,内控缺陷矩阵,政府审计理论与实务-内控缺陷矩阵内控核查包,基于《政府审计理论与实务》中“内控缺陷矩阵”相关内容，核查审计对象在合规性、真实性、绩效性和责任链方面的风险，形成可复核的疑点、规则或指标输出。,项目台账；财务收支明细；合同与审批资料；支付凭证；审计发现清单；预算批复表；预算调整表；绩效目标表；绩效指标表；产出效果数据,按包内审计目标、风险假设和输出字段触发,内控缺陷矩阵控制点、缺陷类型、责任环节、整改任务、复核状态,P1,ocr_55_books_deep,E:\2026\审计方法&政策文件\_ocr_output\通用\政府审计理论与实务.pdf.md
RULEPKG-SUPVV6D-015,control_pack,package_level_rule,SUPVV6D-015,77,B,监督检查与经费舞弊 / 预算执行与财政管理 / 绩效评价,多源数据勾稽,政府审计-多源数据勾稽内控核查包,基于《政府审计》中“多源数据勾稽”相关内容，核查审计对象在合规性、真实性、绩效性和责任链方面的风险，形成可复核的疑点、规则或指标输出。,项目台账；财务收支明细；合同与审批资料；支付凭证；审计发现清单；绩效指标表；产出效果数据；满意度问卷；会议纪要；三重一大事项,按包内审计目标、风险假设和输出字段触发,多源数据勾稽控制点、缺陷类型、责任环节、整改任务、复核状态,P1,ocr_55_books_deep,E:\2026\审计方法&政策文件\_ocr_output\通用\政府审计.pdf.md
RULEPKG-SUPVV6D-023,control_pack,package_level_rule,SUPVV6D-023,69,C,监督检查与经费舞弊 / 预算执行与财政管理 / 绩效评价,审计证据链抽取,政府审计学-审计证据链抽取内控核查包,基于《政府审计学》中“审计证据链抽取”相关内容，核查审计对象在合规性、真实性、绩效性和责任链方面的风险，形成可复核的疑点、规则或指标输出。,项目台账；财务收支明细；合同与审批资料；支付凭证；审计发现清单；预算批复表；预算调整表；绩效目标表；绩效指标表；产出效果数据,按包内审计目标、风险假设和输出字段触发,审计证据链抽取控制点、缺陷类型、责任环节、整改任务、复核状态,P1,ocr_55_books_deep,E:\2026\审计方法&政策文件\_ocr_output\通用\政府审计学.pdf.md
RULEPKG-SUPVV6D-005,control_pack,package_level_rule,SUPVV6D-005,69,C,监督检查与经费舞弊 / 预算执行与财政管理 / 绩效评价,治理导向下的政府绩效审计·,国家治理导向的政府审计-治理导向下的政府绩效审计·内控核查包,基于《国家治理导向的政府审计》中“治理导向下的政府绩效审计·”相关内容，核查审计对象在合规性、真实性、绩效性和责任链方面的风险，形成可复核的疑点、规则或指标输出。,项目台账；财务收支明细；合同与审批资料；支付凭证；审计发现清单；绩效指标表；产出效果数据；满意度问卷；会议纪要；三重一大事项,按包内审计目标、风险假设和输出字段触发,治理导向下的政府绩效审计·控制点、缺陷类型、责任环节、整改任务、复核状态,P1,ocr_55_books_deep,E:\2026\审计方法&政策文件\_ocr_output\通用\国家治理导向的政府审计.pdf.md
RULEPKG-MAGTAX-0004,control_pack,package_level_rule,MAGTAX-0004,89,A,税务审计 / 预算执行与财政管理 / 财政与政府债务,002系统推进财政内控制度建设的脉络、维度与进路,002系统推进财政内控制度建设的脉络、维度与进路内控核查包,基于杂志案例《002系统推进财政内控制度建设的脉络、维度与进路》提炼“002系统推进财政内控制度建设的脉络、维度与进路”审计算法/规则，用于复用审计经验、生成疑点线索和核查程序。,文章案例文本；审计事项清单；问题线索台账；审计证据资料；预算指标表；财政支出明细；项目资金台账；内控制度；会计凭证；工作底稿,按包内审计目标、风险假设和输出字段触发,002系统推进财政内控制度建设的脉络、维度与进路控制点、缺陷类型、责任环节、整改建议、复核状态,P0,magazine_435_articles,D:\openclaw-workspace\knowledge\11-杂志文献\财政监督\002系统推进财政内控制度建设的脉络、维度与进路.md
RULEPKG-MAGTAX-0021,control_pack,package_level_rule,MAGTAX-0021,71,B,税务审计 / 预算执行与财政管理 / 财政与政府债务,监督动态,监督动态内控核查包,基于杂志案例《监督动态》提炼“监督动态”审计算法/规则，用于复用审计经验、生成疑点线索和核查程序。,文章案例文本；审计事项清单；问题线索台账；审计证据资料；预算指标表；财政支出明细；项目资金台账；内控制度；会计凭证；工作底稿,按包内审计目标、风险假设和输出字段触发,监督动态控制点、缺陷类型、责任环节、整改建议、复核状态,P1,magazine_435_articles,D:\openclaw-workspace\knowledge\11-杂志文献\财政监督\17.监督动态.md
RULEPKG-ECONV6D-013,control_pack,package_level_rule,ECONV6D-013,77,B,经济责任审计 / 国企审计 / 监督检查与经费舞弊,审计评价,国有企业经济责任审计实务指南-审计评价内控核查包,基于《国有企业经济责任审计实务指南》中“审计评价”相关内容，核查审计对象在合规性、真实性、绩效性和责任链方面的风险，形成可复核的疑点、规则或指标输出。,项目台账；财务收支明细；合同与审批资料；支付凭证；审计发现清单；绩效指标表；产出效果数据；满意度问卷；会议纪要；三重一大事项,按包内审计目标、风险假设和输出字段触发,审计评价控制点、缺陷类型、责任环节、整改任务、复核状态,P1,ocr_55_books_deep,E:\2026\审计方法&政策文件\_ocr_output\经责\国有企业经济责任审计实务指南.pdf.md
RULEPKG-ECONV6D-020,control_pack,package_level_rule,ECONV6D-020,69,C,经济责任审计 / 监督检查与经费舞弊,A市某区党政主要领导干部经济责任同步审计,经济责任审计实务-A市某区党政主要领导干部经济责任同步审计内控核查包,基于《经济责任审计实务》中“A市某区党政主要领导干部经济责任同步审计”相关内容，核查审计对象在合规性、真实性、绩效性和责任链方面的风险，形成可复核的疑点、规则或指标输出。,项目台账；财务收支明细；合同与审批资料；支付凭证；审计发现清单；绩效指标表；产出效果数据；满意度问卷；会议纪要；三重一大事项,按包内审计目标、风险假设和输出字段触发,A市某区党政主要领导干部经济责任同步审计控制点、缺陷类型、责任环节、整改任务、复核状态,P1,ocr_55_books_deep,E:\2026\审计方法&政策文件\_ocr_output\经责\经济责任审计实务.md
RULEPKG-ECONV6D-025,control_pack,package_level_rule,ECONV6D-025,69,C,经济责任审计 / 监督检查与经费舞弊,A市某区党政主要领导干部经济责任同步审计,经济责任审计实务-A市某区党政主要领导干部经济责任同步审计内控核查包#经责,基于《经济责任审计实务》中“A市某区党政主要领导干部经济责任同步审计”相关内容，核查审计对象在合规性、真实性、绩效性和责任链方面的风险，形成可复核的疑点、规则或指标输出。,项目台账；财务收支明细；合同与审批资料；支付凭证；审计发现清单；绩效指标表；产出效果数据；满意度问卷；会议纪要；三重一大事项,按包内审计目标、风险假设和输出字段触发,A市某区党政主要领导干部经济责任同步审计控制点、缺陷类型、责任环节、整改任务、复核状态,P1,ocr_55_books_deep,E:\2026\审计方法&政策文件\_ocr_output\经责\经济责任审计实务.pdf.md
RULEPKG-ECONV6D-005,control_pack,package_level_rule,ECONV6D-005,77,B,经济责任审计 / 监督检查与经费舞弊,内部经济责任审计总体评价,内部经济责任审计-内部经济责任审计总体评价内控核查包,基于《内部经济责任审计》中“内部经济责任审计总体评价”相关内容，核查审计对象在合规性、真实性、绩效性和责任链方面的风险，形成可复核的疑点、规则或指标输出。,项目台账；财务收支明细；合同与审批资料；支付凭证；审计发现清单；绩效指标表；产出效果数据；满意度问卷；会议纪要；三重一大事项,按包内审计目标、风险假设和输出字段触发,内部经济责任审计总体评价控制点、缺陷类型、责任环节、整改任务、复核状态,P1,ocr_55_books_deep,E:\2026\审计方法&政策文件\_ocr_output\经责\内部经济责任审计.pdf.md
RULEPKG-ENVV6D-005,control_pack,package_level_rule,ENVV6D-005,69,C,经济责任审计 / 资源环境审计 / 监督检查与经费舞弊,权责事项矩阵,领导干部自然资源资产离任审计实务与操作指引-权责事项矩阵内控核查包,基于《领导干部自然资源资产离任审计实务与操作指引》中“权责事项矩阵”相关内容，核查审计对象在合规性、真实性、绩效性和责任链方面的风险，形成可复核的疑点、规则或指标输出。,项目台账；财务收支明细；合同与审批资料；支付凭证；审计发现清单；会议纪要；三重一大事项；责任人岗位信息；遥感图斑；自然资源审批,按包内审计目标、风险假设和输出字段触发,权责事项矩阵控制点、缺陷类型、责任环节、整改任务、复核状态,P1,ocr_55_books_deep,E:\2026\审计方法&政策文件\_ocr_output\经责\领导干部自然资源资产离任审计实务与操作指引.pdf.md
RULEPKG-ENVV6D-013,control_pack,package_level_rule,ENVV6D-013,77,B,经济责任审计 / 资源环境审计 / 监督检查与经费舞弊,耕地保有量指标常见问题,领导干部自然资源资产离任审计常见问题定性与评价指南-耕地保有量指标常见问题内控核查包,基于《领导干部自然资源资产离任审计常见问题定性与评价指南》中“耕地保有量指标常见问题”相关内容，核查审计对象在合规性、真实性、绩效性和责任链方面的风险，形成可复核的疑点、规则或指标输出。,项目台账；财务收支明细；合同与审批资料；支付凭证；审计发现清单；绩效指标表；产出效果数据；满意度问卷；会议纪要；三重一大事项,按包内审计目标、风险假设和输出字段触发,耕地保有量指标常见问题控制点、缺陷类型、责任环节、整改任务、复核状态,P1,ocr_55_books_deep,E:\2026\审计方法&政策文件\_ocr_output\经责\领导干部自然资源资产离任审计常见问题定性与评价指南.pdf.md
RULEPKG-ECONV6D-030,control_pack,package_level_rule,ECONV6D-030,77,B,经济责任审计 / 预算执行与财政管理 / 监督检查与经费舞弊,审计评价32,行政单位经济责任审计实务指南-审计评价32内控核查包,基于《行政单位经济责任审计实务指南》中“审计评价32”相关内容，核查审计对象在合规性、真实性、绩效性和责任链方面的风险，形成可复核的疑点、规则或指标输出。,项目台账；财务收支明细；合同与审批资料；支付凭证；审计发现清单；绩效指标表；产出效果数据；满意度问卷；会议纪要；三重一大事项,按包内审计目标、风险假设和输出字段触发,审计评价32控制点、缺陷类型、责任环节、整改任务、复核状态,P1,ocr_55_books_deep,E:\2026\审计方法&政策文件\_ocr_output\经责\行政单位经济责任审计实务指南.pdf.md
RULEPKG-ECONV6D-036,control_pack,package_level_rule,ECONV6D-036,69,C,经济责任审计 / 预算执行与财政管理 / 监督检查与经费舞弊,领导干部经济责任审计开展情况·,高校领导干部经济责任审计指南-领导干部经济责任审计开展情况·内控核查包,基于《高校领导干部经济责任审计指南》中“领导干部经济责任审计开展情况·”相关内容，核查审计对象在合规性、真实性、绩效性和责任链方面的风险，形成可复核的疑点、规则或指标输出。,项目台账；财务收支明细；合同与审批资料；支付凭证；审计发现清单；预算批复表；预算调整表；绩效目标表；会议纪要；三重一大事项,按包内审计目标、风险假设和输出字段触发,领导干部经济责任审计开展情况·控制点、缺陷类型、责任环节、整改任务、复核状态,P1,ocr_55_books_deep,E:\2026\审计方法&政策文件\_ocr_output\经责\高校领导干部经济责任审计指南.pdf.md
RULEPKG-PERFV6D-024,control_pack,package_level_rule,PERFV6D-024,69,C,绩效评价 / 资源环境审计 / 预算执行与财政管理,审计发现的主要问题举例,环境绩效审计实务指南-审计发现的主要问题举例内控核查包,基于《环境绩效审计实务指南》中“审计发现的主要问题举例”相关内容，核查审计对象在合规性、真实性、绩效性和责任链方面的风险，形成可复核的疑点、规则或指标输出。,项目台账；财务收支明细；合同与审批资料；支付凭证；审计发现清单；绩效指标表；产出效果数据；满意度问卷；工程量清单；结算书,按包内审计目标、风险假设和输出字段触发,审计发现的主要问题举例控制点、缺陷类型、责任环节、整改任务、复核状态,P1,ocr_55_books_deep,E:\2026\审计方法&政策文件\_ocr_output\绩效\环境绩效审计实务指南.pdf.md
RULEPKG-PERFV6D-005,control_pack,package_level_rule,PERFV6D-005,77,B,绩效评价 / 预算执行与财政管理 / 财政与政府债务,中国财政支出政策绩效评价体系研究.pdf,中国财政支出政策绩效评价体系研究-中国财政支出政策绩效评价体系研究.pdf内控核查包,基于《中国财政支出政策绩效评价体系研究》中“中国财政支出政策绩效评价体系研究.pdf”相关内容，核查审计对象在合规性、真实性、绩效性和责任链方面的风险，形成可复核的疑点、规则或指标输出。,项目台账；财务收支明细；合同与审批资料；支付凭证；审计发现清单；预算批复表；预算调整表；绩效目标表；绩效指标表；产出效果数据,按包内审计目标、风险假设和输出字段触发,中国财政支出政策绩效评价体系研究.pdf控制点、缺陷类型、责任环节、整改任务、复核状态,P1,ocr_55_books_deep,E:\2026\审计方法&政策文件\_ocr_output\绩效\中国财政支出政策绩效评价体系研究.pdf.md
RULEPKG-ENVV6D-019,control_pack,package_level_rule,ENVV6D-019,69,C,绩效评价 / 预算执行与财政管理 / 财政与政府债务,样本代表性,调查问卷设计与处理分析-样本代表性内控核查包,基于《调查问卷设计与处理分析》中“样本代表性”相关内容，核查审计对象在合规性、真实性、绩效性和责任链方面的风险，形成可复核的疑点、规则或指标输出。,项目台账；财务收支明细；合同与审批资料；支付凭证；审计发现清单；绩效指标表；产出效果数据；满意度问卷；农户信息；土地确权,按包内审计目标、风险假设和输出字段触发,样本代表性控制点、缺陷类型、责任环节、整改任务、复核状态,P1,ocr_55_books_deep,E:\2026\审计方法&政策文件\_ocr_output\绩效\调查问卷设计与处理分析.pdf.md
RULEPKG-PERFV6D-038,control_pack,package_level_rule,PERFV6D-038,69,C,绩效评价 / 预算执行与财政管理 / 财政与政府债务,绩效审计步骤及技术方法概览,绩效审计方法-绩效审计步骤及技术方法概览内控核查包,基于《绩效审计方法》中“绩效审计步骤及技术方法概览”相关内容，核查审计对象在合规性、真实性、绩效性和责任链方面的风险，形成可复核的疑点、规则或指标输出。,项目台账；财务收支明细；合同与审批资料；支付凭证；审计发现清单；预算批复表；预算调整表；绩效目标表；绩效指标表；产出效果数据,按包内审计目标、风险假设和输出字段触发,绩效审计步骤及技术方法概览控制点、缺陷类型、责任环节、整改任务、复核状态,P1,ocr_55_books_deep,E:\2026\审计方法&政策文件\_ocr_output\绩效\绩效审计方法.pdf.md
RULEPKG-PERFV6D-019,control_pack,package_level_rule,PERFV6D-019,77,B,绩效评价 / 预算执行与财政管理 / 财政与政府债务,绩效目标合理性,水利系统部门整体支出绩效评价的思考与探索-绩效目标合理性内控核查包,基于《水利系统部门整体支出绩效评价的思考与探索》中“绩效目标合理性”相关内容，核查审计对象在合规性、真实性、绩效性和责任链方面的风险，形成可复核的疑点、规则或指标输出。,项目台账；财务收支明细；合同与审批资料；支付凭证；审计发现清单；预算批复表；预算调整表；绩效目标表；绩效指标表；产出效果数据,按包内审计目标、风险假设和输出字段触发,绩效目标合理性控制点、缺陷类型、责任环节、整改任务、复核状态,P1,ocr_55_books_deep,E:\2026\审计方法&政策文件\_ocr_output\绩效\水利系统部门整体支出绩效评价的思考与探索.pdf.md
RULEPKG-PERFV6D-045,control_pack,package_level_rule,PERFV6D-045,77,B,绩效评价 / 预算执行与财政管理 / 财政与政府债务,财政支出绩效评价的基本理论,财政支出绩效评价研究-财政支出绩效评价的基本理论内控核查包,基于《财政支出绩效评价研究》中“财政支出绩效评价的基本理论”相关内容，核查审计对象在合规性、真实性、绩效性和责任链方面的风险，形成可复核的疑点、规则或指标输出。,项目台账；财务收支明细；合同与审批资料；支付凭证；审计发现清单；预算批复表；预算调整表；绩效目标表；绩效指标表；产出效果数据,按包内审计目标、风险假设和输出字段触发,财政支出绩效评价的基本理论控制点、缺陷类型、责任环节、整改任务、复核状态,P1,ocr_55_books_deep,E:\2026\审计方法&政策文件\_ocr_output\绩效\财政支出绩效评价研究.pdf.md
RULEPKG-PERFV6D-012,control_pack,package_level_rule,PERFV6D-012,77,B,绩效评价 / 预算执行与财政管理 / 财政与政府债务,选择数据收集的方法,抽样调查设计导论-选择数据收集的方法内控核查包,基于《抽样调查设计导论》中“选择数据收集的方法”相关内容，核查审计对象在合规性、真实性、绩效性和责任链方面的风险，形成可复核的疑点、规则或指标输出。,项目台账；财务收支明细；合同与审批资料；支付凭证；审计发现清单；绩效指标表；产出效果数据；满意度问卷；工程量清单；结算书,按包内审计目标、风险假设和输出字段触发,选择数据收集的方法控制点、缺陷类型、责任环节、整改任务、复核状态,P1,ocr_55_books_deep,E:\2026\审计方法&政策文件\_ocr_output\绩效\抽样调查设计导论.pdf.md
RULEPKG-PERFV6D-030,control_pack,package_level_rule,PERFV6D-030,69,C,绩效评价 / 预算执行与财政管理 / 财政与政府债务,选择范围和方法：审计计划阶段的第三步,绩效审计一个计量的过程和方法-选择范围和方法：审计计划阶段的第三步内控核查包,基于《绩效审计一个计量的过程和方法》中“选择范围和方法：审计计划阶段的第三步”相关内容，核查审计对象在合规性、真实性、绩效性和责任链方面的风险，形成可复核的疑点、规则或指标输出。,项目台账；财务收支明细；合同与审批资料；支付凭证；审计发现清单；绩效指标表；产出效果数据；满意度问卷；工程量清单；结算书,按包内审计目标、风险假设和输出字段触发,选择范围和方法：审计计划阶段的第三步控制点、缺陷类型、责任环节、整改任务、复核状态,P1,ocr_55_books_deep,E:\2026\审计方法&政策文件\_ocr_output\绩效\绩效审计一个计量的过程和方法.pdf.md
RULEPKG-CARBV6D-032,control_pack,package_level_rule,CARBV6D-032,77,B,能源与双碳审计 / 资源环境审计 / 绩效评价,1.6能源评价,能源审计原理与实施方法-1.6能源评价内控核查包,基于《能源审计原理与实施方法》中“1.6能源评价”相关内容，核查审计对象在合规性、真实性、绩效性和责任链方面的风险，形成可复核的疑点、规则或指标输出。,项目台账；财务收支明细；合同与审批资料；支付凭证；审计发现清单；绩效指标表；产出效果数据；满意度问卷；能耗账单；设备台账,按包内审计目标、风险假设和输出字段触发,1.6能源评价控制点、缺陷类型、责任环节、整改任务、复核状态,P1,ocr_55_books_deep,E:\2026\审计方法&政策文件\_ocr_output\能源\能源审计原理与实施方法.pdf.md
RULEPKG-CARBV6D-019,control_pack,package_level_rule,CARBV6D-019,69,C,能源与双碳审计 / 资源环境审计 / 绩效评价,公共机构能源审计工作要求,公共机构能源审计实务-公共机构能源审计工作要求内控核查包,基于《公共机构能源审计实务》中“公共机构能源审计工作要求”相关内容，核查审计对象在合规性、真实性、绩效性和责任链方面的风险，形成可复核的疑点、规则或指标输出。,项目台账；财务收支明细；合同与审批资料；支付凭证；审计发现清单；绩效指标表；产出效果数据；满意度问卷；能耗账单；设备台账,按包内审计目标、风险假设和输出字段触发,公共机构能源审计工作要求控制点、缺陷类型、责任环节、整改任务、复核状态,P1,ocr_55_books_deep,E:\2026\审计方法&政策文件\_ocr_output\能源\公共机构能源审计实务.pdf.md
RULEPKG-CARBV6D-026,control_pack,package_level_rule,CARBV6D-026,69,C,能源与双碳审计 / 资源环境审计 / 绩效评价,单位面积能耗对标,碳达峰与碳中和实施指南-单位面积能耗对标内控核查包,基于《碳达峰与碳中和实施指南》中“单位面积能耗对标”相关内容，核查审计对象在合规性、真实性、绩效性和责任链方面的风险，形成可复核的疑点、规则或指标输出。,项目台账；财务收支明细；合同与审批资料；支付凭证；审计发现清单；能耗账单；设备台账；碳排放/配额数据；农户信息；土地确权,按包内审计目标、风险假设和输出字段触发,单位面积能耗对标控制点、缺陷类型、责任环节、整改任务、复核状态,P1,ocr_55_books_deep,E:\2026\审计方法&政策文件\_ocr_output\能源\碳达峰与碳中和实施指南.pdf.md
RULEPKG-CARBV6D-005,control_pack,package_level_rule,CARBV6D-005,69,C,能源与双碳审计 / 资源环境审计 / 绩效评价,节能率真实性,中国碳排放权交易实务-节能率真实性内控核查包,基于《中国碳排放权交易实务》中“节能率真实性”相关内容，核查审计对象在合规性、真实性、绩效性和责任链方面的风险，形成可复核的疑点、规则或指标输出。,项目台账；财务收支明细；合同与审批资料；支付凭证；审计发现清单；工程量清单；结算书；签证变更；竣工资料；能耗账单,按包内审计目标、风险假设和输出字段触发,节能率真实性控制点、缺陷类型、责任环节、整改任务、复核状态,P1,ocr_55_books_deep,E:\2026\审计方法&政策文件\_ocr_output\能源\中国碳排放权交易实务.pdf.md
RULEPKG-CARBV6D-013,control_pack,package_level_rule,CARBV6D-013,69,C,能源与双碳审计 / 资源环境审计 / 绩效评价,认真落实公共机构节能管理制度，加强公共机构节能管理和监督,公共机构能源审计-认真落实公共机构节能管理制度，加强公共机构节能管理和监督内控核查包,基于《公共机构能源审计》中“认真落实公共机构节能管理制度，加强公共机构节能管理和监督”相关内容，核查审计对象在合规性、真实性、绩效性和责任链方面的风险，形成可复核的疑点、规则或指标输出。,项目台账；财务收支明细；合同与审批资料；支付凭证；审计发现清单；绩效指标表；产出效果数据；满意度问卷；能耗账单；设备台账,按包内审计目标、风险假设和输出字段触发,认真落实公共机构节能管理制度，加强公共机构节能管理和监督控制点、缺陷类型、责任环节、整改任务、复核状态,P1,ocr_55_books_deep,E:\2026\审计方法&政策文件\_ocr_output\能源\公共机构能源审计.pdf.md
RULEPKG-MAGFIN-0042,control_pack,package_level_rule,MAGFIN-0042,70,B,金融审计 / 国企审计 / 监督检查与经费舞弊,扶贫小额信贷资金会计信息失真,扶贫小额信贷资金会计信息失真内控核查包,基于杂志案例《扶贫小额信贷资金会计信息失真》提炼“扶贫小额信贷资金会计信息失真”审计算法/规则，用于复用审计经验、生成疑点线索和核查程序。,文章案例文本；审计事项清单；问题线索台账；审计证据资料；内控制度；会计凭证；工作底稿；整改台账；合同流水；授信审批,按包内审计目标、风险假设和输出字段触发,扶贫小额信贷资金会计信息失真控制点、缺陷类型、责任环节、整改建议、复核状态,P1,magazine_435_articles,D:\openclaw-workspace\knowledge\11-杂志文献\财政监督\9.扶贫小额信贷资金会计信息失真.md
RULEPKG-ENGV6D-029,control_pack,package_level_rule,ENGV6D-029,69,C,预算执行与财政管理 / 工程与投资审计 / 绩效评价,新能源发电工程主要资产,新能源发电工竣工决算编制理论与实务-新能源发电工程主要资产内控核查包,基于《新能源发电工竣工决算编制理论与实务》中“新能源发电工程主要资产”相关内容，核查审计对象在合规性、真实性、绩效性和责任链方面的风险，形成可复核的疑点、规则或指标输出。,项目台账；财务收支明细；合同与审批资料；支付凭证；审计发现清单；绩效指标表；产出效果数据；满意度问卷；工程量清单；结算书,按包内审计目标、风险假设和输出字段触发,新能源发电工程主要资产控制点、缺陷类型、责任环节、整改任务、复核状态,P1,ocr_55_books_deep,E:\2026\审计方法&政策文件\_ocr_output\预算\新能源发电工竣工决算编制理论与实务.pdf.md
RULEPKG-ENGV6D-023,control_pack,package_level_rule,ENGV6D-023,69,C,预算执行与财政管理 / 工程与投资审计 / 绩效评价,项目库重复申报,发电基本建设项目竣工财务决算编制实务-项目库重复申报内控核查包,基于《发电基本建设项目竣工财务决算编制实务》中“项目库重复申报”相关内容，核查审计对象在合规性、真实性、绩效性和责任链方面的风险，形成可复核的疑点、规则或指标输出。,项目台账；财务收支明细；合同与审批资料；支付凭证；审计发现清单；绩效指标表；产出效果数据；满意度问卷；工程量清单；结算书,按包内审计目标、风险假设和输出字段触发,项目库重复申报控制点、缺陷类型、责任环节、整改任务、复核状态,P1,ocr_55_books_deep,E:\2026\审计方法&政策文件\_ocr_output\预算\发电基本建设项目竣工财务决算编制实务.pdf.md
RULEPKG-ENGV6D-039,control_pack,package_level_rule,ENGV6D-039,69,C,预算执行与财政管理 / 工程与投资审计 / 绩效评价,项目库重复申报,水利基本建设项目竣工财务决算编制教程-项目库重复申报内控核查包,基于《水利基本建设项目竣工财务决算编制教程》中“项目库重复申报”相关内容，核查审计对象在合规性、真实性、绩效性和责任链方面的风险，形成可复核的疑点、规则或指标输出。,项目台账；财务收支明细；合同与审批资料；支付凭证；审计发现清单；预算批复表；预算调整表；绩效目标表；绩效指标表；产出效果数据,按包内审计目标、风险假设和输出字段触发,项目库重复申报控制点、缺陷类型、责任环节、整改任务、复核状态,P1,ocr_55_books_deep,E:\2026\审计方法&政策文件\_ocr_output\预算\水利基本建设项目竣工财务决算编制教程.pdf.md
RULEPKG-PERFV6D-097,control_pack,package_level_rule,PERFV6D-097,69,C,预算执行与财政管理 / 绩效评价 / 财政与政府债务,2预算绩效管理模式及应用,建立全过程预算绩效管理体系-2预算绩效管理模式及应用内控核查包,基于《建立全过程预算绩效管理体系》中“2预算绩效管理模式及应用”相关内容，核查审计对象在合规性、真实性、绩效性和责任链方面的风险，形成可复核的疑点、规则或指标输出。,项目台账；财务收支明细；合同与审批资料；支付凭证；审计发现清单；预算批复表；预算调整表；绩效目标表；绩效指标表；产出效果数据,按包内审计目标、风险假设和输出字段触发,2预算绩效管理模式及应用控制点、缺陷类型、责任环节、整改任务、复核状态,P1,ocr_55_books_deep,E:\2026\审计方法&政策文件\_ocr_output\预算\建立全过程预算绩效管理体系.pdf.md
RULEPKG-PERFV6D-119,control_pack,package_level_rule,PERFV6D-119,77,B,预算执行与财政管理 / 绩效评价 / 财政与政府债务,3预算项目政策绩效评价基本原则,预算项目政策绩效评价研究-3预算项目政策绩效评价基本原则内控核查包,基于《预算项目政策绩效评价研究》中“3预算项目政策绩效评价基本原则”相关内容，核查审计对象在合规性、真实性、绩效性和责任链方面的风险，形成可复核的疑点、规则或指标输出。,项目台账；财务收支明细；合同与审批资料；支付凭证；审计发现清单；预算批复表；预算调整表；绩效目标表；绩效指标表；产出效果数据,按包内审计目标、风险假设和输出字段触发,3预算项目政策绩效评价基本原则控制点、缺陷类型、责任环节、整改任务、复核状态,P1,ocr_55_books_deep,E:\2026\审计方法&政策文件\_ocr_output\预算\预算项目政策绩效评价研究.pdf.md
RULEPKG-BUDV6D-032,control_pack,package_level_rule,BUDV6D-032,69,C,预算执行与财政管理 / 绩效评价 / 财政与政府债务,成本预算绩效分析流程与方法,成本预算绩效分析方法与案例-成本预算绩效分析流程与方法内控核查包,基于《成本预算绩效分析方法与案例》中“成本预算绩效分析流程与方法”相关内容，核查审计对象在合规性、真实性、绩效性和责任链方面的风险，形成可复核的疑点、规则或指标输出。,项目台账；财务收支明细；合同与审批资料；支付凭证；审计发现清单；预算批复表；预算调整表；绩效目标表；绩效指标表；产出效果数据,按包内审计目标、风险假设和输出字段触发,成本预算绩效分析流程与方法控制点、缺陷类型、责任环节、整改任务、复核状态,P1,ocr_55_books_deep,E:\2026\审计方法&政策文件\_ocr_output\预算\成本预算绩效分析方法与案例.pdf.md
RULEPKG-BUDV6D-039,control_pack,package_level_rule,BUDV6D-039,69,C,预算执行与财政管理 / 绩效评价 / 财政与政府债务,政府部门预算管理机制,政府部门预算管理-政府部门预算管理机制内控核查包,基于《政府部门预算管理》中“政府部门预算管理机制”相关内容，核查审计对象在合规性、真实性、绩效性和责任链方面的风险，形成可复核的疑点、规则或指标输出。,项目台账；财务收支明细；合同与审批资料；支付凭证；审计发现清单；预算批复表；预算调整表；绩效目标表；绩效指标表；产出效果数据,按包内审计目标、风险假设和输出字段触发,政府部门预算管理机制控制点、缺陷类型、责任环节、整改任务、复核状态,P1,ocr_55_books_deep,E:\2026\审计方法&政策文件\_ocr_output\预算\政府部门预算管理.pdf.md
RULEPKG-PERFV6D-090,control_pack,package_level_rule,PERFV6D-090,69,C,预算执行与财政管理 / 绩效评价 / 财政与政府债务,政府预算绩效管理/149,全面实施预算绩效管理实践指导-政府预算绩效管理/149内控核查包,基于《全面实施预算绩效管理实践指导》中“政府预算绩效管理/149”相关内容，核查审计对象在合规性、真实性、绩效性和责任链方面的风险，形成可复核的疑点、规则或指标输出。,项目台账；财务收支明细；合同与审批资料；支付凭证；审计发现清单；预算批复表；预算调整表；绩效目标表；绩效指标表；产出效果数据,按包内审计目标、风险假设和输出字段触发,政府预算绩效管理/149控制点、缺陷类型、责任环节、整改任务、复核状态,P1,ocr_55_books_deep,E:\2026\审计方法&政策文件\_ocr_output\预算\全面实施预算绩效管理实践指导.pdf.md
RULEPKG-BUDV6D-025,control_pack,package_level_rule,BUDV6D-025,69,C,预算执行与财政管理 / 绩效评价 / 财政与政府债务,构建预算绩效管理与其他工作相融合的机制,全面实施预算绩效管理案例解读-构建预算绩效管理与其他工作相融合的机制内控核查包,基于《全面实施预算绩效管理案例解读》中“构建预算绩效管理与其他工作相融合的机制”相关内容，核查审计对象在合规性、真实性、绩效性和责任链方面的风险，形成可复核的疑点、规则或指标输出。,项目台账；财务收支明细；合同与审批资料；支付凭证；审计发现清单；预算批复表；预算调整表；绩效目标表；绩效指标表；产出效果数据,按包内审计目标、风险假设和输出字段触发,构建预算绩效管理与其他工作相融合的机制控制点、缺陷类型、责任环节、整改任务、复核状态,P1,ocr_55_books_deep,E:\2026\审计方法&政策文件\_ocr_output\预算\全面实施预算绩效管理案例解读.pdf.md
RULEPKG-PERFV6D-111,control_pack,package_level_rule,PERFV6D-111,77,B,预算执行与财政管理 / 绩效评价 / 财政与政府债务,生态环保领域预算绩效评价的案例分析…,预算绩效评价方法与指标-生态环保领域预算绩效评价的案例分析…内控核查包,基于《预算绩效评价方法与指标》中“生态环保领域预算绩效评价的案例分析…”相关内容，核查审计对象在合规性、真实性、绩效性和责任链方面的风险，形成可复核的疑点、规则或指标输出。,项目台账；财务收支明细；合同与审批资料；支付凭证；审计发现清单；预算批复表；预算调整表；绩效目标表；绩效指标表；产出效果数据,按包内审计目标、风险假设和输出字段触发,生态环保领域预算绩效评价的案例分析…控制点、缺陷类型、责任环节、整改任务、复核状态,P1,ocr_55_books_deep,E:\2026\审计方法&政策文件\_ocr_output\预算\预算绩效评价方法与指标.pdf.md
RULEPKG-BUDV6D-049,control_pack,package_level_rule,BUDV6D-049,77,B,预算执行与财政管理 / 绩效评价 / 财政与政府债务,部门整体预算绩效评价指标体系构建,部门整体预算绩效评价研究-部门整体预算绩效评价指标体系构建内控核查包,基于《部门整体预算绩效评价研究》中“部门整体预算绩效评价指标体系构建”相关内容，核查审计对象在合规性、真实性、绩效性和责任链方面的风险，形成可复核的疑点、规则或指标输出。,项目台账；财务收支明细；合同与审批资料；支付凭证；审计发现清单；预算批复表；预算调整表；绩效目标表；绩效指标表；产出效果数据,按包内审计目标、风险假设和输出字段触发,部门整体预算绩效评价指标体系构建控制点、缺陷类型、责任环节、整改任务、复核状态,P1,ocr_55_books_deep,E:\2026\审计方法&政策文件\_ocr_output\预算\部门整体预算绩效评价研究.pdf.md
RULEPKG-BUDV6D-057,control_pack,package_level_rule,BUDV6D-057,69,C,预算执行与财政管理 / 绩效评价 / 财政与政府债务,部门预算基本支出业务审计内容和方法,部门预算执行审计指南-部门预算基本支出业务审计内容和方法内控核查包,基于《部门预算执行审计指南》中“部门预算基本支出业务审计内容和方法”相关内容，核查审计对象在合规性、真实性、绩效性和责任链方面的风险，形成可复核的疑点、规则或指标输出。,项目台账；财务收支明细；合同与审批资料；支付凭证；审计发现清单；预算批复表；预算调整表；绩效目标表；绩效指标表；产出效果数据,按包内审计目标、风险假设和输出字段触发,部门预算基本支出业务审计内容和方法控制点、缺陷类型、责任环节、整改任务、复核状态,P1,ocr_55_books_deep,E:\2026\审计方法&政策文件\_ocr_output\预算\部门预算执行审计指南.pdf.md
RULEPKG-PERFV6D-103,control_pack,package_level_rule,PERFV6D-103,69,C,预算执行与财政管理 / 绩效评价 / 财政与政府债务,部门预算绩效管理的范式演变,部门预算绩效管理-部门预算绩效管理的范式演变内控核查包,基于《部门预算绩效管理》中“部门预算绩效管理的范式演变”相关内容，核查审计对象在合规性、真实性、绩效性和责任链方面的风险，形成可复核的疑点、规则或指标输出。,项目台账；财务收支明细；合同与审批资料；支付凭证；审计发现清单；预算批复表；预算调整表；绩效目标表；绩效指标表；产出效果数据,按包内审计目标、风险假设和输出字段触发,部门预算绩效管理的范式演变控制点、缺陷类型、责任环节、整改任务、复核状态,P1,ocr_55_books_deep,E:\2026\审计方法&政策文件\_ocr_output\预算\部门预算绩效管理.pdf.md
RULEPKG-BUDV6D-019,control_pack,package_level_rule,BUDV6D-019,77,B,预算执行与财政管理 / 绩效评价 / 财政与政府债务,预算绩效指标,中央部门预算执行审计常用定性表述及适用法规向导-预算绩效指标内控核查包,基于《中央部门预算执行审计常用定性表述及适用法规向导》中“预算绩效指标”相关内容，核查审计对象在合规性、真实性、绩效性和责任链方面的风险，形成可复核的疑点、规则或指标输出。,项目台账；财务收支明细；合同与审批资料；支付凭证；审计发现清单；预算批复表；预算调整表；绩效目标表；绩效指标表；产出效果数据,按包内审计目标、风险假设和输出字段触发,预算绩效指标控制点、缺陷类型、责任环节、整改任务、复核状态,P1,ocr_55_books_deep,E:\2026\审计方法&政策文件\_ocr_output\预算\中央部门预算执行审计常用定性表述及适用法规向导.pdf.md
RULEPKG-BUDV6D-013,control_pack,package_level_rule,BUDV6D-013,69,C,预算执行与财政管理 / 财政与政府债务 / 监督检查与经费舞弊,加大审计力度，认真落实审计监督全覆盖要求·….（10）,财政审计读本-加大审计力度，认真落实审计监督全覆盖要求·….（10）内控核查包,基于《财政审计读本》中“加大审计力度，认真落实审计监督全覆盖要求·….（10）”相关内容，核查审计对象在合规性、真实性、绩效性和责任链方面的风险，形成可复核的疑点、规则或指标输出。,项目台账；财务收支明细；合同与审批资料；支付凭证；审计发现清单；预算批复表；预算调整表；绩效目标表,按包内审计目标、风险假设和输出字段触发,加大审计力度，认真落实审计监督全覆盖要求·….（10）控制点、缺陷类型、责任环节、整改任务、复核状态,P1,ocr_55_books_deep,E:\2026\审计方法&政策文件\_ocr_output\通用\财政审计读本.pdf.md
RULEPKG-SUPVV6D-054,control_pack,package_level_rule,SUPVV6D-054,69,C,预算执行与财政管理 / 财政与政府债务 / 监督检查与经费舞弊,审计证据链抽取,财政监督检查实务操作指南-审计证据链抽取内控核查包,基于《财政监督检查实务操作指南》中“审计证据链抽取”相关内容，核查审计对象在合规性、真实性、绩效性和责任链方面的风险，形成可复核的疑点、规则或指标输出。,项目台账；财务收支明细；合同与审批资料；支付凭证；审计发现清单；预算批复表；预算调整表；绩效目标表；绩效指标表；产出效果数据,按包内审计目标、风险假设和输出字段触发,审计证据链抽取控制点、缺陷类型、责任环节、整改任务、复核状态,P1,ocr_55_books_deep,E:\2026\审计方法&政策文件\_ocr_output\通用\财政监督检查实务操作指南.pdf.md
RULEPKG-BUDV6D-005,control_pack,package_level_rule,BUDV6D-005,69,C,预算执行与财政管理 / 财政与政府债务 / 监督检查与经费舞弊,财政资金管理内部控制测评·,财政审计-财政资金管理内部控制测评·内控核查包,基于《财政审计》中“财政资金管理内部控制测评·”相关内容，核查审计对象在合规性、真实性、绩效性和责任链方面的风险，形成可复核的疑点、规则或指标输出。,项目台账；财务收支明细；合同与审批资料；支付凭证；审计发现清单；预算批复表；预算调整表；绩效目标表,按包内审计目标、风险假设和输出字段触发,财政资金管理内部控制测评·控制点、缺陷类型、责任环节、整改任务、复核状态,P1,ocr_55_books_deep,E:\2026\审计方法&政策文件\_ocr_output\通用\财政审计.pdf.md
RULEPKG-MAGBUD-0022,control_pack,package_level_rule,MAGBUD-0022,69,C,预算执行与财政管理 / 财政与政府债务 / 绩效评价,017抓纲举目促规范积厚成势启新程,017抓纲举目促规范积厚成势启新程内控核查包,基于杂志案例《017抓纲举目促规范积厚成势启新程》提炼“017抓纲举目促规范积厚成势启新程”审计算法/规则，用于复用审计经验、生成疑点线索和核查程序。,文章案例文本；审计事项清单；问题线索台账；审计证据资料；预算指标表；财政支出明细；项目资金台账；绩效目标表；绩效评价指标；产出效果数据,按包内审计目标、风险假设和输出字段触发,017抓纲举目促规范积厚成势启新程控制点、缺陷类型、责任环节、整改建议、复核状态,P1,magazine_435_articles,D:\openclaw-workspace\knowledge\11-杂志文献\财政监督\017抓纲举目促规范积厚成势启新程.md
RULEPKG-MAGBUD-0023,control_pack,package_level_rule,MAGBUD-0023,89,A,预算执行与财政管理 / 财政与政府债务 / 绩效评价,019新政府会计制度下事业单位固定资产管理问题及优化研究,019新政府会计制度下事业单位固定资产管理问题及优化研究内控核查包,基于杂志案例《019新政府会计制度下事业单位固定资产管理问题及优化研究》提炼“019新政府会计制度下事业单位固定资产管理问题及优化研究”审计算法/规则，用于复用审计经验、生成疑点线索和核查程序。,文章案例文本；审计事项清单；问题线索台账；审计证据资料；预算指标表；财政支出明细；项目资金台账；绩效目标表；绩效评价指标；产出效果数据,按包内审计目标、风险假设和输出字段触发,019新政府会计制度下事业单位固定资产管理问题及优化研究控制点、缺陷类型、责任环节、整改建议、复核状态,P0,magazine_435_articles,D:\openclaw-workspace\knowledge\11-杂志文献\财政监督\019新政府会计制度下事业单位固定资产管理 问题及优化研究.md
RULEPKG-MAGBUD-0050,control_pack,package_level_rule,MAGBUD-0050,65,C,预算执行与财政管理 / 财政与政府债务 / 绩效评价,“三高三全”推进内控建设加力提升财政监管质效,“三高三全”推进内控建设加力提升财政监管质效内控核查包,基于杂志案例《“三高三全”推进内控建设加力提升财政监管质效》提炼““三高三全”推进内控建设加力提升财政监管质效”审计算法/规则，用于复用审计经验、生成疑点线索和核查程序。,文章案例文本；审计事项清单；问题线索台账；审计证据资料；预算指标表；财政支出明细；项目资金台账；绩效目标表；绩效评价指标；产出效果数据,按包内审计目标、风险假设和输出字段触发,“三高三全”推进内控建设加力提升财政监管质效控制点、缺陷类型、责任环节、整改建议、复核状态,P1,magazine_435_articles,D:\openclaw-workspace\knowledge\11-杂志文献\财政监督\15.“三高三全”推进内控建设加力提升财政监管质效.md
RULEPKG-MAGBUD-0042,control_pack,package_level_rule,MAGBUD-0042,70,B,预算执行与财政管理 / 财政与政府债务 / 绩效评价,打造“1+2”内控管理体系赋能财政监管高质量发展,打造“1+2”内控管理体系赋能财政监管高质量发展内控核查包,基于杂志案例《打造“1+2”内控管理体系赋能财政监管高质量发展》提炼“打造“1+2”内控管理体系赋能财政监管高质量发展”审计算法/规则，用于复用审计经验、生成疑点线索和核查程序。,文章案例文本；审计事项清单；问题线索台账；审计证据资料；预算指标表；财政支出明细；项目资金台账；绩效目标表；绩效评价指标；产出效果数据,按包内审计目标、风险假设和输出字段触发,打造“1+2”内控管理体系赋能财政监管高质量发展控制点、缺陷类型、责任环节、整改建议、复核状态,P1,magazine_435_articles,D:\openclaw-workspace\knowledge\11-杂志文献\财政监督\11.打造“1+2”内控管理体系赋能财政监管高质量发展.md
RULEPKG-MAGBUD-0039,control_pack,package_level_rule,MAGBUD-0039,71,B,预算执行与财政管理 / 财政与政府债务 / 绩效评价,政府项目全生命周期管理流程标准化的可行路径,政府项目全生命周期管理流程标准化的可行路径内控核查包,基于杂志案例《政府项目全生命周期管理流程标准化的可行路径》提炼“政府项目全生命周期管理流程标准化的可行路径”审计算法/规则，用于复用审计经验、生成疑点线索和核查程序。,文章案例文本；审计事项清单；问题线索台账；审计证据资料；预算指标表；财政支出明细；项目资金台账；绩效目标表；绩效评价指标；产出效果数据,按包内审计目标、风险假设和输出字段触发,政府项目全生命周期管理流程标准化的可行路径控制点、缺陷类型、责任环节、整改建议、复核状态,P1,magazine_435_articles,D:\openclaw-workspace\knowledge\11-杂志文献\财政监督\10.政府项目全生命周期管理流程标准化的可行路径.md
RULEPKG-MAGBUD-0048,control_pack,package_level_rule,MAGBUD-0048,74,B,预算执行与财政管理 / 财政与政府债务 / 绩效评价,江苏苏州：正式建立财政监督基层联系点制度,江苏苏州：正式建立财政监督基层联系点制度内控核查包,基于杂志案例《江苏苏州：正式建立财政监督基层联系点制度》提炼“江苏苏州：正式建立财政监督基层联系点制度”审计算法/规则，用于复用审计经验、生成疑点线索和核查程序。,文章案例文本；审计事项清单；问题线索台账；审计证据资料；预算指标表；财政支出明细；项目资金台账；绩效目标表；绩效评价指标；产出效果数据,按包内审计目标、风险假设和输出字段触发,江苏苏州：正式建立财政监督基层联系点制度控制点、缺陷类型、责任环节、整改建议、复核状态,P1,magazine_435_articles,D:\openclaw-workspace\knowledge\11-杂志文献\财政监督\14.江苏苏州：正式建立财政监督 基层联系点制度.md
RULEPKG-MAGBUD-0043,control_pack,package_level_rule,MAGBUD-0043,74,B,预算执行与财政管理 / 财政与政府债务 / 绩效评价,科研机构财会监督制度建设的思路与方法,科研机构财会监督制度建设的思路与方法内控核查包,基于杂志案例《科研机构财会监督制度建设的思路与方法》提炼“科研机构财会监督制度建设的思路与方法”审计算法/规则，用于复用审计经验、生成疑点线索和核查程序。,文章案例文本；审计事项清单；问题线索台账；审计证据资料；预算指标表；财政支出明细；项目资金台账；绩效目标表；绩效评价指标；产出效果数据,按包内审计目标、风险假设和输出字段触发,科研机构财会监督制度建设的思路与方法控制点、缺陷类型、责任环节、整改建议、复核状态,P1,magazine_435_articles,D:\openclaw-workspace\knowledge\11-杂志文献\财政监督\11.科研机构财会监督制度建设的思路与方法.md
RULEPKG-MAGBUD-0072,control_pack,package_level_rule,MAGBUD-0072,65,C,预算执行与财政管理 / 财政与政府债务 / 绩效评价,规范监督检查工作流程高质量完成财会监,规范监督检查工作流程高质量完成财会监内控核查包,基于杂志案例《规范监督检查工作流程高质量完成财会监》提炼“规范监督检查工作流程高质量完成财会监”审计算法/规则，用于复用审计经验、生成疑点线索和核查程序。,文章案例文本；审计事项清单；问题线索台账；审计证据资料；预算指标表；财政支出明细；项目资金台账；绩效目标表；绩效评价指标；产出效果数据,按包内审计目标、风险假设和输出字段触发,规范监督检查工作流程高质量完成财会监控制点、缺陷类型、责任环节、整改建议、复核状态,P1,magazine_435_articles,D:\openclaw-workspace\knowledge\11-杂志文献\财政监督\8.规范监督检查工作流程高质量完成财会监.md
SOEV6D-006-R01,control_rule,generated_rule,SOEV6D-006,59,C,全场景通用 / 监督检查与经费舞弊 / 预算执行与财政管理,内控缺陷矩阵,内控缺陷矩阵完整性规则,检查内控缺陷矩阵相关台账、凭证、审批和支付数据是否完整，缺失率超过阈值则预警。,项目台账；财务收支明细；合同与审批资料；支付凭证；审计发现清单；绩效指标表,字段缺失/跨表不一致/偏离阈值/重复异常/时序异常/空间不一致,命中对象、风险等级、证据字段、核查建议,P1,ocr_55_books_deep,E:\2026\审计方法&政策文件\_ocr_output\通用\内部审计工作法.pdf.md
SOEV6D-006-R02,control_rule,generated_rule,SOEV6D-006,59,C,全场景通用 / 监督检查与经费舞弊 / 预算执行与财政管理,内控缺陷矩阵,内控缺陷矩阵一致性规则,检查内控缺陷矩阵在合同、支付、预算、绩效或业务台账之间是否一致。,项目台账；财务收支明细；合同与审批资料；支付凭证；审计发现清单；绩效指标表,字段缺失/跨表不一致/偏离阈值/重复异常/时序异常/空间不一致,命中对象、风险等级、证据字段、核查建议,P1,ocr_55_books_deep,E:\2026\审计方法&政策文件\_ocr_output\通用\内部审计工作法.pdf.md
SOEV6D-006-R03,control_rule,generated_rule,SOEV6D-006,59,C,全场景通用 / 监督检查与经费舞弊 / 预算执行与财政管理,内控缺陷矩阵,内控缺陷矩阵异常性规则,按历史均值、同类项目分位数或政策标准识别内控缺陷矩阵异常偏离。,项目台账；财务收支明细；合同与审批资料；支付凭证；审计发现清单；绩效指标表,字段缺失/跨表不一致/偏离阈值/重复异常/时序异常/空间不一致,命中对象、风险等级、证据字段、核查建议,P1,ocr_55_books_deep,E:\2026\审计方法&政策文件\_ocr_output\通用\内部审计工作法.pdf.md
PERFV6D-053-R01,control_rule,generated_rule,PERFV6D-053,59,C,全场景通用 / 监督检查与经费舞弊 / 预算执行与财政管理,内控缺陷矩阵,内控缺陷矩阵完整性规则,检查内控缺陷矩阵相关台账、凭证、审批和支付数据是否完整，缺失率超过阈值则预警。,项目台账；财务收支明细；合同与审批资料；支付凭证；审计发现清单；绩效指标表,字段缺失/跨表不一致/偏离阈值/重复异常/时序异常/空间不一致,命中对象、风险等级、证据字段、核查建议,P1,ocr_55_books_deep,E:\2026\审计方法&政策文件\_ocr_output\通用\内部审计思维与沟通.pdf.md
PERFV6D-053-R02,control_rule,generated_rule,PERFV6D-053,59,C,全场景通用 / 监督检查与经费舞弊 / 预算执行与财政管理,内控缺陷矩阵,内控缺陷矩阵一致性规则,检查内控缺陷矩阵在合同、支付、预算、绩效或业务台账之间是否一致。,项目台账；财务收支明细；合同与审批资料；支付凭证；审计发现清单；绩效指标表,字段缺失/跨表不一致/偏离阈值/重复异常/时序异常/空间不一致,命中对象、风险等级、证据字段、核查建议,P1,ocr_55_books_deep,E:\2026\审计方法&政策文件\_ocr_output\通用\内部审计思维与沟通.pdf.md
PERFV6D-053-R03,control_rule,generated_rule,PERFV6D-053,59,C,全场景通用 / 监督检查与经费舞弊 / 预算执行与财政管理,内控缺陷矩阵,内控缺陷矩阵异常性规则,按历史均值、同类项目分位数或政策标准识别内控缺陷矩阵异常偏离。,项目台账；财务收支明细；合同与审批资料；支付凭证；审计发现清单；绩效指标表,字段缺失/跨表不一致/偏离阈值/重复异常/时序异常/空间不一致,命中对象、风险等级、证据字段、核查建议,P1,ocr_55_books_deep,E:\2026\审计方法&政策文件\_ocr_output\通用\内部审计思维与沟通.pdf.md
ECONV6D-041-R01,control_rule,generated_rule,ECONV6D-041,59,C,全场景通用 / 监督检查与经费舞弊 / 预算执行与财政管理,内控缺陷矩阵,内控缺陷矩阵完整性规则,检查内控缺陷矩阵相关台账、凭证、审批和支付数据是否完整，缺失率超过阈值则预警。,项目台账；财务收支明细；合同与审批资料；支付凭证；审计发现清单；预算批复表,字段缺失/跨表不一致/偏离阈值/重复异常/时序异常/空间不一致,命中对象、风险等级、证据字段、核查建议,P1,ocr_55_books_deep,E:\2026\审计方法&政策文件\_ocr_output\通用\基层审计业务操作规程.pdf.md
ECONV6D-041-R02,control_rule,generated_rule,ECONV6D-041,59,C,全场景通用 / 监督检查与经费舞弊 / 预算执行与财政管理,内控缺陷矩阵,内控缺陷矩阵一致性规则,检查内控缺陷矩阵在合同、支付、预算、绩效或业务台账之间是否一致。,项目台账；财务收支明细；合同与审批资料；支付凭证；审计发现清单；预算批复表,字段缺失/跨表不一致/偏离阈值/重复异常/时序异常/空间不一致,命中对象、风险等级、证据字段、核查建议,P1,ocr_55_books_deep,E:\2026\审计方法&政策文件\_ocr_output\通用\基层审计业务操作规程.pdf.md
ECONV6D-041-R03,control_rule,generated_rule,ECONV6D-041,59,C,全场景通用 / 监督检查与经费舞弊 / 预算执行与财政管理,内控缺陷矩阵,内控缺陷矩阵异常性规则,按历史均值、同类项目分位数或政策标准识别内控缺陷矩阵异常偏离。,项目台账；财务收支明细；合同与审批资料；支付凭证；审计发现清单；预算批复表,字段缺失/跨表不一致/偏离阈值/重复异常/时序异常/空间不一致,命中对象、风险等级、证据字段、核查建议,P1,ocr_55_books_deep,E:\2026\审计方法&政策文件\_ocr_output\通用\基层审计业务操作规程.pdf.md
ENGV6D-009-R01,control_rule,generated_rule,ENGV6D-009,69,C,工程与投资审计 / 招投标与政府采购 / 财政与政府债务,工程项目利润创造与造价风险控制.pdf,工程项目利润创造与造价风险控制.pdf完整性规则,检查工程项目利润创造与造价风险控制.pdf相关台账、凭证、审批和支付数据是否完整，缺失率超过阈值则预警。,项目台账；财务收支明细；合同与审批资料；支付凭证；审计发现清单；绩效指标表,字段缺失/跨表不一致/偏离阈值/重复异常/时序异常/空间不一致,命中对象、风险等级、证据字段、核查建议,P0,ocr_55_books_deep,E:\2026\审计方法&政策文件\_ocr_output\工程\工程项目利润创造与造价风险控制.pdf.md
ENGV6D-009-R02,control_rule,generated_rule,ENGV6D-009,69,C,工程与投资审计 / 招投标与政府采购 / 财政与政府债务,工程项目利润创造与造价风险控制.pdf,工程项目利润创造与造价风险控制.pdf一致性规则,检查工程项目利润创造与造价风险控制.pdf在合同、支付、预算、绩效或业务台账之间是否一致。,项目台账；财务收支明细；合同与审批资料；支付凭证；审计发现清单；绩效指标表,字段缺失/跨表不一致/偏离阈值/重复异常/时序异常/空间不一致,命中对象、风险等级、证据字段、核查建议,P0,ocr_55_books_deep,E:\2026\审计方法&政策文件\_ocr_output\工程\工程项目利润创造与造价风险控制.pdf.md
ENGV6D-009-R03,control_rule,generated_rule,ENGV6D-009,69,C,工程与投资审计 / 招投标与政府采购 / 财政与政府债务,工程项目利润创造与造价风险控制.pdf,工程项目利润创造与造价风险控制.pdf异常性规则,按历史均值、同类项目分位数或政策标准识别工程项目利润创造与造价风险控制.pdf异常偏离。,项目台账；财务收支明细；合同与审批资料；支付凭证；审计发现清单；绩效指标表,字段缺失/跨表不一致/偏离阈值/重复异常/时序异常/空间不一致,命中对象、风险等级、证据字段、核查建议,P0,ocr_55_books_deep,E:\2026\审计方法&政策文件\_ocr_output\工程\工程项目利润创造与造价风险控制.pdf.md
MAGSOC-0019-R01,control_rule,generated_rule,MAGSOC-0019,53,D,民生与社保医保 / 预算执行与财政管理 / 招投标与政府采购,017医疗保障经办机构内控制度建设的实践困境与路径优化,017医疗保障经办机构内控制度建设的实践困境与路径优化R01规则,按案例主题识别同类事项中的风险特征并生成疑点。,文章案例文本；审计事项清单；问题线索台账；审计证据资料；预算指标表；财政支出明细,风险词命中/数据缺失/证据不一致/指标偏离/流程缺陷,命中对象、风险等级、证据资料、核查建议,P1,magazine_435_articles,D:\openclaw-workspace\knowledge\11-杂志文献\财政监督\017医疗保障经办机构内控制度建设的实践困境与路径优化.md
MAGSOC-0019-R02,control_rule,generated_rule,MAGSOC-0019,53,D,民生与社保医保 / 预算执行与财政管理 / 招投标与政府采购,017医疗保障经办机构内控制度建设的实践困境与路径优化,017医疗保障经办机构内控制度建设的实践困境与路径优化R02规则,核查案例涉及的数据、证据和整改链条是否完整一致。,文章案例文本；审计事项清单；问题线索台账；审计证据资料；预算指标表；财政支出明细,风险词命中/数据缺失/证据不一致/指标偏离/流程缺陷,命中对象、风险等级、证据资料、核查建议,P1,magazine_435_articles,D:\openclaw-workspace\knowledge\11-杂志文献\财政监督\017医疗保障经办机构内控制度建设的实践困境与路径优化.md
MAGSOC-0034-R01,control_rule,generated_rule,MAGSOC-0034,63,C,民生与社保医保 / 预算执行与财政管理 / 招投标与政府采购,公立医院内部控制信息化体系研究,公立医院内部控制信息化体系研究R01规则,按案例主题识别同类事项中的风险特征并生成疑点。,文章案例文本；审计事项清单；问题线索台账；审计证据资料；预算指标表；财政支出明细,风险词命中/数据缺失/证据不一致/指标偏离/流程缺陷,命中对象、风险等级、证据资料、核查建议,P0,magazine_435_articles,D:\openclaw-workspace\knowledge\11-杂志文献\财政监督\15.公立医院内部控制信息化体系研究.md
MAGSOC-0034-R02,control_rule,generated_rule,MAGSOC-0034,63,C,民生与社保医保 / 预算执行与财政管理 / 招投标与政府采购,公立医院内部控制信息化体系研究,公立医院内部控制信息化体系研究R02规则,核查案例涉及的数据、证据和整改链条是否完整一致。,文章案例文本；审计事项清单；问题线索台账；审计证据资料；预算指标表；财政支出明细,风险词命中/数据缺失/证据不一致/指标偏离/流程缺陷,命中对象、风险等级、证据资料、核查建议,P0,magazine_435_articles,D:\openclaw-workspace\knowledge\11-杂志文献\财政监督\15.公立医院内部控制信息化体系研究.md
MAGSOC-0039-R01,control_rule,generated_rule,MAGSOC-0039,63,C,民生与社保医保 / 预算执行与财政管理 / 招投标与政府采购,内部控制视域下加强地方政府债务风险管理的对策,内部控制视域下加强地方政府债务风险管理的对策R01规则,按案例主题识别同类事项中的风险特征并生成疑点。,文章案例文本；审计事项清单；问题线索台账；审计证据资料；预算指标表；财政支出明细,风险词命中/数据缺失/证据不一致/指标偏离/流程缺陷,命中对象、风险等级、证据资料、核查建议,P0,magazine_435_articles,D:\openclaw-workspace\knowledge\11-杂志文献\财政监督\17.内部控制视域下加强地方政府债务风险管理的对策.md
MAGSOC-0039-R02,control_rule,generated_rule,MAGSOC-0039,63,C,民生与社保医保 / 预算执行与财政管理 / 招投标与政府采购,内部控制视域下加强地方政府债务风险管理的对策,内部控制视域下加强地方政府债务风险管理的对策R02规则,核查案例涉及的数据、证据和整改链条是否完整一致。,文章案例文本；审计事项清单；问题线索台账；审计证据资料；预算指标表；财政支出明细,风险词命中/数据缺失/证据不一致/指标偏离/流程缺陷,命中对象、风险等级、证据资料、核查建议,P0,magazine_435_articles,D:\openclaw-workspace\knowledge\11-杂志文献\财政监督\17.内部控制视域下加强地方政府债务风险管理的对策.md
MAGSOC-0001-R01,control_rule,generated_rule,MAGSOC-0001,53,D,民生与社保医保 / 预算执行与财政管理 / 招投标与政府采购,印发《关于进一步加强科学事业单位内部控制建设的指导意见》的通知,印发《关于进一步加强科学事业单位内部控制建设的指导意见》的通知R01规则,按案例主题识别同类事项中的风险特征并生成疑点。,文章案例文本；审计事项清单；问题线索台账；审计证据资料；预算指标表；财政支出明细,风险词命中/数据缺失/证据不一致/指标偏离/流程缺陷,命中对象、风险等级、证据资料、核查建议,P1,magazine_435_articles,D:\openclaw-workspace\knowledge\11-杂志文献\四川注册会计师\002.关于印发《关于进一步加强科学事业单位 内部控制建设的指导意见》的通知.md
MAGSOC-0001-R02,control_rule,generated_rule,MAGSOC-0001,53,D,民生与社保医保 / 预算执行与财政管理 / 招投标与政府采购,印发《关于进一步加强科学事业单位内部控制建设的指导意见》的通知,印发《关于进一步加强科学事业单位内部控制建设的指导意见》的通知R02规则,核查案例涉及的数据、证据和整改链条是否完整一致。,文章案例文本；审计事项清单；问题线索台账；审计证据资料；预算指标表；财政支出明细,风险词命中/数据缺失/证据不一致/指标偏离/流程缺陷,命中对象、风险等级、证据资料、核查建议,P1,magazine_435_articles,D:\openclaw-workspace\knowledge\11-杂志文献\四川注册会计师\002.关于印发《关于进一步加强科学事业单位 内部控制建设的指导意见》的通知.md
MAGSOC-0046-R01,control_rule,generated_rule,MAGSOC-0046,63,C,民生与社保医保 / 预算执行与财政管理 / 招投标与政府采购,我国房地产企业成本控制问题研究,我国房地产企业成本控制问题研究R01规则,按案例主题识别同类事项中的风险特征并生成疑点。,文章案例文本；审计事项清单；问题线索台账；审计证据资料；预算指标表；财政支出明细,风险词命中/数据缺失/证据不一致/指标偏离/流程缺陷,命中对象、风险等级、证据资料、核查建议,P0,magazine_435_articles,D:\openclaw-workspace\knowledge\11-杂志文献\财政监督\19.我国房地产企业成本控制问题研究.md
MAGSOC-0046-R02,control_rule,generated_rule,MAGSOC-0046,63,C,民生与社保医保 / 预算执行与财政管理 / 招投标与政府采购,我国房地产企业成本控制问题研究,我国房地产企业成本控制问题研究R02规则,核查案例涉及的数据、证据和整改链条是否完整一致。,文章案例文本；审计事项清单；问题线索台账；审计证据资料；预算指标表；财政支出明细,风险词命中/数据缺失/证据不一致/指标偏离/流程缺陷,命中对象、风险等级、证据资料、核查建议,P0,magazine_435_articles,D:\openclaw-workspace\knowledge\11-杂志文献\财政监督\19.我国房地产企业成本控制问题研究.md
MAGSUPV-0002-R01,control_rule,generated_rule,MAGSUPV-0002,63,C,监督检查与经费舞弊 / 全场景通用 / 金融审计,中国注册会计师协会关于印发《企业内部控制审计指引实施意见》的通知,中国注册会计师协会关于印发《企业内部控制审计指引实施意见》的通知R01规则,按案例主题识别同类事项中的风险特征并生成疑点。,文章案例文本；审计事项清单；问题线索台账；审计证据资料；内控制度；会计凭证,风险词命中/数据缺失/证据不一致/指标偏离/流程缺陷,命中对象、风险等级、证据资料、核查建议,P0,magazine_435_articles,D:\openclaw-workspace\knowledge\11-杂志文献\中国注册会计师\002.中国注册会计师协会关于印发《企业内部控制审计指引实施意见》的通知.md
MAGSUPV-0002-R02,control_rule,generated_rule,MAGSUPV-0002,63,C,监督检查与经费舞弊 / 全场景通用 / 金融审计,中国注册会计师协会关于印发《企业内部控制审计指引实施意见》的通知,中国注册会计师协会关于印发《企业内部控制审计指引实施意见》的通知R02规则,核查案例涉及的数据、证据和整改链条是否完整一致。,文章案例文本；审计事项清单；问题线索台账；审计证据资料；内控制度；会计凭证,风险词命中/数据缺失/证据不一致/指标偏离/流程缺陷,命中对象、风险等级、证据资料、核查建议,P0,magazine_435_articles,D:\openclaw-workspace\knowledge\11-杂志文献\中国注册会计师\002.中国注册会计师协会关于印发《企业内部控制审计指引实施意见》的通知.md
PERFV6D-121-R01,control_rule,generated_rule,PERFV6D-121,59,C,监督检查与经费舞弊 / 经济责任审计 / 预算执行与财政管理,内部控制视角下审计监督提升事业单位绩效管理路径研,内部控制视角下审计监督提升事业单位绩效管理路径研完整性规则,检查内部控制视角下审计监督提升事业单位绩效管理路径研相关台账、凭证、审批和支付数据是否完整，缺失率超过阈值则预警。,项目台账；财务收支明细；合同与审批资料；支付凭证；审计发现清单；绩效指标表,字段缺失/跨表不一致/偏离阈值/重复异常/时序异常/空间不一致,命中对象、风险等级、证据字段、核查建议,P1,ocr_55_books_deep,E:\2026\审计方法&政策文件\_ocr_output\2经济责任审计_6期\内部控制视角下审计监督提升事业单位绩效管理路径研究.md
PERFV6D-121-R02,control_rule,generated_rule,PERFV6D-121,59,C,监督检查与经费舞弊 / 经济责任审计 / 预算执行与财政管理,内部控制视角下审计监督提升事业单位绩效管理路径研,内部控制视角下审计监督提升事业单位绩效管理路径研一致性规则,检查内部控制视角下审计监督提升事业单位绩效管理路径研在合同、支付、预算、绩效或业务台账之间是否一致。,项目台账；财务收支明细；合同与审批资料；支付凭证；审计发现清单；绩效指标表,字段缺失/跨表不一致/偏离阈值/重复异常/时序异常/空间不一致,命中对象、风险等级、证据字段、核查建议,P1,ocr_55_books_deep,E:\2026\审计方法&政策文件\_ocr_output\2经济责任审计_6期\内部控制视角下审计监督提升事业单位绩效管理路径研究.md
PERFV6D-121-R03,control_rule,generated_rule,PERFV6D-121,59,C,监督检查与经费舞弊 / 经济责任审计 / 预算执行与财政管理,内部控制视角下审计监督提升事业单位绩效管理路径研,内部控制视角下审计监督提升事业单位绩效管理路径研异常性规则,按历史均值、同类项目分位数或政策标准识别内部控制视角下审计监督提升事业单位绩效管理路径研异常偏离。,项目台账；财务收支明细；合同与审批资料；支付凭证；审计发现清单；绩效指标表,字段缺失/跨表不一致/偏离阈值/重复异常/时序异常/空间不一致,命中对象、风险等级、证据字段、核查建议,P1,ocr_55_books_deep,E:\2026\审计方法&政策文件\_ocr_output\2经济责任审计_6期\内部控制视角下审计监督提升事业单位绩效管理路径研究.md
PERFV6D-062-R01,control_rule,generated_rule,PERFV6D-062,59,C,监督检查与经费舞弊 / 预算执行与财政管理 / 经济责任审计,主要职能部门在内部控制建设中的角色分析,主要职能部门在内部控制建设中的角色分析完整性规则,检查主要职能部门在内部控制建设中的角色分析相关台账、凭证、审批和支付数据是否完整，缺失率超过阈值则预警。,项目台账；财务收支明细；合同与审批资料；支付凭证；审计发现清单；预算批复表,字段缺失/跨表不一致/偏离阈值/重复异常/时序异常/空间不一致,命中对象、风险等级、证据字段、核查建议,P1,ocr_55_books_deep,E:\2026\审计方法&政策文件\_ocr_output\通用\行政事业单位内部控制建设原理与操作实务.pdf.md
PERFV6D-062-R02,control_rule,generated_rule,PERFV6D-062,59,C,监督检查与经费舞弊 / 预算执行与财政管理 / 经济责任审计,主要职能部门在内部控制建设中的角色分析,主要职能部门在内部控制建设中的角色分析一致性规则,检查主要职能部门在内部控制建设中的角色分析在合同、支付、预算、绩效或业务台账之间是否一致。,项目台账；财务收支明细；合同与审批资料；支付凭证；审计发现清单；预算批复表,字段缺失/跨表不一致/偏离阈值/重复异常/时序异常/空间不一致,命中对象、风险等级、证据字段、核查建议,P1,ocr_55_books_deep,E:\2026\审计方法&政策文件\_ocr_output\通用\行政事业单位内部控制建设原理与操作实务.pdf.md
PERFV6D-062-R03,control_rule,generated_rule,PERFV6D-062,59,C,监督检查与经费舞弊 / 预算执行与财政管理 / 经济责任审计,主要职能部门在内部控制建设中的角色分析,主要职能部门在内部控制建设中的角色分析异常性规则,按历史均值、同类项目分位数或政策标准识别主要职能部门在内部控制建设中的角色分析异常偏离。,项目台账；财务收支明细；合同与审批资料；支付凭证；审计发现清单；预算批复表,字段缺失/跨表不一致/偏离阈值/重复异常/时序异常/空间不一致,命中对象、风险等级、证据字段、核查建议,P1,ocr_55_books_deep,E:\2026\审计方法&政策文件\_ocr_output\通用\行政事业单位内部控制建设原理与操作实务.pdf.md
SUPVV6D-042-R01,control_rule,generated_rule,SUPVV6D-042,59,C,监督检查与经费舞弊 / 预算执行与财政管理 / 经济责任审计,其他内部控制方法/44,其他内部控制方法/44完整性规则,检查其他内部控制方法/44相关台账、凭证、审批和支付数据是否完整，缺失率超过阈值则预警。,项目台账；财务收支明细；合同与审批资料；支付凭证；审计发现清单；绩效指标表,字段缺失/跨表不一致/偏离阈值/重复异常/时序异常/空间不一致,命中对象、风险等级、证据字段、核查建议,P1,ocr_55_books_deep,E:\2026\审计方法&政策文件\_ocr_output\通用\行政事业单位内部控制体系建设全流程操作指南.pdf.md
SUPVV6D-042-R02,control_rule,generated_rule,SUPVV6D-042,59,C,监督检查与经费舞弊 / 预算执行与财政管理 / 经济责任审计,其他内部控制方法/44,其他内部控制方法/44一致性规则,检查其他内部控制方法/44在合同、支付、预算、绩效或业务台账之间是否一致。,项目台账；财务收支明细；合同与审批资料；支付凭证；审计发现清单；绩效指标表,字段缺失/跨表不一致/偏离阈值/重复异常/时序异常/空间不一致,命中对象、风险等级、证据字段、核查建议,P1,ocr_55_books_deep,E:\2026\审计方法&政策文件\_ocr_output\通用\行政事业单位内部控制体系建设全流程操作指南.pdf.md
SUPVV6D-042-R03,control_rule,generated_rule,SUPVV6D-042,59,C,监督检查与经费舞弊 / 预算执行与财政管理 / 经济责任审计,其他内部控制方法/44,其他内部控制方法/44异常性规则,按历史均值、同类项目分位数或政策标准识别其他内部控制方法/44异常偏离。,项目台账；财务收支明细；合同与审批资料；支付凭证；审计发现清单；绩效指标表,字段缺失/跨表不一致/偏离阈值/重复异常/时序异常/空间不一致,命中对象、风险等级、证据字段、核查建议,P1,ocr_55_books_deep,E:\2026\审计方法&政策文件\_ocr_output\通用\行政事业单位内部控制体系建设全流程操作指南.pdf.md
SUPVV6D-049-R01,control_rule,generated_rule,SUPVV6D-049,59,C,监督检查与经费舞弊 / 预算执行与财政管理 / 经济责任审计,内控缺陷矩阵,内控缺陷矩阵完整性规则,检查内控缺陷矩阵相关台账、凭证、审批和支付数据是否完整，缺失率超过阈值则预警。,项目台账；财务收支明细；合同与审批资料；支付凭证；审计发现清单；预算批复表,字段缺失/跨表不一致/偏离阈值/重复异常/时序异常/空间不一致,命中对象、风险等级、证据字段、核查建议,P1,ocr_55_books_deep,E:\2026\审计方法&政策文件\_ocr_output\通用\行政事业单位内部控制体系建设实操手册.pdf.md
SUPVV6D-049-R02,control_rule,generated_rule,SUPVV6D-049,59,C,监督检查与经费舞弊 / 预算执行与财政管理 / 经济责任审计,内控缺陷矩阵,内控缺陷矩阵一致性规则,检查内控缺陷矩阵在合同、支付、预算、绩效或业务台账之间是否一致。,项目台账；财务收支明细；合同与审批资料；支付凭证；审计发现清单；预算批复表,字段缺失/跨表不一致/偏离阈值/重复异常/时序异常/空间不一致,命中对象、风险等级、证据字段、核查建议,P1,ocr_55_books_deep,E:\2026\审计方法&政策文件\_ocr_output\通用\行政事业单位内部控制体系建设实操手册.pdf.md
SUPVV6D-049-R03,control_rule,generated_rule,SUPVV6D-049,59,C,监督检查与经费舞弊 / 预算执行与财政管理 / 经济责任审计,内控缺陷矩阵,内控缺陷矩阵异常性规则,按历史均值、同类项目分位数或政策标准识别内控缺陷矩阵异常偏离。,项目台账；财务收支明细；合同与审批资料；支付凭证；审计发现清单；预算批复表,字段缺失/跨表不一致/偏离阈值/重复异常/时序异常/空间不一致,命中对象、风险等级、证据字段、核查建议,P1,ocr_55_books_deep,E:\2026\审计方法&政策文件\_ocr_output\通用\行政事业单位内部控制体系建设实操手册.pdf.md
PERFV6D-067-R01,control_rule,generated_rule,PERFV6D-067,59,C,监督检查与经费舞弊 / 预算执行与财政管理 / 经济责任审计,内控缺陷矩阵,内控缺陷矩阵完整性规则,检查内控缺陷矩阵相关台账、凭证、审批和支付数据是否完整，缺失率超过阈值则预警。,项目台账；财务收支明细；合同与审批资料；支付凭证；审计发现清单；预算批复表,字段缺失/跨表不一致/偏离阈值/重复异常/时序异常/空间不一致,命中对象、风险等级、证据字段、核查建议,P1,ocr_55_books_deep,E:\2026\审计方法&政策文件\_ocr_output\通用\行政事业单位内部控制建设原理与操作实务.pdf.md
PERFV6D-067-R02,control_rule,generated_rule,PERFV6D-067,59,C,监督检查与经费舞弊 / 预算执行与财政管理 / 经济责任审计,内控缺陷矩阵,内控缺陷矩阵一致性规则,检查内控缺陷矩阵在合同、支付、预算、绩效或业务台账之间是否一致。,项目台账；财务收支明细；合同与审批资料；支付凭证；审计发现清单；预算批复表,字段缺失/跨表不一致/偏离阈值/重复异常/时序异常/空间不一致,命中对象、风险等级、证据字段、核查建议,P1,ocr_55_books_deep,E:\2026\审计方法&政策文件\_ocr_output\通用\行政事业单位内部控制建设原理与操作实务.pdf.md
PERFV6D-067-R03,control_rule,generated_rule,PERFV6D-067,59,C,监督检查与经费舞弊 / 预算执行与财政管理 / 经济责任审计,内控缺陷矩阵,内控缺陷矩阵异常性规则,按历史均值、同类项目分位数或政策标准识别内控缺陷矩阵异常偏离。,项目台账；财务收支明细；合同与审批资料；支付凭证；审计发现清单；预算批复表,字段缺失/跨表不一致/偏离阈值/重复异常/时序异常/空间不一致,命中对象、风险等级、证据字段、核查建议,P1,ocr_55_books_deep,E:\2026\审计方法&政策文件\_ocr_output\通用\行政事业单位内部控制建设原理与操作实务.pdf.md
PERFV6D-072-R01,control_rule,generated_rule,PERFV6D-072,59,C,监督检查与经费舞弊 / 预算执行与财政管理 / 经济责任审计,内控缺陷矩阵,内控缺陷矩阵完整性规则,检查内控缺陷矩阵相关台账、凭证、审批和支付数据是否完整，缺失率超过阈值则预警。,项目台账；财务收支明细；合同与审批资料；支付凭证；审计发现清单；预算批复表,字段缺失/跨表不一致/偏离阈值/重复异常/时序异常/空间不一致,命中对象、风险等级、证据字段、核查建议,P1,ocr_55_books_deep,E:\2026\审计方法&政策文件\_ocr_output\通用\行政事业单位内部控制规范实施指南.pdf.md
PERFV6D-072-R02,control_rule,generated_rule,PERFV6D-072,59,C,监督检查与经费舞弊 / 预算执行与财政管理 / 经济责任审计,内控缺陷矩阵,内控缺陷矩阵一致性规则,检查内控缺陷矩阵在合同、支付、预算、绩效或业务台账之间是否一致。,项目台账；财务收支明细；合同与审批资料；支付凭证；审计发现清单；预算批复表,字段缺失/跨表不一致/偏离阈值/重复异常/时序异常/空间不一致,命中对象、风险等级、证据字段、核查建议,P1,ocr_55_books_deep,E:\2026\审计方法&政策文件\_ocr_output\通用\行政事业单位内部控制规范实施指南.pdf.md
PERFV6D-072-R03,control_rule,generated_rule,PERFV6D-072,59,C,监督检查与经费舞弊 / 预算执行与财政管理 / 经济责任审计,内控缺陷矩阵,内控缺陷矩阵异常性规则,按历史均值、同类项目分位数或政策标准识别内控缺陷矩阵异常偏离。,项目台账；财务收支明细；合同与审批资料；支付凭证；审计发现清单；预算批复表,字段缺失/跨表不一致/偏离阈值/重复异常/时序异常/空间不一致,命中对象、风险等级、证据字段、核查建议,P1,ocr_55_books_deep,E:\2026\审计方法&政策文件\_ocr_output\通用\行政事业单位内部控制规范实施指南.pdf.md
SOEV6D-009-R01,control_rule,generated_rule,SOEV6D-009,59,C,监督检查与经费舞弊 / 预算执行与财政管理 / 经济责任审计,内部控制、公司治理与内部审计相关的案例,内部控制、公司治理与内部审计相关的案例完整性规则,检查内部控制、公司治理与内部审计相关的案例相关台账、凭证、审批和支付数据是否完整，缺失率超过阈值则预警。,项目台账；财务收支明细；合同与审批资料；支付凭证；审计发现清单,字段缺失/跨表不一致/偏离阈值/重复异常/时序异常/空间不一致,命中对象、风险等级、证据字段、核查建议,P1,ocr_55_books_deep,E:\2026\审计方法&政策文件\_ocr_output\通用\审计专题教学案例精选.pdf.md
SOEV6D-009-R02,control_rule,generated_rule,SOEV6D-009,59,C,监督检查与经费舞弊 / 预算执行与财政管理 / 经济责任审计,内部控制、公司治理与内部审计相关的案例,内部控制、公司治理与内部审计相关的案例一致性规则,检查内部控制、公司治理与内部审计相关的案例在合同、支付、预算、绩效或业务台账之间是否一致。,项目台账；财务收支明细；合同与审批资料；支付凭证；审计发现清单,字段缺失/跨表不一致/偏离阈值/重复异常/时序异常/空间不一致,命中对象、风险等级、证据字段、核查建议,P1,ocr_55_books_deep,E:\2026\审计方法&政策文件\_ocr_output\通用\审计专题教学案例精选.pdf.md
SOEV6D-009-R03,control_rule,generated_rule,SOEV6D-009,59,C,监督检查与经费舞弊 / 预算执行与财政管理 / 经济责任审计,内部控制、公司治理与内部审计相关的案例,内部控制、公司治理与内部审计相关的案例异常性规则,按历史均值、同类项目分位数或政策标准识别内部控制、公司治理与内部审计相关的案例异常偏离。,项目台账；财务收支明细；合同与审批资料；支付凭证；审计发现清单,字段缺失/跨表不一致/偏离阈值/重复异常/时序异常/空间不一致,命中对象、风险等级、证据字段、核查建议,P1,ocr_55_books_deep,E:\2026\审计方法&政策文件\_ocr_output\通用\审计专题教学案例精选.pdf.md
SUPVV6D-044-R01,control_rule,generated_rule,SUPVV6D-044,59,C,监督检查与经费舞弊 / 预算执行与财政管理 / 经济责任审计,内部控制实施方法论体系,内部控制实施方法论体系完整性规则,检查内部控制实施方法论体系相关台账、凭证、审批和支付数据是否完整，缺失率超过阈值则预警。,项目台账；财务收支明细；合同与审批资料；支付凭证；审计发现清单；预算批复表,字段缺失/跨表不一致/偏离阈值/重复异常/时序异常/空间不一致,命中对象、风险等级、证据字段、核查建议,P1,ocr_55_books_deep,E:\2026\审计方法&政策文件\_ocr_output\通用\行政事业单位内部控制体系建设实操手册.pdf.md
SUPVV6D-044-R02,control_rule,generated_rule,SUPVV6D-044,59,C,监督检查与经费舞弊 / 预算执行与财政管理 / 经济责任审计,内部控制实施方法论体系,内部控制实施方法论体系一致性规则,检查内部控制实施方法论体系在合同、支付、预算、绩效或业务台账之间是否一致。,项目台账；财务收支明细；合同与审批资料；支付凭证；审计发现清单；预算批复表,字段缺失/跨表不一致/偏离阈值/重复异常/时序异常/空间不一致,命中对象、风险等级、证据字段、核查建议,P1,ocr_55_books_deep,E:\2026\审计方法&政策文件\_ocr_output\通用\行政事业单位内部控制体系建设实操手册.pdf.md
SUPVV6D-044-R03,control_rule,generated_rule,SUPVV6D-044,59,C,监督检查与经费舞弊 / 预算执行与财政管理 / 经济责任审计,内部控制实施方法论体系,内部控制实施方法论体系异常性规则,按历史均值、同类项目分位数或政策标准识别内部控制实施方法论体系异常偏离。,项目台账；财务收支明细；合同与审批资料；支付凭证；审计发现清单；预算批复表,字段缺失/跨表不一致/偏离阈值/重复异常/时序异常/空间不一致,命中对象、风险等级、证据字段、核查建议,P1,ocr_55_books_deep,E:\2026\审计方法&政策文件\_ocr_output\通用\行政事业单位内部控制体系建设实操手册.pdf.md
SUPVV6D-046-R01,control_rule,generated_rule,SUPVV6D-046,59,C,监督检查与经费舞弊 / 预算执行与财政管理 / 经济责任审计,内部控制实施方法论的核心理念,内部控制实施方法论的核心理念完整性规则,检查内部控制实施方法论的核心理念相关台账、凭证、审批和支付数据是否完整，缺失率超过阈值则预警。,项目台账；财务收支明细；合同与审批资料；支付凭证；审计发现清单；预算批复表,字段缺失/跨表不一致/偏离阈值/重复异常/时序异常/空间不一致,命中对象、风险等级、证据字段、核查建议,P1,ocr_55_books_deep,E:\2026\审计方法&政策文件\_ocr_output\通用\行政事业单位内部控制体系建设实操手册.pdf.md
SUPVV6D-046-R02,control_rule,generated_rule,SUPVV6D-046,59,C,监督检查与经费舞弊 / 预算执行与财政管理 / 经济责任审计,内部控制实施方法论的核心理念,内部控制实施方法论的核心理念一致性规则,检查内部控制实施方法论的核心理念在合同、支付、预算、绩效或业务台账之间是否一致。,项目台账；财务收支明细；合同与审批资料；支付凭证；审计发现清单；预算批复表,字段缺失/跨表不一致/偏离阈值/重复异常/时序异常/空间不一致,命中对象、风险等级、证据字段、核查建议,P1,ocr_55_books_deep,E:\2026\审计方法&政策文件\_ocr_output\通用\行政事业单位内部控制体系建设实操手册.pdf.md
SUPVV6D-046-R03,control_rule,generated_rule,SUPVV6D-046,59,C,监督检查与经费舞弊 / 预算执行与财政管理 / 经济责任审计,内部控制实施方法论的核心理念,内部控制实施方法论的核心理念异常性规则,按历史均值、同类项目分位数或政策标准识别内部控制实施方法论的核心理念异常偏离。,项目台账；财务收支明细；合同与审批资料；支付凭证；审计发现清单；预算批复表,字段缺失/跨表不一致/偏离阈值/重复异常/时序异常/空间不一致,命中对象、风险等级、证据字段、核查建议,P1,ocr_55_books_deep,E:\2026\审计方法&政策文件\_ocr_output\通用\行政事业单位内部控制体系建设实操手册.pdf.md
SUPVV6D-047-R01,control_rule,generated_rule,SUPVV6D-047,59,C,监督检查与经费舞弊 / 预算执行与财政管理 / 经济责任审计,内部控制实施方法论的核心理念是专业化、标准化,内部控制实施方法论的核心理念是专业化、标准化完整性规则,检查内部控制实施方法论的核心理念是专业化、标准化相关台账、凭证、审批和支付数据是否完整，缺失率超过阈值则预警。,项目台账；财务收支明细；合同与审批资料；支付凭证；审计发现清单；预算批复表,字段缺失/跨表不一致/偏离阈值/重复异常/时序异常/空间不一致,命中对象、风险等级、证据字段、核查建议,P1,ocr_55_books_deep,E:\2026\审计方法&政策文件\_ocr_output\通用\行政事业单位内部控制体系建设实操手册.pdf.md
SUPVV6D-047-R02,control_rule,generated_rule,SUPVV6D-047,59,C,监督检查与经费舞弊 / 预算执行与财政管理 / 经济责任审计,内部控制实施方法论的核心理念是专业化、标准化,内部控制实施方法论的核心理念是专业化、标准化一致性规则,检查内部控制实施方法论的核心理念是专业化、标准化在合同、支付、预算、绩效或业务台账之间是否一致。,项目台账；财务收支明细；合同与审批资料；支付凭证；审计发现清单；预算批复表,字段缺失/跨表不一致/偏离阈值/重复异常/时序异常/空间不一致,命中对象、风险等级、证据字段、核查建议,P1,ocr_55_books_deep,E:\2026\审计方法&政策文件\_ocr_output\通用\行政事业单位内部控制体系建设实操手册.pdf.md
SUPVV6D-047-R03,control_rule,generated_rule,SUPVV6D-047,59,C,监督检查与经费舞弊 / 预算执行与财政管理 / 经济责任审计,内部控制实施方法论的核心理念是专业化、标准化,内部控制实施方法论的核心理念是专业化、标准化异常性规则,按历史均值、同类项目分位数或政策标准识别内部控制实施方法论的核心理念是专业化、标准化异常偏离。,项目台账；财务收支明细；合同与审批资料；支付凭证；审计发现清单；预算批复表,字段缺失/跨表不一致/偏离阈值/重复异常/时序异常/空间不一致,命中对象、风险等级、证据字段、核查建议,P1,ocr_55_books_deep,E:\2026\审计方法&政策文件\_ocr_output\通用\行政事业单位内部控制体系建设实操手册.pdf.md
PERFV6D-058-R01,control_rule,generated_rule,PERFV6D-058,59,C,监督检查与经费舞弊 / 预算执行与财政管理 / 经济责任审计,内部控制审计方法,内部控制审计方法完整性规则,检查内部控制审计方法相关台账、凭证、审批和支付数据是否完整，缺失率超过阈值则预警。,项目台账；财务收支明细；合同与审批资料；支付凭证；审计发现清单；绩效指标表,字段缺失/跨表不一致/偏离阈值/重复异常/时序异常/空间不一致,命中对象、风险等级、证据字段、核查建议,P1,ocr_55_books_deep,E:\2026\审计方法&政策文件\_ocr_output\通用\内部控制审计实务指南.pdf.md
PERFV6D-058-R02,control_rule,generated_rule,PERFV6D-058,59,C,监督检查与经费舞弊 / 预算执行与财政管理 / 经济责任审计,内部控制审计方法,内部控制审计方法一致性规则,检查内部控制审计方法在合同、支付、预算、绩效或业务台账之间是否一致。,项目台账；财务收支明细；合同与审批资料；支付凭证；审计发现清单；绩效指标表,字段缺失/跨表不一致/偏离阈值/重复异常/时序异常/空间不一致,命中对象、风险等级、证据字段、核查建议,P1,ocr_55_books_deep,E:\2026\审计方法&政策文件\_ocr_output\通用\内部控制审计实务指南.pdf.md
PERFV6D-058-R03,control_rule,generated_rule,PERFV6D-058,59,C,监督检查与经费舞弊 / 预算执行与财政管理 / 经济责任审计,内部控制审计方法,内部控制审计方法异常性规则,按历史均值、同类项目分位数或政策标准识别内部控制审计方法异常偏离。,项目台账；财务收支明细；合同与审批资料；支付凭证；审计发现清单；绩效指标表,字段缺失/跨表不一致/偏离阈值/重复异常/时序异常/空间不一致,命中对象、风险等级、证据字段、核查建议,P1,ocr_55_books_deep,E:\2026\审计方法&政策文件\_ocr_output\通用\内部控制审计实务指南.pdf.md
FINV6D-001-R01,control_rule,generated_rule,FINV6D-001,69,C,监督检查与经费舞弊 / 预算执行与财政管理 / 经济责任审计,内部控制审计案例…,内部控制审计案例…完整性规则,检查内部控制审计案例…相关台账、凭证、审批和支付数据是否完整，缺失率超过阈值则预警。,项目台账；财务收支明细；合同与审批资料；支付凭证；审计发现清单；采购公告,字段缺失/跨表不一致/偏离阈值/重复异常/时序异常/空间不一致,命中对象、风险等级、证据字段、核查建议,P0,ocr_55_books_deep,E:\2026\审计方法&政策文件\_ocr_output\通用\审计案例.pdf.md
FINV6D-001-R02,control_rule,generated_rule,FINV6D-001,69,C,监督检查与经费舞弊 / 预算执行与财政管理 / 经济责任审计,内部控制审计案例…,内部控制审计案例…一致性规则,检查内部控制审计案例…在合同、支付、预算、绩效或业务台账之间是否一致。,项目台账；财务收支明细；合同与审批资料；支付凭证；审计发现清单；采购公告,字段缺失/跨表不一致/偏离阈值/重复异常/时序异常/空间不一致,命中对象、风险等级、证据字段、核查建议,P0,ocr_55_books_deep,E:\2026\审计方法&政策文件\_ocr_output\通用\审计案例.pdf.md
FINV6D-001-R03,control_rule,generated_rule,FINV6D-001,69,C,监督检查与经费舞弊 / 预算执行与财政管理 / 经济责任审计,内部控制审计案例…,内部控制审计案例…异常性规则,按历史均值、同类项目分位数或政策标准识别内部控制审计案例…异常偏离。,项目台账；财务收支明细；合同与审批资料；支付凭证；审计发现清单；采购公告,字段缺失/跨表不一致/偏离阈值/重复异常/时序异常/空间不一致,命中对象、风险等级、证据字段、核查建议,P0,ocr_55_books_deep,E:\2026\审计方法&政策文件\_ocr_output\通用\审计案例.pdf.md
PERFV6D-056-R01,control_rule,generated_rule,PERFV6D-056,59,C,监督检查与经费舞弊 / 预算执行与财政管理 / 经济责任审计,内部控制审计概述及案例1,内部控制审计概述及案例1完整性规则,检查内部控制审计概述及案例1相关台账、凭证、审批和支付数据是否完整，缺失率超过阈值则预警。,项目台账；财务收支明细；合同与审批资料；支付凭证；审计发现清单；绩效指标表,字段缺失/跨表不一致/偏离阈值/重复异常/时序异常/空间不一致,命中对象、风险等级、证据字段、核查建议,P1,ocr_55_books_deep,E:\2026\审计方法&政策文件\_ocr_output\通用\内部控制审计实务指南.pdf.md
PERFV6D-056-R02,control_rule,generated_rule,PERFV6D-056,59,C,监督检查与经费舞弊 / 预算执行与财政管理 / 经济责任审计,内部控制审计概述及案例1,内部控制审计概述及案例1一致性规则,检查内部控制审计概述及案例1在合同、支付、预算、绩效或业务台账之间是否一致。,项目台账；财务收支明细；合同与审批资料；支付凭证；审计发现清单；绩效指标表,字段缺失/跨表不一致/偏离阈值/重复异常/时序异常/空间不一致,命中对象、风险等级、证据字段、核查建议,P1,ocr_55_books_deep,E:\2026\审计方法&政策文件\_ocr_output\通用\内部控制审计实务指南.pdf.md
PERFV6D-056-R03,control_rule,generated_rule,PERFV6D-056,59,C,监督检查与经费舞弊 / 预算执行与财政管理 / 经济责任审计,内部控制审计概述及案例1,内部控制审计概述及案例1异常性规则,按历史均值、同类项目分位数或政策标准识别内部控制审计概述及案例1异常偏离。,项目台账；财务收支明细；合同与审批资料；支付凭证；审计发现清单；绩效指标表,字段缺失/跨表不一致/偏离阈值/重复异常/时序异常/空间不一致,命中对象、风险等级、证据字段、核查建议,P1,ocr_55_books_deep,E:\2026\审计方法&政策文件\_ocr_output\通用\内部控制审计实务指南.pdf.md
PERFV6D-057-R01,control_rule,generated_rule,PERFV6D-057,59,C,监督检查与经费舞弊 / 预算执行与财政管理 / 经济责任审计,内部控制审计程序,内部控制审计程序完整性规则,检查内部控制审计程序相关台账、凭证、审批和支付数据是否完整，缺失率超过阈值则预警。,项目台账；财务收支明细；合同与审批资料；支付凭证；审计发现清单；绩效指标表,字段缺失/跨表不一致/偏离阈值/重复异常/时序异常/空间不一致,命中对象、风险等级、证据字段、核查建议,P1,ocr_55_books_deep,E:\2026\审计方法&政策文件\_ocr_output\通用\内部控制审计实务指南.pdf.md
PERFV6D-057-R02,control_rule,generated_rule,PERFV6D-057,59,C,监督检查与经费舞弊 / 预算执行与财政管理 / 经济责任审计,内部控制审计程序,内部控制审计程序一致性规则,检查内部控制审计程序在合同、支付、预算、绩效或业务台账之间是否一致。,项目台账；财务收支明细；合同与审批资料；支付凭证；审计发现清单；绩效指标表,字段缺失/跨表不一致/偏离阈值/重复异常/时序异常/空间不一致,命中对象、风险等级、证据字段、核查建议,P1,ocr_55_books_deep,E:\2026\审计方法&政策文件\_ocr_output\通用\内部控制审计实务指南.pdf.md
PERFV6D-057-R03,control_rule,generated_rule,PERFV6D-057,59,C,监督检查与经费舞弊 / 预算执行与财政管理 / 经济责任审计,内部控制审计程序,内部控制审计程序异常性规则,按历史均值、同类项目分位数或政策标准识别内部控制审计程序异常偏离。,项目台账；财务收支明细；合同与审批资料；支付凭证；审计发现清单；绩效指标表,字段缺失/跨表不一致/偏离阈值/重复异常/时序异常/空间不一致,命中对象、风险等级、证据字段、核查建议,P1,ocr_55_books_deep,E:\2026\审计方法&政策文件\_ocr_output\通用\内部控制审计实务指南.pdf.md
SUPVV6D-037-R01,control_rule,generated_rule,SUPVV6D-037,69,C,监督检查与经费舞弊 / 预算执行与财政管理 / 经济责任审计,常用的风险应对策略及内部控制方法,常用的风险应对策略及内部控制方法完整性规则,检查常用的风险应对策略及内部控制方法相关台账、凭证、审批和支付数据是否完整，缺失率超过阈值则预警。,项目台账；财务收支明细；合同与审批资料；支付凭证；审计发现清单；绩效指标表,字段缺失/跨表不一致/偏离阈值/重复异常/时序异常/空间不一致,命中对象、风险等级、证据字段、核查建议,P0,ocr_55_books_deep,E:\2026\审计方法&政策文件\_ocr_output\通用\行政事业单位内部控制体系建设全流程操作指南.pdf.md
SUPVV6D-037-R02,control_rule,generated_rule,SUPVV6D-037,69,C,监督检查与经费舞弊 / 预算执行与财政管理 / 经济责任审计,常用的风险应对策略及内部控制方法,常用的风险应对策略及内部控制方法一致性规则,检查常用的风险应对策略及内部控制方法在合同、支付、预算、绩效或业务台账之间是否一致。,项目台账；财务收支明细；合同与审批资料；支付凭证；审计发现清单；绩效指标表,字段缺失/跨表不一致/偏离阈值/重复异常/时序异常/空间不一致,命中对象、风险等级、证据字段、核查建议,P0,ocr_55_books_deep,E:\2026\审计方法&政策文件\_ocr_output\通用\行政事业单位内部控制体系建设全流程操作指南.pdf.md
SUPVV6D-037-R03,control_rule,generated_rule,SUPVV6D-037,69,C,监督检查与经费舞弊 / 预算执行与财政管理 / 经济责任审计,常用的风险应对策略及内部控制方法,常用的风险应对策略及内部控制方法异常性规则,按历史均值、同类项目分位数或政策标准识别常用的风险应对策略及内部控制方法异常偏离。,项目台账；财务收支明细；合同与审批资料；支付凭证；审计发现清单；绩效指标表,字段缺失/跨表不一致/偏离阈值/重复异常/时序异常/空间不一致,命中对象、风险等级、证据字段、核查建议,P0,ocr_55_books_deep,E:\2026\审计方法&政策文件\_ocr_output\通用\行政事业单位内部控制体系建设全流程操作指南.pdf.md
PERFV6D-059-R01,control_rule,generated_rule,PERFV6D-059,59,C,监督检查与经费舞弊 / 预算执行与财政管理 / 经济责任审计,某上市公司内部控制审计工作方案案例28,某上市公司内部控制审计工作方案案例28完整性规则,检查某上市公司内部控制审计工作方案案例28相关台账、凭证、审批和支付数据是否完整，缺失率超过阈值则预警。,项目台账；财务收支明细；合同与审批资料；支付凭证；审计发现清单；绩效指标表,字段缺失/跨表不一致/偏离阈值/重复异常/时序异常/空间不一致,命中对象、风险等级、证据字段、核查建议,P1,ocr_55_books_deep,E:\2026\审计方法&政策文件\_ocr_output\通用\内部控制审计实务指南.pdf.md
PERFV6D-059-R02,control_rule,generated_rule,PERFV6D-059,59,C,监督检查与经费舞弊 / 预算执行与财政管理 / 经济责任审计,某上市公司内部控制审计工作方案案例28,某上市公司内部控制审计工作方案案例28一致性规则,检查某上市公司内部控制审计工作方案案例28在合同、支付、预算、绩效或业务台账之间是否一致。,项目台账；财务收支明细；合同与审批资料；支付凭证；审计发现清单；绩效指标表,字段缺失/跨表不一致/偏离阈值/重复异常/时序异常/空间不一致,命中对象、风险等级、证据字段、核查建议,P1,ocr_55_books_deep,E:\2026\审计方法&政策文件\_ocr_output\通用\内部控制审计实务指南.pdf.md
PERFV6D-059-R03,control_rule,generated_rule,PERFV6D-059,59,C,监督检查与经费舞弊 / 预算执行与财政管理 / 经济责任审计,某上市公司内部控制审计工作方案案例28,某上市公司内部控制审计工作方案案例28异常性规则,按历史均值、同类项目分位数或政策标准识别某上市公司内部控制审计工作方案案例28异常偏离。,项目台账；财务收支明细；合同与审批资料；支付凭证；审计发现清单；绩效指标表,字段缺失/跨表不一致/偏离阈值/重复异常/时序异常/空间不一致,命中对象、风险等级、证据字段、核查建议,P1,ocr_55_books_deep,E:\2026\审计方法&政策文件\_ocr_output\通用\内部控制审计实务指南.pdf.md
PERFV6D-054-R01,control_rule,generated_rule,PERFV6D-054,69,C,监督检查与经费舞弊 / 预算执行与财政管理 / 经济责任审计,某央企内部控制审计程序和方法案例26,某央企内部控制审计程序和方法案例26完整性规则,检查某央企内部控制审计程序和方法案例26相关台账、凭证、审批和支付数据是否完整，缺失率超过阈值则预警。,项目台账；财务收支明细；合同与审批资料；支付凭证；审计发现清单；绩效指标表,字段缺失/跨表不一致/偏离阈值/重复异常/时序异常/空间不一致,命中对象、风险等级、证据字段、核查建议,P0,ocr_55_books_deep,E:\2026\审计方法&政策文件\_ocr_output\通用\内部控制审计实务指南.pdf.md
PERFV6D-054-R02,control_rule,generated_rule,PERFV6D-054,69,C,监督检查与经费舞弊 / 预算执行与财政管理 / 经济责任审计,某央企内部控制审计程序和方法案例26,某央企内部控制审计程序和方法案例26一致性规则,检查某央企内部控制审计程序和方法案例26在合同、支付、预算、绩效或业务台账之间是否一致。,项目台账；财务收支明细；合同与审批资料；支付凭证；审计发现清单；绩效指标表,字段缺失/跨表不一致/偏离阈值/重复异常/时序异常/空间不一致,命中对象、风险等级、证据字段、核查建议,P0,ocr_55_books_deep,E:\2026\审计方法&政策文件\_ocr_output\通用\内部控制审计实务指南.pdf.md
PERFV6D-054-R03,control_rule,generated_rule,PERFV6D-054,69,C,监督检查与经费舞弊 / 预算执行与财政管理 / 经济责任审计,某央企内部控制审计程序和方法案例26,某央企内部控制审计程序和方法案例26异常性规则,按历史均值、同类项目分位数或政策标准识别某央企内部控制审计程序和方法案例26异常偏离。,项目台账；财务收支明细；合同与审批资料；支付凭证；审计发现清单；绩效指标表,字段缺失/跨表不一致/偏离阈值/重复异常/时序异常/空间不一致,命中对象、风险等级、证据字段、核查建议,P0,ocr_55_books_deep,E:\2026\审计方法&政策文件\_ocr_output\通用\内部控制审计实务指南.pdf.md
PERFV6D-055-R01,control_rule,generated_rule,PERFV6D-055,59,C,监督检查与经费舞弊 / 预算执行与财政管理 / 经济责任审计,某研究院内部控制审计发现缺陷及管理建议案例33,某研究院内部控制审计发现缺陷及管理建议案例33完整性规则,检查某研究院内部控制审计发现缺陷及管理建议案例33相关台账、凭证、审批和支付数据是否完整，缺失率超过阈值则预警。,项目台账；财务收支明细；合同与审批资料；支付凭证；审计发现清单；绩效指标表,字段缺失/跨表不一致/偏离阈值/重复异常/时序异常/空间不一致,命中对象、风险等级、证据字段、核查建议,P1,ocr_55_books_deep,E:\2026\审计方法&政策文件\_ocr_output\通用\内部控制审计实务指南.pdf.md
PERFV6D-055-R02,control_rule,generated_rule,PERFV6D-055,59,C,监督检查与经费舞弊 / 预算执行与财政管理 / 经济责任审计,某研究院内部控制审计发现缺陷及管理建议案例33,某研究院内部控制审计发现缺陷及管理建议案例33一致性规则,检查某研究院内部控制审计发现缺陷及管理建议案例33在合同、支付、预算、绩效或业务台账之间是否一致。,项目台账；财务收支明细；合同与审批资料；支付凭证；审计发现清单；绩效指标表,字段缺失/跨表不一致/偏离阈值/重复异常/时序异常/空间不一致,命中对象、风险等级、证据字段、核查建议,P1,ocr_55_books_deep,E:\2026\审计方法&政策文件\_ocr_output\通用\内部控制审计实务指南.pdf.md
PERFV6D-055-R03,control_rule,generated_rule,PERFV6D-055,59,C,监督检查与经费舞弊 / 预算执行与财政管理 / 经济责任审计,某研究院内部控制审计发现缺陷及管理建议案例33,某研究院内部控制审计发现缺陷及管理建议案例33异常性规则,按历史均值、同类项目分位数或政策标准识别某研究院内部控制审计发现缺陷及管理建议案例33异常偏离。,项目台账；财务收支明细；合同与审批资料；支付凭证；审计发现清单；绩效指标表,字段缺失/跨表不一致/偏离阈值/重复异常/时序异常/空间不一致,命中对象、风险等级、证据字段、核查建议,P1,ocr_55_books_deep,E:\2026\审计方法&政策文件\_ocr_output\通用\内部控制审计实务指南.pdf.md
PERFV6D-060-R01,control_rule,generated_rule,PERFV6D-060,59,C,监督检查与经费舞弊 / 预算执行与财政管理 / 经济责任审计,某集团内部控制审计报告案例30,某集团内部控制审计报告案例30完整性规则,检查某集团内部控制审计报告案例30相关台账、凭证、审批和支付数据是否完整，缺失率超过阈值则预警。,项目台账；财务收支明细；合同与审批资料；支付凭证；审计发现清单；绩效指标表,字段缺失/跨表不一致/偏离阈值/重复异常/时序异常/空间不一致,命中对象、风险等级、证据字段、核查建议,P1,ocr_55_books_deep,E:\2026\审计方法&政策文件\_ocr_output\通用\内部控制审计实务指南.pdf.md
PERFV6D-060-R02,control_rule,generated_rule,PERFV6D-060,59,C,监督检查与经费舞弊 / 预算执行与财政管理 / 经济责任审计,某集团内部控制审计报告案例30,某集团内部控制审计报告案例30一致性规则,检查某集团内部控制审计报告案例30在合同、支付、预算、绩效或业务台账之间是否一致。,项目台账；财务收支明细；合同与审批资料；支付凭证；审计发现清单；绩效指标表,字段缺失/跨表不一致/偏离阈值/重复异常/时序异常/空间不一致,命中对象、风险等级、证据字段、核查建议,P1,ocr_55_books_deep,E:\2026\审计方法&政策文件\_ocr_output\通用\内部控制审计实务指南.pdf.md
PERFV6D-060-R03,control_rule,generated_rule,PERFV6D-060,59,C,监督检查与经费舞弊 / 预算执行与财政管理 / 经济责任审计,某集团内部控制审计报告案例30,某集团内部控制审计报告案例30异常性规则,按历史均值、同类项目分位数或政策标准识别某集团内部控制审计报告案例30异常偏离。,项目台账；财务收支明细；合同与审批资料；支付凭证；审计发现清单；绩效指标表,字段缺失/跨表不一致/偏离阈值/重复异常/时序异常/空间不一致,命中对象、风险等级、证据字段、核查建议,P1,ocr_55_books_deep,E:\2026\审计方法&政策文件\_ocr_output\通用\内部控制审计实务指南.pdf.md
PERFV6D-061-R01,control_rule,generated_rule,PERFV6D-061,69,C,监督检查与经费舞弊 / 预算执行与财政管理 / 经济责任审计,行政事业单位内部控制的方法,行政事业单位内部控制的方法完整性规则,检查行政事业单位内部控制的方法相关台账、凭证、审批和支付数据是否完整，缺失率超过阈值则预警。,项目台账；财务收支明细；合同与审批资料；支付凭证；审计发现清单；预算批复表,字段缺失/跨表不一致/偏离阈值/重复异常/时序异常/空间不一致,命中对象、风险等级、证据字段、核查建议,P0,ocr_55_books_deep,E:\2026\审计方法&政策文件\_ocr_output\通用\行政事业单位内部控制建设原理与操作实务.pdf.md
PERFV6D-061-R02,control_rule,generated_rule,PERFV6D-061,69,C,监督检查与经费舞弊 / 预算执行与财政管理 / 经济责任审计,行政事业单位内部控制的方法,行政事业单位内部控制的方法一致性规则,检查行政事业单位内部控制的方法在合同、支付、预算、绩效或业务台账之间是否一致。,项目台账；财务收支明细；合同与审批资料；支付凭证；审计发现清单；预算批复表,字段缺失/跨表不一致/偏离阈值/重复异常/时序异常/空间不一致,命中对象、风险等级、证据字段、核查建议,P0,ocr_55_books_deep,E:\2026\审计方法&政策文件\_ocr_output\通用\行政事业单位内部控制建设原理与操作实务.pdf.md
PERFV6D-061-R03,control_rule,generated_rule,PERFV6D-061,69,C,监督检查与经费舞弊 / 预算执行与财政管理 / 经济责任审计,行政事业单位内部控制的方法,行政事业单位内部控制的方法异常性规则,按历史均值、同类项目分位数或政策标准识别行政事业单位内部控制的方法异常偏离。,项目台账；财务收支明细；合同与审批资料；支付凭证；审计发现清单；预算批复表,字段缺失/跨表不一致/偏离阈值/重复异常/时序异常/空间不一致,命中对象、风险等级、证据字段、核查建议,P0,ocr_55_books_deep,E:\2026\审计方法&政策文件\_ocr_output\通用\行政事业单位内部控制建设原理与操作实务.pdf.md
PERFV6D-063-R01,control_rule,generated_rule,PERFV6D-063,59,C,监督检查与经费舞弊 / 预算执行与财政管理 / 经济责任审计,诊断内部控制现状，出具基础性评价报告,诊断内部控制现状，出具基础性评价报告完整性规则,检查诊断内部控制现状，出具基础性评价报告相关台账、凭证、审批和支付数据是否完整，缺失率超过阈值则预警。,项目台账；财务收支明细；合同与审批资料；支付凭证；审计发现清单；预算批复表,字段缺失/跨表不一致/偏离阈值/重复异常/时序异常/空间不一致,命中对象、风险等级、证据字段、核查建议,P1,ocr_55_books_deep,E:\2026\审计方法&政策文件\_ocr_output\通用\行政事业单位内部控制建设原理与操作实务.pdf.md
PERFV6D-063-R02,control_rule,generated_rule,PERFV6D-063,59,C,监督检查与经费舞弊 / 预算执行与财政管理 / 经济责任审计,诊断内部控制现状，出具基础性评价报告,诊断内部控制现状，出具基础性评价报告一致性规则,检查诊断内部控制现状，出具基础性评价报告在合同、支付、预算、绩效或业务台账之间是否一致。,项目台账；财务收支明细；合同与审批资料；支付凭证；审计发现清单；预算批复表,字段缺失/跨表不一致/偏离阈值/重复异常/时序异常/空间不一致,命中对象、风险等级、证据字段、核查建议,P1,ocr_55_books_deep,E:\2026\审计方法&政策文件\_ocr_output\通用\行政事业单位内部控制建设原理与操作实务.pdf.md
PERFV6D-063-R03,control_rule,generated_rule,PERFV6D-063,59,C,监督检查与经费舞弊 / 预算执行与财政管理 / 经济责任审计,诊断内部控制现状，出具基础性评价报告,诊断内部控制现状，出具基础性评价报告异常性规则,按历史均值、同类项目分位数或政策标准识别诊断内部控制现状，出具基础性评价报告异常偏离。,项目台账；财务收支明细；合同与审批资料；支付凭证；审计发现清单；预算批复表,字段缺失/跨表不一致/偏离阈值/重复异常/时序异常/空间不一致,命中对象、风险等级、证据字段、核查建议,P1,ocr_55_books_deep,E:\2026\审计方法&政策文件\_ocr_output\通用\行政事业单位内部控制建设原理与操作实务.pdf.md
PERFV6D-064-R01,control_rule,generated_rule,PERFV6D-064,59,C,监督检查与经费舞弊 / 预算执行与财政管理 / 经济责任审计,预算业务控制建设,预算业务控制建设完整性规则,检查预算业务控制建设相关台账、凭证、审批和支付数据是否完整，缺失率超过阈值则预警。,项目台账；财务收支明细；合同与审批资料；支付凭证；审计发现清单；预算批复表,字段缺失/跨表不一致/偏离阈值/重复异常/时序异常/空间不一致,命中对象、风险等级、证据字段、核查建议,P1,ocr_55_books_deep,E:\2026\审计方法&政策文件\_ocr_output\通用\行政事业单位内部控制建设原理与操作实务.pdf.md
PERFV6D-064-R02,control_rule,generated_rule,PERFV6D-064,59,C,监督检查与经费舞弊 / 预算执行与财政管理 / 经济责任审计,预算业务控制建设,预算业务控制建设一致性规则,检查预算业务控制建设在合同、支付、预算、绩效或业务台账之间是否一致。,项目台账；财务收支明细；合同与审批资料；支付凭证；审计发现清单；预算批复表,字段缺失/跨表不一致/偏离阈值/重复异常/时序异常/空间不一致,命中对象、风险等级、证据字段、核查建议,P1,ocr_55_books_deep,E:\2026\审计方法&政策文件\_ocr_output\通用\行政事业单位内部控制建设原理与操作实务.pdf.md
PERFV6D-064-R03,control_rule,generated_rule,PERFV6D-064,59,C,监督检查与经费舞弊 / 预算执行与财政管理 / 经济责任审计,预算业务控制建设,预算业务控制建设异常性规则,按历史均值、同类项目分位数或政策标准识别预算业务控制建设异常偏离。,项目台账；财务收支明细；合同与审批资料；支付凭证；审计发现清单；预算批复表,字段缺失/跨表不一致/偏离阈值/重复异常/时序异常/空间不一致,命中对象、风险等级、证据字段、核查建议,P1,ocr_55_books_deep,E:\2026\审计方法&政策文件\_ocr_output\通用\行政事业单位内部控制建设原理与操作实务.pdf.md
PERFV6D-065-R01,control_rule,generated_rule,PERFV6D-065,59,C,监督检查与经费舞弊 / 预算执行与财政管理 / 经济责任审计,预算业务控制概述,预算业务控制概述完整性规则,检查预算业务控制概述相关台账、凭证、审批和支付数据是否完整，缺失率超过阈值则预警。,项目台账；财务收支明细；合同与审批资料；支付凭证；审计发现清单；预算批复表,字段缺失/跨表不一致/偏离阈值/重复异常/时序异常/空间不一致,命中对象、风险等级、证据字段、核查建议,P1,ocr_55_books_deep,E:\2026\审计方法&政策文件\_ocr_output\通用\行政事业单位内部控制建设原理与操作实务.pdf.md
PERFV6D-065-R02,control_rule,generated_rule,PERFV6D-065,59,C,监督检查与经费舞弊 / 预算执行与财政管理 / 经济责任审计,预算业务控制概述,预算业务控制概述一致性规则,检查预算业务控制概述在合同、支付、预算、绩效或业务台账之间是否一致。,项目台账；财务收支明细；合同与审批资料；支付凭证；审计发现清单；预算批复表,字段缺失/跨表不一致/偏离阈值/重复异常/时序异常/空间不一致,命中对象、风险等级、证据字段、核查建议,P1,ocr_55_books_deep,E:\2026\审计方法&政策文件\_ocr_output\通用\行政事业单位内部控制建设原理与操作实务.pdf.md
PERFV6D-065-R03,control_rule,generated_rule,PERFV6D-065,59,C,监督检查与经费舞弊 / 预算执行与财政管理 / 经济责任审计,预算业务控制概述,预算业务控制概述异常性规则,按历史均值、同类项目分位数或政策标准识别预算业务控制概述异常偏离。,项目台账；财务收支明细；合同与审批资料；支付凭证；审计发现清单；预算批复表,字段缺失/跨表不一致/偏离阈值/重复异常/时序异常/空间不一致,命中对象、风险等级、证据字段、核查建议,P1,ocr_55_books_deep,E:\2026\审计方法&政策文件\_ocr_output\通用\行政事业单位内部控制建设原理与操作实务.pdf.md
SUPVV6D-040-R01,control_rule,generated_rule,SUPVV6D-040,59,C,监督检查与经费舞弊 / 预算执行与财政管理 / 经济责任审计,预算控制/41,预算控制/41完整性规则,检查预算控制/41相关台账、凭证、审批和支付数据是否完整，缺失率超过阈值则预警。,项目台账；财务收支明细；合同与审批资料；支付凭证；审计发现清单；预算批复表,字段缺失/跨表不一致/偏离阈值/重复异常/时序异常/空间不一致,命中对象、风险等级、证据字段、核查建议,P1,ocr_55_books_deep,E:\2026\审计方法&政策文件\_ocr_output\通用\行政事业单位内部控制体系建设全流程操作指南.pdf.md
SUPVV6D-040-R02,control_rule,generated_rule,SUPVV6D-040,59,C,监督检查与经费舞弊 / 预算执行与财政管理 / 经济责任审计,预算控制/41,预算控制/41一致性规则,检查预算控制/41在合同、支付、预算、绩效或业务台账之间是否一致。,项目台账；财务收支明细；合同与审批资料；支付凭证；审计发现清单；预算批复表,字段缺失/跨表不一致/偏离阈值/重复异常/时序异常/空间不一致,命中对象、风险等级、证据字段、核查建议,P1,ocr_55_books_deep,E:\2026\审计方法&政策文件\_ocr_output\通用\行政事业单位内部控制体系建设全流程操作指南.pdf.md
SUPVV6D-040-R03,control_rule,generated_rule,SUPVV6D-040,59,C,监督检查与经费舞弊 / 预算执行与财政管理 / 经济责任审计,预算控制/41,预算控制/41异常性规则,按历史均值、同类项目分位数或政策标准识别预算控制/41异常偏离。,项目台账；财务收支明细；合同与审批资料；支付凭证；审计发现清单；预算批复表,字段缺失/跨表不一致/偏离阈值/重复异常/时序异常/空间不一致,命中对象、风险等级、证据字段、核查建议,P1,ocr_55_books_deep,E:\2026\审计方法&政策文件\_ocr_output\通用\行政事业单位内部控制体系建设全流程操作指南.pdf.md
SUPVV6D-009-R01,control_rule,generated_rule,SUPVV6D-009,59,C,监督检查与经费舞弊 / 预算执行与财政管理 / 绩效评价,内控缺陷矩阵,内控缺陷矩阵完整性规则,检查内控缺陷矩阵相关台账、凭证、审批和支付数据是否完整，缺失率超过阈值则预警。,项目台账；财务收支明细；合同与审批资料；支付凭证；审计发现清单；绩效指标表,字段缺失/跨表不一致/偏离阈值/重复异常/时序异常/空间不一致,命中对象、风险等级、证据字段、核查建议,P1,ocr_55_books_deep,E:\2026\审计方法&政策文件\_ocr_output\通用\国家治理导向的政府审计.pdf.md
SUPVV6D-009-R02,control_rule,generated_rule,SUPVV6D-009,59,C,监督检查与经费舞弊 / 预算执行与财政管理 / 绩效评价,内控缺陷矩阵,内控缺陷矩阵一致性规则,检查内控缺陷矩阵在合同、支付、预算、绩效或业务台账之间是否一致。,项目台账；财务收支明细；合同与审批资料；支付凭证；审计发现清单；绩效指标表,字段缺失/跨表不一致/偏离阈值/重复异常/时序异常/空间不一致,命中对象、风险等级、证据字段、核查建议,P1,ocr_55_books_deep,E:\2026\审计方法&政策文件\_ocr_output\通用\国家治理导向的政府审计.pdf.md
SUPVV6D-009-R03,control_rule,generated_rule,SUPVV6D-009,59,C,监督检查与经费舞弊 / 预算执行与财政管理 / 绩效评价,内控缺陷矩阵,内控缺陷矩阵异常性规则,按历史均值、同类项目分位数或政策标准识别内控缺陷矩阵异常偏离。,项目台账；财务收支明细；合同与审批资料；支付凭证；审计发现清单；绩效指标表,字段缺失/跨表不一致/偏离阈值/重复异常/时序异常/空间不一致,命中对象、风险等级、证据字段、核查建议,P1,ocr_55_books_deep,E:\2026\审计方法&政策文件\_ocr_output\通用\国家治理导向的政府审计.pdf.md
SUPVV6D-012-R01,control_rule,generated_rule,SUPVV6D-012,59,C,监督检查与经费舞弊 / 预算执行与财政管理 / 绩效评价,内控缺陷矩阵,内控缺陷矩阵完整性规则,检查内控缺陷矩阵相关台账、凭证、审批和支付数据是否完整，缺失率超过阈值则预警。,项目台账；财务收支明细；合同与审批资料；支付凭证；审计发现清单；绩效指标表,字段缺失/跨表不一致/偏离阈值/重复异常/时序异常/空间不一致,命中对象、风险等级、证据字段、核查建议,P1,ocr_55_books_deep,E:\2026\审计方法&政策文件\_ocr_output\通用\政府审计.pdf.md
SUPVV6D-012-R02,control_rule,generated_rule,SUPVV6D-012,59,C,监督检查与经费舞弊 / 预算执行与财政管理 / 绩效评价,内控缺陷矩阵,内控缺陷矩阵一致性规则,检查内控缺陷矩阵在合同、支付、预算、绩效或业务台账之间是否一致。,项目台账；财务收支明细；合同与审批资料；支付凭证；审计发现清单；绩效指标表,字段缺失/跨表不一致/偏离阈值/重复异常/时序异常/空间不一致,命中对象、风险等级、证据字段、核查建议,P1,ocr_55_books_deep,E:\2026\审计方法&政策文件\_ocr_output\通用\政府审计.pdf.md
SUPVV6D-012-R03,control_rule,generated_rule,SUPVV6D-012,59,C,监督检查与经费舞弊 / 预算执行与财政管理 / 绩效评价,内控缺陷矩阵,内控缺陷矩阵异常性规则,按历史均值、同类项目分位数或政策标准识别内控缺陷矩阵异常偏离。,项目台账；财务收支明细；合同与审批资料；支付凭证；审计发现清单；绩效指标表,字段缺失/跨表不一致/偏离阈值/重复异常/时序异常/空间不一致,命中对象、风险等级、证据字段、核查建议,P1,ocr_55_books_deep,E:\2026\审计方法&政策文件\_ocr_output\通用\政府审计.pdf.md
SUPVV6D-024-R01,control_rule,generated_rule,SUPVV6D-024,59,C,监督检查与经费舞弊 / 预算执行与财政管理 / 绩效评价,内控缺陷矩阵,内控缺陷矩阵完整性规则,检查内控缺陷矩阵相关台账、凭证、审批和支付数据是否完整，缺失率超过阈值则预警。,项目台账；财务收支明细；合同与审批资料；支付凭证；审计发现清单；预算批复表,字段缺失/跨表不一致/偏离阈值/重复异常/时序异常/空间不一致,命中对象、风险等级、证据字段、核查建议,P1,ocr_55_books_deep,E:\2026\审计方法&政策文件\_ocr_output\通用\政府审计学.pdf.md
SUPVV6D-024-R02,control_rule,generated_rule,SUPVV6D-024,59,C,监督检查与经费舞弊 / 预算执行与财政管理 / 绩效评价,内控缺陷矩阵,内控缺陷矩阵一致性规则,检查内控缺陷矩阵在合同、支付、预算、绩效或业务台账之间是否一致。,项目台账；财务收支明细；合同与审批资料；支付凭证；审计发现清单；预算批复表,字段缺失/跨表不一致/偏离阈值/重复异常/时序异常/空间不一致,命中对象、风险等级、证据字段、核查建议,P1,ocr_55_books_deep,E:\2026\审计方法&政策文件\_ocr_output\通用\政府审计学.pdf.md
SUPVV6D-024-R03,control_rule,generated_rule,SUPVV6D-024,59,C,监督检查与经费舞弊 / 预算执行与财政管理 / 绩效评价,内控缺陷矩阵,内控缺陷矩阵异常性规则,按历史均值、同类项目分位数或政策标准识别内控缺陷矩阵异常偏离。,项目台账；财务收支明细；合同与审批资料；支付凭证；审计发现清单；预算批复表,字段缺失/跨表不一致/偏离阈值/重复异常/时序异常/空间不一致,命中对象、风险等级、证据字段、核查建议,P1,ocr_55_books_deep,E:\2026\审计方法&政策文件\_ocr_output\通用\政府审计学.pdf.md
SUPVV6D-033-R01,control_rule,generated_rule,SUPVV6D-033,59,C,监督检查与经费舞弊 / 预算执行与财政管理 / 绩效评价,内控缺陷矩阵,内控缺陷矩阵完整性规则,检查内控缺陷矩阵相关台账、凭证、审批和支付数据是否完整，缺失率超过阈值则预警。,项目台账；财务收支明细；合同与审批资料；支付凭证；审计发现清单；预算批复表,字段缺失/跨表不一致/偏离阈值/重复异常/时序异常/空间不一致,命中对象、风险等级、证据字段、核查建议,P1,ocr_55_books_deep,E:\2026\审计方法&政策文件\_ocr_output\通用\政府审计理论与实务.pdf.md
SUPVV6D-033-R02,control_rule,generated_rule,SUPVV6D-033,59,C,监督检查与经费舞弊 / 预算执行与财政管理 / 绩效评价,内控缺陷矩阵,内控缺陷矩阵一致性规则,检查内控缺陷矩阵在合同、支付、预算、绩效或业务台账之间是否一致。,项目台账；财务收支明细；合同与审批资料；支付凭证；审计发现清单；预算批复表,字段缺失/跨表不一致/偏离阈值/重复异常/时序异常/空间不一致,命中对象、风险等级、证据字段、核查建议,P1,ocr_55_books_deep,E:\2026\审计方法&政策文件\_ocr_output\通用\政府审计理论与实务.pdf.md
SUPVV6D-033-R03,control_rule,generated_rule,SUPVV6D-033,59,C,监督检查与经费舞弊 / 预算执行与财政管理 / 绩效评价,内控缺陷矩阵,内控缺陷矩阵异常性规则,按历史均值、同类项目分位数或政策标准识别内控缺陷矩阵异常偏离。,项目台账；财务收支明细；合同与审批资料；支付凭证；审计发现清单；预算批复表,字段缺失/跨表不一致/偏离阈值/重复异常/时序异常/空间不一致,命中对象、风险等级、证据字段、核查建议,P1,ocr_55_books_deep,E:\2026\审计方法&政策文件\_ocr_output\通用\政府审计理论与实务.pdf.md
MAGTAX-0004-R01,control_rule,generated_rule,MAGTAX-0004,63,C,税务审计 / 预算执行与财政管理 / 财政与政府债务,002系统推进财政内控制度建设的脉络、维度与进路,002系统推进财政内控制度建设的脉络、维度与进路R01规则,按案例主题识别同类事项中的风险特征并生成疑点。,文章案例文本；审计事项清单；问题线索台账；审计证据资料；预算指标表；财政支出明细,风险词命中/数据缺失/证据不一致/指标偏离/流程缺陷,命中对象、风险等级、证据资料、核查建议,P0,magazine_435_articles,D:\openclaw-workspace\knowledge\11-杂志文献\财政监督\002系统推进财政内控制度建设的脉络、维度与进路.md
MAGTAX-0004-R02,control_rule,generated_rule,MAGTAX-0004,63,C,税务审计 / 预算执行与财政管理 / 财政与政府债务,002系统推进财政内控制度建设的脉络、维度与进路,002系统推进财政内控制度建设的脉络、维度与进路R02规则,核查案例涉及的数据、证据和整改链条是否完整一致。,文章案例文本；审计事项清单；问题线索台账；审计证据资料；预算指标表；财政支出明细,风险词命中/数据缺失/证据不一致/指标偏离/流程缺陷,命中对象、风险等级、证据资料、核查建议,P0,magazine_435_articles,D:\openclaw-workspace\knowledge\11-杂志文献\财政监督\002系统推进财政内控制度建设的脉络、维度与进路.md
MAGTAX-0006-R01,control_rule,generated_rule,MAGTAX-0006,63,C,税务审计 / 预算执行与财政管理 / 财政与政府债务,005财政内部控制建设述评与展望,005财政内部控制建设述评与展望R01规则,按案例主题识别同类事项中的风险特征并生成疑点。,文章案例文本；审计事项清单；问题线索台账；审计证据资料；预算指标表；财政支出明细,风险词命中/数据缺失/证据不一致/指标偏离/流程缺陷,命中对象、风险等级、证据资料、核查建议,P0,magazine_435_articles,D:\openclaw-workspace\knowledge\11-杂志文献\财政监督\005财政内部控制建设述评与展望.md
MAGTAX-0006-R02,control_rule,generated_rule,MAGTAX-0006,63,C,税务审计 / 预算执行与财政管理 / 财政与政府债务,005财政内部控制建设述评与展望,005财政内部控制建设述评与展望R02规则,核查案例涉及的数据、证据和整改链条是否完整一致。,文章案例文本；审计事项清单；问题线索台账；审计证据资料；预算指标表；财政支出明细,风险词命中/数据缺失/证据不一致/指标偏离/流程缺陷,命中对象、风险等级、证据资料、核查建议,P0,magazine_435_articles,D:\openclaw-workspace\knowledge\11-杂志文献\财政监督\005财政内部控制建设述评与展望.md
MAGTAX-0016-R01,control_rule,generated_rule,MAGTAX-0016,53,D,税务审计 / 预算执行与财政管理 / 财政与政府债务,利用关联交易控制转让定价避税,利用关联交易控制转让定价避税R01规则,按案例主题识别同类事项中的风险特征并生成疑点。,文章案例文本；审计事项清单；问题线索台账；审计证据资料；预算指标表；财政支出明细,风险词命中/数据缺失/证据不一致/指标偏离/流程缺陷,命中对象、风险等级、证据资料、核查建议,P1,magazine_435_articles,D:\openclaw-workspace\knowledge\11-杂志文献\财政监督\12.利用关联交易控制转让定价避税.md
MAGTAX-0016-R02,control_rule,generated_rule,MAGTAX-0016,53,D,税务审计 / 预算执行与财政管理 / 财政与政府债务,利用关联交易控制转让定价避税,利用关联交易控制转让定价避税R02规则,核查案例涉及的数据、证据和整改链条是否完整一致。,文章案例文本；审计事项清单；问题线索台账；审计证据资料；预算指标表；财政支出明细,风险词命中/数据缺失/证据不一致/指标偏离/流程缺陷,命中对象、风险等级、证据资料、核查建议,P1,magazine_435_articles,D:\openclaw-workspace\knowledge\11-杂志文献\财政监督\12.利用关联交易控制转让定价避税.md
MAGTAX-0024-R01,control_rule,generated_rule,MAGTAX-0024,53,D,税务审计 / 预算执行与财政管理 / 财政与政府债务,行政事业单位内部控制问题研究,行政事业单位内部控制问题研究R01规则,按案例主题识别同类事项中的风险特征并生成疑点。,文章案例文本；审计事项清单；问题线索台账；审计证据资料；预算指标表；财政支出明细,风险词命中/数据缺失/证据不一致/指标偏离/流程缺陷,命中对象、风险等级、证据资料、核查建议,P1,magazine_435_articles,D:\openclaw-workspace\knowledge\11-杂志文献\财政监督\18.行政事业单位内部控制问题研究.md
MAGTAX-0024-R02,control_rule,generated_rule,MAGTAX-0024,53,D,税务审计 / 预算执行与财政管理 / 财政与政府债务,行政事业单位内部控制问题研究,行政事业单位内部控制问题研究R02规则,核查案例涉及的数据、证据和整改链条是否完整一致。,文章案例文本；审计事项清单；问题线索台账；审计证据资料；预算指标表；财政支出明细,风险词命中/数据缺失/证据不一致/指标偏离/流程缺陷,命中对象、风险等级、证据资料、核查建议,P1,magazine_435_articles,D:\openclaw-workspace\knowledge\11-杂志文献\财政监督\18.行政事业单位内部控制问题研究.md
MAGFIN-0038-R01,control_rule,generated_rule,MAGFIN-0038,63,C,金融审计 / 国企审计 / 监督检查与经费舞弊,从内部控制信息化角度探索财会监督新模式,从内部控制信息化角度探索财会监督新模式R01规则,按案例主题识别同类事项中的风险特征并生成疑点。,文章案例文本；审计事项清单；问题线索台账；审计证据资料；内控制度；会计凭证,风险词命中/数据缺失/证据不一致/指标偏离/流程缺陷,命中对象、风险等级、证据资料、核查建议,P0,magazine_435_articles,D:\openclaw-workspace\knowledge\11-杂志文献\财政监督\4.从内部控制信息化角度探索财会监督新模式.md
MAGFIN-0038-R02,control_rule,generated_rule,MAGFIN-0038,63,C,金融审计 / 国企审计 / 监督检查与经费舞弊,从内部控制信息化角度探索财会监督新模式,从内部控制信息化角度探索财会监督新模式R02规则,核查案例涉及的数据、证据和整改链条是否完整一致。,文章案例文本；审计事项清单；问题线索台账；审计证据资料；内控制度；会计凭证,风险词命中/数据缺失/证据不一致/指标偏离/流程缺陷,命中对象、风险等级、证据资料、核查建议,P0,magazine_435_articles,D:\openclaw-workspace\knowledge\11-杂志文献\财政监督\4.从内部控制信息化角度探索财会监督新模式.md
MAGFIN-0021-R01,control_rule,generated_rule,MAGFIN-0021,53,D,金融审计 / 国企审计 / 监督检查与经费舞弊,实际控制人侵占上市公司利益,实际控制人侵占上市公司利益R01规则,按案例主题识别同类事项中的风险特征并生成疑点。,文章案例文本；审计事项清单；问题线索台账；审计证据资料；内控制度；会计凭证,风险词命中/数据缺失/证据不一致/指标偏离/流程缺陷,命中对象、风险等级、证据资料、核查建议,P1,magazine_435_articles,D:\openclaw-workspace\knowledge\11-杂志文献\财政监督\14.实际控制人侵占上市公司利益.md
MAGFIN-0021-R02,control_rule,generated_rule,MAGFIN-0021,53,D,金融审计 / 国企审计 / 监督检查与经费舞弊,实际控制人侵占上市公司利益,实际控制人侵占上市公司利益R02规则,核查案例涉及的数据、证据和整改链条是否完整一致。,文章案例文本；审计事项清单；问题线索台账；审计证据资料；内控制度；会计凭证,风险词命中/数据缺失/证据不一致/指标偏离/流程缺陷,命中对象、风险等级、证据资料、核查建议,P1,magazine_435_articles,D:\openclaw-workspace\knowledge\11-杂志文献\财政监督\14.实际控制人侵占上市公司利益.md
MAGFIN-0037-R01,control_rule,generated_rule,MAGFIN-0037,63,C,金融审计 / 国企审计 / 监督检查与经费舞弊,建筑行业货币资金内部控制优化的案例研究,建筑行业货币资金内部控制优化的案例研究R01规则,按案例主题识别同类事项中的风险特征并生成疑点。,文章案例文本；审计事项清单；问题线索台账；审计证据资料；内控制度；会计凭证,风险词命中/数据缺失/证据不一致/指标偏离/流程缺陷,命中对象、风险等级、证据资料、核查建议,P0,magazine_435_articles,D:\openclaw-workspace\knowledge\11-杂志文献\财政监督\25.建筑行业货币资金内部控制优化的案例研究.md
MAGFIN-0037-R02,control_rule,generated_rule,MAGFIN-0037,63,C,金融审计 / 国企审计 / 监督检查与经费舞弊,建筑行业货币资金内部控制优化的案例研究,建筑行业货币资金内部控制优化的案例研究R02规则,核查案例涉及的数据、证据和整改链条是否完整一致。,文章案例文本；审计事项清单；问题线索台账；审计证据资料；内控制度；会计凭证,风险词命中/数据缺失/证据不一致/指标偏离/流程缺陷,命中对象、风险等级、证据资料、核查建议,P0,magazine_435_articles,D:\openclaw-workspace\knowledge\11-杂志文献\财政监督\25.建筑行业货币资金内部控制优化的案例研究.md
SUPVV6D-053-R01,control_rule,generated_rule,SUPVV6D-053,59,C,预算执行与财政管理 / 财政与政府债务 / 监督检查与经费舞弊,"1.3加强监督问责,推动内部控制制度执行","1.3加强监督问责,推动内部控制制度执行完整性规则","检查1.3加强监督问责,推动内部控制制度执行相关台账、凭证、审批和支付数据是否完整，缺失率超过阈值则预警。",项目台账；财务收支明细；合同与审批资料；支付凭证；审计发现清单；预算批复表,字段缺失/跨表不一致/偏离阈值/重复异常/时序异常/空间不一致,命中对象、风险等级、证据字段、核查建议,P1,ocr_55_books_deep,E:\2026\审计方法&政策文件\_ocr_output\通用\财政监督检查实务操作指南.pdf.md
SUPVV6D-053-R02,control_rule,generated_rule,SUPVV6D-053,59,C,预算执行与财政管理 / 财政与政府债务 / 监督检查与经费舞弊,"1.3加强监督问责,推动内部控制制度执行","1.3加强监督问责,推动内部控制制度执行一致性规则","检查1.3加强监督问责,推动内部控制制度执行在合同、支付、预算、绩效或业务台账之间是否一致。",项目台账；财务收支明细；合同与审批资料；支付凭证；审计发现清单；预算批复表,字段缺失/跨表不一致/偏离阈值/重复异常/时序异常/空间不一致,命中对象、风险等级、证据字段、核查建议,P1,ocr_55_books_deep,E:\2026\审计方法&政策文件\_ocr_output\通用\财政监督检查实务操作指南.pdf.md
SUPVV6D-053-R03,control_rule,generated_rule,SUPVV6D-053,59,C,预算执行与财政管理 / 财政与政府债务 / 监督检查与经费舞弊,"1.3加强监督问责,推动内部控制制度执行","1.3加强监督问责,推动内部控制制度执行异常性规则","按历史均值、同类项目分位数或政策标准识别1.3加强监督问责,推动内部控制制度执行异常偏离。",项目台账；财务收支明细；合同与审批资料；支付凭证；审计发现清单；预算批复表,字段缺失/跨表不一致/偏离阈值/重复异常/时序异常/空间不一致,命中对象、风险等级、证据字段、核查建议,P1,ocr_55_books_deep,E:\2026\审计方法&政策文件\_ocr_output\通用\财政监督检查实务操作指南.pdf.md
SUPVV6D-051-R01,control_rule,generated_rule,SUPVV6D-051,59,C,预算执行与财政管理 / 财政与政府债务 / 监督检查与经费舞弊,1.4建立和实施内部控制是落实党风廉政建设主体责任和监,1.4建立和实施内部控制是落实党风廉政建设主体责任和监完整性规则,检查1.4建立和实施内部控制是落实党风廉政建设主体责任和监相关台账、凭证、审批和支付数据是否完整，缺失率超过阈值则预警。,项目台账；财务收支明细；合同与审批资料；支付凭证；审计发现清单；预算批复表,字段缺失/跨表不一致/偏离阈值/重复异常/时序异常/空间不一致,命中对象、风险等级、证据字段、核查建议,P1,ocr_55_books_deep,E:\2026\审计方法&政策文件\_ocr_output\通用\财政监督检查实务操作指南.pdf.md
SUPVV6D-051-R02,control_rule,generated_rule,SUPVV6D-051,59,C,预算执行与财政管理 / 财政与政府债务 / 监督检查与经费舞弊,1.4建立和实施内部控制是落实党风廉政建设主体责任和监,1.4建立和实施内部控制是落实党风廉政建设主体责任和监一致性规则,检查1.4建立和实施内部控制是落实党风廉政建设主体责任和监在合同、支付、预算、绩效或业务台账之间是否一致。,项目台账；财务收支明细；合同与审批资料；支付凭证；审计发现清单；预算批复表,字段缺失/跨表不一致/偏离阈值/重复异常/时序异常/空间不一致,命中对象、风险等级、证据字段、核查建议,P1,ocr_55_books_deep,E:\2026\审计方法&政策文件\_ocr_output\通用\财政监督检查实务操作指南.pdf.md
SUPVV6D-051-R03,control_rule,generated_rule,SUPVV6D-051,59,C,预算执行与财政管理 / 财政与政府债务 / 监督检查与经费舞弊,1.4建立和实施内部控制是落实党风廉政建设主体责任和监,1.4建立和实施内部控制是落实党风廉政建设主体责任和监异常性规则,按历史均值、同类项目分位数或政策标准识别1.4建立和实施内部控制是落实党风廉政建设主体责任和监异常偏离。,项目台账；财务收支明细；合同与审批资料；支付凭证；审计发现清单；预算批复表,字段缺失/跨表不一致/偏离阈值/重复异常/时序异常/空间不一致,命中对象、风险等级、证据字段、核查建议,P1,ocr_55_books_deep,E:\2026\审计方法&政策文件\_ocr_output\通用\财政监督检查实务操作指南.pdf.md
SUPVV6D-055-R01,control_rule,generated_rule,SUPVV6D-055,59,C,预算执行与财政管理 / 财政与政府债务 / 监督检查与经费舞弊,内控缺陷矩阵,内控缺陷矩阵完整性规则,检查内控缺陷矩阵相关台账、凭证、审批和支付数据是否完整，缺失率超过阈值则预警。,项目台账；财务收支明细；合同与审批资料；支付凭证；审计发现清单；预算批复表,字段缺失/跨表不一致/偏离阈值/重复异常/时序异常/空间不一致,命中对象、风险等级、证据字段、核查建议,P1,ocr_55_books_deep,E:\2026\审计方法&政策文件\_ocr_output\通用\财政监督检查实务操作指南.pdf.md
SUPVV6D-055-R02,control_rule,generated_rule,SUPVV6D-055,59,C,预算执行与财政管理 / 财政与政府债务 / 监督检查与经费舞弊,内控缺陷矩阵,内控缺陷矩阵一致性规则,检查内控缺陷矩阵在合同、支付、预算、绩效或业务台账之间是否一致。,项目台账；财务收支明细；合同与审批资料；支付凭证；审计发现清单；预算批复表,字段缺失/跨表不一致/偏离阈值/重复异常/时序异常/空间不一致,命中对象、风险等级、证据字段、核查建议,P1,ocr_55_books_deep,E:\2026\审计方法&政策文件\_ocr_output\通用\财政监督检查实务操作指南.pdf.md
SUPVV6D-055-R03,control_rule,generated_rule,SUPVV6D-055,59,C,预算执行与财政管理 / 财政与政府债务 / 监督检查与经费舞弊,内控缺陷矩阵,内控缺陷矩阵异常性规则,按历史均值、同类项目分位数或政策标准识别内控缺陷矩阵异常偏离。,项目台账；财务收支明细；合同与审批资料；支付凭证；审计发现清单；预算批复表,字段缺失/跨表不一致/偏离阈值/重复异常/时序异常/空间不一致,命中对象、风险等级、证据字段、核查建议,P1,ocr_55_books_deep,E:\2026\审计方法&政策文件\_ocr_output\通用\财政监督检查实务操作指南.pdf.md
SUPVV6D-050-R01,control_rule,generated_rule,SUPVV6D-050,69,C,预算执行与财政管理 / 财政与政府债务 / 监督检查与经费舞弊,制定专项风险防控管理办法。要根据本部门内部控制基本制度，,制定专项风险防控管理办法。要根据本部门内部控制基本制度，完整性规则,检查制定专项风险防控管理办法。要根据本部门内部控制基本制度，相关台账、凭证、审批和支付数据是否完整，缺失率超过阈值则预警。,项目台账；财务收支明细；合同与审批资料；支付凭证；审计发现清单；预算批复表,字段缺失/跨表不一致/偏离阈值/重复异常/时序异常/空间不一致,命中对象、风险等级、证据字段、核查建议,P0,ocr_55_books_deep,E:\2026\审计方法&政策文件\_ocr_output\通用\财政监督检查实务操作指南.pdf.md
SUPVV6D-050-R02,control_rule,generated_rule,SUPVV6D-050,69,C,预算执行与财政管理 / 财政与政府债务 / 监督检查与经费舞弊,制定专项风险防控管理办法。要根据本部门内部控制基本制度，,制定专项风险防控管理办法。要根据本部门内部控制基本制度，一致性规则,检查制定专项风险防控管理办法。要根据本部门内部控制基本制度，在合同、支付、预算、绩效或业务台账之间是否一致。,项目台账；财务收支明细；合同与审批资料；支付凭证；审计发现清单；预算批复表,字段缺失/跨表不一致/偏离阈值/重复异常/时序异常/空间不一致,命中对象、风险等级、证据字段、核查建议,P0,ocr_55_books_deep,E:\2026\审计方法&政策文件\_ocr_output\通用\财政监督检查实务操作指南.pdf.md
SUPVV6D-050-R03,control_rule,generated_rule,SUPVV6D-050,69,C,预算执行与财政管理 / 财政与政府债务 / 监督检查与经费舞弊,制定专项风险防控管理办法。要根据本部门内部控制基本制度，,制定专项风险防控管理办法。要根据本部门内部控制基本制度，异常性规则,按历史均值、同类项目分位数或政策标准识别制定专项风险防控管理办法。要根据本部门内部控制基本制度，异常偏离。,项目台账；财务收支明细；合同与审批资料；支付凭证；审计发现清单；预算批复表,字段缺失/跨表不一致/偏离阈值/重复异常/时序异常/空间不一致,命中对象、风险等级、证据字段、核查建议,P0,ocr_55_books_deep,E:\2026\审计方法&政策文件\_ocr_output\通用\财政监督检查实务操作指南.pdf.md
SUPVV6D-052-R01,control_rule,generated_rule,SUPVV6D-052,59,C,预算执行与财政管理 / 财政与政府债务 / 监督检查与经费舞弊,基本制度提出了内部控制的五种方法,基本制度提出了内部控制的五种方法完整性规则,检查基本制度提出了内部控制的五种方法相关台账、凭证、审批和支付数据是否完整，缺失率超过阈值则预警。,项目台账；财务收支明细；合同与审批资料；支付凭证；审计发现清单；预算批复表,字段缺失/跨表不一致/偏离阈值/重复异常/时序异常/空间不一致,命中对象、风险等级、证据字段、核查建议,P1,ocr_55_books_deep,E:\2026\审计方法&政策文件\_ocr_output\通用\财政监督检查实务操作指南.pdf.md
SUPVV6D-052-R02,control_rule,generated_rule,SUPVV6D-052,59,C,预算执行与财政管理 / 财政与政府债务 / 监督检查与经费舞弊,基本制度提出了内部控制的五种方法,基本制度提出了内部控制的五种方法一致性规则,检查基本制度提出了内部控制的五种方法在合同、支付、预算、绩效或业务台账之间是否一致。,项目台账；财务收支明细；合同与审批资料；支付凭证；审计发现清单；预算批复表,字段缺失/跨表不一致/偏离阈值/重复异常/时序异常/空间不一致,命中对象、风险等级、证据字段、核查建议,P1,ocr_55_books_deep,E:\2026\审计方法&政策文件\_ocr_output\通用\财政监督检查实务操作指南.pdf.md
SUPVV6D-052-R03,control_rule,generated_rule,SUPVV6D-052,59,C,预算执行与财政管理 / 财政与政府债务 / 监督检查与经费舞弊,基本制度提出了内部控制的五种方法,基本制度提出了内部控制的五种方法异常性规则,按历史均值、同类项目分位数或政策标准识别基本制度提出了内部控制的五种方法异常偏离。,项目台账；财务收支明细；合同与审批资料；支付凭证；审计发现清单；预算批复表,字段缺失/跨表不一致/偏离阈值/重复异常/时序异常/空间不一致,命中对象、风险等级、证据字段、核查建议,P1,ocr_55_books_deep,E:\2026\审计方法&政策文件\_ocr_output\通用\财政监督检查实务操作指南.pdf.md
BUDV6D-005-R01,control_rule,generated_rule,BUDV6D-005,59,C,预算执行与财政管理 / 财政与政府债务 / 监督检查与经费舞弊,财政资金管理内部控制测评·,财政资金管理内部控制测评·完整性规则,检查财政资金管理内部控制测评·相关台账、凭证、审批和支付数据是否完整，缺失率超过阈值则预警。,项目台账；财务收支明细；合同与审批资料；支付凭证；审计发现清单；预算批复表,字段缺失/跨表不一致/偏离阈值/重复异常/时序异常/空间不一致,命中对象、风险等级、证据字段、核查建议,P1,ocr_55_books_deep,E:\2026\审计方法&政策文件\_ocr_output\通用\财政审计.pdf.md
BUDV6D-005-R02,control_rule,generated_rule,BUDV6D-005,59,C,预算执行与财政管理 / 财政与政府债务 / 监督检查与经费舞弊,财政资金管理内部控制测评·,财政资金管理内部控制测评·一致性规则,检查财政资金管理内部控制测评·在合同、支付、预算、绩效或业务台账之间是否一致。,项目台账；财务收支明细；合同与审批资料；支付凭证；审计发现清单；预算批复表,字段缺失/跨表不一致/偏离阈值/重复异常/时序异常/空间不一致,命中对象、风险等级、证据字段、核查建议,P1,ocr_55_books_deep,E:\2026\审计方法&政策文件\_ocr_output\通用\财政审计.pdf.md
BUDV6D-005-R03,control_rule,generated_rule,BUDV6D-005,59,C,预算执行与财政管理 / 财政与政府债务 / 监督检查与经费舞弊,财政资金管理内部控制测评·,财政资金管理内部控制测评·异常性规则,按历史均值、同类项目分位数或政策标准识别财政资金管理内部控制测评·异常偏离。,项目台账；财务收支明细；合同与审批资料；支付凭证；审计发现清单；预算批复表,字段缺失/跨表不一致/偏离阈值/重复异常/时序异常/空间不一致,命中对象、风险等级、证据字段、核查建议,P1,ocr_55_books_deep,E:\2026\审计方法&政策文件\_ocr_output\通用\财政审计.pdf.md
MAGBUD-0005-R01,control_rule,generated_rule,MAGBUD-0005,53,D,预算执行与财政管理 / 财政与政府债务 / 绩效评价,0001财政内部控制,0001财政内部控制R01规则,按案例主题识别同类事项中的风险特征并生成疑点。,文章案例文本；审计事项清单；问题线索台账；审计证据资料；预算指标表；财政支出明细,风险词命中/数据缺失/证据不一致/指标偏离/流程缺陷,命中对象、风险等级、证据资料、核查建议,P1,magazine_435_articles,D:\openclaw-workspace\knowledge\11-杂志文献\财政监督\0001财政内部控制.md
MAGBUD-0005-R02,control_rule,generated_rule,MAGBUD-0005,53,D,预算执行与财政管理 / 财政与政府债务 / 绩效评价,0001财政内部控制,0001财政内部控制R02规则,核查案例涉及的数据、证据和整改链条是否完整一致。,文章案例文本；审计事项清单；问题线索台账；审计证据资料；预算指标表；财政支出明细,风险词命中/数据缺失/证据不一致/指标偏离/流程缺陷,命中对象、风险等级、证据资料、核查建议,P1,magazine_435_articles,D:\openclaw-workspace\knowledge\11-杂志文献\财政监督\0001财政内部控制.md
MAGBUD-0051-R01,control_rule,generated_rule,MAGBUD-0051,53,D,预算执行与财政管理 / 财政与政府债务 / 绩效评价,“四举措”做好驻粤中央行政事业单位内部控制报告喝茶工作,“四举措”做好驻粤中央行政事业单位内部控制报告喝茶工作R01规则,按案例主题识别同类事项中的风险特征并生成疑点。,文章案例文本；审计事项清单；问题线索台账；审计证据资料；预算指标表；财政支出明细,风险词命中/数据缺失/证据不一致/指标偏离/流程缺陷,命中对象、风险等级、证据资料、核查建议,P1,magazine_435_articles,D:\openclaw-workspace\knowledge\11-杂志文献\财政监督\15.“四举措”做好驻粤中央行政事业单位内部控制报告喝茶工作.md
MAGBUD-0051-R02,control_rule,generated_rule,MAGBUD-0051,53,D,预算执行与财政管理 / 财政与政府债务 / 绩效评价,“四举措”做好驻粤中央行政事业单位内部控制报告喝茶工作,“四举措”做好驻粤中央行政事业单位内部控制报告喝茶工作R02规则,核查案例涉及的数据、证据和整改链条是否完整一致。,文章案例文本；审计事项清单；问题线索台账；审计证据资料；预算指标表；财政支出明细,风险词命中/数据缺失/证据不一致/指标偏离/流程缺陷,命中对象、风险等级、证据资料、核查建议,P1,magazine_435_articles,D:\openclaw-workspace\knowledge\11-杂志文献\财政监督\15.“四举措”做好驻粤中央行政事业单位内部控制报告喝茶工作.md
MAGBUD-0032-R01,control_rule,generated_rule,MAGBUD-0032,53,D,预算执行与财政管理 / 财政与政府债务 / 绩效评价,控制政务成本：城管制服舆情的启示,控制政务成本：城管制服舆情的启示R01规则,按案例主题识别同类事项中的风险特征并生成疑点。,文章案例文本；审计事项清单；问题线索台账；审计证据资料；预算指标表；财政支出明细,风险词命中/数据缺失/证据不一致/指标偏离/流程缺陷,命中对象、风险等级、证据资料、核查建议,P1,magazine_435_articles,D:\openclaw-workspace\knowledge\11-杂志文献\财政监督\1.控制政务成本：城管制服舆情的启示.md
MAGBUD-0032-R02,control_rule,generated_rule,MAGBUD-0032,53,D,预算执行与财政管理 / 财政与政府债务 / 绩效评价,控制政务成本：城管制服舆情的启示,控制政务成本：城管制服舆情的启示R02规则,核查案例涉及的数据、证据和整改链条是否完整一致。,文章案例文本；审计事项清单；问题线索台账；审计证据资料；预算指标表；财政支出明细,风险词命中/数据缺失/证据不一致/指标偏离/流程缺陷,命中对象、风险等级、证据资料、核查建议,P1,magazine_435_articles,D:\openclaw-workspace\knowledge\11-杂志文献\财政监督\1.控制政务成本：城管制服舆情的启示.md
MAGBUD-0035-R01,control_rule,generated_rule,MAGBUD-0035,53,D,预算执行与财政管理 / 财政与政府债务 / 绩效评价,让财政部门内部控制更具智慧,让财政部门内部控制更具智慧R01规则,按案例主题识别同类事项中的风险特征并生成疑点。,文章案例文本；审计事项清单；问题线索台账；审计证据资料；预算指标表；财政支出明细,风险词命中/数据缺失/证据不一致/指标偏离/流程缺陷,命中对象、风险等级、证据资料、核查建议,P1,magazine_435_articles,D:\openclaw-workspace\knowledge\11-杂志文献\财政监督\1.让财政部门内部控制更具智慧.md
MAGBUD-0035-R02,control_rule,generated_rule,MAGBUD-0035,53,D,预算执行与财政管理 / 财政与政府债务 / 绩效评价,让财政部门内部控制更具智慧,让财政部门内部控制更具智慧R02规则,核查案例涉及的数据、证据和整改链条是否完整一致。,文章案例文本；审计事项清单；问题线索台账；审计证据资料；预算指标表；财政支出明细,风险词命中/数据缺失/证据不一致/指标偏离/流程缺陷,命中对象、风险等级、证据资料、核查建议,P1,magazine_435_articles,D:\openclaw-workspace\knowledge\11-杂志文献\财政监督\1.让财政部门内部控制更具智慧.md
RULEPKG-SOEV6D-003,indicator_pack,package_level_rule,SOEV6D-003,83,B,全场景通用 / 监督检查与经费舞弊 / 绩效评价,“快乐审计团队的实操案例”介绍了我们快乐审计团队共同面对,内部审计工作法-“快乐审计团队的实操案例”介绍了我们快乐审计团队共同面对指标包,基于《内部审计工作法》中““快乐审计团队的实操案例”介绍了我们快乐审计团队共同面对”相关内容，量化评价审计对象在合规性、真实性、绩效性和责任链方面的风险，形成可复核的疑点、规则或指标输出。,项目台账；财务收支明细；合同与审批资料；支付凭证；审计发现清单；绩效指标表；产出效果数据；满意度问卷；工程量清单；结算书,按包内审计目标、风险假设和输出字段触发,“快乐审计团队的实操案例”介绍了我们快乐审计团队共同面对指标名称、指标值、标准值、偏离率、评分和扣分原因,P1,ocr_55_books_deep,E:\2026\审计方法&政策文件\_ocr_output\通用\内部审计工作法.pdf.md
RULEPKG-SOEV6D-014,indicator_pack,package_level_rule,SOEV6D-014,80,B,全场景通用 / 监督检查与经费舞弊 / 绩效评价,宏盛科技：公司治理问题分析,审计专题教学案例精选-宏盛科技：公司治理问题分析指标包,基于《审计专题教学案例精选》中“宏盛科技：公司治理问题分析”相关内容，量化评价审计对象在合规性、真实性、绩效性和责任链方面的风险，形成可复核的疑点、规则或指标输出。,项目台账；财务收支明细；合同与审批资料；支付凭证；审计发现清单,按包内审计目标、风险假设和输出字段触发,宏盛科技：公司治理问题分析指标名称、指标值、标准值、偏离率、评分和扣分原因,P1,ocr_55_books_deep,E:\2026\审计方法&政策文件\_ocr_output\通用\审计专题教学案例精选.pdf.md
RULEPKG-SOEV6D-007,indicator_pack,package_level_rule,SOEV6D-007,83,B,全场景通用 / 监督检查与经费舞弊 / 绩效评价,审计案例规则化,内部审计工作法-审计案例规则化指标包,基于《内部审计工作法》中“审计案例规则化”相关内容，量化评价审计对象在合规性、真实性、绩效性和责任链方面的风险，形成可复核的疑点、规则或指标输出。,项目台账；财务收支明细；合同与审批资料；支付凭证；审计发现清单；绩效指标表；产出效果数据；满意度问卷；工程量清单；结算书,按包内审计目标、风险假设和输出字段触发,审计案例规则化指标名称、指标值、标准值、偏离率、评分和扣分原因,P1,ocr_55_books_deep,E:\2026\审计方法&政策文件\_ocr_output\通用\内部审计工作法.pdf.md
RULEPKG-SUPVV6D-013,indicator_pack,package_level_rule,SUPVV6D-013,83,B,全场景通用 / 监督检查与经费舞弊 / 绩效评价,审计案例规则化,政府审计-审计案例规则化指标包,基于《政府审计》中“审计案例规则化”相关内容，量化评价审计对象在合规性、真实性、绩效性和责任链方面的风险，形成可复核的疑点、规则或指标输出。,项目台账；财务收支明细；合同与审批资料；支付凭证；审计发现清单；绩效指标表；产出效果数据；满意度问卷；会议纪要；三重一大事项,按包内审计目标、风险假设和输出字段触发,审计案例规则化指标名称、指标值、标准值、偏离率、评分和扣分原因,P1,ocr_55_books_deep,E:\2026\审计方法&政策文件\_ocr_output\通用\政府审计.pdf.md
RULEPKG-SUPVV6D-025,indicator_pack,package_level_rule,SUPVV6D-025,83,B,全场景通用 / 监督检查与经费舞弊 / 绩效评价,审计案例规则化,政府审计学-审计案例规则化指标包,基于《政府审计学》中“审计案例规则化”相关内容，量化评价审计对象在合规性、真实性、绩效性和责任链方面的风险，形成可复核的疑点、规则或指标输出。,项目台账；财务收支明细；合同与审批资料；支付凭证；审计发现清单；预算批复表；预算调整表；绩效目标表；绩效指标表；产出效果数据,按包内审计目标、风险假设和输出字段触发,审计案例规则化指标名称、指标值、标准值、偏离率、评分和扣分原因,P1,ocr_55_books_deep,E:\2026\审计方法&政策文件\_ocr_output\通用\政府审计学.pdf.md
RULEPKG-FINV6D-007,indicator_pack,package_level_rule,FINV6D-007,83,B,全场景通用 / 监督检查与经费舞弊 / 绩效评价,教学案例的选择以政府审计为重点，兼顾注册会计师审计和内部,审计案例-教学案例的选择以政府审计为重点，兼顾注册会计师审计和内部指标包,基于《审计案例》中“教学案例的选择以政府审计为重点，兼顾注册会计师审计和内部”相关内容，量化评价审计对象在合规性、真实性、绩效性和责任链方面的风险，形成可复核的疑点、规则或指标输出。,项目台账；财务收支明细；合同与审批资料；支付凭证；审计发现清单；采购公告；投标文件；供应商信息；中标合同；农户信息,按包内审计目标、风险假设和输出字段触发,教学案例的选择以政府审计为重点，兼顾注册会计师审计和内部指标名称、指标值、标准值、偏离率、评分和扣分原因,P1,ocr_55_books_deep,E:\2026\审计方法&政策文件\_ocr_output\通用\审计案例.pdf.md
RULEPKG-FINV6D-003,indicator_pack,package_level_rule,FINV6D-003,83,B,全场景通用 / 监督检查与经费舞弊 / 绩效评价,经济责任审计案例·…·,审计案例-经济责任审计案例·…·指标包,基于《审计案例》中“经济责任审计案例·…·”相关内容，量化评价审计对象在合规性、真实性、绩效性和责任链方面的风险，形成可复核的疑点、规则或指标输出。,项目台账；财务收支明细；合同与审批资料；支付凭证；审计发现清单；会议纪要；三重一大事项；责任人岗位信息；采购公告；投标文件,按包内审计目标、风险假设和输出字段触发,经济责任审计案例·…·指标名称、指标值、标准值、偏离率、评分和扣分原因,P1,ocr_55_books_deep,E:\2026\审计方法&政策文件\_ocr_output\通用\审计案例.pdf.md
RULEPKG-PERFV6D-080,indicator_pack,package_level_rule,PERFV6D-080,83,B,全场景通用 / 监督检查与经费舞弊 / 绩效评价,高级审计技术方法.pdf,高级审计技术方法-高级审计技术方法.pdf指标包,基于《高级审计技术方法》中“高级审计技术方法.pdf”相关内容，量化评价审计对象在合规性、真实性、绩效性和责任链方面的风险，形成可复核的疑点、规则或指标输出。,项目台账；财务收支明细；合同与审批资料；支付凭证；审计发现清单；绩效指标表；产出效果数据；满意度问卷；采购公告；投标文件,按包内审计目标、风险假设和输出字段触发,高级审计技术方法.pdf指标名称、指标值、标准值、偏离率、评分和扣分原因,P1,ocr_55_books_deep,E:\2026\审计方法&政策文件\_ocr_output\通用\高级审计技术方法.pdf.md
RULEPKG-PERFV6D-084,indicator_pack,package_level_rule,PERFV6D-084,83,B,全场景通用 / 监督检查与经费舞弊 / 绩效评价,高级审计技术方法体系与选用,高级审计技术方法-高级审计技术方法体系与选用指标包,基于《高级审计技术方法》中“高级审计技术方法体系与选用”相关内容，量化评价审计对象在合规性、真实性、绩效性和责任链方面的风险，形成可复核的疑点、规则或指标输出。,项目台账；财务收支明细；合同与审批资料；支付凭证；审计发现清单；绩效指标表；产出效果数据；满意度问卷；采购公告；投标文件,按包内审计目标、风险假设和输出字段触发,高级审计技术方法体系与选用指标名称、指标值、标准值、偏离率、评分和扣分原因,P1,ocr_55_books_deep,E:\2026\审计方法&政策文件\_ocr_output\通用\高级审计技术方法.pdf.md
RULEPKG-ECONV6D-041,indicator_pack,package_level_rule,ECONV6D-041,83,B,全场景通用 / 监督检查与经费舞弊 / 预算执行与财政管理,内控缺陷矩阵,基层审计业务操作规程-内控缺陷矩阵指标包,基于《基层审计业务操作规程》中“内控缺陷矩阵”相关内容，量化评价审计对象在合规性、真实性、绩效性和责任链方面的风险，形成可复核的疑点、规则或指标输出。,项目台账；财务收支明细；合同与审批资料；支付凭证；审计发现清单；预算批复表；预算调整表；绩效目标表；会议纪要；三重一大事项,按包内审计目标、风险假设和输出字段触发,内控缺陷矩阵指标名称、指标值、标准值、偏离率、评分和扣分原因,P1,ocr_55_books_deep,E:\2026\审计方法&政策文件\_ocr_output\通用\基层审计业务操作规程.pdf.md
RULEPKG-PERFV6D-050,indicator_pack,package_level_rule,PERFV6D-050,83,B,全场景通用 / 监督检查与经费舞弊 / 预算执行与财政管理,数据挖掘与分析,内部审计思维与沟通-数据挖掘与分析指标包,基于《内部审计思维与沟通》中“数据挖掘与分析”相关内容，量化评价审计对象在合规性、真实性、绩效性和责任链方面的风险，形成可复核的疑点、规则或指标输出。,项目台账；财务收支明细；合同与审批资料；支付凭证；审计发现清单；绩效指标表；产出效果数据；满意度问卷,按包内审计目标、风险假设和输出字段触发,数据挖掘与分析指标名称、指标值、标准值、偏离率、评分和扣分原因,P1,ocr_55_books_deep,E:\2026\审计方法&政策文件\_ocr_output\通用\内部审计思维与沟通.pdf.md
RULEPKG-MAGAGR-0014,indicator_pack,package_level_rule,MAGAGR-0014,85,A,农业农村审计 / 金融审计 / 财政与政府债务,016财政部宁波监管局,016财政部宁波监管局案例指标包,基于杂志案例《016财政部宁波监管局》提炼“016财政部宁波监管局”审计算法/规则，用于复用审计经验、生成疑点线索和核查程序。,文章案例文本；审计事项清单；问题线索台账；审计证据资料；预算指标表；财政支出明细；项目资金台账；合同流水；授信审批；还款记录,按包内审计目标、风险假设和输出字段触发,016财政部宁波监管局指标、标准值、实际值、偏离率、评分和扣分原因,P1,magazine_435_articles,D:\openclaw-workspace\knowledge\11-杂志文献\财政监督\016财政部宁波监管局.md
RULEPKG-MAGAGR-0018,indicator_pack,package_level_rule,MAGAGR-0018,85,A,农业农村审计 / 金融审计 / 财政与政府债务,中国式现代化进程中省以下财政体制改革探讨,中国式现代化进程中省以下财政体制改革探讨案例指标包,基于杂志案例《中国式现代化进程中省以下财政体制改革探讨》提炼“中国式现代化进程中省以下财政体制改革探讨”审计算法/规则，用于复用审计经验、生成疑点线索和核查程序。,文章案例文本；审计事项清单；问题线索台账；审计证据资料；预算指标表；财政支出明细；项目资金台账；合同流水；授信审批；还款记录,按包内审计目标、风险假设和输出字段触发,中国式现代化进程中省以下财政体制改革探讨指标、标准值、实际值、偏离率、评分和扣分原因,P1,magazine_435_articles,D:\openclaw-workspace\knowledge\11-杂志文献\财政监督\1.中国式现代化进程中省以下财政体制改革探讨.md
RULEPKG-MAGAGR-0023,indicator_pack,package_level_rule,MAGAGR-0023,85,A,农业农村审计 / 金融审计 / 财政与政府债务,乡村振兴背景下加强财政涉农资金绩效管理的探究,乡村振兴背景下加强财政涉农资金绩效管理的探究案例指标包,基于杂志案例《乡村振兴背景下加强财政涉农资金绩效管理的探究》提炼“乡村振兴背景下加强财政涉农资金绩效管理的探究”审计算法/规则，用于复用审计经验、生成疑点线索和核查程序。,文章案例文本；审计事项清单；问题线索台账；审计证据资料；预算指标表；财政支出明细；项目资金台账；绩效目标表；绩效评价指标；产出效果数据,按包内审计目标、风险假设和输出字段触发,乡村振兴背景下加强财政涉农资金绩效管理的探究指标、标准值、实际值、偏离率、评分和扣分原因,P1,magazine_435_articles,D:\openclaw-workspace\knowledge\11-杂志文献\财政监督\11.乡村振兴背景下加强财政涉农资金绩效管理的探究.md
RULEPKG-MAGAGR-0034,indicator_pack,package_level_rule,MAGAGR-0034,88,A,农业农村审计 / 金融审计 / 财政与政府债务,农业领域财政支出项目绩效评价思路探析,农业领域财政支出项目绩效评价思路探析案例指标包,基于杂志案例《农业领域财政支出项目绩效评价思路探析》提炼“农业领域财政支出项目绩效评价思路探析”审计算法/规则，用于复用审计经验、生成疑点线索和核查程序。,文章案例文本；审计事项清单；问题线索台账；审计证据资料；预算指标表；财政支出明细；项目资金台账；绩效目标表；绩效评价指标；产出效果数据,按包内审计目标、风险假设和输出字段触发,农业领域财政支出项目绩效评价思路探析指标、标准值、实际值、偏离率、评分和扣分原因,P1,magazine_435_articles,D:\openclaw-workspace\knowledge\11-杂志文献\财政监督\2.农业领域财政支出项目绩效评价思路探析.md
RULEPKG-MAGAGR-0051,indicator_pack,package_level_rule,MAGAGR-0051,85,A,农业农村审计 / 金融审计 / 财政与政府债务,县(市、区)级财政运行综合绩效评价的实践探讨,县(市、区)级财政运行综合绩效评价的实践探讨案例指标包,基于杂志案例《县(市、区)级财政运行综合绩效评价的实践探讨》提炼“县(市、区)级财政运行综合绩效评价的实践探讨”审计算法/规则，用于复用审计经验、生成疑点线索和核查程序。,文章案例文本；审计事项清单；问题线索台账；审计证据资料；预算指标表；财政支出明细；项目资金台账；绩效目标表；绩效评价指标；产出效果数据,按包内审计目标、风险假设和输出字段触发,县(市、区)级财政运行综合绩效评价的实践探讨指标、标准值、实际值、偏离率、评分和扣分原因,P1,magazine_435_articles,D:\openclaw-workspace\knowledge\11-杂志文献\财政监督\9.县(市、区)级财政运行综合绩效评价的实践探讨.md
RULEPKG-MAGAGR-0047,indicator_pack,package_level_rule,MAGAGR-0047,85,A,农业农村审计 / 金融审计 / 财政与政府债务,商鞅变法的国家治理意义与儒法合流的公共经济内涵（上）,商鞅变法的国家治理意义与儒法合流的公共经济内涵（上）案例指标包,基于杂志案例《商鞅变法的国家治理意义与儒法合流的公共经济内涵（上）》提炼“商鞅变法的国家治理意义与儒法合流的公共经济内涵（上）”审计算法/规则，用于复用审计经验、生成疑点线索和核查程序。,文章案例文本；审计事项清单；问题线索台账；审计证据资料；预算指标表；财政支出明细；项目资金台账；合同流水；授信审批；还款记录,按包内审计目标、风险假设和输出字段触发,商鞅变法的国家治理意义与儒法合流的公共经济内涵（上）指标、标准值、实际值、偏离率、评分和扣分原因,P1,magazine_435_articles,D:\openclaw-workspace\knowledge\11-杂志文献\财政监督\6.商鞅变法的国家治理意义与儒法合流的公共经济内涵（上）.md
RULEPKG-MAGAGR-0036,indicator_pack,package_level_rule,MAGAGR-0036,85,A,农业农村审计 / 金融审计 / 财政与政府债务,涉农整合类项目绩效重点评价的难点及解决思路,涉农整合类项目绩效重点评价的难点及解决思路案例指标包,基于杂志案例《涉农整合类项目绩效重点评价的难点及解决思路》提炼“涉农整合类项目绩效重点评价的难点及解决思路”审计算法/规则，用于复用审计经验、生成疑点线索和核查程序。,文章案例文本；审计事项清单；问题线索台账；审计证据资料；预算指标表；财政支出明细；项目资金台账；绩效目标表；绩效评价指标；产出效果数据,按包内审计目标、风险假设和输出字段触发,涉农整合类项目绩效重点评价的难点及解决思路指标、标准值、实际值、偏离率、评分和扣分原因,P1,magazine_435_articles,D:\openclaw-workspace\knowledge\11-杂志文献\财政监督\3.涉农整合类项目绩效重点评价的难点及解决思路.md
RULEPKG-MAGAGR-0033,indicator_pack,package_level_rule,MAGAGR-0033,85,A,农业农村审计 / 金融审计 / 财政与政府债务,监督动态,监督动态案例指标包,基于杂志案例《监督动态》提炼“监督动态”审计算法/规则，用于复用审计经验、生成疑点线索和核查程序。,文章案例文本；审计事项清单；问题线索台账；审计证据资料；预算指标表；财政支出明细；项目资金台账；内控制度；会计凭证；工作底稿,按包内审计目标、风险假设和输出字段触发,监督动态指标、标准值、实际值、偏离率、评分和扣分原因,P1,magazine_435_articles,D:\openclaw-workspace\knowledge\11-杂志文献\财政监督\16.监督动态.md
RULEPKG-ENGV6D-011,indicator_pack,package_level_rule,ENGV6D-011,83,B,工程与投资审计 / 招投标与政府采购 / 财政与政府债务,EPC政策合规,工程项目利润创造与造价风险控制-EPC政策合规指标包,基于《工程项目利润创造与造价风险控制》中“EPC政策合规”相关内容，量化评价审计对象在合规性、真实性、绩效性和责任链方面的风险，形成可复核的疑点、规则或指标输出。,项目台账；财务收支明细；合同与审批资料；支付凭证；审计发现清单；绩效指标表；产出效果数据；满意度问卷；工程量清单；结算书,按包内审计目标、风险假设和输出字段触发,EPC政策合规指标名称、指标值、标准值、偏离率、评分和扣分原因,P1,ocr_55_books_deep,E:\2026\审计方法&政策文件\_ocr_output\工程\工程项目利润创造与造价风险控制.pdf.md
RULEPKG-ENGV6D-007,indicator_pack,package_level_rule,ENGV6D-007,83,B,工程与投资审计 / 招投标与政府采购 / 财政与政府债务,分包采购联动,工程总承包政策精要-分包采购联动指标包,基于《工程总承包政策精要》中“分包采购联动”相关内容，量化评价审计对象在合规性、真实性、绩效性和责任链方面的风险，形成可复核的疑点、规则或指标输出。,项目台账；财务收支明细；合同与审批资料；支付凭证；审计发现清单；工程量清单；结算书；签证变更；竣工资料；采购公告,按包内审计目标、风险假设和输出字段触发,分包采购联动指标名称、指标值、标准值、偏离率、评分和扣分原因,P1,ocr_55_books_deep,E:\2026\审计方法&政策文件\_ocr_output\工程\工程总承包政策精要.pdf.md
RULEPKG-ENGV6D-003,indicator_pack,package_level_rule,ENGV6D-003,83,B,工程与投资审计 / 招投标与政府采购 / 财政与政府债务,工程造价异常,工程总承包政策精要-工程造价异常指标包,基于《工程总承包政策精要》中“工程造价异常”相关内容，量化评价审计对象在合规性、真实性、绩效性和责任链方面的风险，形成可复核的疑点、规则或指标输出。,项目台账；财务收支明细；合同与审批资料；支付凭证；审计发现清单；工程量清单；结算书；签证变更；竣工资料；采购公告,按包内审计目标、风险假设和输出字段触发,工程造价异常指标名称、指标值、标准值、偏离率、评分和扣分原因,P1,ocr_55_books_deep,E:\2026\审计方法&政策文件\_ocr_output\工程\工程总承包政策精要.pdf.md
RULEPKG-ENGV6D-015,indicator_pack,package_level_rule,ENGV6D-015,83,B,工程与投资审计 / 招投标与政府采购 / 财政与政府债务,竣工决算费用归集,工程项目利润创造与造价风险控制-竣工决算费用归集指标包,基于《工程项目利润创造与造价风险控制》中“竣工决算费用归集”相关内容，量化评价审计对象在合规性、真实性、绩效性和责任链方面的风险，形成可复核的疑点、规则或指标输出。,项目台账；财务收支明细；合同与审批资料；支付凭证；审计发现清单；绩效指标表；产出效果数据；满意度问卷；工程量清单；结算书,按包内审计目标、风险假设和输出字段触发,竣工决算费用归集指标名称、指标值、标准值、偏离率、评分和扣分原因,P1,ocr_55_books_deep,E:\2026\审计方法&政策文件\_ocr_output\工程\工程项目利润创造与造价风险控制.pdf.md
RULEPKG-MAGSOC-0010,indicator_pack,package_level_rule,MAGSOC-0010,88,A,民生与社保医保 / 预算执行与财政管理 / 招投标与政府采购,004秉持四字原则注重实效实绩，打造全链条绩效评价闭环管理体系,004秉持四字原则注重实效实绩，打造全链条绩效评价闭环管理体系案例指标包,基于杂志案例《004秉持四字原则注重实效实绩，打造全链条绩效评价闭环管理体系》提炼“004秉持四字原则注重实效实绩，打造全链条绩效评价闭环管理体系”审计算法/规则，用于复用审计经验、生成疑点线索和核查程序。,文章案例文本；审计事项清单；问题线索台账；审计证据资料；预算指标表；财政支出明细；项目资金台账；绩效目标表；绩效评价指标；产出效果数据,按包内审计目标、风险假设和输出字段触发,004秉持四字原则注重实效实绩，打造全链条绩效评价闭环管理体系指标、标准值、实际值、偏离率、评分和扣分原因,P1,magazine_435_articles,D:\openclaw-workspace\knowledge\11-杂志文献\财政监督\004秉持四字原则注重实效实绩，打造全链条绩效评价闭环管理体系.md
RULEPKG-MAGSOC-0076,indicator_pack,package_level_rule,MAGSOC-0076,90,A,民生与社保医保 / 预算执行与财政管理 / 招投标与政府采购,人才专项资金绩效评价实践探索,人才专项资金绩效评价实践探索案例指标包,基于杂志案例《人才专项资金绩效评价实践探索》提炼“人才专项资金绩效评价实践探索”审计算法/规则，用于复用审计经验、生成疑点线索和核查程序。,文章案例文本；审计事项清单；问题线索台账；审计证据资料；预算指标表；财政支出明细；项目资金台账；绩效目标表；绩效评价指标；产出效果数据,按包内审计目标、风险假设和输出字段触发,人才专项资金绩效评价实践探索指标、标准值、实际值、偏离率、评分和扣分原因,P1,magazine_435_articles,D:\openclaw-workspace\knowledge\11-杂志文献\财政监督\9.人才专项资金绩效评价实践探索.md
RULEPKG-MAGSOC-0024,indicator_pack,package_level_rule,MAGSOC-0024,85,A,民生与社保医保 / 预算执行与财政管理 / 招投标与政府采购,全面深化预算绩效管理改革的实践与探索,全面深化预算绩效管理改革的实践与探索案例指标包,基于杂志案例《关于全面深化预算绩效管理改革的实践与探索》提炼“全面深化预算绩效管理改革的实践与探索”审计算法/规则，用于复用审计经验、生成疑点线索和核查程序。,文章案例文本；审计事项清单；问题线索台账；审计证据资料；预算指标表；财政支出明细；项目资金台账；绩效目标表；绩效评价指标；产出效果数据,按包内审计目标、风险假设和输出字段触发,全面深化预算绩效管理改革的实践与探索指标、标准值、实际值、偏离率、评分和扣分原因,P1,magazine_435_articles,D:\openclaw-workspace\knowledge\11-杂志文献\财政监督\10.关于全面深化预算绩效管理改革的实践与探索.md
RULEPKG-MAGSOC-0078,indicator_pack,package_level_rule,MAGSOC-0078,90,A,民生与社保医保 / 预算执行与财政管理 / 招投标与政府采购,关注国有资本经营预算绩效管理,关注国有资本经营预算绩效管理案例指标包,基于杂志案例《关注国有资本经营预算绩效管理》提炼“关注国有资本经营预算绩效管理”审计算法/规则，用于复用审计经验、生成疑点线索和核查程序。,文章案例文本；审计事项清单；问题线索台账；审计证据资料；预算指标表；财政支出明细；项目资金台账；绩效目标表；绩效评价指标；产出效果数据,按包内审计目标、风险假设和输出字段触发,关注国有资本经营预算绩效管理指标、标准值、实际值、偏离率、评分和扣分原因,P1,magazine_435_articles,D:\openclaw-workspace\knowledge\11-杂志文献\财政监督\9.关注国有资本经营预算绩效管理.md
RULEPKG-MAGSOC-0079,indicator_pack,package_level_rule,MAGSOC-0079,90,A,民生与社保医保 / 预算执行与财政管理 / 招投标与政府采购,基本公共卫生服务项目绩效评价指标体系优化研究,基本公共卫生服务项目绩效评价指标体系优化研究案例指标包,基于杂志案例《基本公共卫生服务项目绩效评价指标体系优化研究》提炼“基本公共卫生服务项目绩效评价指标体系优化研究”审计算法/规则，用于复用审计经验、生成疑点线索和核查程序。,文章案例文本；审计事项清单；问题线索台账；审计证据资料；预算指标表；财政支出明细；项目资金台账；绩效目标表；绩效评价指标；产出效果数据,按包内审计目标、风险假设和输出字段触发,基本公共卫生服务项目绩效评价指标体系优化研究指标、标准值、实际值、偏离率、评分和扣分原因,P1,magazine_435_articles,D:\openclaw-workspace\knowledge\11-杂志文献\财政监督\9.基本公共卫生服务项目绩效评价指标体系优化研究.md
RULEPKG-MAGSOC-0038,indicator_pack,package_level_rule,MAGSOC-0038,81,B,民生与社保医保 / 预算执行与财政管理 / 招投标与政府采购,将公益性资产列入固定资产虚增资产规模,将公益性资产列入固定资产虚增资产规模案例指标包,基于杂志案例《将公益性资产列入固定资产虚增资产规模》提炼“将公益性资产列入固定资产虚增资产规模”审计算法/规则，用于复用审计经验、生成疑点线索和核查程序。,文章案例文本；审计事项清单；问题线索台账；审计证据资料；预算指标表；财政支出明细；项目资金台账；采购公告；投标文件；供应商信息,按包内审计目标、风险假设和输出字段触发,将公益性资产列入固定资产虚增资产规模指标、标准值、实际值、偏离率、评分和扣分原因,P1,magazine_435_articles,D:\openclaw-workspace\knowledge\11-杂志文献\财政监督\16.将公益性资产列入固定资产虚增资产规模.md
RULEPKG-MAGSOC-0061,indicator_pack,package_level_rule,MAGSOC-0061,85,A,民生与社保医保 / 预算执行与财政管理 / 招投标与政府采购,强化重大财政政策评价全面推进预算绩效管理,强化重大财政政策评价全面推进预算绩效管理案例指标包,基于杂志案例《强化重大财政政策评价全面推进预算绩效管理》提炼“强化重大财政政策评价全面推进预算绩效管理”审计算法/规则，用于复用审计经验、生成疑点线索和核查程序。,文章案例文本；审计事项清单；问题线索台账；审计证据资料；预算指标表；财政支出明细；项目资金台账；绩效目标表；绩效评价指标；产出效果数据,按包内审计目标、风险假设和输出字段触发,强化重大财政政策评价全面推进预算绩效管理指标、标准值、实际值、偏离率、评分和扣分原因,P1,magazine_435_articles,D:\openclaw-workspace\knowledge\11-杂志文献\财政监督\4.强化重大财政政策评价全面推进预算绩效管理.md
RULEPKG-MAGSOC-0027,indicator_pack,package_level_rule,MAGSOC-0027,85,A,民生与社保医保 / 预算执行与财政管理 / 招投标与政府采购,探索新型研发机构绩效评价指标体系设计新思路,探索新型研发机构绩效评价指标体系设计新思路案例指标包,基于杂志案例《探索新型研发机构绩效评价指标体系设计新思路》提炼“探索新型研发机构绩效评价指标体系设计新思路”审计算法/规则，用于复用审计经验、生成疑点线索和核查程序。,文章案例文本；审计事项清单；问题线索台账；审计证据资料；预算指标表；财政支出明细；项目资金台账；绩效目标表；绩效评价指标；产出效果数据,按包内审计目标、风险假设和输出字段触发,探索新型研发机构绩效评价指标体系设计新思路指标、标准值、实际值、偏离率、评分和扣分原因,P1,magazine_435_articles,D:\openclaw-workspace\knowledge\11-杂志文献\财政监督\11.探索新型研发机构绩效评价指标体系设计新思路.md
RULEPKG-MAGSOC-0073,indicator_pack,package_level_rule,MAGSOC-0073,85,A,民生与社保医保 / 预算执行与财政管理 / 招投标与政府采购,浅析政府购买公共服务绩效管理,浅析政府购买公共服务绩效管理案例指标包,基于杂志案例《浅析政府购买公共服务绩效管理》提炼“浅析政府购买公共服务绩效管理”审计算法/规则，用于复用审计经验、生成疑点线索和核查程序。,文章案例文本；审计事项清单；问题线索台账；审计证据资料；预算指标表；财政支出明细；项目资金台账；绩效目标表；绩效评价指标；产出效果数据,按包内审计目标、风险假设和输出字段触发,浅析政府购买公共服务绩效管理指标、标准值、实际值、偏离率、评分和扣分原因,P1,magazine_435_articles,D:\openclaw-workspace\knowledge\11-杂志文献\财政监督\7.浅析政府购买公共服务绩效管理.md
RULEPKG-MAGSOC-0022,indicator_pack,package_level_rule,MAGSOC-0022,72,B,民生与社保医保 / 预算执行与财政管理 / 招投标与政府采购,用好财政政策工具进一步推进经济回升向好,用好财政政策工具进一步推进经济回升向好案例指标包,基于杂志案例《用好财政政策工具进一步推进经济回升向好》提炼“用好财政政策工具进一步推进经济回升向好”审计算法/规则，用于复用审计经验、生成疑点线索和核查程序。,文章案例文本；审计事项清单；问题线索台账；审计证据资料；预算指标表；财政支出明细；项目资金台账；采购公告；投标文件；供应商信息,按包内审计目标、风险假设和输出字段触发,用好财政政策工具进一步推进经济回升向好指标、标准值、实际值、偏离率、评分和扣分原因,P1,magazine_435_articles,D:\openclaw-workspace\knowledge\11-杂志文献\财政监督\1.用好财政政策工具进一步推进经济回升向好.md
RULEPKG-MAGSOC-0069,indicator_pack,package_level_rule,MAGSOC-0069,85,A,民生与社保医保 / 预算执行与财政管理 / 招投标与政府采购,聚焦积极财政政策的“三个着力点”,聚焦积极财政政策的“三个着力点”案例指标包,基于杂志案例《聚焦积极财政政策的“三个着力点”》提炼“聚焦积极财政政策的“三个着力点””审计算法/规则，用于复用审计经验、生成疑点线索和核查程序。,文章案例文本；审计事项清单；问题线索台账；审计证据资料；预算指标表；财政支出明细；项目资金台账；采购公告；投标文件；供应商信息,按包内审计目标、风险假设和输出字段触发,聚焦积极财政政策的“三个着力点”指标、标准值、实际值、偏离率、评分和扣分原因,P1,magazine_435_articles,D:\openclaw-workspace\knowledge\11-杂志文献\财政监督\6.聚焦积极财政政策的“三个着力点”.md
RULEPKG-MAGSOC-0064,indicator_pack,package_level_rule,MAGSOC-0064,87,A,民生与社保医保 / 预算执行与财政管理 / 招投标与政府采购,财政支出政策绩效评价思路研究与应用,财政支出政策绩效评价思路研究与应用案例指标包,基于杂志案例《财政支出政策绩效评价思路研究与应用》提炼“财政支出政策绩效评价思路研究与应用”审计算法/规则，用于复用审计经验、生成疑点线索和核查程序。,文章案例文本；审计事项清单；问题线索台账；审计证据资料；预算指标表；财政支出明细；项目资金台账；绩效目标表；绩效评价指标；产出效果数据,按包内审计目标、风险假设和输出字段触发,财政支出政策绩效评价思路研究与应用指标、标准值、实际值、偏离率、评分和扣分原因,P1,magazine_435_articles,D:\openclaw-workspace\knowledge\11-杂志文献\财政监督\5.财政支出政策绩效评价思路研究与应用.md
RULEPKG-MAGSOC-0049,indicator_pack,package_level_rule,MAGSOC-0049,87,A,民生与社保医保 / 预算执行与财政管理 / 招投标与政府采购,财政监督与共同富裕,财政监督与共同富裕案例指标包,基于杂志案例《财政监督与共同富裕》提炼“财政监督与共同富裕”审计算法/规则，用于复用审计经验、生成疑点线索和核查程序。,文章案例文本；审计事项清单；问题线索台账；审计证据资料；预算指标表；财政支出明细；项目资金台账；内控制度；会计凭证；工作底稿,按包内审计目标、风险假设和输出字段触发,财政监督与共同富裕指标、标准值、实际值、偏离率、评分和扣分原因,P1,magazine_435_articles,D:\openclaw-workspace\knowledge\11-杂志文献\财政监督\2.财政监督与共同富裕.md
RULEPKG-MAGSUPV-0075,indicator_pack,package_level_rule,MAGSUPV-0075,85,A,监督检查与经费舞弊 / 全场景通用 / 金融审计,003充分发挥绩效评价“手术刀”作用，为财政经济高质量发展提供坚强保障,003充分发挥绩效评价“手术刀”作用，为财政经济高质量发展提供坚强保障案例指标包,基于杂志案例《003充分发挥绩效评价“手术刀”作用，为财政经济高质量发展提供坚强保障》提炼“003充分发挥绩效评价“手术刀”作用，为财政经济高质量发展提供坚强保障”审计算法/规则，用于复用审计经验、生成疑点线索和核查程序。,文章案例文本；审计事项清单；问题线索台账；审计证据资料；预算指标表；财政支出明细；项目资金台账；绩效目标表；绩效评价指标；产出效果数据,按包内审计目标、风险假设和输出字段触发,003充分发挥绩效评价“手术刀”作用，为财政经济高质量发展提供坚强保障指标、标准值、实际值、偏离率、评分和扣分原因,P1,magazine_435_articles,D:\openclaw-workspace\knowledge\11-杂志文献\财政监督\003充分发挥绩效评价“手术刀”作用，为财政经济高质量发展提供坚强保障.md
RULEPKG-MAGSUPV-0080,indicator_pack,package_level_rule,MAGSUPV-0080,90,A,监督检查与经费舞弊 / 全场景通用 / 金融审计,011深化结果应用推进财政“大绩效”管理提质增效,011深化结果应用推进财政“大绩效”管理提质增效案例指标包,基于杂志案例《011深化结果应用推进财政“大绩效”管理提质增效》提炼“011深化结果应用推进财政“大绩效”管理提质增效”审计算法/规则，用于复用审计经验、生成疑点线索和核查程序。,文章案例文本；审计事项清单；问题线索台账；审计证据资料；预算指标表；财政支出明细；项目资金台账；绩效目标表；绩效评价指标；产出效果数据,按包内审计目标、风险假设和输出字段触发,011深化结果应用推进财政“大绩效”管理提质增效指标、标准值、实际值、偏离率、评分和扣分原因,P1,magazine_435_articles,D:\openclaw-workspace\knowledge\11-杂志文献\财政监督\011深化结果应用推进财政“大绩效”管理提质增效.md
RULEPKG-MAGSUPV-0070,indicator_pack,package_level_rule,MAGSUPV-0070,88,A,监督检查与经费舞弊 / 全场景通用 / 金融审计,“双碳”目标下碳审计的本质、由来与推进策略,“双碳”目标下碳审计的本质、由来与推进策略案例指标包,基于杂志案例《“双碳”目标下碳审计的本质、由来与推进策略》提炼““双碳”目标下碳审计的本质、由来与推进策略”审计算法/规则，用于复用审计经验、生成疑点线索和核查程序。,文章案例文本；审计事项清单；问题线索台账；审计证据资料；内控制度；会计凭证；工作底稿；整改台账；合同流水；授信审批,按包内审计目标、风险假设和输出字段触发,“双碳”目标下碳审计的本质、由来与推进策略指标、标准值、实际值、偏离率、评分和扣分原因,P1,magazine_435_articles,D:\openclaw-workspace\knowledge\11-杂志文献\审计观察\2.“双碳”目标下碳审计的本质、 由来与推进策略.md
RULEPKG-MAGSUPV-0124,indicator_pack,package_level_rule,MAGSUPV-0124,90,A,监督检查与经费舞弊 / 全场景通用 / 金融审计,乡村振兴背景下财政支农资金绩效评价指标优化研究,乡村振兴背景下财政支农资金绩效评价指标优化研究案例指标包,基于杂志案例《乡村振兴背景下财政支农资金绩效评价指标优化研究》提炼“乡村振兴背景下财政支农资金绩效评价指标优化研究”审计算法/规则，用于复用审计经验、生成疑点线索和核查程序。,文章案例文本；审计事项清单；问题线索台账；审计证据资料；预算指标表；财政支出明细；项目资金台账；绩效目标表；绩效评价指标；产出效果数据,按包内审计目标、风险假设和输出字段触发,乡村振兴背景下财政支农资金绩效评价指标优化研究指标、标准值、实际值、偏离率、评分和扣分原因,P1,magazine_435_articles,D:\openclaw-workspace\knowledge\11-杂志文献\财政监督\6.乡村振兴背景下财政支农资金绩效评价指标优化研究。.md
RULEPKG-MAGSUPV-0112,indicator_pack,package_level_rule,MAGSUPV-0112,87,A,监督检查与经费舞弊 / 全场景通用 / 金融审计,制造业虚拟价值创造的模式研究,制造业虚拟价值创造的模式研究案例指标包,基于杂志案例《制造业虚拟价值创造的模式研究》提炼“制造业虚拟价值创造的模式研究”审计算法/规则，用于复用审计经验、生成疑点线索和核查程序。,文章案例文本；审计事项清单；问题线索台账；审计证据资料；内控制度；会计凭证；工作底稿；整改台账；合同流水；授信审批,按包内审计目标、风险假设和输出字段触发,制造业虚拟价值创造的模式研究指标、标准值、实际值、偏离率、评分和扣分原因,P1,magazine_435_articles,D:\openclaw-workspace\knowledge\11-杂志文献\财政监督\20.制造业虚拟价值创造的模式研究.md
RULEPKG-MAGSUPV-0131,indicator_pack,package_level_rule,MAGSUPV-0131,90,A,监督检查与经费舞弊 / 全场景通用 / 金融审计,如何提升预算绩效信息公开质量,如何提升预算绩效信息公开质量案例指标包,基于杂志案例《如何提升预算绩效信息公开质量》提炼“如何提升预算绩效信息公开质量”审计算法/规则，用于复用审计经验、生成疑点线索和核查程序。,文章案例文本；审计事项清单；问题线索台账；审计证据资料；预算指标表；财政支出明细；项目资金台账；绩效目标表；绩效评价指标；产出效果数据,按包内审计目标、风险假设和输出字段触发,如何提升预算绩效信息公开质量指标、标准值、实际值、偏离率、评分和扣分原因,P1,magazine_435_articles,D:\openclaw-workspace\knowledge\11-杂志文献\财政监督\8.如何提升预算绩效信息公开质量.md
RULEPKG-MAGSUPV-0125,indicator_pack,package_level_rule,MAGSUPV-0125,85,A,监督检查与经费舞弊 / 全场景通用 / 金融审计,我国财政机构设置基本架构的内在逻辑探析(上),我国财政机构设置基本架构的内在逻辑探析(上)案例指标包,基于杂志案例《我国财政机构设置基本架构的内在逻辑探析(上)》提炼“我国财政机构设置基本架构的内在逻辑探析(上)”审计算法/规则，用于复用审计经验、生成疑点线索和核查程序。,文章案例文本；审计事项清单；问题线索台账；审计证据资料；预算指标表；财政支出明细；项目资金台账；内控制度；会计凭证；工作底稿,按包内审计目标、风险假设和输出字段触发,我国财政机构设置基本架构的内在逻辑探析(上)指标、标准值、实际值、偏离率、评分和扣分原因,P1,magazine_435_articles,D:\openclaw-workspace\knowledge\11-杂志文献\财政监督\6.我国财政机构设置基本架构的内在逻辑探析(上).md
RULEPKG-MAGSUPV-0092,indicator_pack,package_level_rule,MAGSUPV-0092,85,A,监督检查与经费舞弊 / 全场景通用 / 金融审计,编制虚假财务报告骗取高新技术资格,编制虚假财务报告骗取高新技术资格案例指标包,基于杂志案例《编制虚假财务报告骗取高新技术资格》提炼“编制虚假财务报告骗取高新技术资格”审计算法/规则，用于复用审计经验、生成疑点线索和核查程序。,文章案例文本；审计事项清单；问题线索台账；审计证据资料；内控制度；会计凭证；工作底稿；整改台账；合同流水；授信审批,按包内审计目标、风险假设和输出字段触发,编制虚假财务报告骗取高新技术资格指标、标准值、实际值、偏离率、评分和扣分原因,P1,magazine_435_articles,D:\openclaw-workspace\knowledge\11-杂志文献\财政监督\12.编制虚假财务报告骗取高新技术资格.md
RULEPKG-PERFV6D-067,indicator_pack,package_level_rule,PERFV6D-067,83,B,监督检查与经费舞弊 / 预算执行与财政管理 / 经济责任审计,内控缺陷矩阵,行政事业单位内部控制建设原理与操作实务-内控缺陷矩阵指标包,基于《行政事业单位内部控制建设原理与操作实务》中“内控缺陷矩阵”相关内容，量化评价审计对象在合规性、真实性、绩效性和责任链方面的风险，形成可复核的疑点、规则或指标输出。,项目台账；财务收支明细；合同与审批资料；支付凭证；审计发现清单；预算批复表；预算调整表；绩效目标表；绩效指标表；产出效果数据,按包内审计目标、风险假设和输出字段触发,内控缺陷矩阵指标名称、指标值、标准值、偏离率、评分和扣分原因,P1,ocr_55_books_deep,E:\2026\审计方法&政策文件\_ocr_output\通用\行政事业单位内部控制建设原理与操作实务.pdf.md
RULEPKG-SUPVV6D-046,indicator_pack,package_level_rule,SUPVV6D-046,83,B,监督检查与经费舞弊 / 预算执行与财政管理 / 经济责任审计,内部控制实施方法论的核心理念,行政事业单位内部控制体系建设实操手册-内部控制实施方法论的核心理念指标包,基于《行政事业单位内部控制体系建设实操手册》中“内部控制实施方法论的核心理念”相关内容，量化评价审计对象在合规性、真实性、绩效性和责任链方面的风险，形成可复核的疑点、规则或指标输出。,项目台账；财务收支明细；合同与审批资料；支付凭证；审计发现清单；预算批复表；预算调整表；绩效目标表；绩效指标表；产出效果数据,按包内审计目标、风险假设和输出字段触发,内部控制实施方法论的核心理念指标名称、指标值、标准值、偏离率、评分和扣分原因,P1,ocr_55_books_deep,E:\2026\审计方法&政策文件\_ocr_output\通用\行政事业单位内部控制体系建设实操手册.pdf.md
RULEPKG-PERFV6D-056,indicator_pack,package_level_rule,PERFV6D-056,83,B,监督检查与经费舞弊 / 预算执行与财政管理 / 经济责任审计,内部控制审计概述及案例1,内部控制审计实务指南-内部控制审计概述及案例1指标包,基于《内部控制审计实务指南》中“内部控制审计概述及案例1”相关内容，量化评价审计对象在合规性、真实性、绩效性和责任链方面的风险，形成可复核的疑点、规则或指标输出。,项目台账；财务收支明细；合同与审批资料；支付凭证；审计发现清单；绩效指标表；产出效果数据；满意度问卷；采购公告；投标文件,按包内审计目标、风险假设和输出字段触发,内部控制审计概述及案例1指标名称、指标值、标准值、偏离率、评分和扣分原因,P1,ocr_55_books_deep,E:\2026\审计方法&政策文件\_ocr_output\通用\内部控制审计实务指南.pdf.md
RULEPKG-PERFV6D-073,indicator_pack,package_level_rule,PERFV6D-073,83,B,监督检查与经费舞弊 / 预算执行与财政管理 / 经济责任审计,审计案例规则化,行政事业单位内部控制规范实施指南-审计案例规则化指标包,基于《行政事业单位内部控制规范实施指南》中“审计案例规则化”相关内容，量化评价审计对象在合规性、真实性、绩效性和责任链方面的风险，形成可复核的疑点、规则或指标输出。,项目台账；财务收支明细；合同与审批资料；支付凭证；审计发现清单；预算批复表；预算调整表；绩效目标表；绩效指标表；产出效果数据,按包内审计目标、风险假设和输出字段触发,审计案例规则化指标名称、指标值、标准值、偏离率、评分和扣分原因,P1,ocr_55_books_deep,E:\2026\审计方法&政策文件\_ocr_output\通用\行政事业单位内部控制规范实施指南.pdf.md
RULEPKG-PERFV6D-060,indicator_pack,package_level_rule,PERFV6D-060,83,B,监督检查与经费舞弊 / 预算执行与财政管理 / 经济责任审计,某集团内部控制审计报告案例30,内部控制审计实务指南-某集团内部控制审计报告案例30指标包,基于《内部控制审计实务指南》中“某集团内部控制审计报告案例30”相关内容，量化评价审计对象在合规性、真实性、绩效性和责任链方面的风险，形成可复核的疑点、规则或指标输出。,项目台账；财务收支明细；合同与审批资料；支付凭证；审计发现清单；绩效指标表；产出效果数据；满意度问卷；采购公告；投标文件,按包内审计目标、风险假设和输出字段触发,某集团内部控制审计报告案例30指标名称、指标值、标准值、偏离率、评分和扣分原因,P1,ocr_55_books_deep,E:\2026\审计方法&政策文件\_ocr_output\通用\内部控制审计实务指南.pdf.md
RULEPKG-PERFV6D-077,indicator_pack,package_level_rule,PERFV6D-077,83,B,监督检查与经费舞弊 / 预算执行与财政管理 / 经济责任审计,法规依据匹配,行政事业单位内部控制规范实施指南-法规依据匹配指标包,基于《行政事业单位内部控制规范实施指南》中“法规依据匹配”相关内容，量化评价审计对象在合规性、真实性、绩效性和责任链方面的风险，形成可复核的疑点、规则或指标输出。,项目台账；财务收支明细；合同与审批资料；支付凭证；审计发现清单；预算批复表；预算调整表；绩效目标表；绩效指标表；产出效果数据,按包内审计目标、风险假设和输出字段触发,法规依据匹配指标名称、指标值、标准值、偏离率、评分和扣分原因,P1,ocr_55_books_deep,E:\2026\审计方法&政策文件\_ocr_output\通用\行政事业单位内部控制规范实施指南.pdf.md
RULEPKG-PERFV6D-063,indicator_pack,package_level_rule,PERFV6D-063,83,B,监督检查与经费舞弊 / 预算执行与财政管理 / 经济责任审计,诊断内部控制现状，出具基础性评价报告,行政事业单位内部控制建设原理与操作实务-诊断内部控制现状，出具基础性评价报告指标包,基于《行政事业单位内部控制建设原理与操作实务》中“诊断内部控制现状，出具基础性评价报告”相关内容，量化评价审计对象在合规性、真实性、绩效性和责任链方面的风险，形成可复核的疑点、规则或指标输出。,项目台账；财务收支明细；合同与审批资料；支付凭证；审计发现清单；预算批复表；预算调整表；绩效目标表；绩效指标表；产出效果数据,按包内审计目标、风险假设和输出字段触发,诊断内部控制现状，出具基础性评价报告指标名称、指标值、标准值、偏离率、评分和扣分原因,P1,ocr_55_books_deep,E:\2026\审计方法&政策文件\_ocr_output\通用\行政事业单位内部控制建设原理与操作实务.pdf.md
RULEPKG-SUPVV6D-039,indicator_pack,package_level_rule,SUPVV6D-039,83,B,监督检查与经费舞弊 / 预算执行与财政管理 / 经济责任审计,风险评价／33,行政事业单位内部控制体系建设全流程操作指南-风险评价／33指标包,基于《行政事业单位内部控制体系建设全流程操作指南》中“风险评价／33”相关内容，量化评价审计对象在合规性、真实性、绩效性和责任链方面的风险，形成可复核的疑点、规则或指标输出。,项目台账；财务收支明细；合同与审批资料；支付凭证；审计发现清单；绩效指标表；产出效果数据；满意度问卷；采购公告；投标文件,按包内审计目标、风险假设和输出字段触发,风险评价／33指标名称、指标值、标准值、偏离率、评分和扣分原因,P1,ocr_55_books_deep,E:\2026\审计方法&政策文件\_ocr_output\通用\行政事业单位内部控制体系建设全流程操作指南.pdf.md
RULEPKG-SUPVV6D-043,indicator_pack,package_level_rule,SUPVV6D-043,83,B,监督检查与经费舞弊 / 预算执行与财政管理 / 经济责任审计,风险评估的基本程序概述/19,行政事业单位内部控制体系建设全流程操作指南-风险评估的基本程序概述/19指标包,基于《行政事业单位内部控制体系建设全流程操作指南》中“风险评估的基本程序概述/19”相关内容，量化评价审计对象在合规性、真实性、绩效性和责任链方面的风险，形成可复核的疑点、规则或指标输出。,项目台账；财务收支明细；合同与审批资料；支付凭证；审计发现清单；绩效指标表；产出效果数据；满意度问卷；采购公告；投标文件,按包内审计目标、风险假设和输出字段触发,风险评估的基本程序概述/19指标名称、指标值、标准值、偏离率、评分和扣分原因,P1,ocr_55_books_deep,E:\2026\审计方法&政策文件\_ocr_output\通用\行政事业单位内部控制体系建设全流程操作指南.pdf.md
RULEPKG-SUPVV6D-003,indicator_pack,package_level_rule,SUPVV6D-003,83,B,监督检查与经费舞弊 / 预算执行与财政管理 / 绩效评价,信息系统审计风险管理·…,国家治理导向的政府审计-信息系统审计风险管理·…指标包,基于《国家治理导向的政府审计》中“信息系统审计风险管理·…”相关内容，量化评价审计对象在合规性、真实性、绩效性和责任链方面的风险，形成可复核的疑点、规则或指标输出。,项目台账；财务收支明细；合同与审批资料；支付凭证；审计发现清单；绩效指标表；产出效果数据；满意度问卷；会议纪要；三重一大事项,按包内审计目标、风险假设和输出字段触发,信息系统审计风险管理·…指标名称、指标值、标准值、偏离率、评分和扣分原因,P1,ocr_55_books_deep,E:\2026\审计方法&政策文件\_ocr_output\通用\国家治理导向的政府审计.pdf.md
RULEPKG-SUPVV6D-021,indicator_pack,package_level_rule,SUPVV6D-021,83,B,监督检查与经费舞弊 / 预算执行与财政管理 / 绩效评价,审计工作底稿和审计档案管理,政府审计学-审计工作底稿和审计档案管理指标包,基于《政府审计学》中“审计工作底稿和审计档案管理”相关内容，量化评价审计对象在合规性、真实性、绩效性和责任链方面的风险，形成可复核的疑点、规则或指标输出。,项目台账；财务收支明细；合同与审批资料；支付凭证；审计发现清单；预算批复表；预算调整表；绩效目标表；绩效指标表；产出效果数据,按包内审计目标、风险假设和输出字段触发,审计工作底稿和审计档案管理指标名称、指标值、标准值、偏离率、评分和扣分原因,P1,ocr_55_books_deep,E:\2026\审计方法&政策文件\_ocr_output\通用\政府审计学.pdf.md
RULEPKG-SUPVV6D-035,indicator_pack,package_level_rule,SUPVV6D-035,83,B,监督检查与经费舞弊 / 预算执行与财政管理 / 绩效评价,数据质量检查,政府审计理论与实务-数据质量检查指标包,基于《政府审计理论与实务》中“数据质量检查”相关内容，量化评价审计对象在合规性、真实性、绩效性和责任链方面的风险，形成可复核的疑点、规则或指标输出。,项目台账；财务收支明细；合同与审批资料；支付凭证；审计发现清单；预算批复表；预算调整表；绩效目标表；绩效指标表；产出效果数据,按包内审计目标、风险假设和输出字段触发,数据质量检查指标名称、指标值、标准值、偏离率、评分和扣分原因,P1,ocr_55_books_deep,E:\2026\审计方法&政策文件\_ocr_output\通用\政府审计理论与实务.pdf.md
RULEPKG-SUPVV6D-007,indicator_pack,package_level_rule,SUPVV6D-007,83,B,监督检查与经费舞弊 / 预算执行与财政管理 / 绩效评价,治理导向下的政府审计质量管理,国家治理导向的政府审计-治理导向下的政府审计质量管理指标包,基于《国家治理导向的政府审计》中“治理导向下的政府审计质量管理”相关内容，量化评价审计对象在合规性、真实性、绩效性和责任链方面的风险，形成可复核的疑点、规则或指标输出。,项目台账；财务收支明细；合同与审批资料；支付凭证；审计发现清单；绩效指标表；产出效果数据；满意度问卷；会议纪要；三重一大事项,按包内审计目标、风险假设和输出字段触发,治理导向下的政府审计质量管理指标名称、指标值、标准值、偏离率、评分和扣分原因,P1,ocr_55_books_deep,E:\2026\审计方法&政策文件\_ocr_output\通用\国家治理导向的政府审计.pdf.md
RULEPKG-SUPVV6D-017,indicator_pack,package_level_rule,SUPVV6D-017,83,B,监督检查与经费舞弊 / 预算执行与财政管理 / 绩效评价,法规依据匹配,政府审计-法规依据匹配指标包,基于《政府审计》中“法规依据匹配”相关内容，量化评价审计对象在合规性、真实性、绩效性和责任链方面的风险，形成可复核的疑点、规则或指标输出。,项目台账；财务收支明细；合同与审批资料；支付凭证；审计发现清单；绩效指标表；产出效果数据；满意度问卷；会议纪要；三重一大事项,按包内审计目标、风险假设和输出字段触发,法规依据匹配指标名称、指标值、标准值、偏离率、评分和扣分原因,P1,ocr_55_books_deep,E:\2026\审计方法&政策文件\_ocr_output\通用\政府审计.pdf.md
RULEPKG-SUPVV6D-031,indicator_pack,package_level_rule,SUPVV6D-031,83,B,监督检查与经费舞弊 / 预算执行与财政管理 / 绩效评价,税务部门税收征收管理情况审计,政府审计理论与实务-税务部门税收征收管理情况审计指标包,基于《政府审计理论与实务》中“税务部门税收征收管理情况审计”相关内容，量化评价审计对象在合规性、真实性、绩效性和责任链方面的风险，形成可复核的疑点、规则或指标输出。,项目台账；财务收支明细；合同与审批资料；支付凭证；审计发现清单；预算批复表；预算调整表；绩效目标表；绩效指标表；产出效果数据,按包内审计目标、风险假设和输出字段触发,税务部门税收征收管理情况审计指标名称、指标值、标准值、偏离率、评分和扣分原因,P1,ocr_55_books_deep,E:\2026\审计方法&政策文件\_ocr_output\通用\政府审计理论与实务.pdf.md
RULEPKG-MAGTAX-0005,indicator_pack,package_level_rule,MAGTAX-0005,85,A,税务审计 / 预算执行与财政管理 / 财政与政府债务,003适应新时代财政治理需要扎实推进监管局内控工作,003适应新时代财政治理需要扎实推进监管局内控工作案例指标包,基于杂志案例《003适应新时代财政治理需要扎实推进监管局内控工作》提炼“003适应新时代财政治理需要扎实推进监管局内控工作”审计算法/规则，用于复用审计经验、生成疑点线索和核查程序。,文章案例文本；审计事项清单；问题线索台账；审计证据资料；预算指标表；财政支出明细；项目资金台账；内控制度；会计凭证；工作底稿,按包内审计目标、风险假设和输出字段触发,003适应新时代财政治理需要扎实推进监管局内控工作指标、标准值、实际值、偏离率、评分和扣分原因,P1,magazine_435_articles,D:\openclaw-workspace\knowledge\11-杂志文献\财政监督\003适应新时代财政治理需要扎实推进监管局内控工作.md
RULEPKG-MAGTAX-0038,indicator_pack,package_level_rule,MAGTAX-0038,76,B,税务审计 / 预算执行与财政管理 / 财政与政府债务,世界一流财务管理体系建设助力企业高质量发展,世界一流财务管理体系建设助力企业高质量发展案例指标包,基于杂志案例《世界一流财务管理体系建设助力企业高质量发展》提炼“世界一流财务管理体系建设助力企业高质量发展”审计算法/规则，用于复用审计经验、生成疑点线索和核查程序。,文章案例文本；审计事项清单；问题线索台账；审计证据资料；预算指标表；财政支出明细；项目资金台账；纳税申报表；发票明细；税收优惠台账,按包内审计目标、风险假设和输出字段触发,世界一流财务管理体系建设助力企业高质量发展指标、标准值、实际值、偏离率、评分和扣分原因,P1,magazine_435_articles,D:\openclaw-workspace\knowledge\11-杂志文献\财政监督\7.世界一流财务管理体系建设助力企业高 质量发展.md
RULEPKG-MAGTAX-0014,indicator_pack,package_level_rule,MAGTAX-0014,90,A,税务审计 / 预算执行与财政管理 / 财政与政府债务,个人所得税促进科技创新：作用路径与政策优化,个人所得税促进科技创新：作用路径与政策优化案例指标包,基于杂志案例《个人所得税促进科技创新：作用路径与政策优化》提炼“个人所得税促进科技创新：作用路径与政策优化”审计算法/规则，用于复用审计经验、生成疑点线索和核查程序。,文章案例文本；审计事项清单；问题线索台账；审计证据资料；预算指标表；财政支出明细；项目资金台账；纳税申报表；发票明细；税收优惠台账,按包内审计目标、风险假设和输出字段触发,个人所得税促进科技创新：作用路径与政策优化指标、标准值、实际值、偏离率、评分和扣分原因,P1,magazine_435_articles,D:\openclaw-workspace\knowledge\11-杂志文献\财政监督\12.个人所得税促进科技创新：作用路径与政策优化.md
RULEPKG-MAGTAX-0039,indicator_pack,package_level_rule,MAGTAX-0039,76,B,税务审计 / 预算执行与财政管理 / 财政与政府债务,准确把握财会监督定位持续发挥基础支撑功能,准确把握财会监督定位持续发挥基础支撑功能案例指标包,基于杂志案例《准确把握财会监督定位持续发挥基础支撑功能》提炼“准确把握财会监督定位持续发挥基础支撑功能”审计算法/规则，用于复用审计经验、生成疑点线索和核查程序。,文章案例文本；审计事项清单；问题线索台账；审计证据资料；预算指标表；财政支出明细；项目资金台账；内控制度；会计凭证；工作底稿,按包内审计目标、风险假设和输出字段触发,准确把握财会监督定位持续发挥基础支撑功能指标、标准值、实际值、偏离率、评分和扣分原因,P1,magazine_435_articles,D:\openclaw-workspace\knowledge\11-杂志文献\财政监督\8.准确把握财会监督定位持续发挥基础支撑功能.md
RULEPKG-MAGTAX-0016,indicator_pack,package_level_rule,MAGTAX-0016,85,A,税务审计 / 预算执行与财政管理 / 财政与政府债务,利用关联交易控制转让定价避税,利用关联交易控制转让定价避税案例指标包,基于杂志案例《利用关联交易控制转让定价避税》提炼“利用关联交易控制转让定价避税”审计算法/规则，用于复用审计经验、生成疑点线索和核查程序。,文章案例文本；审计事项清单；问题线索台账；审计证据资料；预算指标表；财政支出明细；项目资金台账；纳税申报表；发票明细；税收优惠台账,按包内审计目标、风险假设和输出字段触发,利用关联交易控制转让定价避税指标、标准值、实际值、偏离率、评分和扣分原因,P1,magazine_435_articles,D:\openclaw-workspace\knowledge\11-杂志文献\财政监督\12.利用关联交易控制转让定价避税.md
RULEPKG-MAGTAX-0018,indicator_pack,package_level_rule,MAGTAX-0018,88,A,税务审计 / 预算执行与财政管理 / 财政与政府债务,基建延期“转固”隐匿经营亏损,基建延期“转固”隐匿经营亏损案例指标包,基于杂志案例《基建延期“转固”隐匿经营亏损》提炼“基建延期“转固”隐匿经营亏损”审计算法/规则，用于复用审计经验、生成疑点线索和核查程序。,文章案例文本；审计事项清单；问题线索台账；审计证据资料；预算指标表；财政支出明细；项目资金台账；纳税申报表；发票明细；税收优惠台账,按包内审计目标、风险假设和输出字段触发,基建延期“转固”隐匿经营亏损指标、标准值、实际值、偏离率、评分和扣分原因,P1,magazine_435_articles,D:\openclaw-workspace\knowledge\11-杂志文献\财政监督\13.基建延期“转固”隐匿经营亏损.md
RULEPKG-MAGTAX-0019,indicator_pack,package_level_rule,MAGTAX-0019,88,A,税务审计 / 预算执行与财政管理 / 财政与政府债务,山东威海火炬高技术产业开发区：稳步推进预算绩效管理工作,山东威海火炬高技术产业开发区：稳步推进预算绩效管理工作案例指标包,基于杂志案例《山东威海火炬高技术产业开发区：稳步推进预算绩效管理工作》提炼“山东威海火炬高技术产业开发区：稳步推进预算绩效管理工作”审计算法/规则，用于复用审计经验、生成疑点线索和核查程序。,文章案例文本；审计事项清单；问题线索台账；审计证据资料；预算指标表；财政支出明细；项目资金台账；绩效目标表；绩效评价指标；产出效果数据,按包内审计目标、风险假设和输出字段触发,山东威海火炬高技术产业开发区：稳步推进预算绩效管理工作指标、标准值、实际值、偏离率、评分和扣分原因,P1,magazine_435_articles,D:\openclaw-workspace\knowledge\11-杂志文献\财政监督\14.山东威海火炬高技术产业开发 区：稳步推进预算绩效管理工作.md
RULEPKG-MAGTAX-0022,indicator_pack,package_level_rule,MAGTAX-0022,88,A,税务审计 / 预算执行与财政管理 / 财政与政府债务,绩效审计的功能定位与推进路径：基于三种比较视角,绩效审计的功能定位与推进路径：基于三种比较视角案例指标包,基于杂志案例《绩效审计的功能定位与推进路径：基于三种比较视角》提炼“绩效审计的功能定位与推进路径：基于三种比较视角”审计算法/规则，用于复用审计经验、生成疑点线索和核查程序。,文章案例文本；审计事项清单；问题线索台账；审计证据资料；预算指标表；财政支出明细；项目资金台账；绩效目标表；绩效评价指标；产出效果数据,按包内审计目标、风险假设和输出字段触发,绩效审计的功能定位与推进路径：基于三种比较视角指标、标准值、实际值、偏离率、评分和扣分原因,P1,magazine_435_articles,D:\openclaw-workspace\knowledge\11-杂志文献\财政监督\17.绩效审计的功能定位与推进路径：基于三种比较视角.md
RULEPKG-MAGTAX-0024,indicator_pack,package_level_rule,MAGTAX-0024,88,A,税务审计 / 预算执行与财政管理 / 财政与政府债务,行政事业单位内部控制问题研究,行政事业单位内部控制问题研究案例指标包,基于杂志案例《行政事业单位内部控制问题研究》提炼“行政事业单位内部控制问题研究”审计算法/规则，用于复用审计经验、生成疑点线索和核查程序。,文章案例文本；审计事项清单；问题线索台账；审计证据资料；预算指标表；财政支出明细；项目资金台账；纳税申报表；发票明细；税收优惠台账,按包内审计目标、风险假设和输出字段触发,行政事业单位内部控制问题研究指标、标准值、实际值、偏离率、评分和扣分原因,P1,magazine_435_articles,D:\openclaw-workspace\knowledge\11-杂志文献\财政监督\18.行政事业单位内部控制问题研究.md
RULEPKG-MAGTAX-0012,indicator_pack,package_level_rule,MAGTAX-0012,76,B,税务审计 / 预算执行与财政管理 / 财政与政府债务,财政政策评价的基本逻辑,财政政策评价的基本逻辑案例指标包,基于杂志案例《财政政策评价的基本逻辑》提炼“财政政策评价的基本逻辑”审计算法/规则，用于复用审计经验、生成疑点线索和核查程序。,文章案例文本；审计事项清单；问题线索台账；审计证据资料；预算指标表；财政支出明细；项目资金台账；纳税申报表；发票明细；税收优惠台账,按包内审计目标、风险假设和输出字段触发,财政政策评价的基本逻辑指标、标准值、实际值、偏离率、评分和扣分原因,P1,magazine_435_articles,D:\openclaw-workspace\knowledge\11-杂志文献\财政监督\1.财政政策评价的基本逻辑.md
RULEPKG-ECONV6D-011,indicator_pack,package_level_rule,ECONV6D-011,83,B,经济责任审计 / 国企审计 / 监督检查与经费舞弊,国有企业经济责任审计实务指南.pdf,国有企业经济责任审计实务指南-国有企业经济责任审计实务指南.pdf指标包,基于《国有企业经济责任审计实务指南》中“国有企业经济责任审计实务指南.pdf”相关内容，量化评价审计对象在合规性、真实性、绩效性和责任链方面的风险，形成可复核的疑点、规则或指标输出。,项目台账；财务收支明细；合同与审批资料；支付凭证；审计发现清单；绩效指标表；产出效果数据；满意度问卷；会议纪要；三重一大事项,按包内审计目标、风险假设和输出字段触发,国有企业经济责任审计实务指南.pdf指标名称、指标值、标准值、偏离率、评分和扣分原因,P1,ocr_55_books_deep,E:\2026\审计方法&政策文件\_ocr_output\经责\国有企业经济责任审计实务指南.pdf.md
RULEPKG-ECONV6D-015,indicator_pack,package_level_rule,ECONV6D-015,83,B,经济责任审计 / 国企审计 / 监督检查与经费舞弊,审计程序64,国有企业经济责任审计实务指南-审计程序64指标包,基于《国有企业经济责任审计实务指南》中“审计程序64”相关内容，量化评价审计对象在合规性、真实性、绩效性和责任链方面的风险，形成可复核的疑点、规则或指标输出。,项目台账；财务收支明细；合同与审批资料；支付凭证；审计发现清单；绩效指标表；产出效果数据；满意度问卷；会议纪要；三重一大事项,按包内审计目标、风险假设和输出字段触发,审计程序64指标名称、指标值、标准值、偏离率、评分和扣分原因,P1,ocr_55_books_deep,E:\2026\审计方法&政策文件\_ocr_output\经责\国有企业经济责任审计实务指南.pdf.md
RULEPKG-ECONV6D-018,indicator_pack,package_level_rule,ECONV6D-018,83,B,经济责任审计 / 监督检查与经费舞弊,d区风景管理局所属6个管理处原处长离任经济责任审计,经济责任审计实务-d区风景管理局所属6个管理处原处长离任经济责任审计指标包,基于《经济责任审计实务》中“d区风景管理局所属6个管理处原处长离任经济责任审计”相关内容，量化评价审计对象在合规性、真实性、绩效性和责任链方面的风险，形成可复核的疑点、规则或指标输出。,项目台账；财务收支明细；合同与审批资料；支付凭证；审计发现清单；绩效指标表；产出效果数据；满意度问卷；会议纪要；三重一大事项,按包内审计目标、风险假设和输出字段触发,d区风景管理局所属6个管理处原处长离任经济责任审计指标名称、指标值、标准值、偏离率、评分和扣分原因,P1,ocr_55_books_deep,E:\2026\审计方法&政策文件\_ocr_output\经责\经济责任审计实务.md
RULEPKG-ECONV6D-023,indicator_pack,package_level_rule,ECONV6D-023,83,B,经济责任审计 / 监督检查与经费舞弊,d区风景管理局所属6个管理处原处长离任经济责任审计,经济责任审计实务-d区风景管理局所属6个管理处原处长离任经济责任审计指标包#经责,基于《经济责任审计实务》中“d区风景管理局所属6个管理处原处长离任经济责任审计”相关内容，量化评价审计对象在合规性、真实性、绩效性和责任链方面的风险，形成可复核的疑点、规则或指标输出。,项目台账；财务收支明细；合同与审批资料；支付凭证；审计发现清单；绩效指标表；产出效果数据；满意度问卷；会议纪要；三重一大事项,按包内审计目标、风险假设和输出字段触发,d区风景管理局所属6个管理处原处长离任经济责任审计指标名称、指标值、标准值、偏离率、评分和扣分原因,P1,ocr_55_books_deep,E:\2026\审计方法&政策文件\_ocr_output\经责\经济责任审计实务.pdf.md
RULEPKG-ECONV6D-007,indicator_pack,package_level_rule,ECONV6D-007,83,B,经济责任审计 / 监督检查与经费舞弊,内部经济责任审计概述,内部经济责任审计-内部经济责任审计概述指标包,基于《内部经济责任审计》中“内部经济责任审计概述”相关内容，量化评价审计对象在合规性、真实性、绩效性和责任链方面的风险，形成可复核的疑点、规则或指标输出。,项目台账；财务收支明细；合同与审批资料；支付凭证；审计发现清单；绩效指标表；产出效果数据；满意度问卷；会议纪要；三重一大事项,按包内审计目标、风险假设和输出字段触发,内部经济责任审计概述指标名称、指标值、标准值、偏离率、评分和扣分原因,P1,ocr_55_books_deep,E:\2026\审计方法&政策文件\_ocr_output\经责\内部经济责任审计.pdf.md
RULEPKG-ECONV6D-003,indicator_pack,package_level_rule,ECONV6D-003,83,B,经济责任审计 / 监督检查与经费舞弊,内部经济责任审计评价与责任界定,内部经济责任审计-内部经济责任审计评价与责任界定指标包,基于《内部经济责任审计》中“内部经济责任审计评价与责任界定”相关内容，量化评价审计对象在合规性、真实性、绩效性和责任链方面的风险，形成可复核的疑点、规则或指标输出。,项目台账；财务收支明细；合同与审批资料；支付凭证；审计发现清单；绩效指标表；产出效果数据；满意度问卷；会议纪要；三重一大事项,按包内审计目标、风险假设和输出字段触发,内部经济责任审计评价与责任界定指标名称、指标值、标准值、偏离率、评分和扣分原因,P1,ocr_55_books_deep,E:\2026\审计方法&政策文件\_ocr_output\经责\内部经济责任审计.pdf.md
RULEPKG-ENVV6D-011,indicator_pack,package_level_rule,ENVV6D-011,83,B,经济责任审计 / 资源环境审计 / 监督检查与经费舞弊,监督考核常见问题,领导干部自然资源资产离任审计常见问题定性与评价指南-监督考核常见问题指标包,基于《领导干部自然资源资产离任审计常见问题定性与评价指南》中“监督考核常见问题”相关内容，量化评价审计对象在合规性、真实性、绩效性和责任链方面的风险，形成可复核的疑点、规则或指标输出。,项目台账；财务收支明细；合同与审批资料；支付凭证；审计发现清单；绩效指标表；产出效果数据；满意度问卷；会议纪要；三重一大事项,按包内审计目标、风险假设和输出字段触发,监督考核常见问题指标名称、指标值、标准值、偏离率、评分和扣分原因,P1,ocr_55_books_deep,E:\2026\审计方法&政策文件\_ocr_output\经责\领导干部自然资源资产离任审计常见问题定性与评价指南.pdf.md
RULEPKG-ENVV6D-007,indicator_pack,package_level_rule,ENVV6D-007,83,B,经济责任审计 / 资源环境审计 / 监督检查与经费舞弊,自然资源资产离任,领导干部自然资源资产离任审计实务与操作指引-自然资源资产离任指标包,基于《领导干部自然资源资产离任审计实务与操作指引》中“自然资源资产离任”相关内容，量化评价审计对象在合规性、真实性、绩效性和责任链方面的风险，形成可复核的疑点、规则或指标输出。,项目台账；财务收支明细；合同与审批资料；支付凭证；审计发现清单；会议纪要；三重一大事项；责任人岗位信息；遥感图斑；自然资源审批,按包内审计目标、风险假设和输出字段触发,自然资源资产离任指标名称、指标值、标准值、偏离率、评分和扣分原因,P1,ocr_55_books_deep,E:\2026\审计方法&政策文件\_ocr_output\经责\领导干部自然资源资产离任审计实务与操作指引.pdf.md
RULEPKG-ENVV6D-003,indicator_pack,package_level_rule,ENVV6D-003,83,B,经济责任审计 / 资源环境审计 / 监督检查与经费舞弊,资金及项目审计操作指引…,领导干部自然资源资产离任审计实务与操作指引-资金及项目审计操作指引…指标包,基于《领导干部自然资源资产离任审计实务与操作指引》中“资金及项目审计操作指引…”相关内容，量化评价审计对象在合规性、真实性、绩效性和责任链方面的风险，形成可复核的疑点、规则或指标输出。,项目台账；财务收支明细；合同与审批资料；支付凭证；审计发现清单；会议纪要；三重一大事项；责任人岗位信息；遥感图斑；自然资源审批,按包内审计目标、风险假设和输出字段触发,资金及项目审计操作指引…指标名称、指标值、标准值、偏离率、评分和扣分原因,P1,ocr_55_books_deep,E:\2026\审计方法&政策文件\_ocr_output\经责\领导干部自然资源资产离任审计实务与操作指引.pdf.md
RULEPKG-ECONV6D-028,indicator_pack,package_level_rule,ECONV6D-028,83,B,经济责任审计 / 预算执行与财政管理 / 监督检查与经费舞弊,行政单位经济责任审计实务指南.pdf,行政单位经济责任审计实务指南-行政单位经济责任审计实务指南.pdf指标包,基于《行政单位经济责任审计实务指南》中“行政单位经济责任审计实务指南.pdf”相关内容，量化评价审计对象在合规性、真实性、绩效性和责任链方面的风险，形成可复核的疑点、规则或指标输出。,项目台账；财务收支明细；合同与审批资料；支付凭证；审计发现清单；绩效指标表；产出效果数据；满意度问卷；会议纪要；三重一大事项,按包内审计目标、风险假设和输出字段触发,行政单位经济责任审计实务指南.pdf指标名称、指标值、标准值、偏离率、评分和扣分原因,P1,ocr_55_books_deep,E:\2026\审计方法&政策文件\_ocr_output\经责\行政单位经济责任审计实务指南.pdf.md
RULEPKG-ECONV6D-038,indicator_pack,package_level_rule,ECONV6D-038,83,B,经济责任审计 / 预算执行与财政管理 / 监督检查与经费舞弊,高校领导干部经济责任审计,高校领导干部经济责任审计指南-高校领导干部经济责任审计指标包,基于《高校领导干部经济责任审计指南》中“高校领导干部经济责任审计”相关内容，量化评价审计对象在合规性、真实性、绩效性和责任链方面的风险，形成可复核的疑点、规则或指标输出。,项目台账；财务收支明细；合同与审批资料；支付凭证；审计发现清单；预算批复表；预算调整表；绩效目标表；会议纪要；三重一大事项,按包内审计目标、风险假设和输出字段触发,高校领导干部经济责任审计指标名称、指标值、标准值、偏离率、评分和扣分原因,P1,ocr_55_books_deep,E:\2026\审计方法&政策文件\_ocr_output\经责\高校领导干部经济责任审计指南.pdf.md
RULEPKG-ECONV6D-034,indicator_pack,package_level_rule,ECONV6D-034,83,B,经济责任审计 / 预算执行与财政管理 / 监督检查与经费舞弊,高校领导干部经济责任审计概述,高校领导干部经济责任审计指南-高校领导干部经济责任审计概述指标包,基于《高校领导干部经济责任审计指南》中“高校领导干部经济责任审计概述”相关内容，量化评价审计对象在合规性、真实性、绩效性和责任链方面的风险，形成可复核的疑点、规则或指标输出。,项目台账；财务收支明细；合同与审批资料；支付凭证；审计发现清单；预算批复表；预算调整表；绩效目标表；会议纪要；三重一大事项,按包内审计目标、风险假设和输出字段触发,高校领导干部经济责任审计概述指标名称、指标值、标准值、偏离率、评分和扣分原因,P1,ocr_55_books_deep,E:\2026\审计方法&政策文件\_ocr_output\经责\高校领导干部经济责任审计指南.pdf.md
RULEPKG-PERFV6D-022,indicator_pack,package_level_rule,PERFV6D-022,83,B,绩效评价 / 资源环境审计 / 预算执行与财政管理,审计方法,环境绩效审计实务指南-审计方法指标包,基于《环境绩效审计实务指南》中“审计方法”相关内容，量化评价审计对象在合规性、真实性、绩效性和责任链方面的风险，形成可复核的疑点、规则或指标输出。,项目台账；财务收支明细；合同与审批资料；支付凭证；审计发现清单；绩效指标表；产出效果数据；满意度问卷；工程量清单；结算书,按包内审计目标、风险假设和输出字段触发,审计方法指标名称、指标值、标准值、偏离率、评分和扣分原因,P1,ocr_55_books_deep,E:\2026\审计方法&政策文件\_ocr_output\绩效\环境绩效审计实务指南.pdf.md
RULEPKG-PERFV6D-007,indicator_pack,package_level_rule,PERFV6D-007,83,B,绩效评价 / 预算执行与财政管理 / 财政与政府债务,中国财政支出政策绩效评价框架体系,中国财政支出政策绩效评价体系研究-中国财政支出政策绩效评价框架体系指标包,基于《中国财政支出政策绩效评价体系研究》中“中国财政支出政策绩效评价框架体系”相关内容，量化评价审计对象在合规性、真实性、绩效性和责任链方面的风险，形成可复核的疑点、规则或指标输出。,项目台账；财务收支明细；合同与审批资料；支付凭证；审计发现清单；预算批复表；预算调整表；绩效目标表；绩效指标表；产出效果数据,按包内审计目标、风险假设和输出字段触发,中国财政支出政策绩效评价框架体系指标名称、指标值、标准值、偏离率、评分和扣分原因,P1,ocr_55_books_deep,E:\2026\审计方法&政策文件\_ocr_output\绩效\中国财政支出政策绩效评价体系研究.pdf.md
RULEPKG-PERFV6D-003,indicator_pack,package_level_rule,PERFV6D-003,83,B,绩效评价 / 预算执行与财政管理 / 财政与政府债务,中国财政支出政策绩效评价的方法体系,中国财政支出政策绩效评价体系研究-中国财政支出政策绩效评价的方法体系指标包,基于《中国财政支出政策绩效评价体系研究》中“中国财政支出政策绩效评价的方法体系”相关内容，量化评价审计对象在合规性、真实性、绩效性和责任链方面的风险，形成可复核的疑点、规则或指标输出。,项目台账；财务收支明细；合同与审批资料；支付凭证；审计发现清单；预算批复表；预算调整表；绩效目标表；绩效指标表；产出效果数据,按包内审计目标、风险假设和输出字段触发,中国财政支出政策绩效评价的方法体系指标名称、指标值、标准值、偏离率、评分和扣分原因,P1,ocr_55_books_deep,E:\2026\审计方法&政策文件\_ocr_output\绩效\中国财政支出政策绩效评价体系研究.pdf.md
RULEPKG-PERFV6D-032,indicator_pack,package_level_rule,PERFV6D-032,83,B,绩效评价 / 预算执行与财政管理 / 财政与政府债务,政府审计的演变：处于前沿的绩效审计,绩效审计一个计量的过程和方法-政府审计的演变：处于前沿的绩效审计指标包,基于《绩效审计一个计量的过程和方法》中“政府审计的演变：处于前沿的绩效审计”相关内容，量化评价审计对象在合规性、真实性、绩效性和责任链方面的风险，形成可复核的疑点、规则或指标输出。,项目台账；财务收支明细；合同与审批资料；支付凭证；审计发现清单；绩效指标表；产出效果数据；满意度问卷；工程量清单；结算书,按包内审计目标、风险假设和输出字段触发,政府审计的演变：处于前沿的绩效审计指标名称、指标值、标准值、偏离率、评分和扣分原因,P1,ocr_55_books_deep,E:\2026\审计方法&政策文件\_ocr_output\绩效\绩效审计一个计量的过程和方法.pdf.md
RULEPKG-PERFV6D-010,indicator_pack,package_level_rule,PERFV6D-010,83,B,绩效评价 / 预算执行与财政管理 / 财政与政府债务,研究过程更加客观规范：定性分析的一个主要问题在于阐释过程,抽样调查设计导论-研究过程更加客观规范：定性分析的一个主要问题在于阐释过程指标包,基于《抽样调查设计导论》中“研究过程更加客观规范：定性分析的一个主要问题在于阐释过程”相关内容，量化评价审计对象在合规性、真实性、绩效性和责任链方面的风险，形成可复核的疑点、规则或指标输出。,项目台账；财务收支明细；合同与审批资料；支付凭证；审计发现清单；绩效指标表；产出效果数据；满意度问卷；工程量清单；结算书,按包内审计目标、风险假设和输出字段触发,研究过程更加客观规范：定性分析的一个主要问题在于阐释过程指标名称、指标值、标准值、偏离率、评分和扣分原因,P1,ocr_55_books_deep,E:\2026\审计方法&政策文件\_ocr_output\绩效\抽样调查设计导论.pdf.md
RULEPKG-PERFV6D-036,indicator_pack,package_level_rule,PERFV6D-036,83,B,绩效评价 / 预算执行与财政管理 / 财政与政府债务,绩效审计评价方法,绩效审计方法-绩效审计评价方法指标包,基于《绩效审计方法》中“绩效审计评价方法”相关内容，量化评价审计对象在合规性、真实性、绩效性和责任链方面的风险，形成可复核的疑点、规则或指标输出。,项目台账；财务收支明细；合同与审批资料；支付凭证；审计发现清单；预算批复表；预算调整表；绩效目标表；绩效指标表；产出效果数据,按包内审计目标、风险假设和输出字段触发,绩效审计评价方法指标名称、指标值、标准值、偏离率、评分和扣分原因,P1,ocr_55_books_deep,E:\2026\审计方法&政策文件\_ocr_output\绩效\绩效审计方法.pdf.md
RULEPKG-PERFV6D-040,indicator_pack,package_level_rule,PERFV6D-040,83,B,绩效评价 / 预算执行与财政管理 / 财政与政府债务,绩效审计项目选择方法和计划编制方法,绩效审计方法-绩效审计项目选择方法和计划编制方法指标包,基于《绩效审计方法》中“绩效审计项目选择方法和计划编制方法”相关内容，量化评价审计对象在合规性、真实性、绩效性和责任链方面的风险，形成可复核的疑点、规则或指标输出。,项目台账；财务收支明细；合同与审批资料；支付凭证；审计发现清单；预算批复表；预算调整表；绩效目标表；绩效指标表；产出效果数据,按包内审计目标、风险假设和输出字段触发,绩效审计项目选择方法和计划编制方法指标名称、指标值、标准值、偏离率、评分和扣分原因,P1,ocr_55_books_deep,E:\2026\审计方法&政策文件\_ocr_output\绩效\绩效审计方法.pdf.md
RULEPKG-PERFV6D-014,indicator_pack,package_level_rule,PERFV6D-014,83,B,绩效评价 / 预算执行与财政管理 / 财政与政府债务,绩效指标偏离,抽样调查设计导论-绩效指标偏离指标包,基于《抽样调查设计导论》中“绩效指标偏离”相关内容，量化评价审计对象在合规性、真实性、绩效性和责任链方面的风险，形成可复核的疑点、规则或指标输出。,项目台账；财务收支明细；合同与审批资料；支付凭证；审计发现清单；绩效指标表；产出效果数据；满意度问卷；工程量清单；结算书,按包内审计目标、风险假设和输出字段触发,绩效指标偏离指标名称、指标值、标准值、偏离率、评分和扣分原因,P1,ocr_55_books_deep,E:\2026\审计方法&政策文件\_ocr_output\绩效\抽样调查设计导论.pdf.md
RULEPKG-ENVV6D-017,indicator_pack,package_level_rule,ENVV6D-017,83,B,绩效评价 / 预算执行与财政管理 / 财政与政府债务,绩效指标偏离,调查问卷设计与处理分析-绩效指标偏离指标包,基于《调查问卷设计与处理分析》中“绩效指标偏离”相关内容，量化评价审计对象在合规性、真实性、绩效性和责任链方面的风险，形成可复核的疑点、规则或指标输出。,项目台账；财务收支明细；合同与审批资料；支付凭证；审计发现清单；绩效指标表；产出效果数据；满意度问卷；农户信息；土地确权,按包内审计目标、风险假设和输出字段触发,绩效指标偏离指标名称、指标值、标准值、偏离率、评分和扣分原因,P1,ocr_55_books_deep,E:\2026\审计方法&政策文件\_ocr_output\绩效\调查问卷设计与处理分析.pdf.md
RULEPKG-PERFV6D-028,indicator_pack,package_level_rule,PERFV6D-028,83,B,绩效评价 / 预算执行与财政管理 / 财政与政府债务,证据与审计文档,绩效审计一个计量的过程和方法-证据与审计文档指标包,基于《绩效审计一个计量的过程和方法》中“证据与审计文档”相关内容，量化评价审计对象在合规性、真实性、绩效性和责任链方面的风险，形成可复核的疑点、规则或指标输出。,项目台账；财务收支明细；合同与审批资料；支付凭证；审计发现清单；绩效指标表；产出效果数据；满意度问卷；工程量清单；结算书,按包内审计目标、风险假设和输出字段触发,证据与审计文档指标名称、指标值、标准值、偏离率、评分和扣分原因,P1,ocr_55_books_deep,E:\2026\审计方法&政策文件\_ocr_output\绩效\绩效审计一个计量的过程和方法.pdf.md
RULEPKG-PERFV6D-017,indicator_pack,package_level_rule,PERFV6D-017,83,B,绩效评价 / 预算执行与财政管理 / 财政与政府债务,评价情况分析及综,水利系统部门整体支出绩效评价的思考与探索-评价情况分析及综指标包,基于《水利系统部门整体支出绩效评价的思考与探索》中“评价情况分析及综”相关内容，量化评价审计对象在合规性、真实性、绩效性和责任链方面的风险，形成可复核的疑点、规则或指标输出。,项目台账；财务收支明细；合同与审批资料；支付凭证；审计发现清单；预算批复表；预算调整表；绩效目标表；绩效指标表；产出效果数据,按包内审计目标、风险假设和输出字段触发,评价情况分析及综指标名称、指标值、标准值、偏离率、评分和扣分原因,P1,ocr_55_books_deep,E:\2026\审计方法&政策文件\_ocr_output\绩效\水利系统部门整体支出绩效评价的思考与探索.pdf.md
RULEPKG-PERFV6D-047,indicator_pack,package_level_rule,PERFV6D-047,83,B,绩效评价 / 预算执行与财政管理 / 财政与政府债务,财政支出绩效评价的理论基础和,财政支出绩效评价研究-财政支出绩效评价的理论基础和指标包,基于《财政支出绩效评价研究》中“财政支出绩效评价的理论基础和”相关内容，量化评价审计对象在合规性、真实性、绩效性和责任链方面的风险，形成可复核的疑点、规则或指标输出。,项目台账；财务收支明细；合同与审批资料；支付凭证；审计发现清单；预算批复表；预算调整表；绩效目标表；绩效指标表；产出效果数据,按包内审计目标、风险假设和输出字段触发,财政支出绩效评价的理论基础和指标名称、指标值、标准值、偏离率、评分和扣分原因,P1,ocr_55_books_deep,E:\2026\审计方法&政策文件\_ocr_output\绩效\财政支出绩效评价研究.pdf.md
RULEPKG-PERFV6D-043,indicator_pack,package_level_rule,PERFV6D-043,83,B,绩效评价 / 预算执行与财政管理 / 财政与政府债务,财政支出绩效评价研究.pdf,财政支出绩效评价研究-财政支出绩效评价研究.pdf指标包,基于《财政支出绩效评价研究》中“财政支出绩效评价研究.pdf”相关内容，量化评价审计对象在合规性、真实性、绩效性和责任链方面的风险，形成可复核的疑点、规则或指标输出。,项目台账；财务收支明细；合同与审批资料；支付凭证；审计发现清单；预算批复表；预算调整表；绩效目标表；绩效指标表；产出效果数据,按包内审计目标、风险假设和输出字段触发,财政支出绩效评价研究.pdf指标名称、指标值、标准值、偏离率、评分和扣分原因,P1,ocr_55_books_deep,E:\2026\审计方法&政策文件\_ocr_output\绩效\财政支出绩效评价研究.pdf.md
RULEPKG-CARBV6D-030,indicator_pack,package_level_rule,CARBV6D-030,83,B,能源与双碳审计 / 资源环境审计 / 绩效评价,3企业能源审计的方法,能源审计原理与实施方法-3企业能源审计的方法指标包,基于《能源审计原理与实施方法》中“3企业能源审计的方法”相关内容，量化评价审计对象在合规性、真实性、绩效性和责任链方面的风险，形成可复核的疑点、规则或指标输出。,项目台账；财务收支明细；合同与审批资料；支付凭证；审计发现清单；绩效指标表；产出效果数据；满意度问卷；能耗账单；设备台账,按包内审计目标、风险假设和输出字段触发,3企业能源审计的方法指标名称、指标值、标准值、偏离率、评分和扣分原因,P1,ocr_55_books_deep,E:\2026\审计方法&政策文件\_ocr_output\能源\能源审计原理与实施方法.pdf.md
RULEPKG-CARBV6D-021,indicator_pack,package_level_rule,CARBV6D-021,83,B,能源与双碳审计 / 资源环境审计 / 绩效评价,公共机构能源审计基础知识,公共机构能源审计实务-公共机构能源审计基础知识指标包,基于《公共机构能源审计实务》中“公共机构能源审计基础知识”相关内容，量化评价审计对象在合规性、真实性、绩效性和责任链方面的风险，形成可复核的疑点、规则或指标输出。,项目台账；财务收支明细；合同与审批资料；支付凭证；审计发现清单；绩效指标表；产出效果数据；满意度问卷；能耗账单；设备台账,按包内审计目标、风险假设和输出字段触发,公共机构能源审计基础知识指标名称、指标值、标准值、偏离率、评分和扣分原因,P1,ocr_55_books_deep,E:\2026\审计方法&政策文件\_ocr_output\能源\公共机构能源审计实务.pdf.md
RULEPKG-CARBV6D-017,indicator_pack,package_level_rule,CARBV6D-017,83,B,能源与双碳审计 / 资源环境审计 / 绩效评价,公共机构能源审计实务.pdf,公共机构能源审计实务-公共机构能源审计实务.pdf指标包,基于《公共机构能源审计实务》中“公共机构能源审计实务.pdf”相关内容，量化评价审计对象在合规性、真实性、绩效性和责任链方面的风险，形成可复核的疑点、规则或指标输出。,项目台账；财务收支明细；合同与审批资料；支付凭证；审计发现清单；绩效指标表；产出效果数据；满意度问卷；能耗账单；设备台账,按包内审计目标、风险假设和输出字段触发,公共机构能源审计实务.pdf指标名称、指标值、标准值、偏离率、评分和扣分原因,P1,ocr_55_books_deep,E:\2026\审计方法&政策文件\_ocr_output\能源\公共机构能源审计实务.pdf.md
RULEPKG-CARBV6D-024,indicator_pack,package_level_rule,CARBV6D-024,83,B,能源与双碳审计 / 资源环境审计 / 绩效评价,公布“碳排放管理员”,碳达峰与碳中和实施指南-公布“碳排放管理员”指标包,基于《碳达峰与碳中和实施指南》中“公布“碳排放管理员””相关内容，量化评价审计对象在合规性、真实性、绩效性和责任链方面的风险，形成可复核的疑点、规则或指标输出。,项目台账；财务收支明细；合同与审批资料；支付凭证；审计发现清单；能耗账单；设备台账；碳排放/配额数据；农户信息；土地确权,按包内审计目标、风险假设和输出字段触发,公布“碳排放管理员”指标名称、指标值、标准值、偏离率、评分和扣分原因,P1,ocr_55_books_deep,E:\2026\审计方法&政策文件\_ocr_output\能源\碳达峰与碳中和实施指南.pdf.md
RULEPKG-CARBV6D-007,indicator_pack,package_level_rule,CARBV6D-007,83,B,能源与双碳审计 / 资源环境审计 / 绩效评价,碳交易异常,中国碳排放权交易实务-碳交易异常指标包,基于《中国碳排放权交易实务》中“碳交易异常”相关内容，量化评价审计对象在合规性、真实性、绩效性和责任链方面的风险，形成可复核的疑点、规则或指标输出。,项目台账；财务收支明细；合同与审批资料；支付凭证；审计发现清单；工程量清单；结算书；签证变更；竣工资料；能耗账单,按包内审计目标、风险假设和输出字段触发,碳交易异常指标名称、指标值、标准值、偏离率、评分和扣分原因,P1,ocr_55_books_deep,E:\2026\审计方法&政策文件\_ocr_output\能源\中国碳排放权交易实务.pdf.md
RULEPKG-CARBV6D-011,indicator_pack,package_level_rule,CARBV6D-011,83,B,能源与双碳审计 / 资源环境审计 / 绩效评价,能源管理状况审计,公共机构能源审计-能源管理状况审计指标包,基于《公共机构能源审计》中“能源管理状况审计”相关内容，量化评价审计对象在合规性、真实性、绩效性和责任链方面的风险，形成可复核的疑点、规则或指标输出。,项目台账；财务收支明细；合同与审批资料；支付凭证；审计发现清单；绩效指标表；产出效果数据；满意度问卷；能耗账单；设备台账,按包内审计目标、风险假设和输出字段触发,能源管理状况审计指标名称、指标值、标准值、偏离率、评分和扣分原因,P1,ocr_55_books_deep,E:\2026\审计方法&政策文件\_ocr_output\能源\公共机构能源审计.pdf.md
RULEPKG-CARBV6D-003,indicator_pack,package_level_rule,CARBV6D-003,83,B,能源与双碳审计 / 资源环境审计 / 绩效评价,能耗基线异常,中国碳排放权交易实务-能耗基线异常指标包,基于《中国碳排放权交易实务》中“能耗基线异常”相关内容，量化评价审计对象在合规性、真实性、绩效性和责任链方面的风险，形成可复核的疑点、规则或指标输出。,项目台账；财务收支明细；合同与审批资料；支付凭证；审计发现清单；工程量清单；结算书；签证变更；竣工资料；能耗账单,按包内审计目标、风险假设和输出字段触发,能耗基线异常指标名称、指标值、标准值、偏离率、评分和扣分原因,P1,ocr_55_books_deep,E:\2026\审计方法&政策文件\_ocr_output\能源\中国碳排放权交易实务.pdf.md
RULEPKG-MAGFIN-0012,indicator_pack,package_level_rule,MAGFIN-0012,78,B,金融审计 / 国企审计 / 监督检查与经费舞弊,006把“两个结合”融人财政工作中,006把“两个结合”融人财政工作中案例指标包,基于杂志案例《006把“两个结合”融人财政工作中》提炼“006把“两个结合”融人财政工作中”审计算法/规则，用于复用审计经验、生成疑点线索和核查程序。,文章案例文本；审计事项清单；问题线索台账；审计证据资料；预算指标表；财政支出明细；项目资金台账；内控制度；会计凭证；工作底稿,按包内审计目标、风险假设和输出字段触发,006把“两个结合”融人财政工作中指标、标准值、实际值、偏离率、评分和扣分原因,P1,magazine_435_articles,D:\openclaw-workspace\knowledge\11-杂志文献\财政监督\006把“两个结合”融人财政工作中.md
RULEPKG-MAGFIN-0033,indicator_pack,package_level_rule,MAGFIN-0033,88,A,金融审计 / 国企审计 / 监督检查与经费舞弊,“实质重于形式”原则的现金及现金等价物核算边界问题研究,“实质重于形式”原则的现金及现金等价物核算边界问题研究案例指标包,基于杂志案例《基于“实质重于形式”原则的现金及现金等价物核算边界问题研究》提炼““实质重于形式”原则的现金及现金等价物核算边界问题研究”审计算法/规则，用于复用审计经验、生成疑点线索和核查程序。,文章案例文本；审计事项清单；问题线索台账；审计证据资料；内控制度；会计凭证；工作底稿；整改台账；合同流水；授信审批,按包内审计目标、风险假设和输出字段触发,“实质重于形式”原则的现金及现金等价物核算边界问题研究指标、标准值、实际值、偏离率、评分和扣分原因,P1,magazine_435_articles,D:\openclaw-workspace\knowledge\11-杂志文献\财政监督\20.基于“实质重于形式”原则的现金及 现金等价物核算边界问题研究.md
RULEPKG-MAGFIN-0018,indicator_pack,package_level_rule,MAGFIN-0018,84,B,金融审计 / 国企审计 / 监督检查与经费舞弊,“资产减值准备”成为企业利润的“调节器”,“资产减值准备”成为企业利润的“调节器”案例指标包,基于杂志案例《“资产减值准备”成为企业利润的“调节器”》提炼““资产减值准备”成为企业利润的“调节器””审计算法/规则，用于复用审计经验、生成疑点线索和核查程序。,文章案例文本；审计事项清单；问题线索台账；审计证据资料；内控制度；会计凭证；工作底稿；整改台账；合同流水；授信审批,按包内审计目标、风险假设和输出字段触发,“资产减值准备”成为企业利润的“调节器”指标、标准值、实际值、偏离率、评分和扣分原因,P1,magazine_435_articles,D:\openclaw-workspace\knowledge\11-杂志文献\财政监督\13.“资产减值准备”成为企业利润的“调节器”.md
RULEPKG-MAGFIN-0041,indicator_pack,package_level_rule,MAGFIN-0041,90,A,金融审计 / 国企审计 / 监督检查与经费舞弊,公共部门战略与绩效的匹配性研究,公共部门战略与绩效的匹配性研究案例指标包,基于杂志案例《公共部门战略与绩效的匹配性研究》提炼“公共部门战略与绩效的匹配性研究”审计算法/规则，用于复用审计经验、生成疑点线索和核查程序。,文章案例文本；审计事项清单；问题线索台账；审计证据资料；绩效目标表；绩效评价指标；产出效果数据；内控制度；会计凭证；工作底稿,按包内审计目标、风险假设和输出字段触发,公共部门战略与绩效的匹配性研究指标、标准值、实际值、偏离率、评分和扣分原因,P1,magazine_435_articles,D:\openclaw-workspace\knowledge\11-杂志文献\财政监督\8.公共部门战略与绩效的匹配性研究.md
RULEPKG-MAGFIN-0036,indicator_pack,package_level_rule,MAGFIN-0036,93,A,金融审计 / 国企审计 / 监督检查与经费舞弊,内控视角的高校所属单位财务监管问题研究,内控视角的高校所属单位财务监管问题研究案例指标包,基于杂志案例《基于内控视角的高校所属单位财务监管问题研究》提炼“内控视角的高校所属单位财务监管问题研究”审计算法/规则，用于复用审计经验、生成疑点线索和核查程序。,文章案例文本；审计事项清单；问题线索台账；审计证据资料；内控制度；会计凭证；工作底稿；整改台账；合同流水；授信审批,按包内审计目标、风险假设和输出字段触发,内控视角的高校所属单位财务监管问题研究指标、标准值、实际值、偏离率、评分和扣分原因,P1,magazine_435_articles,D:\openclaw-workspace\knowledge\11-杂志文献\财政监督\23.基于内控视角的高校所属单位财务监管问题研究.md
RULEPKG-MAGFIN-0004,indicator_pack,package_level_rule,MAGFIN-0004,88,A,金融审计 / 国企审计 / 监督检查与经费舞弊,四川省内部审计条例,四川省内部审计条例案例指标包,基于杂志案例《四川省内部审计条例》提炼“四川省内部审计条例”审计算法/规则，用于复用审计经验、生成疑点线索和核查程序。,文章案例文本；审计事项清单；问题线索台账；审计证据资料；内控制度；会计凭证；工作底稿；整改台账；合同流水；授信审批,按包内审计目标、风险假设和输出字段触发,四川省内部审计条例指标、标准值、实际值、偏离率、评分和扣分原因,P1,magazine_435_articles,D:\openclaw-workspace\knowledge\11-杂志文献\四川注册会计师\007.四川省内部审计条例.md
RULEPKG-MAGFIN-0026,indicator_pack,package_level_rule,MAGFIN-0026,85,A,金融审计 / 国企审计 / 监督检查与经费舞弊,财政政策支持碳减排的路径探析,财政政策支持碳减排的路径探析案例指标包,基于杂志案例《财政政策支持碳减排的路径探析》提炼“财政政策支持碳减排的路径探析”审计算法/规则，用于复用审计经验、生成疑点线索和核查程序。,文章案例文本；审计事项清单；问题线索台账；审计证据资料；预算指标表；财政支出明细；项目资金台账；内控制度；会计凭证；工作底稿,按包内审计目标、风险假设和输出字段触发,财政政策支持碳减排的路径探析指标、标准值、实际值、偏离率、评分和扣分原因,P1,magazine_435_articles,D:\openclaw-workspace\knowledge\11-杂志文献\财政监督\17.财政政策支持碳减排的路径探析.md
RULEPKG-MAGFIN-0040,indicator_pack,package_level_rule,MAGFIN-0040,87,A,金融审计 / 国企审计 / 监督检查与经费舞弊,财税政策支持绿色低碳转型研究(上),财税政策支持绿色低碳转型研究(上)案例指标包,基于杂志案例《新形势下财税政策支持绿色低碳转型研究(上)》提炼“财税政策支持绿色低碳转型研究(上)”审计算法/规则，用于复用审计经验、生成疑点线索和核查程序。,文章案例文本；审计事项清单；问题线索台账；审计证据资料；内控制度；会计凭证；工作底稿；整改台账；纳税申报表；发票明细,按包内审计目标、风险假设和输出字段触发,财税政策支持绿色低碳转型研究(上)指标、标准值、实际值、偏离率、评分和扣分原因,P1,magazine_435_articles,D:\openclaw-workspace\knowledge\11-杂志文献\财政监督\6.新形势下财税政策支持绿色低碳转型研究(上).md
RULEPKG-MAGFIN-0016,indicator_pack,package_level_rule,MAGFIN-0016,90,A,金融审计 / 国企审计 / 监督检查与经费舞弊,金融企业绩效评价指标体系回顾及展望,金融企业绩效评价指标体系回顾及展望案例指标包,基于杂志案例《金融企业绩效评价指标体系回顾及展望》提炼“金融企业绩效评价指标体系回顾及展望”审计算法/规则，用于复用审计经验、生成疑点线索和核查程序。,文章案例文本；审计事项清单；问题线索台账；审计证据资料；绩效目标表；绩效评价指标；产出效果数据；内控制度；会计凭证；工作底稿,按包内审计目标、风险假设和输出字段触发,金融企业绩效评价指标体系回顾及展望指标、标准值、实际值、偏离率、评分和扣分原因,P1,magazine_435_articles,D:\openclaw-workspace\knowledge\11-杂志文献\财政监督\10.金融企业绩效评价指标体系回顾及展望.md
RULEPKG-ENGV6D-041,indicator_pack,package_level_rule,ENGV6D-041,83,B,预算执行与财政管理 / 工程与投资审计 / 绩效评价,决算草案定性,水利基本建设项目竣工财务决算编制教程-决算草案定性指标包,基于《水利基本建设项目竣工财务决算编制教程》中“决算草案定性”相关内容，量化评价审计对象在合规性、真实性、绩效性和责任链方面的风险，形成可复核的疑点、规则或指标输出。,项目台账；财务收支明细；合同与审批资料；支付凭证；审计发现清单；预算批复表；预算调整表；绩效目标表；绩效指标表；产出效果数据,按包内审计目标、风险假设和输出字段触发,决算草案定性指标名称、指标值、标准值、偏离率、评分和扣分原因,P1,ocr_55_books_deep,E:\2026\审计方法&政策文件\_ocr_output\预算\水利基本建设项目竣工财务决算编制教程.pdf.md
RULEPKG-BUDV6D-030,indicator_pack,package_level_rule,BUDV6D-030,83,B,预算执行与财政管理 / 工程与投资审计 / 绩效评价,工程建设类项目成本预算绩效分析，第七章运营维护,成本预算绩效分析方法与案例-工程建设类项目成本预算绩效分析，第七章运营维护指标包,基于《成本预算绩效分析方法与案例》中“工程建设类项目成本预算绩效分析，第七章运营维护”相关内容，量化评价审计对象在合规性、真实性、绩效性和责任链方面的风险，形成可复核的疑点、规则或指标输出。,项目台账；财务收支明细；合同与审批资料；支付凭证；审计发现清单；预算批复表；预算调整表；绩效目标表；绩效指标表；产出效果数据,按包内审计目标、风险假设和输出字段触发,工程建设类项目成本预算绩效分析，第七章运营维护指标名称、指标值、标准值、偏离率、评分和扣分原因,P1,ocr_55_books_deep,E:\2026\审计方法&政策文件\_ocr_output\预算\成本预算绩效分析方法与案例.pdf.md
RULEPKG-ENGV6D-027,indicator_pack,package_level_rule,ENGV6D-027,83,B,预算执行与财政管理 / 工程与投资审计 / 绩效评价,新能源发电工程·,新能源发电工竣工决算编制理论与实务-新能源发电工程·指标包,基于《新能源发电工竣工决算编制理论与实务》中“新能源发电工程·”相关内容，量化评价审计对象在合规性、真实性、绩效性和责任链方面的风险，形成可复核的疑点、规则或指标输出。,项目台账；财务收支明细；合同与审批资料；支付凭证；审计发现清单；绩效指标表；产出效果数据；满意度问卷；工程量清单；结算书,按包内审计目标、风险假设和输出字段触发,新能源发电工程·指标名称、指标值、标准值、偏离率、评分和扣分原因,P1,ocr_55_books_deep,E:\2026\审计方法&政策文件\_ocr_output\预算\新能源发电工竣工决算编制理论与实务.pdf.md
RULEPKG-ENGV6D-031,indicator_pack,package_level_rule,ENGV6D-031,83,B,预算执行与财政管理 / 工程与投资审计 / 绩效评价,预算执行偏离,新能源发电工竣工决算编制理论与实务-预算执行偏离指标包,基于《新能源发电工竣工决算编制理论与实务》中“预算执行偏离”相关内容，量化评价审计对象在合规性、真实性、绩效性和责任链方面的风险，形成可复核的疑点、规则或指标输出。,项目台账；财务收支明细；合同与审批资料；支付凭证；审计发现清单；预算批复表；预算调整表；绩效目标表；绩效指标表；产出效果数据,按包内审计目标、风险假设和输出字段触发,预算执行偏离指标名称、指标值、标准值、偏离率、评分和扣分原因,P1,ocr_55_books_deep,E:\2026\审计方法&政策文件\_ocr_output\预算\新能源发电工竣工决算编制理论与实务.pdf.md
RULEPKG-ENGV6D-021,indicator_pack,package_level_rule,ENGV6D-021,83,B,预算执行与财政管理 / 工程与投资审计 / 绩效评价,预算绩效指标,发电基本建设项目竣工财务决算编制实务-预算绩效指标指标包,基于《发电基本建设项目竣工财务决算编制实务》中“预算绩效指标”相关内容，量化评价审计对象在合规性、真实性、绩效性和责任链方面的风险，形成可复核的疑点、规则或指标输出。,项目台账；财务收支明细；合同与审批资料；支付凭证；审计发现清单；预算批复表；预算调整表；绩效目标表；绩效指标表；产出效果数据,按包内审计目标、风险假设和输出字段触发,预算绩效指标指标名称、指标值、标准值、偏离率、评分和扣分原因,P1,ocr_55_books_deep,E:\2026\审计方法&政策文件\_ocr_output\预算\发电基本建设项目竣工财务决算编制实务.pdf.md
RULEPKG-ENGV6D-037,indicator_pack,package_level_rule,ENGV6D-037,83,B,预算执行与财政管理 / 工程与投资审计 / 绩效评价,预算绩效指标,水利基本建设项目竣工财务决算编制教程-预算绩效指标指标包,基于《水利基本建设项目竣工财务决算编制教程》中“预算绩效指标”相关内容，量化评价审计对象在合规性、真实性、绩效性和责任链方面的风险，形成可复核的疑点、规则或指标输出。,项目台账；财务收支明细；合同与审批资料；支付凭证；审计发现清单；预算批复表；预算调整表；绩效目标表；绩效指标表；产出效果数据,按包内审计目标、风险假设和输出字段触发,预算绩效指标指标名称、指标值、标准值、偏离率、评分和扣分原因,P1,ocr_55_books_deep,E:\2026\审计方法&政策文件\_ocr_output\预算\水利基本建设项目竣工财务决算编制教程.pdf.md
RULEPKG-PERFV6D-095,indicator_pack,package_level_rule,PERFV6D-095,83,B,预算执行与财政管理 / 绩效评价 / 财政与政府债务,3我国政府预算绩效管理改革的方向与重点,建立全过程预算绩效管理体系-3我国政府预算绩效管理改革的方向与重点指标包,基于《建立全过程预算绩效管理体系》中“3我国政府预算绩效管理改革的方向与重点”相关内容，量化评价审计对象在合规性、真实性、绩效性和责任链方面的风险，形成可复核的疑点、规则或指标输出。,项目台账；财务收支明细；合同与审批资料；支付凭证；审计发现清单；预算批复表；预算调整表；绩效目标表；绩效指标表；产出效果数据,按包内审计目标、风险假设和输出字段触发,3我国政府预算绩效管理改革的方向与重点指标名称、指标值、标准值、偏离率、评分和扣分原因,P1,ocr_55_books_deep,E:\2026\审计方法&政策文件\_ocr_output\预算\建立全过程预算绩效管理体系.pdf.md
RULEPKG-PERFV6D-117,indicator_pack,package_level_rule,PERFV6D-117,83,B,预算执行与财政管理 / 绩效评价 / 财政与政府债务,体系构建：我国预算项目政策绩效评价方案,预算项目政策绩效评价研究-体系构建：我国预算项目政策绩效评价方案指标包,基于《预算项目政策绩效评价研究》中“体系构建：我国预算项目政策绩效评价方案”相关内容，量化评价审计对象在合规性、真实性、绩效性和责任链方面的风险，形成可复核的疑点、规则或指标输出。,项目台账；财务收支明细；合同与审批资料；支付凭证；审计发现清单；预算批复表；预算调整表；绩效目标表；绩效指标表；产出效果数据,按包内审计目标、风险假设和输出字段触发,体系构建：我国预算项目政策绩效评价方案指标名称、指标值、标准值、偏离率、评分和扣分原因,P1,ocr_55_books_deep,E:\2026\审计方法&政策文件\_ocr_output\预算\预算项目政策绩效评价研究.pdf.md
RULEPKG-PERFV6D-088,indicator_pack,package_level_rule,PERFV6D-088,83,B,预算执行与财政管理 / 绩效评价 / 财政与政府债务,全面实施预算绩效管理实践指导.pdf,全面实施预算绩效管理实践指导-全面实施预算绩效管理实践指导.pdf指标包,基于《全面实施预算绩效管理实践指导》中“全面实施预算绩效管理实践指导.pdf”相关内容，量化评价审计对象在合规性、真实性、绩效性和责任链方面的风险，形成可复核的疑点、规则或指标输出。,项目台账；财务收支明细；合同与审批资料；支付凭证；审计发现清单；预算批复表；预算调整表；绩效目标表；绩效指标表；产出效果数据,按包内审计目标、风险假设和输出字段触发,全面实施预算绩效管理实践指导.pdf指标名称、指标值、标准值、偏离率、评分和扣分原因,P1,ocr_55_books_deep,E:\2026\审计方法&政策文件\_ocr_output\预算\全面实施预算绩效管理实践指导.pdf.md
RULEPKG-BUDV6D-034,indicator_pack,package_level_rule,BUDV6D-034,83,B,预算执行与财政管理 / 绩效评价 / 财政与政府债务,博物馆运行保障项目成本预算绩效分析案例,成本预算绩效分析方法与案例-博物馆运行保障项目成本预算绩效分析案例指标包,基于《成本预算绩效分析方法与案例》中“博物馆运行保障项目成本预算绩效分析案例”相关内容，量化评价审计对象在合规性、真实性、绩效性和责任链方面的风险，形成可复核的疑点、规则或指标输出。,项目台账；财务收支明细；合同与审批资料；支付凭证；审计发现清单；预算批复表；预算调整表；绩效目标表；绩效指标表；产出效果数据,按包内审计目标、风险假设和输出字段触发,博物馆运行保障项目成本预算绩效分析案例指标名称、指标值、标准值、偏离率、评分和扣分原因,P1,ocr_55_books_deep,E:\2026\审计方法&政策文件\_ocr_output\预算\成本预算绩效分析方法与案例.pdf.md
RULEPKG-PERFV6D-092,indicator_pack,package_level_rule,PERFV6D-092,83,B,预算执行与财政管理 / 绩效评价 / 财政与政府债务,基于全局高度探讨实施预算绩效管理的业务支撑和技术保障体,全面实施预算绩效管理实践指导-基于全局高度探讨实施预算绩效管理的业务支撑和技术保障体指标包,基于《全面实施预算绩效管理实践指导》中“基于全局高度探讨实施预算绩效管理的业务支撑和技术保障体”相关内容，量化评价审计对象在合规性、真实性、绩效性和责任链方面的风险，形成可复核的疑点、规则或指标输出。,项目台账；财务收支明细；合同与审批资料；支付凭证；审计发现清单；预算批复表；预算调整表；绩效目标表；绩效指标表；产出效果数据,按包内审计目标、风险假设和输出字段触发,基于全局高度探讨实施预算绩效管理的业务支撑和技术保障体指标名称、指标值、标准值、偏离率、评分和扣分原因,P1,ocr_55_books_deep,E:\2026\审计方法&政策文件\_ocr_output\预算\全面实施预算绩效管理实践指导.pdf.md
RULEPKG-BUDV6D-023,indicator_pack,package_level_rule,BUDV6D-023,83,B,预算执行与财政管理 / 绩效评价 / 财政与政府债务,工作重点：部门预算绩效管理体系建设,全面实施预算绩效管理案例解读-工作重点：部门预算绩效管理体系建设指标包,基于《全面实施预算绩效管理案例解读》中“工作重点：部门预算绩效管理体系建设”相关内容，量化评价审计对象在合规性、真实性、绩效性和责任链方面的风险，形成可复核的疑点、规则或指标输出。,项目台账；财务收支明细；合同与审批资料；支付凭证；审计发现清单；预算批复表；预算调整表；绩效目标表；绩效指标表；产出效果数据,按包内审计目标、风险假设和输出字段触发,工作重点：部门预算绩效管理体系建设指标名称、指标值、标准值、偏离率、评分和扣分原因,P1,ocr_55_books_deep,E:\2026\审计方法&政策文件\_ocr_output\预算\全面实施预算绩效管理案例解读.pdf.md
RULEPKG-PERFV6D-109,indicator_pack,package_level_rule,PERFV6D-109,83,B,预算执行与财政管理 / 绩效评价 / 财政与政府债务,我国政府预算绩效评价中的成本效益分析典型案例·78,预算绩效评价方法与指标-我国政府预算绩效评价中的成本效益分析典型案例·78指标包,基于《预算绩效评价方法与指标》中“我国政府预算绩效评价中的成本效益分析典型案例·78”相关内容，量化评价审计对象在合规性、真实性、绩效性和责任链方面的风险，形成可复核的疑点、规则或指标输出。,项目台账；财务收支明细；合同与审批资料；支付凭证；审计发现清单；预算批复表；预算调整表；绩效目标表；绩效指标表；产出效果数据,按包内审计目标、风险假设和输出字段触发,我国政府预算绩效评价中的成本效益分析典型案例·78指标名称、指标值、标准值、偏离率、评分和扣分原因,P1,ocr_55_books_deep,E:\2026\审计方法&政策文件\_ocr_output\预算\预算绩效评价方法与指标.pdf.md
RULEPKG-BUDV6D-047,indicator_pack,package_level_rule,BUDV6D-047,83,B,预算执行与财政管理 / 绩效评价 / 财政与政府债务,我国部门整体预算绩效评价的方式方法·…·,部门整体预算绩效评价研究-我国部门整体预算绩效评价的方式方法·…·指标包,基于《部门整体预算绩效评价研究》中“我国部门整体预算绩效评价的方式方法·…·”相关内容，量化评价审计对象在合规性、真实性、绩效性和责任链方面的风险，形成可复核的疑点、规则或指标输出。,项目台账；财务收支明细；合同与审批资料；支付凭证；审计发现清单；预算批复表；预算调整表；绩效目标表；绩效指标表；产出效果数据,按包内审计目标、风险假设和输出字段触发,我国部门整体预算绩效评价的方式方法·…·指标名称、指标值、标准值、偏离率、评分和扣分原因,P1,ocr_55_books_deep,E:\2026\审计方法&政策文件\_ocr_output\预算\部门整体预算绩效评价研究.pdf.md
RULEPKG-BUDV6D-037,indicator_pack,package_level_rule,BUDV6D-037,83,B,预算执行与财政管理 / 绩效评价 / 财政与政府债务,政府部门预算管理概念,政府部门预算管理-政府部门预算管理概念指标包,基于《政府部门预算管理》中“政府部门预算管理概念”相关内容，量化评价审计对象在合规性、真实性、绩效性和责任链方面的风险，形成可复核的疑点、规则或指标输出。,项目台账；财务收支明细；合同与审批资料；支付凭证；审计发现清单；预算批复表；预算调整表；绩效目标表；绩效指标表；产出效果数据,按包内审计目标、风险假设和输出字段触发,政府部门预算管理概念指标名称、指标值、标准值、偏离率、评分和扣分原因,P1,ocr_55_books_deep,E:\2026\审计方法&政策文件\_ocr_output\预算\政府部门预算管理.pdf.md
RULEPKG-BUDV6D-041,indicator_pack,package_level_rule,BUDV6D-041,83,B,预算执行与财政管理 / 绩效评价 / 财政与政府债务,政府部门预算编制管理,政府部门预算管理-政府部门预算编制管理指标包,基于《政府部门预算管理》中“政府部门预算编制管理”相关内容，量化评价审计对象在合规性、真实性、绩效性和责任链方面的风险，形成可复核的疑点、规则或指标输出。,项目台账；财务收支明细；合同与审批资料；支付凭证；审计发现清单；预算批复表；预算调整表；绩效目标表；绩效指标表；产出效果数据,按包内审计目标、风险假设和输出字段触发,政府部门预算编制管理指标名称、指标值、标准值、偏离率、评分和扣分原因,P1,ocr_55_books_deep,E:\2026\审计方法&政策文件\_ocr_output\预算\政府部门预算管理.pdf.md
RULEPKG-PERFV6D-113,indicator_pack,package_level_rule,PERFV6D-113,83,B,预算执行与财政管理 / 绩效评价 / 财政与政府债务,科学技术研究领域项目绩效评价指标与方法探索….：116,预算绩效评价方法与指标-科学技术研究领域项目绩效评价指标与方法探索….：116指标包,基于《预算绩效评价方法与指标》中“科学技术研究领域项目绩效评价指标与方法探索….：116”相关内容，量化评价审计对象在合规性、真实性、绩效性和责任链方面的风险，形成可复核的疑点、规则或指标输出。,项目台账；财务收支明细；合同与审批资料；支付凭证；审计发现清单；预算批复表；预算调整表；绩效目标表；绩效指标表；产出效果数据,按包内审计目标、风险假设和输出字段触发,科学技术研究领域项目绩效评价指标与方法探索….：116指标名称、指标值、标准值、偏离率、评分和扣分原因,P1,ocr_55_books_deep,E:\2026\审计方法&政策文件\_ocr_output\预算\预算绩效评价方法与指标.pdf.md
RULEPKG-BUDV6D-059,indicator_pack,package_level_rule,BUDV6D-059,83,B,预算执行与财政管理 / 绩效评价 / 财政与政府债务,部门预算执行审计环境,部门预算执行审计指南-部门预算执行审计环境指标包,基于《部门预算执行审计指南》中“部门预算执行审计环境”相关内容，量化评价审计对象在合规性、真实性、绩效性和责任链方面的风险，形成可复核的疑点、规则或指标输出。,项目台账；财务收支明细；合同与审批资料；支付凭证；审计发现清单；预算批复表；预算调整表；绩效目标表；绩效指标表；产出效果数据,按包内审计目标、风险假设和输出字段触发,部门预算执行审计环境指标名称、指标值、标准值、偏离率、评分和扣分原因,P1,ocr_55_books_deep,E:\2026\审计方法&政策文件\_ocr_output\预算\部门预算执行审计指南.pdf.md
RULEPKG-PERFV6D-101,indicator_pack,package_level_rule,PERFV6D-101,83,B,预算执行与财政管理 / 绩效评价 / 财政与政府债务,部门预算绩效管理概述,部门预算绩效管理-部门预算绩效管理概述指标包,基于《部门预算绩效管理》中“部门预算绩效管理概述”相关内容，量化评价审计对象在合规性、真实性、绩效性和责任链方面的风险，形成可复核的疑点、规则或指标输出。,项目台账；财务收支明细；合同与审批资料；支付凭证；审计发现清单；预算批复表；预算调整表；绩效目标表；绩效指标表；产出效果数据,按包内审计目标、风险假设和输出字段触发,部门预算绩效管理概述指标名称、指标值、标准值、偏离率、评分和扣分原因,P1,ocr_55_books_deep,E:\2026\审计方法&政策文件\_ocr_output\预算\部门预算绩效管理.pdf.md
RULEPKG-PERFV6D-105,indicator_pack,package_level_rule,PERFV6D-105,83,B,预算执行与财政管理 / 绩效评价 / 财政与政府债务,部门预算绩效管理系统集成模型概述,部门预算绩效管理-部门预算绩效管理系统集成模型概述指标包,基于《部门预算绩效管理》中“部门预算绩效管理系统集成模型概述”相关内容，量化评价审计对象在合规性、真实性、绩效性和责任链方面的风险，形成可复核的疑点、规则或指标输出。,项目台账；财务收支明细；合同与审批资料；支付凭证；审计发现清单；预算批复表；预算调整表；绩效目标表；绩效指标表；产出效果数据,按包内审计目标、风险假设和输出字段触发,部门预算绩效管理系统集成模型概述指标名称、指标值、标准值、偏离率、评分和扣分原因,P1,ocr_55_books_deep,E:\2026\审计方法&政策文件\_ocr_output\预算\部门预算绩效管理.pdf.md
RULEPKG-BUDV6D-055,indicator_pack,package_level_rule,BUDV6D-055,83,B,预算执行与财政管理 / 绩效评价 / 财政与政府债务,部门预算资金拨付审计,部门预算执行审计指南-部门预算资金拨付审计指标包,基于《部门预算执行审计指南》中“部门预算资金拨付审计”相关内容，量化评价审计对象在合规性、真实性、绩效性和责任链方面的风险，形成可复核的疑点、规则或指标输出。,项目台账；财务收支明细；合同与审批资料；支付凭证；审计发现清单；预算批复表；预算调整表；绩效目标表；绩效指标表；产出效果数据,按包内审计目标、风险假设和输出字段触发,部门预算资金拨付审计指标名称、指标值、标准值、偏离率、评分和扣分原因,P1,ocr_55_books_deep,E:\2026\审计方法&政策文件\_ocr_output\预算\部门预算执行审计指南.pdf.md
RULEPKG-BUDV6D-017,indicator_pack,package_level_rule,BUDV6D-017,83,B,预算执行与财政管理 / 绩效评价 / 财政与政府债务,预算执行偏离,中央部门预算执行审计常用定性表述及适用法规向导-预算执行偏离指标包,基于《中央部门预算执行审计常用定性表述及适用法规向导》中“预算执行偏离”相关内容，量化评价审计对象在合规性、真实性、绩效性和责任链方面的风险，形成可复核的疑点、规则或指标输出。,项目台账；财务收支明细；合同与审批资料；支付凭证；审计发现清单；预算批复表；预算调整表；绩效目标表；绩效指标表；产出效果数据,按包内审计目标、风险假设和输出字段触发,预算执行偏离指标名称、指标值、标准值、偏离率、评分和扣分原因,P1,ocr_55_books_deep,E:\2026\审计方法&政策文件\_ocr_output\预算\中央部门预算执行审计常用定性表述及适用法规向导.pdf.md
RULEPKG-BUDV6D-027,indicator_pack,package_level_rule,BUDV6D-027,83,B,预算执行与财政管理 / 绩效评价 / 财政与政府债务,预算绩效目标管理005,全面实施预算绩效管理案例解读-预算绩效目标管理005指标包,基于《全面实施预算绩效管理案例解读》中“预算绩效目标管理005”相关内容，量化评价审计对象在合规性、真实性、绩效性和责任链方面的风险，形成可复核的疑点、规则或指标输出。,项目台账；财务收支明细；合同与审批资料；支付凭证；审计发现清单；预算批复表；预算调整表；绩效目标表；绩效指标表；产出效果数据,按包内审计目标、风险假设和输出字段触发,预算绩效目标管理005指标名称、指标值、标准值、偏离率、评分和扣分原因,P1,ocr_55_books_deep,E:\2026\审计方法&政策文件\_ocr_output\预算\全面实施预算绩效管理案例解读.pdf.md
RULEPKG-BUDV6D-051,indicator_pack,package_level_rule,BUDV6D-051,83,B,预算执行与财政管理 / 绩效评价 / 财政与政府债务,预算绩效评价指标体系设计理论模型及其在,部门整体预算绩效评价研究-预算绩效评价指标体系设计理论模型及其在指标包,基于《部门整体预算绩效评价研究》中“预算绩效评价指标体系设计理论模型及其在”相关内容，量化评价审计对象在合规性、真实性、绩效性和责任链方面的风险，形成可复核的疑点、规则或指标输出。,项目台账；财务收支明细；合同与审批资料；支付凭证；审计发现清单；预算批复表；预算调整表；绩效目标表；绩效指标表；产出效果数据,按包内审计目标、风险假设和输出字段触发,预算绩效评价指标体系设计理论模型及其在指标名称、指标值、标准值、偏离率、评分和扣分原因,P1,ocr_55_books_deep,E:\2026\审计方法&政策文件\_ocr_output\预算\部门整体预算绩效评价研究.pdf.md
RULEPKG-SOEV6D-010,indicator_pack,package_level_rule,SOEV6D-010,83,B,预算执行与财政管理 / 财政与政府债务 / 监督检查与经费舞弊,A事业单位构建财政预算项目绩效评价体系的实践·….…,审计专题教学案例精选-A事业单位构建财政预算项目绩效评价体系的实践·….…指标包,基于《审计专题教学案例精选》中“A事业单位构建财政预算项目绩效评价体系的实践·….…”相关内容，量化评价审计对象在合规性、真实性、绩效性和责任链方面的风险，形成可复核的疑点、规则或指标输出。,项目台账；财务收支明细；合同与审批资料；支付凭证；审计发现清单；预算批复表；预算调整表；绩效目标表；绩效指标表；产出效果数据,按包内审计目标、风险假设和输出字段触发,A事业单位构建财政预算项目绩效评价体系的实践·….…指标名称、指标值、标准值、偏离率、评分和扣分原因,P1,ocr_55_books_deep,E:\2026\审计方法&政策文件\_ocr_output\通用\审计专题教学案例精选.pdf.md
RULEPKG-SUPVV6D-052,indicator_pack,package_level_rule,SUPVV6D-052,83,B,预算执行与财政管理 / 财政与政府债务 / 监督检查与经费舞弊,基本制度提出了内部控制的五种方法,财政监督检查实务操作指南-基本制度提出了内部控制的五种方法指标包,基于《财政监督检查实务操作指南》中“基本制度提出了内部控制的五种方法”相关内容，量化评价审计对象在合规性、真实性、绩效性和责任链方面的风险，形成可复核的疑点、规则或指标输出。,项目台账；财务收支明细；合同与审批资料；支付凭证；审计发现清单；预算批复表；预算调整表；绩效目标表；绩效指标表；产出效果数据,按包内审计目标、风险假设和输出字段触发,基本制度提出了内部控制的五种方法指标名称、指标值、标准值、偏离率、评分和扣分原因,P1,ocr_55_books_deep,E:\2026\审计方法&政策文件\_ocr_output\通用\财政监督检查实务操作指南.pdf.md
RULEPKG-SUPVV6D-056,indicator_pack,package_level_rule,SUPVV6D-056,83,B,预算执行与财政管理 / 财政与政府债务 / 监督检查与经费舞弊,审计案例规则化,财政监督检查实务操作指南-审计案例规则化指标包,基于《财政监督检查实务操作指南》中“审计案例规则化”相关内容，量化评价审计对象在合规性、真实性、绩效性和责任链方面的风险，形成可复核的疑点、规则或指标输出。,项目台账；财务收支明细；合同与审批资料；支付凭证；审计发现清单；预算批复表；预算调整表；绩效目标表；绩效指标表；产出效果数据,按包内审计目标、风险假设和输出字段触发,审计案例规则化指标名称、指标值、标准值、偏离率、评分和扣分原因,P1,ocr_55_books_deep,E:\2026\审计方法&政策文件\_ocr_output\通用\财政监督检查实务操作指南.pdf.md
RULEPKG-BUDV6D-003,indicator_pack,package_level_rule,BUDV6D-003,83,B,预算执行与财政管理 / 财政与政府债务 / 监督检查与经费舞弊,财政资金管理审计,财政审计-财政资金管理审计指标包,基于《财政审计》中“财政资金管理审计”相关内容，量化评价审计对象在合规性、真实性、绩效性和责任链方面的风险，形成可复核的疑点、规则或指标输出。,项目台账；财务收支明细；合同与审批资料；支付凭证；审计发现清单；预算批复表；预算调整表；绩效目标表,按包内审计目标、风险假设和输出字段触发,财政资金管理审计指标名称、指标值、标准值、偏离率、评分和扣分原因,P1,ocr_55_books_deep,E:\2026\审计方法&政策文件\_ocr_output\通用\财政审计.pdf.md
RULEPKG-BUDV6D-011,indicator_pack,package_level_rule,BUDV6D-011,83,B,预算执行与财政管理 / 财政与政府债务 / 监督检查与经费舞弊,部门预算执行和决算草案审计,财政审计读本-部门预算执行和决算草案审计指标包,基于《财政审计读本》中“部门预算执行和决算草案审计”相关内容，量化评价审计对象在合规性、真实性、绩效性和责任链方面的风险，形成可复核的疑点、规则或指标输出。,项目台账；财务收支明细；合同与审批资料；支付凭证；审计发现清单；预算批复表；预算调整表；绩效目标表,按包内审计目标、风险假设和输出字段触发,部门预算执行和决算草案审计指标名称、指标值、标准值、偏离率、评分和扣分原因,P1,ocr_55_books_deep,E:\2026\审计方法&政策文件\_ocr_output\通用\财政审计读本.pdf.md
RULEPKG-BUDV6D-007,indicator_pack,package_level_rule,BUDV6D-007,83,B,预算执行与财政管理 / 财政与政府债务 / 监督检查与经费舞弊,预算分配管理的实质性审查,财政审计-预算分配管理的实质性审查指标包,基于《财政审计》中“预算分配管理的实质性审查”相关内容，量化评价审计对象在合规性、真实性、绩效性和责任链方面的风险，形成可复核的疑点、规则或指标输出。,项目台账；财务收支明细；合同与审批资料；支付凭证；审计发现清单；预算批复表；预算调整表；绩效目标表,按包内审计目标、风险假设和输出字段触发,预算分配管理的实质性审查指标名称、指标值、标准值、偏离率、评分和扣分原因,P1,ocr_55_books_deep,E:\2026\审计方法&政策文件\_ocr_output\通用\财政审计.pdf.md
RULEPKG-MAGBUD-0005,indicator_pack,package_level_rule,MAGBUD-0005,79,B,预算执行与财政管理 / 财政与政府债务 / 绩效评价,0001财政内部控制,0001财政内部控制案例指标包,基于杂志案例《0001财政内部控制》提炼“0001财政内部控制”审计算法/规则，用于复用审计经验、生成疑点线索和核查程序。,文章案例文本；审计事项清单；问题线索台账；审计证据资料；预算指标表；财政支出明细；项目资金台账；绩效目标表；绩效评价指标；产出效果数据,按包内审计目标、风险假设和输出字段触发,0001财政内部控制指标、标准值、实际值、偏离率、评分和扣分原因,P1,magazine_435_articles,D:\openclaw-workspace\knowledge\11-杂志文献\财政监督\0001财政内部控制.md
RULEPKG-MAGBUD-0006,indicator_pack,package_level_rule,MAGBUD-0006,72,B,预算执行与财政管理 / 财政与政府债务 / 绩效评价,001财政“自我持续增长”的治理之路,001财政“自我持续增长”的治理之路案例指标包,基于杂志案例《001财政“自我持续增长”的治理之路》提炼“001财政“自我持续增长”的治理之路”审计算法/规则，用于复用审计经验、生成疑点线索和核查程序。,文章案例文本；审计事项清单；问题线索台账；审计证据资料；预算指标表；财政支出明细；项目资金台账；绩效目标表；绩效评价指标；产出效果数据,按包内审计目标、风险假设和输出字段触发,001财政“自我持续增长”的治理之路指标、标准值、实际值、偏离率、评分和扣分原因,P1,magazine_435_articles,D:\openclaw-workspace\knowledge\11-杂志文献\财政监督\001财政“自我持续增长”的治理之路.md
RULEPKG-MAGBUD-0010,indicator_pack,package_level_rule,MAGBUD-0010,85,A,预算执行与财政管理 / 财政与政府债务 / 绩效评价,007把握重点突破难点逐步推进财政运行综合绩效评价全覆盖,007把握重点突破难点逐步推进财政运行综合绩效评价全覆盖案例指标包,基于杂志案例《007把握重点突破难点逐步推进财政运行综合绩效评价全覆盖》提炼“007把握重点突破难点逐步推进财政运行综合绩效评价全覆盖”审计算法/规则，用于复用审计经验、生成疑点线索和核查程序。,文章案例文本；审计事项清单；问题线索台账；审计证据资料；预算指标表；财政支出明细；项目资金台账；绩效目标表；绩效评价指标；产出效果数据,按包内审计目标、风险假设和输出字段触发,007把握重点突破难点逐步推进财政运行综合绩效评价全覆盖指标、标准值、实际值、偏离率、评分和扣分原因,P1,magazine_435_articles,D:\openclaw-workspace\knowledge\11-杂志文献\财政监督\007把握重点突破难点逐步推进财政运行综合绩效评价全覆盖.md
RULEPKG-MAGBUD-0019,indicator_pack,package_level_rule,MAGBUD-0019,88,A,预算执行与财政管理 / 财政与政府债务 / 绩效评价,014提升行政事业单位财会监督质效的思考,014提升行政事业单位财会监督质效的思考案例指标包,基于杂志案例《014提升行政事业单位财会监督质效的思考》提炼“014提升行政事业单位财会监督质效的思考”审计算法/规则，用于复用审计经验、生成疑点线索和核查程序。,文章案例文本；审计事项清单；问题线索台账；审计证据资料；预算指标表；财政支出明细；项目资金台账；绩效目标表；绩效评价指标；产出效果数据,按包内审计目标、风险假设和输出字段触发,014提升行政事业单位财会监督质效的思考指标、标准值、实际值、偏离率、评分和扣分原因,P1,magazine_435_articles,D:\openclaw-workspace\knowledge\11-杂志文献\财政监督\014提升行政事业单位财会监督质效的思考.md
RULEPKG-MAGBUD-0021,indicator_pack,package_level_rule,MAGBUD-0021,80,B,预算执行与财政管理 / 财政与政府债务 / 绩效评价,016推进内控考评深化内控管理,016推进内控考评深化内控管理案例指标包,基于杂志案例《016推进内控考评深化内控管理》提炼“016推进内控考评深化内控管理”审计算法/规则，用于复用审计经验、生成疑点线索和核查程序。,文章案例文本；审计事项清单；问题线索台账；审计证据资料；预算指标表；财政支出明细；项目资金台账；绩效目标表；绩效评价指标；产出效果数据,按包内审计目标、风险假设和输出字段触发,016推进内控考评深化内控管理指标、标准值、实际值、偏离率、评分和扣分原因,P1,magazine_435_articles,D:\openclaw-workspace\knowledge\11-杂志文献\财政监督\016推进内控考评深化内控管理.md
RULEPKG-MAGBUD-0056,indicator_pack,package_level_rule,MAGBUD-0056,80,B,预算执行与财政管理 / 财政与政府债务 / 绩效评价,“四个突出”深化财政内控建设,“四个突出”深化财政内控建设案例指标包,基于杂志案例《“四个突出”深化财政内控建设》提炼““四个突出”深化财政内控建设”审计算法/规则，用于复用审计经验、生成疑点线索和核查程序。,文章案例文本；审计事项清单；问题线索台账；审计证据资料；预算指标表；财政支出明细；项目资金台账；绩效目标表；绩效评价指标；产出效果数据,按包内审计目标、风险假设和输出字段触发,“四个突出”深化财政内控建设指标、标准值、实际值、偏离率、评分和扣分原因,P1,magazine_435_articles,D:\openclaw-workspace\knowledge\11-杂志文献\财政监督\18.“四个突出”深化财政内控建设.md
RULEPKG-MAGBUD-0036,indicator_pack,package_level_rule,MAGBUD-0036,85,A,预算执行与财政管理 / 财政与政府债务 / 绩效评价,事前绩效评估的预算绩效管理实践与思考,事前绩效评估的预算绩效管理实践与思考案例指标包,基于杂志案例《基于事前绩效评估的预算绩效管理实践与思考》提炼“事前绩效评估的预算绩效管理实践与思考”审计算法/规则，用于复用审计经验、生成疑点线索和核查程序。,文章案例文本；审计事项清单；问题线索台账；审计证据资料；预算指标表；财政支出明细；项目资金台账；绩效目标表；绩效评价指标；产出效果数据,按包内审计目标、风险假设和输出字段触发,事前绩效评估的预算绩效管理实践与思考指标、标准值、实际值、偏离率、评分和扣分原因,P1,magazine_435_articles,D:\openclaw-workspace\knowledge\11-杂志文献\财政监督\10.基于事前绩效评估的预算绩效管理实践与思考.md
RULEPKG-MAGBUD-0029,indicator_pack,package_level_rule,MAGBUD-0029,80,B,预算执行与财政管理 / 财政与政府债务 / 绩效评价,借专项行动东风寻常态化预算执行监督之道,借专项行动东风寻常态化预算执行监督之道案例指标包,基于杂志案例《借专项行动东风寻常态化预算执行监督之道》提炼“借专项行动东风寻常态化预算执行监督之道”审计算法/规则，用于复用审计经验、生成疑点线索和核查程序。,文章案例文本；审计事项清单；问题线索台账；审计证据资料；预算指标表；财政支出明细；项目资金台账；绩效目标表；绩效评价指标；产出效果数据,按包内审计目标、风险假设和输出字段触发,借专项行动东风寻常态化预算执行监督之道指标、标准值、实际值、偏离率、评分和扣分原因,P1,magazine_435_articles,D:\openclaw-workspace\knowledge\11-杂志文献\财政监督\1.借专项行动东风寻常态化预算执行监督之道.md
RULEPKG-MAGBUD-0030,indicator_pack,package_level_rule,MAGBUD-0030,80,B,预算执行与财政管理 / 财政与政府债务 / 绩效评价,切实保障政府采购绩效评价脱虚向实,切实保障政府采购绩效评价脱虚向实案例指标包,基于杂志案例《切实保障政府采购绩效评价脱虚向实》提炼“切实保障政府采购绩效评价脱虚向实”审计算法/规则，用于复用审计经验、生成疑点线索和核查程序。,文章案例文本；审计事项清单；问题线索台账；审计证据资料；预算指标表；财政支出明细；项目资金台账；绩效目标表；绩效评价指标；产出效果数据,按包内审计目标、风险假设和输出字段触发,切实保障政府采购绩效评价脱虚向实指标、标准值、实际值、偏离率、评分和扣分原因,P1,magazine_435_articles,D:\openclaw-workspace\knowledge\11-杂志文献\财政监督\1.切实保障政府采购绩效评价脱虚向实.md
RULEPKG-MAGBUD-0066,indicator_pack,package_level_rule,MAGBUD-0066,85,A,预算执行与财政管理 / 财政与政府债务 / 绩效评价,商鞅变法的国家治理意义与儒法合流的公共经济内涵（下）,商鞅变法的国家治理意义与儒法合流的公共经济内涵（下）案例指标包,基于杂志案例《商鞅变法的国家治理意义与儒法合流的公共经济内涵（下）》提炼“商鞅变法的国家治理意义与儒法合流的公共经济内涵（下）”审计算法/规则，用于复用审计经验、生成疑点线索和核查程序。,文章案例文本；审计事项清单；问题线索台账；审计证据资料；预算指标表；财政支出明细；项目资金台账；绩效目标表；绩效评价指标；产出效果数据,按包内审计目标、风险假设和输出字段触发,商鞅变法的国家治理意义与儒法合流的公共经济内涵（下）指标、标准值、实际值、偏离率、评分和扣分原因,P1,magazine_435_articles,D:\openclaw-workspace\knowledge\11-杂志文献\财政监督\6.商鞅变法的国家治理意义与儒法合流的公共经济内涵（下）.md
RULEPKG-MAGBUD-0046,indicator_pack,package_level_rule,MAGBUD-0046,85,A,预算执行与财政管理 / 财政与政府债务 / 绩效评价,国有媒体单位预算绩效评价指标体系研究,国有媒体单位预算绩效评价指标体系研究案例指标包,基于杂志案例《新时代国有媒体单位预算绩效评价指标体系研究》提炼“国有媒体单位预算绩效评价指标体系研究”审计算法/规则，用于复用审计经验、生成疑点线索和核查程序。,文章案例文本；审计事项清单；问题线索台账；审计证据资料；预算指标表；财政支出明细；项目资金台账；绩效目标表；绩效评价指标；产出效果数据,按包内审计目标、风险假设和输出字段触发,国有媒体单位预算绩效评价指标体系研究指标、标准值、实际值、偏离率、评分和扣分原因,P1,magazine_435_articles,D:\openclaw-workspace\knowledge\11-杂志文献\财政监督\12.新时代国有媒体单位预算绩效评价指标体系研究.md
RULEPKG-MAGBUD-0047,indicator_pack,package_level_rule,MAGBUD-0047,88,A,预算执行与财政管理 / 财政与政府债务 / 绩效评价,山东青岛：打造“四三二一”模式,山东青岛：打造“四三二一”模式案例指标包,基于杂志案例《山东青岛：打造“四三二一”模式》提炼“山东青岛：打造“四三二一”模式”审计算法/规则，用于复用审计经验、生成疑点线索和核查程序。,文章案例文本；审计事项清单；问题线索台账；审计证据资料；预算指标表；财政支出明细；项目资金台账；绩效目标表；绩效评价指标；产出效果数据,按包内审计目标、风险假设和输出字段触发,山东青岛：打造“四三二一”模式指标、标准值、实际值、偏离率、评分和扣分原因,P1,magazine_435_articles,D:\openclaw-workspace\knowledge\11-杂志文献\财政监督\14.山东青岛：打造“四三二一”模式.md
RULEPKG-MAGBUD-0032,indicator_pack,package_level_rule,MAGBUD-0032,73,B,预算执行与财政管理 / 财政与政府债务 / 绩效评价,控制政务成本：城管制服舆情的启示,控制政务成本：城管制服舆情的启示案例指标包,基于杂志案例《控制政务成本：城管制服舆情的启示》提炼“控制政务成本：城管制服舆情的启示”审计算法/规则，用于复用审计经验、生成疑点线索和核查程序。,文章案例文本；审计事项清单；问题线索台账；审计证据资料；预算指标表；财政支出明细；项目资金台账；绩效目标表；绩效评价指标；产出效果数据,按包内审计目标、风险假设和输出字段触发,控制政务成本：城管制服舆情的启示指标、标准值、实际值、偏离率、评分和扣分原因,P1,magazine_435_articles,D:\openclaw-workspace\knowledge\11-杂志文献\财政监督\1.控制政务成本：城管制服舆情的启示.md
RULEPKG-MAGBUD-0038,indicator_pack,package_level_rule,MAGBUD-0038,85,A,预算执行与财政管理 / 财政与政府债务 / 绩效评价,推进预算绩效管理的现实途径与实践探索,推进预算绩效管理的现实途径与实践探索案例指标包,基于杂志案例《推进预算绩效管理的现实途径与实践探索》提炼“推进预算绩效管理的现实途径与实践探索”审计算法/规则，用于复用审计经验、生成疑点线索和核查程序。,文章案例文本；审计事项清单；问题线索台账；审计证据资料；预算指标表；财政支出明细；项目资金台账；绩效目标表；绩效评价指标；产出效果数据,按包内审计目标、风险假设和输出字段触发,推进预算绩效管理的现实途径与实践探索指标、标准值、实际值、偏离率、评分和扣分原因,P1,magazine_435_articles,D:\openclaw-workspace\knowledge\11-杂志文献\财政监督\10.推进预算绩效管理的现实途径与实践探索.md
RULEPKG-MAGBUD-0033,indicator_pack,package_level_rule,MAGBUD-0033,79,B,预算执行与财政管理 / 财政与政府债务 / 绩效评价,提高人大预算审查监督的针对性和有效性,提高人大预算审查监督的针对性和有效性案例指标包,基于杂志案例《提高人大预算审查监督的针对性和有效性》提炼“提高人大预算审查监督的针对性和有效性”审计算法/规则，用于复用审计经验、生成疑点线索和核查程序。,文章案例文本；审计事项清单；问题线索台账；审计证据资料；预算指标表；财政支出明细；项目资金台账；绩效目标表；绩效评价指标；产出效果数据,按包内审计目标、风险假设和输出字段触发,提高人大预算审查监督的针对性和有效性指标、标准值、实际值、偏离率、评分和扣分原因,P1,magazine_435_articles,D:\openclaw-workspace\knowledge\11-杂志文献\财政监督\1.提高人大预算审查监督的针对性和有效性.md
RULEPKG-MAGBUD-0034,indicator_pack,package_level_rule,MAGBUD-0034,73,B,预算执行与财政管理 / 财政与政府债务 / 绩效评价,绩效评价的群众路线,绩效评价的群众路线案例指标包,基于杂志案例《绩效评价的群众路线》提炼“绩效评价的群众路线”审计算法/规则，用于复用审计经验、生成疑点线索和核查程序。,文章案例文本；审计事项清单；问题线索台账；审计证据资料；预算指标表；财政支出明细；项目资金台账；绩效目标表；绩效评价指标；产出效果数据,按包内审计目标、风险假设和输出字段触发,绩效评价的群众路线指标、标准值、实际值、偏离率、评分和扣分原因,P1,magazine_435_articles,D:\openclaw-workspace\knowledge\11-杂志文献\财政监督\1.绩效评价的群众路线.md
RULEPKG-MAGBUD-0044,indicator_pack,package_level_rule,MAGBUD-0044,88,A,预算执行与财政管理 / 财政与政府债务 / 绩效评价,财务审查在绩效评价中的作用与应用,财务审查在绩效评价中的作用与应用案例指标包,基于杂志案例《财务审查在绩效评价中的作用与应用》提炼“财务审查在绩效评价中的作用与应用”审计算法/规则，用于复用审计经验、生成疑点线索和核查程序。,文章案例文本；审计事项清单；问题线索台账；审计证据资料；预算指标表；财政支出明细；项目资金台账；绩效目标表；绩效评价指标；产出效果数据,按包内审计目标、风险假设和输出字段触发,财务审查在绩效评价中的作用与应用指标、标准值、实际值、偏离率、评分和扣分原因,P1,magazine_435_articles,D:\openclaw-workspace\knowledge\11-杂志文献\财政监督\11.财务审查在绩效评价中的作用与应用.md
RULEPKG-MAGBUD-0045,indicator_pack,package_level_rule,MAGBUD-0045,88,A,预算执行与财政管理 / 财政与政府债务 / 绩效评价,高校预算绩效管理一体化系统应用研究,高校预算绩效管理一体化系统应用研究案例指标包,基于杂志案例《高校预算绩效管理一体化系统应用研究》提炼“高校预算绩效管理一体化系统应用研究”审计算法/规则，用于复用审计经验、生成疑点线索和核查程序。,文章案例文本；审计事项清单；问题线索台账；审计证据资料；预算指标表；财政支出明细；项目资金台账；绩效目标表；绩效评价指标；产出效果数据,按包内审计目标、风险假设和输出字段触发,高校预算绩效管理一体化系统应用研究指标、标准值、实际值、偏离率、评分和扣分原因,P1,magazine_435_articles,D:\openclaw-workspace\knowledge\11-杂志文献\财政监督\11.高校预算绩效管理一体化系统应用研究.md
MAGAGR-0042-R01,indicator_rule,generated_rule,MAGAGR-0042,63,C,农业农村审计 / 金融审计 / 财政与政府债务,构建农业科技成果转化交易效果评价指标体系,构建农业科技成果转化交易效果评价指标体系R01规则,按案例主题识别同类事项中的风险特征并生成疑点。,文章案例文本；审计事项清单；问题线索台账；审计证据资料；预算指标表；财政支出明细,风险词命中/数据缺失/证据不一致/指标偏离/流程缺陷,命中对象、风险等级、证据资料、核查建议,P0,magazine_435_articles,D:\openclaw-workspace\knowledge\11-杂志文献\财政监督\4.构建农业科技成果转化交易效果评价指标体系.md
MAGAGR-0042-R02,indicator_rule,generated_rule,MAGAGR-0042,63,C,农业农村审计 / 金融审计 / 财政与政府债务,构建农业科技成果转化交易效果评价指标体系,构建农业科技成果转化交易效果评价指标体系R02规则,核查案例涉及的数据、证据和整改链条是否完整一致。,文章案例文本；审计事项清单；问题线索台账；审计证据资料；预算指标表；财政支出明细,风险词命中/数据缺失/证据不一致/指标偏离/流程缺陷,命中对象、风险等级、证据资料、核查建议,P0,magazine_435_articles,D:\openclaw-workspace\knowledge\11-杂志文献\财政监督\4.构建农业科技成果转化交易效果评价指标体系.md
MAGAGR-0046-R01,indicator_rule,generated_rule,MAGAGR-0046,63,C,农业农村审计 / 金融审计 / 财政与政府债务,现代农业产业技术体系创新团队建设项目绩效评价指标体系构建,现代农业产业技术体系创新团队建设项目绩效评价指标体系构建R01规则,按案例主题识别同类事项中的风险特征并生成疑点。,文章案例文本；审计事项清单；问题线索台账；审计证据资料；预算指标表；财政支出明细,风险词命中/数据缺失/证据不一致/指标偏离/流程缺陷,命中对象、风险等级、证据资料、核查建议,P0,magazine_435_articles,D:\openclaw-workspace\knowledge\11-杂志文献\财政监督\5.现代农业产业技术体系创新团队建设项目绩效评价指标体系构建.md
MAGAGR-0046-R02,indicator_rule,generated_rule,MAGAGR-0046,63,C,农业农村审计 / 金融审计 / 财政与政府债务,现代农业产业技术体系创新团队建设项目绩效评价指标体系构建,现代农业产业技术体系创新团队建设项目绩效评价指标体系构建R02规则,核查案例涉及的数据、证据和整改链条是否完整一致。,文章案例文本；审计事项清单；问题线索台账；审计证据资料；预算指标表；财政支出明细,风险词命中/数据缺失/证据不一致/指标偏离/流程缺陷,命中对象、风险等级、证据资料、核查建议,P0,magazine_435_articles,D:\openclaw-workspace\knowledge\11-杂志文献\财政监督\5.现代农业产业技术体系创新团队建设项目绩效评价指标体系构建.md
MAGSOC-0079-R01,indicator_rule,generated_rule,MAGSOC-0079,53,D,民生与社保医保 / 预算执行与财政管理 / 招投标与政府采购,基本公共卫生服务项目绩效评价指标体系优化研究,基本公共卫生服务项目绩效评价指标体系优化研究R01规则,按案例主题识别同类事项中的风险特征并生成疑点。,文章案例文本；审计事项清单；问题线索台账；审计证据资料；预算指标表；财政支出明细,风险词命中/数据缺失/证据不一致/指标偏离/流程缺陷,命中对象、风险等级、证据资料、核查建议,P1,magazine_435_articles,D:\openclaw-workspace\knowledge\11-杂志文献\财政监督\9.基本公共卫生服务项目绩效评价指标体系优化研究.md
MAGSOC-0079-R02,indicator_rule,generated_rule,MAGSOC-0079,53,D,民生与社保医保 / 预算执行与财政管理 / 招投标与政府采购,基本公共卫生服务项目绩效评价指标体系优化研究,基本公共卫生服务项目绩效评价指标体系优化研究R02规则,核查案例涉及的数据、证据和整改链条是否完整一致。,文章案例文本；审计事项清单；问题线索台账；审计证据资料；预算指标表；财政支出明细,风险词命中/数据缺失/证据不一致/指标偏离/流程缺陷,命中对象、风险等级、证据资料、核查建议,P1,magazine_435_articles,D:\openclaw-workspace\knowledge\11-杂志文献\财政监督\9.基本公共卫生服务项目绩效评价指标体系优化研究.md
MAGSOC-0027-R01,indicator_rule,generated_rule,MAGSOC-0027,53,D,民生与社保医保 / 预算执行与财政管理 / 招投标与政府采购,探索新型研发机构绩效评价指标体系设计新思路,探索新型研发机构绩效评价指标体系设计新思路R01规则,按案例主题识别同类事项中的风险特征并生成疑点。,文章案例文本；审计事项清单；问题线索台账；审计证据资料；预算指标表；财政支出明细,风险词命中/数据缺失/证据不一致/指标偏离/流程缺陷,命中对象、风险等级、证据资料、核查建议,P1,magazine_435_articles,D:\openclaw-workspace\knowledge\11-杂志文献\财政监督\11.探索新型研发机构绩效评价指标体系设计新思路.md
MAGSOC-0027-R02,indicator_rule,generated_rule,MAGSOC-0027,53,D,民生与社保医保 / 预算执行与财政管理 / 招投标与政府采购,探索新型研发机构绩效评价指标体系设计新思路,探索新型研发机构绩效评价指标体系设计新思路R02规则,核查案例涉及的数据、证据和整改链条是否完整一致。,文章案例文本；审计事项清单；问题线索台账；审计证据资料；预算指标表；财政支出明细,风险词命中/数据缺失/证据不一致/指标偏离/流程缺陷,命中对象、风险等级、证据资料、核查建议,P1,magazine_435_articles,D:\openclaw-workspace\knowledge\11-杂志文献\财政监督\11.探索新型研发机构绩效评价指标体系设计新思路.md
MAGSOC-0033-R01,indicator_rule,generated_rule,MAGSOC-0033,63,C,民生与社保医保 / 预算执行与财政管理 / 招投标与政府采购,财政支出培训项目绩效评价指标体系构建研究,财政支出培训项目绩效评价指标体系构建研究R01规则,按案例主题识别同类事项中的风险特征并生成疑点。,文章案例文本；审计事项清单；问题线索台账；审计证据资料；预算指标表；财政支出明细,风险词命中/数据缺失/证据不一致/指标偏离/流程缺陷,命中对象、风险等级、证据资料、核查建议,P0,magazine_435_articles,D:\openclaw-workspace\knowledge\11-杂志文献\财政监督\14.财政支出培训项目绩效评价指标体系构建研究.md
MAGSOC-0033-R02,indicator_rule,generated_rule,MAGSOC-0033,63,C,民生与社保医保 / 预算执行与财政管理 / 招投标与政府采购,财政支出培训项目绩效评价指标体系构建研究,财政支出培训项目绩效评价指标体系构建研究R02规则,核查案例涉及的数据、证据和整改链条是否完整一致。,文章案例文本；审计事项清单；问题线索台账；审计证据资料；预算指标表；财政支出明细,风险词命中/数据缺失/证据不一致/指标偏离/流程缺陷,命中对象、风险等级、证据资料、核查建议,P0,magazine_435_articles,D:\openclaw-workspace\knowledge\11-杂志文献\财政监督\14.财政支出培训项目绩效评价指标体系构建研究.md
MAGSOC-0025-R01,indicator_rule,generated_rule,MAGSOC-0025,63,C,民生与社保医保 / 预算执行与财政管理 / 招投标与政府采购,项目资金绩效指标体系建设思路分析,项目资金绩效指标体系建设思路分析R01规则,按案例主题识别同类事项中的风险特征并生成疑点。,文章案例文本；审计事项清单；问题线索台账；审计证据资料；预算指标表；财政支出明细,风险词命中/数据缺失/证据不一致/指标偏离/流程缺陷,命中对象、风险等级、证据资料、核查建议,P0,magazine_435_articles,D:\openclaw-workspace\knowledge\11-杂志文献\财政监督\10.项目资金绩效指标体系建设思路分析.md
MAGSOC-0025-R02,indicator_rule,generated_rule,MAGSOC-0025,63,C,民生与社保医保 / 预算执行与财政管理 / 招投标与政府采购,项目资金绩效指标体系建设思路分析,项目资金绩效指标体系建设思路分析R02规则,核查案例涉及的数据、证据和整改链条是否完整一致。,文章案例文本；审计事项清单；问题线索台账；审计证据资料；预算指标表；财政支出明细,风险词命中/数据缺失/证据不一致/指标偏离/流程缺陷,命中对象、风险等级、证据资料、核查建议,P0,magazine_435_articles,D:\openclaw-workspace\knowledge\11-杂志文献\财政监督\10.项目资金绩效指标体系建设思路分析.md
MAGSUPV-0124-R01,indicator_rule,generated_rule,MAGSUPV-0124,53,D,监督检查与经费舞弊 / 全场景通用 / 金融审计,乡村振兴背景下财政支农资金绩效评价指标优化研究,乡村振兴背景下财政支农资金绩效评价指标优化研究R01规则,按案例主题识别同类事项中的风险特征并生成疑点。,文章案例文本；审计事项清单；问题线索台账；审计证据资料；预算指标表；财政支出明细,风险词命中/数据缺失/证据不一致/指标偏离/流程缺陷,命中对象、风险等级、证据资料、核查建议,P1,magazine_435_articles,D:\openclaw-workspace\knowledge\11-杂志文献\财政监督\6.乡村振兴背景下财政支农资金绩效评价指标优化研究。.md
MAGSUPV-0124-R02,indicator_rule,generated_rule,MAGSUPV-0124,53,D,监督检查与经费舞弊 / 全场景通用 / 金融审计,乡村振兴背景下财政支农资金绩效评价指标优化研究,乡村振兴背景下财政支农资金绩效评价指标优化研究R02规则,核查案例涉及的数据、证据和整改链条是否完整一致。,文章案例文本；审计事项清单；问题线索台账；审计证据资料；预算指标表；财政支出明细,风险词命中/数据缺失/证据不一致/指标偏离/流程缺陷,命中对象、风险等级、证据资料、核查建议,P1,magazine_435_articles,D:\openclaw-workspace\knowledge\11-杂志文献\财政监督\6.乡村振兴背景下财政支农资金绩效评价指标优化研究。.md
MAGSUPV-0134-R01,indicator_rule,generated_rule,MAGSUPV-0134,63,C,监督检查与经费舞弊 / 全场景通用 / 金融审计,绩效目标与指标设置的重要性剖析,绩效目标与指标设置的重要性剖析R01规则,按案例主题识别同类事项中的风险特征并生成疑点。,文章案例文本；审计事项清单；问题线索台账；审计证据资料；绩效目标表；绩效评价指标,风险词命中/数据缺失/证据不一致/指标偏离/流程缺陷,命中对象、风险等级、证据资料、核查建议,P0,magazine_435_articles,D:\openclaw-workspace\knowledge\11-杂志文献\财政监督\9.绩效目标与指标设置的重要性剖析.md
MAGSUPV-0134-R02,indicator_rule,generated_rule,MAGSUPV-0134,63,C,监督检查与经费舞弊 / 全场景通用 / 金融审计,绩效目标与指标设置的重要性剖析,绩效目标与指标设置的重要性剖析R02规则,核查案例涉及的数据、证据和整改链条是否完整一致。,文章案例文本；审计事项清单；问题线索台账；审计证据资料；绩效目标表；绩效评价指标,风险词命中/数据缺失/证据不一致/指标偏离/流程缺陷,命中对象、风险等级、证据资料、核查建议,P0,magazine_435_articles,D:\openclaw-workspace\knowledge\11-杂志文献\财政监督\9.绩效目标与指标设置的重要性剖析.md
ENVV6D-010-R01,indicator_rule,generated_rule,ENVV6D-010,59,C,经济责任审计 / 资源环境审计 / 监督检查与经费舞弊,保障性安居工程用地指标常见问题,保障性安居工程用地指标常见问题完整性规则,检查保障性安居工程用地指标常见问题相关台账、凭证、审批和支付数据是否完整，缺失率超过阈值则预警。,项目台账；财务收支明细；合同与审批资料；支付凭证；审计发现清单；绩效指标表,字段缺失/跨表不一致/偏离阈值/重复异常/时序异常/空间不一致,命中对象、风险等级、证据字段、核查建议,P1,ocr_55_books_deep,E:\2026\审计方法&政策文件\_ocr_output\经责\领导干部自然资源资产离任审计常见问题定性与评价指南.pdf.md
ENVV6D-010-R02,indicator_rule,generated_rule,ENVV6D-010,59,C,经济责任审计 / 资源环境审计 / 监督检查与经费舞弊,保障性安居工程用地指标常见问题,保障性安居工程用地指标常见问题一致性规则,检查保障性安居工程用地指标常见问题在合同、支付、预算、绩效或业务台账之间是否一致。,项目台账；财务收支明细；合同与审批资料；支付凭证；审计发现清单；绩效指标表,字段缺失/跨表不一致/偏离阈值/重复异常/时序异常/空间不一致,命中对象、风险等级、证据字段、核查建议,P1,ocr_55_books_deep,E:\2026\审计方法&政策文件\_ocr_output\经责\领导干部自然资源资产离任审计常见问题定性与评价指南.pdf.md
ENVV6D-010-R03,indicator_rule,generated_rule,ENVV6D-010,59,C,经济责任审计 / 资源环境审计 / 监督检查与经费舞弊,保障性安居工程用地指标常见问题,保障性安居工程用地指标常见问题异常性规则,按历史均值、同类项目分位数或政策标准识别保障性安居工程用地指标常见问题异常偏离。,项目台账；财务收支明细；合同与审批资料；支付凭证；审计发现清单；绩效指标表,字段缺失/跨表不一致/偏离阈值/重复异常/时序异常/空间不一致,命中对象、风险等级、证据字段、核查建议,P1,ocr_55_books_deep,E:\2026\审计方法&政策文件\_ocr_output\经责\领导干部自然资源资产离任审计常见问题定性与评价指南.pdf.md
ENVV6D-012-R01,indicator_rule,generated_rule,ENVV6D-012,59,C,经济责任审计 / 资源环境审计 / 监督检查与经费舞弊,土地资源资产管理、节约资源和生态环境保护约束性指标及目标,土地资源资产管理、节约资源和生态环境保护约束性指标及目标完整性规则,检查土地资源资产管理、节约资源和生态环境保护约束性指标及目标相关台账、凭证、审批和支付数据是否完整，缺失率超过阈值则预警。,项目台账；财务收支明细；合同与审批资料；支付凭证；审计发现清单；绩效指标表,字段缺失/跨表不一致/偏离阈值/重复异常/时序异常/空间不一致,命中对象、风险等级、证据字段、核查建议,P1,ocr_55_books_deep,E:\2026\审计方法&政策文件\_ocr_output\经责\领导干部自然资源资产离任审计常见问题定性与评价指南.pdf.md
ENVV6D-012-R02,indicator_rule,generated_rule,ENVV6D-012,59,C,经济责任审计 / 资源环境审计 / 监督检查与经费舞弊,土地资源资产管理、节约资源和生态环境保护约束性指标及目标,土地资源资产管理、节约资源和生态环境保护约束性指标及目标一致性规则,检查土地资源资产管理、节约资源和生态环境保护约束性指标及目标在合同、支付、预算、绩效或业务台账之间是否一致。,项目台账；财务收支明细；合同与审批资料；支付凭证；审计发现清单；绩效指标表,字段缺失/跨表不一致/偏离阈值/重复异常/时序异常/空间不一致,命中对象、风险等级、证据字段、核查建议,P1,ocr_55_books_deep,E:\2026\审计方法&政策文件\_ocr_output\经责\领导干部自然资源资产离任审计常见问题定性与评价指南.pdf.md
ENVV6D-012-R03,indicator_rule,generated_rule,ENVV6D-012,59,C,经济责任审计 / 资源环境审计 / 监督检查与经费舞弊,土地资源资产管理、节约资源和生态环境保护约束性指标及目标,土地资源资产管理、节约资源和生态环境保护约束性指标及目标异常性规则,按历史均值、同类项目分位数或政策标准识别土地资源资产管理、节约资源和生态环境保护约束性指标及目标异常偏离。,项目台账；财务收支明细；合同与审批资料；支付凭证；审计发现清单；绩效指标表,字段缺失/跨表不一致/偏离阈值/重复异常/时序异常/空间不一致,命中对象、风险等级、证据字段、核查建议,P1,ocr_55_books_deep,E:\2026\审计方法&政策文件\_ocr_output\经责\领导干部自然资源资产离任审计常见问题定性与评价指南.pdf.md
ENVV6D-014-R01,indicator_rule,generated_rule,ENVV6D-014,59,C,经济责任审计 / 资源环境审计 / 监督检查与经费舞弊,基本农田保护面积指标常见问题,基本农田保护面积指标常见问题完整性规则,检查基本农田保护面积指标常见问题相关台账、凭证、审批和支付数据是否完整，缺失率超过阈值则预警。,项目台账；财务收支明细；合同与审批资料；支付凭证；审计发现清单；绩效指标表,字段缺失/跨表不一致/偏离阈值/重复异常/时序异常/空间不一致,命中对象、风险等级、证据字段、核查建议,P1,ocr_55_books_deep,E:\2026\审计方法&政策文件\_ocr_output\经责\领导干部自然资源资产离任审计常见问题定性与评价指南.pdf.md
ENVV6D-014-R02,indicator_rule,generated_rule,ENVV6D-014,59,C,经济责任审计 / 资源环境审计 / 监督检查与经费舞弊,基本农田保护面积指标常见问题,基本农田保护面积指标常见问题一致性规则,检查基本农田保护面积指标常见问题在合同、支付、预算、绩效或业务台账之间是否一致。,项目台账；财务收支明细；合同与审批资料；支付凭证；审计发现清单；绩效指标表,字段缺失/跨表不一致/偏离阈值/重复异常/时序异常/空间不一致,命中对象、风险等级、证据字段、核查建议,P1,ocr_55_books_deep,E:\2026\审计方法&政策文件\_ocr_output\经责\领导干部自然资源资产离任审计常见问题定性与评价指南.pdf.md
ENVV6D-014-R03,indicator_rule,generated_rule,ENVV6D-014,59,C,经济责任审计 / 资源环境审计 / 监督检查与经费舞弊,基本农田保护面积指标常见问题,基本农田保护面积指标常见问题异常性规则,按历史均值、同类项目分位数或政策标准识别基本农田保护面积指标常见问题异常偏离。,项目台账；财务收支明细；合同与审批资料；支付凭证；审计发现清单；绩效指标表,字段缺失/跨表不一致/偏离阈值/重复异常/时序异常/空间不一致,命中对象、风险等级、证据字段、核查建议,P1,ocr_55_books_deep,E:\2026\审计方法&政策文件\_ocr_output\经责\领导干部自然资源资产离任审计常见问题定性与评价指南.pdf.md
ENVV6D-004-R01,indicator_rule,generated_rule,ENVV6D-004,59,C,经济责任审计 / 资源环境审计 / 监督检查与经费舞弊,指标评价法,指标评价法完整性规则,检查指标评价法相关台账、凭证、审批和支付数据是否完整，缺失率超过阈值则预警。,项目台账；财务收支明细；合同与审批资料；支付凭证；审计发现清单；会议纪要,字段缺失/跨表不一致/偏离阈值/重复异常/时序异常/空间不一致,命中对象、风险等级、证据字段、核查建议,P1,ocr_55_books_deep,E:\2026\审计方法&政策文件\_ocr_output\经责\领导干部自然资源资产离任审计实务与操作指引.pdf.md
ENVV6D-004-R02,indicator_rule,generated_rule,ENVV6D-004,59,C,经济责任审计 / 资源环境审计 / 监督检查与经费舞弊,指标评价法,指标评价法一致性规则,检查指标评价法在合同、支付、预算、绩效或业务台账之间是否一致。,项目台账；财务收支明细；合同与审批资料；支付凭证；审计发现清单；会议纪要,字段缺失/跨表不一致/偏离阈值/重复异常/时序异常/空间不一致,命中对象、风险等级、证据字段、核查建议,P1,ocr_55_books_deep,E:\2026\审计方法&政策文件\_ocr_output\经责\领导干部自然资源资产离任审计实务与操作指引.pdf.md
ENVV6D-004-R03,indicator_rule,generated_rule,ENVV6D-004,59,C,经济责任审计 / 资源环境审计 / 监督检查与经费舞弊,指标评价法,指标评价法异常性规则,按历史均值、同类项目分位数或政策标准识别指标评价法异常偏离。,项目台账；财务收支明细；合同与审批资料；支付凭证；审计发现清单；会议纪要,字段缺失/跨表不一致/偏离阈值/重复异常/时序异常/空间不一致,命中对象、风险等级、证据字段、核查建议,P1,ocr_55_books_deep,E:\2026\审计方法&政策文件\_ocr_output\经责\领导干部自然资源资产离任审计实务与操作指引.pdf.md
ENVV6D-013-R01,indicator_rule,generated_rule,ENVV6D-013,59,C,经济责任审计 / 资源环境审计 / 监督检查与经费舞弊,耕地保有量指标常见问题,耕地保有量指标常见问题完整性规则,检查耕地保有量指标常见问题相关台账、凭证、审批和支付数据是否完整，缺失率超过阈值则预警。,项目台账；财务收支明细；合同与审批资料；支付凭证；审计发现清单；绩效指标表,字段缺失/跨表不一致/偏离阈值/重复异常/时序异常/空间不一致,命中对象、风险等级、证据字段、核查建议,P1,ocr_55_books_deep,E:\2026\审计方法&政策文件\_ocr_output\经责\领导干部自然资源资产离任审计常见问题定性与评价指南.pdf.md
ENVV6D-013-R02,indicator_rule,generated_rule,ENVV6D-013,59,C,经济责任审计 / 资源环境审计 / 监督检查与经费舞弊,耕地保有量指标常见问题,耕地保有量指标常见问题一致性规则,检查耕地保有量指标常见问题在合同、支付、预算、绩效或业务台账之间是否一致。,项目台账；财务收支明细；合同与审批资料；支付凭证；审计发现清单；绩效指标表,字段缺失/跨表不一致/偏离阈值/重复异常/时序异常/空间不一致,命中对象、风险等级、证据字段、核查建议,P1,ocr_55_books_deep,E:\2026\审计方法&政策文件\_ocr_output\经责\领导干部自然资源资产离任审计常见问题定性与评价指南.pdf.md
ENVV6D-013-R03,indicator_rule,generated_rule,ENVV6D-013,59,C,经济责任审计 / 资源环境审计 / 监督检查与经费舞弊,耕地保有量指标常见问题,耕地保有量指标常见问题异常性规则,按历史均值、同类项目分位数或政策标准识别耕地保有量指标常见问题异常偏离。,项目台账；财务收支明细；合同与审批资料；支付凭证；审计发现清单；绩效指标表,字段缺失/跨表不一致/偏离阈值/重复异常/时序异常/空间不一致,命中对象、风险等级、证据字段、核查建议,P1,ocr_55_books_deep,E:\2026\审计方法&政策文件\_ocr_output\经责\领导干部自然资源资产离任审计常见问题定性与评价指南.pdf.md
PERFV6D-014-R01,indicator_rule,generated_rule,PERFV6D-014,59,C,绩效评价 / 预算执行与财政管理 / 财政与政府债务,绩效指标偏离,绩效指标偏离完整性规则,检查绩效指标偏离相关台账、凭证、审批和支付数据是否完整，缺失率超过阈值则预警。,项目台账；财务收支明细；合同与审批资料；支付凭证；审计发现清单；绩效指标表,字段缺失/跨表不一致/偏离阈值/重复异常/时序异常/空间不一致,命中对象、风险等级、证据字段、核查建议,P1,ocr_55_books_deep,E:\2026\审计方法&政策文件\_ocr_output\绩效\抽样调查设计导论.pdf.md
PERFV6D-014-R02,indicator_rule,generated_rule,PERFV6D-014,59,C,绩效评价 / 预算执行与财政管理 / 财政与政府债务,绩效指标偏离,绩效指标偏离一致性规则,检查绩效指标偏离在合同、支付、预算、绩效或业务台账之间是否一致。,项目台账；财务收支明细；合同与审批资料；支付凭证；审计发现清单；绩效指标表,字段缺失/跨表不一致/偏离阈值/重复异常/时序异常/空间不一致,命中对象、风险等级、证据字段、核查建议,P1,ocr_55_books_deep,E:\2026\审计方法&政策文件\_ocr_output\绩效\抽样调查设计导论.pdf.md
PERFV6D-014-R03,indicator_rule,generated_rule,PERFV6D-014,59,C,绩效评价 / 预算执行与财政管理 / 财政与政府债务,绩效指标偏离,绩效指标偏离异常性规则,按历史均值、同类项目分位数或政策标准识别绩效指标偏离异常偏离。,项目台账；财务收支明细；合同与审批资料；支付凭证；审计发现清单；绩效指标表,字段缺失/跨表不一致/偏离阈值/重复异常/时序异常/空间不一致,命中对象、风险等级、证据字段、核查建议,P1,ocr_55_books_deep,E:\2026\审计方法&政策文件\_ocr_output\绩效\抽样调查设计导论.pdf.md
ENVV6D-017-R01,indicator_rule,generated_rule,ENVV6D-017,59,C,绩效评价 / 预算执行与财政管理 / 财政与政府债务,绩效指标偏离,绩效指标偏离完整性规则,检查绩效指标偏离相关台账、凭证、审批和支付数据是否完整，缺失率超过阈值则预警。,项目台账；财务收支明细；合同与审批资料；支付凭证；审计发现清单；绩效指标表,字段缺失/跨表不一致/偏离阈值/重复异常/时序异常/空间不一致,命中对象、风险等级、证据字段、核查建议,P1,ocr_55_books_deep,E:\2026\审计方法&政策文件\_ocr_output\绩效\调查问卷设计与处理分析.pdf.md
ENVV6D-017-R02,indicator_rule,generated_rule,ENVV6D-017,59,C,绩效评价 / 预算执行与财政管理 / 财政与政府债务,绩效指标偏离,绩效指标偏离一致性规则,检查绩效指标偏离在合同、支付、预算、绩效或业务台账之间是否一致。,项目台账；财务收支明细；合同与审批资料；支付凭证；审计发现清单；绩效指标表,字段缺失/跨表不一致/偏离阈值/重复异常/时序异常/空间不一致,命中对象、风险等级、证据字段、核查建议,P1,ocr_55_books_deep,E:\2026\审计方法&政策文件\_ocr_output\绩效\调查问卷设计与处理分析.pdf.md
ENVV6D-017-R03,indicator_rule,generated_rule,ENVV6D-017,59,C,绩效评价 / 预算执行与财政管理 / 财政与政府债务,绩效指标偏离,绩效指标偏离异常性规则,按历史均值、同类项目分位数或政策标准识别绩效指标偏离异常偏离。,项目台账；财务收支明细；合同与审批资料；支付凭证；审计发现清单；绩效指标表,字段缺失/跨表不一致/偏离阈值/重复异常/时序异常/空间不一致,命中对象、风险等级、证据字段、核查建议,P1,ocr_55_books_deep,E:\2026\审计方法&政策文件\_ocr_output\绩效\调查问卷设计与处理分析.pdf.md
PERFV6D-042-R01,indicator_rule,generated_rule,PERFV6D-042,59,C,绩效评价 / 预算执行与财政管理 / 财政与政府债务,财政支出绩效评价的指标体系…,财政支出绩效评价的指标体系…完整性规则,检查财政支出绩效评价的指标体系…相关台账、凭证、审批和支付数据是否完整，缺失率超过阈值则预警。,项目台账；财务收支明细；合同与审批资料；支付凭证；审计发现清单；预算批复表,字段缺失/跨表不一致/偏离阈值/重复异常/时序异常/空间不一致,命中对象、风险等级、证据字段、核查建议,P1,ocr_55_books_deep,E:\2026\审计方法&政策文件\_ocr_output\绩效\财政支出绩效评价研究.pdf.md
PERFV6D-042-R02,indicator_rule,generated_rule,PERFV6D-042,59,C,绩效评价 / 预算执行与财政管理 / 财政与政府债务,财政支出绩效评价的指标体系…,财政支出绩效评价的指标体系…一致性规则,检查财政支出绩效评价的指标体系…在合同、支付、预算、绩效或业务台账之间是否一致。,项目台账；财务收支明细；合同与审批资料；支付凭证；审计发现清单；预算批复表,字段缺失/跨表不一致/偏离阈值/重复异常/时序异常/空间不一致,命中对象、风险等级、证据字段、核查建议,P1,ocr_55_books_deep,E:\2026\审计方法&政策文件\_ocr_output\绩效\财政支出绩效评价研究.pdf.md
PERFV6D-042-R03,indicator_rule,generated_rule,PERFV6D-042,59,C,绩效评价 / 预算执行与财政管理 / 财政与政府债务,财政支出绩效评价的指标体系…,财政支出绩效评价的指标体系…异常性规则,按历史均值、同类项目分位数或政策标准识别财政支出绩效评价的指标体系…异常偏离。,项目台账；财务收支明细；合同与审批资料；支付凭证；审计发现清单；预算批复表,字段缺失/跨表不一致/偏离阈值/重复异常/时序异常/空间不一致,命中对象、风险等级、证据字段、核查建议,P1,ocr_55_books_deep,E:\2026\审计方法&政策文件\_ocr_output\绩效\财政支出绩效评价研究.pdf.md
MAGFIN-0016-R01,indicator_rule,generated_rule,MAGFIN-0016,53,D,金融审计 / 国企审计 / 监督检查与经费舞弊,金融企业绩效评价指标体系回顾及展望,金融企业绩效评价指标体系回顾及展望R01规则,按案例主题识别同类事项中的风险特征并生成疑点。,文章案例文本；审计事项清单；问题线索台账；审计证据资料；绩效目标表；绩效评价指标,风险词命中/数据缺失/证据不一致/指标偏离/流程缺陷,命中对象、风险等级、证据资料、核查建议,P1,magazine_435_articles,D:\openclaw-workspace\knowledge\11-杂志文献\财政监督\10.金融企业绩效评价指标体系回顾及展望.md
MAGFIN-0016-R02,indicator_rule,generated_rule,MAGFIN-0016,53,D,金融审计 / 国企审计 / 监督检查与经费舞弊,金融企业绩效评价指标体系回顾及展望,金融企业绩效评价指标体系回顾及展望R02规则,核查案例涉及的数据、证据和整改链条是否完整一致。,文章案例文本；审计事项清单；问题线索台账；审计证据资料；绩效目标表；绩效评价指标,风险词命中/数据缺失/证据不一致/指标偏离/流程缺陷,命中对象、风险等级、证据资料、核查建议,P1,magazine_435_articles,D:\openclaw-workspace\knowledge\11-杂志文献\财政监督\10.金融企业绩效评价指标体系回顾及展望.md
ENGV6D-021-R01,indicator_rule,generated_rule,ENGV6D-021,59,C,预算执行与财政管理 / 工程与投资审计 / 绩效评价,预算绩效指标,预算绩效指标完整性规则,检查预算绩效指标相关台账、凭证、审批和支付数据是否完整，缺失率超过阈值则预警。,项目台账；财务收支明细；合同与审批资料；支付凭证；审计发现清单；预算批复表,字段缺失/跨表不一致/偏离阈值/重复异常/时序异常/空间不一致,命中对象、风险等级、证据字段、核查建议,P1,ocr_55_books_deep,E:\2026\审计方法&政策文件\_ocr_output\预算\发电基本建设项目竣工财务决算编制实务.pdf.md
ENGV6D-021-R02,indicator_rule,generated_rule,ENGV6D-021,59,C,预算执行与财政管理 / 工程与投资审计 / 绩效评价,预算绩效指标,预算绩效指标一致性规则,检查预算绩效指标在合同、支付、预算、绩效或业务台账之间是否一致。,项目台账；财务收支明细；合同与审批资料；支付凭证；审计发现清单；预算批复表,字段缺失/跨表不一致/偏离阈值/重复异常/时序异常/空间不一致,命中对象、风险等级、证据字段、核查建议,P1,ocr_55_books_deep,E:\2026\审计方法&政策文件\_ocr_output\预算\发电基本建设项目竣工财务决算编制实务.pdf.md
ENGV6D-021-R03,indicator_rule,generated_rule,ENGV6D-021,59,C,预算执行与财政管理 / 工程与投资审计 / 绩效评价,预算绩效指标,预算绩效指标异常性规则,按历史均值、同类项目分位数或政策标准识别预算绩效指标异常偏离。,项目台账；财务收支明细；合同与审批资料；支付凭证；审计发现清单；预算批复表,字段缺失/跨表不一致/偏离阈值/重复异常/时序异常/空间不一致,命中对象、风险等级、证据字段、核查建议,P1,ocr_55_books_deep,E:\2026\审计方法&政策文件\_ocr_output\预算\发电基本建设项目竣工财务决算编制实务.pdf.md
ENGV6D-033-R01,indicator_rule,generated_rule,ENGV6D-033,59,C,预算执行与财政管理 / 工程与投资审计 / 绩效评价,预算绩效指标,预算绩效指标完整性规则,检查预算绩效指标相关台账、凭证、审批和支付数据是否完整，缺失率超过阈值则预警。,项目台账；财务收支明细；合同与审批资料；支付凭证；审计发现清单；预算批复表,字段缺失/跨表不一致/偏离阈值/重复异常/时序异常/空间不一致,命中对象、风险等级、证据字段、核查建议,P1,ocr_55_books_deep,E:\2026\审计方法&政策文件\_ocr_output\预算\新能源发电工竣工决算编制理论与实务.pdf.md
ENGV6D-033-R02,indicator_rule,generated_rule,ENGV6D-033,59,C,预算执行与财政管理 / 工程与投资审计 / 绩效评价,预算绩效指标,预算绩效指标一致性规则,检查预算绩效指标在合同、支付、预算、绩效或业务台账之间是否一致。,项目台账；财务收支明细；合同与审批资料；支付凭证；审计发现清单；预算批复表,字段缺失/跨表不一致/偏离阈值/重复异常/时序异常/空间不一致,命中对象、风险等级、证据字段、核查建议,P1,ocr_55_books_deep,E:\2026\审计方法&政策文件\_ocr_output\预算\新能源发电工竣工决算编制理论与实务.pdf.md
ENGV6D-033-R03,indicator_rule,generated_rule,ENGV6D-033,59,C,预算执行与财政管理 / 工程与投资审计 / 绩效评价,预算绩效指标,预算绩效指标异常性规则,按历史均值、同类项目分位数或政策标准识别预算绩效指标异常偏离。,项目台账；财务收支明细；合同与审批资料；支付凭证；审计发现清单；预算批复表,字段缺失/跨表不一致/偏离阈值/重复异常/时序异常/空间不一致,命中对象、风险等级、证据字段、核查建议,P1,ocr_55_books_deep,E:\2026\审计方法&政策文件\_ocr_output\预算\新能源发电工竣工决算编制理论与实务.pdf.md
ENGV6D-037-R01,indicator_rule,generated_rule,ENGV6D-037,59,C,预算执行与财政管理 / 工程与投资审计 / 绩效评价,预算绩效指标,预算绩效指标完整性规则,检查预算绩效指标相关台账、凭证、审批和支付数据是否完整，缺失率超过阈值则预警。,项目台账；财务收支明细；合同与审批资料；支付凭证；审计发现清单；预算批复表,字段缺失/跨表不一致/偏离阈值/重复异常/时序异常/空间不一致,命中对象、风险等级、证据字段、核查建议,P1,ocr_55_books_deep,E:\2026\审计方法&政策文件\_ocr_output\预算\水利基本建设项目竣工财务决算编制教程.pdf.md
ENGV6D-037-R02,indicator_rule,generated_rule,ENGV6D-037,59,C,预算执行与财政管理 / 工程与投资审计 / 绩效评价,预算绩效指标,预算绩效指标一致性规则,检查预算绩效指标在合同、支付、预算、绩效或业务台账之间是否一致。,项目台账；财务收支明细；合同与审批资料；支付凭证；审计发现清单；预算批复表,字段缺失/跨表不一致/偏离阈值/重复异常/时序异常/空间不一致,命中对象、风险等级、证据字段、核查建议,P1,ocr_55_books_deep,E:\2026\审计方法&政策文件\_ocr_output\预算\水利基本建设项目竣工财务决算编制教程.pdf.md
ENGV6D-037-R03,indicator_rule,generated_rule,ENGV6D-037,59,C,预算执行与财政管理 / 工程与投资审计 / 绩效评价,预算绩效指标,预算绩效指标异常性规则,按历史均值、同类项目分位数或政策标准识别预算绩效指标异常偏离。,项目台账；财务收支明细；合同与审批资料；支付凭证；审计发现清单；预算批复表,字段缺失/跨表不一致/偏离阈值/重复异常/时序异常/空间不一致,命中对象、风险等级、证据字段、核查建议,P1,ocr_55_books_deep,E:\2026\审计方法&政策文件\_ocr_output\预算\水利基本建设项目竣工财务决算编制教程.pdf.md
PERFV6D-110-R01,indicator_rule,generated_rule,PERFV6D-110,59,C,预算执行与财政管理 / 绩效评价 / 财政与政府债务,卫生健康领域预算项目绩效评价指标与方法,卫生健康领域预算项目绩效评价指标与方法完整性规则,检查卫生健康领域预算项目绩效评价指标与方法相关台账、凭证、审批和支付数据是否完整，缺失率超过阈值则预警。,项目台账；财务收支明细；合同与审批资料；支付凭证；审计发现清单；预算批复表,字段缺失/跨表不一致/偏离阈值/重复异常/时序异常/空间不一致,命中对象、风险等级、证据字段、核查建议,P1,ocr_55_books_deep,E:\2026\审计方法&政策文件\_ocr_output\预算\预算绩效评价方法与指标.pdf.md
PERFV6D-110-R02,indicator_rule,generated_rule,PERFV6D-110,59,C,预算执行与财政管理 / 绩效评价 / 财政与政府债务,卫生健康领域预算项目绩效评价指标与方法,卫生健康领域预算项目绩效评价指标与方法一致性规则,检查卫生健康领域预算项目绩效评价指标与方法在合同、支付、预算、绩效或业务台账之间是否一致。,项目台账；财务收支明细；合同与审批资料；支付凭证；审计发现清单；预算批复表,字段缺失/跨表不一致/偏离阈值/重复异常/时序异常/空间不一致,命中对象、风险等级、证据字段、核查建议,P1,ocr_55_books_deep,E:\2026\审计方法&政策文件\_ocr_output\预算\预算绩效评价方法与指标.pdf.md
PERFV6D-110-R03,indicator_rule,generated_rule,PERFV6D-110,59,C,预算执行与财政管理 / 绩效评价 / 财政与政府债务,卫生健康领域预算项目绩效评价指标与方法,卫生健康领域预算项目绩效评价指标与方法异常性规则,按历史均值、同类项目分位数或政策标准识别卫生健康领域预算项目绩效评价指标与方法异常偏离。,项目台账；财务收支明细；合同与审批资料；支付凭证；审计发现清单；预算批复表,字段缺失/跨表不一致/偏离阈值/重复异常/时序异常/空间不一致,命中对象、风险等级、证据字段、核查建议,P1,ocr_55_books_deep,E:\2026\审计方法&政策文件\_ocr_output\预算\预算绩效评价方法与指标.pdf.md
BUDV6D-050-R01,indicator_rule,generated_rule,BUDV6D-050,59,C,预算执行与财政管理 / 绩效评价 / 财政与政府债务,我国部门整体预算绩效评价指标体系的发展与完善·169,我国部门整体预算绩效评价指标体系的发展与完善·169完整性规则,检查我国部门整体预算绩效评价指标体系的发展与完善·169相关台账、凭证、审批和支付数据是否完整，缺失率超过阈值则预警。,项目台账；财务收支明细；合同与审批资料；支付凭证；审计发现清单；预算批复表,字段缺失/跨表不一致/偏离阈值/重复异常/时序异常/空间不一致,命中对象、风险等级、证据字段、核查建议,P1,ocr_55_books_deep,E:\2026\审计方法&政策文件\_ocr_output\预算\部门整体预算绩效评价研究.pdf.md
BUDV6D-050-R02,indicator_rule,generated_rule,BUDV6D-050,59,C,预算执行与财政管理 / 绩效评价 / 财政与政府债务,我国部门整体预算绩效评价指标体系的发展与完善·169,我国部门整体预算绩效评价指标体系的发展与完善·169一致性规则,检查我国部门整体预算绩效评价指标体系的发展与完善·169在合同、支付、预算、绩效或业务台账之间是否一致。,项目台账；财务收支明细；合同与审批资料；支付凭证；审计发现清单；预算批复表,字段缺失/跨表不一致/偏离阈值/重复异常/时序异常/空间不一致,命中对象、风险等级、证据字段、核查建议,P1,ocr_55_books_deep,E:\2026\审计方法&政策文件\_ocr_output\预算\部门整体预算绩效评价研究.pdf.md
BUDV6D-050-R03,indicator_rule,generated_rule,BUDV6D-050,59,C,预算执行与财政管理 / 绩效评价 / 财政与政府债务,我国部门整体预算绩效评价指标体系的发展与完善·169,我国部门整体预算绩效评价指标体系的发展与完善·169异常性规则,按历史均值、同类项目分位数或政策标准识别我国部门整体预算绩效评价指标体系的发展与完善·169异常偏离。,项目台账；财务收支明细；合同与审批资料；支付凭证；审计发现清单；预算批复表,字段缺失/跨表不一致/偏离阈值/重复异常/时序异常/空间不一致,命中对象、风险等级、证据字段、核查建议,P1,ocr_55_books_deep,E:\2026\审计方法&政策文件\_ocr_output\预算\部门整体预算绩效评价研究.pdf.md
PERFV6D-114-R01,indicator_rule,generated_rule,PERFV6D-114,59,C,预算执行与财政管理 / 绩效评价 / 财政与政府债务,教育领域项目绩效评价指标与方法研究,教育领域项目绩效评价指标与方法研究完整性规则,检查教育领域项目绩效评价指标与方法研究相关台账、凭证、审批和支付数据是否完整，缺失率超过阈值则预警。,项目台账；财务收支明细；合同与审批资料；支付凭证；审计发现清单；预算批复表,字段缺失/跨表不一致/偏离阈值/重复异常/时序异常/空间不一致,命中对象、风险等级、证据字段、核查建议,P1,ocr_55_books_deep,E:\2026\审计方法&政策文件\_ocr_output\预算\预算绩效评价方法与指标.pdf.md
PERFV6D-114-R02,indicator_rule,generated_rule,PERFV6D-114,59,C,预算执行与财政管理 / 绩效评价 / 财政与政府债务,教育领域项目绩效评价指标与方法研究,教育领域项目绩效评价指标与方法研究一致性规则,检查教育领域项目绩效评价指标与方法研究在合同、支付、预算、绩效或业务台账之间是否一致。,项目台账；财务收支明细；合同与审批资料；支付凭证；审计发现清单；预算批复表,字段缺失/跨表不一致/偏离阈值/重复异常/时序异常/空间不一致,命中对象、风险等级、证据字段、核查建议,P1,ocr_55_books_deep,E:\2026\审计方法&政策文件\_ocr_output\预算\预算绩效评价方法与指标.pdf.md
PERFV6D-114-R03,indicator_rule,generated_rule,PERFV6D-114,59,C,预算执行与财政管理 / 绩效评价 / 财政与政府债务,教育领域项目绩效评价指标与方法研究,教育领域项目绩效评价指标与方法研究异常性规则,按历史均值、同类项目分位数或政策标准识别教育领域项目绩效评价指标与方法研究异常偏离。,项目台账；财务收支明细；合同与审批资料；支付凭证；审计发现清单；预算批复表,字段缺失/跨表不一致/偏离阈值/重复异常/时序异常/空间不一致,命中对象、风险等级、证据字段、核查建议,P1,ocr_55_books_deep,E:\2026\审计方法&政策文件\_ocr_output\预算\预算绩效评价方法与指标.pdf.md
PERFV6D-113-R01,indicator_rule,generated_rule,PERFV6D-113,59,C,预算执行与财政管理 / 绩效评价 / 财政与政府债务,科学技术研究领域项目绩效评价指标与方法探索….：116,科学技术研究领域项目绩效评价指标与方法探索….：116完整性规则,检查科学技术研究领域项目绩效评价指标与方法探索….：116相关台账、凭证、审批和支付数据是否完整，缺失率超过阈值则预警。,项目台账；财务收支明细；合同与审批资料；支付凭证；审计发现清单；预算批复表,字段缺失/跨表不一致/偏离阈值/重复异常/时序异常/空间不一致,命中对象、风险等级、证据字段、核查建议,P1,ocr_55_books_deep,E:\2026\审计方法&政策文件\_ocr_output\预算\预算绩效评价方法与指标.pdf.md
PERFV6D-113-R02,indicator_rule,generated_rule,PERFV6D-113,59,C,预算执行与财政管理 / 绩效评价 / 财政与政府债务,科学技术研究领域项目绩效评价指标与方法探索….：116,科学技术研究领域项目绩效评价指标与方法探索….：116一致性规则,检查科学技术研究领域项目绩效评价指标与方法探索….：116在合同、支付、预算、绩效或业务台账之间是否一致。,项目台账；财务收支明细；合同与审批资料；支付凭证；审计发现清单；预算批复表,字段缺失/跨表不一致/偏离阈值/重复异常/时序异常/空间不一致,命中对象、风险等级、证据字段、核查建议,P1,ocr_55_books_deep,E:\2026\审计方法&政策文件\_ocr_output\预算\预算绩效评价方法与指标.pdf.md
PERFV6D-113-R03,indicator_rule,generated_rule,PERFV6D-113,59,C,预算执行与财政管理 / 绩效评价 / 财政与政府债务,科学技术研究领域项目绩效评价指标与方法探索….：116,科学技术研究领域项目绩效评价指标与方法探索….：116异常性规则,按历史均值、同类项目分位数或政策标准识别科学技术研究领域项目绩效评价指标与方法探索….：116异常偏离。,项目台账；财务收支明细；合同与审批资料；支付凭证；审计发现清单；预算批复表,字段缺失/跨表不一致/偏离阈值/重复异常/时序异常/空间不一致,命中对象、风险等级、证据字段、核查建议,P1,ocr_55_books_deep,E:\2026\审计方法&政策文件\_ocr_output\预算\预算绩效评价方法与指标.pdf.md
BUDV6D-049-R01,indicator_rule,generated_rule,BUDV6D-049,59,C,预算执行与财政管理 / 绩效评价 / 财政与政府债务,部门整体预算绩效评价指标体系构建,部门整体预算绩效评价指标体系构建完整性规则,检查部门整体预算绩效评价指标体系构建相关台账、凭证、审批和支付数据是否完整，缺失率超过阈值则预警。,项目台账；财务收支明细；合同与审批资料；支付凭证；审计发现清单；预算批复表,字段缺失/跨表不一致/偏离阈值/重复异常/时序异常/空间不一致,命中对象、风险等级、证据字段、核查建议,P1,ocr_55_books_deep,E:\2026\审计方法&政策文件\_ocr_output\预算\部门整体预算绩效评价研究.pdf.md
BUDV6D-049-R02,indicator_rule,generated_rule,BUDV6D-049,59,C,预算执行与财政管理 / 绩效评价 / 财政与政府债务,部门整体预算绩效评价指标体系构建,部门整体预算绩效评价指标体系构建一致性规则,检查部门整体预算绩效评价指标体系构建在合同、支付、预算、绩效或业务台账之间是否一致。,项目台账；财务收支明细；合同与审批资料；支付凭证；审计发现清单；预算批复表,字段缺失/跨表不一致/偏离阈值/重复异常/时序异常/空间不一致,命中对象、风险等级、证据字段、核查建议,P1,ocr_55_books_deep,E:\2026\审计方法&政策文件\_ocr_output\预算\部门整体预算绩效评价研究.pdf.md
BUDV6D-049-R03,indicator_rule,generated_rule,BUDV6D-049,59,C,预算执行与财政管理 / 绩效评价 / 财政与政府债务,部门整体预算绩效评价指标体系构建,部门整体预算绩效评价指标体系构建异常性规则,按历史均值、同类项目分位数或政策标准识别部门整体预算绩效评价指标体系构建异常偏离。,项目台账；财务收支明细；合同与审批资料；支付凭证；审计发现清单；预算批复表,字段缺失/跨表不一致/偏离阈值/重复异常/时序异常/空间不一致,命中对象、风险等级、证据字段、核查建议,P1,ocr_55_books_deep,E:\2026\审计方法&政策文件\_ocr_output\预算\部门整体预算绩效评价研究.pdf.md
BUDV6D-052-R01,indicator_rule,generated_rule,BUDV6D-052,59,C,预算执行与财政管理 / 绩效评价 / 财政与政府债务,部门整体预算绩效评价指标体系的完善思路·,部门整体预算绩效评价指标体系的完善思路·完整性规则,检查部门整体预算绩效评价指标体系的完善思路·相关台账、凭证、审批和支付数据是否完整，缺失率超过阈值则预警。,项目台账；财务收支明细；合同与审批资料；支付凭证；审计发现清单；预算批复表,字段缺失/跨表不一致/偏离阈值/重复异常/时序异常/空间不一致,命中对象、风险等级、证据字段、核查建议,P1,ocr_55_books_deep,E:\2026\审计方法&政策文件\_ocr_output\预算\部门整体预算绩效评价研究.pdf.md
BUDV6D-052-R02,indicator_rule,generated_rule,BUDV6D-052,59,C,预算执行与财政管理 / 绩效评价 / 财政与政府债务,部门整体预算绩效评价指标体系的完善思路·,部门整体预算绩效评价指标体系的完善思路·一致性规则,检查部门整体预算绩效评价指标体系的完善思路·在合同、支付、预算、绩效或业务台账之间是否一致。,项目台账；财务收支明细；合同与审批资料；支付凭证；审计发现清单；预算批复表,字段缺失/跨表不一致/偏离阈值/重复异常/时序异常/空间不一致,命中对象、风险等级、证据字段、核查建议,P1,ocr_55_books_deep,E:\2026\审计方法&政策文件\_ocr_output\预算\部门整体预算绩效评价研究.pdf.md
BUDV6D-052-R03,indicator_rule,generated_rule,BUDV6D-052,59,C,预算执行与财政管理 / 绩效评价 / 财政与政府债务,部门整体预算绩效评价指标体系的完善思路·,部门整体预算绩效评价指标体系的完善思路·异常性规则,按历史均值、同类项目分位数或政策标准识别部门整体预算绩效评价指标体系的完善思路·异常偏离。,项目台账；财务收支明细；合同与审批资料；支付凭证；审计发现清单；预算批复表,字段缺失/跨表不一致/偏离阈值/重复异常/时序异常/空间不一致,命中对象、风险等级、证据字段、核查建议,P1,ocr_55_books_deep,E:\2026\审计方法&政策文件\_ocr_output\预算\部门整体预算绩效评价研究.pdf.md
BUDV6D-019-R01,indicator_rule,generated_rule,BUDV6D-019,59,C,预算执行与财政管理 / 绩效评价 / 财政与政府债务,预算绩效指标,预算绩效指标完整性规则,检查预算绩效指标相关台账、凭证、审批和支付数据是否完整，缺失率超过阈值则预警。,项目台账；财务收支明细；合同与审批资料；支付凭证；审计发现清单；预算批复表,字段缺失/跨表不一致/偏离阈值/重复异常/时序异常/空间不一致,命中对象、风险等级、证据字段、核查建议,P1,ocr_55_books_deep,E:\2026\审计方法&政策文件\_ocr_output\预算\中央部门预算执行审计常用定性表述及适用法规向导.pdf.md
BUDV6D-019-R02,indicator_rule,generated_rule,BUDV6D-019,59,C,预算执行与财政管理 / 绩效评价 / 财政与政府债务,预算绩效指标,预算绩效指标一致性规则,检查预算绩效指标在合同、支付、预算、绩效或业务台账之间是否一致。,项目台账；财务收支明细；合同与审批资料；支付凭证；审计发现清单；预算批复表,字段缺失/跨表不一致/偏离阈值/重复异常/时序异常/空间不一致,命中对象、风险等级、证据字段、核查建议,P1,ocr_55_books_deep,E:\2026\审计方法&政策文件\_ocr_output\预算\中央部门预算执行审计常用定性表述及适用法规向导.pdf.md
BUDV6D-019-R03,indicator_rule,generated_rule,BUDV6D-019,59,C,预算执行与财政管理 / 绩效评价 / 财政与政府债务,预算绩效指标,预算绩效指标异常性规则,按历史均值、同类项目分位数或政策标准识别预算绩效指标异常偏离。,项目台账；财务收支明细；合同与审批资料；支付凭证；审计发现清单；预算批复表,字段缺失/跨表不一致/偏离阈值/重复异常/时序异常/空间不一致,命中对象、风险等级、证据字段、核查建议,P1,ocr_55_books_deep,E:\2026\审计方法&政策文件\_ocr_output\预算\中央部门预算执行审计常用定性表述及适用法规向导.pdf.md
PERFV6D-087-R01,indicator_rule,generated_rule,PERFV6D-087,59,C,预算执行与财政管理 / 绩效评价 / 财政与政府债务,预算绩效管理指标与标准体系/218,预算绩效管理指标与标准体系/218完整性规则,检查预算绩效管理指标与标准体系/218相关台账、凭证、审批和支付数据是否完整，缺失率超过阈值则预警。,项目台账；财务收支明细；合同与审批资料；支付凭证；审计发现清单；预算批复表,字段缺失/跨表不一致/偏离阈值/重复异常/时序异常/空间不一致,命中对象、风险等级、证据字段、核查建议,P1,ocr_55_books_deep,E:\2026\审计方法&政策文件\_ocr_output\预算\全面实施预算绩效管理实践指导.pdf.md
PERFV6D-087-R02,indicator_rule,generated_rule,PERFV6D-087,59,C,预算执行与财政管理 / 绩效评价 / 财政与政府债务,预算绩效管理指标与标准体系/218,预算绩效管理指标与标准体系/218一致性规则,检查预算绩效管理指标与标准体系/218在合同、支付、预算、绩效或业务台账之间是否一致。,项目台账；财务收支明细；合同与审批资料；支付凭证；审计发现清单；预算批复表,字段缺失/跨表不一致/偏离阈值/重复异常/时序异常/空间不一致,命中对象、风险等级、证据字段、核查建议,P1,ocr_55_books_deep,E:\2026\审计方法&政策文件\_ocr_output\预算\全面实施预算绩效管理实践指导.pdf.md
PERFV6D-087-R03,indicator_rule,generated_rule,PERFV6D-087,59,C,预算执行与财政管理 / 绩效评价 / 财政与政府债务,预算绩效管理指标与标准体系/218,预算绩效管理指标与标准体系/218异常性规则,按历史均值、同类项目分位数或政策标准识别预算绩效管理指标与标准体系/218异常偏离。,项目台账；财务收支明细；合同与审批资料；支付凭证；审计发现清单；预算批复表,字段缺失/跨表不一致/偏离阈值/重复异常/时序异常/空间不一致,命中对象、风险等级、证据字段、核查建议,P1,ocr_55_books_deep,E:\2026\审计方法&政策文件\_ocr_output\预算\全面实施预算绩效管理实践指导.pdf.md
BUDV6D-051-R01,indicator_rule,generated_rule,BUDV6D-051,59,C,预算执行与财政管理 / 绩效评价 / 财政与政府债务,预算绩效评价指标体系设计理论模型及其在,预算绩效评价指标体系设计理论模型及其在完整性规则,检查预算绩效评价指标体系设计理论模型及其在相关台账、凭证、审批和支付数据是否完整，缺失率超过阈值则预警。,项目台账；财务收支明细；合同与审批资料；支付凭证；审计发现清单；预算批复表,字段缺失/跨表不一致/偏离阈值/重复异常/时序异常/空间不一致,命中对象、风险等级、证据字段、核查建议,P1,ocr_55_books_deep,E:\2026\审计方法&政策文件\_ocr_output\预算\部门整体预算绩效评价研究.pdf.md
BUDV6D-051-R02,indicator_rule,generated_rule,BUDV6D-051,59,C,预算执行与财政管理 / 绩效评价 / 财政与政府债务,预算绩效评价指标体系设计理论模型及其在,预算绩效评价指标体系设计理论模型及其在一致性规则,检查预算绩效评价指标体系设计理论模型及其在在合同、支付、预算、绩效或业务台账之间是否一致。,项目台账；财务收支明细；合同与审批资料；支付凭证；审计发现清单；预算批复表,字段缺失/跨表不一致/偏离阈值/重复异常/时序异常/空间不一致,命中对象、风险等级、证据字段、核查建议,P1,ocr_55_books_deep,E:\2026\审计方法&政策文件\_ocr_output\预算\部门整体预算绩效评价研究.pdf.md
BUDV6D-051-R03,indicator_rule,generated_rule,BUDV6D-051,59,C,预算执行与财政管理 / 绩效评价 / 财政与政府债务,预算绩效评价指标体系设计理论模型及其在,预算绩效评价指标体系设计理论模型及其在异常性规则,按历史均值、同类项目分位数或政策标准识别预算绩效评价指标体系设计理论模型及其在异常偏离。,项目台账；财务收支明细；合同与审批资料；支付凭证；审计发现清单；预算批复表,字段缺失/跨表不一致/偏离阈值/重复异常/时序异常/空间不一致,命中对象、风险等级、证据字段、核查建议,P1,ocr_55_books_deep,E:\2026\审计方法&政策文件\_ocr_output\预算\部门整体预算绩效评价研究.pdf.md
PERFV6D-107-R01,indicator_rule,generated_rule,PERFV6D-107,69,C,预算执行与财政管理 / 绩效评价 / 财政与政府债务,预算绩效评价方法与指标.pdf,预算绩效评价方法与指标.pdf完整性规则,检查预算绩效评价方法与指标.pdf相关台账、凭证、审批和支付数据是否完整，缺失率超过阈值则预警。,项目台账；财务收支明细；合同与审批资料；支付凭证；审计发现清单；预算批复表,字段缺失/跨表不一致/偏离阈值/重复异常/时序异常/空间不一致,命中对象、风险等级、证据字段、核查建议,P0,ocr_55_books_deep,E:\2026\审计方法&政策文件\_ocr_output\预算\预算绩效评价方法与指标.pdf.md
PERFV6D-107-R02,indicator_rule,generated_rule,PERFV6D-107,69,C,预算执行与财政管理 / 绩效评价 / 财政与政府债务,预算绩效评价方法与指标.pdf,预算绩效评价方法与指标.pdf一致性规则,检查预算绩效评价方法与指标.pdf在合同、支付、预算、绩效或业务台账之间是否一致。,项目台账；财务收支明细；合同与审批资料；支付凭证；审计发现清单；预算批复表,字段缺失/跨表不一致/偏离阈值/重复异常/时序异常/空间不一致,命中对象、风险等级、证据字段、核查建议,P0,ocr_55_books_deep,E:\2026\审计方法&政策文件\_ocr_output\预算\预算绩效评价方法与指标.pdf.md
PERFV6D-107-R03,indicator_rule,generated_rule,PERFV6D-107,69,C,预算执行与财政管理 / 绩效评价 / 财政与政府债务,预算绩效评价方法与指标.pdf,预算绩效评价方法与指标.pdf异常性规则,按历史均值、同类项目分位数或政策标准识别预算绩效评价方法与指标.pdf异常偏离。,项目台账；财务收支明细；合同与审批资料；支付凭证；审计发现清单；预算批复表,字段缺失/跨表不一致/偏离阈值/重复异常/时序异常/空间不一致,命中对象、风险等级、证据字段、核查建议,P0,ocr_55_books_deep,E:\2026\审计方法&政策文件\_ocr_output\预算\预算绩效评价方法与指标.pdf.md
MAGBUD-0014-R01,indicator_rule,generated_rule,MAGBUD-0014,63,C,预算执行与财政管理 / 财政与政府债务 / 绩效评价,008探索构建符合省、市、县、乡镇特点多层次的财政运行综合绩效评价指标体,008探索构建符合省、市、县、乡镇特点多层次的财政运行综合绩效评价指标体R01规则,按案例主题识别同类事项中的风险特征并生成疑点。,文章案例文本；审计事项清单；问题线索台账；审计证据资料；预算指标表；财政支出明细,风险词命中/数据缺失/证据不一致/指标偏离/流程缺陷,命中对象、风险等级、证据资料、核查建议,P0,magazine_435_articles,D:\openclaw-workspace\knowledge\11-杂志文献\财政监督\008探索构建符合省、市、县、乡镇特点多层次的财政运行综合绩效评价指标体系.md
MAGBUD-0014-R02,indicator_rule,generated_rule,MAGBUD-0014,63,C,预算执行与财政管理 / 财政与政府债务 / 绩效评价,008探索构建符合省、市、县、乡镇特点多层次的财政运行综合绩效评价指标体,008探索构建符合省、市、县、乡镇特点多层次的财政运行综合绩效评价指标体R02规则,核查案例涉及的数据、证据和整改链条是否完整一致。,文章案例文本；审计事项清单；问题线索台账；审计证据资料；预算指标表；财政支出明细,风险词命中/数据缺失/证据不一致/指标偏离/流程缺陷,命中对象、风险等级、证据资料、核查建议,P0,magazine_435_articles,D:\openclaw-workspace\knowledge\11-杂志文献\财政监督\008探索构建符合省、市、县、乡镇特点多层次的财政运行综合绩效评价指标体系.md
MAGBUD-0046-R01,indicator_rule,generated_rule,MAGBUD-0046,53,D,预算执行与财政管理 / 财政与政府债务 / 绩效评价,国有媒体单位预算绩效评价指标体系研究,国有媒体单位预算绩效评价指标体系研究R01规则,按案例主题识别同类事项中的风险特征并生成疑点。,文章案例文本；审计事项清单；问题线索台账；审计证据资料；预算指标表；财政支出明细,风险词命中/数据缺失/证据不一致/指标偏离/流程缺陷,命中对象、风险等级、证据资料、核查建议,P1,magazine_435_articles,D:\openclaw-workspace\knowledge\11-杂志文献\财政监督\12.新时代国有媒体单位预算绩效评价指标体系研究.md
MAGBUD-0046-R02,indicator_rule,generated_rule,MAGBUD-0046,53,D,预算执行与财政管理 / 财政与政府债务 / 绩效评价,国有媒体单位预算绩效评价指标体系研究,国有媒体单位预算绩效评价指标体系研究R02规则,核查案例涉及的数据、证据和整改链条是否完整一致。,文章案例文本；审计事项清单；问题线索台账；审计证据资料；预算指标表；财政支出明细,风险词命中/数据缺失/证据不一致/指标偏离/流程缺陷,命中对象、风险等级、证据资料、核查建议,P1,magazine_435_articles,D:\openclaw-workspace\knowledge\11-杂志文献\财政监督\12.新时代国有媒体单位预算绩效评价指标体系研究.md
DOWNRULE-OPTDATA-0004,downgraded_rule_or_evidence,algorithm_hard_downgraded,PERFV6D-048,50,C,全场景通用 / 监督检查与经费舞弊 / 绩效评价,4审计人员分析问题的思维能力训练案例,内部审计思维与沟通-4审计人员分析问题的思维能力训练案例检测算法,基于《内部审计思维与沟通》中“4审计人员分析问题的思维能力训练案例”相关内容，识别审计对象在合规性、真实性、绩效性和责任链方面的风险，形成可复核的疑点、规则或指标输出。,项目台账；财务收支明细；合同与审批资料；支付凭证；审计发现清单；绩效指标表；产出效果数据；满意度问卷,硬性降级：格式/目录/概述/通知/会议等不作为算法候选,4审计人员分析问题的思维能力训练案例疑点清单、风险等级、命中规则、涉及金额、核查建议,P0,ocr_55_books_deep,E:\2026\审计方法&政策文件\_ocr_output\通用\内部审计思维与沟通.pdf.md
DOWNRULE-OPTDATA-0008,downgraded_rule_or_evidence,algorithm_hard_downgraded,FINV6D-004,50,C,全场景通用 / 监督检查与经费舞弊 / 绩效评价,审计案例.pdf,审计案例-审计案例.pdf检测算法,基于《审计案例》中“审计案例.pdf”相关内容，识别审计对象在合规性、真实性、绩效性和责任链方面的风险，形成可复核的疑点、规则或指标输出。,项目台账；财务收支明细；合同与审批资料；支付凭证；审计发现清单；采购公告；投标文件；供应商信息；中标合同；农户信息,硬性降级：格式/目录/概述/通知/会议等不作为算法候选,审计案例.pdf疑点清单、风险等级、命中规则、涉及金额、核查建议,P1,ocr_55_books_deep,E:\2026\审计方法&政策文件\_ocr_output\通用\审计案例.pdf.md
DOWNRULE-OPTDATA-0012,downgraded_rule_or_evidence,algorithm_hard_downgraded,ECONV6D-039,50,C,全场景通用 / 监督检查与经费舞弊 / 预算执行与财政管理,经济责任审计公示参考格式,基层审计业务操作规程-经济责任审计公示参考格式检测算法,基于《基层审计业务操作规程》中“经济责任审计公示参考格式”相关内容，识别审计对象在合规性、真实性、绩效性和责任链方面的风险，形成可复核的疑点、规则或指标输出。,项目台账；财务收支明细；合同与审批资料；支付凭证；审计发现清单；预算批复表；预算调整表；绩效目标表；会议纪要；三重一大事项,硬性降级：格式/目录/概述/通知/会议等不作为算法候选,经济责任审计公示参考格式疑点清单、风险等级、命中规则、涉及金额、核查建议,P1,ocr_55_books_deep,E:\2026\审计方法&政策文件\_ocr_output\通用\基层审计业务操作规程.pdf.md
DOWNRULE-OPTENG-0004,downgraded_rule_or_evidence,algorithm_hard_downgraded,ENGV6D-001,50,C,工程与投资审计 / 招投标与政府采购 / 财政与政府债务,推行工程总承包和工程项目管理的重要性和必要性,工程总承包政策精要-推行工程总承包和工程项目管理的重要性和必要性检测算法,基于《工程总承包政策精要》中“推行工程总承包和工程项目管理的重要性和必要性”相关内容，识别审计对象在合规性、真实性、绩效性和责任链方面的风险，形成可复核的疑点、规则或指标输出。,项目台账；财务收支明细；合同与审批资料；支付凭证；审计发现清单；工程量清单；结算书；签证变更；竣工资料；采购公告,硬性降级：格式/目录/概述/通知/会议等不作为算法候选,推行工程总承包和工程项目管理的重要性和必要性疑点清单、风险等级、命中规则、涉及金额、核查建议,P0,ocr_55_books_deep,E:\2026\审计方法&政策文件\_ocr_output\工程\工程总承包政策精要.pdf.md
DOWNRULE-OPTCARB-0009,downgraded_rule_or_evidence,algorithm_hard_downgraded,CARBV6D-018,50,C,能源与双碳审计 / 资源环境审计 / 绩效评价,公共机构能源审计概述,公共机构能源审计实务-公共机构能源审计概述检测算法,基于《公共机构能源审计实务》中“公共机构能源审计概述”相关内容，识别审计对象在合规性、真实性、绩效性和责任链方面的风险，形成可复核的疑点、规则或指标输出。,项目台账；财务收支明细；合同与审批资料；支付凭证；审计发现清单；绩效指标表；产出效果数据；满意度问卷；能耗账单；设备台账,硬性降级：格式/目录/概述/通知/会议等不作为算法候选,公共机构能源审计概述疑点清单、风险等级、命中规则、涉及金额、核查建议,P1,ocr_55_books_deep,E:\2026\审计方法&政策文件\_ocr_output\能源\公共机构能源审计实务.pdf.md
DOWNRULE-OPTCARB-0010,downgraded_rule_or_evidence,algorithm_hard_downgraded,CARBV6D-031,50,C,能源与双碳审计 / 资源环境审计 / 绩效评价,能源审计概述,能源审计原理与实施方法-能源审计概述检测算法,基于《能源审计原理与实施方法》中“能源审计概述”相关内容，识别审计对象在合规性、真实性、绩效性和责任链方面的风险，形成可复核的疑点、规则或指标输出。,项目台账；财务收支明细；合同与审批资料；支付凭证；审计发现清单；绩效指标表；产出效果数据；满意度问卷；能耗账单；设备台账,硬性降级：格式/目录/概述/通知/会议等不作为算法候选,能源审计概述疑点清单、风险等级、命中规则、涉及金额、核查建议,P1,ocr_55_books_deep,E:\2026\审计方法&政策文件\_ocr_output\能源\能源审计原理与实施方法.pdf.md
DOWNRULE-OPTBUD-0074,downgraded_rule_or_evidence,algorithm_hard_downgraded,PERFV6D-089,50,C,预算执行与财政管理 / 绩效评价 / 财政与政府债务,绩效评价管理概述/070,全面实施预算绩效管理实践指导-绩效评价管理概述/070检测算法,基于《全面实施预算绩效管理实践指导》中“绩效评价管理概述/070”相关内容，识别审计对象在合规性、真实性、绩效性和责任链方面的风险，形成可复核的疑点、规则或指标输出。,项目台账；财务收支明细；合同与审批资料；支付凭证；审计发现清单；预算批复表；预算调整表；绩效目标表；绩效指标表；产出效果数据,硬性降级：格式/目录/概述/通知/会议等不作为算法候选,绩效评价管理概述/070疑点清单、风险等级、命中规则、涉及金额、核查建议,P1,ocr_55_books_deep,E:\2026\审计方法&政策文件\_ocr_output\预算\全面实施预算绩效管理实践指导.pdf.md
DOWNRULE-OPTBUD-0075,downgraded_rule_or_evidence,algorithm_hard_downgraded,PERFV6D-096,50,C,预算执行与财政管理 / 绩效评价 / 财政与政府债务,1预算绩效管理若干基本概念辨析,建立全过程预算绩效管理体系-1预算绩效管理若干基本概念辨析检测算法,基于《建立全过程预算绩效管理体系》中“1预算绩效管理若干基本概念辨析”相关内容，识别审计对象在合规性、真实性、绩效性和责任链方面的风险，形成可复核的疑点、规则或指标输出。,项目台账；财务收支明细；合同与审批资料；支付凭证；审计发现清单；预算批复表；预算调整表；绩效目标表；绩效指标表；产出效果数据,硬性降级：格式/目录/概述/通知/会议等不作为算法候选,1预算绩效管理若干基本概念辨析疑点清单、风险等级、命中规则、涉及金额、核查建议,P1,ocr_55_books_deep,E:\2026\审计方法&政策文件\_ocr_output\预算\建立全过程预算绩效管理体系.pdf.md
DOWNRULE-OPTBUD-0076,downgraded_rule_or_evidence,algorithm_hard_downgraded,BUDV6D-031,50,C,预算执行与财政管理 / 绩效评价 / 财政与政府债务,成本预算绩效分析与管理概述,成本预算绩效分析方法与案例-成本预算绩效分析与管理概述检测算法,基于《成本预算绩效分析方法与案例》中“成本预算绩效分析与管理概述”相关内容，识别审计对象在合规性、真实性、绩效性和责任链方面的风险，形成可复核的疑点、规则或指标输出。,项目台账；财务收支明细；合同与审批资料；支付凭证；审计发现清单；预算批复表；预算调整表；绩效目标表；绩效指标表；产出效果数据,硬性降级：格式/目录/概述/通知/会议等不作为算法候选,成本预算绩效分析与管理概述疑点清单、风险等级、命中规则、涉及金额、核查建议,P1,ocr_55_books_deep,E:\2026\审计方法&政策文件\_ocr_output\预算\成本预算绩效分析方法与案例.pdf.md
DOWNRULE-OPTBUD-0077,downgraded_rule_or_evidence,algorithm_hard_downgraded,BUDV6D-056,50,C,预算执行与财政管理 / 绩效评价 / 财政与政府债务,部门预算资金拨付业务概述和审计目标,部门预算执行审计指南-部门预算资金拨付业务概述和审计目标检测算法,基于《部门预算执行审计指南》中“部门预算资金拨付业务概述和审计目标”相关内容，识别审计对象在合规性、真实性、绩效性和责任链方面的风险，形成可复核的疑点、规则或指标输出。,项目台账；财务收支明细；合同与审批资料；支付凭证；审计发现清单；预算批复表；预算调整表；绩效目标表；绩效指标表；产出效果数据,硬性降级：格式/目录/概述/通知/会议等不作为算法候选,部门预算资金拨付业务概述和审计目标疑点清单、风险等级、命中规则、涉及金额、核查建议,P1,ocr_55_books_deep,E:\2026\审计方法&政策文件\_ocr_output\预算\部门预算执行审计指南.pdf.md
