id_card,name,insurance_type,status,company_id,company_name,last_payment_date
510100000000000000,参保人0000,居民养老,暂停参保,COMP0015,单位107,2026-05-27
510100000000000001,参保人0001,工伤,正常参保,COMP0103,单位122,2026-01-04
510100000000000002,参保人0002,职工养老,正常参保,COMP0088,单位117,2026-04-29
510100000000000003,参保人0003,职工养老,正常参保,COMP0053,单位002,2025-08-28
510100000000000004,参保人0004,居民养老,正常参保,COMP0038,单位130,2026-01-27
510100000000000005,参保人0005,居民养老,正常参保,COMP0161,单位058,2026-07-16
510100000000000006,参保人0006,工伤,正常参保,COMP0049,单位059,2026-02-18
510100000000000007,参保人0007,居民养老,正常参保,COMP0015,单位190,2026-02-13
510100000000000008,参保人0008,失业,正常参保,COMP0108,单位055,2025-12-06
510100000000000009,参保人0009,职工医保,正常参保,COMP0051,单位135,2026-07-17
510100000000000010,参保人0010,职工医保,正常参保,COMP0018,单位132,2026-05-10
510100000000000011,参保人0011,居民养老,正常参保,COMP0009,单位090,2026-06-15
510100000000000012,参保人0012,居民医保,正常参保,COMP0092,单位111,2025-11-16
510100000000000013,参保人0013,职工养老,正常参保,COMP0081,单位164,2026-06-18
510100000000000014,参保人0014,居民养老,正常参保,COMP0134,单位054,2026-04-23
510100000000000015,参保人0015,居民养老,正常参保,COMP0191,单位146,2026-01-01
510100000000000016,参保人0016,居民养老,正常参保,COMP0190,单位014,2025-08-21
510100000000000017,参保人0017,失业,正常参保,COMP0190,单位040,2026-01-06
510100000000000018,参保人0018,工伤,正常参保,COMP0111,单位053,2025-10-31
510100000000000019,参保人0019,居民医保,正常参保,COMP0188,单位124,2026-06-27
510100000000000020,参保人0020,工伤,正常参保,COMP0045,单位065,2025-08-27
510100000000000021,参保人0021,职工医保,正常参保,COMP0129,单位136,2026-06-05
510100000000000022,参保人0022,职工养老,正常参保,COMP0136,单位163,2025-10-22
510100000000000023,参保人0023,职工养老,正常参保,COMP0041,单位028,2026-03-25
510100000000000024,参保人0024,职工医保,正常参保,COMP0012,单位162,2026-07-05
510100000000000025,参保人0025,失业,正常参保,COMP0037,单位099,2026-02-16
510100000000000026,参保人0026,失业,暂停参保,COMP0035,单位193,2025-12-23
510100000000000027,参保人0027,工伤,正常参保,COMP0131,单位001,2026-08-02
510100000000000028,参保人0028,居民医保,正常参保,COMP0103,单位027,2026-01-12
510100000000000029,参保人0029,居民医保,正常参保,COMP0124,单位179,2026-06-05
510100000000000030,参保人0030,职工医保,正常参保,COMP0096,单位132,2025-12-28
510100000000000031,参保人0031,工伤,正常参保,COMP0143,单位171,2026-07-09
510100000000000032,参保人0032,居民养老,正常参保,COMP0160,单位071,2026-02-01
510100000000000033,参保人0033,职工养老,正常参保,COMP0028,单位066,2026-02-18
510100000000000034,参保人0034,工伤,正常参保,COMP0185,单位134,2025-10-27
510100000000000035,参保人0035,居民养老,正常参保,COMP0084,单位030,2025-09-10
510100000000000036,参保人0036,居民医保,暂停参保,COMP0190,单位129,2025-10-28
510100000000000037,参保人0037,失业,正常参保,COMP0003,单位103,2026-01-21
510100000000000038,参保人0038,职工养老,正常参保,COMP0062,单位165,2025-12-25
510100000000000039,参保人0039,职工养老,正常参保,COMP0152,单位059,2026-02-28
510100000000000040,参保人0040,职工医保,正常参保,COMP0113,单位062,2026-06-16
510100000000000041,参保人0041,居民养老,正常参保,COMP0130,单位131,2026-04-16
510100000000000042,参保人0042,工伤,正常参保,COMP0081,单位187,2026-04-16
510100000000000043,参保人0043,居民医保,正常参保,COMP0054,单位087,2025-12-26
510100000000000044,参保人0044,职工医保,正常参保,COMP0147,单位126,2026-03-30
510100000000000045,参保人0045,工伤,正常参保,COMP0160,单位198,2025-12-03
510100000000000046,参保人0046,居民养老,正常参保,COMP0184,单位123,2025-11-25
510100000000000047,参保人0047,失业,正常参保,COMP0069,单位116,2026-05-01
510100000000000048,参保人0048,失业,正常参保,COMP0139,单位144,2026-05-02
510100000000000049,参保人0049,职工医保,正常参保,COMP0070,单位093,2025-11-21
510100000000000050,参保人0050,居民养老,正常参保,COMP0164,单位147,2025-08-26
510100000000000051,参保人0051,职工养老,正常参保,COMP0148,单位096,2026-01-20
510100000000000052,参保人0052,居民养老,正常参保,COMP0168,单位128,2026-06-29
510100000000000053,参保人0053,居民医保,正常参保,COMP0011,单位185,2026-03-09
510100000000000054,参保人0054,失业,正常参保,COMP0099,单位007,2025-11-28
510100000000000055,参保人0055,居民医保,正常参保,COMP0113,单位002,2025-10-07
510100000000000056,参保人0056,失业,正常参保,COMP0197,单位037,2026-02-28
510100000000000057,参保人0057,职工养老,正常参保,COMP0099,单位147,2025-10-07
510100000000000058,参保人0058,职工养老,正常参保,COMP0152,单位054,2026-04-09
510100000000000059,参保人0059,职工医保,正常参保,COMP0116,单位075,2026-04-16
510100000000000060,参保人0060,居民养老,正常参保,COMP0104,单位084,2025-11-26
510100000000000061,参保人0061,职工养老,正常参保,COMP0099,单位153,2025-08-23
510100000000000062,参保人0062,居民医保,正常参保,COMP0194,单位054,2026-02-25
510100000000000063,参保人0063,工伤,正常参保,COMP0161,单位068,2025-10-22
510100000000000064,参保人0064,失业,正常参保,COMP0048,单位148,2026-03-25
510100000000000065,参保人0065,职工养老,正常参保,COMP0128,单位033,2026-02-12
510100000000000066,参保人0066,居民养老,正常参保,COMP0115,单位119,2026-07-16
510100000000000067,参保人0067,失业,正常参保,COMP0038,单位109,2026-06-17
510100000000000068,参保人0068,失业,正常参保,COMP0027,单位027,2025-12-24
510100000000000069,参保人0069,工伤,正常参保,COMP0097,单位028,2025-09-24
510100000000000070,参保人0070,职工养老,正常参保,COMP0035,单位192,2026-06-19
510100000000000071,参保人0071,职工医保,正常参保,COMP0158,单位046,2026-08-01
510100000000000072,参保人0072,职工养老,正常参保,COMP0024,单位093,2025-10-09
510100000000000073,参保人0073,工伤,暂停参保,COMP0099,单位188,2026-04-13
510100000000000074,参保人0074,工伤,正常参保,COMP0160,单位161,2025-11-24
510100000000000075,参保人0075,职工养老,正常参保,COMP0025,单位054,2026-06-10
510100000000000076,参保人0076,职工养老,正常参保,COMP0024,单位114,2025-10-23
510100000000000077,参保人0077,失业,正常参保,COMP0194,单位127,2026-03-05
510100000000000078,参保人0078,居民医保,正常参保,COMP0017,单位104,2025-10-12
510100000000000079,参保人0079,失业,正常参保,COMP0039,单位170,2025-12-03
510100000000000080,参保人0080,居民医保,终止参保,COMP0050,单位153,2026-07-25
510100000000000081,参保人0081,居民养老,正常参保,COMP0057,单位036,2026-02-15
510100000000000082,参保人0082,居民养老,正常参保,COMP0008,单位144,2026-03-18
510100000000000083,参保人0083,居民养老,正常参保,COMP0143,单位092,2025-08-18
510100000000000084,参保人0084,居民医保,正常参保,COMP0191,单位086,2026-06-17
510100000000000085,参保人0085,职工医保,正常参保,COMP0063,单位190,2026-04-04
510100000000000086,参保人0086,失业,正常参保,COMP0058,单位086,2025-10-06
510100000000000087,参保人0087,居民养老,正常参保,COMP0070,单位015,2026-06-14
510100000000000088,参保人0088,职工养老,正常参保,COMP0101,单位008,2026-06-15
510100000000000089,参保人0089,居民养老,正常参保,COMP0103,单位196,2025-11-18
510100000000000090,参保人0090,工伤,终止参保,COMP0116,单位094,2026-06-21
510100000000000091,参保人0091,职工养老,正常参保,COMP0168,单位052,2026-03-16
510100000000000092,参保人0092,工伤,正常参保,COMP0147,单位145,2026-04-09
510100000000000093,参保人0093,职工养老,暂停参保,COMP0058,单位183,2025-08-26
510100000000000094,参保人0094,工伤,正常参保,COMP0117,单位062,2025-11-01
510100000000000095,参保人0095,职工医保,正常参保,COMP0129,单位058,2026-04-07
510100000000000096,参保人0096,职工医保,正常参保,COMP0096,单位126,2026-04-11
510100000000000097,参保人0097,职工医保,正常参保,COMP0016,单位189,2026-01-27
510100000000000098,参保人0098,工伤,正常参保,COMP0093,单位195,2026-05-23
510100000000000099,参保人0099,居民医保,正常参保,COMP0179,单位086,2026-02-03
510100000000000100,参保人0100,工伤,正常参保,COMP0069,单位047,2026-05-05
510100000000000101,参保人0101,失业,正常参保,COMP0197,单位144,2026-01-01
510100000000000102,参保人0102,居民医保,正常参保,COMP0085,单位039,2026-04-29
510100000000000103,参保人0103,职工医保,暂停参保,COMP0101,单位023,2025-11-30
510100000000000104,参保人0104,居民医保,正常参保,COMP0100,单位034,2026-02-08
510100000000000105,参保人0105,居民医保,正常参保,COMP0186,单位096,2025-11-23
510100000000000106,参保人0106,工伤,正常参保,COMP0016,单位024,2025-09-05
510100000000000107,参保人0107,居民医保,暂停参保,COMP0128,单位160,2025-09-01
510100000000000108,参保人0108,居民养老,正常参保,COMP0163,单位124,2026-07-05
510100000000000109,参保人0109,职工医保,正常参保,COMP0179,单位171,2026-04-28
510100000000000110,参保人0110,居民养老,正常参保,COMP0065,单位161,2026-02-20
510100000000000111,参保人0111,居民医保,正常参保,COMP0044,单位029,2026-07-26
510100000000000112,参保人0112,失业,正常参保,COMP0035,单位081,2026-05-09
510100000000000113,参保人0113,工伤,正常参保,COMP0090,单位162,2026-04-14
510100000000000114,参保人0114,职工医保,正常参保,COMP0196,单位058,2026-04-15
510100000000000115,参保人0115,工伤,正常参保,COMP0157,单位120,2026-01-02
510100000000000116,参保人0116,工伤,正常参保,COMP0138,单位101,2026-01-27
510100000000000117,参保人0117,职工养老,正常参保,COMP0099,单位036,2026-05-03
510100000000000118,参保人0118,失业,终止参保,COMP0037,单位012,2026-02-05
510100000000000119,参保人0119,工伤,正常参保,COMP0099,单位105,2025-10-25
510100000000000120,参保人0120,职工医保,正常参保,COMP0084,单位112,2026-01-02
510100000000000121,参保人0121,失业,正常参保,COMP0187,单位019,2026-02-11
510100000000000122,参保人0122,居民养老,正常参保,COMP0189,单位147,2026-05-23
510100000000000123,参保人0123,职工医保,正常参保,COMP0028,单位128,2026-06-16
510100000000000124,参保人0124,职工养老,正常参保,COMP0117,单位069,2026-04-30
510100000000000125,参保人0125,居民养老,正常参保,COMP0180,单位123,2026-06-15
510100000000000126,参保人0126,职工医保,正常参保,COMP0109,单位181,2026-06-26
510100000000000127,参保人0127,居民医保,正常参保,COMP0142,单位122,2026-03-27
510100000000000128,参保人0128,职工养老,正常参保,COMP0075,单位146,2025-12-11
510100000000000129,参保人0129,居民养老,正常参保,COMP0074,单位186,2025-11-27
510100000000000130,参保人0130,失业,正常参保,COMP0174,单位141,2026-02-20
510100000000000131,参保人0131,居民医保,正常参保,COMP0178,单位027,2026-04-07
510100000000000132,参保人0132,居民医保,正常参保,COMP0029,单位165,2025-09-02
510100000000000133,参保人0133,工伤,正常参保,COMP0086,单位145,2025-09-14
510100000000000134,参保人0134,职工医保,正常参保,COMP0132,单位036,2026-05-29
510100000000000135,参保人0135,居民养老,正常参保,COMP0019,单位189,2025-08-08
510100000000000136,参保人0136,失业,正常参保,COMP0091,单位090,2026-07-19
510100000000000137,参保人0137,失业,正常参保,COMP0173,单位141,2025-12-08
510100000000000138,参保人0138,居民养老,正常参保,COMP0148,单位061,2025-08-11
510100000000000139,参保人0139,职工医保,正常参保,COMP0092,单位190,2026-01-28
510100000000000140,参保人0140,居民养老,正常参保,COMP0056,单位161,2026-04-12
510100000000000141,参保人0141,失业,正常参保,COMP0044,单位173,2026-02-28
510100000000000142,参保人0142,工伤,正常参保,COMP0047,单位149,2026-05-19
510100000000000143,参保人0143,失业,正常参保,COMP0164,单位147,2026-07-18
510100000000000144,参保人0144,职工医保,正常参保,COMP0047,单位049,2026-07-24
510100000000000145,参保人0145,职工医保,正常参保,COMP0118,单位003,2026-03-16
510100000000000146,参保人0146,职工医保,正常参保,COMP0012,单位074,2025-12-26
510100000000000147,参保人0147,失业,正常参保,COMP0152,单位156,2026-07-30
510100000000000148,参保人0148,居民医保,暂停参保,COMP0164,单位090,2026-03-24
510100000000000149,参保人0149,居民医保,正常参保,COMP0178,单位028,2025-12-30
510100000000000150,参保人0150,工伤,正常参保,COMP0192,单位155,2026-03-15
510100000000000151,参保人0151,职工医保,正常参保,COMP0157,单位141,2026-06-22
510100000000000152,参保人0152,职工养老,正常参保,COMP0082,单位115,2025-11-24
510100000000000153,参保人0153,工伤,正常参保,COMP0153,单位194,2026-07-28
510100000000000154,参保人0154,失业,正常参保,COMP0119,单位033,2026-06-03
510100000000000155,参保人0155,居民医保,终止参保,COMP0177,单位011,2025-08-31
510100000000000156,参保人0156,居民医保,正常参保,COMP0086,单位059,2025-10-28
510100000000000157,参保人0157,职工医保,正常参保,COMP0161,单位098,2026-04-24
510100000000000158,参保人0158,职工养老,正常参保,COMP0149,单位055,2026-08-01
510100000000000159,参保人0159,居民养老,正常参保,COMP0197,单位095,2026-03-27
510100000000000160,参保人0160,失业,正常参保,COMP0181,单位023,2026-06-15
510100000000000161,参保人0161,工伤,正常参保,COMP0083,单位145,2026-05-14
510100000000000162,参保人0162,失业,正常参保,COMP0110,单位001,2026-06-17
510100000000000163,参保人0163,工伤,正常参保,COMP0004,单位190,2025-10-23
510100000000000164,参保人0164,居民医保,暂停参保,COMP0095,单位072,2026-06-29
510100000000000165,参保人0165,居民医保,正常参保,COMP0182,单位118,2025-11-21
510100000000000166,参保人0166,职工养老,正常参保,COMP0012,单位193,2026-06-14
510100000000000167,参保人0167,居民养老,正常参保,COMP0057,单位145,2026-04-17
510100000000000168,参保人0168,工伤,正常参保,COMP0142,单位066,2026-05-24
510100000000000169,参保人0169,职工养老,正常参保,COMP0192,单位038,2025-10-05
510100000000000170,参保人0170,居民医保,正常参保,COMP0030,单位079,2025-08-25
510100000000000171,参保人0171,职工养老,正常参保,COMP0052,单位166,2025-09-06
510100000000000172,参保人0172,居民养老,正常参保,COMP0106,单位051,2026-05-18
510100000000000173,参保人0173,工伤,正常参保,COMP0132,单位138,2026-02-04
510100000000000174,参保人0174,职工医保,正常参保,COMP0017,单位084,2026-05-30
510100000000000175,参保人0175,居民医保,正常参保,COMP0053,单位194,2026-01-14
510100000000000176,参保人0176,失业,正常参保,COMP0115,单位111,2025-12-01
510100000000000177,参保人0177,职工养老,正常参保,COMP0008,单位132,2025-08-12
510100000000000178,参保人0178,居民养老,正常参保,COMP0025,单位195,2025-08-20
510100000000000179,参保人0179,职工养老,正常参保,COMP0093,单位160,2026-06-07
510100000000000180,参保人0180,居民医保,正常参保,COMP0147,单位021,2026-08-02
510100000000000181,参保人0181,居民医保,暂停参保,COMP0170,单位061,2026-07-16
510100000000000182,参保人0182,工伤,正常参保,COMP0001,单位133,2025-12-17
510100000000000183,参保人0183,居民养老,正常参保,COMP0046,单位034,2026-05-21
510100000000000184,参保人0184,居民医保,正常参保,COMP0155,单位073,2025-10-29
510100000000000185,参保人0185,职工医保,正常参保,COMP0121,单位056,2025-08-22
510100000000000186,参保人0186,职工养老,正常参保,COMP0048,单位061,2025-09-04
510100000000000187,参保人0187,居民医保,正常参保,COMP0001,单位008,2026-04-16
510100000000000188,参保人0188,职工养老,正常参保,COMP0047,单位127,2026-06-12
510100000000000189,参保人0189,失业,正常参保,COMP0028,单位078,2026-01-03
510100000000000190,参保人0190,居民医保,正常参保,COMP0014,单位187,2025-09-29
510100000000000191,参保人0191,职工养老,正常参保,COMP0003,单位111,2025-12-12
510100000000000192,参保人0192,职工养老,正常参保,COMP0038,单位115,2026-07-23
510100000000000193,参保人0193,职工医保,正常参保,COMP0039,单位185,2025-11-07
510100000000000194,参保人0194,失业,正常参保,COMP0126,单位044,2026-07-13
510100000000000195,参保人0195,职工医保,正常参保,COMP0025,单位068,2026-06-01
510100000000000196,参保人0196,职工医保,正常参保,COMP0111,单位111,2026-07-04
510100000000000197,参保人0197,职工医保,正常参保,COMP0042,单位169,2026-04-28
510100000000000198,参保人0198,失业,正常参保,COMP0026,单位064,2025-12-24
510100000000000199,参保人0199,职工养老,正常参保,COMP0059,单位109,2025-12-21
510100000000000200,参保人0200,职工医保,正常参保,COMP0181,单位150,2025-11-03
510100000000000201,参保人0201,失业,正常参保,COMP0112,单位004,2025-08-22
510100000000000202,参保人0202,职工养老,正常参保,COMP0062,单位094,2026-05-04
510100000000000203,参保人0203,职工医保,正常参保,COMP0031,单位040,2025-12-21
510100000000000204,参保人0204,居民养老,正常参保,COMP0006,单位066,2025-12-30
510100000000000205,参保人0205,职工养老,正常参保,COMP0079,单位134,2026-04-11
510100000000000206,参保人0206,职工医保,暂停参保,COMP0179,单位062,2026-01-25
510100000000000207,参保人0207,职工养老,正常参保,COMP0026,单位179,2026-02-15
510100000000000208,参保人0208,居民养老,正常参保,COMP0070,单位154,2026-04-11
510100000000000209,参保人0209,居民养老,正常参保,COMP0020,单位113,2026-03-20
510100000000000210,参保人0210,职工医保,正常参保,COMP0142,单位064,2026-06-30
510100000000000211,参保人0211,工伤,正常参保,COMP0100,单位077,2025-11-21
510100000000000212,参保人0212,职工医保,正常参保,COMP0178,单位010,2025-11-19
510100000000000213,参保人0213,居民医保,正常参保,COMP0130,单位013,2026-02-20
510100000000000214,参保人0214,居民医保,正常参保,COMP0065,单位063,2026-04-28
510100000000000215,参保人0215,职工医保,正常参保,COMP0009,单位143,2026-06-30
510100000000000216,参保人0216,职工养老,暂停参保,COMP0095,单位049,2026-05-30
510100000000000217,参保人0217,失业,正常参保,COMP0178,单位078,2026-03-23
510100000000000218,参保人0218,居民医保,正常参保,COMP0035,单位001,2025-10-15
510100000000000219,参保人0219,失业,正常参保,COMP0064,单位093,2025-09-13
510100000000000220,参保人0220,职工养老,正常参保,COMP0060,单位030,2025-10-20
510100000000000221,参保人0221,工伤,正常参保,COMP0005,单位083,2026-05-21
510100000000000222,参保人0222,居民医保,正常参保,COMP0132,单位089,2025-12-13
510100000000000223,参保人0223,居民医保,正常参保,COMP0146,单位040,2025-09-13
510100000000000224,参保人0224,失业,正常参保,COMP0179,单位125,2025-08-19
510100000000000225,参保人0225,职工医保,正常参保,COMP0145,单位194,2025-10-02
510100000000000226,参保人0226,职工养老,正常参保,COMP0179,单位198,2026-03-26
510100000000000227,参保人0227,职工养老,正常参保,COMP0179,单位042,2026-07-23
510100000000000228,参保人0228,工伤,正常参保,COMP0155,单位164,2026-03-03
510100000000000229,参保人0229,失业,正常参保,COMP0097,单位155,2025-10-22
510100000000000230,参保人0230,失业,正常参保,COMP0086,单位066,2026-07-28
510100000000000231,参保人0231,工伤,正常参保,COMP0097,单位118,2025-10-17
510100000000000232,参保人0232,工伤,正常参保,COMP0047,单位109,2026-01-03
510100000000000233,参保人0233,居民养老,正常参保,COMP0015,单位157,2026-03-24
510100000000000234,参保人0234,工伤,正常参保,COMP0047,单位068,2025-09-09
510100000000000235,参保人0235,工伤,正常参保,COMP0155,单位095,2026-04-14
510100000000000236,参保人0236,职工养老,正常参保,COMP0036,单位026,2025-10-12
510100000000000237,参保人0237,职工养老,正常参保,COMP0148,单位011,2025-11-26
510100000000000238,参保人0238,居民医保,正常参保,COMP0134,单位023,2025-10-08
510100000000000239,参保人0239,居民医保,正常参保,COMP0107,单位140,2026-01-01
510100000000000240,参保人0240,工伤,正常参保,COMP0111,单位104,2025-09-25
510100000000000241,参保人0241,职工养老,正常参保,COMP0100,单位068,2026-03-27
510100000000000242,参保人0242,工伤,正常参保,COMP0127,单位106,2026-05-07
510100000000000243,参保人0243,居民医保,正常参保,COMP0051,单位029,2025-10-15
510100000000000244,参保人0244,职工医保,正常参保,COMP0011,单位151,2025-11-23
510100000000000245,参保人0245,失业,正常参保,COMP0090,单位110,2026-02-06
510100000000000246,参保人0246,职工医保,正常参保,COMP0063,单位182,2026-06-13
510100000000000247,参保人0247,职工养老,正常参保,COMP0143,单位149,2025-10-02
510100000000000248,参保人0248,职工医保,正常参保,COMP0180,单位057,2026-04-12
510100000000000249,参保人0249,居民医保,正常参保,COMP0035,单位063,2025-12-06
510100000000000250,参保人0250,职工医保,正常参保,COMP0075,单位038,2026-01-09
510100000000000251,参保人0251,职工养老,正常参保,COMP0091,单位017,2026-04-01
510100000000000252,参保人0252,职工养老,正常参保,COMP0108,单位179,2026-02-06
510100000000000253,参保人0253,职工医保,正常参保,COMP0180,单位198,2025-08-28
510100000000000254,参保人0254,职工医保,正常参保,COMP0029,单位063,2026-03-10
510100000000000255,参保人0255,居民医保,正常参保,COMP0114,单位049,2025-09-04
510100000000000256,参保人0256,居民养老,正常参保,COMP0148,单位118,2025-08-30
510100000000000257,参保人0257,居民养老,正常参保,COMP0189,单位104,2026-06-19
510100000000000258,参保人0258,职工医保,终止参保,COMP0141,单位179,2026-01-08
510100000000000259,参保人0259,失业,正常参保,COMP0158,单位029,2025-10-06
510100000000000260,参保人0260,工伤,暂停参保,COMP0030,单位144,2026-07-19
510100000000000261,参保人0261,居民医保,正常参保,COMP0078,单位115,2026-02-13
510100000000000262,参保人0262,居民医保,正常参保,COMP0113,单位114,2025-12-28
510100000000000263,参保人0263,失业,正常参保,COMP0063,单位132,2025-11-16
510100000000000264,参保人0264,工伤,正常参保,COMP0103,单位131,2025-10-23
510100000000000265,参保人0265,居民医保,正常参保,COMP0110,单位162,2026-05-12
510100000000000266,参保人0266,居民养老,正常参保,COMP0178,单位135,2025-08-23
510100000000000267,参保人0267,职工医保,正常参保,COMP0067,单位187,2025-11-25
510100000000000268,参保人0268,工伤,正常参保,COMP0054,单位067,2026-06-17
510100000000000269,参保人0269,职工医保,暂停参保,COMP0008,单位162,2025-10-20
510100000000000270,参保人0270,失业,正常参保,COMP0120,单位046,2026-02-23
510100000000000271,参保人0271,失业,正常参保,COMP0142,单位055,2026-07-31
510100000000000272,参保人0272,居民医保,正常参保,COMP0161,单位151,2026-05-14
510100000000000273,参保人0273,职工养老,正常参保,COMP0036,单位029,2026-01-31
510100000000000274,参保人0274,居民医保,正常参保,COMP0129,单位047,2026-01-22
510100000000000275,参保人0275,居民养老,正常参保,COMP0130,单位195,2026-04-10
510100000000000276,参保人0276,居民养老,正常参保,COMP0005,单位037,2025-11-24
510100000000000277,参保人0277,失业,正常参保,COMP0053,单位172,2025-08-17
510100000000000278,参保人0278,居民养老,正常参保,COMP0108,单位024,2026-05-18
510100000000000279,参保人0279,居民医保,正常参保,COMP0120,单位059,2026-01-04
510100000000000280,参保人0280,职工医保,正常参保,COMP0014,单位009,2026-06-28
510100000000000281,参保人0281,居民医保,正常参保,COMP0103,单位022,2025-12-15
510100000000000282,参保人0282,失业,正常参保,COMP0154,单位186,2026-07-09
510100000000000283,参保人0283,工伤,终止参保,COMP0037,单位075,2025-09-15
510100000000000284,参保人0284,居民医保,正常参保,COMP0042,单位100,2026-06-27
510100000000000285,参保人0285,失业,正常参保,COMP0017,单位165,2026-03-07
510100000000000286,参保人0286,失业,正常参保,COMP0087,单位117,2025-08-10
510100000000000287,参保人0287,失业,正常参保,COMP0027,单位057,2025-10-24
510100000000000288,参保人0288,失业,暂停参保,COMP0168,单位098,2025-11-12
510100000000000289,参保人0289,工伤,正常参保,COMP0199,单位138,2026-02-15
510100000000000290,参保人0290,职工医保,正常参保,COMP0190,单位122,2026-06-22
510100000000000291,参保人0291,居民医保,正常参保,COMP0107,单位193,2025-10-04
510100000000000292,参保人0292,工伤,正常参保,COMP0115,单位026,2026-07-09
510100000000000293,参保人0293,工伤,正常参保,COMP0040,单位011,2026-02-24
510100000000000294,参保人0294,职工医保,正常参保,COMP0039,单位054,2026-05-01
510100000000000295,参保人0295,失业,正常参保,COMP0069,单位056,2025-10-22
510100000000000296,参保人0296,居民医保,正常参保,COMP0148,单位081,2025-08-07
510100000000000297,参保人0297,职工养老,终止参保,COMP0154,单位194,2026-05-26
510100000000000298,参保人0298,职工医保,正常参保,COMP0017,单位129,2026-01-02
510100000000000299,参保人0299,工伤,正常参保,COMP0104,单位042,2026-07-13
510100000000000300,参保人0300,职工养老,正常参保,COMP0108,单位172,2026-04-27
510100000000000301,参保人0301,居民医保,正常参保,COMP0019,单位101,2026-06-24
510100000000000302,参保人0302,职工养老,正常参保,COMP0189,单位017,2025-09-11
510100000000000303,参保人0303,职工医保,正常参保,COMP0047,单位012,2025-09-23
510100000000000304,参保人0304,职工养老,正常参保,COMP0149,单位081,2026-01-04
510100000000000305,参保人0305,工伤,正常参保,COMP0198,单位025,2026-05-10
510100000000000306,参保人0306,居民养老,正常参保,COMP0059,单位154,2025-08-07
510100000000000307,参保人0307,居民医保,正常参保,COMP0032,单位010,2026-07-22
510100000000000308,参保人0308,职工医保,正常参保,COMP0026,单位086,2025-11-30
510100000000000309,参保人0309,失业,正常参保,COMP0117,单位007,2026-03-23
510100000000000310,参保人0310,职工养老,正常参保,COMP0072,单位059,2026-01-04
510100000000000311,参保人0311,工伤,正常参保,COMP0116,单位167,2026-04-26
510100000000000312,参保人0312,职工医保,正常参保,COMP0159,单位152,2026-04-21
510100000000000313,参保人0313,居民养老,正常参保,COMP0098,单位131,2025-10-18
510100000000000314,参保人0314,职工养老,正常参保,COMP0183,单位108,2026-06-29
510100000000000315,参保人0315,职工医保,正常参保,COMP0093,单位153,2026-01-09
510100000000000316,参保人0316,职工医保,正常参保,COMP0170,单位108,2025-09-30
510100000000000317,参保人0317,职工养老,正常参保,COMP0034,单位158,2025-11-29
510100000000000318,参保人0318,工伤,正常参保,COMP0018,单位160,2026-05-03
510100000000000319,参保人0319,职工养老,正常参保,COMP0046,单位029,2025-09-23
510100000000000320,参保人0320,工伤,正常参保,COMP0016,单位184,2025-12-14
510100000000000321,参保人0321,职工医保,正常参保,COMP0158,单位153,2025-08-13
510100000000000322,参保人0322,居民养老,正常参保,COMP0065,单位177,2026-08-04
510100000000000323,参保人0323,工伤,正常参保,COMP0120,单位158,2025-09-17
510100000000000324,参保人0324,居民医保,正常参保,COMP0037,单位153,2026-01-26
510100000000000325,参保人0325,工伤,正常参保,COMP0073,单位143,2025-10-06
510100000000000326,参保人0326,职工医保,正常参保,COMP0196,单位140,2026-02-01
510100000000000327,参保人0327,居民医保,正常参保,COMP0061,单位171,2026-01-21
510100000000000328,参保人0328,失业,正常参保,COMP0011,单位062,2025-09-08
510100000000000329,参保人0329,居民医保,正常参保,COMP0199,单位052,2025-11-20
510100000000000330,参保人0330,职工养老,正常参保,COMP0148,单位093,2026-06-05
510100000000000331,参保人0331,失业,正常参保,COMP0107,单位057,2026-01-01
510100000000000332,参保人0332,职工医保,正常参保,COMP0120,单位006,2026-08-02
510100000000000333,参保人0333,工伤,正常参保,COMP0047,单位177,2026-07-29
510100000000000334,参保人0334,职工养老,正常参保,COMP0122,单位061,2026-02-10
510100000000000335,参保人0335,居民医保,正常参保,COMP0145,单位003,2026-02-28
510100000000000336,参保人0336,职工养老,正常参保,COMP0120,单位125,2026-05-10
510100000000000337,参保人0337,职工医保,正常参保,COMP0142,单位101,2026-05-01
510100000000000338,参保人0338,职工养老,正常参保,COMP0067,单位123,2026-07-09
510100000000000339,参保人0339,职工医保,正常参保,COMP0153,单位076,2026-02-18
510100000000000340,参保人0340,职工医保,正常参保,COMP0040,单位025,2025-11-19
510100000000000341,参保人0341,职工养老,正常参保,COMP0124,单位038,2025-09-13
510100000000000342,参保人0342,职工养老,正常参保,COMP0176,单位090,2026-07-01
510100000000000343,参保人0343,居民养老,正常参保,COMP0028,单位197,2026-05-18
510100000000000344,参保人0344,居民医保,正常参保,COMP0045,单位062,2025-08-23
510100000000000345,参保人0345,职工养老,正常参保,COMP0067,单位056,2026-06-28
510100000000000346,参保人0346,居民医保,正常参保,COMP0091,单位033,2025-11-18
510100000000000347,参保人0347,职工养老,正常参保,COMP0168,单位092,2025-08-19
510100000000000348,参保人0348,职工养老,正常参保,COMP0048,单位169,2025-11-11
510100000000000349,参保人0349,职工养老,正常参保,COMP0089,单位181,2026-02-18
510100000000000350,参保人0350,居民养老,正常参保,COMP0155,单位166,2026-01-31
510100000000000351,参保人0351,工伤,正常参保,COMP0058,单位031,2026-07-15
510100000000000352,参保人0352,居民医保,正常参保,COMP0160,单位107,2026-03-02
510100000000000353,参保人0353,居民医保,终止参保,COMP0002,单位077,2026-07-26
510100000000000354,参保人0354,居民医保,终止参保,COMP0013,单位046,2026-03-05
510100000000000355,参保人0355,职工医保,正常参保,COMP0104,单位098,2026-01-31
510100000000000356,参保人0356,工伤,正常参保,COMP0070,单位158,2026-05-25
510100000000000357,参保人0357,职工医保,终止参保,COMP0063,单位156,2026-06-08
510100000000000358,参保人0358,失业,正常参保,COMP0022,单位196,2025-08-20
510100000000000359,参保人0359,居民养老,正常参保,COMP0192,单位017,2026-07-26
510100000000000360,参保人0360,失业,正常参保,COMP0138,单位118,2026-01-26
510100000000000361,参保人0361,失业,正常参保,COMP0120,单位050,2025-11-10
510100000000000362,参保人0362,工伤,正常参保,COMP0164,单位180,2026-07-31
510100000000000363,参保人0363,工伤,正常参保,COMP0033,单位134,2026-05-20
510100000000000364,参保人0364,职工养老,正常参保,COMP0058,单位026,2025-12-24
510100000000000365,参保人0365,工伤,正常参保,COMP0099,单位141,2026-06-29
510100000000000366,参保人0366,工伤,正常参保,COMP0075,单位116,2025-10-23
510100000000000367,参保人0367,居民医保,正常参保,COMP0084,单位022,2026-07-11
510100000000000368,参保人0368,职工养老,正常参保,COMP0126,单位184,2026-05-07
510100000000000369,参保人0369,工伤,正常参保,COMP0047,单位101,2026-05-15
510100000000000370,参保人0370,失业,正常参保,COMP0185,单位197,2025-11-23
510100000000000371,参保人0371,居民医保,正常参保,COMP0015,单位162,2026-02-25
510100000000000372,参保人0372,职工医保,正常参保,COMP0024,单位012,2025-11-06
510100000000000373,参保人0373,居民养老,正常参保,COMP0027,单位072,2026-06-08
510100000000000374,参保人0374,失业,正常参保,COMP0145,单位093,2025-10-02
510100000000000375,参保人0375,职工养老,正常参保,COMP0050,单位199,2025-08-23
510100000000000376,参保人0376,居民养老,正常参保,COMP0024,单位060,2026-06-22
510100000000000377,参保人0377,职工医保,暂停参保,COMP0199,单位017,2025-12-14
510100000000000378,参保人0378,居民养老,终止参保,COMP0009,单位166,2025-09-22
510100000000000379,参保人0379,失业,正常参保,COMP0088,单位072,2026-06-04
510100000000000380,参保人0380,工伤,正常参保,COMP0072,单位021,2025-11-06
510100000000000381,参保人0381,失业,正常参保,COMP0082,单位110,2026-05-04
510100000000000382,参保人0382,失业,正常参保,COMP0011,单位045,2026-01-02
510100000000000383,参保人0383,职工医保,正常参保,COMP0136,单位011,2026-01-05
510100000000000384,参保人0384,职工养老,正常参保,COMP0041,单位145,2026-05-23
510100000000000385,参保人0385,职工医保,正常参保,COMP0160,单位080,2025-10-01
510100000000000386,参保人0386,失业,暂停参保,COMP0148,单位161,2026-01-17
510100000000000387,参保人0387,居民医保,终止参保,COMP0002,单位033,2025-12-17
510100000000000388,参保人0388,工伤,正常参保,COMP0161,单位077,2026-04-13
510100000000000389,参保人0389,居民医保,正常参保,COMP0103,单位194,2026-02-22
510100000000000390,参保人0390,居民医保,正常参保,COMP0122,单位143,2026-04-23
510100000000000391,参保人0391,居民养老,正常参保,COMP0104,单位061,2026-04-06
510100000000000392,参保人0392,失业,正常参保,COMP0006,单位073,2025-08-13
510100000000000393,参保人0393,职工医保,正常参保,COMP0008,单位072,2026-02-10
510100000000000394,参保人0394,居民养老,正常参保,COMP0084,单位062,2026-04-18
510100000000000395,参保人0395,职工养老,正常参保,COMP0084,单位132,2025-09-27
510100000000000396,参保人0396,失业,正常参保,COMP0127,单位003,2026-04-02
510100000000000397,参保人0397,职工医保,正常参保,COMP0106,单位014,2026-07-26
510100000000000398,参保人0398,居民养老,正常参保,COMP0025,单位045,2025-12-07
510100000000000399,参保人0399,居民医保,正常参保,COMP0055,单位100,2026-02-15
510100000000000400,参保人0400,工伤,正常参保,COMP0183,单位032,2025-10-04
510100000000000401,参保人0401,居民养老,正常参保,COMP0198,单位146,2026-01-08
510100000000000402,参保人0402,失业,正常参保,COMP0096,单位056,2025-08-11
510100000000000403,参保人0403,职工养老,正常参保,COMP0156,单位035,2026-05-06
510100000000000404,参保人0404,失业,正常参保,COMP0097,单位135,2025-09-09
510100000000000405,参保人0405,职工医保,暂停参保,COMP0159,单位186,2026-07-14
510100000000000406,参保人0406,居民养老,正常参保,COMP0004,单位108,2026-07-18
510100000000000407,参保人0407,居民养老,正常参保,COMP0050,单位177,2026-05-03
510100000000000408,参保人0408,职工医保,正常参保,COMP0117,单位098,2025-12-22
510100000000000409,参保人0409,居民医保,正常参保,COMP0162,单位164,2025-11-18
510100000000000410,参保人0410,居民医保,正常参保,COMP0125,单位012,2026-03-29
510100000000000411,参保人0411,工伤,正常参保,COMP0040,单位021,2025-12-25
510100000000000412,参保人0412,职工养老,正常参保,COMP0008,单位100,2025-12-10
510100000000000413,参保人0413,失业,正常参保,COMP0042,单位172,2026-07-24
510100000000000414,参保人0414,失业,正常参保,COMP0119,单位037,2025-09-16
510100000000000415,参保人0415,失业,正常参保,COMP0062,单位060,2026-04-18
510100000000000416,参保人0416,失业,正常参保,COMP0084,单位130,2025-12-19
510100000000000417,参保人0417,失业,正常参保,COMP0123,单位089,2026-07-10
510100000000000418,参保人0418,居民医保,正常参保,COMP0005,单位193,2026-02-24
510100000000000419,参保人0419,工伤,正常参保,COMP0047,单位031,2026-07-28
510100000000000420,参保人0420,职工养老,正常参保,COMP0080,单位093,2025-11-14
510100000000000421,参保人0421,居民养老,暂停参保,COMP0105,单位001,2026-03-27
510100000000000422,参保人0422,居民养老,正常参保,COMP0171,单位001,2025-09-28
510100000000000423,参保人0423,失业,正常参保,COMP0028,单位121,2026-04-22
510100000000000424,参保人0424,工伤,正常参保,COMP0165,单位049,2026-04-09
510100000000000425,参保人0425,居民养老,正常参保,COMP0156,单位111,2026-01-12
510100000000000426,参保人0426,失业,正常参保,COMP0148,单位114,2025-09-07
510100000000000427,参保人0427,居民医保,正常参保,COMP0037,单位020,2025-10-29
510100000000000428,参保人0428,工伤,正常参保,COMP0119,单位035,2026-01-21
510100000000000429,参保人0429,工伤,正常参保,COMP0069,单位161,2026-02-09
510100000000000430,参保人0430,失业,正常参保,COMP0020,单位181,2025-12-08
510100000000000431,参保人0431,职工养老,正常参保,COMP0126,单位050,2025-10-26
510100000000000432,参保人0432,职工医保,正常参保,COMP0184,单位171,2026-02-10
510100000000000433,参保人0433,居民养老,正常参保,COMP0084,单位151,2026-04-03
510100000000000434,参保人0434,工伤,正常参保,COMP0080,单位178,2025-12-16
510100000000000435,参保人0435,居民养老,正常参保,COMP0085,单位129,2025-11-16
510100000000000436,参保人0436,工伤,终止参保,COMP0102,单位005,2026-05-13
510100000000000437,参保人0437,居民医保,正常参保,COMP0055,单位119,2026-01-01
510100000000000438,参保人0438,职工养老,正常参保,COMP0158,单位114,2026-03-15
510100000000000439,参保人0439,居民医保,正常参保,COMP0047,单位113,2026-05-23
510100000000000440,参保人0440,职工养老,正常参保,COMP0089,单位046,2025-10-22
510100000000000441,参保人0441,职工医保,正常参保,COMP0031,单位142,2026-06-15
510100000000000442,参保人0442,工伤,正常参保,COMP0190,单位194,2026-01-27
510100000000000443,参保人0443,失业,正常参保,COMP0073,单位161,2026-02-19
510100000000000444,参保人0444,职工医保,正常参保,COMP0013,单位073,2025-12-05
510100000000000445,参保人0445,工伤,正常参保,COMP0068,单位098,2026-04-27
510100000000000446,参保人0446,失业,正常参保,COMP0102,单位019,2026-05-17
510100000000000447,参保人0447,工伤,正常参保,COMP0083,单位109,2025-09-10
510100000000000448,参保人0448,职工医保,正常参保,COMP0054,单位199,2026-05-10
510100000000000449,参保人0449,工伤,正常参保,COMP0065,单位076,2026-01-20
510100000000000450,参保人0450,工伤,正常参保,COMP0060,单位093,2025-10-06
510100000000000451,参保人0451,职工医保,正常参保,COMP0172,单位102,2025-11-13
510100000000000452,参保人0452,职工养老,正常参保,COMP0110,单位074,2025-11-15
510100000000000453,参保人0453,职工养老,正常参保,COMP0026,单位072,2025-10-07
510100000000000454,参保人0454,居民医保,正常参保,COMP0156,单位117,2025-12-29
510100000000000455,参保人0455,居民医保,正常参保,COMP0012,单位133,2025-10-07
510100000000000456,参保人0456,工伤,正常参保,COMP0044,单位015,2026-06-25
510100000000000457,参保人0457,失业,正常参保,COMP0108,单位123,2026-07-17
510100000000000458,参保人0458,职工养老,正常参保,COMP0047,单位117,2026-04-05
510100000000000459,参保人0459,职工医保,正常参保,COMP0051,单位015,2025-09-17
510100000000000460,参保人0460,工伤,正常参保,COMP0019,单位034,2025-09-07
510100000000000461,参保人0461,工伤,正常参保,COMP0117,单位052,2026-07-11
510100000000000462,参保人0462,工伤,正常参保,COMP0035,单位136,2026-03-16
510100000000000463,参保人0463,居民医保,正常参保,COMP0158,单位146,2026-08-05
510100000000000464,参保人0464,职工医保,正常参保,COMP0132,单位090,2025-08-27
510100000000000465,参保人0465,失业,正常参保,COMP0007,单位095,2026-04-21
510100000000000466,参保人0466,居民医保,正常参保,COMP0141,单位159,2026-05-28
510100000000000467,参保人0467,职工医保,正常参保,COMP0189,单位042,2026-07-02
510100000000000468,参保人0468,居民养老,正常参保,COMP0118,单位007,2025-10-01
510100000000000469,参保人0469,职工医保,正常参保,COMP0120,单位173,2025-08-10
510100000000000470,参保人0470,职工养老,正常参保,COMP0119,单位150,2026-04-11
510100000000000471,参保人0471,工伤,正常参保,COMP0137,单位026,2026-07-29
510100000000000472,参保人0472,居民医保,正常参保,COMP0122,单位121,2026-04-04
510100000000000473,参保人0473,居民医保,正常参保,COMP0152,单位049,2026-03-06
510100000000000474,参保人0474,职工养老,正常参保,COMP0068,单位050,2026-03-08
510100000000000475,参保人0475,职工养老,终止参保,COMP0060,单位167,2026-01-17
510100000000000476,参保人0476,职工医保,正常参保,COMP0147,单位164,2025-12-08
510100000000000477,参保人0477,工伤,正常参保,COMP0049,单位108,2025-12-24
510100000000000478,参保人0478,职工医保,正常参保,COMP0150,单位176,2025-10-18
510100000000000479,参保人0479,职工养老,暂停参保,COMP0199,单位160,2026-07-27
510100000000000480,参保人0480,居民医保,正常参保,COMP0078,单位077,2025-11-26
510100000000000481,参保人0481,职工医保,正常参保,COMP0064,单位035,2025-11-17
510100000000000482,参保人0482,工伤,正常参保,COMP0067,单位042,2026-04-04
510100000000000483,参保人0483,职工医保,正常参保,COMP0024,单位188,2025-10-09
510100000000000484,参保人0484,职工养老,正常参保,COMP0102,单位042,2025-10-23
510100000000000485,参保人0485,工伤,正常参保,COMP0097,单位164,2026-05-26
510100000000000486,参保人0486,职工医保,正常参保,COMP0169,单位196,2025-11-11
510100000000000487,参保人0487,职工医保,正常参保,COMP0130,单位188,2026-08-02
510100000000000488,参保人0488,居民养老,正常参保,COMP0160,单位149,2025-11-16
510100000000000489,参保人0489,失业,正常参保,COMP0050,单位067,2025-10-11
510100000000000490,参保人0490,工伤,正常参保,COMP0003,单位086,2025-09-15
510100000000000491,参保人0491,居民医保,正常参保,COMP0172,单位002,2026-04-27
510100000000000492,参保人0492,职工医保,正常参保,COMP0098,单位030,2026-04-13
510100000000000493,参保人0493,失业,正常参保,COMP0186,单位036,2025-09-08
510100000000000494,参保人0494,工伤,正常参保,COMP0047,单位055,2026-01-11
510100000000000495,参保人0495,居民医保,正常参保,COMP0158,单位121,2026-06-13
510100000000000496,参保人0496,居民养老,正常参保,COMP0144,单位140,2026-03-24
510100000000000497,参保人0497,居民养老,正常参保,COMP0144,单位030,2025-12-13
510100000000000498,参保人0498,居民养老,正常参保,COMP0104,单位108,2025-09-20
510100000000000499,参保人0499,职工医保,正常参保,COMP0149,单位084,2025-12-19
510100000000000500,参保人0500,职工医保,正常参保,COMP0038,单位142,2025-10-19
510100000000000501,参保人0501,职工医保,正常参保,COMP0114,单位066,2025-08-11
510100000000000502,参保人0502,工伤,正常参保,COMP0193,单位075,2025-09-18
510100000000000503,参保人0503,居民养老,正常参保,COMP0151,单位154,2026-01-23
510100000000000504,参保人0504,居民医保,正常参保,COMP0006,单位163,2026-03-17
510100000000000505,参保人0505,失业,正常参保,COMP0101,单位012,2025-12-11
510100000000000506,参保人0506,职工医保,正常参保,COMP0166,单位082,2025-10-20
510100000000000507,参保人0507,失业,正常参保,COMP0158,单位134,2026-06-01
510100000000000508,参保人0508,居民养老,正常参保,COMP0073,单位143,2026-02-25
510100000000000509,参保人0509,居民医保,暂停参保,COMP0130,单位163,2026-01-13
510100000000000510,参保人0510,居民养老,正常参保,COMP0010,单位025,2025-10-30
510100000000000511,参保人0511,工伤,正常参保,COMP0033,单位164,2026-05-04
510100000000000512,参保人0512,失业,正常参保,COMP0110,单位080,2025-10-01
510100000000000513,参保人0513,失业,正常参保,COMP0131,单位169,2026-07-13
510100000000000514,参保人0514,工伤,终止参保,COMP0136,单位149,2026-07-13
510100000000000515,参保人0515,居民养老,正常参保,COMP0188,单位012,2025-10-23
510100000000000516,参保人0516,居民养老,正常参保,COMP0031,单位078,2026-07-18
510100000000000517,参保人0517,居民医保,暂停参保,COMP0060,单位191,2026-02-28
510100000000000518,参保人0518,工伤,正常参保,COMP0130,单位060,2026-03-09
510100000000000519,参保人0519,职工养老,正常参保,COMP0005,单位162,2025-11-14
510100000000000520,参保人0520,职工医保,正常参保,COMP0126,单位011,2026-02-10
510100000000000521,参保人0521,工伤,正常参保,COMP0056,单位083,2026-04-30
510100000000000522,参保人0522,工伤,正常参保,COMP0156,单位190,2025-11-17
510100000000000523,参保人0523,居民养老,终止参保,COMP0004,单位004,2026-04-26
510100000000000524,参保人0524,职工医保,正常参保,COMP0052,单位164,2026-04-05
510100000000000525,参保人0525,失业,正常参保,COMP0063,单位116,2026-01-28
510100000000000526,参保人0526,失业,终止参保,COMP0007,单位155,2026-05-07
510100000000000527,参保人0527,失业,正常参保,COMP0199,单位086,2026-03-27
510100000000000528,参保人0528,失业,正常参保,COMP0130,单位062,2025-12-31
510100000000000529,参保人0529,工伤,正常参保,COMP0149,单位138,2025-09-27
510100000000000530,参保人0530,工伤,正常参保,COMP0013,单位181,2025-09-03
510100000000000531,参保人0531,工伤,正常参保,COMP0160,单位164,2026-01-31
510100000000000532,参保人0532,职工养老,正常参保,COMP0149,单位052,2025-11-24
510100000000000533,参保人0533,工伤,正常参保,COMP0196,单位034,2026-06-16
510100000000000534,参保人0534,居民养老,正常参保,COMP0180,单位157,2026-06-26
510100000000000535,参保人0535,工伤,正常参保,COMP0141,单位113,2026-04-24
510100000000000536,参保人0536,职工医保,正常参保,COMP0169,单位129,2026-03-30
510100000000000537,参保人0537,居民养老,正常参保,COMP0029,单位097,2026-07-28
510100000000000538,参保人0538,居民医保,正常参保,COMP0188,单位021,2025-10-27
510100000000000539,参保人0539,职工养老,正常参保,COMP0008,单位187,2026-01-05
510100000000000540,参保人0540,职工医保,正常参保,COMP0145,单位188,2025-08-29
510100000000000541,参保人0541,工伤,正常参保,COMP0069,单位160,2026-05-12
510100000000000542,参保人0542,工伤,正常参保,COMP0077,单位087,2026-06-25
510100000000000543,参保人0543,职工医保,正常参保,COMP0152,单位152,2026-07-21
510100000000000544,参保人0544,工伤,正常参保,COMP0021,单位058,2025-12-22
510100000000000545,参保人0545,职工养老,正常参保,COMP0143,单位135,2026-07-10
510100000000000546,参保人0546,职工养老,正常参保,COMP0005,单位005,2025-08-22
510100000000000547,参保人0547,失业,终止参保,COMP0008,单位064,2026-03-22
510100000000000548,参保人0548,失业,终止参保,COMP0112,单位081,2025-12-27
510100000000000549,参保人0549,职工医保,正常参保,COMP0194,单位178,2026-06-19
510100000000000550,参保人0550,居民养老,正常参保,COMP0078,单位105,2026-02-19
510100000000000551,参保人0551,职工医保,正常参保,COMP0114,单位010,2026-03-11
510100000000000552,参保人0552,居民养老,正常参保,COMP0091,单位002,2025-11-11
510100000000000553,参保人0553,工伤,正常参保,COMP0095,单位144,2025-10-23
510100000000000554,参保人0554,居民养老,终止参保,COMP0011,单位010,2025-11-09
510100000000000555,参保人0555,职工医保,正常参保,COMP0146,单位183,2026-03-07
510100000000000556,参保人0556,职工养老,正常参保,COMP0124,单位114,2025-11-02
510100000000000557,参保人0557,居民养老,正常参保,COMP0172,单位032,2026-02-14
510100000000000558,参保人0558,职工医保,正常参保,COMP0122,单位032,2025-12-28
510100000000000559,参保人0559,职工医保,正常参保,COMP0175,单位018,2026-03-11
510100000000000560,参保人0560,工伤,正常参保,COMP0126,单位136,2025-10-09
510100000000000561,参保人0561,失业,正常参保,COMP0151,单位086,2026-03-10
510100000000000562,参保人0562,职工养老,正常参保,COMP0022,单位092,2025-10-26
510100000000000563,参保人0563,工伤,正常参保,COMP0002,单位029,2026-01-06
510100000000000564,参保人0564,居民养老,正常参保,COMP0050,单位095,2026-05-11
510100000000000565,参保人0565,居民养老,正常参保,COMP0022,单位171,2026-01-30
510100000000000566,参保人0566,职工医保,正常参保,COMP0003,单位191,2026-04-11
510100000000000567,参保人0567,职工养老,正常参保,COMP0157,单位030,2025-10-16
510100000000000568,参保人0568,居民养老,正常参保,COMP0128,单位111,2026-03-24
510100000000000569,参保人0569,居民医保,正常参保,COMP0144,单位072,2026-03-31
510100000000000570,参保人0570,居民养老,正常参保,COMP0003,单位193,2026-04-25
510100000000000571,参保人0571,职工养老,终止参保,COMP0064,单位106,2025-08-18
510100000000000572,参保人0572,职工养老,正常参保,COMP0010,单位149,2025-10-09
510100000000000573,参保人0573,职工养老,正常参保,COMP0066,单位169,2026-04-17
510100000000000574,参保人0574,工伤,正常参保,COMP0164,单位086,2025-12-16
510100000000000575,参保人0575,居民医保,正常参保,COMP0054,单位012,2026-01-10
510100000000000576,参保人0576,失业,正常参保,COMP0121,单位162,2026-07-18
510100000000000577,参保人0577,职工养老,正常参保,COMP0070,单位056,2026-01-08
510100000000000578,参保人0578,工伤,正常参保,COMP0132,单位111,2026-03-28
510100000000000579,参保人0579,居民养老,正常参保,COMP0024,单位154,2025-10-18
510100000000000580,参保人0580,失业,正常参保,COMP0054,单位103,2026-01-17
510100000000000581,参保人0581,失业,正常参保,COMP0004,单位188,2026-06-11
510100000000000582,参保人0582,工伤,正常参保,COMP0017,单位119,2026-05-28
510100000000000583,参保人0583,居民养老,暂停参保,COMP0014,单位003,2026-01-03
510100000000000584,参保人0584,工伤,正常参保,COMP0186,单位055,2025-11-26
510100000000000585,参保人0585,居民医保,正常参保,COMP0082,单位147,2026-03-01
510100000000000586,参保人0586,居民养老,正常参保,COMP0147,单位049,2025-09-22
510100000000000587,参保人0587,失业,正常参保,COMP0150,单位152,2026-04-20
510100000000000588,参保人0588,居民养老,正常参保,COMP0058,单位117,2025-08-16
510100000000000589,参保人0589,职工养老,正常参保,COMP0173,单位094,2026-02-05
510100000000000590,参保人0590,职工医保,正常参保,COMP0146,单位063,2026-04-13
510100000000000591,参保人0591,职工医保,暂停参保,COMP0047,单位057,2026-04-11
510100000000000592,参保人0592,工伤,正常参保,COMP0145,单位198,2025-11-20
510100000000000593,参保人0593,居民养老,正常参保,COMP0143,单位198,2026-06-21
510100000000000594,参保人0594,失业,正常参保,COMP0103,单位137,2026-05-09
510100000000000595,参保人0595,工伤,正常参保,COMP0138,单位050,2025-11-21
510100000000000596,参保人0596,工伤,暂停参保,COMP0118,单位198,2025-09-04
510100000000000597,参保人0597,职工养老,正常参保,COMP0147,单位170,2026-07-03
510100000000000598,参保人0598,失业,正常参保,COMP0069,单位093,2025-09-21
510100000000000599,参保人0599,工伤,正常参保,COMP0049,单位149,2026-05-25
510100000000000600,参保人0600,工伤,终止参保,COMP0070,单位090,2025-11-20
510100000000000601,参保人0601,失业,正常参保,COMP0163,单位129,2025-10-31
510100000000000602,参保人0602,职工医保,终止参保,COMP0070,单位041,2026-02-06
510100000000000603,参保人0603,失业,正常参保,COMP0108,单位188,2026-06-11
510100000000000604,参保人0604,居民养老,正常参保,COMP0036,单位158,2025-08-08
510100000000000605,参保人0605,居民医保,正常参保,COMP0086,单位135,2026-02-25
510100000000000606,参保人0606,居民养老,正常参保,COMP0120,单位138,2025-09-05
510100000000000607,参保人0607,失业,暂停参保,COMP0106,单位070,2026-06-24
510100000000000608,参保人0608,职工医保,正常参保,COMP0184,单位107,2026-05-15
510100000000000609,参保人0609,居民医保,正常参保,COMP0021,单位196,2026-02-10
510100000000000610,参保人0610,职工医保,暂停参保,COMP0007,单位070,2026-04-02
510100000000000611,参保人0611,居民医保,正常参保,COMP0148,单位143,2026-01-20
510100000000000612,参保人0612,工伤,正常参保,COMP0154,单位120,2026-03-18
510100000000000613,参保人0613,职工医保,正常参保,COMP0058,单位021,2026-05-17
510100000000000614,参保人0614,工伤,正常参保,COMP0087,单位165,2025-10-06
510100000000000615,参保人0615,职工养老,正常参保,COMP0085,单位128,2026-02-27
510100000000000616,参保人0616,居民医保,正常参保,COMP0127,单位071,2026-05-13
510100000000000617,参保人0617,职工医保,正常参保,COMP0152,单位061,2026-06-07
510100000000000618,参保人0618,居民医保,正常参保,COMP0186,单位043,2026-02-19
510100000000000619,参保人0619,失业,正常参保,COMP0017,单位098,2026-01-21
510100000000000620,参保人0620,居民医保,正常参保,COMP0074,单位085,2026-08-02
510100000000000621,参保人0621,居民医保,正常参保,COMP0112,单位057,2026-06-02
510100000000000622,参保人0622,居民医保,终止参保,COMP0144,单位112,2026-04-04
510100000000000623,参保人0623,失业,正常参保,COMP0088,单位168,2025-10-17
510100000000000624,参保人0624,居民养老,正常参保,COMP0138,单位099,2026-01-27
510100000000000625,参保人0625,职工养老,正常参保,COMP0049,单位192,2026-07-06
510100000000000626,参保人0626,工伤,正常参保,COMP0154,单位127,2026-05-31
510100000000000627,参保人0627,失业,正常参保,COMP0143,单位120,2025-12-18
510100000000000628,参保人0628,工伤,正常参保,COMP0116,单位092,2025-11-10
510100000000000629,参保人0629,职工养老,正常参保,COMP0058,单位028,2026-07-12
510100000000000630,参保人0630,职工医保,正常参保,COMP0066,单位153,2025-12-02
510100000000000631,参保人0631,失业,正常参保,COMP0044,单位097,2026-06-26
510100000000000632,参保人0632,居民养老,终止参保,COMP0006,单位167,2025-11-01
510100000000000633,参保人0633,职工医保,正常参保,COMP0171,单位147,2026-01-22
510100000000000634,参保人0634,职工养老,正常参保,COMP0012,单位074,2026-07-30
510100000000000635,参保人0635,居民养老,暂停参保,COMP0041,单位164,2026-05-14
510100000000000636,参保人0636,职工医保,正常参保,COMP0143,单位176,2025-12-12
510100000000000637,参保人0637,居民医保,正常参保,COMP0060,单位198,2025-11-12
510100000000000638,参保人0638,居民医保,正常参保,COMP0080,单位131,2025-08-07
510100000000000639,参保人0639,职工养老,正常参保,COMP0114,单位107,2026-06-28
510100000000000640,参保人0640,失业,正常参保,COMP0129,单位008,2026-04-28
510100000000000641,参保人0641,居民养老,正常参保,COMP0107,单位101,2025-11-20
510100000000000642,参保人0642,失业,正常参保,COMP0110,单位019,2026-07-06
510100000000000643,参保人0643,职工医保,正常参保,COMP0139,单位046,2026-07-22
510100000000000644,参保人0644,职工医保,正常参保,COMP0109,单位119,2026-07-17
510100000000000645,参保人0645,失业,正常参保,COMP0162,单位004,2026-04-27
510100000000000646,参保人0646,居民医保,暂停参保,COMP0059,单位128,2025-10-28
510100000000000647,参保人0647,工伤,正常参保,COMP0131,单位097,2026-01-23
510100000000000648,参保人0648,职工医保,正常参保,COMP0162,单位154,2026-03-27
510100000000000649,参保人0649,职工养老,正常参保,COMP0009,单位116,2026-03-26
510100000000000650,参保人0650,职工养老,正常参保,COMP0172,单位121,2025-08-08
510100000000000651,参保人0651,居民养老,正常参保,COMP0131,单位076,2025-10-25
510100000000000652,参保人0652,居民医保,正常参保,COMP0156,单位190,2026-02-25
510100000000000653,参保人0653,居民养老,正常参保,COMP0041,单位051,2025-09-03
510100000000000654,参保人0654,居民医保,正常参保,COMP0185,单位023,2026-02-12
510100000000000655,参保人0655,失业,正常参保,COMP0069,单位108,2026-03-21
510100000000000656,参保人0656,失业,正常参保,COMP0091,单位163,2025-10-22
510100000000000657,参保人0657,居民养老,正常参保,COMP0162,单位066,2025-12-02
510100000000000658,参保人0658,居民养老,正常参保,COMP0167,单位198,2026-01-18
510100000000000659,参保人0659,居民养老,正常参保,COMP0087,单位128,2026-01-28
510100000000000660,参保人0660,职工养老,正常参保,COMP0186,单位153,2025-10-08
510100000000000661,参保人0661,失业,正常参保,COMP0191,单位021,2025-12-23
510100000000000662,参保人0662,职工医保,正常参保,COMP0046,单位142,2026-06-29
510100000000000663,参保人0663,职工医保,终止参保,COMP0077,单位115,2025-12-25
510100000000000664,参保人0664,失业,暂停参保,COMP0151,单位187,2026-05-08
510100000000000665,参保人0665,居民医保,正常参保,COMP0038,单位142,2026-04-29
510100000000000666,参保人0666,工伤,正常参保,COMP0190,单位035,2026-03-13
510100000000000667,参保人0667,失业,正常参保,COMP0084,单位113,2025-10-30
510100000000000668,参保人0668,失业,正常参保,COMP0102,单位150,2026-05-16
510100000000000669,参保人0669,失业,正常参保,COMP0131,单位170,2025-11-05
510100000000000670,参保人0670,职工医保,正常参保,COMP0173,单位071,2026-01-13
510100000000000671,参保人0671,职工医保,正常参保,COMP0175,单位142,2026-04-09
510100000000000672,参保人0672,失业,正常参保,COMP0061,单位164,2025-10-25
510100000000000673,参保人0673,职工医保,正常参保,COMP0161,单位120,2025-10-03
510100000000000674,参保人0674,职工医保,正常参保,COMP0053,单位187,2025-09-07
510100000000000675,参保人0675,失业,正常参保,COMP0196,单位068,2025-11-16
510100000000000676,参保人0676,居民医保,正常参保,COMP0169,单位120,2026-04-02
510100000000000677,参保人0677,工伤,正常参保,COMP0113,单位176,2026-03-02
510100000000000678,参保人0678,居民养老,正常参保,COMP0011,单位064,2026-06-18
510100000000000679,参保人0679,工伤,正常参保,COMP0069,单位048,2025-11-04
510100000000000680,参保人0680,工伤,正常参保,COMP0172,单位161,2026-01-18
510100000000000681,参保人0681,工伤,正常参保,COMP0068,单位035,2026-01-03
510100000000000682,参保人0682,职工医保,正常参保,COMP0045,单位087,2025-09-09
510100000000000683,参保人0683,失业,正常参保,COMP0174,单位047,2026-07-23
510100000000000684,参保人0684,职工医保,正常参保,COMP0026,单位052,2026-05-06
510100000000000685,参保人0685,失业,正常参保,COMP0051,单位038,2025-11-04
510100000000000686,参保人0686,职工医保,正常参保,COMP0179,单位132,2025-09-30
510100000000000687,参保人0687,居民养老,正常参保,COMP0004,单位150,2026-05-23
510100000000000688,参保人0688,工伤,正常参保,COMP0086,单位194,2026-02-26
510100000000000689,参保人0689,职工养老,正常参保,COMP0105,单位001,2026-05-27
510100000000000690,参保人0690,失业,正常参保,COMP0153,单位145,2026-06-07
510100000000000691,参保人0691,居民养老,正常参保,COMP0027,单位136,2025-08-10
510100000000000692,参保人0692,职工医保,正常参保,COMP0093,单位109,2025-12-09
510100000000000693,参保人0693,职工养老,正常参保,COMP0142,单位035,2025-12-13
510100000000000694,参保人0694,居民养老,正常参保,COMP0177,单位141,2026-01-30
510100000000000695,参保人0695,失业,正常参保,COMP0046,单位113,2026-01-29
510100000000000696,参保人0696,职工养老,正常参保,COMP0124,单位097,2026-05-09
510100000000000697,参保人0697,工伤,正常参保,COMP0192,单位062,2026-04-23
510100000000000698,参保人0698,职工养老,正常参保,COMP0126,单位009,2025-08-28
510100000000000699,参保人0699,工伤,正常参保,COMP0041,单位017,2025-08-28
510100000000000700,参保人0700,工伤,正常参保,COMP0059,单位167,2026-02-05
510100000000000701,参保人0701,职工医保,正常参保,COMP0141,单位192,2025-11-13
510100000000000702,参保人0702,失业,正常参保,COMP0139,单位077,2026-04-02
510100000000000703,参保人0703,失业,正常参保,COMP0001,单位168,2026-04-21
510100000000000704,参保人0704,职工养老,正常参保,COMP0072,单位189,2026-04-20
510100000000000705,参保人0705,居民养老,正常参保,COMP0161,单位045,2026-05-09
510100000000000706,参保人0706,居民养老,正常参保,COMP0008,单位153,2025-08-25
510100000000000707,参保人0707,失业,正常参保,COMP0158,单位175,2026-01-04
510100000000000708,参保人0708,职工医保,正常参保,COMP0084,单位082,2026-03-14
510100000000000709,参保人0709,居民医保,正常参保,COMP0161,单位127,2026-05-17
510100000000000710,参保人0710,工伤,正常参保,COMP0156,单位168,2026-05-15
510100000000000711,参保人0711,职工医保,终止参保,COMP0076,单位122,2025-12-07
510100000000000712,参保人0712,职工医保,正常参保,COMP0002,单位191,2025-10-26
510100000000000713,参保人0713,职工医保,正常参保,COMP0194,单位051,2025-09-10
510100000000000714,参保人0714,工伤,正常参保,COMP0142,单位051,2026-04-11
510100000000000715,参保人0715,职工医保,正常参保,COMP0028,单位003,2026-05-15
510100000000000716,参保人0716,失业,正常参保,COMP0117,单位002,2026-05-06
510100000000000717,参保人0717,失业,正常参保,COMP0144,单位094,2025-10-15
510100000000000718,参保人0718,居民医保,正常参保,COMP0169,单位012,2025-12-15
510100000000000719,参保人0719,职工医保,正常参保,COMP0045,单位101,2026-01-06
510100000000000720,参保人0720,失业,正常参保,COMP0127,单位153,2025-11-01
510100000000000721,参保人0721,职工医保,正常参保,COMP0028,单位021,2026-04-22
510100000000000722,参保人0722,居民医保,正常参保,COMP0099,单位173,2026-05-26
510100000000000723,参保人0723,工伤,正常参保,COMP0188,单位108,2025-08-18
510100000000000724,参保人0724,职工养老,正常参保,COMP0156,单位172,2025-09-06
510100000000000725,参保人0725,职工医保,正常参保,COMP0023,单位104,2026-05-24
510100000000000726,参保人0726,居民医保,正常参保,COMP0118,单位100,2026-02-21
510100000000000727,参保人0727,居民医保,正常参保,COMP0156,单位165,2026-07-31
510100000000000728,参保人0728,居民养老,正常参保,COMP0056,单位065,2026-01-26
510100000000000729,参保人0729,居民养老,正常参保,COMP0157,单位188,2026-04-03
510100000000000730,参保人0730,职工养老,正常参保,COMP0113,单位038,2026-06-04
510100000000000731,参保人0731,工伤,正常参保,COMP0162,单位176,2026-04-13
510100000000000732,参保人0732,居民养老,正常参保,COMP0031,单位132,2026-04-16
510100000000000733,参保人0733,工伤,正常参保,COMP0069,单位158,2025-08-28
510100000000000734,参保人0734,职工养老,正常参保,COMP0075,单位045,2025-11-20
510100000000000735,参保人0735,居民医保,正常参保,COMP0174,单位107,2025-12-16
510100000000000736,参保人0736,职工养老,正常参保,COMP0006,单位059,2026-04-04
510100000000000737,参保人0737,工伤,正常参保,COMP0170,单位122,2026-04-04
510100000000000738,参保人0738,工伤,正常参保,COMP0124,单位101,2026-07-03
510100000000000739,参保人0739,失业,正常参保,COMP0018,单位113,2025-10-26
510100000000000740,参保人0740,工伤,正常参保,COMP0175,单位126,2026-04-20
510100000000000741,参保人0741,失业,正常参保,COMP0069,单位165,2025-10-06
510100000000000742,参保人0742,工伤,正常参保,COMP0109,单位086,2025-10-02
510100000000000743,参保人0743,职工养老,正常参保,COMP0179,单位131,2026-06-26
510100000000000744,参保人0744,居民医保,正常参保,COMP0109,单位051,2025-11-30
510100000000000745,参保人0745,职工医保,正常参保,COMP0174,单位127,2026-07-17
510100000000000746,参保人0746,居民养老,正常参保,COMP0103,单位068,2026-05-07
510100000000000747,参保人0747,工伤,终止参保,COMP0141,单位111,2025-08-18
510100000000000748,参保人0748,职工养老,终止参保,COMP0179,单位017,2026-04-30
510100000000000749,参保人0749,居民养老,正常参保,COMP0104,单位152,2025-11-30
510100000000000750,参保人0750,职工养老,正常参保,COMP0085,单位008,2025-10-27
510100000000000751,参保人0751,工伤,正常参保,COMP0101,单位164,2026-03-13
510100000000000752,参保人0752,职工养老,终止参保,COMP0011,单位054,2026-02-15
510100000000000753,参保人0753,居民养老,正常参保,COMP0139,单位005,2026-02-04
510100000000000754,参保人0754,居民养老,正常参保,COMP0046,单位012,2026-05-29
510100000000000755,参保人0755,职工医保,正常参保,COMP0154,单位048,2026-04-21
510100000000000756,参保人0756,居民养老,正常参保,COMP0096,单位070,2026-02-05
510100000000000757,参保人0757,居民医保,终止参保,COMP0102,单位075,2026-01-03
510100000000000758,参保人0758,职工养老,正常参保,COMP0192,单位179,2025-12-31
510100000000000759,参保人0759,居民医保,暂停参保,COMP0179,单位175,2025-12-11
510100000000000760,参保人0760,居民养老,正常参保,COMP0109,单位163,2026-06-20
510100000000000761,参保人0761,职工医保,正常参保,COMP0116,单位173,2025-09-04
510100000000000762,参保人0762,职工医保,终止参保,COMP0096,单位072,2026-03-13
510100000000000763,参保人0763,失业,正常参保,COMP0187,单位069,2026-07-25
510100000000000764,参保人0764,失业,正常参保,COMP0031,单位114,2026-07-16
510100000000000765,参保人0765,工伤,正常参保,COMP0171,单位067,2026-06-14
510100000000000766,参保人0766,居民医保,正常参保,COMP0064,单位126,2025-11-03
510100000000000767,参保人0767,居民养老,正常参保,COMP0169,单位152,2026-07-03
510100000000000768,参保人0768,失业,正常参保,COMP0047,单位163,2026-07-19
510100000000000769,参保人0769,居民医保,正常参保,COMP0026,单位113,2025-09-14
510100000000000770,参保人0770,失业,正常参保,COMP0067,单位065,2025-10-19
510100000000000771,参保人0771,职工医保,正常参保,COMP0001,单位143,2026-07-01
510100000000000772,参保人0772,工伤,正常参保,COMP0133,单位188,2026-04-01
510100000000000773,参保人0773,职工医保,正常参保,COMP0164,单位035,2026-01-25
510100000000000774,参保人0774,职工医保,正常参保,COMP0174,单位128,2025-11-20
510100000000000775,参保人0775,失业,暂停参保,COMP0102,单位075,2025-08-17
510100000000000776,参保人0776,职工养老,正常参保,COMP0188,单位173,2025-10-21
510100000000000777,参保人0777,工伤,正常参保,COMP0083,单位123,2025-08-14
510100000000000778,参保人0778,居民医保,正常参保,COMP0145,单位119,2026-02-26
510100000000000779,参保人0779,居民医保,正常参保,COMP0102,单位188,2025-09-19
510100000000000780,参保人0780,居民医保,正常参保,COMP0013,单位184,2026-04-18
510100000000000781,参保人0781,居民养老,正常参保,COMP0039,单位195,2026-01-04
510100000000000782,参保人0782,失业,正常参保,COMP0027,单位118,2025-12-29
510100000000000783,参保人0783,工伤,正常参保,COMP0065,单位145,2025-12-17
510100000000000784,参保人0784,失业,正常参保,COMP0013,单位021,2026-06-15
510100000000000785,参保人0785,职工养老,正常参保,COMP0025,单位031,2025-09-04
510100000000000786,参保人0786,失业,正常参保,COMP0010,单位054,2026-06-16
510100000000000787,参保人0787,居民养老,正常参保,COMP0114,单位014,2026-02-10
510100000000000788,参保人0788,居民养老,正常参保,COMP0152,单位079,2026-07-16
510100000000000789,参保人0789,失业,正常参保,COMP0004,单位059,2025-11-16
510100000000000790,参保人0790,居民医保,正常参保,COMP0119,单位159,2025-10-21
510100000000000791,参保人0791,居民医保,终止参保,COMP0127,单位075,2025-08-11
510100000000000792,参保人0792,居民养老,正常参保,COMP0079,单位185,2025-12-09
510100000000000793,参保人0793,居民医保,暂停参保,COMP0154,单位018,2026-05-03
510100000000000794,参保人0794,失业,正常参保,COMP0087,单位088,2025-10-05
510100000000000795,参保人0795,职工医保,正常参保,COMP0069,单位172,2025-09-21
510100000000000796,参保人0796,工伤,正常参保,COMP0139,单位121,2026-06-03
510100000000000797,参保人0797,职工养老,正常参保,COMP0137,单位155,2026-02-26
510100000000000798,参保人0798,居民养老,正常参保,COMP0100,单位082,2025-10-04
510100000000000799,参保人0799,工伤,正常参保,COMP0177,单位198,2026-04-17
510100000000000800,参保人0800,居民养老,正常参保,COMP0165,单位145,2026-02-02
510100000000000801,参保人0801,居民医保,正常参保,COMP0161,单位060,2026-01-02
510100000000000802,参保人0802,居民医保,正常参保,COMP0023,单位149,2025-12-15
510100000000000803,参保人0803,工伤,正常参保,COMP0024,单位108,2026-07-27
510100000000000804,参保人0804,职工医保,正常参保,COMP0175,单位025,2026-05-05
510100000000000805,参保人0805,职工医保,正常参保,COMP0084,单位140,2025-10-18
510100000000000806,参保人0806,居民医保,正常参保,COMP0101,单位048,2025-08-13
510100000000000807,参保人0807,居民养老,正常参保,COMP0099,单位047,2026-03-14
510100000000000808,参保人0808,失业,终止参保,COMP0105,单位124,2026-07-25
510100000000000809,参保人0809,居民医保,正常参保,COMP0100,单位031,2026-07-22
510100000000000810,参保人0810,职工医保,正常参保,COMP0166,单位054,2026-04-29
510100000000000811,参保人0811,工伤,正常参保,COMP0173,单位162,2026-01-03
510100000000000812,参保人0812,居民养老,正常参保,COMP0003,单位028,2025-09-15
510100000000000813,参保人0813,居民养老,正常参保,COMP0149,单位028,2025-10-01
510100000000000814,参保人0814,失业,正常参保,COMP0100,单位021,2025-11-28
510100000000000815,参保人0815,职工养老,终止参保,COMP0013,单位057,2026-06-19
510100000000000816,参保人0816,失业,正常参保,COMP0138,单位053,2026-06-24
510100000000000817,参保人0817,工伤,正常参保,COMP0046,单位013,2026-02-23
510100000000000818,参保人0818,失业,正常参保,COMP0002,单位081,2025-08-16
510100000000000819,参保人0819,失业,正常参保,COMP0163,单位153,2026-04-18
510100000000000820,参保人0820,失业,正常参保,COMP0012,单位182,2026-07-14
510100000000000821,参保人0821,工伤,正常参保,COMP0153,单位122,2026-01-31
510100000000000822,参保人0822,居民医保,正常参保,COMP0084,单位119,2026-03-04
510100000000000823,参保人0823,职工医保,暂停参保,COMP0186,单位027,2026-02-07
510100000000000824,参保人0824,居民医保,正常参保,COMP0175,单位162,2026-03-26
510100000000000825,参保人0825,工伤,正常参保,COMP0033,单位055,2026-07-31
510100000000000826,参保人0826,居民养老,正常参保,COMP0126,单位012,2026-07-22
510100000000000827,参保人0827,职工养老,终止参保,COMP0135,单位111,2025-10-04
510100000000000828,参保人0828,职工医保,正常参保,COMP0075,单位008,2025-12-25
510100000000000829,参保人0829,职工医保,正常参保,COMP0045,单位059,2026-03-28
510100000000000830,参保人0830,职工养老,正常参保,COMP0157,单位098,2025-12-24
510100000000000831,参保人0831,居民养老,正常参保,COMP0079,单位124,2026-01-01
510100000000000832,参保人0832,居民养老,正常参保,COMP0104,单位137,2026-04-10
510100000000000833,参保人0833,工伤,正常参保,COMP0096,单位178,2025-09-10
510100000000000834,参保人0834,居民养老,正常参保,COMP0017,单位059,2026-05-09
510100000000000835,参保人0835,居民养老,正常参保,COMP0106,单位185,2026-07-12
510100000000000836,参保人0836,职工医保,正常参保,COMP0045,单位083,2025-11-13
510100000000000837,参保人0837,工伤,正常参保,COMP0104,单位068,2025-08-21
510100000000000838,参保人0838,居民养老,正常参保,COMP0065,单位049,2026-02-13
510100000000000839,参保人0839,居民养老,正常参保,COMP0182,单位188,2026-06-11
510100000000000840,参保人0840,职工医保,正常参保,COMP0026,单位114,2026-08-02
510100000000000841,参保人0841,居民养老,正常参保,COMP0105,单位054,2026-02-27
510100000000000842,参保人0842,居民医保,正常参保,COMP0155,单位015,2025-12-26
510100000000000843,参保人0843,工伤,正常参保,COMP0046,单位197,2025-10-17
510100000000000844,参保人0844,失业,正常参保,COMP0190,单位078,2026-01-17
510100000000000845,参保人0845,失业,正常参保,COMP0003,单位006,2026-05-06
510100000000000846,参保人0846,居民养老,正常参保,COMP0075,单位077,2026-06-18
510100000000000847,参保人0847,职工养老,暂停参保,COMP0156,单位070,2026-02-19
510100000000000848,参保人0848,居民养老,终止参保,COMP0048,单位184,2025-09-21
510100000000000849,参保人0849,职工养老,正常参保,COMP0190,单位076,2026-03-21
510100000000000850,参保人0850,工伤,正常参保,COMP0018,单位019,2025-09-30
510100000000000851,参保人0851,失业,正常参保,COMP0154,单位134,2025-11-20
510100000000000852,参保人0852,居民养老,正常参保,COMP0059,单位125,2025-08-18
510100000000000853,参保人0853,职工医保,正常参保,COMP0080,单位194,2025-12-03
510100000000000854,参保人0854,工伤,正常参保,COMP0096,单位094,2025-09-20
510100000000000855,参保人0855,职工养老,正常参保,COMP0081,单位187,2026-05-15
510100000000000856,参保人0856,居民医保,正常参保,COMP0093,单位086,2026-06-24
510100000000000857,参保人0857,职工医保,正常参保,COMP0074,单位036,2026-04-28
510100000000000858,参保人0858,居民养老,正常参保,COMP0170,单位171,2026-01-03
510100000000000859,参保人0859,居民医保,正常参保,COMP0055,单位176,2026-05-08
510100000000000860,参保人0860,失业,正常参保,COMP0121,单位093,2025-08-08
510100000000000861,参保人0861,工伤,正常参保,COMP0010,单位009,2025-12-02
510100000000000862,参保人0862,职工养老,正常参保,COMP0129,单位160,2026-05-10
510100000000000863,参保人0863,工伤,正常参保,COMP0067,单位148,2026-04-12
510100000000000864,参保人0864,失业,正常参保,COMP0099,单位113,2025-08-13
510100000000000865,参保人0865,职工养老,正常参保,COMP0017,单位018,2026-02-15
510100000000000866,参保人0866,居民养老,暂停参保,COMP0181,单位091,2026-05-17
510100000000000867,参保人0867,居民养老,正常参保,COMP0114,单位001,2026-06-10
510100000000000868,参保人0868,居民医保,正常参保,COMP0116,单位087,2025-11-14
510100000000000869,参保人0869,职工养老,正常参保,COMP0041,单位105,2026-01-26
510100000000000870,参保人0870,职工医保,正常参保,COMP0098,单位169,2025-12-29
510100000000000871,参保人0871,居民养老,正常参保,COMP0139,单位056,2026-03-11
510100000000000872,参保人0872,职工养老,正常参保,COMP0026,单位115,2026-04-20
510100000000000873,参保人0873,居民养老,正常参保,COMP0047,单位071,2026-03-06
510100000000000874,参保人0874,工伤,正常参保,COMP0132,单位023,2025-08-10
510100000000000875,参保人0875,居民养老,正常参保,COMP0116,单位109,2025-12-29
510100000000000876,参保人0876,职工医保,正常参保,COMP0112,单位103,2026-06-22
510100000000000877,参保人0877,居民养老,暂停参保,COMP0068,单位122,2025-11-09
510100000000000878,参保人0878,职工养老,正常参保,COMP0129,单位195,2025-10-31
510100000000000879,参保人0879,职工养老,正常参保,COMP0191,单位189,2026-02-24
510100000000000880,参保人0880,居民医保,暂停参保,COMP0024,单位024,2026-08-03
510100000000000881,参保人0881,职工养老,正常参保,COMP0185,单位177,2026-02-07
510100000000000882,参保人0882,居民养老,正常参保,COMP0109,单位069,2025-08-21
510100000000000883,参保人0883,失业,正常参保,COMP0062,单位169,2025-09-28
510100000000000884,参保人0884,工伤,正常参保,COMP0054,单位070,2025-08-15
510100000000000885,参保人0885,职工医保,正常参保,COMP0168,单位135,2026-04-26
510100000000000886,参保人0886,失业,正常参保,COMP0061,单位003,2026-02-09
510100000000000887,参保人0887,失业,正常参保,COMP0196,单位076,2026-06-30
510100000000000888,参保人0888,职工养老,正常参保,COMP0169,单位197,2025-08-29
510100000000000889,参保人0889,居民医保,正常参保,COMP0030,单位190,2025-08-15
510100000000000890,参保人0890,职工医保,正常参保,COMP0179,单位185,2026-06-21
510100000000000891,参保人0891,失业,终止参保,COMP0039,单位016,2026-07-16
510100000000000892,参保人0892,工伤,正常参保,COMP0149,单位016,2026-06-09
510100000000000893,参保人0893,居民医保,正常参保,COMP0032,单位187,2026-02-26
510100000000000894,参保人0894,失业,正常参保,COMP0139,单位010,2026-01-05
510100000000000895,参保人0895,职工医保,正常参保,COMP0068,单位048,2026-04-18
510100000000000896,参保人0896,职工医保,正常参保,COMP0101,单位102,2025-12-09
510100000000000897,参保人0897,职工医保,正常参保,COMP0051,单位036,2026-05-18
510100000000000898,参保人0898,职工医保,正常参保,COMP0194,单位104,2025-11-09
510100000000000899,参保人0899,职工养老,正常参保,COMP0001,单位151,2026-02-21
510100000000000900,参保人0900,工伤,正常参保,COMP0081,单位162,2025-11-29
510100000000000901,参保人0901,职工医保,暂停参保,COMP0073,单位141,2026-05-29
510100000000000902,参保人0902,失业,正常参保,COMP0052,单位003,2025-09-04
510100000000000903,参保人0903,职工医保,正常参保,COMP0112,单位175,2026-04-20
510100000000000904,参保人0904,职工医保,正常参保,COMP0195,单位015,2026-04-29
510100000000000905,参保人0905,居民养老,正常参保,COMP0113,单位083,2026-06-25
510100000000000906,参保人0906,居民养老,正常参保,COMP0078,单位058,2025-10-22
510100000000000907,参保人0907,失业,正常参保,COMP0189,单位132,2026-01-03
510100000000000908,参保人0908,职工养老,正常参保,COMP0083,单位134,2026-02-20
510100000000000909,参保人0909,职工养老,正常参保,COMP0197,单位027,2025-09-05
510100000000000910,参保人0910,失业,正常参保,COMP0064,单位190,2026-03-13
510100000000000911,参保人0911,居民养老,正常参保,COMP0123,单位043,2026-05-10
510100000000000912,参保人0912,居民养老,暂停参保,COMP0196,单位172,2026-03-09
510100000000000913,参保人0913,居民医保,正常参保,COMP0115,单位057,2025-09-13
510100000000000914,参保人0914,失业,正常参保,COMP0119,单位195,2026-04-15
510100000000000915,参保人0915,职工养老,正常参保,COMP0072,单位124,2026-04-16
510100000000000916,参保人0916,居民养老,正常参保,COMP0075,单位133,2025-10-28
510100000000000917,参保人0917,居民养老,正常参保,COMP0134,单位097,2026-08-02
510100000000000918,参保人0918,职工医保,正常参保,COMP0078,单位069,2026-04-11
510100000000000919,参保人0919,职工养老,正常参保,COMP0062,单位050,2026-07-19
510100000000000920,参保人0920,失业,正常参保,COMP0123,单位194,2026-06-21
510100000000000921,参保人0921,居民养老,正常参保,COMP0141,单位084,2026-02-06
510100000000000922,参保人0922,失业,正常参保,COMP0147,单位128,2025-10-01
510100000000000923,参保人0923,工伤,正常参保,COMP0029,单位024,2025-09-03
510100000000000924,参保人0924,居民医保,正常参保,COMP0136,单位062,2026-03-03
510100000000000925,参保人0925,居民医保,正常参保,COMP0066,单位006,2026-06-10
510100000000000926,参保人0926,工伤,正常参保,COMP0062,单位169,2026-05-17
510100000000000927,参保人0927,居民医保,正常参保,COMP0169,单位177,2025-12-31
510100000000000928,参保人0928,职工医保,正常参保,COMP0071,单位131,2025-11-14
510100000000000929,参保人0929,居民医保,正常参保,COMP0035,单位002,2026-04-05
510100000000000930,参保人0930,居民医保,正常参保,COMP0022,单位154,2025-10-16
510100000000000931,参保人0931,职工养老,正常参保,COMP0020,单位041,2026-03-12
510100000000000932,参保人0932,居民养老,正常参保,COMP0084,单位111,2025-09-19
510100000000000933,参保人0933,失业,正常参保,COMP0034,单位150,2025-09-18
510100000000000934,参保人0934,失业,正常参保,COMP0027,单位010,2026-05-26
510100000000000935,参保人0935,职工医保,终止参保,COMP0048,单位070,2025-12-17
510100000000000936,参保人0936,职工养老,终止参保,COMP0059,单位002,2026-06-03
510100000000000937,参保人0937,职工养老,正常参保,COMP0010,单位053,2026-05-20
510100000000000938,参保人0938,职工养老,正常参保,COMP0179,单位048,2025-12-02
510100000000000939,参保人0939,失业,终止参保,COMP0098,单位158,2026-07-13
510100000000000940,参保人0940,工伤,正常参保,COMP0193,单位113,2025-10-10
510100000000000941,参保人0941,居民养老,正常参保,COMP0049,单位137,2026-02-24
510100000000000942,参保人0942,职工养老,正常参保,COMP0138,单位164,2026-05-26
510100000000000943,参保人0943,工伤,正常参保,COMP0106,单位160,2025-10-23
510100000000000944,参保人0944,失业,正常参保,COMP0166,单位145,2025-09-11
510100000000000945,参保人0945,居民医保,正常参保,COMP0054,单位178,2025-12-06
510100000000000946,参保人0946,职工养老,正常参保,COMP0127,单位153,2025-11-09
510100000000000947,参保人0947,居民养老,暂停参保,COMP0123,单位073,2025-12-02
510100000000000948,参保人0948,居民养老,正常参保,COMP0043,单位121,2026-06-27
510100000000000949,参保人0949,居民医保,正常参保,COMP0168,单位039,2025-12-05
510100000000000950,参保人0950,居民养老,正常参保,COMP0063,单位110,2026-05-30
510100000000000951,参保人0951,职工养老,正常参保,COMP0034,单位040,2026-01-16
510100000000000952,参保人0952,工伤,正常参保,COMP0195,单位062,2025-09-27
510100000000000953,参保人0953,职工医保,正常参保,COMP0016,单位082,2026-05-05
510100000000000954,参保人0954,居民医保,正常参保,COMP0038,单位127,2025-11-05
510100000000000955,参保人0955,居民养老,正常参保,COMP0063,单位077,2026-02-14
510100000000000956,参保人0956,职工养老,正常参保,COMP0102,单位065,2026-05-08
510100000000000957,参保人0957,失业,正常参保,COMP0179,单位073,2026-04-22
510100000000000958,参保人0958,职工医保,正常参保,COMP0113,单位188,2025-10-27
510100000000000959,参保人0959,职工医保,正常参保,COMP0037,单位137,2025-09-03
510100000000000960,参保人0960,职工养老,正常参保,COMP0002,单位189,2026-06-10
510100000000000961,参保人0961,职工养老,正常参保,COMP0168,单位164,2026-04-15
510100000000000962,参保人0962,居民养老,正常参保,COMP0079,单位092,2026-07-20
510100000000000963,参保人0963,居民医保,正常参保,COMP0150,单位139,2026-02-02
510100000000000964,参保人0964,职工医保,正常参保,COMP0004,单位135,2026-06-07
510100000000000965,参保人0965,职工养老,正常参保,COMP0088,单位068,2026-01-12
510100000000000966,参保人0966,职工医保,正常参保,COMP0003,单位166,2025-12-08
510100000000000967,参保人0967,职工医保,正常参保,COMP0102,单位038,2025-08-31
510100000000000968,参保人0968,工伤,正常参保,COMP0092,单位021,2025-12-08
510100000000000969,参保人0969,职工养老,正常参保,COMP0084,单位083,2025-10-20
510100000000000970,参保人0970,居民养老,正常参保,COMP0129,单位196,2026-03-20
510100000000000971,参保人0971,居民养老,正常参保,COMP0056,单位023,2026-03-07
510100000000000972,参保人0972,工伤,正常参保,COMP0063,单位122,2026-06-16
510100000000000973,参保人0973,职工医保,正常参保,COMP0046,单位032,2026-06-13
510100000000000974,参保人0974,工伤,正常参保,COMP0110,单位177,2025-08-10
510100000000000975,参保人0975,居民医保,正常参保,COMP0080,单位097,2026-01-06
510100000000000976,参保人0976,工伤,正常参保,COMP0006,单位109,2026-07-03
510100000000000977,参保人0977,失业,正常参保,COMP0118,单位005,2026-05-12
510100000000000978,参保人0978,职工医保,正常参保,COMP0195,单位158,2025-09-28
510100000000000979,参保人0979,失业,正常参保,COMP0029,单位165,2026-05-12
510100000000000980,参保人0980,工伤,正常参保,COMP0046,单位116,2026-04-17
510100000000000981,参保人0981,工伤,正常参保,COMP0104,单位085,2026-03-26
510100000000000982,参保人0982,居民养老,正常参保,COMP0094,单位150,2025-12-04
510100000000000983,参保人0983,职工医保,正常参保,COMP0126,单位160,2026-04-07
510100000000000984,参保人0984,居民医保,正常参保,COMP0162,单位028,2026-07-27
510100000000000985,参保人0985,失业,正常参保,COMP0047,单位127,2026-03-13
510100000000000986,参保人0986,失业,正常参保,COMP0126,单位156,2026-03-08
510100000000000987,参保人0987,职工养老,正常参保,COMP0175,单位033,2026-07-19
510100000000000988,参保人0988,职工养老,正常参保,COMP0168,单位175,2025-08-18
510100000000000989,参保人0989,职工养老,正常参保,COMP0129,单位162,2026-05-06
510100000000000990,参保人0990,工伤,正常参保,COMP0177,单位064,2025-09-24
510100000000000991,参保人0991,工伤,正常参保,COMP0128,单位088,2025-10-29
510100000000000992,参保人0992,职工医保,正常参保,COMP0013,单位069,2025-10-29
510100000000000993,参保人0993,职工医保,正常参保,COMP0007,单位058,2025-10-06
510100000000000994,参保人0994,工伤,正常参保,COMP0062,单位017,2026-02-17
510100000000000995,参保人0995,职工医保,正常参保,COMP0029,单位117,2025-10-29
510100000000000996,参保人0996,居民养老,正常参保,COMP0025,单位054,2026-03-04
510100000000000997,参保人0997,职工医保,正常参保,COMP0065,单位093,2026-05-13
510100000000000998,参保人0998,职工医保,正常参保,COMP0118,单位199,2026-01-13
510100000000000999,参保人0999,工伤,正常参保,COMP0147,单位194,2025-11-09
510100000000001000,参保人1000,职工养老,正常参保,COMP0181,单位174,2026-07-08
510100000000001001,参保人1001,职工医保,正常参保,COMP0179,单位128,2026-06-20
510100000000001002,参保人1002,居民医保,终止参保,COMP0136,单位022,2026-08-01
510100000000001003,参保人1003,居民养老,正常参保,COMP0104,单位036,2025-09-06
510100000000001004,参保人1004,居民养老,正常参保,COMP0049,单位173,2026-05-17
510100000000001005,参保人1005,居民医保,正常参保,COMP0045,单位079,2026-07-18
510100000000001006,参保人1006,工伤,暂停参保,COMP0067,单位083,2026-08-04
510100000000001007,参保人1007,失业,正常参保,COMP0064,单位040,2026-06-09
510100000000001008,参保人1008,失业,正常参保,COMP0060,单位116,2025-09-10
510100000000001009,参保人1009,居民医保,暂停参保,COMP0107,单位096,2025-08-25
510100000000001010,参保人1010,失业,正常参保,COMP0062,单位049,2025-08-24
510100000000001011,参保人1011,居民养老,终止参保,COMP0061,单位048,2026-03-24
510100000000001012,参保人1012,职工医保,正常参保,COMP0101,单位112,2025-09-23
510100000000001013,参保人1013,居民医保,正常参保,COMP0099,单位192,2026-06-24
510100000000001014,参保人1014,工伤,正常参保,COMP0071,单位092,2025-11-15
510100000000001015,参保人1015,居民养老,正常参保,COMP0157,单位186,2026-01-04
510100000000001016,参保人1016,职工养老,正常参保,COMP0064,单位090,2025-10-19
510100000000001017,参保人1017,居民医保,正常参保,COMP0062,单位170,2025-09-09
510100000000001018,参保人1018,居民医保,正常参保,COMP0013,单位011,2026-06-14
510100000000001019,参保人1019,职工养老,正常参保,COMP0040,单位187,2026-05-05
510100000000001020,参保人1020,失业,正常参保,COMP0138,单位044,2026-01-12
510100000000001021,参保人1021,职工医保,正常参保,COMP0002,单位178,2025-08-26
510100000000001022,参保人1022,居民医保,正常参保,COMP0113,单位128,2026-06-06
510100000000001023,参保人1023,失业,正常参保,COMP0166,单位195,2025-12-28
510100000000001024,参保人1024,工伤,正常参保,COMP0173,单位156,2026-04-19
510100000000001025,参保人1025,工伤,正常参保,COMP0100,单位135,2025-11-02
510100000000001026,参保人1026,居民医保,正常参保,COMP0132,单位023,2025-09-15
510100000000001027,参保人1027,居民养老,正常参保,COMP0161,单位028,2025-11-23
510100000000001028,参保人1028,工伤,正常参保,COMP0022,单位070,2026-05-03
510100000000001029,参保人1029,职工养老,正常参保,COMP0005,单位060,2026-04-09
510100000000001030,参保人1030,失业,正常参保,COMP0176,单位134,2026-01-02
510100000000001031,参保人1031,失业,正常参保,COMP0157,单位199,2026-04-25
510100000000001032,参保人1032,工伤,正常参保,COMP0002,单位008,2025-09-10
510100000000001033,参保人1033,职工医保,正常参保,COMP0125,单位038,2026-02-12
510100000000001034,参保人1034,职工养老,正常参保,COMP0140,单位043,2025-10-24
510100000000001035,参保人1035,职工养老,终止参保,COMP0061,单位195,2025-08-07
510100000000001036,参保人1036,职工养老,正常参保,COMP0095,单位143,2025-11-27
510100000000001037,参保人1037,工伤,正常参保,COMP0187,单位149,2025-10-07
510100000000001038,参保人1038,工伤,正常参保,COMP0086,单位166,2026-04-15
510100000000001039,参保人1039,职工医保,终止参保,COMP0100,单位160,2026-02-05
510100000000001040,参保人1040,职工养老,正常参保,COMP0099,单位003,2026-01-11
510100000000001041,参保人1041,工伤,正常参保,COMP0125,单位138,2025-09-02
510100000000001042,参保人1042,职工医保,正常参保,COMP0061,单位029,2026-07-19
510100000000001043,参保人1043,职工养老,正常参保,COMP0074,单位061,2026-03-07
510100000000001044,参保人1044,居民养老,正常参保,COMP0087,单位152,2026-03-21
510100000000001045,参保人1045,失业,终止参保,COMP0183,单位028,2026-01-22
510100000000001046,参保人1046,职工养老,正常参保,COMP0051,单位149,2025-11-12
510100000000001047,参保人1047,居民医保,正常参保,COMP0113,单位170,2026-02-22
510100000000001048,参保人1048,职工医保,正常参保,COMP0032,单位139,2026-01-30
510100000000001049,参保人1049,居民医保,正常参保,COMP0055,单位182,2026-01-09
510100000000001050,参保人1050,职工养老,正常参保,COMP0172,单位133,2025-08-29
510100000000001051,参保人1051,职工医保,正常参保,COMP0089,单位182,2025-09-02
510100000000001052,参保人1052,职工医保,正常参保,COMP0071,单位004,2026-01-26
510100000000001053,参保人1053,居民养老,正常参保,COMP0175,单位093,2026-03-18
510100000000001054,参保人1054,居民医保,正常参保,COMP0178,单位112,2026-06-09
510100000000001055,参保人1055,职工养老,正常参保,COMP0012,单位040,2026-04-11
510100000000001056,参保人1056,居民养老,暂停参保,COMP0166,单位131,2026-03-04
510100000000001057,参保人1057,居民医保,暂停参保,COMP0013,单位066,2025-10-18
510100000000001058,参保人1058,职工医保,正常参保,COMP0036,单位182,2026-07-12
510100000000001059,参保人1059,职工养老,正常参保,COMP0108,单位168,2025-10-12
510100000000001060,参保人1060,失业,正常参保,COMP0008,单位029,2025-10-15
510100000000001061,参保人1061,居民医保,正常参保,COMP0128,单位084,2026-04-13
510100000000001062,参保人1062,失业,正常参保,COMP0007,单位045,2025-12-11
510100000000001063,参保人1063,职工养老,正常参保,COMP0088,单位073,2026-02-09
510100000000001064,参保人1064,居民养老,正常参保,COMP0119,单位057,2025-11-16
510100000000001065,参保人1065,工伤,暂停参保,COMP0110,单位020,2025-12-19
510100000000001066,参保人1066,工伤,正常参保,COMP0177,单位017,2026-06-04
510100000000001067,参保人1067,居民医保,暂停参保,COMP0157,单位147,2026-07-27
510100000000001068,参保人1068,居民医保,正常参保,COMP0071,单位108,2026-06-10
510100000000001069,参保人1069,居民医保,正常参保,COMP0050,单位102,2026-01-03
510100000000001070,参保人1070,居民医保,正常参保,COMP0052,单位015,2026-05-15
510100000000001071,参保人1071,职工养老,正常参保,COMP0126,单位040,2026-05-27
510100000000001072,参保人1072,居民养老,正常参保,COMP0151,单位104,2026-04-19
510100000000001073,参保人1073,工伤,暂停参保,COMP0056,单位060,2026-03-22
510100000000001074,参保人1074,居民养老,正常参保,COMP0164,单位125,2026-07-25
510100000000001075,参保人1075,居民养老,正常参保,COMP0086,单位004,2025-12-27
510100000000001076,参保人1076,居民医保,正常参保,COMP0166,单位127,2025-08-28
510100000000001077,参保人1077,失业,正常参保,COMP0031,单位119,2026-07-27
510100000000001078,参保人1078,居民养老,正常参保,COMP0096,单位190,2026-01-27
510100000000001079,参保人1079,失业,正常参保,COMP0168,单位128,2025-12-12
510100000000001080,参保人1080,职工养老,正常参保,COMP0112,单位060,2025-08-29
510100000000001081,参保人1081,职工医保,正常参保,COMP0057,单位183,2026-04-23
510100000000001082,参保人1082,工伤,正常参保,COMP0009,单位022,2026-05-10
510100000000001083,参保人1083,居民医保,正常参保,COMP0168,单位145,2026-04-23
510100000000001084,参保人1084,工伤,正常参保,COMP0032,单位137,2026-06-28
510100000000001085,参保人1085,居民养老,正常参保,COMP0082,单位077,2026-01-11
510100000000001086,参保人1086,职工医保,正常参保,COMP0076,单位172,2026-06-30
510100000000001087,参保人1087,职工养老,正常参保,COMP0071,单位048,2026-07-20
510100000000001088,参保人1088,居民养老,正常参保,COMP0089,单位062,2025-08-07
510100000000001089,参保人1089,职工医保,正常参保,COMP0077,单位188,2025-08-26
510100000000001090,参保人1090,失业,暂停参保,COMP0054,单位132,2026-06-29
510100000000001091,参保人1091,职工医保,正常参保,COMP0160,单位187,2026-01-28
510100000000001092,参保人1092,失业,暂停参保,COMP0053,单位195,2026-03-29
510100000000001093,参保人1093,工伤,终止参保,COMP0150,单位096,2026-01-19
510100000000001094,参保人1094,失业,正常参保,COMP0006,单位032,2026-04-30
510100000000001095,参保人1095,居民医保,正常参保,COMP0187,单位076,2026-02-11
510100000000001096,参保人1096,职工养老,正常参保,COMP0093,单位069,2026-01-29
510100000000001097,参保人1097,居民养老,正常参保,COMP0127,单位169,2025-10-24
510100000000001098,参保人1098,失业,正常参保,COMP0084,单位127,2026-07-25
510100000000001099,参保人1099,工伤,正常参保,COMP0114,单位177,2025-11-04
510100000000001100,参保人1100,居民养老,正常参保,COMP0081,单位182,2025-11-07
510100000000001101,参保人1101,居民医保,正常参保,COMP0109,单位023,2026-02-14
510100000000001102,参保人1102,职工养老,正常参保,COMP0111,单位187,2025-11-11
510100000000001103,参保人1103,工伤,正常参保,COMP0189,单位016,2026-08-05
510100000000001104,参保人1104,失业,正常参保,COMP0145,单位030,2025-08-13
510100000000001105,参保人1105,工伤,终止参保,COMP0094,单位082,2025-11-11
510100000000001106,参保人1106,职工养老,正常参保,COMP0094,单位149,2026-04-17
510100000000001107,参保人1107,职工医保,正常参保,COMP0116,单位143,2026-01-18
510100000000001108,参保人1108,居民养老,正常参保,COMP0108,单位053,2026-02-08
510100000000001109,参保人1109,失业,正常参保,COMP0057,单位052,2026-03-23
510100000000001110,参保人1110,失业,正常参保,COMP0044,单位075,2026-05-01
510100000000001111,参保人1111,职工医保,正常参保,COMP0015,单位140,2025-12-13
510100000000001112,参保人1112,失业,正常参保,COMP0136,单位072,2026-03-05
510100000000001113,参保人1113,失业,正常参保,COMP0065,单位107,2025-12-18
510100000000001114,参保人1114,居民医保,正常参保,COMP0115,单位139,2026-04-26
510100000000001115,参保人1115,职工养老,暂停参保,COMP0017,单位160,2025-12-29
510100000000001116,参保人1116,工伤,正常参保,COMP0168,单位151,2026-06-12
510100000000001117,参保人1117,失业,正常参保,COMP0178,单位102,2026-01-27
510100000000001118,参保人1118,职工养老,正常参保,COMP0177,单位115,2026-03-21
510100000000001119,参保人1119,职工医保,正常参保,COMP0115,单位194,2026-06-05
510100000000001120,参保人1120,职工养老,正常参保,COMP0017,单位006,2026-03-13
510100000000001121,参保人1121,失业,正常参保,COMP0194,单位038,2026-04-10
510100000000001122,参保人1122,工伤,正常参保,COMP0177,单位043,2026-02-24
510100000000001123,参保人1123,居民医保,正常参保,COMP0052,单位058,2025-10-23
510100000000001124,参保人1124,职工医保,终止参保,COMP0188,单位083,2026-02-02
510100000000001125,参保人1125,居民养老,终止参保,COMP0104,单位184,2025-10-27
510100000000001126,参保人1126,职工医保,正常参保,COMP0048,单位040,2026-05-02
510100000000001127,参保人1127,居民养老,正常参保,COMP0114,单位132,2026-03-23
510100000000001128,参保人1128,居民养老,正常参保,COMP0119,单位142,2025-12-13
510100000000001129,参保人1129,职工医保,正常参保,COMP0067,单位152,2026-04-11
510100000000001130,参保人1130,居民医保,正常参保,COMP0026,单位148,2025-08-12
510100000000001131,参保人1131,居民医保,正常参保,COMP0067,单位152,2026-08-02
510100000000001132,参保人1132,职工养老,正常参保,COMP0027,单位113,2025-11-09
510100000000001133,参保人1133,职工养老,正常参保,COMP0105,单位181,2026-06-24
510100000000001134,参保人1134,居民医保,正常参保,COMP0162,单位095,2025-09-01
510100000000001135,参保人1135,居民养老,正常参保,COMP0132,单位087,2026-02-12
510100000000001136,参保人1136,职工医保,正常参保,COMP0066,单位158,2026-03-11
510100000000001137,参保人1137,职工医保,正常参保,COMP0177,单位116,2026-01-05
510100000000001138,参保人1138,工伤,正常参保,COMP0116,单位038,2025-11-27
510100000000001139,参保人1139,居民医保,正常参保,COMP0046,单位025,2025-11-03
510100000000001140,参保人1140,职工医保,正常参保,COMP0070,单位113,2025-08-09
510100000000001141,参保人1141,居民养老,正常参保,COMP0196,单位091,2026-07-20
510100000000001142,参保人1142,工伤,暂停参保,COMP0104,单位151,2026-01-27
510100000000001143,参保人1143,职工养老,正常参保,COMP0138,单位089,2026-02-08
510100000000001144,参保人1144,职工医保,正常参保,COMP0061,单位192,2026-08-02
510100000000001145,参保人1145,居民医保,正常参保,COMP0055,单位037,2026-06-12
510100000000001146,参保人1146,职工养老,暂停参保,COMP0197,单位073,2026-06-09
510100000000001147,参保人1147,居民医保,正常参保,COMP0104,单位188,2025-10-04
510100000000001148,参保人1148,失业,正常参保,COMP0108,单位076,2026-05-09
510100000000001149,参保人1149,工伤,正常参保,COMP0191,单位192,2025-12-30
510100000000001150,参保人1150,居民医保,暂停参保,COMP0103,单位186,2026-02-04
510100000000001151,参保人1151,居民医保,正常参保,COMP0052,单位089,2026-05-23
510100000000001152,参保人1152,职工医保,正常参保,COMP0022,单位040,2026-04-28
510100000000001153,参保人1153,职工医保,正常参保,COMP0191,单位182,2025-09-06
510100000000001154,参保人1154,职工医保,正常参保,COMP0166,单位099,2026-01-11
510100000000001155,参保人1155,失业,正常参保,COMP0017,单位017,2026-05-09
510100000000001156,参保人1156,工伤,正常参保,COMP0166,单位081,2026-05-21
510100000000001157,参保人1157,工伤,正常参保,COMP0163,单位110,2026-07-24
510100000000001158,参保人1158,工伤,正常参保,COMP0054,单位027,2025-11-11
510100000000001159,参保人1159,职工医保,正常参保,COMP0163,单位060,2026-08-01
510100000000001160,参保人1160,工伤,正常参保,COMP0058,单位049,2026-01-02
510100000000001161,参保人1161,居民医保,正常参保,COMP0047,单位005,2026-07-18
510100000000001162,参保人1162,失业,正常参保,COMP0059,单位192,2025-12-08
510100000000001163,参保人1163,居民医保,正常参保,COMP0017,单位014,2026-07-25
510100000000001164,参保人1164,居民养老,正常参保,COMP0019,单位063,2025-12-11
510100000000001165,参保人1165,居民养老,正常参保,COMP0081,单位163,2026-04-29
510100000000001166,参保人1166,职工养老,正常参保,COMP0122,单位176,2026-06-24
510100000000001167,参保人1167,工伤,正常参保,COMP0071,单位107,2026-06-18
510100000000001168,参保人1168,职工医保,终止参保,COMP0032,单位164,2026-03-19
510100000000001169,参保人1169,失业,正常参保,COMP0128,单位142,2025-12-11
510100000000001170,参保人1170,失业,正常参保,COMP0040,单位187,2026-01-11
510100000000001171,参保人1171,居民养老,正常参保,COMP0190,单位132,2025-08-26
510100000000001172,参保人1172,居民养老,终止参保,COMP0194,单位031,2025-11-21
510100000000001173,参保人1173,失业,正常参保,COMP0024,单位015,2026-02-17
510100000000001174,参保人1174,职工医保,正常参保,COMP0194,单位008,2026-05-28
510100000000001175,参保人1175,居民养老,正常参保,COMP0030,单位146,2026-01-22
510100000000001176,参保人1176,工伤,暂停参保,COMP0167,单位060,2026-05-01
510100000000001177,参保人1177,职工养老,正常参保,COMP0151,单位197,2025-08-22
510100000000001178,参保人1178,失业,正常参保,COMP0122,单位108,2026-08-03
510100000000001179,参保人1179,工伤,正常参保,COMP0006,单位032,2026-04-23
510100000000001180,参保人1180,居民医保,正常参保,COMP0168,单位122,2026-05-03
510100000000001181,参保人1181,职工医保,正常参保,COMP0006,单位112,2025-09-18
510100000000001182,参保人1182,居民医保,正常参保,COMP0043,单位145,2026-05-03
510100000000001183,参保人1183,居民养老,正常参保,COMP0196,单位081,2025-10-14
510100000000001184,参保人1184,职工养老,正常参保,COMP0160,单位198,2025-10-20
510100000000001185,参保人1185,失业,正常参保,COMP0150,单位112,2025-12-03
510100000000001186,参保人1186,职工养老,正常参保,COMP0003,单位137,2025-09-25
510100000000001187,参保人1187,居民养老,正常参保,COMP0014,单位018,2026-04-16
510100000000001188,参保人1188,职工养老,正常参保,COMP0023,单位083,2026-04-04
510100000000001189,参保人1189,工伤,正常参保,COMP0116,单位030,2025-10-30
510100000000001190,参保人1190,居民养老,终止参保,COMP0112,单位025,2026-05-25
510100000000001191,参保人1191,失业,正常参保,COMP0094,单位119,2026-04-02
510100000000001192,参保人1192,职工医保,正常参保,COMP0078,单位099,2026-04-13
510100000000001193,参保人1193,居民医保,正常参保,COMP0099,单位011,2026-05-14
510100000000001194,参保人1194,工伤,正常参保,COMP0173,单位135,2026-01-10
510100000000001195,参保人1195,失业,正常参保,COMP0002,单位076,2026-04-08
510100000000001196,参保人1196,居民医保,正常参保,COMP0054,单位075,2025-11-08
510100000000001197,参保人1197,职工医保,正常参保,COMP0187,单位090,2026-03-16
510100000000001198,参保人1198,失业,正常参保,COMP0108,单位175,2025-12-11
510100000000001199,参保人1199,居民医保,正常参保,COMP0188,单位077,2025-12-04
510100000000001200,参保人1200,居民医保,正常参保,COMP0059,单位155,2025-10-28
510100000000001201,参保人1201,失业,正常参保,COMP0124,单位012,2026-03-19
510100000000001202,参保人1202,失业,正常参保,COMP0017,单位063,2025-11-27
510100000000001203,参保人1203,职工医保,正常参保,COMP0008,单位069,2026-05-09
510100000000001204,参保人1204,居民养老,正常参保,COMP0118,单位093,2026-02-13
510100000000001205,参保人1205,居民养老,正常参保,COMP0151,单位144,2025-11-10
510100000000001206,参保人1206,居民医保,正常参保,COMP0180,单位124,2025-10-18
510100000000001207,参保人1207,工伤,正常参保,COMP0143,单位175,2025-11-05
510100000000001208,参保人1208,工伤,正常参保,COMP0064,单位165,2026-07-11
510100000000001209,参保人1209,居民养老,正常参保,COMP0148,单位025,2025-09-15
510100000000001210,参保人1210,居民养老,正常参保,COMP0150,单位016,2026-03-14
510100000000001211,参保人1211,工伤,正常参保,COMP0100,单位030,2026-06-23
510100000000001212,参保人1212,职工养老,正常参保,COMP0034,单位141,2025-09-23
510100000000001213,参保人1213,失业,暂停参保,COMP0100,单位022,2026-02-08
510100000000001214,参保人1214,居民养老,正常参保,COMP0073,单位147,2026-06-30
510100000000001215,参保人1215,失业,正常参保,COMP0185,单位148,2026-07-29
510100000000001216,参保人1216,居民养老,正常参保,COMP0082,单位005,2025-08-29
510100000000001217,参保人1217,失业,正常参保,COMP0165,单位022,2025-09-17
510100000000001218,参保人1218,工伤,正常参保,COMP0034,单位077,2025-10-13
510100000000001219,参保人1219,职工医保,暂停参保,COMP0135,单位068,2026-03-13
510100000000001220,参保人1220,居民医保,暂停参保,COMP0159,单位128,2026-02-25
510100000000001221,参保人1221,职工医保,正常参保,COMP0189,单位159,2025-09-02
510100000000001222,参保人1222,工伤,正常参保,COMP0066,单位187,2026-03-22
510100000000001223,参保人1223,居民医保,正常参保,COMP0060,单位017,2025-08-20
510100000000001224,参保人1224,失业,正常参保,COMP0159,单位107,2026-05-11
510100000000001225,参保人1225,职工医保,正常参保,COMP0119,单位085,2026-08-03
510100000000001226,参保人1226,居民医保,正常参保,COMP0140,单位095,2026-01-10
510100000000001227,参保人1227,职工医保,正常参保,COMP0092,单位065,2026-06-21
510100000000001228,参保人1228,居民养老,正常参保,COMP0106,单位199,2026-04-23
510100000000001229,参保人1229,居民养老,正常参保,COMP0154,单位040,2025-10-05
510100000000001230,参保人1230,职工养老,正常参保,COMP0195,单位012,2026-01-24
510100000000001231,参保人1231,居民医保,正常参保,COMP0113,单位182,2025-10-06
510100000000001232,参保人1232,居民医保,正常参保,COMP0182,单位030,2026-05-15
510100000000001233,参保人1233,失业,正常参保,COMP0025,单位096,2025-11-14
510100000000001234,参保人1234,居民养老,正常参保,COMP0040,单位077,2025-08-11
510100000000001235,参保人1235,失业,正常参保,COMP0047,单位165,2025-12-04
510100000000001236,参保人1236,工伤,正常参保,COMP0185,单位107,2025-10-28
510100000000001237,参保人1237,职工医保,正常参保,COMP0162,单位160,2026-05-10
510100000000001238,参保人1238,居民医保,正常参保,COMP0168,单位073,2026-05-23
510100000000001239,参保人1239,居民医保,正常参保,COMP0010,单位096,2025-12-24
510100000000001240,参保人1240,居民养老,正常参保,COMP0060,单位066,2025-09-20
510100000000001241,参保人1241,职工养老,正常参保,COMP0152,单位155,2026-03-01
510100000000001242,参保人1242,职工医保,正常参保,COMP0194,单位029,2026-07-23
510100000000001243,参保人1243,居民养老,正常参保,COMP0084,单位125,2025-08-13
510100000000001244,参保人1244,工伤,正常参保,COMP0110,单位078,2025-08-15
510100000000001245,参保人1245,居民医保,正常参保,COMP0142,单位162,2026-04-01
510100000000001246,参保人1246,居民医保,正常参保,COMP0150,单位198,2026-07-02
510100000000001247,参保人1247,工伤,正常参保,COMP0022,单位127,2025-09-05
510100000000001248,参保人1248,工伤,终止参保,COMP0184,单位096,2026-02-24
510100000000001249,参保人1249,居民养老,正常参保,COMP0038,单位195,2026-03-09
510100000000001250,参保人1250,工伤,正常参保,COMP0187,单位197,2026-03-11
510100000000001251,参保人1251,职工养老,正常参保,COMP0198,单位140,2025-09-04
510100000000001252,参保人1252,工伤,正常参保,COMP0142,单位061,2026-01-20
510100000000001253,参保人1253,失业,正常参保,COMP0015,单位044,2026-02-19
510100000000001254,参保人1254,失业,正常参保,COMP0098,单位005,2026-04-20
510100000000001255,参保人1255,职工养老,正常参保,COMP0104,单位123,2026-01-13
510100000000001256,参保人1256,职工养老,终止参保,COMP0031,单位099,2025-11-07
510100000000001257,参保人1257,居民养老,正常参保,COMP0110,单位182,2026-01-29
510100000000001258,参保人1258,工伤,正常参保,COMP0035,单位133,2026-01-18
510100000000001259,参保人1259,工伤,正常参保,COMP0153,单位095,2025-11-02
510100000000001260,参保人1260,居民医保,正常参保,COMP0069,单位089,2026-05-27
510100000000001261,参保人1261,职工医保,正常参保,COMP0172,单位087,2026-05-03
510100000000001262,参保人1262,职工养老,正常参保,COMP0054,单位088,2026-06-14
510100000000001263,参保人1263,居民医保,正常参保,COMP0099,单位020,2026-06-22
510100000000001264,参保人1264,职工养老,正常参保,COMP0127,单位058,2026-04-18
510100000000001265,参保人1265,职工医保,正常参保,COMP0194,单位157,2025-09-01
510100000000001266,参保人1266,失业,正常参保,COMP0029,单位112,2026-02-27
510100000000001267,参保人1267,职工养老,正常参保,COMP0163,单位197,2025-08-08
510100000000001268,参保人1268,居民养老,正常参保,COMP0109,单位020,2026-05-26
510100000000001269,参保人1269,居民养老,正常参保,COMP0102,单位173,2026-02-17
510100000000001270,参保人1270,工伤,正常参保,COMP0188,单位185,2026-05-13
510100000000001271,参保人1271,居民养老,正常参保,COMP0111,单位181,2025-08-07
510100000000001272,参保人1272,失业,正常参保,COMP0042,单位090,2025-12-10
510100000000001273,参保人1273,职工养老,正常参保,COMP0151,单位043,2026-05-22
510100000000001274,参保人1274,居民养老,正常参保,COMP0020,单位184,2026-01-08
510100000000001275,参保人1275,职工养老,正常参保,COMP0183,单位011,2026-03-06
510100000000001276,参保人1276,居民医保,正常参保,COMP0011,单位038,2026-05-01
510100000000001277,参保人1277,职工养老,正常参保,COMP0192,单位134,2025-12-20
510100000000001278,参保人1278,职工医保,正常参保,COMP0065,单位099,2025-12-18
510100000000001279,参保人1279,职工养老,正常参保,COMP0118,单位175,2025-11-17
510100000000001280,参保人1280,职工养老,正常参保,COMP0068,单位153,2026-03-06
510100000000001281,参保人1281,失业,正常参保,COMP0171,单位051,2026-04-12
510100000000001282,参保人1282,工伤,正常参保,COMP0053,单位088,2026-01-11
510100000000001283,参保人1283,职工医保,正常参保,COMP0089,单位125,2026-04-11
510100000000001284,参保人1284,失业,正常参保,COMP0116,单位118,2025-11-20
510100000000001285,参保人1285,职工养老,终止参保,COMP0049,单位007,2026-04-07
510100000000001286,参保人1286,职工养老,暂停参保,COMP0182,单位173,2025-11-01
510100000000001287,参保人1287,居民医保,正常参保,COMP0111,单位057,2026-07-12
510100000000001288,参保人1288,职工医保,正常参保,COMP0029,单位097,2026-02-24
510100000000001289,参保人1289,失业,正常参保,COMP0035,单位030,2025-08-24
510100000000001290,参保人1290,职工医保,正常参保,COMP0158,单位093,2026-02-15
510100000000001291,参保人1291,失业,正常参保,COMP0179,单位102,2026-04-23
510100000000001292,参保人1292,职工养老,正常参保,COMP0181,单位064,2025-12-04
510100000000001293,参保人1293,居民养老,正常参保,COMP0064,单位087,2026-01-02
510100000000001294,参保人1294,居民医保,正常参保,COMP0022,单位081,2026-01-09
510100000000001295,参保人1295,职工医保,正常参保,COMP0074,单位138,2025-10-05
510100000000001296,参保人1296,失业,暂停参保,COMP0052,单位161,2026-08-06
510100000000001297,参保人1297,居民养老,正常参保,COMP0188,单位162,2026-08-03
510100000000001298,参保人1298,职工医保,正常参保,COMP0171,单位004,2026-08-06
510100000000001299,参保人1299,失业,正常参保,COMP0189,单位035,2026-07-30
510100000000001300,参保人1300,工伤,正常参保,COMP0036,单位178,2025-12-06
510100000000001301,参保人1301,职工养老,正常参保,COMP0027,单位032,2025-09-07
510100000000001302,参保人1302,职工医保,正常参保,COMP0156,单位157,2026-07-22
510100000000001303,参保人1303,职工养老,正常参保,COMP0187,单位031,2025-11-20
510100000000001304,参保人1304,工伤,正常参保,COMP0039,单位048,2026-06-29
510100000000001305,参保人1305,职工医保,正常参保,COMP0030,单位158,2025-11-02
510100000000001306,参保人1306,职工养老,正常参保,COMP0108,单位012,2025-12-28
510100000000001307,参保人1307,居民养老,正常参保,COMP0090,单位181,2025-11-25
510100000000001308,参保人1308,工伤,正常参保,COMP0127,单位186,2025-08-26
510100000000001309,参保人1309,居民医保,正常参保,COMP0070,单位044,2026-01-19
510100000000001310,参保人1310,失业,正常参保,COMP0101,单位146,2026-05-04
510100000000001311,参保人1311,失业,正常参保,COMP0170,单位033,2025-12-21
510100000000001312,参保人1312,居民养老,暂停参保,COMP0155,单位167,2025-12-04
510100000000001313,参保人1313,工伤,正常参保,COMP0029,单位161,2025-12-15
510100000000001314,参保人1314,失业,正常参保,COMP0002,单位180,2026-02-16
510100000000001315,参保人1315,失业,正常参保,COMP0003,单位135,2026-02-17
510100000000001316,参保人1316,居民医保,正常参保,COMP0165,单位186,2025-08-08
510100000000001317,参保人1317,职工养老,暂停参保,COMP0122,单位011,2026-05-31
510100000000001318,参保人1318,职工养老,正常参保,COMP0196,单位113,2026-05-01
510100000000001319,参保人1319,工伤,正常参保,COMP0022,单位194,2026-02-16
510100000000001320,参保人1320,失业,正常参保,COMP0025,单位185,2026-05-14
510100000000001321,参保人1321,职工养老,正常参保,COMP0095,单位142,2026-02-21
510100000000001322,参保人1322,居民养老,终止参保,COMP0179,单位119,2025-11-15
510100000000001323,参保人1323,居民医保,正常参保,COMP0150,单位160,2026-01-04
510100000000001324,参保人1324,工伤,正常参保,COMP0053,单位187,2025-09-11
510100000000001325,参保人1325,职工养老,正常参保,COMP0122,单位015,2026-04-06
510100000000001326,参保人1326,职工养老,正常参保,COMP0010,单位092,2026-07-09
510100000000001327,参保人1327,职工养老,正常参保,COMP0140,单位111,2025-10-17
510100000000001328,参保人1328,工伤,暂停参保,COMP0147,单位067,2026-07-30
510100000000001329,参保人1329,居民医保,正常参保,COMP0175,单位132,2026-02-09
510100000000001330,参保人1330,工伤,正常参保,COMP0045,单位136,2025-08-29
510100000000001331,参保人1331,工伤,正常参保,COMP0009,单位060,2025-09-07
510100000000001332,参保人1332,工伤,正常参保,COMP0015,单位071,2026-04-27
510100000000001333,参保人1333,居民医保,正常参保,COMP0022,单位152,2026-04-16
510100000000001334,参保人1334,工伤,正常参保,COMP0001,单位010,2026-01-11
510100000000001335,参保人1335,失业,正常参保,COMP0184,单位113,2025-10-05
510100000000001336,参保人1336,居民养老,正常参保,COMP0188,单位154,2025-09-07
510100000000001337,参保人1337,职工医保,正常参保,COMP0121,单位023,2026-02-17
510100000000001338,参保人1338,失业,正常参保,COMP0171,单位025,2026-07-20
510100000000001339,参保人1339,失业,正常参保,COMP0043,单位078,2025-10-27
510100000000001340,参保人1340,居民医保,正常参保,COMP0188,单位063,2026-05-07
510100000000001341,参保人1341,职工养老,正常参保,COMP0155,单位160,2026-04-18
510100000000001342,参保人1342,职工医保,终止参保,COMP0068,单位046,2025-12-01
510100000000001343,参保人1343,居民医保,正常参保,COMP0154,单位136,2026-08-01
510100000000001344,参保人1344,失业,正常参保,COMP0013,单位197,2026-07-13
510100000000001345,参保人1345,居民养老,正常参保,COMP0111,单位082,2026-06-02
510100000000001346,参保人1346,居民医保,正常参保,COMP0114,单位175,2025-09-22
510100000000001347,参保人1347,居民养老,正常参保,COMP0114,单位111,2025-12-01
510100000000001348,参保人1348,职工养老,正常参保,COMP0035,单位053,2026-07-12
510100000000001349,参保人1349,失业,正常参保,COMP0118,单位045,2026-01-03
510100000000001350,参保人1350,职工医保,正常参保,COMP0051,单位171,2026-01-05
510100000000001351,参保人1351,失业,正常参保,COMP0082,单位076,2025-12-30
510100000000001352,参保人1352,居民养老,正常参保,COMP0187,单位033,2026-07-10
510100000000001353,参保人1353,职工养老,正常参保,COMP0126,单位177,2026-07-01
510100000000001354,参保人1354,居民医保,终止参保,COMP0098,单位127,2026-02-20
510100000000001355,参保人1355,失业,正常参保,COMP0126,单位087,2025-10-01
510100000000001356,参保人1356,失业,正常参保,COMP0028,单位163,2026-02-15
510100000000001357,参保人1357,失业,正常参保,COMP0183,单位085,2025-10-29
510100000000001358,参保人1358,工伤,正常参保,COMP0065,单位134,2026-03-09
510100000000001359,参保人1359,职工养老,正常参保,COMP0087,单位171,2025-08-09
510100000000001360,参保人1360,失业,正常参保,COMP0146,单位087,2025-12-25
510100000000001361,参保人1361,工伤,正常参保,COMP0103,单位151,2025-08-25
510100000000001362,参保人1362,工伤,正常参保,COMP0088,单位115,2025-10-08
510100000000001363,参保人1363,职工养老,正常参保,COMP0135,单位050,2025-09-01
510100000000001364,参保人1364,职工养老,正常参保,COMP0091,单位137,2025-12-05
510100000000001365,参保人1365,工伤,正常参保,COMP0031,单位021,2026-05-09
510100000000001366,参保人1366,工伤,正常参保,COMP0177,单位087,2026-03-12
510100000000001367,参保人1367,工伤,暂停参保,COMP0145,单位028,2026-07-13
510100000000001368,参保人1368,居民医保,正常参保,COMP0134,单位075,2025-12-01
510100000000001369,参保人1369,工伤,正常参保,COMP0134,单位173,2026-05-24
510100000000001370,参保人1370,失业,正常参保,COMP0168,单位003,2025-08-17
510100000000001371,参保人1371,职工医保,正常参保,COMP0019,单位146,2025-12-09
510100000000001372,参保人1372,居民养老,正常参保,COMP0035,单位190,2026-08-06
510100000000001373,参保人1373,居民养老,正常参保,COMP0173,单位177,2026-04-03
510100000000001374,参保人1374,职工养老,终止参保,COMP0089,单位144,2025-12-24
510100000000001375,参保人1375,工伤,正常参保,COMP0151,单位025,2026-07-22
510100000000001376,参保人1376,失业,正常参保,COMP0129,单位042,2025-09-05
510100000000001377,参保人1377,居民养老,正常参保,COMP0146,单位034,2025-08-27
510100000000001378,参保人1378,工伤,正常参保,COMP0134,单位021,2026-04-07
510100000000001379,参保人1379,失业,终止参保,COMP0105,单位048,2026-06-29
510100000000001380,参保人1380,居民医保,正常参保,COMP0030,单位018,2026-05-11
510100000000001381,参保人1381,居民养老,正常参保,COMP0015,单位004,2026-01-28
510100000000001382,参保人1382,职工医保,正常参保,COMP0154,单位132,2026-01-10
510100000000001383,参保人1383,职工养老,正常参保,COMP0069,单位005,2025-11-04
510100000000001384,参保人1384,居民医保,正常参保,COMP0093,单位013,2025-11-20
510100000000001385,参保人1385,居民医保,正常参保,COMP0189,单位095,2026-04-24
510100000000001386,参保人1386,职工养老,正常参保,COMP0110,单位009,2026-04-12
510100000000001387,参保人1387,职工养老,终止参保,COMP0042,单位141,2026-02-24
510100000000001388,参保人1388,工伤,正常参保,COMP0037,单位074,2026-05-26
510100000000001389,参保人1389,居民养老,正常参保,COMP0130,单位056,2026-06-08
510100000000001390,参保人1390,工伤,正常参保,COMP0157,单位179,2026-01-22
510100000000001391,参保人1391,职工医保,正常参保,COMP0178,单位020,2025-12-14
510100000000001392,参保人1392,职工医保,正常参保,COMP0153,单位013,2026-04-07
510100000000001393,参保人1393,居民养老,正常参保,COMP0195,单位186,2026-04-30
510100000000001394,参保人1394,居民医保,正常参保,COMP0118,单位084,2026-01-27
510100000000001395,参保人1395,工伤,正常参保,COMP0059,单位188,2025-09-23
510100000000001396,参保人1396,职工医保,正常参保,COMP0015,单位183,2026-07-03
510100000000001397,参保人1397,失业,正常参保,COMP0102,单位100,2026-07-31
510100000000001398,参保人1398,失业,正常参保,COMP0049,单位144,2026-04-18
510100000000001399,参保人1399,失业,正常参保,COMP0072,单位080,2026-05-16
510100000000001400,参保人1400,居民医保,正常参保,COMP0191,单位173,2026-07-31
510100000000001401,参保人1401,职工养老,正常参保,COMP0034,单位036,2026-08-01
510100000000001402,参保人1402,居民医保,正常参保,COMP0134,单位029,2026-04-03
510100000000001403,参保人1403,职工医保,正常参保,COMP0081,单位174,2026-03-08
510100000000001404,参保人1404,职工养老,正常参保,COMP0127,单位115,2025-10-27
510100000000001405,参保人1405,职工养老,正常参保,COMP0166,单位189,2026-05-21
510100000000001406,参保人1406,职工养老,正常参保,COMP0176,单位021,2026-06-14
510100000000001407,参保人1407,失业,正常参保,COMP0072,单位179,2025-11-04
510100000000001408,参保人1408,失业,正常参保,COMP0071,单位137,2026-04-20
510100000000001409,参保人1409,职工医保,正常参保,COMP0191,单位056,2026-01-23
510100000000001410,参保人1410,职工养老,正常参保,COMP0104,单位007,2025-10-28
510100000000001411,参保人1411,职工医保,暂停参保,COMP0199,单位172,2026-05-12
510100000000001412,参保人1412,职工医保,正常参保,COMP0042,单位117,2026-02-10
510100000000001413,参保人1413,居民养老,正常参保,COMP0187,单位127,2026-01-10
510100000000001414,参保人1414,职工养老,正常参保,COMP0133,单位048,2025-12-26
510100000000001415,参保人1415,职工养老,正常参保,COMP0190,单位099,2026-04-13
510100000000001416,参保人1416,失业,正常参保,COMP0112,单位061,2026-05-04
510100000000001417,参保人1417,职工医保,正常参保,COMP0116,单位151,2025-09-03
510100000000001418,参保人1418,居民医保,正常参保,COMP0079,单位079,2026-05-29
510100000000001419,参保人1419,职工养老,正常参保,COMP0050,单位036,2025-12-03
510100000000001420,参保人1420,职工养老,正常参保,COMP0047,单位105,2025-08-18
510100000000001421,参保人1421,工伤,正常参保,COMP0116,单位013,2026-08-06
510100000000001422,参保人1422,居民医保,正常参保,COMP0079,单位078,2025-08-23
510100000000001423,参保人1423,居民医保,正常参保,COMP0199,单位159,2026-01-27
510100000000001424,参保人1424,工伤,正常参保,COMP0038,单位014,2025-08-25
510100000000001425,参保人1425,失业,正常参保,COMP0101,单位089,2026-06-12
510100000000001426,参保人1426,失业,暂停参保,COMP0084,单位085,2025-12-05
510100000000001427,参保人1427,失业,正常参保,COMP0016,单位050,2026-04-07
510100000000001428,参保人1428,职工医保,正常参保,COMP0017,单位080,2026-03-30
510100000000001429,参保人1429,居民养老,正常参保,COMP0167,单位094,2026-05-18
510100000000001430,参保人1430,职工医保,正常参保,COMP0069,单位148,2026-07-22
510100000000001431,参保人1431,职工养老,正常参保,COMP0197,单位170,2026-02-03
510100000000001432,参保人1432,居民医保,正常参保,COMP0107,单位100,2025-08-30
510100000000001433,参保人1433,失业,正常参保,COMP0162,单位183,2026-03-03
510100000000001434,参保人1434,失业,终止参保,COMP0018,单位071,2026-05-02
510100000000001435,参保人1435,职工医保,正常参保,COMP0132,单位004,2026-04-04
510100000000001436,参保人1436,居民医保,正常参保,COMP0171,单位059,2026-07-06
510100000000001437,参保人1437,职工医保,正常参保,COMP0106,单位105,2025-12-22
510100000000001438,参保人1438,居民养老,正常参保,COMP0062,单位034,2026-05-12
510100000000001439,参保人1439,居民医保,正常参保,COMP0056,单位113,2026-07-25
510100000000001440,参保人1440,居民医保,正常参保,COMP0113,单位171,2025-10-16
510100000000001441,参保人1441,工伤,正常参保,COMP0079,单位146,2026-02-06
510100000000001442,参保人1442,职工养老,正常参保,COMP0098,单位058,2026-01-23
510100000000001443,参保人1443,职工养老,正常参保,COMP0146,单位106,2025-11-17
510100000000001444,参保人1444,失业,正常参保,COMP0193,单位068,2025-10-06
510100000000001445,参保人1445,居民养老,正常参保,COMP0149,单位078,2026-07-29
510100000000001446,参保人1446,职工养老,正常参保,COMP0076,单位042,2026-02-04
510100000000001447,参保人1447,职工养老,正常参保,COMP0128,单位020,2025-09-13
510100000000001448,参保人1448,职工医保,正常参保,COMP0113,单位024,2026-05-16
510100000000001449,参保人1449,失业,正常参保,COMP0185,单位183,2025-09-25
510100000000001450,参保人1450,职工养老,正常参保,COMP0030,单位022,2026-01-07
510100000000001451,参保人1451,失业,正常参保,COMP0169,单位042,2026-05-01
510100000000001452,参保人1452,职工医保,正常参保,COMP0158,单位112,2025-12-03
510100000000001453,参保人1453,居民医保,正常参保,COMP0038,单位142,2026-01-12
510100000000001454,参保人1454,失业,正常参保,COMP0022,单位195,2026-06-12
510100000000001455,参保人1455,职工养老,正常参保,COMP0172,单位035,2026-04-15
510100000000001456,参保人1456,工伤,正常参保,COMP0052,单位085,2026-01-21
510100000000001457,参保人1457,工伤,正常参保,COMP0179,单位129,2025-12-31
510100000000001458,参保人1458,工伤,正常参保,COMP0016,单位123,2026-06-07
510100000000001459,参保人1459,失业,正常参保,COMP0026,单位080,2026-06-03
510100000000001460,参保人1460,居民养老,正常参保,COMP0192,单位171,2025-11-07
510100000000001461,参保人1461,职工医保,正常参保,COMP0023,单位135,2026-02-07
510100000000001462,参保人1462,居民养老,正常参保,COMP0162,单位046,2026-01-13
510100000000001463,参保人1463,失业,正常参保,COMP0071,单位096,2026-03-13
510100000000001464,参保人1464,居民医保,正常参保,COMP0178,单位125,2026-05-18
510100000000001465,参保人1465,工伤,正常参保,COMP0070,单位150,2025-10-23
510100000000001466,参保人1466,职工医保,正常参保,COMP0129,单位182,2025-12-11
510100000000001467,参保人1467,工伤,正常参保,COMP0198,单位146,2026-06-23
510100000000001468,参保人1468,职工医保,正常参保,COMP0023,单位154,2025-09-06
510100000000001469,参保人1469,居民养老,正常参保,COMP0026,单位097,2026-07-02
510100000000001470,参保人1470,工伤,正常参保,COMP0192,单位185,2026-05-30
510100000000001471,参保人1471,工伤,正常参保,COMP0055,单位122,2026-05-02
510100000000001472,参保人1472,失业,正常参保,COMP0078,单位157,2026-03-06
510100000000001473,参保人1473,职工养老,正常参保,COMP0067,单位087,2026-07-04
510100000000001474,参保人1474,职工医保,正常参保,COMP0169,单位151,2026-05-28
510100000000001475,参保人1475,职工养老,正常参保,COMP0032,单位031,2026-05-17
510100000000001476,参保人1476,职工养老,正常参保,COMP0105,单位001,2026-06-07
510100000000001477,参保人1477,失业,正常参保,COMP0006,单位103,2026-07-28
510100000000001478,参保人1478,居民医保,终止参保,COMP0158,单位149,2026-04-03
510100000000001479,参保人1479,居民养老,正常参保,COMP0097,单位074,2026-04-14
510100000000001480,参保人1480,居民医保,正常参保,COMP0192,单位056,2026-01-11
510100000000001481,参保人1481,职工医保,正常参保,COMP0015,单位062,2026-03-05
510100000000001482,参保人1482,居民养老,正常参保,COMP0064,单位187,2026-03-30
510100000000001483,参保人1483,居民养老,正常参保,COMP0013,单位015,2026-05-10
510100000000001484,参保人1484,居民养老,正常参保,COMP0191,单位074,2026-07-13
510100000000001485,参保人1485,工伤,正常参保,COMP0171,单位117,2026-02-22
510100000000001486,参保人1486,职工医保,正常参保,COMP0088,单位168,2026-04-09
510100000000001487,参保人1487,职工医保,正常参保,COMP0057,单位130,2025-08-20
510100000000001488,参保人1488,职工医保,正常参保,COMP0137,单位068,2025-09-04
510100000000001489,参保人1489,职工医保,正常参保,COMP0112,单位094,2026-02-20
510100000000001490,参保人1490,居民医保,正常参保,COMP0085,单位149,2026-02-05
510100000000001491,参保人1491,工伤,正常参保,COMP0074,单位109,2025-11-06
510100000000001492,参保人1492,居民医保,正常参保,COMP0101,单位045,2026-05-17
510100000000001493,参保人1493,职工医保,正常参保,COMP0014,单位177,2026-03-03
510100000000001494,参保人1494,居民养老,正常参保,COMP0148,单位120,2026-06-21
510100000000001495,参保人1495,职工养老,正常参保,COMP0079,单位155,2025-11-09
510100000000001496,参保人1496,居民养老,正常参保,COMP0090,单位180,2026-07-12
510100000000001497,参保人1497,职工医保,正常参保,COMP0154,单位174,2026-05-07
510100000000001498,参保人1498,职工医保,正常参保,COMP0181,单位131,2025-10-13
510100000000001499,参保人1499,职工养老,正常参保,COMP0161,单位076,2026-02-11
510100000000001500,参保人1500,职工养老,正常参保,COMP0055,单位154,2025-08-17
510100000000001501,参保人1501,居民养老,终止参保,COMP0117,单位118,2025-11-17
510100000000001502,参保人1502,失业,正常参保,COMP0100,单位144,2026-01-30
510100000000001503,参保人1503,失业,正常参保,COMP0129,单位049,2026-07-13
510100000000001504,参保人1504,居民医保,正常参保,COMP0144,单位186,2026-01-19
510100000000001505,参保人1505,工伤,暂停参保,COMP0134,单位144,2026-03-12
510100000000001506,参保人1506,职工医保,正常参保,COMP0043,单位154,2026-05-09
510100000000001507,参保人1507,失业,正常参保,COMP0161,单位026,2026-04-08
510100000000001508,参保人1508,工伤,正常参保,COMP0063,单位195,2026-05-31
510100000000001509,参保人1509,工伤,正常参保,COMP0002,单位142,2026-04-21
510100000000001510,参保人1510,失业,正常参保,COMP0140,单位044,2025-11-11
510100000000001511,参保人1511,失业,正常参保,COMP0126,单位098,2025-12-14
510100000000001512,参保人1512,居民医保,正常参保,COMP0156,单位048,2026-06-02
510100000000001513,参保人1513,居民医保,正常参保,COMP0087,单位079,2026-01-14
510100000000001514,参保人1514,职工医保,正常参保,COMP0124,单位130,2026-05-15
510100000000001515,参保人1515,居民养老,正常参保,COMP0046,单位131,2026-02-05
510100000000001516,参保人1516,居民养老,正常参保,COMP0066,单位100,2026-05-21
510100000000001517,参保人1517,职工养老,正常参保,COMP0044,单位134,2026-01-27
510100000000001518,参保人1518,居民养老,正常参保,COMP0018,单位012,2026-02-08
510100000000001519,参保人1519,职工养老,暂停参保,COMP0117,单位051,2026-05-28
510100000000001520,参保人1520,职工养老,正常参保,COMP0084,单位155,2026-06-15
510100000000001521,参保人1521,职工养老,正常参保,COMP0135,单位187,2026-05-30
510100000000001522,参保人1522,职工养老,正常参保,COMP0192,单位131,2026-05-30
510100000000001523,参保人1523,工伤,正常参保,COMP0009,单位015,2026-05-06
510100000000001524,参保人1524,失业,正常参保,COMP0154,单位149,2025-09-13
510100000000001525,参保人1525,工伤,正常参保,COMP0166,单位072,2026-04-23
510100000000001526,参保人1526,工伤,正常参保,COMP0119,单位014,2026-07-24
510100000000001527,参保人1527,居民医保,正常参保,COMP0038,单位108,2026-04-10
510100000000001528,参保人1528,失业,正常参保,COMP0169,单位010,2026-04-07
510100000000001529,参保人1529,职工医保,正常参保,COMP0195,单位190,2025-12-27
510100000000001530,参保人1530,职工养老,正常参保,COMP0012,单位103,2026-08-03
510100000000001531,参保人1531,居民医保,正常参保,COMP0098,单位106,2026-05-14
510100000000001532,参保人1532,失业,正常参保,COMP0082,单位197,2026-07-19
510100000000001533,参保人1533,居民医保,正常参保,COMP0081,单位074,2025-08-18
510100000000001534,参保人1534,失业,正常参保,COMP0125,单位051,2025-11-13
510100000000001535,参保人1535,职工医保,正常参保,COMP0073,单位002,2026-07-30
510100000000001536,参保人1536,居民医保,正常参保,COMP0124,单位053,2025-12-22
510100000000001537,参保人1537,居民医保,正常参保,COMP0112,单位008,2025-10-19
510100000000001538,参保人1538,工伤,正常参保,COMP0014,单位182,2025-12-08
510100000000001539,参保人1539,工伤,正常参保,COMP0149,单位050,2026-02-21
510100000000001540,参保人1540,居民养老,正常参保,COMP0087,单位135,2026-03-31
510100000000001541,参保人1541,居民医保,正常参保,COMP0038,单位189,2026-06-24
510100000000001542,参保人1542,失业,正常参保,COMP0074,单位119,2026-03-15
510100000000001543,参保人1543,职工养老,正常参保,COMP0152,单位051,2025-11-14
510100000000001544,参保人1544,工伤,正常参保,COMP0085,单位057,2026-06-29
510100000000001545,参保人1545,职工医保,正常参保,COMP0018,单位184,2025-12-30
510100000000001546,参保人1546,职工医保,终止参保,COMP0048,单位042,2025-10-28
510100000000001547,参保人1547,居民医保,正常参保,COMP0170,单位032,2025-12-16
510100000000001548,参保人1548,居民医保,正常参保,COMP0075,单位023,2025-12-24
510100000000001549,参保人1549,职工医保,正常参保,COMP0126,单位087,2025-10-24
510100000000001550,参保人1550,职工医保,正常参保,COMP0002,单位018,2026-02-13
510100000000001551,参保人1551,职工医保,终止参保,COMP0084,单位035,2025-12-04
510100000000001552,参保人1552,居民医保,正常参保,COMP0072,单位125,2026-07-08
510100000000001553,参保人1553,居民养老,正常参保,COMP0138,单位087,2026-02-11
510100000000001554,参保人1554,职工养老,正常参保,COMP0186,单位164,2026-02-27
510100000000001555,参保人1555,工伤,正常参保,COMP0089,单位068,2026-06-26
510100000000001556,参保人1556,职工养老,正常参保,COMP0094,单位019,2025-11-01
510100000000001557,参保人1557,职工养老,正常参保,COMP0065,单位140,2025-10-31
510100000000001558,参保人1558,居民医保,正常参保,COMP0136,单位018,2026-06-11
510100000000001559,参保人1559,工伤,正常参保,COMP0158,单位182,2026-07-25
510100000000001560,参保人1560,职工养老,正常参保,COMP0003,单位090,2026-04-25
510100000000001561,参保人1561,职工养老,正常参保,COMP0076,单位130,2026-04-21
510100000000001562,参保人1562,居民养老,正常参保,COMP0077,单位002,2026-04-02
510100000000001563,参保人1563,工伤,正常参保,COMP0026,单位088,2026-01-15
510100000000001564,参保人1564,失业,正常参保,COMP0073,单位032,2025-11-09
510100000000001565,参保人1565,工伤,正常参保,COMP0005,单位074,2025-10-03
510100000000001566,参保人1566,工伤,正常参保,COMP0181,单位110,2026-02-10
510100000000001567,参保人1567,居民医保,正常参保,COMP0040,单位156,2025-08-17
510100000000001568,参保人1568,居民养老,正常参保,COMP0198,单位065,2026-07-27
510100000000001569,参保人1569,居民养老,正常参保,COMP0189,单位165,2026-03-09
510100000000001570,参保人1570,工伤,正常参保,COMP0168,单位151,2026-04-06
510100000000001571,参保人1571,失业,正常参保,COMP0068,单位104,2025-09-05
510100000000001572,参保人1572,工伤,正常参保,COMP0044,单位140,2026-05-09
510100000000001573,参保人1573,工伤,终止参保,COMP0009,单位012,2025-09-16
510100000000001574,参保人1574,失业,正常参保,COMP0028,单位056,2026-04-30
510100000000001575,参保人1575,工伤,终止参保,COMP0110,单位077,2026-04-26
510100000000001576,参保人1576,居民医保,正常参保,COMP0078,单位075,2026-06-26
510100000000001577,参保人1577,失业,正常参保,COMP0181,单位033,2026-05-28
510100000000001578,参保人1578,职工医保,正常参保,COMP0101,单位051,2026-05-25
510100000000001579,参保人1579,职工养老,正常参保,COMP0166,单位143,2025-11-19
510100000000001580,参保人1580,工伤,正常参保,COMP0182,单位051,2026-07-28
510100000000001581,参保人1581,居民养老,正常参保,COMP0095,单位146,2025-09-05
510100000000001582,参保人1582,居民养老,正常参保,COMP0098,单位164,2026-04-28
510100000000001583,参保人1583,职工养老,正常参保,COMP0061,单位053,2026-03-14
510100000000001584,参保人1584,职工养老,正常参保,COMP0063,单位121,2025-12-24
510100000000001585,参保人1585,职工医保,正常参保,COMP0004,单位093,2025-11-25
510100000000001586,参保人1586,工伤,正常参保,COMP0028,单位170,2025-09-05
510100000000001587,参保人1587,居民养老,正常参保,COMP0098,单位001,2026-02-21
510100000000001588,参保人1588,居民医保,正常参保,COMP0112,单位091,2025-08-28
510100000000001589,参保人1589,职工养老,正常参保,COMP0170,单位167,2026-05-09
510100000000001590,参保人1590,职工医保,正常参保,COMP0038,单位151,2026-03-10
510100000000001591,参保人1591,居民养老,正常参保,COMP0059,单位068,2026-01-20
510100000000001592,参保人1592,居民医保,正常参保,COMP0126,单位159,2026-02-20
510100000000001593,参保人1593,职工养老,正常参保,COMP0098,单位183,2026-01-03
510100000000001594,参保人1594,职工医保,正常参保,COMP0080,单位185,2026-07-11
510100000000001595,参保人1595,居民养老,正常参保,COMP0192,单位158,2026-01-24
510100000000001596,参保人1596,失业,正常参保,COMP0114,单位124,2025-10-06
510100000000001597,参保人1597,居民养老,正常参保,COMP0056,单位196,2025-08-21
510100000000001598,参保人1598,居民养老,正常参保,COMP0186,单位087,2025-12-04
510100000000001599,参保人1599,工伤,正常参保,COMP0151,单位156,2026-07-22
510100000000001600,参保人1600,工伤,正常参保,COMP0145,单位037,2025-09-08
510100000000001601,参保人1601,职工养老,正常参保,COMP0045,单位146,2026-01-13
510100000000001602,参保人1602,失业,正常参保,COMP0100,单位052,2026-07-19
510100000000001603,参保人1603,工伤,正常参保,COMP0007,单位172,2026-04-12
510100000000001604,参保人1604,居民养老,正常参保,COMP0194,单位069,2026-06-13
510100000000001605,参保人1605,居民医保,终止参保,COMP0042,单位041,2025-12-19
510100000000001606,参保人1606,工伤,正常参保,COMP0010,单位102,2026-04-01
510100000000001607,参保人1607,职工养老,正常参保,COMP0136,单位193,2026-05-07
510100000000001608,参保人1608,职工医保,正常参保,COMP0085,单位030,2026-01-06
510100000000001609,参保人1609,职工医保,正常参保,COMP0145,单位069,2026-06-10
510100000000001610,参保人1610,职工医保,正常参保,COMP0052,单位189,2025-10-15
510100000000001611,参保人1611,失业,正常参保,COMP0063,单位147,2025-10-05
510100000000001612,参保人1612,职工医保,正常参保,COMP0078,单位097,2025-12-29
510100000000001613,参保人1613,职工养老,正常参保,COMP0036,单位122,2026-04-21
510100000000001614,参保人1614,居民医保,暂停参保,COMP0006,单位057,2026-05-28
510100000000001615,参保人1615,居民医保,暂停参保,COMP0021,单位092,2026-04-02
510100000000001616,参保人1616,失业,正常参保,COMP0116,单位148,2026-02-06
510100000000001617,参保人1617,职工医保,正常参保,COMP0005,单位120,2025-11-03
510100000000001618,参保人1618,居民医保,正常参保,COMP0198,单位057,2026-05-06
510100000000001619,参保人1619,职工养老,终止参保,COMP0193,单位131,2025-11-03
510100000000001620,参保人1620,职工养老,正常参保,COMP0067,单位153,2026-04-02
510100000000001621,参保人1621,工伤,正常参保,COMP0180,单位172,2026-04-20
510100000000001622,参保人1622,居民医保,正常参保,COMP0184,单位183,2026-01-21
510100000000001623,参保人1623,职工养老,正常参保,COMP0087,单位081,2025-09-19
510100000000001624,参保人1624,职工养老,正常参保,COMP0135,单位118,2026-01-28
510100000000001625,参保人1625,居民医保,正常参保,COMP0059,单位020,2025-09-12
510100000000001626,参保人1626,职工医保,正常参保,COMP0175,单位002,2026-06-05
510100000000001627,参保人1627,失业,终止参保,COMP0019,单位017,2025-09-16
510100000000001628,参保人1628,居民医保,正常参保,COMP0081,单位039,2026-07-02
510100000000001629,参保人1629,工伤,正常参保,COMP0153,单位197,2026-03-02
510100000000001630,参保人1630,居民养老,正常参保,COMP0029,单位196,2025-10-04
510100000000001631,参保人1631,失业,正常参保,COMP0146,单位170,2026-06-11
510100000000001632,参保人1632,职工养老,正常参保,COMP0017,单位030,2025-08-28
510100000000001633,参保人1633,职工养老,终止参保,COMP0023,单位129,2025-09-06
510100000000001634,参保人1634,居民养老,正常参保,COMP0015,单位156,2026-01-31
510100000000001635,参保人1635,工伤,正常参保,COMP0027,单位109,2026-05-23
510100000000001636,参保人1636,居民养老,正常参保,COMP0177,单位109,2026-03-31
510100000000001637,参保人1637,居民医保,正常参保,COMP0123,单位059,2026-05-03
510100000000001638,参保人1638,失业,正常参保,COMP0146,单位112,2026-07-11
510100000000001639,参保人1639,居民养老,正常参保,COMP0167,单位177,2026-05-17
510100000000001640,参保人1640,居民养老,正常参保,COMP0054,单位162,2025-09-14
510100000000001641,参保人1641,居民养老,正常参保,COMP0038,单位187,2026-01-18
510100000000001642,参保人1642,失业,正常参保,COMP0179,单位035,2026-05-17
510100000000001643,参保人1643,工伤,正常参保,COMP0158,单位004,2026-02-21
510100000000001644,参保人1644,居民养老,正常参保,COMP0153,单位156,2026-01-15
510100000000001645,参保人1645,居民医保,正常参保,COMP0150,单位159,2025-11-01
510100000000001646,参保人1646,居民养老,正常参保,COMP0055,单位068,2026-05-11
510100000000001647,参保人1647,职工医保,正常参保,COMP0135,单位185,2025-08-21
510100000000001648,参保人1648,居民养老,正常参保,COMP0108,单位178,2025-10-13
510100000000001649,参保人1649,失业,正常参保,COMP0103,单位146,2026-05-25
510100000000001650,参保人1650,失业,正常参保,COMP0196,单位071,2025-09-23
510100000000001651,参保人1651,职工医保,暂停参保,COMP0119,单位162,2026-01-21
510100000000001652,参保人1652,居民医保,正常参保,COMP0058,单位179,2026-06-24
510100000000001653,参保人1653,失业,正常参保,COMP0178,单位101,2026-08-04
510100000000001654,参保人1654,失业,正常参保,COMP0074,单位051,2026-06-01
510100000000001655,参保人1655,工伤,正常参保,COMP0093,单位176,2026-03-15
510100000000001656,参保人1656,工伤,正常参保,COMP0004,单位138,2025-12-19
510100000000001657,参保人1657,职工医保,正常参保,COMP0134,单位069,2025-12-31
510100000000001658,参保人1658,工伤,正常参保,COMP0021,单位024,2026-08-03
510100000000001659,参保人1659,职工养老,终止参保,COMP0003,单位068,2025-08-15
510100000000001660,参保人1660,失业,正常参保,COMP0056,单位108,2025-10-15
510100000000001661,参保人1661,工伤,正常参保,COMP0046,单位078,2026-03-19
510100000000001662,参保人1662,职工养老,正常参保,COMP0017,单位164,2025-12-18
510100000000001663,参保人1663,职工医保,终止参保,COMP0081,单位002,2025-12-01
510100000000001664,参保人1664,工伤,正常参保,COMP0066,单位052,2025-08-24
510100000000001665,参保人1665,职工养老,正常参保,COMP0022,单位111,2026-04-22
510100000000001666,参保人1666,职工养老,终止参保,COMP0188,单位186,2026-01-03
510100000000001667,参保人1667,工伤,正常参保,COMP0103,单位039,2026-07-25
510100000000001668,参保人1668,职工医保,正常参保,COMP0181,单位012,2026-07-25
510100000000001669,参保人1669,居民医保,终止参保,COMP0057,单位040,2025-09-05
510100000000001670,参保人1670,工伤,正常参保,COMP0003,单位120,2026-08-02
510100000000001671,参保人1671,居民医保,正常参保,COMP0126,单位071,2026-04-12
510100000000001672,参保人1672,居民医保,正常参保,COMP0067,单位031,2026-05-24
510100000000001673,参保人1673,工伤,正常参保,COMP0066,单位070,2025-10-14
510100000000001674,参保人1674,居民养老,正常参保,COMP0178,单位153,2026-01-20
510100000000001675,参保人1675,职工医保,正常参保,COMP0139,单位070,2026-05-08
510100000000001676,参保人1676,失业,正常参保,COMP0166,单位130,2026-01-05
510100000000001677,参保人1677,居民养老,正常参保,COMP0079,单位113,2025-08-23
510100000000001678,参保人1678,工伤,正常参保,COMP0052,单位033,2025-11-02
510100000000001679,参保人1679,居民医保,正常参保,COMP0018,单位166,2025-10-18
510100000000001680,参保人1680,失业,暂停参保,COMP0064,单位138,2026-05-20
510100000000001681,参保人1681,居民医保,正常参保,COMP0044,单位082,2026-05-12
510100000000001682,参保人1682,职工医保,正常参保,COMP0054,单位102,2026-02-25
510100000000001683,参保人1683,居民医保,正常参保,COMP0002,单位094,2026-02-19
510100000000001684,参保人1684,职工养老,正常参保,COMP0119,单位092,2026-02-07
510100000000001685,参保人1685,工伤,正常参保,COMP0024,单位189,2025-08-25
510100000000001686,参保人1686,失业,正常参保,COMP0155,单位154,2026-04-01
510100000000001687,参保人1687,居民医保,正常参保,COMP0053,单位187,2026-06-30
510100000000001688,参保人1688,工伤,正常参保,COMP0053,单位143,2025-12-26
510100000000001689,参保人1689,居民医保,正常参保,COMP0095,单位147,2026-06-04
510100000000001690,参保人1690,工伤,正常参保,COMP0125,单位179,2026-06-29
510100000000001691,参保人1691,居民养老,正常参保,COMP0064,单位029,2026-07-27
510100000000001692,参保人1692,职工医保,正常参保,COMP0155,单位021,2026-06-29
510100000000001693,参保人1693,失业,正常参保,COMP0066,单位091,2026-02-24
510100000000001694,参保人1694,职工养老,正常参保,COMP0123,单位193,2026-04-30
510100000000001695,参保人1695,职工养老,正常参保,COMP0156,单位103,2025-10-30
510100000000001696,参保人1696,职工养老,正常参保,COMP0195,单位191,2026-06-17
510100000000001697,参保人1697,居民医保,正常参保,COMP0126,单位192,2026-05-30
510100000000001698,参保人1698,职工医保,正常参保,COMP0162,单位188,2025-12-20
510100000000001699,参保人1699,工伤,正常参保,COMP0010,单位114,2026-05-23
510100000000001700,参保人1700,居民养老,正常参保,COMP0049,单位070,2026-02-11
510100000000001701,参保人1701,职工养老,正常参保,COMP0133,单位189,2025-08-26
510100000000001702,参保人1702,失业,正常参保,COMP0072,单位005,2025-11-26
510100000000001703,参保人1703,职工养老,正常参保,COMP0001,单位144,2025-11-21
510100000000001704,参保人1704,居民养老,正常参保,COMP0095,单位013,2026-01-11
510100000000001705,参保人1705,职工养老,正常参保,COMP0066,单位182,2026-03-05
510100000000001706,参保人1706,失业,正常参保,COMP0186,单位062,2025-08-14
510100000000001707,参保人1707,失业,正常参保,COMP0139,单位008,2026-05-02
510100000000001708,参保人1708,工伤,正常参保,COMP0064,单位021,2026-01-19
510100000000001709,参保人1709,职工养老,正常参保,COMP0085,单位192,2025-12-02
510100000000001710,参保人1710,居民养老,正常参保,COMP0058,单位046,2026-07-07
510100000000001711,参保人1711,居民医保,暂停参保,COMP0009,单位015,2026-05-05
510100000000001712,参保人1712,居民医保,正常参保,COMP0029,单位080,2025-10-19
510100000000001713,参保人1713,居民养老,正常参保,COMP0086,单位071,2025-12-18
510100000000001714,参保人1714,工伤,正常参保,COMP0102,单位156,2026-02-22
510100000000001715,参保人1715,失业,终止参保,COMP0073,单位091,2026-01-03
510100000000001716,参保人1716,工伤,正常参保,COMP0029,单位179,2025-10-06
510100000000001717,参保人1717,职工养老,暂停参保,COMP0072,单位133,2026-06-26
510100000000001718,参保人1718,居民医保,正常参保,COMP0105,单位027,2026-06-10
510100000000001719,参保人1719,失业,正常参保,COMP0025,单位073,2026-03-31
510100000000001720,参保人1720,居民医保,正常参保,COMP0180,单位153,2026-02-06
510100000000001721,参保人1721,工伤,正常参保,COMP0006,单位125,2025-09-27
510100000000001722,参保人1722,失业,正常参保,COMP0066,单位058,2026-05-17
510100000000001723,参保人1723,居民医保,正常参保,COMP0150,单位037,2026-04-26
510100000000001724,参保人1724,居民养老,正常参保,COMP0193,单位129,2026-04-12
510100000000001725,参保人1725,居民养老,暂停参保,COMP0105,单位003,2026-06-22
510100000000001726,参保人1726,职工养老,正常参保,COMP0192,单位045,2025-09-08
510100000000001727,参保人1727,职工医保,正常参保,COMP0035,单位024,2026-07-10
510100000000001728,参保人1728,居民养老,正常参保,COMP0016,单位059,2025-12-07
510100000000001729,参保人1729,失业,正常参保,COMP0144,单位015,2025-12-01
510100000000001730,参保人1730,居民医保,正常参保,COMP0193,单位079,2026-01-01
510100000000001731,参保人1731,职工养老,正常参保,COMP0043,单位069,2026-05-24
510100000000001732,参保人1732,居民医保,终止参保,COMP0103,单位041,2026-02-10
510100000000001733,参保人1733,职工养老,正常参保,COMP0003,单位007,2026-06-19
510100000000001734,参保人1734,居民医保,正常参保,COMP0101,单位176,2026-05-20
510100000000001735,参保人1735,居民医保,正常参保,COMP0160,单位132,2025-11-04
510100000000001736,参保人1736,居民医保,正常参保,COMP0032,单位028,2025-09-08
510100000000001737,参保人1737,职工医保,正常参保,COMP0056,单位035,2026-04-17
510100000000001738,参保人1738,失业,正常参保,COMP0036,单位183,2026-01-02
510100000000001739,参保人1739,居民医保,正常参保,COMP0065,单位069,2026-04-01
510100000000001740,参保人1740,职工养老,正常参保,COMP0107,单位109,2025-08-15
510100000000001741,参保人1741,工伤,终止参保,COMP0164,单位068,2025-10-19
510100000000001742,参保人1742,居民养老,正常参保,COMP0178,单位169,2026-07-16
510100000000001743,参保人1743,居民医保,正常参保,COMP0100,单位128,2025-10-11
510100000000001744,参保人1744,工伤,正常参保,COMP0090,单位085,2025-11-07
510100000000001745,参保人1745,居民养老,正常参保,COMP0073,单位049,2026-04-28
510100000000001746,参保人1746,居民医保,正常参保,COMP0142,单位059,2025-08-19
510100000000001747,参保人1747,职工养老,正常参保,COMP0103,单位186,2026-08-05
510100000000001748,参保人1748,职工养老,正常参保,COMP0123,单位082,2026-03-16
510100000000001749,参保人1749,居民养老,正常参保,COMP0029,单位135,2025-11-10
510100000000001750,参保人1750,居民养老,终止参保,COMP0133,单位081,2026-04-23
510100000000001751,参保人1751,居民医保,正常参保,COMP0081,单位069,2025-10-10
510100000000001752,参保人1752,居民医保,正常参保,COMP0177,单位161,2026-04-29
510100000000001753,参保人1753,居民医保,正常参保,COMP0062,单位185,2026-07-09
510100000000001754,参保人1754,工伤,正常参保,COMP0153,单位143,2026-04-09
510100000000001755,参保人1755,居民医保,正常参保,COMP0079,单位093,2025-11-20
510100000000001756,参保人1756,居民医保,正常参保,COMP0177,单位172,2025-12-19
510100000000001757,参保人1757,职工养老,正常参保,COMP0131,单位114,2026-06-06
510100000000001758,参保人1758,居民医保,正常参保,COMP0102,单位173,2025-08-10
510100000000001759,参保人1759,居民医保,正常参保,COMP0020,单位058,2026-04-17
510100000000001760,参保人1760,职工医保,正常参保,COMP0196,单位119,2025-08-19
510100000000001761,参保人1761,居民养老,正常参保,COMP0037,单位008,2025-10-11
510100000000001762,参保人1762,居民医保,正常参保,COMP0118,单位069,2026-06-23
510100000000001763,参保人1763,职工医保,正常参保,COMP0033,单位126,2026-06-01
510100000000001764,参保人1764,失业,正常参保,COMP0029,单位131,2026-02-03
510100000000001765,参保人1765,工伤,正常参保,COMP0137,单位154,2026-06-06
510100000000001766,参保人1766,职工养老,正常参保,COMP0068,单位025,2026-02-09
510100000000001767,参保人1767,工伤,正常参保,COMP0163,单位055,2026-03-30
510100000000001768,参保人1768,工伤,正常参保,COMP0172,单位064,2026-07-07
510100000000001769,参保人1769,居民养老,正常参保,COMP0130,单位096,2025-09-08
510100000000001770,参保人1770,失业,正常参保,COMP0058,单位106,2025-10-11
510100000000001771,参保人1771,居民医保,正常参保,COMP0171,单位127,2026-02-26
510100000000001772,参保人1772,工伤,正常参保,COMP0071,单位198,2026-06-13
510100000000001773,参保人1773,职工养老,正常参保,COMP0003,单位026,2025-09-28
510100000000001774,参保人1774,失业,正常参保,COMP0053,单位198,2025-10-12
510100000000001775,参保人1775,居民养老,正常参保,COMP0049,单位042,2026-01-15
510100000000001776,参保人1776,职工医保,终止参保,COMP0194,单位011,2025-08-13
510100000000001777,参保人1777,居民医保,正常参保,COMP0146,单位085,2026-04-29
510100000000001778,参保人1778,居民养老,正常参保,COMP0044,单位022,2026-02-07
510100000000001779,参保人1779,职工养老,暂停参保,COMP0114,单位125,2026-07-08
510100000000001780,参保人1780,居民医保,正常参保,COMP0111,单位073,2026-04-14
510100000000001781,参保人1781,居民养老,正常参保,COMP0019,单位005,2025-09-10
510100000000001782,参保人1782,职工养老,正常参保,COMP0155,单位040,2026-07-12
510100000000001783,参保人1783,职工养老,正常参保,COMP0083,单位128,2026-02-18
510100000000001784,参保人1784,工伤,正常参保,COMP0188,单位169,2025-10-22
510100000000001785,参保人1785,职工养老,正常参保,COMP0097,单位111,2026-07-22
510100000000001786,参保人1786,居民医保,终止参保,COMP0012,单位072,2026-03-27
510100000000001787,参保人1787,居民医保,暂停参保,COMP0117,单位197,2026-02-11
510100000000001788,参保人1788,居民医保,正常参保,COMP0022,单位013,2026-02-27
510100000000001789,参保人1789,职工养老,正常参保,COMP0097,单位018,2025-12-08
510100000000001790,参保人1790,工伤,正常参保,COMP0026,单位144,2026-01-14
510100000000001791,参保人1791,职工医保,正常参保,COMP0176,单位193,2025-12-09
510100000000001792,参保人1792,失业,正常参保,COMP0113,单位134,2026-06-22
510100000000001793,参保人1793,居民医保,正常参保,COMP0106,单位146,2026-05-27
510100000000001794,参保人1794,居民养老,正常参保,COMP0017,单位190,2026-02-02
510100000000001795,参保人1795,失业,正常参保,COMP0150,单位006,2026-07-12
510100000000001796,参保人1796,居民养老,终止参保,COMP0142,单位022,2026-06-17
510100000000001797,参保人1797,居民医保,正常参保,COMP0141,单位138,2026-02-05
510100000000001798,参保人1798,职工养老,正常参保,COMP0079,单位052,2025-11-11
510100000000001799,参保人1799,居民医保,正常参保,COMP0186,单位034,2025-10-20
510100000000001800,参保人1800,失业,正常参保,COMP0120,单位187,2025-09-15
510100000000001801,参保人1801,职工医保,正常参保,COMP0067,单位103,2025-09-12
510100000000001802,参保人1802,居民养老,正常参保,COMP0133,单位067,2026-03-21
510100000000001803,参保人1803,职工医保,暂停参保,COMP0196,单位197,2026-03-31
510100000000001804,参保人1804,职工养老,暂停参保,COMP0063,单位029,2026-01-09
510100000000001805,参保人1805,居民养老,正常参保,COMP0041,单位130,2025-10-18
510100000000001806,参保人1806,工伤,正常参保,COMP0176,单位024,2026-04-30
510100000000001807,参保人1807,失业,终止参保,COMP0139,单位058,2026-02-14
510100000000001808,参保人1808,工伤,正常参保,COMP0143,单位060,2025-08-21
510100000000001809,参保人1809,居民医保,正常参保,COMP0074,单位177,2026-01-27
510100000000001810,参保人1810,职工养老,正常参保,COMP0152,单位066,2026-02-22
510100000000001811,参保人1811,职工养老,正常参保,COMP0029,单位195,2025-09-07
510100000000001812,参保人1812,职工医保,正常参保,COMP0065,单位181,2025-09-18
510100000000001813,参保人1813,失业,正常参保,COMP0146,单位137,2025-10-17
510100000000001814,参保人1814,工伤,正常参保,COMP0149,单位027,2025-08-10
510100000000001815,参保人1815,职工养老,正常参保,COMP0044,单位100,2026-07-10
510100000000001816,参保人1816,工伤,正常参保,COMP0127,单位123,2026-02-20
510100000000001817,参保人1817,居民医保,正常参保,COMP0076,单位194,2025-12-02
510100000000001818,参保人1818,失业,正常参保,COMP0158,单位069,2026-05-14
510100000000001819,参保人1819,职工养老,正常参保,COMP0099,单位091,2026-01-03
510100000000001820,参保人1820,职工医保,正常参保,COMP0094,单位174,2026-02-23
510100000000001821,参保人1821,职工养老,暂停参保,COMP0188,单位031,2026-07-27
510100000000001822,参保人1822,职工医保,正常参保,COMP0105,单位027,2025-12-23
510100000000001823,参保人1823,居民医保,正常参保,COMP0058,单位133,2026-02-08
510100000000001824,参保人1824,工伤,正常参保,COMP0093,单位020,2025-11-25
510100000000001825,参保人1825,工伤,正常参保,COMP0148,单位025,2026-04-08
510100000000001826,参保人1826,居民医保,正常参保,COMP0169,单位067,2025-12-25
510100000000001827,参保人1827,职工医保,正常参保,COMP0005,单位013,2026-06-20
510100000000001828,参保人1828,职工医保,正常参保,COMP0115,单位035,2025-09-09
510100000000001829,参保人1829,失业,正常参保,COMP0022,单位103,2026-01-14
510100000000001830,参保人1830,职工医保,正常参保,COMP0182,单位131,2025-10-02
510100000000001831,参保人1831,居民养老,正常参保,COMP0069,单位104,2025-12-04
510100000000001832,参保人1832,职工医保,正常参保,COMP0178,单位016,2025-09-09
510100000000001833,参保人1833,工伤,正常参保,COMP0089,单位174,2025-11-24
510100000000001834,参保人1834,失业,正常参保,COMP0112,单位047,2026-02-16
510100000000001835,参保人1835,职工医保,正常参保,COMP0128,单位178,2026-05-22
510100000000001836,参保人1836,居民养老,终止参保,COMP0015,单位036,2025-09-22
510100000000001837,参保人1837,工伤,正常参保,COMP0169,单位074,2025-10-31
510100000000001838,参保人1838,居民医保,正常参保,COMP0146,单位007,2026-08-03
510100000000001839,参保人1839,居民医保,正常参保,COMP0060,单位055,2026-07-22
510100000000001840,参保人1840,职工养老,正常参保,COMP0029,单位151,2025-12-05
510100000000001841,参保人1841,失业,正常参保,COMP0177,单位033,2026-03-07
510100000000001842,参保人1842,工伤,正常参保,COMP0023,单位057,2026-02-02
510100000000001843,参保人1843,失业,暂停参保,COMP0020,单位158,2025-11-05
510100000000001844,参保人1844,工伤,正常参保,COMP0077,单位151,2025-12-12
510100000000001845,参保人1845,职工医保,正常参保,COMP0073,单位161,2026-01-30
510100000000001846,参保人1846,失业,正常参保,COMP0019,单位070,2026-04-09
510100000000001847,参保人1847,工伤,正常参保,COMP0084,单位153,2026-01-23
510100000000001848,参保人1848,居民医保,正常参保,COMP0088,单位085,2026-07-27
510100000000001849,参保人1849,职工养老,正常参保,COMP0189,单位127,2026-05-19
510100000000001850,参保人1850,职工养老,正常参保,COMP0168,单位012,2025-10-20
510100000000001851,参保人1851,职工医保,正常参保,COMP0178,单位171,2025-12-22
510100000000001852,参保人1852,职工医保,正常参保,COMP0041,单位134,2025-10-28
510100000000001853,参保人1853,居民养老,正常参保,COMP0066,单位137,2026-05-07
510100000000001854,参保人1854,工伤,正常参保,COMP0166,单位003,2026-04-26
510100000000001855,参保人1855,职工医保,正常参保,COMP0001,单位101,2026-01-21
510100000000001856,参保人1856,工伤,终止参保,COMP0175,单位026,2026-04-08
510100000000001857,参保人1857,失业,正常参保,COMP0199,单位046,2025-11-25
510100000000001858,参保人1858,居民医保,正常参保,COMP0059,单位029,2026-04-23
510100000000001859,参保人1859,职工医保,正常参保,COMP0164,单位186,2026-07-14
510100000000001860,参保人1860,工伤,正常参保,COMP0091,单位025,2026-02-01
510100000000001861,参保人1861,居民养老,正常参保,COMP0110,单位146,2026-07-01
510100000000001862,参保人1862,居民医保,正常参保,COMP0064,单位072,2026-02-06
510100000000001863,参保人1863,居民医保,正常参保,COMP0158,单位053,2025-08-24
510100000000001864,参保人1864,职工养老,正常参保,COMP0011,单位031,2026-04-29
510100000000001865,参保人1865,失业,正常参保,COMP0147,单位140,2026-07-23
510100000000001866,参保人1866,职工养老,正常参保,COMP0029,单位114,2026-04-22
510100000000001867,参保人1867,居民医保,正常参保,COMP0084,单位015,2025-12-06
510100000000001868,参保人1868,居民养老,正常参保,COMP0050,单位166,2025-11-01
510100000000001869,参保人1869,职工养老,正常参保,COMP0115,单位075,2026-01-25
510100000000001870,参保人1870,职工养老,正常参保,COMP0157,单位139,2025-12-21
510100000000001871,参保人1871,居民医保,正常参保,COMP0050,单位142,2026-04-11
510100000000001872,参保人1872,居民医保,终止参保,COMP0137,单位139,2026-01-28
510100000000001873,参保人1873,居民养老,正常参保,COMP0067,单位181,2026-05-21
510100000000001874,参保人1874,居民养老,正常参保,COMP0039,单位025,2026-07-17
510100000000001875,参保人1875,居民医保,正常参保,COMP0015,单位048,2026-05-13
510100000000001876,参保人1876,工伤,正常参保,COMP0116,单位050,2026-03-09
510100000000001877,参保人1877,工伤,正常参保,COMP0004,单位078,2026-07-29
510100000000001878,参保人1878,职工医保,正常参保,COMP0101,单位149,2026-03-14
510100000000001879,参保人1879,职工医保,正常参保,COMP0081,单位043,2026-05-04
510100000000001880,参保人1880,居民医保,正常参保,COMP0067,单位140,2026-04-29
510100000000001881,参保人1881,居民养老,正常参保,COMP0002,单位143,2025-09-04
510100000000001882,参保人1882,失业,正常参保,COMP0142,单位172,2026-03-02
510100000000001883,参保人1883,职工医保,正常参保,COMP0070,单位115,2025-08-28
510100000000001884,参保人1884,失业,正常参保,COMP0082,单位088,2025-12-21
510100000000001885,参保人1885,失业,正常参保,COMP0168,单位047,2026-01-16
510100000000001886,参保人1886,失业,正常参保,COMP0065,单位018,2026-06-24
510100000000001887,参保人1887,居民养老,正常参保,COMP0107,单位156,2026-01-20
510100000000001888,参保人1888,工伤,正常参保,COMP0139,单位163,2026-04-13
510100000000001889,参保人1889,工伤,正常参保,COMP0028,单位123,2026-01-09
510100000000001890,参保人1890,失业,正常参保,COMP0024,单位136,2026-04-23
510100000000001891,参保人1891,失业,正常参保,COMP0132,单位100,2025-11-19
510100000000001892,参保人1892,职工医保,正常参保,COMP0098,单位030,2025-09-13
510100000000001893,参保人1893,居民医保,正常参保,COMP0037,单位007,2026-04-02
510100000000001894,参保人1894,居民养老,正常参保,COMP0190,单位103,2026-06-15
510100000000001895,参保人1895,居民医保,正常参保,COMP0108,单位112,2026-07-31
510100000000001896,参保人1896,失业,正常参保,COMP0197,单位067,2025-08-08
510100000000001897,参保人1897,居民医保,正常参保,COMP0083,单位124,2025-08-12
510100000000001898,参保人1898,职工养老,正常参保,COMP0007,单位151,2026-01-30
510100000000001899,参保人1899,失业,正常参保,COMP0106,单位147,2026-06-10
510100000000001900,参保人1900,职工医保,正常参保,COMP0115,单位041,2025-10-07
510100000000001901,参保人1901,工伤,正常参保,COMP0116,单位078,2026-04-21
510100000000001902,参保人1902,职工医保,正常参保,COMP0039,单位119,2025-09-06
510100000000001903,参保人1903,职工养老,正常参保,COMP0191,单位068,2026-03-13
510100000000001904,参保人1904,居民养老,正常参保,COMP0123,单位161,2025-12-10
510100000000001905,参保人1905,居民医保,正常参保,COMP0030,单位022,2025-11-21
510100000000001906,参保人1906,工伤,正常参保,COMP0176,单位002,2026-01-15
510100000000001907,参保人1907,失业,正常参保,COMP0107,单位168,2025-12-29
510100000000001908,参保人1908,职工养老,暂停参保,COMP0002,单位111,2025-11-22
510100000000001909,参保人1909,工伤,终止参保,COMP0183,单位101,2025-12-04
510100000000001910,参保人1910,居民养老,终止参保,COMP0111,单位006,2025-12-14
510100000000001911,参保人1911,工伤,正常参保,COMP0155,单位001,2025-12-15
510100000000001912,参保人1912,居民养老,正常参保,COMP0040,单位032,2026-01-22
510100000000001913,参保人1913,职工医保,正常参保,COMP0057,单位042,2026-05-01
510100000000001914,参保人1914,职工医保,正常参保,COMP0163,单位199,2025-10-01
510100000000001915,参保人1915,居民养老,正常参保,COMP0067,单位190,2026-03-08
510100000000001916,参保人1916,居民医保,正常参保,COMP0022,单位139,2026-02-12
510100000000001917,参保人1917,职工养老,正常参保,COMP0049,单位046,2026-06-30
510100000000001918,参保人1918,失业,正常参保,COMP0092,单位040,2026-07-04
510100000000001919,参保人1919,居民养老,正常参保,COMP0161,单位175,2025-10-03
510100000000001920,参保人1920,失业,正常参保,COMP0009,单位033,2026-04-16
510100000000001921,参保人1921,工伤,正常参保,COMP0149,单位186,2025-08-31
510100000000001922,参保人1922,工伤,正常参保,COMP0006,单位115,2026-04-08
510100000000001923,参保人1923,工伤,正常参保,COMP0020,单位057,2025-12-11
510100000000001924,参保人1924,失业,正常参保,COMP0010,单位113,2025-12-17
510100000000001925,参保人1925,职工养老,正常参保,COMP0012,单位138,2026-02-11
510100000000001926,参保人1926,职工医保,正常参保,COMP0011,单位190,2026-04-11
510100000000001927,参保人1927,居民养老,正常参保,COMP0053,单位056,2025-08-12
510100000000001928,参保人1928,职工医保,正常参保,COMP0118,单位132,2025-11-27
510100000000001929,参保人1929,失业,正常参保,COMP0035,单位077,2026-02-08
510100000000001930,参保人1930,失业,正常参保,COMP0196,单位052,2026-05-19
510100000000001931,参保人1931,失业,暂停参保,COMP0075,单位184,2025-12-25
510100000000001932,参保人1932,居民医保,暂停参保,COMP0192,单位103,2026-07-31
510100000000001933,参保人1933,职工养老,正常参保,COMP0106,单位062,2025-12-10
510100000000001934,参保人1934,居民医保,正常参保,COMP0098,单位077,2025-10-19
510100000000001935,参保人1935,职工医保,正常参保,COMP0172,单位145,2026-03-30
510100000000001936,参保人1936,工伤,正常参保,COMP0093,单位114,2025-10-27
510100000000001937,参保人1937,居民养老,正常参保,COMP0143,单位033,2025-11-04
510100000000001938,参保人1938,居民医保,正常参保,COMP0101,单位023,2025-12-26
510100000000001939,参保人1939,失业,暂停参保,COMP0153,单位077,2026-05-14
510100000000001940,参保人1940,工伤,正常参保,COMP0122,单位107,2025-10-01
510100000000001941,参保人1941,工伤,正常参保,COMP0156,单位043,2025-08-27
510100000000001942,参保人1942,职工养老,终止参保,COMP0047,单位071,2026-06-01
510100000000001943,参保人1943,失业,正常参保,COMP0037,单位119,2026-05-13
510100000000001944,参保人1944,失业,正常参保,COMP0052,单位091,2025-10-22
510100000000001945,参保人1945,失业,正常参保,COMP0042,单位112,2025-12-12
510100000000001946,参保人1946,失业,正常参保,COMP0136,单位151,2025-08-10
510100000000001947,参保人1947,工伤,正常参保,COMP0123,单位114,2026-07-18
510100000000001948,参保人1948,职工医保,正常参保,COMP0019,单位120,2026-02-22
510100000000001949,参保人1949,失业,正常参保,COMP0093,单位105,2026-04-29
510100000000001950,参保人1950,居民医保,正常参保,COMP0044,单位188,2025-09-09
510100000000001951,参保人1951,职工医保,正常参保,COMP0073,单位167,2026-02-12
510100000000001952,参保人1952,居民养老,终止参保,COMP0089,单位103,2025-12-26
510100000000001953,参保人1953,失业,正常参保,COMP0116,单位163,2025-12-24
510100000000001954,参保人1954,失业,正常参保,COMP0062,单位197,2026-01-09
510100000000001955,参保人1955,职工医保,终止参保,COMP0126,单位090,2025-12-06
510100000000001956,参保人1956,失业,正常参保,COMP0138,单位184,2026-04-08
510100000000001957,参保人1957,居民养老,暂停参保,COMP0070,单位148,2026-03-27
510100000000001958,参保人1958,职工医保,正常参保,COMP0187,单位182,2026-06-22
510100000000001959,参保人1959,失业,正常参保,COMP0008,单位123,2025-11-04
510100000000001960,参保人1960,职工养老,正常参保,COMP0039,单位037,2026-02-10
510100000000001961,参保人1961,居民医保,正常参保,COMP0118,单位104,2026-02-27
510100000000001962,参保人1962,职工养老,正常参保,COMP0172,单位034,2025-12-08
510100000000001963,参保人1963,居民医保,正常参保,COMP0023,单位046,2025-09-29
510100000000001964,参保人1964,失业,正常参保,COMP0189,单位131,2026-01-07
510100000000001965,参保人1965,居民医保,正常参保,COMP0128,单位108,2026-03-02
510100000000001966,参保人1966,职工医保,正常参保,COMP0138,单位099,2025-09-01
510100000000001967,参保人1967,居民医保,正常参保,COMP0108,单位187,2025-09-23
510100000000001968,参保人1968,职工养老,正常参保,COMP0191,单位160,2025-11-13
510100000000001969,参保人1969,失业,正常参保,COMP0123,单位190,2026-02-13
510100000000001970,参保人1970,居民医保,终止参保,COMP0101,单位145,2025-12-18
510100000000001971,参保人1971,失业,正常参保,COMP0040,单位019,2025-09-18
510100000000001972,参保人1972,居民医保,正常参保,COMP0064,单位083,2025-10-08
510100000000001973,参保人1973,失业,正常参保,COMP0146,单位180,2026-02-17
510100000000001974,参保人1974,职工医保,正常参保,COMP0138,单位071,2025-09-30
510100000000001975,参保人1975,职工医保,正常参保,COMP0164,单位021,2025-10-18
510100000000001976,参保人1976,居民养老,正常参保,COMP0055,单位025,2026-04-02
510100000000001977,参保人1977,居民医保,正常参保,COMP0093,单位094,2025-09-14
510100000000001978,参保人1978,职工医保,正常参保,COMP0122,单位024,2026-07-27
510100000000001979,参保人1979,职工医保,正常参保,COMP0035,单位191,2025-12-22
510100000000001980,参保人1980,居民养老,正常参保,COMP0141,单位023,2026-05-16
510100000000001981,参保人1981,居民医保,正常参保,COMP0088,单位080,2025-08-19
510100000000001982,参保人1982,居民养老,正常参保,COMP0199,单位075,2026-03-01
510100000000001983,参保人1983,工伤,正常参保,COMP0141,单位031,2025-08-13
510100000000001984,参保人1984,职工医保,正常参保,COMP0034,单位103,2026-01-23
510100000000001985,参保人1985,职工养老,正常参保,COMP0194,单位016,2026-05-22
510100000000001986,参保人1986,工伤,正常参保,COMP0149,单位172,2026-04-05
510100000000001987,参保人1987,职工养老,正常参保,COMP0102,单位136,2026-05-22
510100000000001988,参保人1988,工伤,正常参保,COMP0041,单位198,2026-06-07
510100000000001989,参保人1989,居民医保,正常参保,COMP0103,单位070,2025-08-09
510100000000001990,参保人1990,工伤,正常参保,COMP0019,单位068,2026-02-02
510100000000001991,参保人1991,失业,正常参保,COMP0165,单位061,2026-05-07
510100000000001992,参保人1992,失业,正常参保,COMP0153,单位127,2026-01-26
510100000000001993,参保人1993,职工养老,正常参保,COMP0018,单位010,2026-05-07
510100000000001994,参保人1994,职工养老,终止参保,COMP0193,单位077,2025-08-15
510100000000001995,参保人1995,居民养老,正常参保,COMP0052,单位195,2026-01-13
510100000000001996,参保人1996,职工养老,正常参保,COMP0183,单位110,2026-05-06
510100000000001997,参保人1997,居民养老,正常参保,COMP0053,单位145,2026-05-13
510100000000001998,参保人1998,工伤,正常参保,COMP0002,单位086,2025-11-20
510100000000001999,参保人1999,居民养老,正常参保,COMP0149,单位118,2026-05-10
510100000000002000,参保人2000,居民医保,正常参保,COMP0167,单位161,2025-11-10
510100000000002001,参保人2001,居民养老,正常参保,COMP0149,单位046,2026-03-16
510100000000002002,参保人2002,失业,正常参保,COMP0120,单位084,2025-12-30
510100000000002003,参保人2003,职工养老,正常参保,COMP0019,单位097,2026-06-02
510100000000002004,参保人2004,失业,正常参保,COMP0150,单位046,2026-04-16
510100000000002005,参保人2005,职工养老,正常参保,COMP0033,单位133,2026-01-01
510100000000002006,参保人2006,工伤,正常参保,COMP0121,单位128,2025-09-07
510100000000002007,参保人2007,职工养老,正常参保,COMP0113,单位094,2026-06-20
510100000000002008,参保人2008,失业,正常参保,COMP0156,单位172,2025-10-15
510100000000002009,参保人2009,职工医保,正常参保,COMP0057,单位087,2025-09-01
510100000000002010,参保人2010,职工养老,正常参保,COMP0121,单位074,2025-08-09
510100000000002011,参保人2011,居民养老,正常参保,COMP0100,单位043,2026-07-15
510100000000002012,参保人2012,职工养老,正常参保,COMP0037,单位134,2025-09-20
510100000000002013,参保人2013,失业,正常参保,COMP0022,单位105,2026-05-11
510100000000002014,参保人2014,职工医保,正常参保,COMP0090,单位051,2026-01-03
510100000000002015,参保人2015,失业,正常参保,COMP0106,单位193,2025-09-25
510100000000002016,参保人2016,失业,正常参保,COMP0186,单位166,2025-11-13
510100000000002017,参保人2017,居民养老,正常参保,COMP0039,单位199,2026-03-21
510100000000002018,参保人2018,居民养老,正常参保,COMP0031,单位033,2026-03-19
510100000000002019,参保人2019,居民医保,正常参保,COMP0058,单位184,2026-03-08
510100000000002020,参保人2020,职工医保,正常参保,COMP0055,单位010,2026-01-31
510100000000002021,参保人2021,居民医保,正常参保,COMP0003,单位043,2026-01-21
510100000000002022,参保人2022,职工养老,正常参保,COMP0063,单位015,2026-04-20
510100000000002023,参保人2023,居民养老,暂停参保,COMP0138,单位166,2025-10-08
510100000000002024,参保人2024,职工医保,正常参保,COMP0071,单位143,2026-05-17
510100000000002025,参保人2025,居民养老,正常参保,COMP0002,单位104,2026-05-15
510100000000002026,参保人2026,居民医保,正常参保,COMP0154,单位071,2026-05-05
510100000000002027,参保人2027,居民医保,正常参保,COMP0139,单位065,2025-10-21
510100000000002028,参保人2028,职工医保,正常参保,COMP0130,单位148,2026-06-07
510100000000002029,参保人2029,工伤,正常参保,COMP0068,单位127,2025-11-02
510100000000002030,参保人2030,居民养老,正常参保,COMP0129,单位030,2025-08-19
510100000000002031,参保人2031,失业,正常参保,COMP0197,单位024,2025-08-21
510100000000002032,参保人2032,工伤,正常参保,COMP0024,单位152,2026-07-12
510100000000002033,参保人2033,居民医保,正常参保,COMP0166,单位065,2026-05-24
510100000000002034,参保人2034,职工养老,正常参保,COMP0043,单位029,2026-02-23
510100000000002035,参保人2035,职工医保,正常参保,COMP0054,单位039,2026-06-26
510100000000002036,参保人2036,居民养老,正常参保,COMP0171,单位131,2026-03-22
510100000000002037,参保人2037,职工养老,正常参保,COMP0175,单位042,2025-08-22
510100000000002038,参保人2038,居民医保,正常参保,COMP0026,单位115,2026-06-12
510100000000002039,参保人2039,工伤,正常参保,COMP0081,单位158,2025-12-19
510100000000002040,参保人2040,居民养老,暂停参保,COMP0137,单位022,2025-10-21
510100000000002041,参保人2041,失业,正常参保,COMP0129,单位073,2025-09-01
510100000000002042,参保人2042,工伤,正常参保,COMP0100,单位124,2026-02-20
510100000000002043,参保人2043,工伤,正常参保,COMP0137,单位105,2026-03-10
510100000000002044,参保人2044,居民医保,正常参保,COMP0106,单位043,2026-02-21
510100000000002045,参保人2045,职工医保,正常参保,COMP0048,单位126,2025-12-11
510100000000002046,参保人2046,工伤,正常参保,COMP0129,单位115,2026-07-01
510100000000002047,参保人2047,职工养老,正常参保,COMP0125,单位081,2026-01-27
510100000000002048,参保人2048,居民医保,正常参保,COMP0062,单位072,2026-02-27
510100000000002049,参保人2049,居民医保,正常参保,COMP0020,单位188,2026-05-17
510100000000002050,参保人2050,职工养老,正常参保,COMP0152,单位132,2026-07-01
510100000000002051,参保人2051,居民养老,正常参保,COMP0089,单位146,2025-11-27
510100000000002052,参保人2052,职工养老,正常参保,COMP0194,单位176,2026-07-05
510100000000002053,参保人2053,居民医保,正常参保,COMP0028,单位035,2026-04-04
510100000000002054,参保人2054,居民医保,正常参保,COMP0042,单位085,2026-01-31
510100000000002055,参保人2055,职工养老,正常参保,COMP0069,单位105,2025-09-21
510100000000002056,参保人2056,职工医保,正常参保,COMP0071,单位056,2025-12-14
510100000000002057,参保人2057,职工医保,暂停参保,COMP0105,单位134,2026-02-26
510100000000002058,参保人2058,职工医保,正常参保,COMP0125,单位049,2025-12-25
510100000000002059,参保人2059,职工养老,正常参保,COMP0070,单位037,2025-10-24
510100000000002060,参保人2060,居民医保,正常参保,COMP0062,单位093,2026-07-24
510100000000002061,参保人2061,居民养老,正常参保,COMP0079,单位008,2026-03-06
510100000000002062,参保人2062,居民养老,正常参保,COMP0085,单位028,2026-01-23
510100000000002063,参保人2063,失业,正常参保,COMP0051,单位104,2025-12-20
510100000000002064,参保人2064,居民医保,正常参保,COMP0127,单位082,2026-07-28
510100000000002065,参保人2065,居民医保,正常参保,COMP0001,单位039,2025-11-03
510100000000002066,参保人2066,职工医保,正常参保,COMP0132,单位188,2025-09-24
510100000000002067,参保人2067,居民养老,正常参保,COMP0087,单位105,2026-07-04
510100000000002068,参保人2068,居民养老,正常参保,COMP0033,单位098,2025-12-19
510100000000002069,参保人2069,工伤,正常参保,COMP0182,单位084,2026-06-03
510100000000002070,参保人2070,工伤,正常参保,COMP0133,单位080,2025-11-09
510100000000002071,参保人2071,职工医保,正常参保,COMP0023,单位109,2026-04-22
510100000000002072,参保人2072,职工医保,终止参保,COMP0141,单位142,2026-03-21
510100000000002073,参保人2073,居民养老,正常参保,COMP0099,单位061,2026-04-06
510100000000002074,参保人2074,职工医保,正常参保,COMP0010,单位008,2026-01-14
510100000000002075,参保人2075,职工养老,正常参保,COMP0197,单位198,2026-07-08
510100000000002076,参保人2076,职工医保,正常参保,COMP0020,单位048,2026-03-30
510100000000002077,参保人2077,工伤,正常参保,COMP0132,单位100,2026-06-14
510100000000002078,参保人2078,居民医保,正常参保,COMP0131,单位009,2026-01-04
510100000000002079,参保人2079,居民养老,正常参保,COMP0034,单位043,2026-05-25
510100000000002080,参保人2080,失业,正常参保,COMP0070,单位130,2025-08-22
510100000000002081,参保人2081,居民医保,正常参保,COMP0106,单位144,2026-01-15
510100000000002082,参保人2082,职工医保,正常参保,COMP0176,单位050,2026-07-23
510100000000002083,参保人2083,工伤,正常参保,COMP0008,单位074,2026-06-22
510100000000002084,参保人2084,工伤,正常参保,COMP0166,单位123,2026-03-21
510100000000002085,参保人2085,工伤,正常参保,COMP0020,单位148,2025-11-03
510100000000002086,参保人2086,居民医保,正常参保,COMP0178,单位074,2025-08-18
510100000000002087,参保人2087,居民医保,正常参保,COMP0110,单位115,2026-03-01
510100000000002088,参保人2088,居民医保,正常参保,COMP0189,单位189,2025-09-15
510100000000002089,参保人2089,失业,正常参保,COMP0090,单位111,2025-08-13
510100000000002090,参保人2090,职工医保,正常参保,COMP0179,单位070,2025-09-22
510100000000002091,参保人2091,工伤,正常参保,COMP0158,单位153,2026-04-25
510100000000002092,参保人2092,职工养老,正常参保,COMP0154,单位056,2025-11-02
510100000000002093,参保人2093,职工医保,正常参保,COMP0159,单位026,2026-02-19
510100000000002094,参保人2094,居民养老,正常参保,COMP0047,单位013,2026-01-02
510100000000002095,参保人2095,居民医保,正常参保,COMP0144,单位073,2026-03-04
510100000000002096,参保人2096,工伤,正常参保,COMP0169,单位031,2026-05-14
510100000000002097,参保人2097,失业,终止参保,COMP0059,单位041,2026-04-17
510100000000002098,参保人2098,居民医保,终止参保,COMP0182,单位168,2026-03-04
510100000000002099,参保人2099,工伤,正常参保,COMP0074,单位183,2026-03-28
510100000000002100,参保人2100,职工养老,正常参保,COMP0175,单位075,2025-11-10
510100000000002101,参保人2101,失业,正常参保,COMP0045,单位145,2026-02-25
510100000000002102,参保人2102,居民医保,正常参保,COMP0169,单位195,2025-10-26
510100000000002103,参保人2103,居民医保,正常参保,COMP0014,单位162,2025-10-01
510100000000002104,参保人2104,居民医保,正常参保,COMP0186,单位128,2026-01-09
510100000000002105,参保人2105,失业,正常参保,COMP0191,单位019,2026-01-19
510100000000002106,参保人2106,居民养老,正常参保,COMP0003,单位195,2025-12-14
510100000000002107,参保人2107,失业,正常参保,COMP0145,单位142,2026-07-29
510100000000002108,参保人2108,失业,暂停参保,COMP0149,单位165,2026-03-21
510100000000002109,参保人2109,居民养老,正常参保,COMP0053,单位175,2026-04-19
510100000000002110,参保人2110,职工养老,正常参保,COMP0136,单位004,2026-03-05
510100000000002111,参保人2111,居民养老,正常参保,COMP0102,单位047,2026-05-05
510100000000002112,参保人2112,居民养老,正常参保,COMP0091,单位180,2025-09-01
510100000000002113,参保人2113,居民养老,正常参保,COMP0139,单位125,2026-05-26
510100000000002114,参保人2114,居民养老,正常参保,COMP0073,单位077,2025-10-07
510100000000002115,参保人2115,居民医保,正常参保,COMP0039,单位058,2025-11-05
510100000000002116,参保人2116,职工养老,正常参保,COMP0077,单位186,2026-07-10
510100000000002117,参保人2117,工伤,正常参保,COMP0010,单位126,2026-01-14
510100000000002118,参保人2118,居民医保,正常参保,COMP0142,单位125,2026-05-15
510100000000002119,参保人2119,职工医保,正常参保,COMP0152,单位158,2026-03-19
510100000000002120,参保人2120,失业,正常参保,COMP0112,单位144,2026-01-10
510100000000002121,参保人2121,职工养老,正常参保,COMP0003,单位125,2025-11-12
510100000000002122,参保人2122,居民养老,正常参保,COMP0078,单位059,2026-02-11
510100000000002123,参保人2123,失业,正常参保,COMP0051,单位033,2025-10-25
510100000000002124,参保人2124,职工养老,正常参保,COMP0015,单位082,2025-11-25
510100000000002125,参保人2125,居民养老,正常参保,COMP0094,单位045,2025-09-23
510100000000002126,参保人2126,居民养老,正常参保,COMP0064,单位174,2025-12-01
510100000000002127,参保人2127,失业,正常参保,COMP0075,单位157,2025-12-27
510100000000002128,参保人2128,失业,正常参保,COMP0052,单位182,2026-05-11
510100000000002129,参保人2129,职工医保,正常参保,COMP0066,单位150,2026-07-18
510100000000002130,参保人2130,职工医保,正常参保,COMP0025,单位046,2026-05-26
510100000000002131,参保人2131,居民医保,正常参保,COMP0087,单位133,2026-06-13
510100000000002132,参保人2132,工伤,正常参保,COMP0008,单位016,2025-12-04
510100000000002133,参保人2133,工伤,正常参保,COMP0015,单位193,2026-03-10
510100000000002134,参保人2134,职工养老,正常参保,COMP0014,单位036,2026-01-09
510100000000002135,参保人2135,职工医保,正常参保,COMP0067,单位010,2026-06-19
510100000000002136,参保人2136,职工医保,暂停参保,COMP0057,单位027,2026-04-16
510100000000002137,参保人2137,工伤,正常参保,COMP0083,单位057,2025-08-23
510100000000002138,参保人2138,职工养老,正常参保,COMP0158,单位020,2026-03-29
510100000000002139,参保人2139,职工医保,正常参保,COMP0167,单位154,2026-03-30
510100000000002140,参保人2140,职工养老,正常参保,COMP0144,单位009,2026-07-25
510100000000002141,参保人2141,居民养老,正常参保,COMP0051,单位064,2026-06-16
510100000000002142,参保人2142,职工医保,正常参保,COMP0100,单位193,2026-01-28
510100000000002143,参保人2143,职工养老,正常参保,COMP0141,单位168,2025-09-30
510100000000002144,参保人2144,工伤,正常参保,COMP0171,单位044,2026-04-19
510100000000002145,参保人2145,居民养老,正常参保,COMP0152,单位164,2025-12-07
510100000000002146,参保人2146,职工医保,正常参保,COMP0100,单位148,2025-08-07
510100000000002147,参保人2147,居民养老,正常参保,COMP0140,单位190,2026-05-05
510100000000002148,参保人2148,居民养老,正常参保,COMP0084,单位025,2025-11-12
510100000000002149,参保人2149,工伤,正常参保,COMP0011,单位064,2026-01-18
510100000000002150,参保人2150,失业,正常参保,COMP0190,单位089,2025-08-17
510100000000002151,参保人2151,居民养老,终止参保,COMP0177,单位014,2025-11-23
510100000000002152,参保人2152,职工医保,正常参保,COMP0187,单位072,2025-09-16
510100000000002153,参保人2153,工伤,终止参保,COMP0147,单位023,2026-07-29
510100000000002154,参保人2154,失业,暂停参保,COMP0178,单位144,2025-10-22
510100000000002155,参保人2155,居民医保,正常参保,COMP0001,单位090,2026-02-02
510100000000002156,参保人2156,职工医保,正常参保,COMP0090,单位175,2026-02-16
510100000000002157,参保人2157,失业,暂停参保,COMP0152,单位111,2026-02-05
510100000000002158,参保人2158,职工养老,正常参保,COMP0162,单位130,2025-10-28
510100000000002159,参保人2159,居民医保,终止参保,COMP0072,单位023,2026-05-31
510100000000002160,参保人2160,失业,正常参保,COMP0117,单位106,2026-05-06
510100000000002161,参保人2161,职工医保,正常参保,COMP0128,单位063,2025-12-26
510100000000002162,参保人2162,职工医保,正常参保,COMP0081,单位103,2026-01-04
510100000000002163,参保人2163,居民养老,正常参保,COMP0013,单位194,2026-03-08
510100000000002164,参保人2164,工伤,正常参保,COMP0011,单位187,2026-01-05
510100000000002165,参保人2165,居民医保,正常参保,COMP0155,单位188,2026-05-26
510100000000002166,参保人2166,居民养老,正常参保,COMP0065,单位017,2025-08-21
510100000000002167,参保人2167,居民养老,正常参保,COMP0063,单位175,2025-10-17
510100000000002168,参保人2168,职工医保,正常参保,COMP0104,单位053,2025-09-11
510100000000002169,参保人2169,失业,正常参保,COMP0079,单位031,2026-03-25
510100000000002170,参保人2170,居民医保,正常参保,COMP0010,单位039,2026-03-04
510100000000002171,参保人2171,失业,正常参保,COMP0119,单位067,2025-12-08
510100000000002172,参保人2172,职工养老,正常参保,COMP0052,单位101,2026-06-12
510100000000002173,参保人2173,居民养老,正常参保,COMP0137,单位106,2026-05-07
510100000000002174,参保人2174,工伤,正常参保,COMP0168,单位044,2026-01-01
510100000000002175,参保人2175,失业,正常参保,COMP0016,单位022,2026-06-11
510100000000002176,参保人2176,失业,正常参保,COMP0071,单位090,2026-05-27
510100000000002177,参保人2177,失业,正常参保,COMP0103,单位151,2025-10-23
510100000000002178,参保人2178,失业,正常参保,COMP0109,单位009,2025-10-24
510100000000002179,参保人2179,职工医保,正常参保,COMP0186,单位131,2025-10-20
510100000000002180,参保人2180,职工医保,正常参保,COMP0064,单位095,2026-02-08
510100000000002181,参保人2181,居民医保,终止参保,COMP0121,单位163,2025-11-09
510100000000002182,参保人2182,失业,正常参保,COMP0097,单位032,2026-05-16
510100000000002183,参保人2183,职工医保,正常参保,COMP0118,单位192,2026-05-20
510100000000002184,参保人2184,失业,正常参保,COMP0107,单位126,2025-11-09
510100000000002185,参保人2185,失业,正常参保,COMP0101,单位098,2026-07-12
510100000000002186,参保人2186,居民医保,暂停参保,COMP0125,单位179,2026-05-26
510100000000002187,参保人2187,职工养老,正常参保,COMP0184,单位187,2026-01-21
510100000000002188,参保人2188,失业,暂停参保,COMP0186,单位088,2025-11-27
510100000000002189,参保人2189,工伤,正常参保,COMP0076,单位051,2025-11-05
510100000000002190,参保人2190,工伤,暂停参保,COMP0122,单位024,2026-07-12
510100000000002191,参保人2191,工伤,正常参保,COMP0120,单位082,2025-08-16
510100000000002192,参保人2192,居民医保,正常参保,COMP0017,单位068,2026-06-24
510100000000002193,参保人2193,工伤,正常参保,COMP0123,单位093,2026-01-23
510100000000002194,参保人2194,居民医保,正常参保,COMP0067,单位111,2025-11-22
510100000000002195,参保人2195,职工医保,正常参保,COMP0177,单位198,2025-10-29
510100000000002196,参保人2196,职工养老,正常参保,COMP0089,单位146,2026-02-06
510100000000002197,参保人2197,职工医保,正常参保,COMP0103,单位131,2026-01-23
510100000000002198,参保人2198,职工医保,正常参保,COMP0051,单位015,2026-07-30
510100000000002199,参保人2199,失业,正常参保,COMP0056,单位175,2025-08-13
510100000000002200,参保人2200,居民医保,正常参保,COMP0177,单位169,2025-09-02
510100000000002201,参保人2201,失业,正常参保,COMP0119,单位199,2026-01-08
510100000000002202,参保人2202,居民养老,正常参保,COMP0023,单位048,2026-04-20
510100000000002203,参保人2203,失业,正常参保,COMP0169,单位100,2025-10-28
510100000000002204,参保人2204,职工养老,正常参保,COMP0057,单位017,2025-12-06
510100000000002205,参保人2205,职工养老,正常参保,COMP0079,单位110,2026-07-25
510100000000002206,参保人2206,职工养老,正常参保,COMP0086,单位092,2025-10-31
510100000000002207,参保人2207,工伤,正常参保,COMP0004,单位113,2026-06-22
510100000000002208,参保人2208,居民医保,正常参保,COMP0161,单位093,2026-04-26
510100000000002209,参保人2209,居民养老,正常参保,COMP0073,单位187,2026-07-07
510100000000002210,参保人2210,居民养老,正常参保,COMP0131,单位118,2025-11-10
510100000000002211,参保人2211,居民医保,正常参保,COMP0143,单位002,2026-07-14
510100000000002212,参保人2212,失业,正常参保,COMP0199,单位100,2026-04-15
510100000000002213,参保人2213,职工养老,正常参保,COMP0091,单位167,2026-01-12
510100000000002214,参保人2214,居民医保,正常参保,COMP0120,单位004,2026-03-03
510100000000002215,参保人2215,职工医保,正常参保,COMP0050,单位110,2026-05-25
510100000000002216,参保人2216,职工养老,正常参保,COMP0081,单位164,2026-06-12
510100000000002217,参保人2217,居民医保,正常参保,COMP0141,单位009,2026-03-21
510100000000002218,参保人2218,职工养老,正常参保,COMP0129,单位118,2026-01-21
510100000000002219,参保人2219,工伤,正常参保,COMP0056,单位031,2025-10-18
510100000000002220,参保人2220,职工养老,正常参保,COMP0128,单位175,2025-09-16
510100000000002221,参保人2221,居民医保,正常参保,COMP0032,单位064,2026-06-20
510100000000002222,参保人2222,居民医保,正常参保,COMP0158,单位149,2026-06-08
510100000000002223,参保人2223,工伤,正常参保,COMP0065,单位033,2026-06-30
510100000000002224,参保人2224,职工医保,正常参保,COMP0059,单位161,2025-08-15
510100000000002225,参保人2225,职工医保,正常参保,COMP0057,单位177,2026-06-20
510100000000002226,参保人2226,职工医保,正常参保,COMP0056,单位065,2025-11-12
510100000000002227,参保人2227,工伤,正常参保,COMP0134,单位089,2025-10-30
510100000000002228,参保人2228,职工医保,正常参保,COMP0131,单位049,2026-03-13
510100000000002229,参保人2229,居民养老,正常参保,COMP0178,单位002,2025-09-12
510100000000002230,参保人2230,职工医保,正常参保,COMP0110,单位164,2026-06-07
510100000000002231,参保人2231,职工医保,正常参保,COMP0076,单位188,2026-03-29
510100000000002232,参保人2232,职工养老,正常参保,COMP0050,单位196,2026-02-10
510100000000002233,参保人2233,工伤,正常参保,COMP0170,单位015,2025-09-05
510100000000002234,参保人2234,职工养老,正常参保,COMP0024,单位125,2026-01-27
510100000000002235,参保人2235,失业,正常参保,COMP0094,单位065,2026-05-11
510100000000002236,参保人2236,职工医保,正常参保,COMP0145,单位126,2026-05-10
510100000000002237,参保人2237,居民养老,正常参保,COMP0015,单位094,2025-10-04
510100000000002238,参保人2238,职工养老,正常参保,COMP0074,单位061,2026-02-02
510100000000002239,参保人2239,职工养老,正常参保,COMP0046,单位159,2026-07-06
510100000000002240,参保人2240,职工医保,终止参保,COMP0181,单位061,2026-06-22
510100000000002241,参保人2241,工伤,正常参保,COMP0080,单位135,2025-11-20
510100000000002242,参保人2242,职工养老,正常参保,COMP0159,单位112,2025-10-19
510100000000002243,参保人2243,失业,正常参保,COMP0119,单位127,2026-07-21
510100000000002244,参保人2244,工伤,正常参保,COMP0158,单位105,2026-04-12
510100000000002245,参保人2245,职工养老,正常参保,COMP0037,单位046,2026-04-16
510100000000002246,参保人2246,职工养老,正常参保,COMP0080,单位080,2025-12-22
510100000000002247,参保人2247,职工养老,正常参保,COMP0173,单位154,2026-03-10
510100000000002248,参保人2248,居民医保,正常参保,COMP0156,单位193,2025-08-16
510100000000002249,参保人2249,职工养老,正常参保,COMP0066,单位145,2026-02-20
510100000000002250,参保人2250,失业,正常参保,COMP0189,单位137,2026-01-30
510100000000002251,参保人2251,职工养老,正常参保,COMP0106,单位108,2026-05-27
510100000000002252,参保人2252,职工养老,正常参保,COMP0057,单位081,2026-01-24
510100000000002253,参保人2253,失业,正常参保,COMP0019,单位007,2026-06-14
510100000000002254,参保人2254,失业,正常参保,COMP0061,单位087,2025-11-22
510100000000002255,参保人2255,居民医保,正常参保,COMP0031,单位033,2026-05-19
510100000000002256,参保人2256,职工养老,正常参保,COMP0128,单位135,2025-10-24
510100000000002257,参保人2257,工伤,正常参保,COMP0126,单位047,2026-01-13
510100000000002258,参保人2258,居民养老,正常参保,COMP0107,单位019,2025-09-04
510100000000002259,参保人2259,职工养老,正常参保,COMP0134,单位107,2025-10-06
510100000000002260,参保人2260,职工医保,正常参保,COMP0081,单位095,2025-11-12
510100000000002261,参保人2261,失业,正常参保,COMP0059,单位164,2025-11-21
510100000000002262,参保人2262,居民医保,正常参保,COMP0183,单位057,2026-03-15
510100000000002263,参保人2263,居民医保,正常参保,COMP0055,单位045,2025-11-23
510100000000002264,参保人2264,工伤,正常参保,COMP0021,单位052,2025-09-03
510100000000002265,参保人2265,职工养老,正常参保,COMP0067,单位113,2025-10-11
510100000000002266,参保人2266,居民医保,正常参保,COMP0069,单位068,2026-07-10
510100000000002267,参保人2267,工伤,正常参保,COMP0181,单位004,2026-05-20
510100000000002268,参保人2268,职工医保,正常参保,COMP0074,单位175,2026-02-04
510100000000002269,参保人2269,居民医保,正常参保,COMP0035,单位064,2026-02-02
510100000000002270,参保人2270,职工养老,正常参保,COMP0131,单位067,2025-10-18
510100000000002271,参保人2271,职工养老,正常参保,COMP0089,单位161,2026-04-29
510100000000002272,参保人2272,工伤,暂停参保,COMP0122,单位090,2025-12-09
510100000000002273,参保人2273,失业,暂停参保,COMP0161,单位150,2026-02-12
510100000000002274,参保人2274,职工养老,正常参保,COMP0085,单位151,2025-11-03
510100000000002275,参保人2275,工伤,正常参保,COMP0026,单位041,2026-04-07
510100000000002276,参保人2276,职工养老,正常参保,COMP0088,单位011,2026-07-09
510100000000002277,参保人2277,居民养老,正常参保,COMP0193,单位061,2026-03-13
510100000000002278,参保人2278,失业,正常参保,COMP0022,单位078,2026-03-18
510100000000002279,参保人2279,居民养老,正常参保,COMP0097,单位077,2026-06-13
510100000000002280,参保人2280,职工养老,正常参保,COMP0161,单位161,2025-10-26
510100000000002281,参保人2281,工伤,正常参保,COMP0159,单位080,2026-07-07
510100000000002282,参保人2282,职工医保,正常参保,COMP0097,单位052,2026-03-22
510100000000002283,参保人2283,居民医保,正常参保,COMP0077,单位131,2026-02-01
510100000000002284,参保人2284,居民医保,正常参保,COMP0162,单位177,2026-05-12
510100000000002285,参保人2285,工伤,终止参保,COMP0141,单位069,2026-04-09
510100000000002286,参保人2286,职工养老,正常参保,COMP0188,单位071,2026-01-28
510100000000002287,参保人2287,失业,正常参保,COMP0151,单位030,2026-05-03
510100000000002288,参保人2288,工伤,正常参保,COMP0097,单位197,2026-04-16
510100000000002289,参保人2289,居民养老,正常参保,COMP0180,单位132,2026-04-08
510100000000002290,参保人2290,工伤,正常参保,COMP0122,单位026,2025-11-20
510100000000002291,参保人2291,失业,正常参保,COMP0161,单位033,2026-01-19
510100000000002292,参保人2292,居民养老,正常参保,COMP0149,单位173,2025-12-02
510100000000002293,参保人2293,居民医保,正常参保,COMP0082,单位062,2025-10-24
510100000000002294,参保人2294,居民养老,正常参保,COMP0012,单位065,2025-12-16
510100000000002295,参保人2295,职工医保,正常参保,COMP0115,单位137,2026-04-23
510100000000002296,参保人2296,职工养老,正常参保,COMP0078,单位125,2025-12-24
510100000000002297,参保人2297,职工医保,正常参保,COMP0141,单位130,2026-01-20
510100000000002298,参保人2298,工伤,正常参保,COMP0089,单位047,2026-01-16
510100000000002299,参保人2299,职工医保,正常参保,COMP0192,单位085,2026-02-21
510100000000002300,参保人2300,居民养老,正常参保,COMP0042,单位009,2025-10-30
510100000000002301,参保人2301,职工医保,终止参保,COMP0002,单位019,2025-12-12
510100000000002302,参保人2302,居民养老,暂停参保,COMP0070,单位017,2026-05-10
510100000000002303,参保人2303,失业,正常参保,COMP0094,单位084,2026-05-12
510100000000002304,参保人2304,职工养老,正常参保,COMP0154,单位184,2025-12-22
510100000000002305,参保人2305,职工医保,暂停参保,COMP0165,单位121,2026-02-15
510100000000002306,参保人2306,居民养老,正常参保,COMP0128,单位110,2025-08-17
510100000000002307,参保人2307,工伤,终止参保,COMP0071,单位033,2026-07-07
510100000000002308,参保人2308,工伤,正常参保,COMP0011,单位088,2025-09-13
510100000000002309,参保人2309,职工医保,正常参保,COMP0188,单位086,2026-07-19
510100000000002310,参保人2310,居民养老,正常参保,COMP0184,单位014,2026-07-05
510100000000002311,参保人2311,居民医保,正常参保,COMP0192,单位064,2026-01-29
510100000000002312,参保人2312,居民养老,暂停参保,COMP0092,单位125,2025-09-05
510100000000002313,参保人2313,职工养老,正常参保,COMP0097,单位019,2026-03-11
510100000000002314,参保人2314,失业,正常参保,COMP0009,单位027,2025-11-07
510100000000002315,参保人2315,居民养老,正常参保,COMP0008,单位146,2026-04-04
510100000000002316,参保人2316,职工养老,正常参保,COMP0001,单位006,2025-10-14
510100000000002317,参保人2317,工伤,正常参保,COMP0080,单位018,2026-02-11
510100000000002318,参保人2318,居民医保,正常参保,COMP0083,单位182,2026-03-24
510100000000002319,参保人2319,职工养老,正常参保,COMP0069,单位183,2026-02-20
510100000000002320,参保人2320,职工养老,正常参保,COMP0178,单位117,2026-05-04
510100000000002321,参保人2321,职工医保,正常参保,COMP0125,单位185,2025-12-19
510100000000002322,参保人2322,失业,正常参保,COMP0135,单位078,2025-12-15
510100000000002323,参保人2323,工伤,正常参保,COMP0112,单位089,2026-02-28
510100000000002324,参保人2324,失业,正常参保,COMP0144,单位052,2026-07-09
510100000000002325,参保人2325,居民养老,正常参保,COMP0064,单位091,2025-08-27
510100000000002326,参保人2326,工伤,正常参保,COMP0184,单位005,2025-11-12
510100000000002327,参保人2327,职工医保,正常参保,COMP0033,单位121,2026-01-05
510100000000002328,参保人2328,居民医保,正常参保,COMP0137,单位178,2026-07-09
510100000000002329,参保人2329,职工养老,终止参保,COMP0173,单位017,2026-06-12
510100000000002330,参保人2330,居民医保,正常参保,COMP0067,单位197,2026-03-18
510100000000002331,参保人2331,职工养老,正常参保,COMP0094,单位189,2026-06-14
510100000000002332,参保人2332,居民医保,正常参保,COMP0077,单位016,2026-06-27
510100000000002333,参保人2333,居民医保,正常参保,COMP0128,单位061,2026-05-13
510100000000002334,参保人2334,职工医保,正常参保,COMP0118,单位100,2026-06-19
510100000000002335,参保人2335,职工医保,正常参保,COMP0002,单位120,2026-02-10
510100000000002336,参保人2336,工伤,正常参保,COMP0171,单位077,2026-03-24
510100000000002337,参保人2337,职工养老,正常参保,COMP0012,单位004,2026-05-04
510100000000002338,参保人2338,工伤,正常参保,COMP0123,单位007,2026-01-03
510100000000002339,参保人2339,工伤,正常参保,COMP0081,单位030,2026-05-26
510100000000002340,参保人2340,失业,正常参保,COMP0147,单位066,2025-11-14
510100000000002341,参保人2341,工伤,正常参保,COMP0077,单位077,2025-10-23
510100000000002342,参保人2342,工伤,正常参保,COMP0110,单位171,2026-01-09
510100000000002343,参保人2343,居民养老,正常参保,COMP0010,单位159,2025-08-19
510100000000002344,参保人2344,工伤,正常参保,COMP0077,单位001,2026-03-29
510100000000002345,参保人2345,职工养老,正常参保,COMP0163,单位015,2025-12-18
510100000000002346,参保人2346,职工养老,暂停参保,COMP0030,单位103,2025-09-03
510100000000002347,参保人2347,职工养老,正常参保,COMP0060,单位040,2025-09-11
510100000000002348,参保人2348,居民养老,暂停参保,COMP0147,单位003,2025-10-19
510100000000002349,参保人2349,职工养老,正常参保,COMP0169,单位115,2025-08-07
510100000000002350,参保人2350,居民医保,正常参保,COMP0164,单位084,2026-05-22
510100000000002351,参保人2351,职工医保,正常参保,COMP0078,单位091,2026-05-12
510100000000002352,参保人2352,失业,正常参保,COMP0083,单位175,2026-06-14
510100000000002353,参保人2353,居民养老,暂停参保,COMP0095,单位009,2026-06-15
510100000000002354,参保人2354,工伤,正常参保,COMP0060,单位046,2025-10-01
510100000000002355,参保人2355,居民医保,暂停参保,COMP0165,单位023,2026-07-11
510100000000002356,参保人2356,失业,正常参保,COMP0194,单位109,2026-01-30
510100000000002357,参保人2357,工伤,正常参保,COMP0050,单位124,2026-07-19
510100000000002358,参保人2358,职工医保,正常参保,COMP0160,单位022,2026-06-28
510100000000002359,参保人2359,失业,正常参保,COMP0183,单位075,2026-01-10
510100000000002360,参保人2360,职工养老,正常参保,COMP0008,单位086,2025-09-17
510100000000002361,参保人2361,职工养老,正常参保,COMP0137,单位090,2025-09-05
510100000000002362,参保人2362,失业,正常参保,COMP0090,单位059,2026-07-10
510100000000002363,参保人2363,失业,正常参保,COMP0112,单位044,2026-06-12
510100000000002364,参保人2364,居民医保,暂停参保,COMP0120,单位179,2025-10-23
510100000000002365,参保人2365,居民医保,正常参保,COMP0194,单位025,2026-01-30
510100000000002366,参保人2366,居民医保,正常参保,COMP0193,单位164,2025-12-01
510100000000002367,参保人2367,居民养老,正常参保,COMP0164,单位038,2026-02-18
510100000000002368,参保人2368,工伤,正常参保,COMP0089,单位189,2026-07-20
510100000000002369,参保人2369,失业,正常参保,COMP0116,单位080,2026-07-23
510100000000002370,参保人2370,工伤,正常参保,COMP0188,单位057,2026-01-20
510100000000002371,参保人2371,职工医保,正常参保,COMP0032,单位150,2026-06-13
510100000000002372,参保人2372,职工养老,正常参保,COMP0013,单位047,2026-05-12
510100000000002373,参保人2373,失业,正常参保,COMP0029,单位022,2025-09-20
510100000000002374,参保人2374,工伤,正常参保,COMP0005,单位163,2026-01-17
510100000000002375,参保人2375,职工养老,正常参保,COMP0174,单位163,2026-02-15
510100000000002376,参保人2376,工伤,正常参保,COMP0066,单位198,2025-09-13
510100000000002377,参保人2377,居民养老,正常参保,COMP0172,单位060,2026-06-28
510100000000002378,参保人2378,失业,正常参保,COMP0046,单位086,2025-11-27
510100000000002379,参保人2379,工伤,正常参保,COMP0123,单位147,2026-07-05
510100000000002380,参保人2380,居民养老,正常参保,COMP0091,单位052,2025-12-23
510100000000002381,参保人2381,居民养老,正常参保,COMP0198,单位183,2025-09-28
510100000000002382,参保人2382,居民养老,正常参保,COMP0144,单位024,2025-12-16
510100000000002383,参保人2383,工伤,正常参保,COMP0076,单位069,2025-08-15
510100000000002384,参保人2384,居民养老,暂停参保,COMP0030,单位018,2026-06-24
510100000000002385,参保人2385,职工养老,终止参保,COMP0154,单位121,2025-12-19
510100000000002386,参保人2386,职工医保,正常参保,COMP0146,单位056,2026-07-07
510100000000002387,参保人2387,工伤,正常参保,COMP0124,单位130,2025-08-19
510100000000002388,参保人2388,工伤,正常参保,COMP0018,单位145,2025-12-24
510100000000002389,参保人2389,居民医保,正常参保,COMP0094,单位076,2026-07-03
510100000000002390,参保人2390,职工养老,正常参保,COMP0044,单位121,2025-09-17
510100000000002391,参保人2391,职工医保,正常参保,COMP0160,单位084,2026-04-15
510100000000002392,参保人2392,居民养老,正常参保,COMP0191,单位175,2026-08-06
510100000000002393,参保人2393,职工养老,正常参保,COMP0062,单位064,2026-01-13
510100000000002394,参保人2394,职工医保,正常参保,COMP0035,单位013,2026-02-25
510100000000002395,参保人2395,职工养老,正常参保,COMP0184,单位111,2026-01-14
510100000000002396,参保人2396,职工养老,正常参保,COMP0144,单位146,2025-10-10
510100000000002397,参保人2397,居民养老,正常参保,COMP0042,单位135,2025-11-09
510100000000002398,参保人2398,居民养老,正常参保,COMP0165,单位194,2025-12-16
510100000000002399,参保人2399,工伤,暂停参保,COMP0080,单位125,2026-02-04
510100000000002400,参保人2400,居民养老,正常参保,COMP0134,单位032,2025-08-08
510100000000002401,参保人2401,居民医保,正常参保,COMP0068,单位127,2026-03-25
510100000000002402,参保人2402,居民医保,正常参保,COMP0064,单位135,2026-06-27
510100000000002403,参保人2403,职工养老,正常参保,COMP0194,单位110,2025-12-29
510100000000002404,参保人2404,居民医保,正常参保,COMP0150,单位004,2025-12-06
510100000000002405,参保人2405,失业,正常参保,COMP0026,单位139,2026-07-21
510100000000002406,参保人2406,居民养老,终止参保,COMP0031,单位163,2026-01-12
510100000000002407,参保人2407,职工养老,正常参保,COMP0111,单位101,2025-09-23
510100000000002408,参保人2408,职工医保,正常参保,COMP0163,单位116,2026-02-15
510100000000002409,参保人2409,失业,正常参保,COMP0028,单位103,2025-08-14
510100000000002410,参保人2410,职工医保,正常参保,COMP0143,单位021,2025-10-03
510100000000002411,参保人2411,职工养老,终止参保,COMP0051,单位083,2026-06-13
510100000000002412,参保人2412,工伤,正常参保,COMP0193,单位093,2026-05-11
510100000000002413,参保人2413,职工医保,正常参保,COMP0092,单位047,2025-12-15
510100000000002414,参保人2414,失业,正常参保,COMP0195,单位015,2025-11-23
510100000000002415,参保人2415,职工医保,正常参保,COMP0096,单位157,2026-07-12
510100000000002416,参保人2416,工伤,暂停参保,COMP0102,单位071,2025-08-21
510100000000002417,参保人2417,失业,正常参保,COMP0119,单位051,2026-05-18
510100000000002418,参保人2418,居民养老,正常参保,COMP0129,单位114,2026-03-05
510100000000002419,参保人2419,工伤,正常参保,COMP0142,单位100,2026-01-22
510100000000002420,参保人2420,工伤,正常参保,COMP0134,单位161,2026-07-19
510100000000002421,参保人2421,工伤,正常参保,COMP0189,单位198,2026-01-12
510100000000002422,参保人2422,居民医保,正常参保,COMP0105,单位169,2025-12-14
510100000000002423,参保人2423,工伤,正常参保,COMP0172,单位055,2026-03-03
510100000000002424,参保人2424,居民医保,正常参保,COMP0147,单位135,2026-03-06
510100000000002425,参保人2425,失业,正常参保,COMP0102,单位194,2026-05-04
510100000000002426,参保人2426,居民养老,正常参保,COMP0171,单位190,2026-01-20
510100000000002427,参保人2427,居民养老,暂停参保,COMP0024,单位167,2025-09-17
510100000000002428,参保人2428,工伤,正常参保,COMP0133,单位055,2026-03-02
510100000000002429,参保人2429,工伤,正常参保,COMP0154,单位037,2025-12-28
510100000000002430,参保人2430,职工养老,正常参保,COMP0158,单位003,2025-11-29
510100000000002431,参保人2431,居民医保,正常参保,COMP0007,单位125,2026-06-19
510100000000002432,参保人2432,职工医保,正常参保,COMP0041,单位106,2026-05-22
510100000000002433,参保人2433,失业,正常参保,COMP0091,单位155,2026-07-30
510100000000002434,参保人2434,居民养老,正常参保,COMP0138,单位013,2026-01-28
510100000000002435,参保人2435,工伤,正常参保,COMP0061,单位182,2025-11-16
510100000000002436,参保人2436,工伤,暂停参保,COMP0041,单位158,2026-03-11
510100000000002437,参保人2437,居民养老,正常参保,COMP0002,单位178,2026-01-25
510100000000002438,参保人2438,居民医保,正常参保,COMP0080,单位179,2026-01-23
510100000000002439,参保人2439,职工医保,正常参保,COMP0153,单位158,2025-08-10
510100000000002440,参保人2440,职工养老,暂停参保,COMP0017,单位154,2025-12-01
510100000000002441,参保人2441,居民养老,正常参保,COMP0020,单位002,2026-05-11
510100000000002442,参保人2442,职工养老,正常参保,COMP0078,单位004,2025-12-09
510100000000002443,参保人2443,工伤,终止参保,COMP0163,单位128,2026-01-19
510100000000002444,参保人2444,居民医保,正常参保,COMP0031,单位138,2026-07-17
510100000000002445,参保人2445,居民医保,正常参保,COMP0023,单位131,2026-03-12
510100000000002446,参保人2446,居民医保,正常参保,COMP0105,单位052,2026-02-26
510100000000002447,参保人2447,工伤,正常参保,COMP0061,单位125,2026-05-28
510100000000002448,参保人2448,失业,正常参保,COMP0108,单位191,2026-07-17
510100000000002449,参保人2449,失业,正常参保,COMP0082,单位088,2026-07-28
510100000000002450,参保人2450,职工养老,正常参保,COMP0007,单位145,2026-01-27
510100000000002451,参保人2451,居民医保,正常参保,COMP0015,单位033,2026-06-06
510100000000002452,参保人2452,工伤,正常参保,COMP0095,单位035,2026-01-26
510100000000002453,参保人2453,居民养老,正常参保,COMP0025,单位057,2026-07-06
510100000000002454,参保人2454,居民养老,正常参保,COMP0077,单位092,2026-08-06
510100000000002455,参保人2455,职工养老,正常参保,COMP0136,单位196,2026-03-27
510100000000002456,参保人2456,职工医保,正常参保,COMP0039,单位023,2025-09-17
510100000000002457,参保人2457,居民养老,正常参保,COMP0126,单位175,2025-11-29
510100000000002458,参保人2458,工伤,正常参保,COMP0105,单位066,2025-11-17
510100000000002459,参保人2459,职工医保,正常参保,COMP0145,单位084,2025-11-30
510100000000002460,参保人2460,居民医保,正常参保,COMP0034,单位161,2025-10-29
510100000000002461,参保人2461,居民医保,正常参保,COMP0087,单位041,2026-02-02
510100000000002462,参保人2462,居民医保,正常参保,COMP0010,单位015,2026-06-26
510100000000002463,参保人2463,工伤,正常参保,COMP0017,单位188,2025-11-15
510100000000002464,参保人2464,居民医保,正常参保,COMP0036,单位048,2025-10-04
510100000000002465,参保人2465,职工医保,暂停参保,COMP0070,单位074,2025-09-05
510100000000002466,参保人2466,居民养老,正常参保,COMP0077,单位116,2025-11-26
510100000000002467,参保人2467,工伤,正常参保,COMP0154,单位075,2025-08-28
510100000000002468,参保人2468,工伤,正常参保,COMP0052,单位074,2026-04-04
510100000000002469,参保人2469,居民养老,正常参保,COMP0065,单位052,2025-12-15
510100000000002470,参保人2470,居民医保,正常参保,COMP0142,单位089,2026-05-27
510100000000002471,参保人2471,职工养老,正常参保,COMP0156,单位199,2026-04-14
510100000000002472,参保人2472,职工医保,终止参保,COMP0066,单位090,2025-12-05
510100000000002473,参保人2473,居民医保,正常参保,COMP0016,单位182,2026-06-26
510100000000002474,参保人2474,职工医保,正常参保,COMP0068,单位019,2026-06-02
510100000000002475,参保人2475,职工医保,正常参保,COMP0144,单位054,2026-04-17
510100000000002476,参保人2476,居民医保,正常参保,COMP0117,单位085,2026-03-21
510100000000002477,参保人2477,职工医保,正常参保,COMP0025,单位191,2026-04-06
510100000000002478,参保人2478,居民医保,正常参保,COMP0100,单位051,2025-08-18
510100000000002479,参保人2479,职工医保,正常参保,COMP0002,单位005,2026-01-22
510100000000002480,参保人2480,居民养老,正常参保,COMP0133,单位187,2025-09-17
510100000000002481,参保人2481,工伤,正常参保,COMP0093,单位150,2026-03-22
510100000000002482,参保人2482,居民医保,正常参保,COMP0051,单位010,2026-03-26
510100000000002483,参保人2483,失业,正常参保,COMP0122,单位198,2026-01-28
510100000000002484,参保人2484,职工养老,正常参保,COMP0187,单位063,2026-05-10
510100000000002485,参保人2485,职工养老,正常参保,COMP0178,单位132,2025-08-12
510100000000002486,参保人2486,职工养老,正常参保,COMP0032,单位120,2026-02-09
510100000000002487,参保人2487,居民养老,终止参保,COMP0074,单位034,2026-05-29
510100000000002488,参保人2488,职工养老,正常参保,COMP0059,单位181,2026-07-19
510100000000002489,参保人2489,居民医保,正常参保,COMP0095,单位113,2025-10-14
510100000000002490,参保人2490,职工医保,正常参保,COMP0103,单位054,2026-02-05
510100000000002491,参保人2491,职工养老,正常参保,COMP0099,单位093,2025-09-20
510100000000002492,参保人2492,居民养老,正常参保,COMP0018,单位026,2025-08-12
510100000000002493,参保人2493,职工养老,正常参保,COMP0119,单位124,2026-03-26
510100000000002494,参保人2494,职工医保,正常参保,COMP0051,单位085,2025-10-30
510100000000002495,参保人2495,职工医保,正常参保,COMP0093,单位117,2025-09-29
510100000000002496,参保人2496,居民养老,正常参保,COMP0120,单位071,2026-07-21
510100000000002497,参保人2497,工伤,正常参保,COMP0122,单位124,2026-07-28
510100000000002498,参保人2498,居民养老,正常参保,COMP0017,单位050,2025-10-18
510100000000002499,参保人2499,居民医保,正常参保,COMP0118,单位157,2026-01-03
510100000000002500,参保人2500,职工养老,终止参保,COMP0134,单位123,2026-07-03
510100000000002501,参保人2501,职工医保,正常参保,COMP0165,单位013,2026-01-17
510100000000002502,参保人2502,工伤,正常参保,COMP0110,单位192,2026-08-06
510100000000002503,参保人2503,职工医保,正常参保,COMP0103,单位010,2026-04-01
510100000000002504,参保人2504,居民养老,正常参保,COMP0056,单位080,2026-02-23
510100000000002505,参保人2505,工伤,正常参保,COMP0145,单位048,2026-01-07
510100000000002506,参保人2506,居民医保,正常参保,COMP0122,单位012,2025-10-13
510100000000002507,参保人2507,工伤,正常参保,COMP0182,单位034,2025-11-17
510100000000002508,参保人2508,工伤,正常参保,COMP0015,单位193,2025-12-23
510100000000002509,参保人2509,职工医保,正常参保,COMP0079,单位086,2025-11-29
510100000000002510,参保人2510,失业,正常参保,COMP0088,单位149,2026-05-28
510100000000002511,参保人2511,职工医保,暂停参保,COMP0096,单位032,2025-10-02
510100000000002512,参保人2512,职工养老,正常参保,COMP0190,单位132,2026-05-13
510100000000002513,参保人2513,居民医保,终止参保,COMP0081,单位114,2026-02-04
510100000000002514,参保人2514,居民医保,正常参保,COMP0062,单位054,2026-01-22
510100000000002515,参保人2515,职工养老,正常参保,COMP0037,单位131,2025-10-20
510100000000002516,参保人2516,居民养老,正常参保,COMP0124,单位156,2025-12-28
510100000000002517,参保人2517,居民医保,正常参保,COMP0161,单位192,2026-03-06
510100000000002518,参保人2518,职工医保,正常参保,COMP0135,单位057,2026-07-30
510100000000002519,参保人2519,工伤,正常参保,COMP0126,单位159,2026-06-09
510100000000002520,参保人2520,居民医保,正常参保,COMP0176,单位159,2026-04-21
510100000000002521,参保人2521,职工养老,正常参保,COMP0074,单位167,2025-08-15
510100000000002522,参保人2522,职工医保,正常参保,COMP0116,单位182,2026-04-07
510100000000002523,参保人2523,失业,正常参保,COMP0199,单位029,2026-01-17
510100000000002524,参保人2524,工伤,正常参保,COMP0100,单位176,2025-09-11
510100000000002525,参保人2525,职工养老,正常参保,COMP0095,单位017,2026-03-23
510100000000002526,参保人2526,工伤,终止参保,COMP0162,单位173,2025-11-15
510100000000002527,参保人2527,职工养老,正常参保,COMP0114,单位139,2026-04-04
510100000000002528,参保人2528,居民养老,正常参保,COMP0042,单位013,2025-11-25
510100000000002529,参保人2529,工伤,正常参保,COMP0020,单位050,2026-02-24
510100000000002530,参保人2530,居民养老,正常参保,COMP0069,单位037,2025-11-27
510100000000002531,参保人2531,居民养老,正常参保,COMP0099,单位125,2026-02-20
510100000000002532,参保人2532,失业,正常参保,COMP0178,单位041,2025-10-10
510100000000002533,参保人2533,居民医保,正常参保,COMP0190,单位128,2025-08-30
510100000000002534,参保人2534,工伤,正常参保,COMP0001,单位044,2026-03-10
510100000000002535,参保人2535,失业,正常参保,COMP0159,单位115,2026-01-24
510100000000002536,参保人2536,居民医保,正常参保,COMP0154,单位141,2025-09-27
510100000000002537,参保人2537,居民医保,正常参保,COMP0122,单位087,2025-09-30
510100000000002538,参保人2538,职工医保,暂停参保,COMP0058,单位063,2025-08-25
510100000000002539,参保人2539,居民养老,正常参保,COMP0126,单位024,2026-05-27
510100000000002540,参保人2540,职工医保,正常参保,COMP0094,单位117,2025-09-02
510100000000002541,参保人2541,工伤,正常参保,COMP0152,单位149,2025-08-16
510100000000002542,参保人2542,失业,正常参保,COMP0069,单位142,2025-12-05
510100000000002543,参保人2543,工伤,正常参保,COMP0178,单位189,2025-11-20
510100000000002544,参保人2544,职工养老,正常参保,COMP0114,单位085,2026-06-11
510100000000002545,参保人2545,居民医保,正常参保,COMP0172,单位173,2025-12-31
510100000000002546,参保人2546,居民医保,正常参保,COMP0031,单位112,2026-06-21
510100000000002547,参保人2547,失业,正常参保,COMP0071,单位162,2026-04-21
510100000000002548,参保人2548,工伤,正常参保,COMP0016,单位171,2026-04-13
510100000000002549,参保人2549,职工医保,正常参保,COMP0081,单位012,2026-04-01
510100000000002550,参保人2550,失业,正常参保,COMP0041,单位181,2026-03-03
510100000000002551,参保人2551,失业,正常参保,COMP0089,单位192,2026-07-14
510100000000002552,参保人2552,职工医保,正常参保,COMP0180,单位080,2026-03-26
510100000000002553,参保人2553,工伤,正常参保,COMP0132,单位092,2026-02-22
510100000000002554,参保人2554,职工医保,暂停参保,COMP0081,单位142,2026-05-28
510100000000002555,参保人2555,失业,正常参保,COMP0065,单位052,2025-10-25
510100000000002556,参保人2556,职工医保,正常参保,COMP0099,单位158,2026-05-01
510100000000002557,参保人2557,居民医保,正常参保,COMP0027,单位152,2025-12-23
510100000000002558,参保人2558,职工养老,正常参保,COMP0077,单位045,2025-08-29
510100000000002559,参保人2559,居民养老,正常参保,COMP0159,单位092,2026-07-16
510100000000002560,参保人2560,居民养老,暂停参保,COMP0192,单位077,2025-10-30
510100000000002561,参保人2561,居民养老,正常参保,COMP0135,单位109,2025-10-31
510100000000002562,参保人2562,职工养老,正常参保,COMP0115,单位009,2026-04-17
510100000000002563,参保人2563,职工养老,正常参保,COMP0102,单位168,2025-12-29
510100000000002564,参保人2564,工伤,正常参保,COMP0182,单位170,2026-06-23
510100000000002565,参保人2565,工伤,正常参保,COMP0014,单位157,2026-03-26
510100000000002566,参保人2566,工伤,正常参保,COMP0018,单位038,2026-02-01
510100000000002567,参保人2567,职工医保,正常参保,COMP0044,单位047,2026-07-03
510100000000002568,参保人2568,职工养老,正常参保,COMP0090,单位052,2025-11-28
510100000000002569,参保人2569,职工养老,正常参保,COMP0169,单位131,2025-12-26
510100000000002570,参保人2570,工伤,正常参保,COMP0142,单位096,2026-07-12
510100000000002571,参保人2571,失业,正常参保,COMP0168,单位051,2026-08-02
510100000000002572,参保人2572,工伤,正常参保,COMP0001,单位182,2026-07-27
510100000000002573,参保人2573,工伤,正常参保,COMP0153,单位168,2026-07-06
510100000000002574,参保人2574,居民养老,正常参保,COMP0131,单位128,2025-11-25
510100000000002575,参保人2575,职工养老,正常参保,COMP0062,单位027,2025-12-05
510100000000002576,参保人2576,工伤,暂停参保,COMP0025,单位189,2026-06-24
510100000000002577,参保人2577,失业,终止参保,COMP0174,单位142,2026-03-24
510100000000002578,参保人2578,失业,正常参保,COMP0080,单位082,2026-03-25
510100000000002579,参保人2579,职工医保,正常参保,COMP0141,单位184,2026-06-12
510100000000002580,参保人2580,职工医保,正常参保,COMP0163,单位088,2026-05-02
510100000000002581,参保人2581,工伤,正常参保,COMP0173,单位040,2026-02-06
510100000000002582,参保人2582,失业,正常参保,COMP0053,单位127,2026-03-05
510100000000002583,参保人2583,职工养老,正常参保,COMP0055,单位044,2026-07-20
510100000000002584,参保人2584,居民养老,正常参保,COMP0045,单位192,2025-12-18
510100000000002585,参保人2585,职工养老,暂停参保,COMP0022,单位097,2025-10-08
510100000000002586,参保人2586,工伤,正常参保,COMP0045,单位077,2026-07-29
510100000000002587,参保人2587,居民养老,正常参保,COMP0091,单位172,2025-08-15
510100000000002588,参保人2588,工伤,正常参保,COMP0122,单位076,2026-02-24
510100000000002589,参保人2589,居民养老,正常参保,COMP0168,单位126,2026-03-05
510100000000002590,参保人2590,职工医保,正常参保,COMP0068,单位088,2025-11-03
510100000000002591,参保人2591,职工医保,正常参保,COMP0193,单位003,2025-10-04
510100000000002592,参保人2592,失业,正常参保,COMP0123,单位187,2025-11-18
510100000000002593,参保人2593,工伤,正常参保,COMP0117,单位060,2026-04-04
510100000000002594,参保人2594,职工医保,正常参保,COMP0051,单位178,2026-03-21
510100000000002595,参保人2595,居民医保,正常参保,COMP0069,单位048,2026-06-11
510100000000002596,参保人2596,工伤,正常参保,COMP0099,单位148,2026-07-23
510100000000002597,参保人2597,工伤,正常参保,COMP0179,单位076,2026-06-06
510100000000002598,参保人2598,工伤,正常参保,COMP0134,单位199,2026-07-12
510100000000002599,参保人2599,居民医保,正常参保,COMP0004,单位021,2026-03-11
510100000000002600,参保人2600,职工医保,正常参保,COMP0163,单位177,2026-06-25
510100000000002601,参保人2601,职工医保,正常参保,COMP0185,单位042,2026-05-07
510100000000002602,参保人2602,工伤,正常参保,COMP0068,单位053,2026-05-15
510100000000002603,参保人2603,居民医保,正常参保,COMP0097,单位152,2026-01-22
510100000000002604,参保人2604,失业,正常参保,COMP0088,单位007,2025-10-19
510100000000002605,参保人2605,失业,正常参保,COMP0052,单位143,2025-12-29
510100000000002606,参保人2606,居民养老,正常参保,COMP0093,单位107,2026-06-19
510100000000002607,参保人2607,工伤,正常参保,COMP0014,单位042,2026-07-23
510100000000002608,参保人2608,居民医保,正常参保,COMP0196,单位027,2026-05-06
510100000000002609,参保人2609,职工医保,正常参保,COMP0052,单位063,2026-02-07
510100000000002610,参保人2610,职工医保,正常参保,COMP0107,单位043,2026-03-25
510100000000002611,参保人2611,工伤,正常参保,COMP0004,单位197,2026-03-27
510100000000002612,参保人2612,职工养老,暂停参保,COMP0080,单位041,2025-11-25
510100000000002613,参保人2613,居民医保,正常参保,COMP0149,单位198,2025-10-12
510100000000002614,参保人2614,工伤,正常参保,COMP0108,单位197,2026-01-07
510100000000002615,参保人2615,居民养老,正常参保,COMP0082,单位083,2026-03-29
510100000000002616,参保人2616,职工医保,终止参保,COMP0049,单位145,2026-06-05
510100000000002617,参保人2617,居民医保,正常参保,COMP0015,单位175,2025-11-21
510100000000002618,参保人2618,职工养老,正常参保,COMP0003,单位102,2025-11-20
510100000000002619,参保人2619,工伤,正常参保,COMP0045,单位075,2026-02-23
510100000000002620,参保人2620,职工医保,正常参保,COMP0145,单位118,2026-06-03
510100000000002621,参保人2621,职工养老,正常参保,COMP0181,单位159,2025-10-29
510100000000002622,参保人2622,失业,正常参保,COMP0072,单位064,2026-04-24
510100000000002623,参保人2623,职工医保,正常参保,COMP0148,单位105,2026-06-21
510100000000002624,参保人2624,工伤,正常参保,COMP0129,单位002,2025-09-27
510100000000002625,参保人2625,职工养老,正常参保,COMP0072,单位140,2026-07-11
510100000000002626,参保人2626,工伤,正常参保,COMP0174,单位129,2026-06-08
510100000000002627,参保人2627,职工养老,暂停参保,COMP0185,单位003,2026-03-14
510100000000002628,参保人2628,居民养老,正常参保,COMP0034,单位096,2026-05-10
510100000000002629,参保人2629,居民养老,正常参保,COMP0019,单位111,2025-12-16
510100000000002630,参保人2630,失业,暂停参保,COMP0161,单位166,2026-04-01
510100000000002631,参保人2631,工伤,正常参保,COMP0107,单位128,2026-01-24
510100000000002632,参保人2632,职工养老,正常参保,COMP0143,单位139,2026-04-18
510100000000002633,参保人2633,居民医保,正常参保,COMP0077,单位101,2026-03-28
510100000000002634,参保人2634,工伤,正常参保,COMP0185,单位098,2026-04-09
510100000000002635,参保人2635,工伤,正常参保,COMP0199,单位001,2026-06-08
510100000000002636,参保人2636,居民医保,正常参保,COMP0149,单位139,2026-06-24
510100000000002637,参保人2637,职工养老,正常参保,COMP0108,单位044,2026-05-21
510100000000002638,参保人2638,居民医保,正常参保,COMP0025,单位132,2026-03-16
510100000000002639,参保人2639,居民医保,正常参保,COMP0035,单位134,2025-11-05
510100000000002640,参保人2640,职工养老,正常参保,COMP0008,单位010,2026-02-22
510100000000002641,参保人2641,工伤,正常参保,COMP0087,单位023,2026-01-09
510100000000002642,参保人2642,失业,正常参保,COMP0028,单位026,2025-11-14
510100000000002643,参保人2643,居民养老,正常参保,COMP0066,单位067,2026-03-25
510100000000002644,参保人2644,居民医保,正常参保,COMP0156,单位081,2026-03-04
510100000000002645,参保人2645,职工养老,正常参保,COMP0020,单位013,2025-09-08
510100000000002646,参保人2646,职工养老,正常参保,COMP0176,单位143,2025-10-05
510100000000002647,参保人2647,居民养老,正常参保,COMP0004,单位022,2026-04-28
510100000000002648,参保人2648,居民医保,终止参保,COMP0044,单位170,2025-10-15
510100000000002649,参保人2649,职工医保,正常参保,COMP0130,单位156,2026-05-25
510100000000002650,参保人2650,失业,正常参保,COMP0090,单位067,2025-12-14
510100000000002651,参保人2651,居民养老,正常参保,COMP0092,单位010,2026-05-13
510100000000002652,参保人2652,失业,正常参保,COMP0108,单位165,2026-05-08
510100000000002653,参保人2653,失业,暂停参保,COMP0107,单位168,2026-04-28
510100000000002654,参保人2654,居民医保,正常参保,COMP0048,单位117,2025-12-23
510100000000002655,参保人2655,居民医保,正常参保,COMP0033,单位044,2026-02-23
510100000000002656,参保人2656,职工医保,正常参保,COMP0081,单位088,2025-10-24
510100000000002657,参保人2657,居民养老,终止参保,COMP0030,单位172,2026-07-26
510100000000002658,参保人2658,职工养老,正常参保,COMP0152,单位152,2026-01-31
510100000000002659,参保人2659,职工养老,正常参保,COMP0091,单位074,2025-11-24
510100000000002660,参保人2660,居民养老,正常参保,COMP0073,单位071,2026-05-21
510100000000002661,参保人2661,居民养老,正常参保,COMP0121,单位043,2026-07-30
510100000000002662,参保人2662,工伤,正常参保,COMP0111,单位035,2026-07-15
510100000000002663,参保人2663,失业,正常参保,COMP0130,单位061,2026-04-14
510100000000002664,参保人2664,居民养老,正常参保,COMP0052,单位164,2025-09-16
510100000000002665,参保人2665,职工养老,正常参保,COMP0083,单位002,2026-02-16
510100000000002666,参保人2666,工伤,正常参保,COMP0078,单位028,2026-06-14
510100000000002667,参保人2667,居民医保,正常参保,COMP0164,单位102,2026-04-09
510100000000002668,参保人2668,职工医保,正常参保,COMP0048,单位167,2026-06-21
510100000000002669,参保人2669,失业,正常参保,COMP0158,单位092,2026-03-01
510100000000002670,参保人2670,职工医保,正常参保,COMP0150,单位149,2025-11-23
510100000000002671,参保人2671,工伤,正常参保,COMP0085,单位046,2026-06-21
510100000000002672,参保人2672,工伤,暂停参保,COMP0059,单位054,2025-08-30
510100000000002673,参保人2673,居民养老,正常参保,COMP0006,单位053,2026-03-16
510100000000002674,参保人2674,居民医保,正常参保,COMP0073,单位174,2025-12-18
510100000000002675,参保人2675,失业,正常参保,COMP0191,单位106,2025-12-28
510100000000002676,参保人2676,居民养老,正常参保,COMP0053,单位109,2026-07-09
510100000000002677,参保人2677,职工养老,正常参保,COMP0136,单位023,2026-04-12
510100000000002678,参保人2678,居民医保,正常参保,COMP0053,单位096,2026-02-02
510100000000002679,参保人2679,工伤,正常参保,COMP0017,单位160,2025-08-14
510100000000002680,参保人2680,居民医保,终止参保,COMP0180,单位020,2026-04-17
510100000000002681,参保人2681,居民医保,正常参保,COMP0111,单位001,2026-06-10
510100000000002682,参保人2682,工伤,暂停参保,COMP0172,单位006,2025-08-08
510100000000002683,参保人2683,居民医保,正常参保,COMP0088,单位020,2026-07-24
510100000000002684,参保人2684,工伤,正常参保,COMP0040,单位034,2026-01-11
510100000000002685,参保人2685,工伤,正常参保,COMP0080,单位071,2026-03-05
510100000000002686,参保人2686,失业,正常参保,COMP0172,单位033,2026-07-05
510100000000002687,参保人2687,居民养老,正常参保,COMP0111,单位164,2026-07-31
510100000000002688,参保人2688,职工养老,正常参保,COMP0024,单位070,2026-01-03
510100000000002689,参保人2689,失业,正常参保,COMP0074,单位080,2026-01-16
510100000000002690,参保人2690,工伤,正常参保,COMP0198,单位053,2025-09-09
510100000000002691,参保人2691,职工养老,正常参保,COMP0062,单位018,2025-08-07
510100000000002692,参保人2692,工伤,正常参保,COMP0049,单位169,2026-04-13
510100000000002693,参保人2693,工伤,正常参保,COMP0100,单位125,2026-07-13
510100000000002694,参保人2694,居民医保,终止参保,COMP0146,单位005,2026-07-19
510100000000002695,参保人2695,居民医保,正常参保,COMP0121,单位032,2026-03-11
510100000000002696,参保人2696,居民医保,正常参保,COMP0177,单位086,2026-07-25
510100000000002697,参保人2697,职工医保,正常参保,COMP0088,单位172,2026-06-22
510100000000002698,参保人2698,工伤,正常参保,COMP0191,单位174,2025-12-17
510100000000002699,参保人2699,失业,正常参保,COMP0026,单位046,2026-06-22
510100000000002700,参保人2700,职工养老,正常参保,COMP0085,单位063,2025-09-13
510100000000002701,参保人2701,职工养老,正常参保,COMP0125,单位157,2025-08-29
510100000000002702,参保人2702,居民医保,正常参保,COMP0077,单位076,2026-02-13
510100000000002703,参保人2703,居民医保,正常参保,COMP0075,单位059,2026-01-16
510100000000002704,参保人2704,职工养老,正常参保,COMP0095,单位141,2025-09-07
510100000000002705,参保人2705,职工医保,正常参保,COMP0033,单位097,2025-09-06
510100000000002706,参保人2706,居民养老,正常参保,COMP0120,单位134,2026-04-21
510100000000002707,参保人2707,职工医保,正常参保,COMP0004,单位056,2025-09-21
510100000000002708,参保人2708,居民养老,暂停参保,COMP0162,单位095,2026-06-12
510100000000002709,参保人2709,居民养老,正常参保,COMP0191,单位105,2026-01-19
510100000000002710,参保人2710,失业,正常参保,COMP0087,单位021,2025-09-30
510100000000002711,参保人2711,居民养老,正常参保,COMP0130,单位141,2026-04-03
510100000000002712,参保人2712,职工养老,正常参保,COMP0084,单位178,2026-06-20
510100000000002713,参保人2713,职工养老,正常参保,COMP0030,单位029,2026-03-24
510100000000002714,参保人2714,居民养老,正常参保,COMP0026,单位050,2025-11-22
510100000000002715,参保人2715,失业,正常参保,COMP0128,单位104,2025-11-26
510100000000002716,参保人2716,职工医保,正常参保,COMP0061,单位012,2025-12-09
510100000000002717,参保人2717,工伤,正常参保,COMP0172,单位089,2026-05-04
510100000000002718,参保人2718,职工养老,正常参保,COMP0025,单位016,2026-02-22
510100000000002719,参保人2719,职工养老,正常参保,COMP0142,单位134,2025-11-01
510100000000002720,参保人2720,失业,正常参保,COMP0140,单位141,2025-08-16
510100000000002721,参保人2721,居民医保,正常参保,COMP0063,单位038,2025-10-05
510100000000002722,参保人2722,失业,正常参保,COMP0040,单位008,2026-01-30
510100000000002723,参保人2723,职工医保,正常参保,COMP0188,单位057,2026-07-16
510100000000002724,参保人2724,工伤,正常参保,COMP0179,单位086,2026-03-27
510100000000002725,参保人2725,工伤,正常参保,COMP0084,单位062,2025-08-23
510100000000002726,参保人2726,居民医保,正常参保,COMP0166,单位037,2026-05-31
510100000000002727,参保人2727,居民医保,正常参保,COMP0086,单位133,2026-02-10
510100000000002728,参保人2728,居民医保,正常参保,COMP0015,单位123,2026-01-18
510100000000002729,参保人2729,职工养老,正常参保,COMP0153,单位089,2026-04-04
510100000000002730,参保人2730,职工医保,正常参保,COMP0137,单位166,2026-03-10
510100000000002731,参保人2731,职工养老,正常参保,COMP0177,单位068,2025-12-29
510100000000002732,参保人2732,职工医保,正常参保,COMP0158,单位093,2026-07-18
510100000000002733,参保人2733,职工医保,终止参保,COMP0077,单位135,2026-02-15
510100000000002734,参保人2734,职工养老,正常参保,COMP0120,单位074,2026-07-27
510100000000002735,参保人2735,居民养老,暂停参保,COMP0078,单位179,2026-02-16
510100000000002736,参保人2736,居民医保,正常参保,COMP0163,单位129,2026-02-09
510100000000002737,参保人2737,工伤,正常参保,COMP0087,单位156,2025-11-08
510100000000002738,参保人2738,居民养老,正常参保,COMP0085,单位109,2025-11-07
510100000000002739,参保人2739,工伤,正常参保,COMP0058,单位165,2026-05-20
510100000000002740,参保人2740,居民养老,正常参保,COMP0113,单位121,2026-01-12
510100000000002741,参保人2741,居民医保,正常参保,COMP0017,单位020,2025-09-26
510100000000002742,参保人2742,工伤,正常参保,COMP0161,单位102,2026-01-13
510100000000002743,参保人2743,职工医保,正常参保,COMP0083,单位129,2025-11-11
510100000000002744,参保人2744,失业,正常参保,COMP0198,单位187,2026-08-01
510100000000002745,参保人2745,职工医保,暂停参保,COMP0110,单位151,2026-03-22
510100000000002746,参保人2746,职工养老,正常参保,COMP0051,单位087,2026-05-31
510100000000002747,参保人2747,居民养老,正常参保,COMP0042,单位057,2025-12-24
510100000000002748,参保人2748,居民养老,正常参保,COMP0062,单位007,2026-04-17
510100000000002749,参保人2749,工伤,正常参保,COMP0178,单位180,2026-07-12
510100000000002750,参保人2750,居民医保,正常参保,COMP0009,单位061,2026-07-18
510100000000002751,参保人2751,居民医保,正常参保,COMP0081,单位150,2026-07-28
510100000000002752,参保人2752,职工医保,终止参保,COMP0158,单位008,2026-03-11
510100000000002753,参保人2753,失业,正常参保,COMP0194,单位176,2026-02-16
510100000000002754,参保人2754,职工医保,正常参保,COMP0054,单位026,2025-08-22
510100000000002755,参保人2755,居民养老,终止参保,COMP0026,单位034,2025-11-16
510100000000002756,参保人2756,居民医保,正常参保,COMP0183,单位107,2025-12-08
510100000000002757,参保人2757,失业,正常参保,COMP0168,单位119,2026-03-17
510100000000002758,参保人2758,职工医保,正常参保,COMP0096,单位102,2026-06-06
510100000000002759,参保人2759,失业,正常参保,COMP0099,单位039,2026-06-15
510100000000002760,参保人2760,居民养老,正常参保,COMP0016,单位104,2025-09-15
510100000000002761,参保人2761,居民医保,正常参保,COMP0108,单位047,2025-11-15
510100000000002762,参保人2762,居民医保,正常参保,COMP0157,单位165,2025-08-30
510100000000002763,参保人2763,职工养老,正常参保,COMP0152,单位199,2025-10-21
510100000000002764,参保人2764,居民养老,正常参保,COMP0097,单位121,2026-03-19
510100000000002765,参保人2765,失业,终止参保,COMP0173,单位114,2025-12-23
510100000000002766,参保人2766,职工医保,正常参保,COMP0058,单位133,2026-04-11
510100000000002767,参保人2767,工伤,正常参保,COMP0096,单位021,2026-03-08
510100000000002768,参保人2768,居民养老,正常参保,COMP0021,单位054,2026-03-08
510100000000002769,参保人2769,工伤,正常参保,COMP0116,单位188,2026-06-11
510100000000002770,参保人2770,职工养老,正常参保,COMP0150,单位196,2026-02-26
510100000000002771,参保人2771,失业,正常参保,COMP0095,单位099,2026-02-21
510100000000002772,参保人2772,居民医保,正常参保,COMP0070,单位002,2026-03-08
510100000000002773,参保人2773,职工医保,正常参保,COMP0070,单位069,2026-04-08
510100000000002774,参保人2774,工伤,正常参保,COMP0178,单位093,2025-11-12
510100000000002775,参保人2775,职工养老,正常参保,COMP0155,单位048,2025-08-28
510100000000002776,参保人2776,失业,正常参保,COMP0147,单位187,2026-03-24
510100000000002777,参保人2777,居民养老,正常参保,COMP0002,单位113,2026-02-21
510100000000002778,参保人2778,工伤,正常参保,COMP0193,单位166,2026-01-14
510100000000002779,参保人2779,职工养老,正常参保,COMP0112,单位187,2025-08-26
510100000000002780,参保人2780,居民养老,正常参保,COMP0017,单位068,2026-03-27
510100000000002781,参保人2781,居民养老,正常参保,COMP0174,单位052,2026-03-22
510100000000002782,参保人2782,失业,正常参保,COMP0097,单位171,2026-03-06
510100000000002783,参保人2783,居民医保,正常参保,COMP0029,单位027,2025-08-12
510100000000002784,参保人2784,居民养老,正常参保,COMP0106,单位069,2026-07-17
510100000000002785,参保人2785,失业,正常参保,COMP0095,单位190,2025-08-11
510100000000002786,参保人2786,工伤,正常参保,COMP0066,单位113,2025-12-14
510100000000002787,参保人2787,居民医保,正常参保,COMP0020,单位097,2026-05-31
510100000000002788,参保人2788,工伤,正常参保,COMP0125,单位170,2026-06-21
510100000000002789,参保人2789,工伤,正常参保,COMP0049,单位124,2025-10-18
510100000000002790,参保人2790,居民医保,正常参保,COMP0198,单位146,2025-11-05
510100000000002791,参保人2791,失业,正常参保,COMP0017,单位188,2025-08-17
510100000000002792,参保人2792,工伤,正常参保,COMP0123,单位107,2025-09-13
510100000000002793,参保人2793,职工医保,正常参保,COMP0135,单位133,2026-07-14
510100000000002794,参保人2794,居民养老,正常参保,COMP0017,单位020,2026-08-04
510100000000002795,参保人2795,工伤,正常参保,COMP0143,单位051,2026-03-24
510100000000002796,参保人2796,工伤,正常参保,COMP0003,单位193,2026-05-26
510100000000002797,参保人2797,职工医保,正常参保,COMP0184,单位034,2026-03-23
510100000000002798,参保人2798,失业,正常参保,COMP0069,单位169,2025-09-08
510100000000002799,参保人2799,职工医保,正常参保,COMP0047,单位004,2025-12-22
510100000000002800,参保人2800,居民养老,正常参保,COMP0028,单位121,2026-04-03
510100000000002801,参保人2801,失业,正常参保,COMP0140,单位062,2026-02-12
510100000000002802,参保人2802,职工养老,正常参保,COMP0074,单位095,2026-03-17
510100000000002803,参保人2803,居民养老,正常参保,COMP0112,单位131,2026-04-19
510100000000002804,参保人2804,居民医保,正常参保,COMP0126,单位086,2025-11-05
510100000000002805,参保人2805,职工养老,正常参保,COMP0182,单位069,2026-07-28
510100000000002806,参保人2806,职工医保,正常参保,COMP0141,单位128,2025-08-17
510100000000002807,参保人2807,职工养老,正常参保,COMP0112,单位024,2025-10-20
510100000000002808,参保人2808,职工养老,正常参保,COMP0168,单位182,2026-04-20
510100000000002809,参保人2809,居民养老,正常参保,COMP0099,单位196,2026-07-05
510100000000002810,参保人2810,工伤,正常参保,COMP0164,单位182,2026-03-13
510100000000002811,参保人2811,职工养老,正常参保,COMP0011,单位070,2025-11-24
510100000000002812,参保人2812,居民养老,暂停参保,COMP0041,单位153,2025-08-10
510100000000002813,参保人2813,职工养老,正常参保,COMP0084,单位156,2026-03-09
510100000000002814,参保人2814,职工养老,正常参保,COMP0107,单位168,2026-03-26
510100000000002815,参保人2815,居民养老,正常参保,COMP0096,单位124,2026-03-05
510100000000002816,参保人2816,工伤,正常参保,COMP0086,单位035,2026-06-21
510100000000002817,参保人2817,失业,正常参保,COMP0149,单位146,2026-03-01
510100000000002818,参保人2818,居民养老,正常参保,COMP0021,单位014,2025-08-25
510100000000002819,参保人2819,居民养老,正常参保,COMP0111,单位124,2026-07-08
510100000000002820,参保人2820,职工养老,正常参保,COMP0038,单位083,2026-07-11
510100000000002821,参保人2821,职工医保,正常参保,COMP0015,单位187,2025-11-21
510100000000002822,参保人2822,居民医保,正常参保,COMP0120,单位145,2026-04-01
510100000000002823,参保人2823,职工养老,正常参保,COMP0176,单位133,2025-09-16
510100000000002824,参保人2824,居民医保,正常参保,COMP0050,单位154,2026-05-27
510100000000002825,参保人2825,工伤,正常参保,COMP0127,单位016,2025-09-07
510100000000002826,参保人2826,工伤,正常参保,COMP0105,单位132,2026-06-20
510100000000002827,参保人2827,职工医保,正常参保,COMP0070,单位080,2025-08-23
510100000000002828,参保人2828,居民养老,正常参保,COMP0101,单位062,2026-04-08
510100000000002829,参保人2829,居民医保,正常参保,COMP0157,单位004,2026-06-24
510100000000002830,参保人2830,居民医保,终止参保,COMP0114,单位141,2026-02-14
510100000000002831,参保人2831,居民医保,正常参保,COMP0021,单位079,2026-05-30
510100000000002832,参保人2832,工伤,正常参保,COMP0067,单位048,2026-07-02
510100000000002833,参保人2833,职工医保,正常参保,COMP0149,单位027,2026-05-27
510100000000002834,参保人2834,工伤,正常参保,COMP0096,单位128,2025-10-29
510100000000002835,参保人2835,居民医保,正常参保,COMP0022,单位017,2025-11-17
510100000000002836,参保人2836,职工养老,正常参保,COMP0128,单位037,2025-10-17
510100000000002837,参保人2837,职工养老,正常参保,COMP0153,单位042,2026-02-08
510100000000002838,参保人2838,工伤,正常参保,COMP0063,单位081,2026-07-30
510100000000002839,参保人2839,职工养老,正常参保,COMP0027,单位052,2026-03-14
510100000000002840,参保人2840,职工养老,正常参保,COMP0016,单位066,2026-08-02
510100000000002841,参保人2841,居民医保,正常参保,COMP0118,单位081,2026-05-29
510100000000002842,参保人2842,职工养老,正常参保,COMP0050,单位142,2026-01-12
510100000000002843,参保人2843,职工医保,正常参保,COMP0091,单位029,2026-04-01
510100000000002844,参保人2844,职工医保,正常参保,COMP0096,单位188,2026-04-12
510100000000002845,参保人2845,失业,正常参保,COMP0070,单位110,2026-03-28
510100000000002846,参保人2846,工伤,正常参保,COMP0089,单位137,2026-03-29
510100000000002847,参保人2847,居民医保,正常参保,COMP0171,单位100,2026-03-31
510100000000002848,参保人2848,职工医保,正常参保,COMP0144,单位051,2026-01-01
510100000000002849,参保人2849,职工医保,正常参保,COMP0156,单位053,2025-09-12
510100000000002850,参保人2850,居民养老,正常参保,COMP0108,单位150,2025-11-16
510100000000002851,参保人2851,居民医保,正常参保,COMP0042,单位155,2026-01-08
510100000000002852,参保人2852,职工医保,正常参保,COMP0085,单位152,2026-07-14
510100000000002853,参保人2853,居民养老,正常参保,COMP0178,单位111,2026-06-02
510100000000002854,参保人2854,失业,正常参保,COMP0160,单位106,2026-05-03
510100000000002855,参保人2855,居民养老,正常参保,COMP0039,单位168,2026-06-26
510100000000002856,参保人2856,工伤,正常参保,COMP0008,单位026,2026-06-25
510100000000002857,参保人2857,职工养老,暂停参保,COMP0100,单位063,2026-06-19
510100000000002858,参保人2858,职工养老,正常参保,COMP0137,单位167,2025-09-20
510100000000002859,参保人2859,居民医保,正常参保,COMP0007,单位080,2026-06-01
510100000000002860,参保人2860,工伤,正常参保,COMP0199,单位181,2025-11-26
510100000000002861,参保人2861,工伤,暂停参保,COMP0087,单位185,2026-05-08
510100000000002862,参保人2862,失业,正常参保,COMP0182,单位113,2026-08-03
510100000000002863,参保人2863,职工养老,正常参保,COMP0003,单位091,2025-11-21
510100000000002864,参保人2864,居民养老,正常参保,COMP0081,单位159,2026-03-22
510100000000002865,参保人2865,职工医保,正常参保,COMP0094,单位126,2025-08-16
510100000000002866,参保人2866,工伤,正常参保,COMP0089,单位054,2026-07-18
510100000000002867,参保人2867,职工医保,正常参保,COMP0135,单位029,2026-06-20
510100000000002868,参保人2868,工伤,正常参保,COMP0003,单位002,2026-07-22
510100000000002869,参保人2869,失业,正常参保,COMP0045,单位071,2026-03-27
510100000000002870,参保人2870,居民医保,正常参保,COMP0049,单位013,2026-07-13
510100000000002871,参保人2871,工伤,正常参保,COMP0059,单位156,2025-09-27
510100000000002872,参保人2872,居民养老,正常参保,COMP0133,单位188,2026-06-11
510100000000002873,参保人2873,职工医保,正常参保,COMP0054,单位112,2025-08-30
510100000000002874,参保人2874,工伤,正常参保,COMP0048,单位118,2025-10-07
510100000000002875,参保人2875,失业,正常参保,COMP0162,单位191,2025-09-07
510100000000002876,参保人2876,失业,正常参保,COMP0013,单位047,2026-06-24
510100000000002877,参保人2877,职工医保,正常参保,COMP0154,单位181,2026-07-24
510100000000002878,参保人2878,居民养老,正常参保,COMP0008,单位168,2026-01-05
510100000000002879,参保人2879,失业,正常参保,COMP0091,单位120,2025-11-27
510100000000002880,参保人2880,居民养老,正常参保,COMP0153,单位031,2026-07-17
510100000000002881,参保人2881,职工养老,正常参保,COMP0033,单位031,2025-12-16
510100000000002882,参保人2882,居民医保,正常参保,COMP0036,单位193,2026-03-28
510100000000002883,参保人2883,居民养老,正常参保,COMP0132,单位009,2026-07-08
510100000000002884,参保人2884,职工养老,正常参保,COMP0004,单位069,2025-12-13
510100000000002885,参保人2885,失业,正常参保,COMP0048,单位190,2025-12-20
510100000000002886,参保人2886,职工养老,正常参保,COMP0133,单位007,2026-06-17
510100000000002887,参保人2887,职工医保,正常参保,COMP0082,单位045,2026-02-13
510100000000002888,参保人2888,职工养老,正常参保,COMP0010,单位073,2025-10-07
510100000000002889,参保人2889,职工养老,正常参保,COMP0087,单位111,2025-12-12
510100000000002890,参保人2890,居民养老,正常参保,COMP0053,单位040,2025-08-16
510100000000002891,参保人2891,居民养老,正常参保,COMP0069,单位045,2026-08-01
510100000000002892,参保人2892,居民养老,正常参保,COMP0177,单位039,2025-08-14
510100000000002893,参保人2893,居民医保,正常参保,COMP0118,单位149,2026-02-20
510100000000002894,参保人2894,工伤,正常参保,COMP0054,单位110,2026-07-26
510100000000002895,参保人2895,职工医保,正常参保,COMP0110,单位038,2026-07-31
510100000000002896,参保人2896,失业,正常参保,COMP0065,单位102,2025-08-15
510100000000002897,参保人2897,居民养老,正常参保,COMP0171,单位077,2026-06-20
510100000000002898,参保人2898,居民医保,正常参保,COMP0189,单位084,2026-07-28
510100000000002899,参保人2899,工伤,正常参保,COMP0190,单位116,2025-11-11
510100000000002900,参保人2900,居民养老,正常参保,COMP0103,单位192,2026-05-08
510100000000002901,参保人2901,失业,正常参保,COMP0092,单位077,2026-01-15
510100000000002902,参保人2902,居民养老,正常参保,COMP0002,单位101,2025-09-28
510100000000002903,参保人2903,职工医保,正常参保,COMP0058,单位180,2026-03-03
510100000000002904,参保人2904,职工养老,正常参保,COMP0176,单位033,2026-05-24
510100000000002905,参保人2905,职工医保,正常参保,COMP0009,单位048,2026-06-01
510100000000002906,参保人2906,工伤,正常参保,COMP0164,单位199,2025-12-30
510100000000002907,参保人2907,居民养老,正常参保,COMP0188,单位191,2026-01-04
510100000000002908,参保人2908,失业,正常参保,COMP0106,单位076,2025-10-15
510100000000002909,参保人2909,职工养老,正常参保,COMP0065,单位195,2026-03-14
510100000000002910,参保人2910,居民医保,正常参保,COMP0126,单位066,2026-08-02
510100000000002911,参保人2911,工伤,终止参保,COMP0170,单位094,2026-04-23
510100000000002912,参保人2912,工伤,正常参保,COMP0085,单位058,2026-05-20
510100000000002913,参保人2913,居民养老,正常参保,COMP0159,单位012,2026-03-11
510100000000002914,参保人2914,失业,正常参保,COMP0091,单位033,2025-08-16
510100000000002915,参保人2915,职工医保,正常参保,COMP0015,单位114,2026-07-27
510100000000002916,参保人2916,居民医保,正常参保,COMP0172,单位016,2026-03-10
510100000000002917,参保人2917,居民医保,正常参保,COMP0175,单位030,2026-07-28
510100000000002918,参保人2918,职工养老,正常参保,COMP0062,单位085,2026-03-26
510100000000002919,参保人2919,职工养老,正常参保,COMP0171,单位018,2025-09-27
510100000000002920,参保人2920,失业,正常参保,COMP0088,单位027,2026-05-31
510100000000002921,参保人2921,失业,正常参保,COMP0040,单位109,2026-05-25
510100000000002922,参保人2922,居民医保,正常参保,COMP0006,单位112,2025-11-06
510100000000002923,参保人2923,职工医保,正常参保,COMP0110,单位030,2026-03-11
510100000000002924,参保人2924,失业,正常参保,COMP0120,单位107,2026-03-19
510100000000002925,参保人2925,居民养老,正常参保,COMP0196,单位039,2025-10-31
510100000000002926,参保人2926,工伤,正常参保,COMP0061,单位169,2025-09-06
510100000000002927,参保人2927,居民医保,正常参保,COMP0051,单位052,2026-04-07
510100000000002928,参保人2928,居民医保,正常参保,COMP0113,单位045,2025-08-28
510100000000002929,参保人2929,工伤,正常参保,COMP0119,单位107,2026-07-11
510100000000002930,参保人2930,职工医保,正常参保,COMP0081,单位101,2026-06-06
510100000000002931,参保人2931,失业,正常参保,COMP0026,单位121,2025-10-31
510100000000002932,参保人2932,居民养老,正常参保,COMP0094,单位175,2026-04-14
510100000000002933,参保人2933,职工医保,正常参保,COMP0131,单位160,2026-02-25
510100000000002934,参保人2934,职工养老,正常参保,COMP0176,单位081,2025-09-17
510100000000002935,参保人2935,工伤,正常参保,COMP0064,单位101,2025-09-19
510100000000002936,参保人2936,居民医保,正常参保,COMP0045,单位087,2026-06-01
510100000000002937,参保人2937,工伤,正常参保,COMP0166,单位170,2026-02-10
510100000000002938,参保人2938,职工养老,正常参保,COMP0088,单位017,2025-10-15
510100000000002939,参保人2939,居民医保,正常参保,COMP0172,单位151,2025-11-18
510100000000002940,参保人2940,居民医保,正常参保,COMP0119,单位120,2026-07-03
510100000000002941,参保人2941,职工医保,正常参保,COMP0007,单位053,2025-11-01
510100000000002942,参保人2942,职工医保,正常参保,COMP0076,单位176,2026-07-28
510100000000002943,参保人2943,工伤,正常参保,COMP0175,单位181,2025-11-28
510100000000002944,参保人2944,居民医保,正常参保,COMP0066,单位006,2026-07-17
510100000000002945,参保人2945,职工医保,正常参保,COMP0036,单位131,2025-12-17
510100000000002946,参保人2946,失业,正常参保,COMP0170,单位173,2026-06-24
510100000000002947,参保人2947,职工养老,正常参保,COMP0060,单位093,2025-09-02
510100000000002948,参保人2948,失业,正常参保,COMP0077,单位026,2026-07-17
510100000000002949,参保人2949,居民养老,正常参保,COMP0175,单位108,2025-10-28
510100000000002950,参保人2950,居民养老,正常参保,COMP0095,单位023,2025-09-04
510100000000002951,参保人2951,居民养老,正常参保,COMP0020,单位124,2026-07-25
510100000000002952,参保人2952,职工养老,正常参保,COMP0175,单位131,2026-05-09
510100000000002953,参保人2953,职工医保,正常参保,COMP0014,单位195,2025-10-05
510100000000002954,参保人2954,失业,正常参保,COMP0154,单位003,2026-02-09
510100000000002955,参保人2955,居民养老,正常参保,COMP0051,单位001,2025-08-12
510100000000002956,参保人2956,职工医保,正常参保,COMP0117,单位116,2026-06-16
510100000000002957,参保人2957,职工养老,正常参保,COMP0142,单位086,2026-06-22
510100000000002958,参保人2958,居民养老,正常参保,COMP0152,单位061,2026-07-20
510100000000002959,参保人2959,失业,正常参保,COMP0145,单位128,2026-04-25
510100000000002960,参保人2960,居民医保,正常参保,COMP0178,单位101,2026-08-01
510100000000002961,参保人2961,工伤,正常参保,COMP0036,单位071,2025-08-16
510100000000002962,参保人2962,职工医保,正常参保,COMP0044,单位014,2025-12-13
510100000000002963,参保人2963,工伤,正常参保,COMP0050,单位005,2026-04-19
510100000000002964,参保人2964,工伤,正常参保,COMP0057,单位026,2025-11-18
510100000000002965,参保人2965,居民养老,终止参保,COMP0012,单位075,2026-08-04
510100000000002966,参保人2966,居民养老,正常参保,COMP0190,单位134,2025-11-05
510100000000002967,参保人2967,居民医保,正常参保,COMP0171,单位073,2025-11-25
510100000000002968,参保人2968,职工养老,正常参保,COMP0038,单位068,2026-01-15
510100000000002969,参保人2969,居民养老,暂停参保,COMP0080,单位191,2025-10-13
510100000000002970,参保人2970,失业,正常参保,COMP0127,单位105,2026-01-20
510100000000002971,参保人2971,居民养老,正常参保,COMP0132,单位130,2025-12-23
510100000000002972,参保人2972,居民医保,正常参保,COMP0195,单位196,2025-08-14
510100000000002973,参保人2973,居民养老,正常参保,COMP0062,单位001,2026-07-21
510100000000002974,参保人2974,职工医保,正常参保,COMP0059,单位119,2026-03-20
510100000000002975,参保人2975,职工医保,正常参保,COMP0066,单位075,2025-11-13
510100000000002976,参保人2976,失业,正常参保,COMP0148,单位167,2025-08-17
510100000000002977,参保人2977,居民医保,正常参保,COMP0057,单位117,2026-04-09
510100000000002978,参保人2978,职工养老,正常参保,COMP0159,单位040,2026-04-26
510100000000002979,参保人2979,居民养老,终止参保,COMP0165,单位172,2025-09-27
510100000000002980,参保人2980,居民养老,暂停参保,COMP0050,单位148,2026-04-24
510100000000002981,参保人2981,居民养老,正常参保,COMP0032,单位001,2025-11-07
510100000000002982,参保人2982,职工医保,正常参保,COMP0084,单位045,2025-09-19
510100000000002983,参保人2983,工伤,正常参保,COMP0030,单位084,2026-02-22
510100000000002984,参保人2984,居民养老,正常参保,COMP0005,单位063,2026-02-24
510100000000002985,参保人2985,职工医保,正常参保,COMP0152,单位132,2026-04-15
510100000000002986,参保人2986,失业,正常参保,COMP0196,单位025,2026-01-17
510100000000002987,参保人2987,职工养老,正常参保,COMP0141,单位196,2026-06-25
510100000000002988,参保人2988,职工医保,正常参保,COMP0142,单位072,2025-12-26
510100000000002989,参保人2989,职工养老,正常参保,COMP0071,单位153,2026-06-01
510100000000002990,参保人2990,居民医保,正常参保,COMP0106,单位079,2026-05-03
510100000000002991,参保人2991,工伤,正常参保,COMP0126,单位016,2026-03-03
510100000000002992,参保人2992,居民养老,正常参保,COMP0018,单位186,2026-02-16
510100000000002993,参保人2993,职工医保,正常参保,COMP0193,单位130,2026-06-12
510100000000002994,参保人2994,居民养老,正常参保,COMP0005,单位106,2025-11-02
510100000000002995,参保人2995,工伤,终止参保,COMP0013,单位065,2026-05-13
510100000000002996,参保人2996,职工养老,正常参保,COMP0186,单位174,2026-04-23
510100000000002997,参保人2997,工伤,正常参保,COMP0076,单位060,2025-09-20
510100000000002998,参保人2998,工伤,正常参保,COMP0105,单位128,2026-02-05
510100000000002999,参保人2999,职工养老,正常参保,COMP0071,单位086,2026-03-06
510100000000003000,参保人3000,工伤,正常参保,COMP0071,单位046,2026-06-21
510100000000003001,参保人3001,失业,正常参保,COMP0142,单位130,2026-04-02
510100000000003002,参保人3002,工伤,正常参保,COMP0101,单位161,2025-11-18
510100000000003003,参保人3003,居民养老,正常参保,COMP0126,单位103,2026-07-01
510100000000003004,参保人3004,失业,正常参保,COMP0008,单位077,2025-10-15
510100000000003005,参保人3005,职工养老,暂停参保,COMP0186,单位018,2025-09-28
510100000000003006,参保人3006,职工养老,正常参保,COMP0032,单位194,2026-01-04
510100000000003007,参保人3007,职工医保,暂停参保,COMP0186,单位033,2025-08-28
510100000000003008,参保人3008,居民医保,正常参保,COMP0104,单位034,2026-04-27
510100000000003009,参保人3009,失业,正常参保,COMP0176,单位040,2026-02-09
510100000000003010,参保人3010,工伤,正常参保,COMP0031,单位116,2026-06-05
510100000000003011,参保人3011,工伤,正常参保,COMP0078,单位184,2025-11-06
510100000000003012,参保人3012,职工养老,正常参保,COMP0080,单位180,2025-11-08
510100000000003013,参保人3013,工伤,正常参保,COMP0137,单位026,2026-07-10
510100000000003014,参保人3014,职工医保,正常参保,COMP0164,单位009,2026-02-13
510100000000003015,参保人3015,失业,正常参保,COMP0076,单位122,2026-02-03
510100000000003016,参保人3016,失业,正常参保,COMP0057,单位054,2026-03-16
510100000000003017,参保人3017,失业,正常参保,COMP0056,单位023,2025-11-07
510100000000003018,参保人3018,失业,正常参保,COMP0158,单位186,2026-05-21
510100000000003019,参保人3019,失业,正常参保,COMP0015,单位114,2025-10-07
510100000000003020,参保人3020,工伤,正常参保,COMP0113,单位168,2025-08-19
510100000000003021,参保人3021,工伤,正常参保,COMP0186,单位091,2025-12-23
510100000000003022,参保人3022,居民养老,终止参保,COMP0111,单位001,2026-06-27
510100000000003023,参保人3023,居民养老,正常参保,COMP0161,单位103,2026-04-01
510100000000003024,参保人3024,居民医保,正常参保,COMP0188,单位030,2026-06-23
510100000000003025,参保人3025,工伤,正常参保,COMP0081,单位140,2025-08-23
510100000000003026,参保人3026,居民养老,正常参保,COMP0148,单位079,2025-09-29
510100000000003027,参保人3027,工伤,正常参保,COMP0182,单位034,2025-10-27
510100000000003028,参保人3028,居民医保,正常参保,COMP0111,单位094,2026-02-09
510100000000003029,参保人3029,居民医保,正常参保,COMP0106,单位092,2026-01-07
510100000000003030,参保人3030,职工养老,正常参保,COMP0189,单位151,2025-10-14
510100000000003031,参保人3031,居民养老,正常参保,COMP0082,单位177,2026-03-26
510100000000003032,参保人3032,居民医保,正常参保,COMP0024,单位166,2026-07-10
510100000000003033,参保人3033,居民养老,正常参保,COMP0061,单位174,2025-09-16
510100000000003034,参保人3034,居民医保,正常参保,COMP0171,单位059,2026-07-23
510100000000003035,参保人3035,职工医保,正常参保,COMP0199,单位148,2025-08-18
510100000000003036,参保人3036,职工养老,正常参保,COMP0031,单位127,2026-07-19
510100000000003037,参保人3037,居民养老,正常参保,COMP0084,单位167,2025-08-24
510100000000003038,参保人3038,失业,正常参保,COMP0145,单位147,2026-02-12
510100000000003039,参保人3039,职工养老,正常参保,COMP0175,单位047,2025-11-24
510100000000003040,参保人3040,失业,正常参保,COMP0094,单位145,2026-06-26
510100000000003041,参保人3041,工伤,正常参保,COMP0124,单位017,2026-07-24
510100000000003042,参保人3042,职工医保,正常参保,COMP0057,单位189,2025-08-12
510100000000003043,参保人3043,居民养老,正常参保,COMP0014,单位155,2026-04-06
510100000000003044,参保人3044,职工养老,正常参保,COMP0073,单位102,2025-09-04
510100000000003045,参保人3045,职工养老,正常参保,COMP0068,单位048,2026-06-11
510100000000003046,参保人3046,职工养老,正常参保,COMP0132,单位046,2025-11-13
510100000000003047,参保人3047,职工养老,正常参保,COMP0038,单位021,2026-04-19
510100000000003048,参保人3048,失业,正常参保,COMP0154,单位136,2025-12-19
510100000000003049,参保人3049,居民养老,正常参保,COMP0119,单位034,2025-11-29
510100000000003050,参保人3050,职工医保,正常参保,COMP0087,单位150,2025-12-09
510100000000003051,参保人3051,职工养老,正常参保,COMP0002,单位109,2025-11-24
510100000000003052,参保人3052,职工医保,正常参保,COMP0083,单位107,2026-05-30
510100000000003053,参保人3053,职工医保,正常参保,COMP0030,单位008,2025-10-17
510100000000003054,参保人3054,工伤,正常参保,COMP0108,单位065,2026-06-01
510100000000003055,参保人3055,失业,正常参保,COMP0095,单位072,2026-06-25
510100000000003056,参保人3056,职工养老,正常参保,COMP0125,单位163,2026-06-29
510100000000003057,参保人3057,居民养老,正常参保,COMP0004,单位121,2025-09-05
510100000000003058,参保人3058,工伤,正常参保,COMP0179,单位133,2025-09-30
510100000000003059,参保人3059,工伤,正常参保,COMP0152,单位164,2025-10-21
510100000000003060,参保人3060,居民医保,正常参保,COMP0162,单位145,2025-08-27
510100000000003061,参保人3061,居民医保,正常参保,COMP0053,单位050,2026-05-27
510100000000003062,参保人3062,职工养老,正常参保,COMP0173,单位141,2025-11-08
510100000000003063,参保人3063,失业,正常参保,COMP0013,单位020,2026-06-02
510100000000003064,参保人3064,职工养老,正常参保,COMP0147,单位173,2026-02-23
510100000000003065,参保人3065,居民医保,正常参保,COMP0006,单位014,2026-03-28
510100000000003066,参保人3066,失业,正常参保,COMP0162,单位027,2025-11-17
510100000000003067,参保人3067,职工养老,正常参保,COMP0002,单位080,2025-09-25
510100000000003068,参保人3068,失业,正常参保,COMP0134,单位081,2025-11-06
510100000000003069,参保人3069,居民养老,正常参保,COMP0040,单位039,2025-10-23
510100000000003070,参保人3070,居民养老,正常参保,COMP0027,单位110,2026-02-08
510100000000003071,参保人3071,职工医保,正常参保,COMP0074,单位191,2025-11-07
510100000000003072,参保人3072,职工医保,正常参保,COMP0081,单位116,2026-07-15
510100000000003073,参保人3073,居民医保,正常参保,COMP0141,单位151,2025-09-28
510100000000003074,参保人3074,失业,正常参保,COMP0148,单位086,2026-07-15
510100000000003075,参保人3075,职工医保,正常参保,COMP0067,单位034,2025-10-22
510100000000003076,参保人3076,失业,正常参保,COMP0173,单位147,2025-12-28
510100000000003077,参保人3077,职工养老,正常参保,COMP0066,单位039,2025-12-09
510100000000003078,参保人3078,居民医保,正常参保,COMP0187,单位160,2025-11-03
510100000000003079,参保人3079,居民养老,正常参保,COMP0002,单位097,2025-10-16
510100000000003080,参保人3080,失业,正常参保,COMP0107,单位127,2025-12-11
510100000000003081,参保人3081,工伤,正常参保,COMP0194,单位056,2025-12-20
510100000000003082,参保人3082,职工医保,正常参保,COMP0064,单位071,2026-01-09
510100000000003083,参保人3083,职工医保,终止参保,COMP0041,单位004,2025-08-28
510100000000003084,参保人3084,居民养老,正常参保,COMP0184,单位159,2025-08-28
510100000000003085,参保人3085,居民医保,正常参保,COMP0182,单位136,2026-02-05
510100000000003086,参保人3086,工伤,正常参保,COMP0141,单位093,2025-11-04
510100000000003087,参保人3087,失业,正常参保,COMP0188,单位178,2026-07-11
510100000000003088,参保人3088,职工医保,正常参保,COMP0196,单位021,2026-07-20
510100000000003089,参保人3089,工伤,正常参保,COMP0176,单位052,2026-01-03
510100000000003090,参保人3090,居民养老,正常参保,COMP0144,单位118,2026-07-03
510100000000003091,参保人3091,职工医保,正常参保,COMP0099,单位052,2026-03-20
510100000000003092,参保人3092,职工养老,正常参保,COMP0022,单位123,2025-12-02
510100000000003093,参保人3093,职工医保,正常参保,COMP0079,单位129,2025-09-19
510100000000003094,参保人3094,失业,正常参保,COMP0194,单位198,2026-05-05
510100000000003095,参保人3095,职工养老,正常参保,COMP0015,单位178,2026-05-24
510100000000003096,参保人3096,失业,正常参保,COMP0194,单位115,2026-06-29
510100000000003097,参保人3097,居民医保,正常参保,COMP0135,单位118,2025-12-18
510100000000003098,参保人3098,居民养老,正常参保,COMP0051,单位047,2026-07-02
510100000000003099,参保人3099,职工医保,正常参保,COMP0146,单位149,2026-06-03
510100000000003100,参保人3100,居民养老,正常参保,COMP0048,单位085,2026-06-25
510100000000003101,参保人3101,居民养老,正常参保,COMP0085,单位155,2025-11-05
510100000000003102,参保人3102,职工养老,正常参保,COMP0179,单位043,2026-04-30
510100000000003103,参保人3103,居民养老,正常参保,COMP0106,单位112,2025-12-06
510100000000003104,参保人3104,职工医保,正常参保,COMP0139,单位080,2025-12-19
510100000000003105,参保人3105,工伤,正常参保,COMP0180,单位151,2026-06-19
510100000000003106,参保人3106,失业,正常参保,COMP0072,单位007,2025-09-19
510100000000003107,参保人3107,失业,正常参保,COMP0062,单位157,2025-10-17
510100000000003108,参保人3108,工伤,正常参保,COMP0161,单位029,2026-04-15
510100000000003109,参保人3109,居民医保,正常参保,COMP0101,单位173,2025-11-16
510100000000003110,参保人3110,失业,正常参保,COMP0002,单位113,2025-11-29
510100000000003111,参保人3111,居民医保,正常参保,COMP0108,单位020,2026-02-08
510100000000003112,参保人3112,工伤,正常参保,COMP0072,单位027,2026-02-13
510100000000003113,参保人3113,职工养老,终止参保,COMP0134,单位188,2025-10-10
510100000000003114,参保人3114,居民养老,正常参保,COMP0146,单位120,2026-06-03
510100000000003115,参保人3115,职工医保,正常参保,COMP0135,单位172,2026-04-23
510100000000003116,参保人3116,工伤,暂停参保,COMP0044,单位107,2026-07-02
510100000000003117,参保人3117,职工养老,正常参保,COMP0153,单位159,2025-11-15
510100000000003118,参保人3118,居民养老,正常参保,COMP0165,单位155,2026-07-25
510100000000003119,参保人3119,职工医保,正常参保,COMP0085,单位024,2025-12-05
510100000000003120,参保人3120,居民养老,终止参保,COMP0060,单位009,2025-12-03
510100000000003121,参保人3121,失业,正常参保,COMP0081,单位100,2026-07-25
510100000000003122,参保人3122,职工医保,正常参保,COMP0065,单位139,2025-09-15
510100000000003123,参保人3123,居民养老,终止参保,COMP0191,单位101,2026-04-24
510100000000003124,参保人3124,居民医保,正常参保,COMP0190,单位094,2025-12-30
510100000000003125,参保人3125,职工养老,正常参保,COMP0083,单位197,2026-03-27
510100000000003126,参保人3126,职工医保,正常参保,COMP0028,单位026,2026-04-13
510100000000003127,参保人3127,职工医保,正常参保,COMP0001,单位092,2025-12-10
510100000000003128,参保人3128,居民医保,正常参保,COMP0079,单位183,2025-09-04
510100000000003129,参保人3129,居民医保,正常参保,COMP0153,单位077,2026-01-02
510100000000003130,参保人3130,工伤,正常参保,COMP0023,单位158,2026-01-13
510100000000003131,参保人3131,失业,正常参保,COMP0011,单位159,2026-03-26
510100000000003132,参保人3132,职工养老,正常参保,COMP0012,单位194,2026-06-15
510100000000003133,参保人3133,职工养老,正常参保,COMP0145,单位028,2025-12-30
510100000000003134,参保人3134,失业,正常参保,COMP0015,单位139,2025-10-31
510100000000003135,参保人3135,职工养老,正常参保,COMP0198,单位066,2025-09-24
510100000000003136,参保人3136,失业,正常参保,COMP0082,单位051,2025-08-21
510100000000003137,参保人3137,工伤,正常参保,COMP0140,单位082,2026-07-29
510100000000003138,参保人3138,职工医保,正常参保,COMP0048,单位049,2025-10-02
510100000000003139,参保人3139,职工养老,正常参保,COMP0108,单位033,2026-07-15
510100000000003140,参保人3140,工伤,正常参保,COMP0053,单位049,2026-05-21
510100000000003141,参保人3141,职工医保,正常参保,COMP0103,单位090,2025-08-26
510100000000003142,参保人3142,职工医保,正常参保,COMP0121,单位149,2026-03-14
510100000000003143,参保人3143,失业,正常参保,COMP0122,单位141,2025-10-25
510100000000003144,参保人3144,居民医保,正常参保,COMP0111,单位108,2025-10-30
510100000000003145,参保人3145,居民医保,正常参保,COMP0134,单位076,2026-05-15
510100000000003146,参保人3146,失业,正常参保,COMP0166,单位058,2026-05-05
510100000000003147,参保人3147,职工医保,暂停参保,COMP0057,单位164,2025-09-21
510100000000003148,参保人3148,职工医保,终止参保,COMP0016,单位088,2026-05-21
510100000000003149,参保人3149,居民医保,正常参保,COMP0014,单位031,2026-06-02
510100000000003150,参保人3150,居民养老,正常参保,COMP0055,单位123,2026-02-20
510100000000003151,参保人3151,职工医保,正常参保,COMP0131,单位069,2026-04-27
510100000000003152,参保人3152,失业,正常参保,COMP0040,单位038,2025-11-17
510100000000003153,参保人3153,失业,正常参保,COMP0120,单位147,2025-12-19
510100000000003154,参保人3154,职工养老,正常参保,COMP0161,单位078,2026-06-30
510100000000003155,参保人3155,居民医保,正常参保,COMP0028,单位100,2025-10-17
510100000000003156,参保人3156,居民养老,正常参保,COMP0092,单位097,2026-08-01
510100000000003157,参保人3157,职工医保,正常参保,COMP0108,单位131,2025-10-12
510100000000003158,参保人3158,职工养老,正常参保,COMP0194,单位157,2026-03-06
510100000000003159,参保人3159,职工养老,正常参保,COMP0002,单位145,2025-10-20
510100000000003160,参保人3160,居民医保,正常参保,COMP0171,单位021,2026-07-23
510100000000003161,参保人3161,职工养老,正常参保,COMP0085,单位188,2026-02-16
510100000000003162,参保人3162,工伤,正常参保,COMP0117,单位146,2026-03-11
510100000000003163,参保人3163,居民养老,终止参保,COMP0074,单位051,2026-02-19
510100000000003164,参保人3164,职工医保,正常参保,COMP0152,单位038,2026-06-24
510100000000003165,参保人3165,职工医保,正常参保,COMP0162,单位075,2025-08-21
510100000000003166,参保人3166,居民医保,正常参保,COMP0124,单位086,2026-06-25
510100000000003167,参保人3167,居民医保,正常参保,COMP0047,单位169,2026-02-13
510100000000003168,参保人3168,居民养老,正常参保,COMP0109,单位193,2025-12-06
510100000000003169,参保人3169,居民养老,正常参保,COMP0036,单位045,2026-07-10
510100000000003170,参保人3170,居民医保,正常参保,COMP0164,单位091,2025-08-13
510100000000003171,参保人3171,失业,正常参保,COMP0094,单位053,2025-11-26
510100000000003172,参保人3172,失业,暂停参保,COMP0187,单位043,2025-08-13
510100000000003173,参保人3173,居民医保,正常参保,COMP0005,单位068,2025-12-22
510100000000003174,参保人3174,职工养老,正常参保,COMP0080,单位153,2025-11-13
510100000000003175,参保人3175,工伤,正常参保,COMP0142,单位120,2026-07-12
510100000000003176,参保人3176,职工养老,正常参保,COMP0167,单位189,2026-04-07
510100000000003177,参保人3177,失业,正常参保,COMP0096,单位006,2025-08-18
510100000000003178,参保人3178,失业,正常参保,COMP0199,单位155,2026-04-09
510100000000003179,参保人3179,失业,正常参保,COMP0025,单位086,2026-03-14
510100000000003180,参保人3180,居民养老,正常参保,COMP0179,单位109,2025-08-27
510100000000003181,参保人3181,居民医保,暂停参保,COMP0074,单位077,2025-10-01
510100000000003182,参保人3182,工伤,正常参保,COMP0137,单位191,2026-03-18
510100000000003183,参保人3183,工伤,正常参保,COMP0072,单位167,2026-02-20
510100000000003184,参保人3184,失业,正常参保,COMP0183,单位111,2025-12-18
510100000000003185,参保人3185,职工医保,终止参保,COMP0071,单位019,2025-10-21
510100000000003186,参保人3186,失业,正常参保,COMP0175,单位046,2026-02-04
510100000000003187,参保人3187,职工医保,正常参保,COMP0051,单位054,2025-08-26
510100000000003188,参保人3188,职工医保,正常参保,COMP0019,单位027,2025-12-01
510100000000003189,参保人3189,职工养老,终止参保,COMP0179,单位007,2026-03-03
510100000000003190,参保人3190,职工养老,正常参保,COMP0094,单位113,2025-08-09
510100000000003191,参保人3191,居民医保,正常参保,COMP0170,单位042,2026-07-25
510100000000003192,参保人3192,居民医保,正常参保,COMP0042,单位051,2026-01-07
510100000000003193,参保人3193,工伤,正常参保,COMP0079,单位098,2026-02-15
510100000000003194,参保人3194,失业,正常参保,COMP0059,单位190,2026-04-16
510100000000003195,参保人3195,居民养老,正常参保,COMP0057,单位151,2026-06-08
510100000000003196,参保人3196,职工医保,正常参保,COMP0055,单位117,2026-01-11
510100000000003197,参保人3197,职工医保,正常参保,COMP0177,单位063,2026-05-26
510100000000003198,参保人3198,职工医保,正常参保,COMP0069,单位184,2026-07-29
510100000000003199,参保人3199,居民养老,正常参保,COMP0156,单位173,2025-10-29
510100000000003200,参保人3200,居民养老,正常参保,COMP0143,单位134,2026-07-11
510100000000003201,参保人3201,失业,正常参保,COMP0085,单位064,2026-07-08
510100000000003202,参保人3202,居民医保,终止参保,COMP0131,单位190,2026-07-26
510100000000003203,参保人3203,职工养老,正常参保,COMP0038,单位085,2026-06-08
510100000000003204,参保人3204,失业,正常参保,COMP0146,单位180,2025-10-26
510100000000003205,参保人3205,失业,正常参保,COMP0021,单位145,2026-03-14
510100000000003206,参保人3206,职工医保,正常参保,COMP0060,单位166,2026-03-20
510100000000003207,参保人3207,职工养老,正常参保,COMP0129,单位058,2025-11-21
510100000000003208,参保人3208,工伤,正常参保,COMP0137,单位083,2025-09-30
510100000000003209,参保人3209,失业,正常参保,COMP0062,单位087,2025-12-31
510100000000003210,参保人3210,职工养老,正常参保,COMP0100,单位027,2025-10-21
510100000000003211,参保人3211,职工医保,暂停参保,COMP0096,单位178,2026-03-12
510100000000003212,参保人3212,职工养老,暂停参保,COMP0186,单位159,2025-10-17
510100000000003213,参保人3213,失业,正常参保,COMP0041,单位137,2026-01-28
510100000000003214,参保人3214,工伤,正常参保,COMP0016,单位032,2026-03-18
510100000000003215,参保人3215,职工养老,正常参保,COMP0098,单位136,2025-11-03
510100000000003216,参保人3216,失业,正常参保,COMP0120,单位046,2025-12-14
510100000000003217,参保人3217,失业,正常参保,COMP0031,单位161,2026-05-28
510100000000003218,参保人3218,职工医保,正常参保,COMP0145,单位052,2026-06-23
510100000000003219,参保人3219,工伤,正常参保,COMP0044,单位117,2026-06-30
510100000000003220,参保人3220,职工养老,暂停参保,COMP0006,单位068,2026-02-09
510100000000003221,参保人3221,工伤,正常参保,COMP0186,单位185,2026-01-18
510100000000003222,参保人3222,失业,正常参保,COMP0187,单位030,2025-12-06
510100000000003223,参保人3223,居民养老,正常参保,COMP0058,单位036,2025-09-13
510100000000003224,参保人3224,工伤,正常参保,COMP0126,单位193,2025-09-08
510100000000003225,参保人3225,居民医保,正常参保,COMP0032,单位098,2026-06-25
510100000000003226,参保人3226,工伤,暂停参保,COMP0078,单位054,2026-06-21
510100000000003227,参保人3227,失业,正常参保,COMP0055,单位157,2026-06-05
510100000000003228,参保人3228,职工养老,暂停参保,COMP0137,单位101,2026-07-01
510100000000003229,参保人3229,职工养老,暂停参保,COMP0052,单位185,2026-01-03
510100000000003230,参保人3230,居民养老,正常参保,COMP0116,单位064,2026-07-20
510100000000003231,参保人3231,职工医保,正常参保,COMP0196,单位078,2026-02-21
510100000000003232,参保人3232,居民医保,正常参保,COMP0015,单位007,2025-11-07
510100000000003233,参保人3233,失业,正常参保,COMP0118,单位064,2026-07-26
510100000000003234,参保人3234,居民医保,正常参保,COMP0174,单位175,2025-11-24
510100000000003235,参保人3235,工伤,正常参保,COMP0197,单位002,2025-12-06
510100000000003236,参保人3236,居民养老,正常参保,COMP0155,单位031,2026-02-19
510100000000003237,参保人3237,居民养老,正常参保,COMP0043,单位065,2025-10-05
510100000000003238,参保人3238,工伤,正常参保,COMP0185,单位144,2026-07-10
510100000000003239,参保人3239,失业,正常参保,COMP0022,单位041,2025-09-09
510100000000003240,参保人3240,职工养老,正常参保,COMP0178,单位059,2025-09-16
510100000000003241,参保人3241,职工养老,正常参保,COMP0167,单位123,2026-05-25
510100000000003242,参保人3242,职工医保,正常参保,COMP0101,单位111,2026-02-08
510100000000003243,参保人3243,居民养老,正常参保,COMP0024,单位026,2026-01-01
510100000000003244,参保人3244,失业,正常参保,COMP0122,单位010,2026-07-21
510100000000003245,参保人3245,工伤,正常参保,COMP0002,单位112,2026-01-14
510100000000003246,参保人3246,职工养老,正常参保,COMP0071,单位176,2026-01-17
510100000000003247,参保人3247,失业,正常参保,COMP0086,单位023,2025-12-10
510100000000003248,参保人3248,职工医保,正常参保,COMP0093,单位081,2026-05-15
510100000000003249,参保人3249,职工养老,正常参保,COMP0092,单位083,2026-05-15
510100000000003250,参保人3250,居民养老,正常参保,COMP0040,单位135,2025-10-30
510100000000003251,参保人3251,职工医保,正常参保,COMP0141,单位103,2025-08-30
510100000000003252,参保人3252,职工医保,正常参保,COMP0112,单位086,2026-05-01
510100000000003253,参保人3253,失业,正常参保,COMP0113,单位173,2026-03-14
510100000000003254,参保人3254,居民养老,正常参保,COMP0106,单位002,2026-01-25
510100000000003255,参保人3255,职工养老,正常参保,COMP0048,单位103,2025-12-05
510100000000003256,参保人3256,工伤,正常参保,COMP0012,单位055,2026-01-02
510100000000003257,参保人3257,居民养老,正常参保,COMP0036,单位178,2025-11-23
510100000000003258,参保人3258,职工医保,正常参保,COMP0062,单位048,2026-06-06
510100000000003259,参保人3259,工伤,正常参保,COMP0103,单位110,2026-02-26
510100000000003260,参保人3260,职工养老,正常参保,COMP0175,单位091,2025-12-20
510100000000003261,参保人3261,居民医保,正常参保,COMP0089,单位154,2026-06-12
510100000000003262,参保人3262,失业,正常参保,COMP0025,单位132,2025-12-11
510100000000003263,参保人3263,居民医保,正常参保,COMP0193,单位106,2026-01-30
510100000000003264,参保人3264,居民养老,正常参保,COMP0010,单位123,2026-01-03
510100000000003265,参保人3265,居民医保,正常参保,COMP0155,单位040,2026-01-26
510100000000003266,参保人3266,职工医保,正常参保,COMP0071,单位137,2026-03-16
510100000000003267,参保人3267,工伤,终止参保,COMP0124,单位151,2025-10-12
510100000000003268,参保人3268,居民医保,正常参保,COMP0185,单位179,2025-11-11
510100000000003269,参保人3269,职工养老,正常参保,COMP0017,单位165,2026-07-25
510100000000003270,参保人3270,失业,暂停参保,COMP0084,单位097,2025-08-10
510100000000003271,参保人3271,工伤,正常参保,COMP0198,单位044,2025-08-13
510100000000003272,参保人3272,职工医保,正常参保,COMP0042,单位157,2025-10-25
510100000000003273,参保人3273,居民医保,正常参保,COMP0125,单位019,2026-06-15
510100000000003274,参保人3274,工伤,正常参保,COMP0174,单位104,2026-01-06
510100000000003275,参保人3275,工伤,正常参保,COMP0173,单位177,2026-03-13
510100000000003276,参保人3276,居民养老,正常参保,COMP0081,单位193,2026-07-01
510100000000003277,参保人3277,职工医保,正常参保,COMP0154,单位130,2026-06-09
510100000000003278,参保人3278,职工医保,正常参保,COMP0037,单位031,2026-01-15
510100000000003279,参保人3279,职工养老,暂停参保,COMP0176,单位006,2025-11-09
510100000000003280,参保人3280,工伤,正常参保,COMP0020,单位077,2025-10-11
510100000000003281,参保人3281,居民医保,正常参保,COMP0095,单位162,2026-06-04
510100000000003282,参保人3282,工伤,正常参保,COMP0009,单位153,2025-10-13
510100000000003283,参保人3283,居民医保,正常参保,COMP0073,单位084,2026-06-09
510100000000003284,参保人3284,工伤,正常参保,COMP0150,单位157,2025-09-22
510100000000003285,参保人3285,职工医保,正常参保,COMP0064,单位069,2026-02-20
510100000000003286,参保人3286,职工养老,正常参保,COMP0106,单位065,2026-04-07
510100000000003287,参保人3287,失业,正常参保,COMP0103,单位060,2025-10-09
510100000000003288,参保人3288,工伤,正常参保,COMP0181,单位070,2026-02-28
510100000000003289,参保人3289,职工养老,正常参保,COMP0167,单位098,2026-07-07
510100000000003290,参保人3290,居民养老,正常参保,COMP0166,单位067,2026-01-25
510100000000003291,参保人3291,居民养老,正常参保,COMP0139,单位025,2025-10-20
510100000000003292,参保人3292,职工养老,正常参保,COMP0165,单位183,2026-01-16
510100000000003293,参保人3293,职工养老,暂停参保,COMP0117,单位192,2025-11-04
510100000000003294,参保人3294,居民医保,终止参保,COMP0004,单位018,2025-10-04
510100000000003295,参保人3295,居民养老,正常参保,COMP0122,单位137,2026-05-19
510100000000003296,参保人3296,居民医保,正常参保,COMP0196,单位169,2026-06-09
510100000000003297,参保人3297,工伤,正常参保,COMP0038,单位117,2025-11-05
510100000000003298,参保人3298,失业,正常参保,COMP0143,单位003,2025-10-18
510100000000003299,参保人3299,工伤,正常参保,COMP0016,单位142,2025-11-15
510100000000003300,参保人3300,失业,正常参保,COMP0015,单位180,2025-09-13
510100000000003301,参保人3301,居民医保,正常参保,COMP0096,单位122,2025-12-09
510100000000003302,参保人3302,职工养老,正常参保,COMP0148,单位080,2025-11-17
510100000000003303,参保人3303,居民医保,正常参保,COMP0047,单位014,2025-10-24
510100000000003304,参保人3304,居民医保,正常参保,COMP0041,单位014,2025-12-18
510100000000003305,参保人3305,工伤,正常参保,COMP0157,单位005,2026-04-16
510100000000003306,参保人3306,失业,终止参保,COMP0036,单位079,2025-11-05
510100000000003307,参保人3307,失业,正常参保,COMP0056,单位017,2026-01-15
510100000000003308,参保人3308,职工医保,正常参保,COMP0017,单位146,2026-05-21
510100000000003309,参保人3309,居民医保,正常参保,COMP0018,单位135,2025-09-09
510100000000003310,参保人3310,居民医保,正常参保,COMP0069,单位085,2026-05-16
510100000000003311,参保人3311,工伤,正常参保,COMP0198,单位142,2026-03-28
510100000000003312,参保人3312,工伤,正常参保,COMP0093,单位180,2025-10-17
510100000000003313,参保人3313,居民养老,正常参保,COMP0172,单位051,2026-07-19
510100000000003314,参保人3314,居民养老,终止参保,COMP0066,单位141,2026-01-30
510100000000003315,参保人3315,工伤,正常参保,COMP0098,单位158,2025-12-04
510100000000003316,参保人3316,居民养老,正常参保,COMP0105,单位074,2025-09-03
510100000000003317,参保人3317,职工养老,正常参保,COMP0057,单位147,2026-01-03
510100000000003318,参保人3318,职工医保,正常参保,COMP0180,单位116,2025-11-20
510100000000003319,参保人3319,失业,正常参保,COMP0005,单位041,2026-04-21
510100000000003320,参保人3320,工伤,正常参保,COMP0075,单位183,2025-09-10
510100000000003321,参保人3321,工伤,正常参保,COMP0188,单位025,2026-04-14
510100000000003322,参保人3322,居民养老,正常参保,COMP0010,单位199,2025-11-28
510100000000003323,参保人3323,居民医保,正常参保,COMP0142,单位015,2026-07-22
510100000000003324,参保人3324,居民医保,正常参保,COMP0030,单位082,2026-07-07
510100000000003325,参保人3325,居民养老,正常参保,COMP0148,单位177,2026-07-03
510100000000003326,参保人3326,居民医保,终止参保,COMP0115,单位100,2026-06-13
510100000000003327,参保人3327,职工养老,正常参保,COMP0168,单位059,2026-04-01
510100000000003328,参保人3328,工伤,正常参保,COMP0002,单位085,2025-12-30
510100000000003329,参保人3329,居民医保,正常参保,COMP0160,单位045,2025-10-13
510100000000003330,参保人3330,工伤,正常参保,COMP0087,单位114,2025-09-10
510100000000003331,参保人3331,职工医保,正常参保,COMP0195,单位011,2025-10-05
510100000000003332,参保人3332,职工养老,正常参保,COMP0122,单位143,2025-12-15
510100000000003333,参保人3333,职工养老,正常参保,COMP0092,单位190,2025-12-26
510100000000003334,参保人3334,职工医保,正常参保,COMP0092,单位153,2025-09-10
510100000000003335,参保人3335,职工养老,暂停参保,COMP0129,单位187,2026-01-22
510100000000003336,参保人3336,居民医保,正常参保,COMP0110,单位162,2025-12-22
510100000000003337,参保人3337,居民医保,正常参保,COMP0077,单位133,2025-11-04
510100000000003338,参保人3338,居民医保,正常参保,COMP0062,单位032,2026-02-02
510100000000003339,参保人3339,居民医保,正常参保,COMP0183,单位028,2025-09-11
510100000000003340,参保人3340,失业,正常参保,COMP0022,单位171,2026-05-03
510100000000003341,参保人3341,居民医保,正常参保,COMP0164,单位156,2025-09-07
510100000000003342,参保人3342,居民医保,正常参保,COMP0070,单位137,2025-11-03
510100000000003343,参保人3343,居民养老,正常参保,COMP0095,单位040,2026-02-04
510100000000003344,参保人3344,居民养老,正常参保,COMP0155,单位186,2026-05-30
510100000000003345,参保人3345,失业,正常参保,COMP0115,单位091,2026-07-30
510100000000003346,参保人3346,职工医保,正常参保,COMP0105,单位007,2025-12-26
510100000000003347,参保人3347,职工养老,正常参保,COMP0165,单位083,2025-10-16
510100000000003348,参保人3348,失业,正常参保,COMP0057,单位092,2025-09-04
510100000000003349,参保人3349,居民医保,正常参保,COMP0127,单位191,2026-03-01
510100000000003350,参保人3350,职工养老,正常参保,COMP0010,单位107,2026-05-12
510100000000003351,参保人3351,职工养老,正常参保,COMP0131,单位146,2026-03-07
510100000000003352,参保人3352,职工养老,正常参保,COMP0186,单位093,2025-08-30
510100000000003353,参保人3353,居民医保,正常参保,COMP0010,单位149,2025-12-03
510100000000003354,参保人3354,失业,正常参保,COMP0096,单位010,2026-07-25
510100000000003355,参保人3355,居民医保,正常参保,COMP0132,单位116,2026-04-16
510100000000003356,参保人3356,居民养老,正常参保,COMP0085,单位053,2026-03-30
510100000000003357,参保人3357,居民养老,正常参保,COMP0079,单位057,2026-05-02
510100000000003358,参保人3358,失业,正常参保,COMP0147,单位172,2026-06-05
510100000000003359,参保人3359,职工医保,正常参保,COMP0109,单位026,2026-02-16
510100000000003360,参保人3360,居民养老,正常参保,COMP0077,单位142,2025-08-30
510100000000003361,参保人3361,失业,正常参保,COMP0166,单位187,2026-02-18
510100000000003362,参保人3362,居民养老,正常参保,COMP0189,单位120,2026-04-24
510100000000003363,参保人3363,居民医保,正常参保,COMP0041,单位121,2025-08-08
510100000000003364,参保人3364,工伤,正常参保,COMP0118,单位079,2026-02-28
510100000000003365,参保人3365,职工医保,正常参保,COMP0173,单位096,2026-07-05
510100000000003366,参保人3366,工伤,正常参保,COMP0127,单位074,2026-02-24
510100000000003367,参保人3367,职工医保,正常参保,COMP0168,单位005,2026-07-04
510100000000003368,参保人3368,职工医保,暂停参保,COMP0071,单位092,2025-12-20
510100000000003369,参保人3369,工伤,正常参保,COMP0015,单位101,2026-07-23
510100000000003370,参保人3370,居民医保,正常参保,COMP0053,单位149,2025-08-14
510100000000003371,参保人3371,居民医保,暂停参保,COMP0113,单位032,2025-11-03
510100000000003372,参保人3372,居民养老,正常参保,COMP0083,单位194,2026-01-01
510100000000003373,参保人3373,居民医保,正常参保,COMP0015,单位148,2025-10-21
510100000000003374,参保人3374,居民养老,正常参保,COMP0009,单位199,2026-03-02
510100000000003375,参保人3375,工伤,暂停参保,COMP0191,单位163,2026-01-12
510100000000003376,参保人3376,失业,正常参保,COMP0009,单位036,2025-11-21
510100000000003377,参保人3377,居民医保,正常参保,COMP0156,单位023,2026-04-25
510100000000003378,参保人3378,职工医保,正常参保,COMP0105,单位142,2025-10-09
510100000000003379,参保人3379,职工养老,正常参保,COMP0051,单位110,2026-07-30
510100000000003380,参保人3380,工伤,正常参保,COMP0179,单位063,2026-05-31
510100000000003381,参保人3381,失业,正常参保,COMP0152,单位006,2026-04-10
510100000000003382,参保人3382,职工医保,正常参保,COMP0006,单位157,2026-06-01
510100000000003383,参保人3383,职工养老,正常参保,COMP0156,单位074,2025-08-19
510100000000003384,参保人3384,职工养老,正常参保,COMP0033,单位195,2026-03-20
510100000000003385,参保人3385,职工医保,正常参保,COMP0013,单位152,2025-09-28
510100000000003386,参保人3386,工伤,终止参保,COMP0149,单位111,2026-01-15
510100000000003387,参保人3387,职工养老,正常参保,COMP0060,单位179,2026-07-17
510100000000003388,参保人3388,职工养老,正常参保,COMP0073,单位193,2026-05-23
510100000000003389,参保人3389,居民医保,正常参保,COMP0134,单位065,2025-08-30
510100000000003390,参保人3390,居民医保,正常参保,COMP0075,单位003,2026-01-29
510100000000003391,参保人3391,失业,正常参保,COMP0191,单位148,2025-11-22
510100000000003392,参保人3392,居民医保,暂停参保,COMP0090,单位056,2025-08-20
510100000000003393,参保人3393,居民医保,正常参保,COMP0070,单位151,2026-04-16
510100000000003394,参保人3394,失业,正常参保,COMP0165,单位055,2025-10-06
510100000000003395,参保人3395,居民医保,正常参保,COMP0022,单位031,2026-04-24
510100000000003396,参保人3396,工伤,正常参保,COMP0020,单位043,2026-02-16
510100000000003397,参保人3397,居民医保,正常参保,COMP0048,单位197,2025-12-08
510100000000003398,参保人3398,工伤,正常参保,COMP0164,单位176,2025-08-29
510100000000003399,参保人3399,失业,正常参保,COMP0195,单位096,2026-01-17
510100000000003400,参保人3400,失业,正常参保,COMP0142,单位191,2025-09-04
510100000000003401,参保人3401,工伤,正常参保,COMP0112,单位186,2025-11-09
510100000000003402,参保人3402,职工医保,正常参保,COMP0183,单位076,2026-07-28
510100000000003403,参保人3403,失业,正常参保,COMP0095,单位011,2026-04-11
510100000000003404,参保人3404,工伤,正常参保,COMP0078,单位147,2025-12-04
510100000000003405,参保人3405,居民医保,正常参保,COMP0152,单位136,2026-01-08
510100000000003406,参保人3406,失业,正常参保,COMP0086,单位055,2026-01-18
510100000000003407,参保人3407,居民医保,正常参保,COMP0108,单位048,2026-03-28
510100000000003408,参保人3408,工伤,正常参保,COMP0129,单位198,2026-06-21
510100000000003409,参保人3409,居民养老,正常参保,COMP0005,单位178,2026-07-14
510100000000003410,参保人3410,居民医保,正常参保,COMP0156,单位005,2025-10-25
510100000000003411,参保人3411,职工医保,正常参保,COMP0082,单位174,2026-05-30
510100000000003412,参保人3412,失业,暂停参保,COMP0184,单位093,2026-07-22
510100000000003413,参保人3413,失业,正常参保,COMP0140,单位020,2025-09-03
510100000000003414,参保人3414,居民医保,正常参保,COMP0192,单位151,2025-08-07
510100000000003415,参保人3415,职工养老,正常参保,COMP0176,单位149,2026-02-10
510100000000003416,参保人3416,失业,暂停参保,COMP0003,单位017,2026-01-30
510100000000003417,参保人3417,居民医保,正常参保,COMP0087,单位006,2026-03-04
510100000000003418,参保人3418,失业,正常参保,COMP0173,单位147,2026-04-27
510100000000003419,参保人3419,工伤,正常参保,COMP0111,单位160,2025-11-14
510100000000003420,参保人3420,职工养老,正常参保,COMP0193,单位029,2025-10-10
510100000000003421,参保人3421,职工养老,正常参保,COMP0101,单位128,2025-11-13
510100000000003422,参保人3422,失业,正常参保,COMP0128,单位006,2026-06-01
510100000000003423,参保人3423,失业,正常参保,COMP0137,单位028,2026-01-08
510100000000003424,参保人3424,居民养老,暂停参保,COMP0038,单位043,2026-04-12
510100000000003425,参保人3425,工伤,暂停参保,COMP0190,单位046,2026-02-22
510100000000003426,参保人3426,职工医保,正常参保,COMP0039,单位071,2026-03-02
510100000000003427,参保人3427,工伤,正常参保,COMP0160,单位136,2026-05-30
510100000000003428,参保人3428,失业,正常参保,COMP0113,单位019,2025-09-26
510100000000003429,参保人3429,失业,正常参保,COMP0036,单位055,2026-06-24
510100000000003430,参保人3430,职工养老,正常参保,COMP0078,单位101,2026-07-08
510100000000003431,参保人3431,工伤,正常参保,COMP0172,单位199,2025-12-03
510100000000003432,参保人3432,职工养老,正常参保,COMP0119,单位035,2026-01-12
510100000000003433,参保人3433,居民养老,终止参保,COMP0007,单位190,2025-12-08
510100000000003434,参保人3434,失业,正常参保,COMP0046,单位020,2026-05-03
510100000000003435,参保人3435,失业,正常参保,COMP0104,单位032,2026-03-06
510100000000003436,参保人3436,居民医保,正常参保,COMP0148,单位082,2026-06-18
510100000000003437,参保人3437,居民养老,正常参保,COMP0115,单位150,2026-06-15
510100000000003438,参保人3438,工伤,正常参保,COMP0117,单位043,2025-09-03
510100000000003439,参保人3439,工伤,正常参保,COMP0137,单位113,2026-03-25
510100000000003440,参保人3440,职工医保,正常参保,COMP0065,单位002,2026-03-28
510100000000003441,参保人3441,失业,正常参保,COMP0100,单位130,2025-08-12
510100000000003442,参保人3442,居民医保,正常参保,COMP0142,单位148,2026-05-10
510100000000003443,参保人3443,居民医保,正常参保,COMP0136,单位191,2026-03-11
510100000000003444,参保人3444,工伤,正常参保,COMP0040,单位106,2025-10-28
510100000000003445,参保人3445,职工医保,正常参保,COMP0035,单位113,2025-10-03
510100000000003446,参保人3446,工伤,暂停参保,COMP0081,单位104,2025-09-19
510100000000003447,参保人3447,职工医保,正常参保,COMP0061,单位192,2025-08-15
510100000000003448,参保人3448,职工医保,终止参保,COMP0034,单位183,2026-06-09
510100000000003449,参保人3449,职工养老,正常参保,COMP0078,单位046,2026-02-22
510100000000003450,参保人3450,职工养老,正常参保,COMP0112,单位157,2025-09-24
510100000000003451,参保人3451,职工医保,正常参保,COMP0156,单位178,2025-08-26
510100000000003452,参保人3452,居民医保,正常参保,COMP0018,单位095,2026-03-05
510100000000003453,参保人3453,居民医保,正常参保,COMP0104,单位076,2026-07-22
510100000000003454,参保人3454,居民养老,正常参保,COMP0179,单位129,2025-10-28
510100000000003455,参保人3455,职工养老,正常参保,COMP0030,单位009,2025-10-02
510100000000003456,参保人3456,工伤,正常参保,COMP0165,单位193,2025-10-06
510100000000003457,参保人3457,居民养老,正常参保,COMP0079,单位179,2026-05-08
510100000000003458,参保人3458,居民养老,正常参保,COMP0079,单位159,2026-04-26
510100000000003459,参保人3459,失业,正常参保,COMP0082,单位132,2025-12-15
510100000000003460,参保人3460,失业,正常参保,COMP0079,单位099,2026-06-30
510100000000003461,参保人3461,职工医保,正常参保,COMP0176,单位193,2026-04-12
510100000000003462,参保人3462,职工医保,正常参保,COMP0136,单位050,2025-10-17
510100000000003463,参保人3463,居民医保,正常参保,COMP0037,单位154,2025-12-30
510100000000003464,参保人3464,居民养老,正常参保,COMP0049,单位142,2026-06-22
510100000000003465,参保人3465,职工养老,正常参保,COMP0012,单位116,2026-05-17
510100000000003466,参保人3466,居民养老,正常参保,COMP0002,单位187,2025-11-07
510100000000003467,参保人3467,居民医保,正常参保,COMP0022,单位083,2026-06-10
510100000000003468,参保人3468,工伤,正常参保,COMP0061,单位159,2025-10-24
510100000000003469,参保人3469,居民医保,正常参保,COMP0053,单位095,2025-11-27
510100000000003470,参保人3470,失业,正常参保,COMP0023,单位143,2026-03-29
510100000000003471,参保人3471,居民养老,正常参保,COMP0121,单位039,2026-04-09
510100000000003472,参保人3472,居民医保,正常参保,COMP0198,单位155,2026-03-17
510100000000003473,参保人3473,工伤,正常参保,COMP0005,单位073,2025-10-14
510100000000003474,参保人3474,居民养老,正常参保,COMP0190,单位154,2025-09-17
510100000000003475,参保人3475,失业,正常参保,COMP0078,单位169,2026-01-26
510100000000003476,参保人3476,职工医保,正常参保,COMP0155,单位007,2025-09-12
510100000000003477,参保人3477,职工养老,终止参保,COMP0122,单位012,2025-08-31
510100000000003478,参保人3478,职工养老,正常参保,COMP0085,单位010,2025-10-22
510100000000003479,参保人3479,失业,正常参保,COMP0052,单位006,2025-10-26
510100000000003480,参保人3480,职工医保,正常参保,COMP0196,单位068,2025-12-21
510100000000003481,参保人3481,失业,正常参保,COMP0124,单位084,2025-10-14
510100000000003482,参保人3482,工伤,正常参保,COMP0113,单位065,2025-12-04
510100000000003483,参保人3483,居民医保,正常参保,COMP0148,单位118,2026-07-01
510100000000003484,参保人3484,职工养老,正常参保,COMP0133,单位034,2026-06-29
510100000000003485,参保人3485,职工养老,正常参保,COMP0062,单位088,2026-03-08
510100000000003486,参保人3486,职工养老,正常参保,COMP0089,单位067,2026-05-20
510100000000003487,参保人3487,工伤,正常参保,COMP0029,单位074,2026-07-06
510100000000003488,参保人3488,职工医保,正常参保,COMP0068,单位192,2026-07-10
510100000000003489,参保人3489,失业,正常参保,COMP0077,单位116,2026-02-21
510100000000003490,参保人3490,居民养老,正常参保,COMP0089,单位032,2026-03-23
510100000000003491,参保人3491,居民养老,暂停参保,COMP0017,单位117,2025-09-08
510100000000003492,参保人3492,居民医保,正常参保,COMP0134,单位176,2026-01-16
510100000000003493,参保人3493,居民医保,正常参保,COMP0169,单位079,2025-09-25
510100000000003494,参保人3494,工伤,正常参保,COMP0116,单位109,2026-05-28
510100000000003495,参保人3495,居民养老,正常参保,COMP0015,单位036,2025-12-30
510100000000003496,参保人3496,失业,正常参保,COMP0056,单位095,2026-03-28
510100000000003497,参保人3497,职工养老,终止参保,COMP0052,单位138,2025-12-28
510100000000003498,参保人3498,工伤,正常参保,COMP0029,单位053,2026-03-03
510100000000003499,参保人3499,职工医保,正常参保,COMP0021,单位112,2026-02-17
510100000000003500,参保人3500,居民医保,正常参保,COMP0030,单位125,2025-10-04
510100000000003501,参保人3501,职工医保,正常参保,COMP0078,单位022,2025-09-21
510100000000003502,参保人3502,工伤,正常参保,COMP0107,单位116,2026-03-17
510100000000003503,参保人3503,居民养老,正常参保,COMP0182,单位032,2026-02-02
510100000000003504,参保人3504,失业,正常参保,COMP0161,单位167,2025-11-01
510100000000003505,参保人3505,职工养老,正常参保,COMP0002,单位194,2026-02-22
510100000000003506,参保人3506,职工养老,正常参保,COMP0110,单位124,2025-09-18
510100000000003507,参保人3507,居民养老,正常参保,COMP0119,单位165,2026-04-16
510100000000003508,参保人3508,居民医保,终止参保,COMP0045,单位016,2026-07-07
510100000000003509,参保人3509,居民医保,正常参保,COMP0193,单位122,2025-12-18
510100000000003510,参保人3510,职工养老,正常参保,COMP0015,单位176,2025-10-06
510100000000003511,参保人3511,职工医保,正常参保,COMP0010,单位020,2026-05-29
510100000000003512,参保人3512,工伤,正常参保,COMP0179,单位004,2026-04-21
510100000000003513,参保人3513,居民医保,正常参保,COMP0024,单位055,2026-07-12
510100000000003514,参保人3514,职工医保,正常参保,COMP0071,单位186,2026-07-26
510100000000003515,参保人3515,职工医保,正常参保,COMP0153,单位133,2025-09-02
510100000000003516,参保人3516,居民养老,正常参保,COMP0026,单位113,2026-04-26
510100000000003517,参保人3517,职工医保,正常参保,COMP0014,单位112,2026-06-13
510100000000003518,参保人3518,职工医保,正常参保,COMP0037,单位178,2026-04-02
510100000000003519,参保人3519,工伤,正常参保,COMP0072,单位096,2026-04-18
510100000000003520,参保人3520,工伤,正常参保,COMP0105,单位147,2025-12-29
510100000000003521,参保人3521,居民医保,暂停参保,COMP0118,单位006,2025-11-20
510100000000003522,参保人3522,职工养老,暂停参保,COMP0042,单位003,2025-11-09
510100000000003523,参保人3523,工伤,正常参保,COMP0058,单位199,2026-01-10
510100000000003524,参保人3524,职工养老,正常参保,COMP0131,单位158,2025-10-20
510100000000003525,参保人3525,居民医保,正常参保,COMP0157,单位178,2026-06-16
510100000000003526,参保人3526,失业,正常参保,COMP0163,单位156,2026-07-08
510100000000003527,参保人3527,居民医保,正常参保,COMP0167,单位095,2026-05-30
510100000000003528,参保人3528,职工养老,正常参保,COMP0142,单位063,2025-10-19
510100000000003529,参保人3529,职工养老,正常参保,COMP0168,单位157,2025-10-02
510100000000003530,参保人3530,工伤,正常参保,COMP0072,单位015,2026-05-30
510100000000003531,参保人3531,居民养老,正常参保,COMP0004,单位075,2025-10-13
510100000000003532,参保人3532,职工医保,正常参保,COMP0143,单位070,2026-02-05
510100000000003533,参保人3533,工伤,正常参保,COMP0111,单位104,2026-01-18
510100000000003534,参保人3534,职工养老,正常参保,COMP0027,单位013,2026-03-05
510100000000003535,参保人3535,职工医保,正常参保,COMP0086,单位031,2025-11-21
510100000000003536,参保人3536,失业,正常参保,COMP0099,单位134,2026-01-29
510100000000003537,参保人3537,职工医保,正常参保,COMP0099,单位086,2026-01-03
510100000000003538,参保人3538,失业,正常参保,COMP0191,单位114,2026-05-12
510100000000003539,参保人3539,职工医保,正常参保,COMP0025,单位164,2026-03-08
510100000000003540,参保人3540,居民医保,正常参保,COMP0046,单位138,2025-10-23
510100000000003541,参保人3541,职工医保,正常参保,COMP0156,单位144,2026-07-22
510100000000003542,参保人3542,居民医保,正常参保,COMP0075,单位198,2026-08-06
510100000000003543,参保人3543,失业,正常参保,COMP0038,单位045,2025-09-04
510100000000003544,参保人3544,职工医保,正常参保,COMP0136,单位118,2025-10-15
510100000000003545,参保人3545,职工养老,正常参保,COMP0074,单位111,2026-04-26
510100000000003546,参保人3546,居民医保,正常参保,COMP0114,单位123,2025-09-28
510100000000003547,参保人3547,居民医保,正常参保,COMP0173,单位079,2026-05-06
510100000000003548,参保人3548,居民养老,正常参保,COMP0029,单位081,2025-11-14
510100000000003549,参保人3549,职工养老,正常参保,COMP0060,单位159,2025-09-25
510100000000003550,参保人3550,职工养老,正常参保,COMP0169,单位174,2025-10-10
510100000000003551,参保人3551,居民养老,正常参保,COMP0102,单位051,2026-06-16
510100000000003552,参保人3552,职工医保,正常参保,COMP0131,单位014,2026-01-14
510100000000003553,参保人3553,职工医保,暂停参保,COMP0001,单位185,2026-03-15
510100000000003554,参保人3554,居民医保,终止参保,COMP0014,单位187,2025-09-04
510100000000003555,参保人3555,职工养老,终止参保,COMP0040,单位089,2026-04-04
510100000000003556,参保人3556,居民医保,正常参保,COMP0095,单位009,2025-08-22
510100000000003557,参保人3557,居民养老,正常参保,COMP0025,单位102,2026-02-16
510100000000003558,参保人3558,职工医保,正常参保,COMP0103,单位190,2025-12-14
510100000000003559,参保人3559,居民医保,正常参保,COMP0037,单位016,2025-10-18
510100000000003560,参保人3560,居民养老,正常参保,COMP0026,单位020,2026-03-23
510100000000003561,参保人3561,工伤,正常参保,COMP0019,单位148,2025-10-28
510100000000003562,参保人3562,失业,正常参保,COMP0044,单位163,2026-04-16
510100000000003563,参保人3563,失业,正常参保,COMP0087,单位143,2025-08-22
510100000000003564,参保人3564,居民医保,正常参保,COMP0132,单位056,2026-05-02
510100000000003565,参保人3565,居民医保,正常参保,COMP0100,单位145,2026-03-04
510100000000003566,参保人3566,失业,正常参保,COMP0112,单位075,2026-02-03
510100000000003567,参保人3567,工伤,终止参保,COMP0121,单位055,2026-04-12
510100000000003568,参保人3568,工伤,正常参保,COMP0196,单位026,2026-01-30
510100000000003569,参保人3569,居民养老,正常参保,COMP0084,单位180,2025-11-06
510100000000003570,参保人3570,工伤,正常参保,COMP0181,单位027,2025-10-24
510100000000003571,参保人3571,职工养老,正常参保,COMP0006,单位011,2026-02-26
510100000000003572,参保人3572,居民养老,正常参保,COMP0181,单位018,2026-07-17
510100000000003573,参保人3573,职工养老,正常参保,COMP0077,单位116,2026-07-13
510100000000003574,参保人3574,工伤,正常参保,COMP0155,单位188,2026-01-08
510100000000003575,参保人3575,职工医保,正常参保,COMP0166,单位083,2025-11-23
510100000000003576,参保人3576,职工医保,正常参保,COMP0086,单位015,2026-06-18
510100000000003577,参保人3577,职工医保,正常参保,COMP0108,单位045,2025-10-23
510100000000003578,参保人3578,居民养老,正常参保,COMP0097,单位199,2026-01-18
510100000000003579,参保人3579,职工医保,正常参保,COMP0146,单位054,2026-04-02
510100000000003580,参保人3580,失业,正常参保,COMP0137,单位196,2025-08-07
510100000000003581,参保人3581,失业,正常参保,COMP0051,单位072,2025-08-13
510100000000003582,参保人3582,职工医保,正常参保,COMP0163,单位145,2025-11-06
510100000000003583,参保人3583,居民养老,正常参保,COMP0143,单位081,2025-08-09
510100000000003584,参保人3584,工伤,正常参保,COMP0143,单位042,2026-07-04
510100000000003585,参保人3585,职工养老,正常参保,COMP0138,单位005,2026-02-12
510100000000003586,参保人3586,工伤,正常参保,COMP0108,单位023,2025-09-23
510100000000003587,参保人3587,工伤,正常参保,COMP0020,单位092,2026-04-21
510100000000003588,参保人3588,职工医保,正常参保,COMP0108,单位033,2026-02-12
510100000000003589,参保人3589,失业,正常参保,COMP0109,单位145,2025-08-16
510100000000003590,参保人3590,失业,正常参保,COMP0071,单位059,2026-01-24
510100000000003591,参保人3591,职工医保,正常参保,COMP0160,单位111,2026-07-27
510100000000003592,参保人3592,居民医保,正常参保,COMP0125,单位196,2026-03-15
510100000000003593,参保人3593,职工医保,暂停参保,COMP0094,单位168,2026-02-14
510100000000003594,参保人3594,工伤,正常参保,COMP0166,单位063,2026-07-09
510100000000003595,参保人3595,职工养老,暂停参保,COMP0029,单位163,2026-05-29
510100000000003596,参保人3596,职工养老,正常参保,COMP0046,单位172,2026-02-08
510100000000003597,参保人3597,居民医保,正常参保,COMP0168,单位159,2026-04-29
510100000000003598,参保人3598,工伤,正常参保,COMP0166,单位036,2026-04-17
510100000000003599,参保人3599,工伤,正常参保,COMP0165,单位047,2026-05-09
510100000000003600,参保人3600,失业,正常参保,COMP0167,单位058,2026-07-08
510100000000003601,参保人3601,居民医保,正常参保,COMP0074,单位167,2025-08-22
510100000000003602,参保人3602,居民医保,正常参保,COMP0007,单位197,2025-09-20
510100000000003603,参保人3603,失业,正常参保,COMP0141,单位153,2025-11-16
510100000000003604,参保人3604,居民医保,正常参保,COMP0145,单位102,2025-09-06
510100000000003605,参保人3605,职工医保,正常参保,COMP0063,单位040,2026-05-15
510100000000003606,参保人3606,职工养老,正常参保,COMP0121,单位063,2026-04-01
510100000000003607,参保人3607,工伤,正常参保,COMP0082,单位013,2026-07-14
510100000000003608,参保人3608,失业,暂停参保,COMP0070,单位062,2026-05-10
510100000000003609,参保人3609,工伤,正常参保,COMP0194,单位126,2026-07-06
510100000000003610,参保人3610,工伤,正常参保,COMP0032,单位056,2026-03-08
510100000000003611,参保人3611,职工养老,正常参保,COMP0023,单位029,2026-05-01
510100000000003612,参保人3612,工伤,正常参保,COMP0090,单位148,2026-03-16
510100000000003613,参保人3613,职工养老,正常参保,COMP0101,单位058,2025-10-30
510100000000003614,参保人3614,居民养老,正常参保,COMP0129,单位097,2026-04-01
510100000000003615,参保人3615,职工医保,终止参保,COMP0180,单位186,2026-02-19
510100000000003616,参保人3616,居民养老,正常参保,COMP0196,单位135,2026-06-22
510100000000003617,参保人3617,职工养老,正常参保,COMP0161,单位033,2025-09-01
510100000000003618,参保人3618,居民养老,正常参保,COMP0106,单位034,2025-08-31
510100000000003619,参保人3619,职工养老,正常参保,COMP0153,单位055,2026-03-23
510100000000003620,参保人3620,职工医保,正常参保,COMP0188,单位141,2026-03-29
510100000000003621,参保人3621,居民养老,正常参保,COMP0007,单位026,2026-07-14
510100000000003622,参保人3622,职工养老,正常参保,COMP0013,单位125,2026-02-16
510100000000003623,参保人3623,居民医保,正常参保,COMP0147,单位179,2025-11-05
510100000000003624,参保人3624,居民养老,正常参保,COMP0175,单位120,2026-03-02
510100000000003625,参保人3625,失业,正常参保,COMP0149,单位075,2025-12-21
510100000000003626,参保人3626,失业,正常参保,COMP0018,单位108,2026-02-01
510100000000003627,参保人3627,职工养老,正常参保,COMP0063,单位012,2026-01-04
510100000000003628,参保人3628,居民医保,正常参保,COMP0102,单位087,2026-02-07
510100000000003629,参保人3629,职工医保,正常参保,COMP0132,单位141,2026-06-19
510100000000003630,参保人3630,失业,正常参保,COMP0175,单位136,2025-09-30
510100000000003631,参保人3631,居民医保,正常参保,COMP0160,单位152,2026-07-31
510100000000003632,参保人3632,工伤,暂停参保,COMP0112,单位069,2025-08-16
510100000000003633,参保人3633,居民医保,正常参保,COMP0109,单位159,2026-01-17
510100000000003634,参保人3634,失业,正常参保,COMP0076,单位032,2026-05-08
510100000000003635,参保人3635,职工医保,正常参保,COMP0148,单位103,2025-08-11
510100000000003636,参保人3636,职工养老,正常参保,COMP0014,单位172,2026-04-25
510100000000003637,参保人3637,工伤,正常参保,COMP0048,单位093,2026-03-16
510100000000003638,参保人3638,失业,正常参保,COMP0053,单位162,2026-08-04
510100000000003639,参保人3639,居民养老,正常参保,COMP0138,单位052,2025-08-20
510100000000003640,参保人3640,居民医保,正常参保,COMP0091,单位069,2026-03-05
510100000000003641,参保人3641,职工医保,正常参保,COMP0187,单位192,2026-01-06
510100000000003642,参保人3642,居民养老,暂停参保,COMP0108,单位177,2026-06-15
510100000000003643,参保人3643,居民医保,正常参保,COMP0113,单位114,2026-05-04
510100000000003644,参保人3644,职工医保,正常参保,COMP0179,单位139,2026-03-15
510100000000003645,参保人3645,居民养老,正常参保,COMP0198,单位069,2026-05-15
510100000000003646,参保人3646,工伤,正常参保,COMP0119,单位072,2025-12-27
510100000000003647,参保人3647,居民养老,正常参保,COMP0008,单位085,2026-06-07
510100000000003648,参保人3648,居民养老,正常参保,COMP0198,单位003,2026-07-31
510100000000003649,参保人3649,居民养老,正常参保,COMP0133,单位139,2026-04-04
510100000000003650,参保人3650,居民医保,正常参保,COMP0118,单位007,2025-08-12
510100000000003651,参保人3651,失业,正常参保,COMP0064,单位178,2026-07-08
510100000000003652,参保人3652,失业,正常参保,COMP0156,单位118,2025-09-01
510100000000003653,参保人3653,职工养老,正常参保,COMP0193,单位143,2025-08-26
510100000000003654,参保人3654,职工养老,正常参保,COMP0121,单位106,2025-12-06
510100000000003655,参保人3655,工伤,暂停参保,COMP0077,单位171,2026-08-06
510100000000003656,参保人3656,失业,正常参保,COMP0154,单位018,2026-06-20
510100000000003657,参保人3657,职工医保,正常参保,COMP0137,单位151,2026-04-22
510100000000003658,参保人3658,工伤,正常参保,COMP0142,单位038,2026-06-28
510100000000003659,参保人3659,居民医保,正常参保,COMP0127,单位117,2025-08-23
510100000000003660,参保人3660,居民养老,正常参保,COMP0134,单位003,2026-07-24
510100000000003661,参保人3661,居民养老,正常参保,COMP0095,单位086,2026-01-24
510100000000003662,参保人3662,居民医保,正常参保,COMP0161,单位129,2026-07-23
510100000000003663,参保人3663,工伤,正常参保,COMP0176,单位027,2026-07-26
510100000000003664,参保人3664,职工养老,正常参保,COMP0096,单位194,2026-03-25
510100000000003665,参保人3665,居民医保,正常参保,COMP0117,单位039,2025-08-20
510100000000003666,参保人3666,职工养老,正常参保,COMP0131,单位174,2026-06-25
510100000000003667,参保人3667,居民养老,正常参保,COMP0003,单位074,2025-09-22
510100000000003668,参保人3668,居民医保,正常参保,COMP0103,单位190,2026-03-22
510100000000003669,参保人3669,居民养老,正常参保,COMP0046,单位055,2025-09-10
510100000000003670,参保人3670,居民养老,终止参保,COMP0026,单位155,2026-02-22
510100000000003671,参保人3671,失业,正常参保,COMP0197,单位163,2026-05-26
510100000000003672,参保人3672,职工养老,正常参保,COMP0113,单位146,2026-02-17
510100000000003673,参保人3673,居民养老,正常参保,COMP0120,单位135,2025-09-03
510100000000003674,参保人3674,工伤,正常参保,COMP0115,单位167,2025-11-15
510100000000003675,参保人3675,职工养老,正常参保,COMP0012,单位116,2026-05-11
510100000000003676,参保人3676,失业,正常参保,COMP0077,单位040,2026-02-06
510100000000003677,参保人3677,居民医保,正常参保,COMP0135,单位017,2026-04-10
510100000000003678,参保人3678,失业,正常参保,COMP0024,单位002,2026-05-07
510100000000003679,参保人3679,职工养老,正常参保,COMP0149,单位117,2026-06-15
510100000000003680,参保人3680,失业,正常参保,COMP0009,单位006,2025-10-04
510100000000003681,参保人3681,工伤,正常参保,COMP0082,单位181,2026-01-22
510100000000003682,参保人3682,职工医保,正常参保,COMP0017,单位036,2025-12-27
510100000000003683,参保人3683,工伤,正常参保,COMP0188,单位146,2025-11-23
510100000000003684,参保人3684,失业,正常参保,COMP0194,单位051,2026-05-20
510100000000003685,参保人3685,居民养老,正常参保,COMP0036,单位062,2026-03-31
510100000000003686,参保人3686,职工养老,正常参保,COMP0042,单位001,2026-01-07
510100000000003687,参保人3687,失业,正常参保,COMP0100,单位039,2025-11-17
510100000000003688,参保人3688,失业,正常参保,COMP0045,单位074,2026-04-09
510100000000003689,参保人3689,职工养老,正常参保,COMP0142,单位046,2026-04-06
510100000000003690,参保人3690,居民养老,正常参保,COMP0006,单位021,2026-01-29
510100000000003691,参保人3691,职工医保,正常参保,COMP0103,单位088,2026-04-30
510100000000003692,参保人3692,居民养老,正常参保,COMP0107,单位083,2026-02-07
510100000000003693,参保人3693,失业,正常参保,COMP0022,单位068,2026-02-03
510100000000003694,参保人3694,居民医保,正常参保,COMP0008,单位123,2026-06-30
510100000000003695,参保人3695,职工养老,正常参保,COMP0156,单位138,2025-10-10
510100000000003696,参保人3696,职工医保,终止参保,COMP0067,单位137,2026-03-27
510100000000003697,参保人3697,居民医保,正常参保,COMP0140,单位082,2026-06-10
510100000000003698,参保人3698,工伤,正常参保,COMP0193,单位131,2026-05-30
510100000000003699,参保人3699,职工医保,正常参保,COMP0177,单位072,2026-07-21
510100000000003700,参保人3700,职工医保,正常参保,COMP0070,单位113,2025-12-18
510100000000003701,参保人3701,工伤,正常参保,COMP0007,单位111,2025-12-04
510100000000003702,参保人3702,职工养老,正常参保,COMP0028,单位194,2026-06-21
510100000000003703,参保人3703,居民医保,正常参保,COMP0010,单位114,2025-10-22
510100000000003704,参保人3704,职工养老,正常参保,COMP0172,单位046,2026-06-07
510100000000003705,参保人3705,居民养老,正常参保,COMP0016,单位133,2025-12-06
510100000000003706,参保人3706,职工医保,正常参保,COMP0178,单位038,2025-08-13
510100000000003707,参保人3707,失业,正常参保,COMP0105,单位059,2026-05-22
510100000000003708,参保人3708,居民养老,正常参保,COMP0127,单位055,2026-06-13
510100000000003709,参保人3709,职工医保,正常参保,COMP0127,单位132,2026-05-14
510100000000003710,参保人3710,失业,正常参保,COMP0115,单位181,2025-09-27
510100000000003711,参保人3711,工伤,正常参保,COMP0067,单位019,2026-03-31
510100000000003712,参保人3712,工伤,正常参保,COMP0033,单位119,2026-02-08
510100000000003713,参保人3713,职工医保,正常参保,COMP0133,单位071,2026-02-03
510100000000003714,参保人3714,居民医保,正常参保,COMP0177,单位022,2025-12-09
510100000000003715,参保人3715,工伤,正常参保,COMP0004,单位072,2026-02-23
510100000000003716,参保人3716,工伤,正常参保,COMP0136,单位168,2025-12-13
510100000000003717,参保人3717,工伤,正常参保,COMP0156,单位104,2026-05-18
510100000000003718,参保人3718,工伤,正常参保,COMP0130,单位063,2025-10-04
510100000000003719,参保人3719,居民养老,正常参保,COMP0007,单位158,2026-08-04
510100000000003720,参保人3720,职工养老,正常参保,COMP0073,单位010,2026-06-07
510100000000003721,参保人3721,失业,正常参保,COMP0122,单位175,2026-08-06
510100000000003722,参保人3722,失业,正常参保,COMP0038,单位190,2026-05-20
510100000000003723,参保人3723,职工医保,正常参保,COMP0082,单位193,2026-01-29
510100000000003724,参保人3724,职工养老,正常参保,COMP0127,单位112,2025-09-25
510100000000003725,参保人3725,职工医保,正常参保,COMP0089,单位190,2026-06-27
510100000000003726,参保人3726,居民养老,暂停参保,COMP0115,单位100,2025-08-27
510100000000003727,参保人3727,工伤,正常参保,COMP0060,单位068,2025-09-07
510100000000003728,参保人3728,失业,正常参保,COMP0189,单位017,2025-09-19
510100000000003729,参保人3729,居民养老,正常参保,COMP0007,单位016,2026-07-24
510100000000003730,参保人3730,职工医保,正常参保,COMP0157,单位127,2025-09-29
510100000000003731,参保人3731,失业,正常参保,COMP0167,单位129,2025-12-18
510100000000003732,参保人3732,职工医保,正常参保,COMP0065,单位065,2026-04-26
510100000000003733,参保人3733,工伤,正常参保,COMP0033,单位176,2025-11-02
510100000000003734,参保人3734,失业,正常参保,COMP0110,单位004,2026-01-04
510100000000003735,参保人3735,居民养老,正常参保,COMP0140,单位074,2025-12-23
510100000000003736,参保人3736,居民养老,正常参保,COMP0093,单位065,2025-09-20
510100000000003737,参保人3737,居民医保,正常参保,COMP0047,单位066,2025-10-06
510100000000003738,参保人3738,失业,正常参保,COMP0026,单位137,2026-05-04
510100000000003739,参保人3739,居民养老,正常参保,COMP0107,单位134,2025-12-02
510100000000003740,参保人3740,失业,正常参保,COMP0071,单位152,2026-05-24
510100000000003741,参保人3741,职工养老,正常参保,COMP0143,单位163,2026-07-02
510100000000003742,参保人3742,居民养老,暂停参保,COMP0167,单位004,2026-01-27
510100000000003743,参保人3743,居民医保,正常参保,COMP0185,单位158,2025-12-04
510100000000003744,参保人3744,失业,终止参保,COMP0122,单位117,2026-05-03
510100000000003745,参保人3745,居民医保,正常参保,COMP0120,单位015,2025-11-07
510100000000003746,参保人3746,职工养老,正常参保,COMP0115,单位147,2025-09-09
510100000000003747,参保人3747,工伤,正常参保,COMP0091,单位048,2026-07-23
510100000000003748,参保人3748,职工养老,正常参保,COMP0098,单位155,2026-05-15
510100000000003749,参保人3749,职工医保,终止参保,COMP0068,单位005,2025-10-02
510100000000003750,参保人3750,居民医保,正常参保,COMP0022,单位106,2026-07-31
510100000000003751,参保人3751,失业,正常参保,COMP0030,单位126,2025-08-15
510100000000003752,参保人3752,工伤,正常参保,COMP0023,单位189,2026-05-25
510100000000003753,参保人3753,工伤,正常参保,COMP0082,单位025,2025-11-16
510100000000003754,参保人3754,工伤,正常参保,COMP0022,单位072,2025-08-29
510100000000003755,参保人3755,居民养老,正常参保,COMP0094,单位019,2026-04-01
510100000000003756,参保人3756,居民医保,正常参保,COMP0087,单位097,2026-06-16
510100000000003757,参保人3757,居民医保,正常参保,COMP0172,单位097,2026-04-14
510100000000003758,参保人3758,居民养老,正常参保,COMP0063,单位167,2026-07-19
510100000000003759,参保人3759,工伤,正常参保,COMP0069,单位193,2026-02-27
510100000000003760,参保人3760,职工养老,正常参保,COMP0160,单位187,2025-12-30
510100000000003761,参保人3761,工伤,正常参保,COMP0012,单位119,2026-03-21
510100000000003762,参保人3762,职工医保,正常参保,COMP0182,单位057,2026-06-26
510100000000003763,参保人3763,居民医保,正常参保,COMP0031,单位180,2026-08-05
510100000000003764,参保人3764,职工养老,正常参保,COMP0032,单位138,2026-04-24
510100000000003765,参保人3765,居民医保,暂停参保,COMP0075,单位105,2026-04-02
510100000000003766,参保人3766,职工医保,正常参保,COMP0015,单位097,2026-04-24
510100000000003767,参保人3767,职工医保,正常参保,COMP0021,单位005,2025-08-31
510100000000003768,参保人3768,居民养老,正常参保,COMP0080,单位190,2026-01-21
510100000000003769,参保人3769,职工医保,正常参保,COMP0080,单位039,2026-02-26
510100000000003770,参保人3770,居民医保,正常参保,COMP0006,单位194,2026-01-03
510100000000003771,参保人3771,职工医保,暂停参保,COMP0129,单位065,2026-07-10
510100000000003772,参保人3772,居民养老,正常参保,COMP0176,单位072,2026-06-03
510100000000003773,参保人3773,居民医保,正常参保,COMP0171,单位049,2026-05-25
510100000000003774,参保人3774,居民养老,正常参保,COMP0199,单位192,2026-01-30
510100000000003775,参保人3775,居民养老,正常参保,COMP0197,单位127,2025-11-10
510100000000003776,参保人3776,居民医保,正常参保,COMP0061,单位035,2026-04-10
510100000000003777,参保人3777,职工医保,正常参保,COMP0036,单位147,2025-12-07
510100000000003778,参保人3778,居民医保,正常参保,COMP0147,单位107,2026-06-29
510100000000003779,参保人3779,工伤,正常参保,COMP0012,单位083,2026-01-15
510100000000003780,参保人3780,居民养老,正常参保,COMP0076,单位082,2025-10-04
510100000000003781,参保人3781,职工养老,正常参保,COMP0097,单位049,2026-03-14
510100000000003782,参保人3782,工伤,正常参保,COMP0057,单位093,2026-04-20
510100000000003783,参保人3783,工伤,正常参保,COMP0024,单位192,2025-09-26
510100000000003784,参保人3784,失业,正常参保,COMP0010,单位165,2026-01-04
510100000000003785,参保人3785,居民医保,正常参保,COMP0024,单位088,2026-04-15
510100000000003786,参保人3786,工伤,正常参保,COMP0010,单位175,2025-12-10
510100000000003787,参保人3787,居民养老,正常参保,COMP0134,单位066,2025-11-01
510100000000003788,参保人3788,工伤,正常参保,COMP0159,单位016,2025-10-14
510100000000003789,参保人3789,居民医保,暂停参保,COMP0001,单位111,2025-11-12
510100000000003790,参保人3790,工伤,正常参保,COMP0178,单位020,2026-07-02
510100000000003791,参保人3791,失业,正常参保,COMP0108,单位189,2026-02-10
510100000000003792,参保人3792,职工养老,正常参保,COMP0164,单位126,2026-05-02
510100000000003793,参保人3793,失业,正常参保,COMP0093,单位091,2026-03-27
510100000000003794,参保人3794,职工养老,正常参保,COMP0159,单位086,2026-04-11
510100000000003795,参保人3795,失业,正常参保,COMP0118,单位001,2026-01-08
510100000000003796,参保人3796,居民养老,正常参保,COMP0087,单位153,2025-08-22
510100000000003797,参保人3797,职工养老,正常参保,COMP0029,单位095,2025-11-06
510100000000003798,参保人3798,职工医保,正常参保,COMP0132,单位193,2025-10-14
510100000000003799,参保人3799,职工养老,正常参保,COMP0182,单位192,2026-01-12
510100000000003800,参保人3800,居民医保,正常参保,COMP0146,单位080,2026-03-30
510100000000003801,参保人3801,居民养老,正常参保,COMP0144,单位067,2026-06-13
510100000000003802,参保人3802,居民医保,终止参保,COMP0026,单位185,2025-11-27
510100000000003803,参保人3803,工伤,正常参保,COMP0056,单位190,2025-10-21
510100000000003804,参保人3804,居民医保,正常参保,COMP0055,单位020,2025-10-05
510100000000003805,参保人3805,职工医保,正常参保,COMP0153,单位053,2026-04-18
510100000000003806,参保人3806,居民养老,正常参保,COMP0190,单位112,2025-09-16
510100000000003807,参保人3807,居民医保,正常参保,COMP0016,单位183,2025-08-22
510100000000003808,参保人3808,职工养老,正常参保,COMP0166,单位045,2025-10-31
510100000000003809,参保人3809,职工养老,正常参保,COMP0165,单位123,2026-02-07
510100000000003810,参保人3810,职工养老,正常参保,COMP0151,单位117,2025-09-05
510100000000003811,参保人3811,居民医保,正常参保,COMP0183,单位183,2026-08-03
510100000000003812,参保人3812,职工医保,正常参保,COMP0061,单位111,2025-09-07
510100000000003813,参保人3813,职工养老,正常参保,COMP0100,单位146,2026-02-16
510100000000003814,参保人3814,失业,正常参保,COMP0175,单位030,2026-06-13
510100000000003815,参保人3815,职工医保,正常参保,COMP0197,单位041,2026-02-15
510100000000003816,参保人3816,居民医保,暂停参保,COMP0158,单位077,2025-12-22
510100000000003817,参保人3817,工伤,正常参保,COMP0104,单位173,2025-09-06
510100000000003818,参保人3818,居民养老,正常参保,COMP0173,单位183,2026-03-27
510100000000003819,参保人3819,失业,正常参保,COMP0006,单位094,2025-10-29
510100000000003820,参保人3820,工伤,正常参保,COMP0093,单位197,2026-07-13
510100000000003821,参保人3821,工伤,正常参保,COMP0020,单位072,2026-01-18
510100000000003822,参保人3822,工伤,正常参保,COMP0026,单位054,2026-02-18
510100000000003823,参保人3823,职工养老,正常参保,COMP0125,单位011,2026-07-11
510100000000003824,参保人3824,失业,正常参保,COMP0034,单位038,2026-05-12
510100000000003825,参保人3825,工伤,正常参保,COMP0131,单位195,2026-03-04
510100000000003826,参保人3826,失业,正常参保,COMP0030,单位186,2026-02-06
510100000000003827,参保人3827,工伤,正常参保,COMP0166,单位142,2026-02-03
510100000000003828,参保人3828,职工养老,正常参保,COMP0072,单位147,2025-10-23
510100000000003829,参保人3829,工伤,正常参保,COMP0075,单位045,2025-11-11
510100000000003830,参保人3830,职工养老,正常参保,COMP0154,单位053,2026-02-09
510100000000003831,参保人3831,工伤,正常参保,COMP0180,单位182,2025-11-21
510100000000003832,参保人3832,职工养老,终止参保,COMP0197,单位136,2026-07-24
510100000000003833,参保人3833,职工养老,正常参保,COMP0013,单位171,2026-05-27
510100000000003834,参保人3834,职工养老,正常参保,COMP0159,单位191,2026-03-06
510100000000003835,参保人3835,居民医保,正常参保,COMP0057,单位007,2026-04-17
510100000000003836,参保人3836,失业,正常参保,COMP0080,单位119,2025-09-25
510100000000003837,参保人3837,职工医保,正常参保,COMP0004,单位100,2025-11-20
510100000000003838,参保人3838,居民医保,正常参保,COMP0051,单位145,2026-05-02
510100000000003839,参保人3839,居民养老,正常参保,COMP0022,单位180,2026-07-11
510100000000003840,参保人3840,职工养老,正常参保,COMP0094,单位008,2026-05-13
510100000000003841,参保人3841,职工医保,正常参保,COMP0113,单位157,2025-12-04
510100000000003842,参保人3842,职工医保,正常参保,COMP0152,单位188,2025-11-15
510100000000003843,参保人3843,居民养老,正常参保,COMP0036,单位036,2025-12-04
510100000000003844,参保人3844,职工医保,正常参保,COMP0001,单位069,2025-10-18
510100000000003845,参保人3845,失业,正常参保,COMP0072,单位107,2026-05-03
510100000000003846,参保人3846,工伤,正常参保,COMP0043,单位037,2025-12-28
510100000000003847,参保人3847,居民医保,暂停参保,COMP0025,单位149,2026-02-19
510100000000003848,参保人3848,职工医保,正常参保,COMP0042,单位002,2026-01-23
510100000000003849,参保人3849,工伤,正常参保,COMP0113,单位077,2025-11-03
510100000000003850,参保人3850,居民医保,正常参保,COMP0173,单位192,2025-09-21
510100000000003851,参保人3851,居民医保,正常参保,COMP0057,单位119,2026-02-27
510100000000003852,参保人3852,居民养老,暂停参保,COMP0146,单位163,2026-02-09
510100000000003853,参保人3853,职工医保,暂停参保,COMP0010,单位052,2026-07-04
510100000000003854,参保人3854,职工养老,正常参保,COMP0167,单位136,2026-04-04
510100000000003855,参保人3855,职工养老,正常参保,COMP0150,单位198,2026-01-30
510100000000003856,参保人3856,职工养老,正常参保,COMP0029,单位106,2026-04-09
510100000000003857,参保人3857,职工医保,正常参保,COMP0181,单位162,2026-04-01
510100000000003858,参保人3858,失业,正常参保,COMP0101,单位132,2025-11-26
510100000000003859,参保人3859,居民医保,正常参保,COMP0035,单位198,2025-12-02
510100000000003860,参保人3860,失业,正常参保,COMP0149,单位110,2025-09-24
510100000000003861,参保人3861,职工养老,正常参保,COMP0143,单位071,2026-03-26
510100000000003862,参保人3862,职工医保,正常参保,COMP0022,单位032,2026-04-06
510100000000003863,参保人3863,失业,正常参保,COMP0110,单位015,2025-10-11
510100000000003864,参保人3864,职工养老,正常参保,COMP0009,单位034,2025-12-22
510100000000003865,参保人3865,职工医保,正常参保,COMP0190,单位045,2026-01-07
510100000000003866,参保人3866,居民医保,暂停参保,COMP0115,单位019,2025-12-01
510100000000003867,参保人3867,职工养老,正常参保,COMP0161,单位074,2025-11-26
510100000000003868,参保人3868,居民医保,正常参保,COMP0043,单位050,2026-08-04
510100000000003869,参保人3869,职工养老,正常参保,COMP0028,单位046,2026-06-04
510100000000003870,参保人3870,失业,正常参保,COMP0142,单位135,2026-01-17
510100000000003871,参保人3871,工伤,正常参保,COMP0051,单位029,2025-08-26
510100000000003872,参保人3872,居民养老,正常参保,COMP0189,单位041,2026-05-30
510100000000003873,参保人3873,居民养老,正常参保,COMP0031,单位131,2026-04-12
510100000000003874,参保人3874,职工养老,正常参保,COMP0178,单位145,2026-01-17
510100000000003875,参保人3875,居民医保,正常参保,COMP0024,单位099,2026-04-24
510100000000003876,参保人3876,职工养老,正常参保,COMP0060,单位115,2026-07-23
510100000000003877,参保人3877,工伤,正常参保,COMP0197,单位155,2025-08-28
510100000000003878,参保人3878,失业,正常参保,COMP0058,单位177,2026-03-15
510100000000003879,参保人3879,失业,正常参保,COMP0094,单位168,2026-02-14
510100000000003880,参保人3880,失业,正常参保,COMP0129,单位079,2026-05-04
510100000000003881,参保人3881,职工医保,终止参保,COMP0180,单位163,2026-04-10
510100000000003882,参保人3882,工伤,正常参保,COMP0145,单位181,2025-10-03
510100000000003883,参保人3883,失业,正常参保,COMP0136,单位104,2025-11-23
510100000000003884,参保人3884,工伤,正常参保,COMP0179,单位165,2025-12-29
510100000000003885,参保人3885,工伤,正常参保,COMP0124,单位180,2025-08-28
510100000000003886,参保人3886,职工养老,正常参保,COMP0052,单位129,2026-03-25
510100000000003887,参保人3887,职工医保,终止参保,COMP0171,单位071,2025-11-07
510100000000003888,参保人3888,职工养老,正常参保,COMP0029,单位022,2026-02-22
510100000000003889,参保人3889,失业,暂停参保,COMP0178,单位069,2026-03-02
510100000000003890,参保人3890,工伤,正常参保,COMP0047,单位149,2025-11-04
510100000000003891,参保人3891,居民养老,正常参保,COMP0021,单位001,2026-07-21
510100000000003892,参保人3892,职工养老,正常参保,COMP0014,单位059,2026-05-16
510100000000003893,参保人3893,居民医保,正常参保,COMP0006,单位109,2026-06-19
510100000000003894,参保人3894,失业,正常参保,COMP0007,单位097,2026-03-31
510100000000003895,参保人3895,工伤,正常参保,COMP0027,单位199,2025-09-27
510100000000003896,参保人3896,职工医保,终止参保,COMP0017,单位173,2026-04-28
510100000000003897,参保人3897,居民医保,正常参保,COMP0182,单位029,2026-04-27
510100000000003898,参保人3898,职工养老,正常参保,COMP0027,单位102,2026-04-12
510100000000003899,参保人3899,工伤,正常参保,COMP0031,单位164,2026-01-30
510100000000003900,参保人3900,工伤,正常参保,COMP0036,单位119,2025-11-19
510100000000003901,参保人3901,失业,正常参保,COMP0052,单位049,2026-08-01
510100000000003902,参保人3902,职工养老,正常参保,COMP0118,单位023,2026-03-15
510100000000003903,参保人3903,失业,正常参保,COMP0044,单位041,2026-02-16
510100000000003904,参保人3904,失业,正常参保,COMP0050,单位052,2026-05-29
510100000000003905,参保人3905,居民养老,正常参保,COMP0186,单位151,2026-04-20
510100000000003906,参保人3906,职工养老,暂停参保,COMP0044,单位180,2026-06-01
510100000000003907,参保人3907,居民养老,正常参保,COMP0018,单位155,2026-02-09
510100000000003908,参保人3908,工伤,正常参保,COMP0074,单位049,2025-11-09
510100000000003909,参保人3909,职工养老,正常参保,COMP0196,单位143,2026-02-09
510100000000003910,参保人3910,职工医保,正常参保,COMP0135,单位053,2026-03-01
510100000000003911,参保人3911,居民医保,正常参保,COMP0048,单位030,2026-05-02
510100000000003912,参保人3912,职工养老,正常参保,COMP0092,单位113,2025-11-21
510100000000003913,参保人3913,职工养老,正常参保,COMP0134,单位102,2025-11-09
510100000000003914,参保人3914,职工养老,暂停参保,COMP0091,单位081,2026-03-14
510100000000003915,参保人3915,失业,正常参保,COMP0120,单位061,2025-10-02
510100000000003916,参保人3916,居民医保,暂停参保,COMP0040,单位088,2026-04-13
510100000000003917,参保人3917,工伤,暂停参保,COMP0043,单位021,2026-07-07
510100000000003918,参保人3918,职工养老,正常参保,COMP0073,单位185,2026-05-02
510100000000003919,参保人3919,职工医保,正常参保,COMP0044,单位043,2025-10-24
510100000000003920,参保人3920,工伤,正常参保,COMP0076,单位145,2026-03-17
510100000000003921,参保人3921,居民医保,正常参保,COMP0004,单位072,2026-05-01
510100000000003922,参保人3922,失业,正常参保,COMP0028,单位130,2025-11-07
510100000000003923,参保人3923,居民医保,正常参保,COMP0009,单位031,2026-05-11
510100000000003924,参保人3924,失业,正常参保,COMP0081,单位107,2025-09-30
510100000000003925,参保人3925,居民养老,暂停参保,COMP0123,单位178,2026-06-03
510100000000003926,参保人3926,居民养老,正常参保,COMP0180,单位138,2026-07-17
510100000000003927,参保人3927,工伤,正常参保,COMP0087,单位120,2026-03-23
510100000000003928,参保人3928,居民养老,正常参保,COMP0133,单位025,2025-09-29
510100000000003929,参保人3929,居民医保,正常参保,COMP0064,单位180,2025-08-27
510100000000003930,参保人3930,居民养老,正常参保,COMP0138,单位010,2026-01-18
510100000000003931,参保人3931,失业,正常参保,COMP0060,单位147,2026-04-22
510100000000003932,参保人3932,失业,正常参保,COMP0143,单位047,2026-03-27
510100000000003933,参保人3933,失业,正常参保,COMP0194,单位062,2026-07-15
510100000000003934,参保人3934,居民养老,正常参保,COMP0046,单位147,2026-01-03
510100000000003935,参保人3935,居民养老,正常参保,COMP0091,单位052,2026-07-14
510100000000003936,参保人3936,职工医保,正常参保,COMP0174,单位064,2026-04-10
510100000000003937,参保人3937,居民养老,正常参保,COMP0064,单位156,2025-08-30
510100000000003938,参保人3938,职工养老,正常参保,COMP0182,单位172,2025-12-30
510100000000003939,参保人3939,职工医保,正常参保,COMP0121,单位153,2026-04-27
510100000000003940,参保人3940,居民养老,正常参保,COMP0105,单位051,2025-10-02
510100000000003941,参保人3941,居民医保,正常参保,COMP0136,单位123,2026-01-14
510100000000003942,参保人3942,居民养老,正常参保,COMP0021,单位108,2025-08-08
510100000000003943,参保人3943,职工医保,正常参保,COMP0090,单位079,2026-02-11
510100000000003944,参保人3944,居民医保,正常参保,COMP0052,单位102,2025-08-11
510100000000003945,参保人3945,工伤,正常参保,COMP0096,单位037,2026-03-14
510100000000003946,参保人3946,居民养老,正常参保,COMP0002,单位119,2025-08-29
510100000000003947,参保人3947,失业,正常参保,COMP0003,单位174,2026-04-18
510100000000003948,参保人3948,职工医保,正常参保,COMP0105,单位022,2025-12-30
510100000000003949,参保人3949,工伤,正常参保,COMP0134,单位065,2025-11-03
510100000000003950,参保人3950,职工医保,正常参保,COMP0131,单位113,2025-10-25
510100000000003951,参保人3951,居民医保,正常参保,COMP0020,单位054,2025-11-29
510100000000003952,参保人3952,失业,正常参保,COMP0015,单位166,2026-02-08
510100000000003953,参保人3953,居民医保,正常参保,COMP0057,单位079,2026-02-08
510100000000003954,参保人3954,居民养老,正常参保,COMP0014,单位091,2025-12-04
510100000000003955,参保人3955,失业,正常参保,COMP0099,单位033,2025-11-23
510100000000003956,参保人3956,居民医保,正常参保,COMP0152,单位004,2026-02-24
510100000000003957,参保人3957,工伤,正常参保,COMP0160,单位137,2025-08-13
510100000000003958,参保人3958,居民医保,正常参保,COMP0116,单位148,2026-01-17
510100000000003959,参保人3959,居民医保,正常参保,COMP0186,单位022,2026-04-17
510100000000003960,参保人3960,职工养老,正常参保,COMP0176,单位136,2026-03-17
510100000000003961,参保人3961,工伤,正常参保,COMP0004,单位030,2025-11-11
510100000000003962,参保人3962,居民养老,正常参保,COMP0041,单位121,2025-11-05
510100000000003963,参保人3963,失业,正常参保,COMP0148,单位192,2025-10-18
510100000000003964,参保人3964,失业,正常参保,COMP0074,单位146,2026-04-22
510100000000003965,参保人3965,失业,正常参保,COMP0139,单位086,2026-06-24
510100000000003966,参保人3966,居民医保,正常参保,COMP0122,单位162,2025-08-29
510100000000003967,参保人3967,职工医保,正常参保,COMP0074,单位117,2026-03-31
510100000000003968,参保人3968,失业,正常参保,COMP0095,单位199,2025-08-17
510100000000003969,参保人3969,工伤,正常参保,COMP0146,单位191,2026-07-05
510100000000003970,参保人3970,居民养老,正常参保,COMP0075,单位180,2025-11-15
510100000000003971,参保人3971,失业,正常参保,COMP0133,单位076,2026-03-31
510100000000003972,参保人3972,职工医保,正常参保,COMP0166,单位170,2026-04-01
510100000000003973,参保人3973,失业,正常参保,COMP0026,单位061,2026-06-01
510100000000003974,参保人3974,失业,正常参保,COMP0026,单位083,2025-08-08
510100000000003975,参保人3975,居民养老,正常参保,COMP0123,单位036,2025-11-03
510100000000003976,参保人3976,职工医保,正常参保,COMP0026,单位191,2025-10-19
510100000000003977,参保人3977,职工医保,正常参保,COMP0149,单位146,2025-11-09
510100000000003978,参保人3978,失业,正常参保,COMP0159,单位028,2026-03-24
510100000000003979,参保人3979,工伤,正常参保,COMP0120,单位088,2025-12-22
510100000000003980,参保人3980,工伤,正常参保,COMP0047,单位034,2026-08-05
510100000000003981,参保人3981,居民医保,正常参保,COMP0094,单位072,2025-10-03
510100000000003982,参保人3982,居民养老,正常参保,COMP0090,单位092,2025-11-26
510100000000003983,参保人3983,失业,正常参保,COMP0125,单位142,2026-03-29
510100000000003984,参保人3984,居民医保,暂停参保,COMP0124,单位054,2025-12-30
510100000000003985,参保人3985,失业,正常参保,COMP0020,单位091,2025-08-17
510100000000003986,参保人3986,工伤,正常参保,COMP0056,单位002,2025-08-11
510100000000003987,参保人3987,工伤,正常参保,COMP0112,单位024,2025-08-07
510100000000003988,参保人3988,居民养老,正常参保,COMP0084,单位182,2026-01-12
510100000000003989,参保人3989,职工医保,正常参保,COMP0061,单位170,2026-03-31
510100000000003990,参保人3990,失业,正常参保,COMP0051,单位199,2025-10-10
510100000000003991,参保人3991,工伤,正常参保,COMP0014,单位093,2026-03-29
510100000000003992,参保人3992,失业,正常参保,COMP0065,单位176,2026-03-22
510100000000003993,参保人3993,工伤,终止参保,COMP0142,单位100,2026-03-22
510100000000003994,参保人3994,职工养老,正常参保,COMP0063,单位071,2025-08-17
510100000000003995,参保人3995,居民医保,正常参保,COMP0073,单位047,2025-09-04
510100000000003996,参保人3996,失业,正常参保,COMP0146,单位146,2026-03-08
510100000000003997,参保人3997,居民养老,正常参保,COMP0021,单位064,2026-01-01
510100000000003998,参保人3998,失业,正常参保,COMP0130,单位069,2025-12-25
510100000000003999,参保人3999,失业,正常参保,COMP0198,单位147,2026-04-22
510100000000004000,参保人4000,工伤,正常参保,COMP0103,单位141,2026-06-03
510100000000004001,参保人4001,失业,正常参保,COMP0112,单位155,2026-05-20
510100000000004002,参保人4002,居民养老,终止参保,COMP0121,单位087,2025-10-07
510100000000004003,参保人4003,职工医保,正常参保,COMP0068,单位172,2025-08-15
510100000000004004,参保人4004,职工医保,暂停参保,COMP0038,单位138,2025-10-01
510100000000004005,参保人4005,居民医保,暂停参保,COMP0134,单位134,2026-06-16
510100000000004006,参保人4006,居民养老,正常参保,COMP0112,单位184,2025-08-12
510100000000004007,参保人4007,职工养老,正常参保,COMP0192,单位109,2026-02-02
510100000000004008,参保人4008,居民医保,暂停参保,COMP0106,单位013,2026-03-14
510100000000004009,参保人4009,失业,正常参保,COMP0141,单位115,2026-03-08
510100000000004010,参保人4010,职工医保,正常参保,COMP0184,单位054,2026-03-27
510100000000004011,参保人4011,职工养老,正常参保,COMP0183,单位077,2025-09-16
510100000000004012,参保人4012,居民养老,正常参保,COMP0038,单位062,2026-07-16
510100000000004013,参保人4013,职工医保,正常参保,COMP0154,单位125,2026-08-02
510100000000004014,参保人4014,工伤,正常参保,COMP0086,单位177,2025-11-21
510100000000004015,参保人4015,居民养老,正常参保,COMP0142,单位175,2025-12-15
510100000000004016,参保人4016,职工养老,正常参保,COMP0038,单位192,2026-02-16
510100000000004017,参保人4017,工伤,正常参保,COMP0065,单位025,2025-11-08
510100000000004018,参保人4018,居民养老,正常参保,COMP0131,单位195,2025-10-18
510100000000004019,参保人4019,职工医保,正常参保,COMP0125,单位113,2025-12-06
510100000000004020,参保人4020,失业,正常参保,COMP0001,单位071,2026-01-01
510100000000004021,参保人4021,职工养老,正常参保,COMP0118,单位158,2025-08-09
510100000000004022,参保人4022,失业,正常参保,COMP0084,单位090,2026-07-11
510100000000004023,参保人4023,职工医保,正常参保,COMP0041,单位048,2025-11-12
510100000000004024,参保人4024,居民医保,正常参保,COMP0162,单位180,2025-10-14
510100000000004025,参保人4025,职工养老,正常参保,COMP0130,单位015,2025-11-08
510100000000004026,参保人4026,居民养老,正常参保,COMP0010,单位138,2025-12-08
510100000000004027,参保人4027,居民医保,正常参保,COMP0156,单位152,2025-11-05
510100000000004028,参保人4028,职工医保,正常参保,COMP0184,单位195,2026-06-26
510100000000004029,参保人4029,居民养老,正常参保,COMP0151,单位084,2026-03-26
510100000000004030,参保人4030,工伤,终止参保,COMP0042,单位194,2026-07-08
510100000000004031,参保人4031,职工医保,暂停参保,COMP0170,单位034,2026-02-20
510100000000004032,参保人4032,职工医保,正常参保,COMP0157,单位050,2026-05-23
510100000000004033,参保人4033,职工医保,正常参保,COMP0189,单位046,2026-06-22
510100000000004034,参保人4034,失业,正常参保,COMP0066,单位104,2025-11-19
510100000000004035,参保人4035,职工养老,正常参保,COMP0125,单位112,2025-11-08
510100000000004036,参保人4036,职工医保,暂停参保,COMP0135,单位136,2025-09-13
510100000000004037,参保人4037,职工养老,正常参保,COMP0038,单位054,2026-05-23
510100000000004038,参保人4038,居民养老,正常参保,COMP0184,单位116,2025-11-15
510100000000004039,参保人4039,失业,正常参保,COMP0051,单位185,2026-07-07
510100000000004040,参保人4040,失业,正常参保,COMP0099,单位083,2025-10-12
510100000000004041,参保人4041,工伤,正常参保,COMP0140,单位046,2025-10-25
510100000000004042,参保人4042,失业,正常参保,COMP0032,单位047,2026-05-11
510100000000004043,参保人4043,居民医保,正常参保,COMP0023,单位074,2025-10-05
510100000000004044,参保人4044,居民养老,正常参保,COMP0126,单位029,2026-04-08
510100000000004045,参保人4045,居民医保,正常参保,COMP0133,单位148,2026-05-21
510100000000004046,参保人4046,工伤,正常参保,COMP0136,单位048,2025-10-31
510100000000004047,参保人4047,职工养老,正常参保,COMP0162,单位051,2025-12-18
510100000000004048,参保人4048,职工养老,正常参保,COMP0058,单位125,2025-09-30
510100000000004049,参保人4049,居民医保,正常参保,COMP0010,单位057,2026-03-07
510100000000004050,参保人4050,失业,正常参保,COMP0113,单位189,2026-04-17
510100000000004051,参保人4051,失业,正常参保,COMP0196,单位004,2025-12-28
510100000000004052,参保人4052,居民医保,暂停参保,COMP0171,单位062,2026-01-06
510100000000004053,参保人4053,工伤,正常参保,COMP0112,单位085,2026-08-03
510100000000004054,参保人4054,职工医保,正常参保,COMP0090,单位120,2025-12-07
510100000000004055,参保人4055,居民医保,正常参保,COMP0185,单位045,2026-03-14
510100000000004056,参保人4056,职工医保,正常参保,COMP0041,单位089,2026-01-01
510100000000004057,参保人4057,工伤,正常参保,COMP0042,单位035,2026-06-01
510100000000004058,参保人4058,职工养老,正常参保,COMP0099,单位050,2025-08-12
510100000000004059,参保人4059,失业,正常参保,COMP0079,单位045,2026-01-20
510100000000004060,参保人4060,职工养老,正常参保,COMP0193,单位122,2026-05-22
510100000000004061,参保人4061,工伤,正常参保,COMP0170,单位006,2026-01-22
510100000000004062,参保人4062,居民医保,正常参保,COMP0073,单位168,2025-10-14
510100000000004063,参保人4063,职工医保,正常参保,COMP0172,单位186,2025-08-12
510100000000004064,参保人4064,职工养老,正常参保,COMP0019,单位098,2025-08-20
510100000000004065,参保人4065,职工医保,正常参保,COMP0100,单位082,2026-03-02
510100000000004066,参保人4066,居民医保,正常参保,COMP0091,单位059,2025-10-02
510100000000004067,参保人4067,居民养老,正常参保,COMP0159,单位015,2026-04-08
510100000000004068,参保人4068,失业,正常参保,COMP0005,单位135,2025-11-06
510100000000004069,参保人4069,职工养老,终止参保,COMP0114,单位101,2026-07-10
510100000000004070,参保人4070,居民医保,正常参保,COMP0068,单位128,2025-09-08
510100000000004071,参保人4071,工伤,正常参保,COMP0173,单位119,2025-12-29
510100000000004072,参保人4072,居民医保,正常参保,COMP0002,单位127,2025-08-11
510100000000004073,参保人4073,居民医保,正常参保,COMP0008,单位186,2026-07-23
510100000000004074,参保人4074,职工医保,正常参保,COMP0023,单位194,2026-01-21
510100000000004075,参保人4075,工伤,正常参保,COMP0165,单位049,2026-06-04
510100000000004076,参保人4076,居民医保,正常参保,COMP0064,单位106,2025-09-11
510100000000004077,参保人4077,失业,正常参保,COMP0017,单位187,2026-03-19
510100000000004078,参保人4078,居民养老,正常参保,COMP0170,单位064,2025-12-05
510100000000004079,参保人4079,居民医保,正常参保,COMP0095,单位087,2026-01-20
510100000000004080,参保人4080,失业,正常参保,COMP0161,单位140,2026-05-23
510100000000004081,参保人4081,职工养老,正常参保,COMP0074,单位145,2026-06-18
510100000000004082,参保人4082,职工医保,正常参保,COMP0012,单位079,2026-07-23
510100000000004083,参保人4083,居民养老,正常参保,COMP0036,单位119,2025-09-20
510100000000004084,参保人4084,居民医保,终止参保,COMP0047,单位081,2026-06-29
510100000000004085,参保人4085,失业,正常参保,COMP0179,单位097,2025-10-29
510100000000004086,参保人4086,失业,正常参保,COMP0197,单位097,2025-11-23
510100000000004087,参保人4087,工伤,正常参保,COMP0037,单位002,2025-12-01
510100000000004088,参保人4088,工伤,正常参保,COMP0169,单位179,2026-02-13
510100000000004089,参保人4089,工伤,正常参保,COMP0069,单位066,2025-09-26
510100000000004090,参保人4090,居民养老,正常参保,COMP0117,单位010,2026-03-19
510100000000004091,参保人4091,居民养老,正常参保,COMP0015,单位046,2026-03-22
510100000000004092,参保人4092,失业,正常参保,COMP0077,单位136,2026-04-19
510100000000004093,参保人4093,职工医保,正常参保,COMP0091,单位168,2026-01-29
510100000000004094,参保人4094,职工医保,正常参保,COMP0035,单位042,2026-03-27
510100000000004095,参保人4095,职工养老,正常参保,COMP0190,单位032,2026-03-24
510100000000004096,参保人4096,工伤,正常参保,COMP0078,单位143,2025-12-16
510100000000004097,参保人4097,居民医保,正常参保,COMP0044,单位032,2025-12-19
510100000000004098,参保人4098,居民养老,正常参保,COMP0160,单位077,2026-01-12
510100000000004099,参保人4099,居民医保,正常参保,COMP0119,单位139,2026-02-28
510100000000004100,参保人4100,居民养老,终止参保,COMP0168,单位136,2025-12-07
510100000000004101,参保人4101,职工养老,正常参保,COMP0126,单位099,2025-12-11
510100000000004102,参保人4102,失业,正常参保,COMP0111,单位152,2026-07-21
510100000000004103,参保人4103,居民医保,终止参保,COMP0140,单位144,2025-11-20
510100000000004104,参保人4104,职工医保,正常参保,COMP0092,单位174,2025-09-10
510100000000004105,参保人4105,工伤,正常参保,COMP0153,单位103,2026-01-17
510100000000004106,参保人4106,职工医保,正常参保,COMP0156,单位164,2026-05-17
510100000000004107,参保人4107,失业,正常参保,COMP0067,单位072,2026-05-04
510100000000004108,参保人4108,职工养老,正常参保,COMP0078,单位067,2026-02-12
510100000000004109,参保人4109,职工医保,正常参保,COMP0063,单位046,2025-12-04
510100000000004110,参保人4110,职工养老,正常参保,COMP0071,单位110,2025-12-21
510100000000004111,参保人4111,居民医保,正常参保,COMP0041,单位007,2025-11-20
510100000000004112,参保人4112,职工医保,正常参保,COMP0134,单位082,2026-07-17
510100000000004113,参保人4113,职工养老,正常参保,COMP0184,单位105,2025-08-12
510100000000004114,参保人4114,职工养老,正常参保,COMP0160,单位194,2026-04-19
510100000000004115,参保人4115,工伤,正常参保,COMP0162,单位027,2026-06-08
510100000000004116,参保人4116,失业,正常参保,COMP0044,单位036,2026-07-19
510100000000004117,参保人4117,职工养老,正常参保,COMP0149,单位151,2025-12-28
510100000000004118,参保人4118,职工医保,暂停参保,COMP0155,单位098,2026-07-19
510100000000004119,参保人4119,职工医保,正常参保,COMP0028,单位064,2025-09-17
510100000000004120,参保人4120,职工养老,正常参保,COMP0102,单位176,2026-07-28
510100000000004121,参保人4121,工伤,正常参保,COMP0167,单位100,2025-12-22
510100000000004122,参保人4122,职工养老,正常参保,COMP0124,单位019,2025-09-09
510100000000004123,参保人4123,失业,正常参保,COMP0025,单位089,2026-05-07
510100000000004124,参保人4124,居民医保,正常参保,COMP0158,单位133,2026-05-18
510100000000004125,参保人4125,居民医保,正常参保,COMP0050,单位121,2026-03-26
510100000000004126,参保人4126,居民医保,正常参保,COMP0194,单位115,2025-11-23
510100000000004127,参保人4127,职工医保,正常参保,COMP0186,单位107,2026-02-08
510100000000004128,参保人4128,工伤,正常参保,COMP0087,单位129,2026-07-19
510100000000004129,参保人4129,失业,正常参保,COMP0130,单位056,2025-12-21
510100000000004130,参保人4130,职工医保,暂停参保,COMP0082,单位079,2026-03-10
510100000000004131,参保人4131,职工医保,正常参保,COMP0055,单位160,2025-09-25
510100000000004132,参保人4132,工伤,正常参保,COMP0156,单位156,2026-01-17
510100000000004133,参保人4133,居民养老,正常参保,COMP0085,单位086,2026-04-12
510100000000004134,参保人4134,居民医保,正常参保,COMP0119,单位199,2025-11-17
510100000000004135,参保人4135,居民养老,正常参保,COMP0075,单位058,2025-11-08
510100000000004136,参保人4136,职工养老,正常参保,COMP0051,单位075,2026-03-16
510100000000004137,参保人4137,居民养老,正常参保,COMP0040,单位067,2026-03-30
510100000000004138,参保人4138,居民养老,正常参保,COMP0180,单位152,2025-08-23
510100000000004139,参保人4139,失业,终止参保,COMP0082,单位078,2026-08-05
510100000000004140,参保人4140,职工医保,正常参保,COMP0034,单位041,2026-02-19
510100000000004141,参保人4141,职工养老,暂停参保,COMP0023,单位038,2026-02-16
510100000000004142,参保人4142,职工养老,正常参保,COMP0140,单位030,2025-08-29
510100000000004143,参保人4143,职工医保,正常参保,COMP0148,单位118,2026-08-01
510100000000004144,参保人4144,职工养老,终止参保,COMP0132,单位093,2025-11-29
510100000000004145,参保人4145,居民医保,正常参保,COMP0093,单位038,2026-03-31
510100000000004146,参保人4146,职工医保,正常参保,COMP0083,单位191,2026-03-17
510100000000004147,参保人4147,工伤,正常参保,COMP0021,单位131,2025-10-20
510100000000004148,参保人4148,职工医保,正常参保,COMP0144,单位184,2026-06-23
510100000000004149,参保人4149,职工养老,正常参保,COMP0178,单位012,2025-11-27
510100000000004150,参保人4150,居民养老,正常参保,COMP0177,单位021,2025-09-25
510100000000004151,参保人4151,居民养老,正常参保,COMP0167,单位177,2026-04-06
510100000000004152,参保人4152,居民医保,正常参保,COMP0100,单位154,2025-09-14
510100000000004153,参保人4153,失业,正常参保,COMP0088,单位024,2026-06-28
510100000000004154,参保人4154,居民养老,正常参保,COMP0136,单位182,2025-11-15
510100000000004155,参保人4155,职工养老,正常参保,COMP0021,单位095,2026-01-23
510100000000004156,参保人4156,居民养老,正常参保,COMP0016,单位107,2026-01-01
510100000000004157,参保人4157,工伤,正常参保,COMP0139,单位157,2025-09-06
510100000000004158,参保人4158,失业,正常参保,COMP0015,单位034,2026-06-08
510100000000004159,参保人4159,居民养老,正常参保,COMP0002,单位080,2026-07-19
510100000000004160,参保人4160,居民医保,正常参保,COMP0078,单位028,2026-06-20
510100000000004161,参保人4161,工伤,正常参保,COMP0177,单位109,2026-02-12
510100000000004162,参保人4162,职工医保,正常参保,COMP0100,单位029,2026-03-03
510100000000004163,参保人4163,居民医保,正常参保,COMP0023,单位027,2026-07-31
510100000000004164,参保人4164,职工医保,正常参保,COMP0109,单位068,2026-01-13
510100000000004165,参保人4165,居民医保,正常参保,COMP0187,单位172,2025-09-12
510100000000004166,参保人4166,工伤,正常参保,COMP0053,单位142,2026-01-20
510100000000004167,参保人4167,职工医保,正常参保,COMP0078,单位145,2026-02-16
510100000000004168,参保人4168,失业,正常参保,COMP0090,单位186,2026-03-04
510100000000004169,参保人4169,工伤,正常参保,COMP0009,单位115,2026-03-06
510100000000004170,参保人4170,居民医保,正常参保,COMP0081,单位128,2025-10-21
510100000000004171,参保人4171,职工养老,正常参保,COMP0013,单位133,2026-06-18
510100000000004172,参保人4172,居民医保,正常参保,COMP0157,单位112,2026-04-18
510100000000004173,参保人4173,居民医保,正常参保,COMP0057,单位001,2026-03-04
510100000000004174,参保人4174,职工医保,正常参保,COMP0047,单位078,2026-04-23
510100000000004175,参保人4175,居民医保,正常参保,COMP0159,单位198,2026-02-11
510100000000004176,参保人4176,工伤,正常参保,COMP0037,单位079,2026-03-17
510100000000004177,参保人4177,居民养老,正常参保,COMP0139,单位043,2026-03-09
510100000000004178,参保人4178,居民医保,正常参保,COMP0087,单位073,2026-04-25
510100000000004179,参保人4179,失业,正常参保,COMP0059,单位047,2026-03-02
510100000000004180,参保人4180,工伤,正常参保,COMP0065,单位059,2025-08-14
510100000000004181,参保人4181,职工养老,正常参保,COMP0146,单位091,2025-08-20
510100000000004182,参保人4182,居民医保,正常参保,COMP0032,单位048,2025-10-10
510100000000004183,参保人4183,失业,终止参保,COMP0100,单位046,2026-02-23
510100000000004184,参保人4184,失业,正常参保,COMP0121,单位088,2026-01-02
510100000000004185,参保人4185,工伤,正常参保,COMP0179,单位190,2026-02-25
510100000000004186,参保人4186,职工医保,正常参保,COMP0045,单位118,2026-01-23
510100000000004187,参保人4187,职工养老,正常参保,COMP0158,单位152,2026-01-25
510100000000004188,参保人4188,职工养老,正常参保,COMP0023,单位061,2025-11-11
510100000000004189,参保人4189,职工医保,正常参保,COMP0007,单位170,2026-02-22
510100000000004190,参保人4190,居民养老,正常参保,COMP0192,单位141,2026-01-03
510100000000004191,参保人4191,居民养老,终止参保,COMP0107,单位098,2025-12-20
510100000000004192,参保人4192,职工医保,正常参保,COMP0042,单位095,2025-11-26
510100000000004193,参保人4193,居民养老,正常参保,COMP0051,单位144,2026-02-21
510100000000004194,参保人4194,工伤,正常参保,COMP0087,单位053,2025-12-24
510100000000004195,参保人4195,职工医保,正常参保,COMP0106,单位006,2026-07-07
510100000000004196,参保人4196,工伤,正常参保,COMP0158,单位069,2026-03-25
510100000000004197,参保人4197,工伤,正常参保,COMP0004,单位178,2025-12-16
510100000000004198,参保人4198,职工养老,正常参保,COMP0065,单位027,2025-08-09
510100000000004199,参保人4199,居民医保,正常参保,COMP0017,单位032,2026-01-07
510100000000004200,参保人4200,职工养老,正常参保,COMP0034,单位035,2025-12-16
510100000000004201,参保人4201,失业,正常参保,COMP0050,单位174,2026-04-26
510100000000004202,参保人4202,职工医保,正常参保,COMP0089,单位155,2025-08-31
510100000000004203,参保人4203,职工养老,正常参保,COMP0153,单位057,2025-09-19
510100000000004204,参保人4204,居民养老,正常参保,COMP0114,单位118,2026-03-18
510100000000004205,参保人4205,居民医保,正常参保,COMP0034,单位101,2026-07-13
510100000000004206,参保人4206,失业,正常参保,COMP0012,单位126,2025-11-30
510100000000004207,参保人4207,失业,暂停参保,COMP0053,单位112,2026-06-25
510100000000004208,参保人4208,失业,正常参保,COMP0124,单位176,2026-06-01
510100000000004209,参保人4209,居民医保,正常参保,COMP0083,单位094,2026-04-24
510100000000004210,参保人4210,失业,正常参保,COMP0028,单位004,2026-03-22
510100000000004211,参保人4211,职工养老,正常参保,COMP0047,单位160,2026-07-29
510100000000004212,参保人4212,居民养老,正常参保,COMP0144,单位092,2026-03-11
510100000000004213,参保人4213,居民医保,正常参保,COMP0110,单位118,2025-08-16
510100000000004214,参保人4214,失业,正常参保,COMP0161,单位188,2026-02-19
510100000000004215,参保人4215,职工医保,正常参保,COMP0049,单位193,2025-10-13
510100000000004216,参保人4216,职工养老,正常参保,COMP0160,单位088,2026-04-08
510100000000004217,参保人4217,职工养老,正常参保,COMP0079,单位145,2025-12-08
510100000000004218,参保人4218,职工养老,正常参保,COMP0128,单位197,2026-06-10
510100000000004219,参保人4219,工伤,正常参保,COMP0179,单位185,2025-09-14
510100000000004220,参保人4220,工伤,正常参保,COMP0075,单位074,2026-04-08
510100000000004221,参保人4221,工伤,正常参保,COMP0041,单位097,2025-10-22
510100000000004222,参保人4222,职工养老,正常参保,COMP0062,单位019,2026-01-22
510100000000004223,参保人4223,工伤,正常参保,COMP0120,单位123,2025-12-03
510100000000004224,参保人4224,工伤,暂停参保,COMP0005,单位058,2025-09-26
510100000000004225,参保人4225,居民养老,正常参保,COMP0086,单位104,2026-03-17
510100000000004226,参保人4226,工伤,正常参保,COMP0038,单位107,2026-04-20
510100000000004227,参保人4227,工伤,正常参保,COMP0001,单位011,2025-09-27
510100000000004228,参保人4228,职工养老,正常参保,COMP0188,单位044,2026-08-01
510100000000004229,参保人4229,居民养老,正常参保,COMP0008,单位005,2025-08-10
510100000000004230,参保人4230,失业,正常参保,COMP0166,单位009,2026-01-07
510100000000004231,参保人4231,失业,正常参保,COMP0154,单位113,2025-08-25
510100000000004232,参保人4232,职工医保,正常参保,COMP0164,单位098,2026-01-11
510100000000004233,参保人4233,职工医保,正常参保,COMP0139,单位112,2026-01-27
510100000000004234,参保人4234,居民医保,正常参保,COMP0172,单位187,2026-06-18
510100000000004235,参保人4235,工伤,正常参保,COMP0157,单位124,2026-05-09
510100000000004236,参保人4236,职工养老,正常参保,COMP0153,单位147,2025-11-22
510100000000004237,参保人4237,职工养老,正常参保,COMP0190,单位091,2026-02-15
510100000000004238,参保人4238,居民养老,正常参保,COMP0069,单位166,2026-04-03
510100000000004239,参保人4239,工伤,正常参保,COMP0053,单位112,2026-03-01
510100000000004240,参保人4240,失业,正常参保,COMP0162,单位113,2026-03-17
510100000000004241,参保人4241,居民医保,正常参保,COMP0181,单位048,2026-07-07
510100000000004242,参保人4242,工伤,正常参保,COMP0159,单位070,2026-07-24
510100000000004243,参保人4243,居民医保,正常参保,COMP0016,单位025,2025-09-19
510100000000004244,参保人4244,失业,正常参保,COMP0103,单位098,2026-06-28
510100000000004245,参保人4245,职工养老,正常参保,COMP0089,单位100,2026-03-16
510100000000004246,参保人4246,职工医保,正常参保,COMP0077,单位059,2025-12-21
510100000000004247,参保人4247,职工养老,终止参保,COMP0139,单位001,2025-11-11
510100000000004248,参保人4248,失业,正常参保,COMP0018,单位078,2026-03-19
510100000000004249,参保人4249,居民医保,正常参保,COMP0116,单位113,2026-05-19
510100000000004250,参保人4250,职工养老,正常参保,COMP0051,单位155,2026-06-08
510100000000004251,参保人4251,职工医保,正常参保,COMP0127,单位161,2026-04-03
510100000000004252,参保人4252,职工医保,正常参保,COMP0041,单位085,2026-05-10
510100000000004253,参保人4253,居民医保,正常参保,COMP0033,单位020,2026-03-07
510100000000004254,参保人4254,居民医保,正常参保,COMP0012,单位160,2026-01-23
510100000000004255,参保人4255,职工养老,正常参保,COMP0091,单位197,2026-05-30
510100000000004256,参保人4256,居民医保,暂停参保,COMP0163,单位123,2026-01-05
510100000000004257,参保人4257,居民医保,正常参保,COMP0196,单位146,2025-12-17
510100000000004258,参保人4258,职工养老,正常参保,COMP0111,单位061,2025-08-09
510100000000004259,参保人4259,失业,暂停参保,COMP0074,单位048,2026-01-19
510100000000004260,参保人4260,居民医保,正常参保,COMP0135,单位083,2026-06-21
510100000000004261,参保人4261,失业,正常参保,COMP0125,单位077,2025-11-21
510100000000004262,参保人4262,工伤,暂停参保,COMP0166,单位179,2026-04-29
510100000000004263,参保人4263,工伤,正常参保,COMP0192,单位068,2025-12-08
510100000000004264,参保人4264,居民医保,正常参保,COMP0010,单位008,2025-11-12
510100000000004265,参保人4265,失业,正常参保,COMP0195,单位050,2025-10-15
510100000000004266,参保人4266,居民医保,终止参保,COMP0127,单位087,2026-05-22
510100000000004267,参保人4267,职工医保,正常参保,COMP0146,单位149,2026-04-18
510100000000004268,参保人4268,居民医保,正常参保,COMP0166,单位041,2026-03-23
510100000000004269,参保人4269,失业,正常参保,COMP0071,单位159,2026-01-03
510100000000004270,参保人4270,居民医保,正常参保,COMP0162,单位174,2026-04-27
510100000000004271,参保人4271,工伤,正常参保,COMP0189,单位166,2026-06-07
510100000000004272,参保人4272,居民医保,正常参保,COMP0174,单位113,2026-07-08
510100000000004273,参保人4273,职工养老,暂停参保,COMP0161,单位131,2025-09-02
510100000000004274,参保人4274,居民医保,正常参保,COMP0186,单位057,2025-12-10
510100000000004275,参保人4275,职工医保,正常参保,COMP0188,单位069,2025-09-26
510100000000004276,参保人4276,失业,正常参保,COMP0101,单位097,2026-03-07
510100000000004277,参保人4277,居民医保,正常参保,COMP0153,单位182,2026-05-26
510100000000004278,参保人4278,失业,正常参保,COMP0143,单位004,2025-12-13
510100000000004279,参保人4279,失业,正常参保,COMP0113,单位023,2026-03-24
510100000000004280,参保人4280,职工医保,正常参保,COMP0045,单位097,2026-07-05
510100000000004281,参保人4281,失业,正常参保,COMP0015,单位021,2026-04-03
510100000000004282,参保人4282,职工医保,正常参保,COMP0056,单位050,2026-03-25
510100000000004283,参保人4283,失业,正常参保,COMP0060,单位125,2026-04-13
510100000000004284,参保人4284,工伤,正常参保,COMP0088,单位105,2025-09-30
510100000000004285,参保人4285,职工医保,正常参保,COMP0096,单位168,2026-02-07
510100000000004286,参保人4286,居民养老,正常参保,COMP0130,单位149,2025-10-05
510100000000004287,参保人4287,职工医保,正常参保,COMP0137,单位099,2026-01-08
510100000000004288,参保人4288,居民医保,正常参保,COMP0030,单位065,2026-07-14
510100000000004289,参保人4289,职工养老,暂停参保,COMP0090,单位106,2026-02-16
510100000000004290,参保人4290,居民养老,正常参保,COMP0077,单位068,2025-08-07
510100000000004291,参保人4291,职工医保,终止参保,COMP0133,单位092,2026-05-11
510100000000004292,参保人4292,职工医保,正常参保,COMP0103,单位112,2026-06-22
510100000000004293,参保人4293,职工养老,正常参保,COMP0012,单位141,2025-09-21
510100000000004294,参保人4294,职工医保,正常参保,COMP0130,单位078,2025-12-10
510100000000004295,参保人4295,居民医保,正常参保,COMP0176,单位074,2026-03-29
510100000000004296,参保人4296,居民养老,正常参保,COMP0087,单位005,2025-12-08
510100000000004297,参保人4297,职工养老,正常参保,COMP0171,单位147,2025-11-10
510100000000004298,参保人4298,工伤,正常参保,COMP0028,单位149,2025-10-31
510100000000004299,参保人4299,失业,正常参保,COMP0017,单位150,2025-09-02
510100000000004300,参保人4300,工伤,正常参保,COMP0189,单位139,2026-06-07
510100000000004301,参保人4301,失业,正常参保,COMP0033,单位043,2026-04-17
510100000000004302,参保人4302,职工养老,正常参保,COMP0175,单位100,2026-07-15
510100000000004303,参保人4303,居民养老,正常参保,COMP0089,单位015,2025-12-13
510100000000004304,参保人4304,居民养老,正常参保,COMP0022,单位078,2025-09-13
510100000000004305,参保人4305,居民医保,正常参保,COMP0109,单位094,2025-09-05
510100000000004306,参保人4306,失业,正常参保,COMP0038,单位152,2025-12-22
510100000000004307,参保人4307,职工养老,正常参保,COMP0196,单位134,2025-10-29
510100000000004308,参保人4308,工伤,暂停参保,COMP0169,单位075,2025-10-17
510100000000004309,参保人4309,失业,正常参保,COMP0083,单位171,2026-03-17
510100000000004310,参保人4310,居民医保,正常参保,COMP0105,单位184,2025-10-24
510100000000004311,参保人4311,职工养老,正常参保,COMP0179,单位152,2026-06-10
510100000000004312,参保人4312,职工医保,正常参保,COMP0132,单位010,2026-05-26
510100000000004313,参保人4313,职工养老,正常参保,COMP0098,单位063,2026-07-19
510100000000004314,参保人4314,职工医保,正常参保,COMP0116,单位184,2025-11-03
510100000000004315,参保人4315,居民医保,正常参保,COMP0146,单位081,2025-09-19
510100000000004316,参保人4316,职工养老,正常参保,COMP0043,单位057,2025-10-18
510100000000004317,参保人4317,工伤,正常参保,COMP0119,单位164,2026-06-13
510100000000004318,参保人4318,失业,正常参保,COMP0015,单位144,2026-05-22
510100000000004319,参保人4319,职工医保,暂停参保,COMP0053,单位184,2025-11-17
510100000000004320,参保人4320,职工医保,正常参保,COMP0052,单位004,2025-10-12
510100000000004321,参保人4321,失业,正常参保,COMP0138,单位103,2026-07-31
510100000000004322,参保人4322,居民养老,正常参保,COMP0167,单位164,2025-08-07
510100000000004323,参保人4323,居民养老,正常参保,COMP0096,单位059,2025-12-19
510100000000004324,参保人4324,职工医保,正常参保,COMP0026,单位036,2026-02-17
510100000000004325,参保人4325,失业,终止参保,COMP0043,单位099,2026-01-15
510100000000004326,参保人4326,职工医保,终止参保,COMP0097,单位173,2025-10-10
510100000000004327,参保人4327,职工医保,正常参保,COMP0022,单位151,2025-08-26
510100000000004328,参保人4328,失业,正常参保,COMP0114,单位068,2026-02-09
510100000000004329,参保人4329,工伤,正常参保,COMP0057,单位055,2025-09-03
510100000000004330,参保人4330,职工养老,正常参保,COMP0102,单位172,2026-03-13
510100000000004331,参保人4331,失业,正常参保,COMP0148,单位025,2025-09-10
510100000000004332,参保人4332,工伤,正常参保,COMP0061,单位123,2026-06-13
510100000000004333,参保人4333,职工养老,正常参保,COMP0187,单位039,2026-02-03
510100000000004334,参保人4334,职工养老,正常参保,COMP0034,单位113,2025-12-20
510100000000004335,参保人4335,职工养老,正常参保,COMP0169,单位031,2026-03-05
510100000000004336,参保人4336,工伤,正常参保,COMP0182,单位137,2025-09-02
510100000000004337,参保人4337,居民医保,正常参保,COMP0010,单位187,2026-06-28
510100000000004338,参保人4338,失业,正常参保,COMP0135,单位004,2026-03-17
510100000000004339,参保人4339,居民养老,正常参保,COMP0006,单位073,2026-01-19
510100000000004340,参保人4340,居民养老,正常参保,COMP0077,单位019,2026-06-06
510100000000004341,参保人4341,居民医保,正常参保,COMP0172,单位127,2026-06-10
510100000000004342,参保人4342,职工医保,暂停参保,COMP0120,单位111,2025-09-09
510100000000004343,参保人4343,居民养老,正常参保,COMP0138,单位066,2026-01-20
510100000000004344,参保人4344,职工养老,正常参保,COMP0049,单位048,2026-04-14
510100000000004345,参保人4345,职工养老,正常参保,COMP0077,单位179,2026-03-15
510100000000004346,参保人4346,居民医保,正常参保,COMP0141,单位125,2025-11-12
510100000000004347,参保人4347,职工医保,正常参保,COMP0119,单位142,2025-11-29
510100000000004348,参保人4348,职工养老,正常参保,COMP0041,单位196,2026-04-14
510100000000004349,参保人4349,职工医保,正常参保,COMP0173,单位088,2026-05-01
510100000000004350,参保人4350,职工养老,正常参保,COMP0141,单位071,2026-03-23
510100000000004351,参保人4351,居民养老,正常参保,COMP0099,单位151,2026-02-13
510100000000004352,参保人4352,居民医保,正常参保,COMP0142,单位112,2025-09-11
510100000000004353,参保人4353,职工医保,正常参保,COMP0067,单位177,2026-06-18
510100000000004354,参保人4354,居民医保,正常参保,COMP0091,单位115,2026-06-11
510100000000004355,参保人4355,失业,正常参保,COMP0016,单位130,2025-11-11
510100000000004356,参保人4356,工伤,正常参保,COMP0043,单位054,2026-01-17
510100000000004357,参保人4357,职工医保,正常参保,COMP0137,单位073,2026-06-20
510100000000004358,参保人4358,居民医保,暂停参保,COMP0011,单位190,2025-09-01
510100000000004359,参保人4359,职工养老,终止参保,COMP0116,单位090,2026-05-25
510100000000004360,参保人4360,工伤,正常参保,COMP0181,单位157,2026-02-24
510100000000004361,参保人4361,职工养老,暂停参保,COMP0126,单位145,2026-02-12
510100000000004362,参保人4362,工伤,正常参保,COMP0182,单位119,2025-08-25
510100000000004363,参保人4363,居民医保,正常参保,COMP0108,单位127,2026-04-08
510100000000004364,参保人4364,职工医保,正常参保,COMP0195,单位006,2025-09-07
510100000000004365,参保人4365,失业,正常参保,COMP0116,单位102,2026-07-30
510100000000004366,参保人4366,居民医保,正常参保,COMP0078,单位112,2026-06-13
510100000000004367,参保人4367,职工养老,正常参保,COMP0184,单位088,2026-07-28
510100000000004368,参保人4368,居民养老,正常参保,COMP0034,单位164,2025-12-11
510100000000004369,参保人4369,工伤,终止参保,COMP0144,单位079,2026-07-20
510100000000004370,参保人4370,失业,正常参保,COMP0043,单位083,2025-12-02
510100000000004371,参保人4371,职工医保,正常参保,COMP0069,单位050,2025-11-12
510100000000004372,参保人4372,居民养老,正常参保,COMP0123,单位058,2025-09-02
510100000000004373,参保人4373,职工医保,正常参保,COMP0112,单位128,2026-07-02
510100000000004374,参保人4374,居民医保,正常参保,COMP0047,单位115,2025-11-25
510100000000004375,参保人4375,职工养老,暂停参保,COMP0124,单位181,2026-02-28
510100000000004376,参保人4376,失业,正常参保,COMP0096,单位107,2026-04-09
510100000000004377,参保人4377,工伤,正常参保,COMP0158,单位186,2026-07-06
510100000000004378,参保人4378,工伤,正常参保,COMP0179,单位011,2026-07-01
510100000000004379,参保人4379,职工医保,正常参保,COMP0019,单位183,2026-02-20
510100000000004380,参保人4380,工伤,正常参保,COMP0088,单位176,2026-07-27
510100000000004381,参保人4381,职工医保,正常参保,COMP0158,单位041,2026-08-04
510100000000004382,参保人4382,失业,正常参保,COMP0051,单位032,2026-06-20
510100000000004383,参保人4383,居民养老,正常参保,COMP0148,单位089,2026-04-20
510100000000004384,参保人4384,职工养老,正常参保,COMP0040,单位052,2026-04-17
510100000000004385,参保人4385,居民养老,正常参保,COMP0076,单位065,2026-06-06
510100000000004386,参保人4386,职工医保,正常参保,COMP0134,单位122,2025-09-10
510100000000004387,参保人4387,工伤,正常参保,COMP0040,单位089,2026-02-21
510100000000004388,参保人4388,居民养老,正常参保,COMP0063,单位192,2025-11-25
510100000000004389,参保人4389,居民养老,正常参保,COMP0029,单位023,2026-05-19
510100000000004390,参保人4390,工伤,正常参保,COMP0112,单位105,2025-10-10
510100000000004391,参保人4391,居民医保,正常参保,COMP0138,单位135,2026-05-10
510100000000004392,参保人4392,失业,正常参保,COMP0077,单位106,2026-02-14
510100000000004393,参保人4393,居民医保,正常参保,COMP0087,单位061,2025-08-08
510100000000004394,参保人4394,居民养老,正常参保,COMP0051,单位166,2026-07-26
510100000000004395,参保人4395,工伤,正常参保,COMP0182,单位167,2026-01-15
510100000000004396,参保人4396,职工养老,正常参保,COMP0030,单位105,2025-12-08
510100000000004397,参保人4397,职工养老,正常参保,COMP0031,单位153,2026-01-23
510100000000004398,参保人4398,居民医保,正常参保,COMP0013,单位191,2026-02-18
510100000000004399,参保人4399,工伤,正常参保,COMP0101,单位067,2025-09-05
510100000000004400,参保人4400,居民医保,正常参保,COMP0103,单位019,2026-07-06
510100000000004401,参保人4401,职工医保,正常参保,COMP0065,单位198,2026-07-11
510100000000004402,参保人4402,居民养老,正常参保,COMP0066,单位133,2026-05-17
510100000000004403,参保人4403,工伤,正常参保,COMP0072,单位098,2026-05-26
510100000000004404,参保人4404,失业,正常参保,COMP0016,单位133,2026-03-03
510100000000004405,参保人4405,工伤,正常参保,COMP0185,单位083,2025-12-16
510100000000004406,参保人4406,居民养老,正常参保,COMP0188,单位058,2025-11-21
510100000000004407,参保人4407,居民医保,正常参保,COMP0050,单位002,2025-11-09
510100000000004408,参保人4408,工伤,正常参保,COMP0188,单位096,2025-08-31
510100000000004409,参保人4409,职工医保,终止参保,COMP0111,单位180,2026-07-15
510100000000004410,参保人4410,职工养老,正常参保,COMP0107,单位041,2025-12-21
510100000000004411,参保人4411,职工医保,终止参保,COMP0025,单位110,2026-07-01
510100000000004412,参保人4412,工伤,正常参保,COMP0188,单位102,2025-08-18
510100000000004413,参保人4413,职工养老,暂停参保,COMP0137,单位069,2025-11-19
510100000000004414,参保人4414,职工医保,正常参保,COMP0147,单位158,2025-10-07
510100000000004415,参保人4415,居民医保,正常参保,COMP0149,单位031,2026-03-29
510100000000004416,参保人4416,职工医保,正常参保,COMP0193,单位062,2026-07-31
510100000000004417,参保人4417,职工养老,正常参保,COMP0139,单位111,2026-02-11
510100000000004418,参保人4418,职工养老,正常参保,COMP0190,单位114,2026-02-08
510100000000004419,参保人4419,居民医保,正常参保,COMP0092,单位075,2025-09-18
510100000000004420,参保人4420,工伤,正常参保,COMP0150,单位118,2026-02-23
510100000000004421,参保人4421,居民养老,正常参保,COMP0044,单位181,2026-05-22
510100000000004422,参保人4422,失业,正常参保,COMP0067,单位013,2026-05-07
510100000000004423,参保人4423,失业,正常参保,COMP0139,单位085,2025-12-06
510100000000004424,参保人4424,工伤,正常参保,COMP0017,单位048,2026-01-28
510100000000004425,参保人4425,职工医保,正常参保,COMP0193,单位162,2026-03-23
510100000000004426,参保人4426,工伤,正常参保,COMP0030,单位169,2025-10-08
510100000000004427,参保人4427,失业,正常参保,COMP0142,单位048,2025-11-25
510100000000004428,参保人4428,失业,正常参保,COMP0101,单位046,2026-05-29
510100000000004429,参保人4429,职工养老,正常参保,COMP0001,单位034,2026-04-20
510100000000004430,参保人4430,职工医保,正常参保,COMP0010,单位138,2026-06-24
510100000000004431,参保人4431,失业,正常参保,COMP0006,单位121,2026-03-08
510100000000004432,参保人4432,工伤,暂停参保,COMP0111,单位186,2025-08-11
510100000000004433,参保人4433,失业,正常参保,COMP0140,单位163,2026-05-28
510100000000004434,参保人4434,职工医保,正常参保,COMP0006,单位193,2026-01-31
510100000000004435,参保人4435,居民养老,正常参保,COMP0166,单位150,2026-04-02
510100000000004436,参保人4436,职工医保,正常参保,COMP0155,单位146,2025-11-06
510100000000004437,参保人4437,工伤,正常参保,COMP0190,单位142,2026-03-21
510100000000004438,参保人4438,居民医保,正常参保,COMP0017,单位179,2025-12-26
510100000000004439,参保人4439,失业,正常参保,COMP0093,单位134,2026-04-15
510100000000004440,参保人4440,职工医保,正常参保,COMP0139,单位109,2025-12-18
510100000000004441,参保人4441,居民医保,暂停参保,COMP0011,单位099,2026-01-12
510100000000004442,参保人4442,居民养老,正常参保,COMP0149,单位065,2026-05-06
510100000000004443,参保人4443,失业,终止参保,COMP0084,单位185,2026-01-11
510100000000004444,参保人4444,职工医保,暂停参保,COMP0145,单位059,2025-10-24
510100000000004445,参保人4445,失业,正常参保,COMP0055,单位007,2025-12-02
510100000000004446,参保人4446,居民医保,正常参保,COMP0098,单位012,2026-06-08
510100000000004447,参保人4447,居民养老,正常参保,COMP0155,单位140,2025-09-13
510100000000004448,参保人4448,失业,正常参保,COMP0163,单位060,2026-07-07
510100000000004449,参保人4449,工伤,正常参保,COMP0061,单位002,2026-01-29
510100000000004450,参保人4450,职工医保,正常参保,COMP0040,单位177,2025-10-23
510100000000004451,参保人4451,失业,暂停参保,COMP0088,单位141,2026-05-14
510100000000004452,参保人4452,失业,正常参保,COMP0128,单位013,2026-06-29
510100000000004453,参保人4453,居民医保,暂停参保,COMP0142,单位145,2025-10-31
510100000000004454,参保人4454,工伤,正常参保,COMP0191,单位034,2026-02-09
510100000000004455,参保人4455,失业,正常参保,COMP0118,单位149,2026-07-31
510100000000004456,参保人4456,居民医保,正常参保,COMP0080,单位030,2026-03-01
510100000000004457,参保人4457,工伤,正常参保,COMP0016,单位150,2025-10-15
510100000000004458,参保人4458,工伤,正常参保,COMP0078,单位016,2026-06-25
510100000000004459,参保人4459,居民养老,正常参保,COMP0015,单位172,2026-01-01
510100000000004460,参保人4460,职工医保,正常参保,COMP0044,单位020,2026-04-10
510100000000004461,参保人4461,失业,正常参保,COMP0112,单位123,2025-09-05
510100000000004462,参保人4462,居民养老,正常参保,COMP0083,单位031,2025-09-19
510100000000004463,参保人4463,居民医保,正常参保,COMP0068,单位193,2025-12-11
510100000000004464,参保人4464,居民医保,正常参保,COMP0173,单位058,2026-02-13
510100000000004465,参保人4465,居民医保,正常参保,COMP0164,单位129,2025-10-16
510100000000004466,参保人4466,居民医保,正常参保,COMP0106,单位001,2026-05-24
510100000000004467,参保人4467,居民医保,正常参保,COMP0199,单位151,2026-02-17
510100000000004468,参保人4468,失业,正常参保,COMP0155,单位184,2026-02-09
510100000000004469,参保人4469,失业,正常参保,COMP0062,单位071,2026-01-15
510100000000004470,参保人4470,职工养老,正常参保,COMP0111,单位133,2026-05-27
510100000000004471,参保人4471,失业,正常参保,COMP0100,单位071,2025-11-17
510100000000004472,参保人4472,居民医保,正常参保,COMP0072,单位076,2026-05-25
510100000000004473,参保人4473,失业,正常参保,COMP0102,单位094,2026-05-30
510100000000004474,参保人4474,职工医保,正常参保,COMP0185,单位062,2026-07-18
510100000000004475,参保人4475,职工医保,正常参保,COMP0154,单位044,2026-01-24
510100000000004476,参保人4476,失业,正常参保,COMP0107,单位125,2025-10-10
510100000000004477,参保人4477,职工养老,正常参保,COMP0162,单位088,2025-10-09
510100000000004478,参保人4478,工伤,正常参保,COMP0032,单位098,2025-12-03
510100000000004479,参保人4479,工伤,正常参保,COMP0029,单位048,2025-11-30
510100000000004480,参保人4480,居民医保,正常参保,COMP0153,单位072,2025-10-26
510100000000004481,参保人4481,居民养老,正常参保,COMP0153,单位023,2026-05-05
510100000000004482,参保人4482,居民医保,正常参保,COMP0160,单位117,2025-10-26
510100000000004483,参保人4483,职工医保,正常参保,COMP0185,单位039,2026-03-25
510100000000004484,参保人4484,失业,正常参保,COMP0136,单位096,2026-04-10
510100000000004485,参保人4485,失业,正常参保,COMP0102,单位110,2025-09-03
510100000000004486,参保人4486,职工医保,正常参保,COMP0021,单位138,2025-08-10
510100000000004487,参保人4487,居民养老,正常参保,COMP0123,单位136,2026-04-03
510100000000004488,参保人4488,职工养老,正常参保,COMP0040,单位051,2026-03-23
510100000000004489,参保人4489,失业,正常参保,COMP0081,单位172,2025-09-15
510100000000004490,参保人4490,失业,正常参保,COMP0080,单位121,2025-08-15
510100000000004491,参保人4491,工伤,正常参保,COMP0145,单位185,2026-04-03
510100000000004492,参保人4492,失业,暂停参保,COMP0180,单位022,2026-05-16
510100000000004493,参保人4493,职工养老,正常参保,COMP0078,单位095,2025-08-07
510100000000004494,参保人4494,居民医保,正常参保,COMP0103,单位101,2026-03-18
510100000000004495,参保人4495,职工医保,正常参保,COMP0063,单位199,2025-10-27
510100000000004496,参保人4496,失业,正常参保,COMP0046,单位028,2026-08-05
510100000000004497,参保人4497,职工医保,正常参保,COMP0180,单位132,2026-05-22
510100000000004498,参保人4498,居民医保,正常参保,COMP0115,单位165,2026-05-02
510100000000004499,参保人4499,职工医保,正常参保,COMP0035,单位002,2025-10-22
510100000000004500,参保人4500,居民养老,正常参保,COMP0138,单位081,2026-06-06
510100000000004501,参保人4501,职工养老,正常参保,COMP0121,单位059,2025-11-15
510100000000004502,参保人4502,工伤,正常参保,COMP0063,单位052,2025-11-01
510100000000004503,参保人4503,失业,正常参保,COMP0196,单位021,2025-10-12
510100000000004504,参保人4504,职工医保,正常参保,COMP0016,单位023,2026-05-12
510100000000004505,参保人4505,职工医保,正常参保,COMP0134,单位115,2025-09-26
510100000000004506,参保人4506,居民养老,正常参保,COMP0077,单位138,2025-11-17
510100000000004507,参保人4507,工伤,终止参保,COMP0173,单位086,2026-07-22
510100000000004508,参保人4508,居民养老,正常参保,COMP0139,单位087,2026-02-26
510100000000004509,参保人4509,居民养老,正常参保,COMP0167,单位044,2026-07-10
510100000000004510,参保人4510,居民医保,正常参保,COMP0068,单位092,2026-04-08
510100000000004511,参保人4511,居民养老,正常参保,COMP0016,单位053,2026-06-19
510100000000004512,参保人4512,居民养老,正常参保,COMP0084,单位154,2025-09-29
510100000000004513,参保人4513,居民医保,正常参保,COMP0120,单位073,2026-05-30
510100000000004514,参保人4514,职工医保,正常参保,COMP0098,单位002,2025-10-02
510100000000004515,参保人4515,居民养老,正常参保,COMP0148,单位158,2026-05-24
510100000000004516,参保人4516,居民医保,正常参保,COMP0187,单位194,2026-08-04
510100000000004517,参保人4517,职工医保,正常参保,COMP0007,单位112,2026-03-27
510100000000004518,参保人4518,居民医保,终止参保,COMP0054,单位061,2025-08-07
510100000000004519,参保人4519,工伤,正常参保,COMP0187,单位047,2026-06-20
510100000000004520,参保人4520,职工养老,正常参保,COMP0050,单位041,2026-07-16
510100000000004521,参保人4521,职工养老,正常参保,COMP0005,单位145,2025-08-15
510100000000004522,参保人4522,失业,正常参保,COMP0092,单位163,2026-02-20
510100000000004523,参保人4523,失业,正常参保,COMP0053,单位093,2026-07-28
510100000000004524,参保人4524,居民医保,终止参保,COMP0049,单位071,2026-03-02
510100000000004525,参保人4525,职工养老,正常参保,COMP0188,单位021,2025-10-29
510100000000004526,参保人4526,职工医保,正常参保,COMP0167,单位161,2025-10-15
510100000000004527,参保人4527,职工养老,正常参保,COMP0020,单位020,2025-09-11
510100000000004528,参保人4528,失业,正常参保,COMP0120,单位097,2026-04-09
510100000000004529,参保人4529,职工医保,正常参保,COMP0004,单位004,2026-03-17
510100000000004530,参保人4530,居民医保,正常参保,COMP0090,单位071,2026-02-28
510100000000004531,参保人4531,居民养老,终止参保,COMP0180,单位127,2026-07-06
510100000000004532,参保人4532,职工医保,正常参保,COMP0013,单位184,2025-08-20
510100000000004533,参保人4533,职工养老,正常参保,COMP0144,单位140,2026-01-17
510100000000004534,参保人4534,居民医保,正常参保,COMP0141,单位093,2025-10-31
510100000000004535,参保人4535,失业,正常参保,COMP0060,单位060,2026-01-05
510100000000004536,参保人4536,居民养老,正常参保,COMP0043,单位055,2026-02-20
510100000000004537,参保人4537,居民医保,正常参保,COMP0176,单位161,2026-01-23
510100000000004538,参保人4538,失业,正常参保,COMP0110,单位084,2025-08-26
510100000000004539,参保人4539,居民医保,正常参保,COMP0151,单位162,2026-03-17
510100000000004540,参保人4540,职工医保,正常参保,COMP0145,单位064,2026-01-07
510100000000004541,参保人4541,工伤,正常参保,COMP0108,单位037,2026-07-30
510100000000004542,参保人4542,失业,正常参保,COMP0021,单位189,2026-01-17
510100000000004543,参保人4543,失业,暂停参保,COMP0075,单位157,2026-03-07
510100000000004544,参保人4544,居民医保,正常参保,COMP0078,单位066,2026-02-06
510100000000004545,参保人4545,工伤,正常参保,COMP0158,单位146,2026-06-14
510100000000004546,参保人4546,居民养老,正常参保,COMP0053,单位083,2026-03-04
510100000000004547,参保人4547,居民养老,正常参保,COMP0015,单位064,2026-04-17
510100000000004548,参保人4548,失业,正常参保,COMP0064,单位033,2026-05-18
510100000000004549,参保人4549,工伤,正常参保,COMP0186,单位167,2026-01-14
510100000000004550,参保人4550,居民养老,正常参保,COMP0094,单位068,2025-08-29
510100000000004551,参保人4551,工伤,正常参保,COMP0085,单位134,2026-07-14
510100000000004552,参保人4552,工伤,暂停参保,COMP0083,单位102,2026-05-21
510100000000004553,参保人4553,居民医保,正常参保,COMP0184,单位120,2025-11-09
510100000000004554,参保人4554,职工养老,暂停参保,COMP0168,单位169,2026-01-22
510100000000004555,参保人4555,工伤,正常参保,COMP0067,单位161,2026-04-07
510100000000004556,参保人4556,工伤,正常参保,COMP0193,单位111,2026-03-15
510100000000004557,参保人4557,工伤,正常参保,COMP0064,单位126,2026-01-01
510100000000004558,参保人4558,居民养老,终止参保,COMP0141,单位013,2026-03-07
510100000000004559,参保人4559,失业,正常参保,COMP0086,单位021,2026-02-06
510100000000004560,参保人4560,失业,正常参保,COMP0196,单位111,2026-05-23
510100000000004561,参保人4561,职工医保,正常参保,COMP0152,单位007,2026-05-27
510100000000004562,参保人4562,职工医保,正常参保,COMP0129,单位131,2025-08-12
510100000000004563,参保人4563,居民养老,正常参保,COMP0097,单位046,2026-08-06
510100000000004564,参保人4564,失业,暂停参保,COMP0102,单位035,2026-01-15
510100000000004565,参保人4565,居民医保,正常参保,COMP0024,单位156,2025-11-02
510100000000004566,参保人4566,工伤,正常参保,COMP0013,单位100,2025-08-16
510100000000004567,参保人4567,失业,正常参保,COMP0087,单位078,2026-06-01
510100000000004568,参保人4568,职工养老,正常参保,COMP0185,单位193,2026-07-05
510100000000004569,参保人4569,职工养老,正常参保,COMP0164,单位198,2026-03-17
510100000000004570,参保人4570,居民养老,终止参保,COMP0024,单位027,2026-05-24
510100000000004571,参保人4571,职工医保,正常参保,COMP0161,单位041,2025-12-12
510100000000004572,参保人4572,工伤,正常参保,COMP0193,单位098,2026-03-14
510100000000004573,参保人4573,居民医保,正常参保,COMP0180,单位040,2026-01-26
510100000000004574,参保人4574,居民医保,暂停参保,COMP0196,单位032,2026-07-28
510100000000004575,参保人4575,职工养老,正常参保,COMP0009,单位069,2026-03-21
510100000000004576,参保人4576,职工养老,暂停参保,COMP0196,单位074,2026-04-26
510100000000004577,参保人4577,职工医保,正常参保,COMP0177,单位152,2026-02-27
510100000000004578,参保人4578,职工医保,正常参保,COMP0002,单位055,2026-03-21
510100000000004579,参保人4579,职工养老,正常参保,COMP0170,单位061,2026-05-13
510100000000004580,参保人4580,职工养老,正常参保,COMP0103,单位066,2025-11-23
510100000000004581,参保人4581,居民养老,正常参保,COMP0119,单位134,2026-06-13
510100000000004582,参保人4582,居民养老,正常参保,COMP0051,单位174,2026-02-25
510100000000004583,参保人4583,居民养老,正常参保,COMP0068,单位107,2026-06-01
510100000000004584,参保人4584,居民医保,正常参保,COMP0186,单位001,2025-08-14
510100000000004585,参保人4585,职工养老,正常参保,COMP0088,单位197,2026-05-07
510100000000004586,参保人4586,居民医保,正常参保,COMP0160,单位173,2026-07-05
510100000000004587,参保人4587,居民医保,正常参保,COMP0177,单位161,2026-01-23
510100000000004588,参保人4588,居民养老,正常参保,COMP0053,单位044,2025-09-05
510100000000004589,参保人4589,失业,正常参保,COMP0138,单位014,2025-08-13
510100000000004590,参保人4590,居民养老,正常参保,COMP0088,单位146,2026-07-22
510100000000004591,参保人4591,职工医保,正常参保,COMP0041,单位025,2026-04-03
510100000000004592,参保人4592,居民养老,暂停参保,COMP0084,单位146,2025-09-17
510100000000004593,参保人4593,居民养老,正常参保,COMP0067,单位146,2026-07-20
510100000000004594,参保人4594,职工养老,正常参保,COMP0118,单位026,2025-11-26
510100000000004595,参保人4595,工伤,正常参保,COMP0088,单位015,2025-08-25
510100000000004596,参保人4596,居民养老,正常参保,COMP0064,单位199,2025-11-24
510100000000004597,参保人4597,失业,正常参保,COMP0045,单位035,2026-07-12
510100000000004598,参保人4598,工伤,正常参保,COMP0131,单位029,2025-09-21
510100000000004599,参保人4599,居民养老,正常参保,COMP0164,单位113,2026-03-21
510100000000004600,参保人4600,失业,正常参保,COMP0067,单位108,2026-05-13
510100000000004601,参保人4601,工伤,正常参保,COMP0054,单位093,2025-09-16
510100000000004602,参保人4602,居民医保,正常参保,COMP0117,单位009,2026-01-06
510100000000004603,参保人4603,工伤,正常参保,COMP0102,单位196,2026-06-10
510100000000004604,参保人4604,失业,暂停参保,COMP0113,单位180,2025-08-10
510100000000004605,参保人4605,职工养老,正常参保,COMP0160,单位183,2025-08-19
510100000000004606,参保人4606,失业,正常参保,COMP0136,单位106,2026-05-28
510100000000004607,参保人4607,工伤,正常参保,COMP0021,单位111,2025-12-26
510100000000004608,参保人4608,职工养老,正常参保,COMP0002,单位189,2025-08-08
510100000000004609,参保人4609,职工医保,正常参保,COMP0048,单位091,2026-02-04
510100000000004610,参保人4610,职工医保,正常参保,COMP0012,单位166,2026-03-14
510100000000004611,参保人4611,居民医保,暂停参保,COMP0037,单位070,2026-02-19
510100000000004612,参保人4612,居民医保,正常参保,COMP0041,单位175,2026-03-18
510100000000004613,参保人4613,职工医保,正常参保,COMP0183,单位053,2026-04-11
510100000000004614,参保人4614,工伤,正常参保,COMP0190,单位136,2026-05-22
510100000000004615,参保人4615,居民医保,正常参保,COMP0018,单位099,2026-01-14
510100000000004616,参保人4616,职工养老,正常参保,COMP0083,单位050,2025-10-30
510100000000004617,参保人4617,失业,暂停参保,COMP0164,单位068,2026-06-12
510100000000004618,参保人4618,居民医保,正常参保,COMP0059,单位048,2025-12-11
510100000000004619,参保人4619,居民养老,终止参保,COMP0088,单位025,2025-12-30
510100000000004620,参保人4620,职工养老,正常参保,COMP0186,单位066,2026-05-19
510100000000004621,参保人4621,工伤,正常参保,COMP0103,单位129,2025-11-03
510100000000004622,参保人4622,失业,正常参保,COMP0011,单位022,2026-04-18
510100000000004623,参保人4623,工伤,正常参保,COMP0089,单位131,2026-03-02
510100000000004624,参保人4624,工伤,正常参保,COMP0087,单位118,2025-09-13
510100000000004625,参保人4625,失业,正常参保,COMP0178,单位103,2026-03-01
510100000000004626,参保人4626,工伤,正常参保,COMP0164,单位105,2026-05-26
510100000000004627,参保人4627,工伤,正常参保,COMP0089,单位089,2026-05-23
510100000000004628,参保人4628,工伤,正常参保,COMP0116,单位139,2025-12-09
510100000000004629,参保人4629,工伤,正常参保,COMP0053,单位142,2025-09-21
510100000000004630,参保人4630,居民医保,正常参保,COMP0036,单位010,2025-10-29
510100000000004631,参保人4631,居民养老,正常参保,COMP0062,单位079,2026-07-29
510100000000004632,参保人4632,居民医保,正常参保,COMP0140,单位060,2025-09-01
510100000000004633,参保人4633,失业,正常参保,COMP0016,单位029,2025-10-20
510100000000004634,参保人4634,职工养老,终止参保,COMP0119,单位053,2025-11-04
510100000000004635,参保人4635,职工养老,正常参保,COMP0008,单位122,2026-06-26
510100000000004636,参保人4636,工伤,正常参保,COMP0111,单位016,2026-05-30
510100000000004637,参保人4637,工伤,正常参保,COMP0179,单位006,2025-10-22
510100000000004638,参保人4638,失业,正常参保,COMP0063,单位005,2026-04-08
510100000000004639,参保人4639,居民医保,正常参保,COMP0107,单位180,2026-07-22
510100000000004640,参保人4640,职工养老,正常参保,COMP0053,单位077,2025-12-25
510100000000004641,参保人4641,工伤,正常参保,COMP0174,单位098,2025-08-18
510100000000004642,参保人4642,职工养老,正常参保,COMP0059,单位178,2025-10-29
510100000000004643,参保人4643,职工养老,终止参保,COMP0047,单位005,2026-06-06
510100000000004644,参保人4644,居民养老,正常参保,COMP0133,单位138,2025-09-05
510100000000004645,参保人4645,职工医保,正常参保,COMP0153,单位158,2025-11-10
510100000000004646,参保人4646,失业,正常参保,COMP0156,单位019,2025-08-14
510100000000004647,参保人4647,居民医保,正常参保,COMP0079,单位139,2026-05-01
510100000000004648,参保人4648,职工医保,正常参保,COMP0198,单位017,2026-03-04
510100000000004649,参保人4649,居民医保,暂停参保,COMP0183,单位010,2026-03-11
510100000000004650,参保人4650,居民医保,正常参保,COMP0095,单位107,2025-10-22
510100000000004651,参保人4651,居民医保,正常参保,COMP0189,单位190,2026-03-31
510100000000004652,参保人4652,工伤,正常参保,COMP0192,单位087,2025-12-01
510100000000004653,参保人4653,职工医保,正常参保,COMP0001,单位021,2025-11-02
510100000000004654,参保人4654,失业,正常参保,COMP0065,单位179,2026-01-17
510100000000004655,参保人4655,居民养老,正常参保,COMP0029,单位180,2026-02-14
510100000000004656,参保人4656,工伤,正常参保,COMP0111,单位175,2026-03-07
510100000000004657,参保人4657,居民养老,正常参保,COMP0041,单位193,2025-12-10
510100000000004658,参保人4658,居民医保,正常参保,COMP0048,单位130,2026-01-11
510100000000004659,参保人4659,工伤,终止参保,COMP0144,单位163,2026-04-18
510100000000004660,参保人4660,失业,正常参保,COMP0132,单位113,2025-09-17
510100000000004661,参保人4661,职工养老,正常参保,COMP0161,单位078,2026-05-24
510100000000004662,参保人4662,职工医保,正常参保,COMP0007,单位113,2026-07-02
510100000000004663,参保人4663,居民医保,正常参保,COMP0018,单位134,2025-12-30
510100000000004664,参保人4664,失业,正常参保,COMP0169,单位191,2026-07-13
510100000000004665,参保人4665,职工医保,正常参保,COMP0033,单位087,2025-09-12
510100000000004666,参保人4666,失业,正常参保,COMP0194,单位137,2025-09-18
510100000000004667,参保人4667,职工医保,正常参保,COMP0093,单位108,2026-02-05
510100000000004668,参保人4668,居民医保,正常参保,COMP0163,单位196,2026-03-18
510100000000004669,参保人4669,工伤,正常参保,COMP0103,单位199,2026-01-19
510100000000004670,参保人4670,居民医保,正常参保,COMP0147,单位066,2026-01-26
510100000000004671,参保人4671,居民医保,正常参保,COMP0141,单位106,2026-03-08
510100000000004672,参保人4672,失业,正常参保,COMP0038,单位097,2026-04-21
510100000000004673,参保人4673,居民医保,正常参保,COMP0110,单位079,2025-11-28
510100000000004674,参保人4674,居民养老,正常参保,COMP0129,单位003,2025-11-10
510100000000004675,参保人4675,职工医保,正常参保,COMP0070,单位069,2025-12-12
510100000000004676,参保人4676,职工养老,正常参保,COMP0048,单位094,2025-09-06
510100000000004677,参保人4677,工伤,正常参保,COMP0144,单位185,2026-03-22
510100000000004678,参保人4678,职工养老,正常参保,COMP0164,单位132,2026-05-24
510100000000004679,参保人4679,职工医保,正常参保,COMP0028,单位121,2025-11-25
510100000000004680,参保人4680,职工医保,正常参保,COMP0134,单位123,2025-10-06
510100000000004681,参保人4681,职工养老,正常参保,COMP0150,单位104,2026-02-12
510100000000004682,参保人4682,工伤,正常参保,COMP0033,单位184,2026-03-03
510100000000004683,参保人4683,工伤,正常参保,COMP0018,单位175,2025-12-06
510100000000004684,参保人4684,工伤,正常参保,COMP0190,单位074,2026-05-03
510100000000004685,参保人4685,职工医保,正常参保,COMP0131,单位150,2026-03-05
510100000000004686,参保人4686,职工养老,正常参保,COMP0002,单位075,2026-02-14
510100000000004687,参保人4687,居民医保,正常参保,COMP0186,单位135,2026-03-17
510100000000004688,参保人4688,居民医保,正常参保,COMP0128,单位166,2026-07-11
510100000000004689,参保人4689,失业,正常参保,COMP0129,单位021,2026-05-20
510100000000004690,参保人4690,失业,暂停参保,COMP0008,单位083,2025-11-21
510100000000004691,参保人4691,居民养老,正常参保,COMP0121,单位042,2026-06-18
510100000000004692,参保人4692,居民医保,正常参保,COMP0050,单位030,2025-10-16
510100000000004693,参保人4693,居民养老,正常参保,COMP0059,单位076,2026-01-03
510100000000004694,参保人4694,居民养老,正常参保,COMP0048,单位142,2026-05-18
510100000000004695,参保人4695,职工医保,正常参保,COMP0077,单位137,2025-11-03
510100000000004696,参保人4696,职工医保,正常参保,COMP0016,单位144,2025-11-29
510100000000004697,参保人4697,居民养老,正常参保,COMP0184,单位080,2026-06-11
510100000000004698,参保人4698,失业,正常参保,COMP0174,单位166,2026-05-15
510100000000004699,参保人4699,工伤,正常参保,COMP0127,单位169,2025-08-18
510100000000004700,参保人4700,失业,正常参保,COMP0093,单位067,2025-09-11
510100000000004701,参保人4701,居民养老,正常参保,COMP0155,单位160,2026-02-04
510100000000004702,参保人4702,居民医保,正常参保,COMP0145,单位186,2025-08-19
510100000000004703,参保人4703,失业,正常参保,COMP0018,单位072,2025-08-27
510100000000004704,参保人4704,居民医保,正常参保,COMP0020,单位028,2026-01-26
510100000000004705,参保人4705,居民养老,正常参保,COMP0185,单位047,2026-07-25
510100000000004706,参保人4706,居民医保,正常参保,COMP0095,单位193,2025-11-08
510100000000004707,参保人4707,工伤,正常参保,COMP0117,单位010,2026-06-30
510100000000004708,参保人4708,居民养老,暂停参保,COMP0074,单位182,2025-12-24
510100000000004709,参保人4709,职工养老,正常参保,COMP0198,单位092,2025-09-26
510100000000004710,参保人4710,工伤,正常参保,COMP0012,单位050,2025-09-28
510100000000004711,参保人4711,居民医保,正常参保,COMP0182,单位194,2025-11-16
510100000000004712,参保人4712,居民医保,正常参保,COMP0137,单位188,2026-04-09
510100000000004713,参保人4713,居民医保,正常参保,COMP0072,单位131,2025-11-11
510100000000004714,参保人4714,职工医保,暂停参保,COMP0052,单位062,2026-04-10
510100000000004715,参保人4715,工伤,正常参保,COMP0095,单位125,2025-11-25
510100000000004716,参保人4716,工伤,正常参保,COMP0063,单位095,2025-09-04
510100000000004717,参保人4717,职工医保,正常参保,COMP0147,单位067,2026-06-22
510100000000004718,参保人4718,失业,正常参保,COMP0113,单位093,2025-12-18
510100000000004719,参保人4719,居民医保,正常参保,COMP0049,单位023,2026-06-06
510100000000004720,参保人4720,职工养老,正常参保,COMP0118,单位184,2026-05-11
510100000000004721,参保人4721,职工医保,正常参保,COMP0153,单位009,2025-11-12
510100000000004722,参保人4722,职工养老,正常参保,COMP0156,单位008,2026-01-17
510100000000004723,参保人4723,职工医保,正常参保,COMP0036,单位125,2026-06-18
510100000000004724,参保人4724,职工养老,正常参保,COMP0188,单位067,2025-10-02
510100000000004725,参保人4725,居民医保,终止参保,COMP0145,单位053,2026-04-15
510100000000004726,参保人4726,职工养老,正常参保,COMP0070,单位047,2026-01-20
510100000000004727,参保人4727,居民养老,正常参保,COMP0020,单位037,2026-01-16
510100000000004728,参保人4728,居民医保,正常参保,COMP0036,单位133,2026-06-04
510100000000004729,参保人4729,失业,正常参保,COMP0046,单位168,2026-04-19
510100000000004730,参保人4730,失业,正常参保,COMP0028,单位087,2025-10-20
510100000000004731,参保人4731,职工医保,正常参保,COMP0009,单位009,2026-07-16
510100000000004732,参保人4732,居民医保,正常参保,COMP0186,单位070,2026-02-05
510100000000004733,参保人4733,工伤,终止参保,COMP0147,单位161,2026-01-17
510100000000004734,参保人4734,职工医保,正常参保,COMP0140,单位043,2025-12-29
510100000000004735,参保人4735,职工医保,正常参保,COMP0029,单位183,2026-06-24
510100000000004736,参保人4736,工伤,正常参保,COMP0188,单位134,2025-11-17
510100000000004737,参保人4737,失业,正常参保,COMP0054,单位046,2025-11-20
510100000000004738,参保人4738,职工养老,正常参保,COMP0091,单位061,2026-02-22
510100000000004739,参保人4739,工伤,正常参保,COMP0013,单位162,2025-08-28
510100000000004740,参保人4740,职工医保,正常参保,COMP0008,单位083,2025-11-15
510100000000004741,参保人4741,居民养老,正常参保,COMP0124,单位146,2025-10-13
510100000000004742,参保人4742,职工医保,正常参保,COMP0161,单位089,2025-09-08
510100000000004743,参保人4743,失业,正常参保,COMP0164,单位097,2026-01-06
510100000000004744,参保人4744,居民医保,正常参保,COMP0100,单位145,2026-07-28
510100000000004745,参保人4745,居民养老,正常参保,COMP0142,单位169,2026-03-30
510100000000004746,参保人4746,职工养老,正常参保,COMP0089,单位001,2026-03-30
510100000000004747,参保人4747,职工养老,正常参保,COMP0179,单位138,2025-11-05
510100000000004748,参保人4748,居民医保,正常参保,COMP0141,单位176,2025-11-24
510100000000004749,参保人4749,居民医保,正常参保,COMP0184,单位178,2026-05-04
510100000000004750,参保人4750,工伤,正常参保,COMP0187,单位167,2026-06-11
510100000000004751,参保人4751,居民医保,正常参保,COMP0070,单位082,2026-06-19
510100000000004752,参保人4752,居民养老,正常参保,COMP0091,单位005,2026-01-17
510100000000004753,参保人4753,居民医保,正常参保,COMP0057,单位186,2026-05-07
510100000000004754,参保人4754,居民养老,正常参保,COMP0178,单位165,2026-04-17
510100000000004755,参保人4755,居民养老,正常参保,COMP0122,单位109,2025-08-24
510100000000004756,参保人4756,失业,正常参保,COMP0045,单位060,2026-02-03
510100000000004757,参保人4757,失业,正常参保,COMP0037,单位014,2025-08-21
510100000000004758,参保人4758,居民养老,终止参保,COMP0172,单位102,2026-01-08
510100000000004759,参保人4759,居民医保,正常参保,COMP0023,单位192,2025-10-27
510100000000004760,参保人4760,居民养老,正常参保,COMP0188,单位018,2026-06-19
510100000000004761,参保人4761,职工养老,正常参保,COMP0006,单位053,2025-10-30
510100000000004762,参保人4762,职工养老,正常参保,COMP0133,单位193,2025-11-16
510100000000004763,参保人4763,职工养老,正常参保,COMP0123,单位133,2025-12-03
510100000000004764,参保人4764,居民养老,暂停参保,COMP0129,单位094,2025-09-29
510100000000004765,参保人4765,工伤,正常参保,COMP0003,单位022,2026-06-12
510100000000004766,参保人4766,居民医保,正常参保,COMP0176,单位116,2026-05-15
510100000000004767,参保人4767,失业,正常参保,COMP0066,单位010,2026-01-20
510100000000004768,参保人4768,职工养老,正常参保,COMP0123,单位137,2026-06-14
510100000000004769,参保人4769,失业,正常参保,COMP0137,单位009,2026-04-28
510100000000004770,参保人4770,职工养老,正常参保,COMP0153,单位110,2025-09-19
510100000000004771,参保人4771,居民医保,正常参保,COMP0083,单位187,2026-03-26
510100000000004772,参保人4772,失业,正常参保,COMP0039,单位176,2026-07-25
510100000000004773,参保人4773,职工养老,正常参保,COMP0184,单位041,2026-02-04
510100000000004774,参保人4774,职工养老,正常参保,COMP0081,单位195,2025-10-21
510100000000004775,参保人4775,居民养老,正常参保,COMP0070,单位011,2025-10-28
510100000000004776,参保人4776,居民医保,正常参保,COMP0054,单位055,2025-12-17
510100000000004777,参保人4777,工伤,正常参保,COMP0115,单位162,2026-04-09
510100000000004778,参保人4778,职工医保,正常参保,COMP0176,单位054,2026-03-14
510100000000004779,参保人4779,职工养老,正常参保,COMP0129,单位006,2026-07-19
510100000000004780,参保人4780,失业,正常参保,COMP0123,单位136,2026-01-22
510100000000004781,参保人4781,居民养老,正常参保,COMP0047,单位085,2025-10-27
510100000000004782,参保人4782,失业,正常参保,COMP0120,单位136,2026-04-13
510100000000004783,参保人4783,工伤,正常参保,COMP0034,单位020,2026-01-11
510100000000004784,参保人4784,居民医保,正常参保,COMP0043,单位010,2026-05-05
510100000000004785,参保人4785,失业,正常参保,COMP0127,单位185,2026-04-22
510100000000004786,参保人4786,职工医保,正常参保,COMP0175,单位084,2026-01-10
510100000000004787,参保人4787,职工养老,正常参保,COMP0164,单位026,2026-01-13
510100000000004788,参保人4788,职工养老,正常参保,COMP0185,单位114,2026-05-20
510100000000004789,参保人4789,工伤,正常参保,COMP0045,单位050,2025-09-21
510100000000004790,参保人4790,居民医保,正常参保,COMP0095,单位062,2026-03-18
510100000000004791,参保人4791,居民医保,暂停参保,COMP0100,单位111,2026-04-25
510100000000004792,参保人4792,失业,正常参保,COMP0157,单位027,2026-05-14
510100000000004793,参保人4793,职工医保,正常参保,COMP0186,单位079,2026-01-03
510100000000004794,参保人4794,职工医保,正常参保,COMP0144,单位100,2025-09-10
510100000000004795,参保人4795,职工医保,正常参保,COMP0067,单位019,2026-04-24
510100000000004796,参保人4796,职工养老,正常参保,COMP0188,单位164,2025-11-13
510100000000004797,参保人4797,职工养老,正常参保,COMP0183,单位054,2026-07-21
510100000000004798,参保人4798,失业,正常参保,COMP0024,单位145,2025-10-07
510100000000004799,参保人4799,居民养老,正常参保,COMP0198,单位007,2026-07-27
510100000000004800,参保人4800,居民养老,正常参保,COMP0133,单位128,2026-03-12
510100000000004801,参保人4801,失业,正常参保,COMP0186,单位079,2025-08-26
510100000000004802,参保人4802,职工医保,正常参保,COMP0024,单位131,2026-04-07
510100000000004803,参保人4803,居民养老,正常参保,COMP0071,单位150,2026-07-24
510100000000004804,参保人4804,工伤,正常参保,COMP0138,单位199,2025-10-28
510100000000004805,参保人4805,居民养老,正常参保,COMP0071,单位080,2026-03-06
510100000000004806,参保人4806,职工养老,正常参保,COMP0087,单位008,2025-11-22
510100000000004807,参保人4807,职工医保,正常参保,COMP0186,单位123,2026-05-03
510100000000004808,参保人4808,工伤,正常参保,COMP0136,单位187,2026-08-05
510100000000004809,参保人4809,失业,正常参保,COMP0101,单位148,2025-10-26
510100000000004810,参保人4810,职工医保,正常参保,COMP0105,单位150,2025-11-18
510100000000004811,参保人4811,失业,终止参保,COMP0031,单位190,2025-11-12
510100000000004812,参保人4812,居民养老,正常参保,COMP0144,单位025,2026-05-08
510100000000004813,参保人4813,居民养老,正常参保,COMP0045,单位111,2026-05-19
510100000000004814,参保人4814,居民养老,正常参保,COMP0177,单位161,2026-01-05
510100000000004815,参保人4815,居民医保,正常参保,COMP0112,单位097,2025-10-28
510100000000004816,参保人4816,居民医保,正常参保,COMP0078,单位153,2025-08-28
510100000000004817,参保人4817,失业,正常参保,COMP0054,单位087,2025-11-19
510100000000004818,参保人4818,居民养老,正常参保,COMP0054,单位164,2026-01-22
510100000000004819,参保人4819,失业,终止参保,COMP0132,单位074,2025-09-20
510100000000004820,参保人4820,工伤,正常参保,COMP0037,单位067,2026-04-18
510100000000004821,参保人4821,职工养老,正常参保,COMP0125,单位087,2025-10-08
510100000000004822,参保人4822,职工养老,正常参保,COMP0148,单位013,2025-10-11
510100000000004823,参保人4823,工伤,正常参保,COMP0126,单位138,2026-06-19
510100000000004824,参保人4824,居民养老,正常参保,COMP0078,单位130,2026-01-25
510100000000004825,参保人4825,职工医保,正常参保,COMP0068,单位037,2026-01-18
510100000000004826,参保人4826,工伤,正常参保,COMP0083,单位041,2026-02-09
510100000000004827,参保人4827,居民医保,正常参保,COMP0040,单位048,2026-04-16
510100000000004828,参保人4828,居民养老,正常参保,COMP0108,单位060,2026-04-15
510100000000004829,参保人4829,工伤,终止参保,COMP0006,单位014,2026-01-21
510100000000004830,参保人4830,失业,正常参保,COMP0140,单位062,2025-10-28
510100000000004831,参保人4831,失业,正常参保,COMP0012,单位136,2025-09-11
510100000000004832,参保人4832,居民养老,正常参保,COMP0136,单位045,2025-12-29
510100000000004833,参保人4833,居民养老,正常参保,COMP0147,单位145,2025-08-13
510100000000004834,参保人4834,居民养老,正常参保,COMP0123,单位116,2026-03-03
510100000000004835,参保人4835,失业,正常参保,COMP0013,单位093,2025-12-31
510100000000004836,参保人4836,失业,正常参保,COMP0029,单位037,2026-04-26
510100000000004837,参保人4837,职工养老,正常参保,COMP0024,单位142,2025-12-11
510100000000004838,参保人4838,工伤,正常参保,COMP0125,单位053,2026-05-11
510100000000004839,参保人4839,居民医保,暂停参保,COMP0158,单位188,2025-11-24
510100000000004840,参保人4840,职工医保,暂停参保,COMP0156,单位106,2025-10-29
510100000000004841,参保人4841,居民医保,正常参保,COMP0136,单位146,2025-09-27
510100000000004842,参保人4842,工伤,正常参保,COMP0093,单位049,2026-02-12
510100000000004843,参保人4843,居民医保,正常参保,COMP0065,单位033,2026-06-18
510100000000004844,参保人4844,居民养老,正常参保,COMP0117,单位164,2025-12-27
510100000000004845,参保人4845,失业,正常参保,COMP0131,单位006,2026-02-15
510100000000004846,参保人4846,工伤,终止参保,COMP0065,单位134,2026-07-14
510100000000004847,参保人4847,工伤,正常参保,COMP0179,单位100,2025-08-14
510100000000004848,参保人4848,工伤,正常参保,COMP0029,单位101,2025-08-07
510100000000004849,参保人4849,职工医保,正常参保,COMP0035,单位055,2026-03-07
510100000000004850,参保人4850,职工养老,正常参保,COMP0096,单位123,2026-07-26
510100000000004851,参保人4851,居民养老,正常参保,COMP0067,单位145,2026-06-03
510100000000004852,参保人4852,居民医保,正常参保,COMP0084,单位185,2026-04-24
510100000000004853,参保人4853,居民医保,正常参保,COMP0016,单位021,2025-09-08
510100000000004854,参保人4854,职工养老,正常参保,COMP0054,单位032,2026-04-15
510100000000004855,参保人4855,失业,正常参保,COMP0114,单位166,2026-02-06
510100000000004856,参保人4856,居民养老,正常参保,COMP0110,单位103,2025-09-08
510100000000004857,参保人4857,居民养老,正常参保,COMP0161,单位156,2026-04-08
510100000000004858,参保人4858,职工养老,正常参保,COMP0154,单位054,2025-10-15
510100000000004859,参保人4859,居民医保,正常参保,COMP0114,单位175,2025-10-13
510100000000004860,参保人4860,居民医保,暂停参保,COMP0149,单位101,2026-01-04
510100000000004861,参保人4861,职工医保,正常参保,COMP0091,单位059,2026-01-05
510100000000004862,参保人4862,居民医保,正常参保,COMP0148,单位154,2026-07-22
510100000000004863,参保人4863,失业,正常参保,COMP0042,单位037,2025-09-13
510100000000004864,参保人4864,失业,正常参保,COMP0116,单位150,2026-08-01
510100000000004865,参保人4865,失业,正常参保,COMP0145,单位038,2025-10-18
510100000000004866,参保人4866,职工医保,正常参保,COMP0177,单位061,2026-05-22
510100000000004867,参保人4867,失业,正常参保,COMP0007,单位150,2026-05-14
510100000000004868,参保人4868,失业,正常参保,COMP0142,单位144,2025-11-21
510100000000004869,参保人4869,职工医保,正常参保,COMP0085,单位094,2025-12-26
510100000000004870,参保人4870,职工养老,正常参保,COMP0067,单位071,2026-03-29
510100000000004871,参保人4871,居民养老,正常参保,COMP0067,单位055,2026-07-07
510100000000004872,参保人4872,居民医保,正常参保,COMP0101,单位064,2026-07-07
510100000000004873,参保人4873,工伤,正常参保,COMP0066,单位159,2025-10-08
510100000000004874,参保人4874,职工养老,正常参保,COMP0094,单位083,2026-06-22
510100000000004875,参保人4875,职工医保,正常参保,COMP0119,单位189,2025-12-04
510100000000004876,参保人4876,失业,正常参保,COMP0096,单位153,2026-06-07
510100000000004877,参保人4877,职工医保,正常参保,COMP0014,单位045,2026-05-22
510100000000004878,参保人4878,失业,正常参保,COMP0066,单位032,2026-05-03
510100000000004879,参保人4879,居民医保,正常参保,COMP0134,单位067,2026-02-10
510100000000004880,参保人4880,失业,正常参保,COMP0131,单位112,2026-06-14
510100000000004881,参保人4881,居民医保,正常参保,COMP0112,单位088,2025-12-22
510100000000004882,参保人4882,居民养老,正常参保,COMP0049,单位034,2026-01-11
510100000000004883,参保人4883,居民养老,正常参保,COMP0018,单位070,2025-12-30
510100000000004884,参保人4884,居民医保,正常参保,COMP0105,单位093,2025-11-25
510100000000004885,参保人4885,居民养老,正常参保,COMP0069,单位089,2025-08-13
510100000000004886,参保人4886,职工养老,正常参保,COMP0187,单位011,2026-03-12
510100000000004887,参保人4887,居民养老,正常参保,COMP0142,单位186,2026-06-30
510100000000004888,参保人4888,职工医保,正常参保,COMP0001,单位104,2026-06-03
510100000000004889,参保人4889,职工医保,正常参保,COMP0125,单位060,2026-07-13
510100000000004890,参保人4890,职工养老,正常参保,COMP0050,单位140,2025-08-24
510100000000004891,参保人4891,职工医保,正常参保,COMP0033,单位026,2026-06-26
510100000000004892,参保人4892,居民医保,正常参保,COMP0041,单位185,2026-03-30
510100000000004893,参保人4893,职工养老,终止参保,COMP0198,单位031,2026-03-09
510100000000004894,参保人4894,居民养老,正常参保,COMP0115,单位156,2026-01-12
510100000000004895,参保人4895,职工养老,正常参保,COMP0048,单位002,2026-03-21
510100000000004896,参保人4896,居民养老,正常参保,COMP0128,单位059,2025-10-17
510100000000004897,参保人4897,职工医保,正常参保,COMP0042,单位164,2026-07-28
510100000000004898,参保人4898,职工养老,正常参保,COMP0033,单位069,2026-05-19
510100000000004899,参保人4899,工伤,正常参保,COMP0146,单位134,2026-06-15
510100000000004900,参保人4900,居民医保,正常参保,COMP0124,单位042,2026-06-21
510100000000004901,参保人4901,失业,正常参保,COMP0011,单位154,2025-12-30
510100000000004902,参保人4902,职工养老,正常参保,COMP0185,单位109,2025-10-28
510100000000004903,参保人4903,职工养老,正常参保,COMP0148,单位131,2026-03-16
510100000000004904,参保人4904,居民养老,暂停参保,COMP0030,单位168,2026-04-10
510100000000004905,参保人4905,职工医保,正常参保,COMP0029,单位030,2025-08-12
510100000000004906,参保人4906,失业,正常参保,COMP0138,单位051,2025-10-19
510100000000004907,参保人4907,居民医保,正常参保,COMP0163,单位036,2025-12-10
510100000000004908,参保人4908,居民养老,正常参保,COMP0189,单位062,2025-08-07
510100000000004909,参保人4909,工伤,正常参保,COMP0087,单位153,2025-12-10
510100000000004910,参保人4910,居民养老,正常参保,COMP0113,单位070,2025-12-23
510100000000004911,参保人4911,居民养老,正常参保,COMP0191,单位196,2025-12-18
510100000000004912,参保人4912,居民养老,正常参保,COMP0001,单位090,2025-12-24
510100000000004913,参保人4913,居民医保,正常参保,COMP0179,单位113,2025-11-11
510100000000004914,参保人4914,工伤,正常参保,COMP0110,单位091,2025-08-21
510100000000004915,参保人4915,职工养老,正常参保,COMP0159,单位074,2025-12-25
510100000000004916,参保人4916,失业,终止参保,COMP0109,单位162,2026-05-03
510100000000004917,参保人4917,职工养老,正常参保,COMP0136,单位096,2025-10-17
510100000000004918,参保人4918,居民医保,正常参保,COMP0158,单位009,2026-04-08
510100000000004919,参保人4919,职工养老,正常参保,COMP0162,单位105,2026-03-13
510100000000004920,参保人4920,失业,正常参保,COMP0037,单位082,2026-07-26
510100000000004921,参保人4921,居民养老,正常参保,COMP0155,单位051,2025-11-19
510100000000004922,参保人4922,失业,正常参保,COMP0087,单位106,2026-06-12
510100000000004923,参保人4923,职工医保,正常参保,COMP0096,单位044,2026-03-17
510100000000004924,参保人4924,居民医保,正常参保,COMP0139,单位073,2025-11-13
510100000000004925,参保人4925,居民医保,正常参保,COMP0058,单位128,2025-11-27
510100000000004926,参保人4926,工伤,正常参保,COMP0072,单位129,2025-08-14
510100000000004927,参保人4927,居民医保,正常参保,COMP0073,单位006,2025-12-11
510100000000004928,参保人4928,居民养老,正常参保,COMP0017,单位073,2026-07-26
510100000000004929,参保人4929,失业,正常参保,COMP0122,单位070,2026-04-21
510100000000004930,参保人4930,职工医保,正常参保,COMP0037,单位117,2025-11-21
510100000000004931,参保人4931,居民医保,正常参保,COMP0138,单位047,2026-06-04
510100000000004932,参保人4932,居民医保,正常参保,COMP0125,单位137,2025-11-10
510100000000004933,参保人4933,工伤,暂停参保,COMP0132,单位002,2026-04-14
510100000000004934,参保人4934,职工医保,正常参保,COMP0001,单位075,2026-06-03
510100000000004935,参保人4935,失业,正常参保,COMP0125,单位135,2025-09-19
510100000000004936,参保人4936,失业,正常参保,COMP0090,单位040,2026-06-26
510100000000004937,参保人4937,职工养老,正常参保,COMP0041,单位085,2026-04-05
510100000000004938,参保人4938,职工医保,正常参保,COMP0096,单位136,2025-09-22
510100000000004939,参保人4939,居民养老,正常参保,COMP0052,单位038,2025-08-29
510100000000004940,参保人4940,工伤,正常参保,COMP0120,单位070,2026-01-10
510100000000004941,参保人4941,职工医保,正常参保,COMP0086,单位145,2025-12-24
510100000000004942,参保人4942,居民医保,正常参保,COMP0026,单位003,2026-08-05
510100000000004943,参保人4943,居民养老,正常参保,COMP0150,单位071,2026-08-03
510100000000004944,参保人4944,职工医保,正常参保,COMP0103,单位070,2026-01-18
510100000000004945,参保人4945,居民养老,正常参保,COMP0154,单位036,2026-03-06
510100000000004946,参保人4946,居民养老,正常参保,COMP0115,单位074,2025-11-06
510100000000004947,参保人4947,职工医保,终止参保,COMP0005,单位037,2025-08-12
510100000000004948,参保人4948,失业,正常参保,COMP0150,单位180,2026-07-23
510100000000004949,参保人4949,职工医保,正常参保,COMP0045,单位191,2026-04-07
510100000000004950,参保人4950,居民养老,正常参保,COMP0149,单位170,2026-01-10
510100000000004951,参保人4951,工伤,正常参保,COMP0145,单位196,2025-12-04
510100000000004952,参保人4952,职工医保,正常参保,COMP0168,单位043,2025-09-12
510100000000004953,参保人4953,职工养老,正常参保,COMP0023,单位095,2026-02-28
510100000000004954,参保人4954,居民养老,正常参保,COMP0017,单位112,2026-04-26
510100000000004955,参保人4955,居民医保,正常参保,COMP0035,单位030,2026-01-27
510100000000004956,参保人4956,工伤,正常参保,COMP0104,单位165,2026-04-07
510100000000004957,参保人4957,失业,正常参保,COMP0056,单位025,2026-07-25
510100000000004958,参保人4958,失业,正常参保,COMP0122,单位120,2026-01-16
510100000000004959,参保人4959,职工养老,正常参保,COMP0109,单位104,2026-04-18
510100000000004960,参保人4960,居民养老,终止参保,COMP0069,单位102,2025-11-22
510100000000004961,参保人4961,工伤,正常参保,COMP0075,单位164,2026-05-24
510100000000004962,参保人4962,职工医保,正常参保,COMP0034,单位058,2026-04-18
510100000000004963,参保人4963,工伤,终止参保,COMP0060,单位140,2025-12-13
510100000000004964,参保人4964,职工医保,正常参保,COMP0106,单位033,2026-06-25
510100000000004965,参保人4965,职工养老,正常参保,COMP0179,单位114,2026-04-04
510100000000004966,参保人4966,居民养老,正常参保,COMP0151,单位041,2025-10-11
510100000000004967,参保人4967,工伤,正常参保,COMP0151,单位058,2025-10-07
510100000000004968,参保人4968,居民医保,正常参保,COMP0167,单位156,2026-06-04
510100000000004969,参保人4969,失业,正常参保,COMP0113,单位112,2026-06-06
510100000000004970,参保人4970,失业,正常参保,COMP0085,单位026,2026-04-08
510100000000004971,参保人4971,居民医保,正常参保,COMP0154,单位033,2026-04-29
510100000000004972,参保人4972,居民养老,正常参保,COMP0136,单位194,2025-12-29
510100000000004973,参保人4973,失业,正常参保,COMP0171,单位110,2026-03-11
510100000000004974,参保人4974,失业,正常参保,COMP0162,单位187,2026-03-31
510100000000004975,参保人4975,居民养老,正常参保,COMP0169,单位191,2026-05-31
510100000000004976,参保人4976,居民医保,正常参保,COMP0053,单位128,2025-09-20
510100000000004977,参保人4977,居民养老,正常参保,COMP0062,单位081,2025-09-14
510100000000004978,参保人4978,居民医保,正常参保,COMP0052,单位116,2026-06-03
510100000000004979,参保人4979,居民医保,正常参保,COMP0022,单位157,2026-02-25
510100000000004980,参保人4980,职工医保,正常参保,COMP0152,单位094,2025-12-14
510100000000004981,参保人4981,失业,正常参保,COMP0170,单位071,2026-04-23
510100000000004982,参保人4982,居民医保,正常参保,COMP0188,单位113,2026-07-08
510100000000004983,参保人4983,居民养老,正常参保,COMP0082,单位046,2026-02-17
510100000000004984,参保人4984,居民医保,终止参保,COMP0080,单位054,2026-07-03
510100000000004985,参保人4985,居民养老,正常参保,COMP0084,单位072,2026-07-12
510100000000004986,参保人4986,职工医保,正常参保,COMP0061,单位154,2025-10-18
510100000000004987,参保人4987,失业,暂停参保,COMP0011,单位181,2026-06-27
510100000000004988,参保人4988,工伤,正常参保,COMP0141,单位191,2026-01-09
510100000000004989,参保人4989,居民医保,正常参保,COMP0172,单位142,2025-09-16
510100000000004990,参保人4990,职工养老,正常参保,COMP0180,单位066,2025-09-17
510100000000004991,参保人4991,居民养老,正常参保,COMP0068,单位171,2025-09-12
510100000000004992,参保人4992,居民医保,暂停参保,COMP0006,单位015,2026-06-26
510100000000004993,参保人4993,失业,正常参保,COMP0006,单位033,2026-07-17
510100000000004994,参保人4994,居民养老,正常参保,COMP0184,单位094,2026-03-11
510100000000004995,参保人4995,居民养老,正常参保,COMP0186,单位064,2026-05-13
510100000000004996,参保人4996,失业,正常参保,COMP0022,单位060,2026-04-25
510100000000004997,参保人4997,职工养老,正常参保,COMP0159,单位077,2026-07-20
510100000000004998,参保人4998,失业,正常参保,COMP0145,单位038,2025-10-30
510100000000004999,参保人4999,工伤,正常参保,COMP0178,单位011,2025-11-11
510100000000000000,参保人0000,职工医保,正常参保,COMP0015,单位107,2026-05-27
510100000000000001,参保人0001,职工医保,正常参保,COMP0103,单位122,2026-01-04
510100000000000002,参保人0002,职工医保,正常参保,COMP0088,单位117,2026-04-29
510100000000000003,参保人0003,职工医保,正常参保,COMP0053,单位002,2025-08-28
510100000000000004,参保人0004,职工医保,正常参保,COMP0038,单位130,2026-01-27
510100000000000005,参保人0005,职工医保,正常参保,COMP0161,单位058,2026-07-16
510100000000000006,参保人0006,职工医保,正常参保,COMP0049,单位059,2026-02-18
510100000000000007,参保人0007,职工医保,正常参保,COMP0015,单位190,2026-02-13
510100000000000008,参保人0008,职工医保,正常参保,COMP0108,单位055,2025-12-06
510100000000000009,参保人0009,居民医保,正常参保,COMP0051,单位135,2026-07-17
510100000000000010,参保人0010,居民医保,正常参保,COMP0018,单位132,2026-05-10
510100000000000011,参保人0011,职工医保,正常参保,COMP0009,单位090,2026-06-15
510100000000000012,参保人0012,职工医保,正常参保,COMP0092,单位111,2025-11-16
510100000000000013,参保人0013,职工医保,正常参保,COMP0081,单位164,2026-06-18
510100000000000014,参保人0014,职工医保,正常参保,COMP0134,单位054,2026-04-23
510100000000000015,参保人0015,职工医保,正常参保,COMP0191,单位146,2026-01-01
510100000000000016,参保人0016,职工医保,正常参保,COMP0190,单位014,2025-08-21
510100000000000017,参保人0017,职工医保,正常参保,COMP0190,单位040,2026-01-06
510100000000000018,参保人0018,职工医保,正常参保,COMP0111,单位053,2025-10-31
510100000000000019,参保人0019,职工医保,正常参保,COMP0188,单位124,2026-06-27
510100000000000020,参保人0020,职工医保,正常参保,COMP0045,单位065,2025-08-27
510100000000000021,参保人0021,居民医保,正常参保,COMP0129,单位136,2026-06-05
510100000000000022,参保人0022,职工医保,正常参保,COMP0136,单位163,2025-10-22
510100000000000023,参保人0023,职工医保,正常参保,COMP0041,单位028,2026-03-25
510100000000000024,参保人0024,居民医保,正常参保,COMP0012,单位162,2026-07-05
510100000000000025,参保人0025,职工医保,正常参保,COMP0037,单位099,2026-02-16
510100000000000026,参保人0026,职工医保,正常参保,COMP0035,单位193,2025-12-23
510100000000000027,参保人0027,职工医保,正常参保,COMP0131,单位001,2026-08-02
510100000000000028,参保人0028,职工医保,正常参保,COMP0103,单位027,2026-01-12
510100000000000029,参保人0029,职工医保,正常参保,COMP0124,单位179,2026-06-05
