id_card,company_id,company_name,payment_base,payment_amount,period,payment_type
510100000000000945,COMP0101,单位038,3493,978.0400000000001,2024-07,正常缴纳
510100000000002207,COMP0169,单位143,12000,3360.0000000000005,2024-06,正常缴纳
510100000000002257,COMP0150,单位031,3493,978.0400000000001,2025-09,正常缴纳
510100000000002912,COMP0171,单位001,8000,2240.0,2025-09,正常缴纳
510100000000002894,COMP0114,单位009,20000,5600.000000000001,2024-12,正常缴纳
510100000000002042,COMP0170,单位150,20000,5600.000000000001,2024-12,正常缴纳
510100000000000371,COMP0167,单位084,20000,5600.000000000001,2025-10,正常缴纳
510100000000001996,COMP0143,单位188,3493,978.0400000000001,2025-06,一次性补缴
510100000000001554,COMP0075,单位130,12000,3360.0000000000005,2024-04,正常缴纳
510100000000001552,COMP0098,单位116,8000,2240.0,2025-10,一次性补缴
510100000000004418,COMP0051,单位060,30000,8400.0,2024-03,一次性补缴
510100000000000027,COMP0108,单位139,20000,5600.000000000001,2025-05,一次性补缴
510100000000001294,COMP0083,单位048,12000,3360.0000000000005,2024-12,正常缴纳
510100000000003153,COMP0088,单位134,30000,8400.0,2025-03,一次性补缴
510100000000004528,COMP0118,单位179,8000,2240.0,2024-10,正常缴纳
510100000000001131,COMP0051,单位038,5000,1400.0000000000002,2024-04,正常缴纳
510100000000001545,COMP0026,单位048,12000,3360.0000000000005,2024-02,正常缴纳
510100000000004979,COMP0123,单位023,12000,3360.0000000000005,2024-08,正常缴纳
510100000000001928,COMP0095,单位025,5000,1400.0000000000002,2024-10,正常缴纳
510100000000000322,COMP0085,单位057,12000,3360.0000000000005,2025-10,正常缴纳
510100000000000222,COMP0075,单位102,5000,1400.0000000000002,2025-05,正常缴纳
510100000000002220,COMP0004,单位084,20000,5600.000000000001,2024-04,正常缴纳
510100000000004928,COMP0146,单位167,5000,1400.0000000000002,2025-01,正常缴纳
510100000000001809,COMP0175,单位159,12000,3360.0000000000005,2025-03,正常缴纳
510100000000004558,COMP0175,单位198,30000,8400.0,2025-08,正常缴纳
510100000000002297,COMP0013,单位055,3493,978.0400000000001,2025-05,正常缴纳
510100000000000070,COMP0188,单位012,8000,2240.0,2024-06,一次性补缴
510100000000001037,COMP0115,单位112,30000,8400.0,2024-10,正常缴纳
510100000000000484,COMP0169,单位120,12000,3360.0000000000005,2024-06,正常缴纳
510100000000003371,COMP0183,单位071,3493,978.0400000000001,2025-03,正常缴纳
510100000000001788,COMP0167,单位042,12000,3360.0000000000005,2024-08,正常缴纳
510100000000000797,COMP0020,单位126,12000,3360.0000000000005,2025-10,正常缴纳
510100000000000305,COMP0041,单位094,20000,5600.000000000001,2025-07,正常缴纳
510100000000002025,COMP0165,单位135,8000,2240.0,2024-03,正常缴纳
510100000000003837,COMP0150,单位098,3493,978.0400000000001,2024-11,一次性补缴
510100000000004090,COMP0143,单位166,5000,1400.0000000000002,2024-02,一次性补缴
510100000000004885,COMP0003,单位142,8000,2240.0,2025-06,正常缴纳
510100000000002693,COMP0041,单位153,30000,8400.0,2025-11,正常缴纳
510100000000004392,COMP0199,单位057,20000,5600.000000000001,2025-11,一次性补缴
510100000000003247,COMP0063,单位039,30000,8400.0,2025-05,正常缴纳
510100000000003520,COMP0187,单位164,3493,978.0400000000001,2024-09,正常缴纳
510100000000002014,COMP0081,单位181,30000,8400.0,2024-12,正常缴纳
510100000000004692,COMP0155,单位169,12000,3360.0000000000005,2025-03,一次性补缴
510100000000001938,COMP0185,单位122,8000,2240.0,2024-07,正常缴纳
510100000000004245,COMP0195,单位080,30000,8400.0,2025-11,正常缴纳
510100000000002598,COMP0077,单位092,3493,978.0400000000001,2024-10,正常缴纳
510100000000003040,COMP0185,单位044,30000,8400.0,2025-03,正常缴纳
510100000000003195,COMP0080,单位045,5000,1400.0000000000002,2025-09,一次性补缴
510100000000000906,COMP0180,单位153,5000,1400.0000000000002,2024-05,正常缴纳
510100000000004418,COMP0076,单位040,8000,2240.0,2025-06,正常缴纳
510100000000002423,COMP0081,单位038,3493,978.0400000000001,2025-04,正常缴纳
510100000000003393,COMP0030,单位010,12000,3360.0000000000005,2024-04,一次性补缴
510100000000001632,COMP0193,单位004,30000,8400.0,2024-06,正常缴纳
510100000000002367,COMP0119,单位092,8000,2240.0,2024-06,正常缴纳
510100000000000184,COMP0182,单位044,3493,978.0400000000001,2025-12,一次性补缴
510100000000002940,COMP0016,单位055,20000,5600.000000000001,2024-08,正常缴纳
510100000000001601,COMP0136,单位199,20000,5600.000000000001,2025-09,一次性补缴
510100000000001251,COMP0063,单位171,8000,2240.0,2024-10,正常缴纳
510100000000002354,COMP0056,单位171,5000,1400.0000000000002,2025-02,正常缴纳
510100000000000129,COMP0138,单位151,5000,1400.0000000000002,2024-06,一次性补缴
510100000000000593,COMP0014,单位081,8000,2240.0,2024-12,正常缴纳
510100000000001633,COMP0144,单位162,30000,8400.0,2025-07,正常缴纳
510100000000001194,COMP0064,单位071,12000,3360.0000000000005,2025-04,正常缴纳
510100000000003454,COMP0061,单位075,20000,5600.000000000001,2024-04,正常缴纳
510100000000002751,COMP0081,单位106,30000,8400.0,2025-03,一次性补缴
510100000000003061,COMP0121,单位152,8000,2240.0,2025-06,一次性补缴
510100000000004988,COMP0014,单位025,3493,978.0400000000001,2025-04,正常缴纳
510100000000003392,COMP0182,单位019,8000,2240.0,2024-10,正常缴纳
510100000000002441,COMP0144,单位104,30000,8400.0,2025-11,一次性补缴
510100000000001480,COMP0019,单位196,5000,1400.0000000000002,2025-03,正常缴纳
510100000000001685,COMP0036,单位151,8000,2240.0,2024-10,正常缴纳
510100000000002782,COMP0093,单位005,12000,3360.0000000000005,2025-06,正常缴纳
510100000000000097,COMP0012,单位150,3493,978.0400000000001,2024-12,一次性补缴
510100000000000683,COMP0109,单位027,20000,5600.000000000001,2025-07,正常缴纳
510100000000003123,COMP0013,单位042,20000,5600.000000000001,2024-02,正常缴纳
510100000000000854,COMP0107,单位141,5000,1400.0000000000002,2024-04,正常缴纳
510100000000002550,COMP0089,单位178,30000,8400.0,2025-10,一次性补缴
510100000000001338,COMP0173,单位198,20000,5600.000000000001,2024-03,正常缴纳
510100000000003500,COMP0023,单位101,8000,2240.0,2025-03,正常缴纳
510100000000000749,COMP0197,单位017,30000,8400.0,2025-07,正常缴纳
510100000000003995,COMP0077,单位178,5000,1400.0000000000002,2025-01,正常缴纳
510100000000000195,COMP0107,单位195,5000,1400.0000000000002,2024-10,一次性补缴
510100000000003054,COMP0126,单位083,5000,1400.0000000000002,2025-08,一次性补缴
510100000000003299,COMP0121,单位107,30000,8400.0,2024-07,正常缴纳
510100000000000618,COMP0146,单位046,5000,1400.0000000000002,2025-09,正常缴纳
510100000000003152,COMP0060,单位076,8000,2240.0,2024-04,一次性补缴
510100000000001943,COMP0074,单位058,20000,5600.000000000001,2025-07,正常缴纳
510100000000002417,COMP0075,单位065,12000,3360.0000000000005,2024-04,一次性补缴
510100000000004411,COMP0137,单位173,30000,8400.0,2025-12,一次性补缴
510100000000001970,COMP0136,单位114,3493,978.0400000000001,2025-11,一次性补缴
510100000000004665,COMP0070,单位093,20000,5600.000000000001,2024-12,正常缴纳
510100000000004434,COMP0017,单位054,3493,978.0400000000001,2025-12,一次性补缴
510100000000002352,COMP0182,单位144,8000,2240.0,2024-12,一次性补缴
510100000000002657,COMP0136,单位149,30000,8400.0,2025-08,一次性补缴
510100000000003123,COMP0143,单位132,5000,1400.0000000000002,2025-04,一次性补缴
510100000000002922,COMP0132,单位041,30000,8400.0,2024-03,正常缴纳
510100000000003118,COMP0137,单位130,12000,3360.0000000000005,2024-10,正常缴纳
510100000000004527,COMP0069,单位028,12000,3360.0000000000005,2024-07,正常缴纳
510100000000003527,COMP0158,单位081,30000,8400.0,2024-01,正常缴纳
510100000000002007,COMP0048,单位049,5000,1400.0000000000002,2024-02,正常缴纳
510100000000004472,COMP0145,单位123,30000,8400.0,2024-10,正常缴纳
510100000000000357,COMP0165,单位064,3493,978.0400000000001,2025-02,正常缴纳
510100000000003418,COMP0058,单位155,3493,978.0400000000001,2024-07,正常缴纳
510100000000000486,COMP0151,单位103,8000,2240.0,2025-12,正常缴纳
510100000000001506,COMP0179,单位084,8000,2240.0,2025-09,正常缴纳
510100000000001070,COMP0191,单位140,3493,978.0400000000001,2024-07,正常缴纳
510100000000002972,COMP0049,单位131,12000,3360.0000000000005,2025-05,一次性补缴
510100000000004182,COMP0126,单位026,5000,1400.0000000000002,2024-12,正常缴纳
510100000000004142,COMP0076,单位096,20000,5600.000000000001,2025-06,正常缴纳
510100000000001258,COMP0136,单位098,12000,3360.0000000000005,2024-07,正常缴纳
510100000000001563,COMP0077,单位157,20000,5600.000000000001,2024-08,正常缴纳
510100000000004881,COMP0050,单位089,20000,5600.000000000001,2024-06,正常缴纳
510100000000003198,COMP0093,单位021,20000,5600.000000000001,2025-07,正常缴纳
510100000000003491,COMP0152,单位160,12000,3360.0000000000005,2024-11,一次性补缴
510100000000002925,COMP0082,单位128,5000,1400.0000000000002,2024-05,一次性补缴
510100000000004207,COMP0170,单位087,8000,2240.0,2024-02,一次性补缴
510100000000001161,COMP0082,单位136,3493,978.0400000000001,2024-10,正常缴纳
510100000000003202,COMP0166,单位130,8000,2240.0,2024-01,正常缴纳
510100000000002389,COMP0098,单位124,12000,3360.0000000000005,2024-10,正常缴纳
510100000000001492,COMP0162,单位027,5000,1400.0000000000002,2024-07,正常缴纳
510100000000000013,COMP0098,单位023,12000,3360.0000000000005,2025-10,正常缴纳
510100000000001782,COMP0112,单位096,3493,978.0400000000001,2025-09,正常缴纳
510100000000004345,COMP0071,单位085,20000,5600.000000000001,2025-08,一次性补缴
510100000000001825,COMP0035,单位039,3493,978.0400000000001,2025-07,正常缴纳
510100000000000029,COMP0132,单位143,20000,5600.000000000001,2024-03,正常缴纳
510100000000003126,COMP0194,单位060,5000,1400.0000000000002,2025-12,正常缴纳
510100000000002910,COMP0083,单位179,12000,3360.0000000000005,2024-03,一次性补缴
510100000000004767,COMP0130,单位088,30000,8400.0,2024-11,一次性补缴
510100000000000712,COMP0077,单位014,8000,2240.0,2024-11,正常缴纳
510100000000001359,COMP0124,单位186,5000,1400.0000000000002,2025-09,一次性补缴
510100000000002612,COMP0156,单位018,30000,8400.0,2025-06,正常缴纳
510100000000000240,COMP0045,单位199,20000,5600.000000000001,2024-03,一次性补缴
510100000000003558,COMP0021,单位156,5000,1400.0000000000002,2025-12,一次性补缴
510100000000003734,COMP0176,单位180,5000,1400.0000000000002,2025-07,正常缴纳
510100000000002559,COMP0161,单位062,5000,1400.0000000000002,2024-07,一次性补缴
510100000000002019,COMP0031,单位074,12000,3360.0000000000005,2024-02,正常缴纳
510100000000002355,COMP0185,单位078,5000,1400.0000000000002,2024-09,正常缴纳
510100000000000253,COMP0074,单位079,12000,3360.0000000000005,2025-06,一次性补缴
510100000000002166,COMP0155,单位017,12000,3360.0000000000005,2024-02,一次性补缴
510100000000001093,COMP0182,单位097,12000,3360.0000000000005,2025-02,正常缴纳
510100000000004067,COMP0005,单位197,20000,5600.000000000001,2024-10,一次性补缴
510100000000001563,COMP0171,单位077,5000,1400.0000000000002,2024-01,正常缴纳
510100000000001562,COMP0072,单位134,30000,8400.0,2024-10,正常缴纳
510100000000003654,COMP0150,单位187,5000,1400.0000000000002,2024-05,正常缴纳
510100000000000620,COMP0097,单位001,12000,3360.0000000000005,2025-09,一次性补缴
510100000000001799,COMP0160,单位030,12000,3360.0000000000005,2025-12,正常缴纳
510100000000000984,COMP0061,单位141,12000,3360.0000000000005,2024-10,一次性补缴
510100000000002620,COMP0120,单位172,30000,8400.0,2024-09,一次性补缴
510100000000003130,COMP0185,单位011,5000,1400.0000000000002,2024-06,一次性补缴
510100000000001018,COMP0084,单位135,20000,5600.000000000001,2024-09,正常缴纳
510100000000001116,COMP0116,单位076,20000,5600.000000000001,2024-12,正常缴纳
510100000000001828,COMP0188,单位193,8000,2240.0,2025-09,正常缴纳
510100000000002505,COMP0048,单位190,20000,5600.000000000001,2025-09,一次性补缴
510100000000000076,COMP0121,单位003,30000,8400.0,2024-03,一次性补缴
510100000000004561,COMP0121,单位087,8000,2240.0,2025-02,正常缴纳
510100000000000946,COMP0042,单位029,20000,5600.000000000001,2025-12,正常缴纳
510100000000003486,COMP0092,单位112,3493,978.0400000000001,2025-07,一次性补缴
510100000000004530,COMP0144,单位098,30000,8400.0,2025-10,一次性补缴
510100000000004887,COMP0107,单位171,5000,1400.0000000000002,2024-03,一次性补缴
510100000000000605,COMP0063,单位154,20000,5600.000000000001,2024-03,正常缴纳
510100000000002995,COMP0129,单位180,20000,5600.000000000001,2025-06,正常缴纳
510100000000002299,COMP0135,单位075,8000,2240.0,2024-04,一次性补缴
510100000000003415,COMP0030,单位158,20000,5600.000000000001,2024-09,一次性补缴
510100000000000992,COMP0084,单位150,20000,5600.000000000001,2024-10,正常缴纳
510100000000002661,COMP0163,单位038,20000,5600.000000000001,2025-12,正常缴纳
510100000000004506,COMP0131,单位177,12000,3360.0000000000005,2024-06,正常缴纳
510100000000000018,COMP0031,单位020,30000,8400.0,2024-03,正常缴纳
510100000000000364,COMP0182,单位027,8000,2240.0,2024-12,正常缴纳
510100000000004294,COMP0017,单位084,30000,8400.0,2025-03,正常缴纳
510100000000001437,COMP0153,单位088,30000,8400.0,2025-02,正常缴纳
510100000000001842,COMP0101,单位071,8000,2240.0,2024-11,正常缴纳
510100000000004278,COMP0199,单位134,3493,978.0400000000001,2025-02,正常缴纳
510100000000001468,COMP0147,单位121,8000,2240.0,2025-06,正常缴纳
510100000000000153,COMP0070,单位020,8000,2240.0,2024-06,正常缴纳
510100000000002267,COMP0163,单位136,30000,8400.0,2024-06,正常缴纳
510100000000001495,COMP0149,单位123,3493,978.0400000000001,2025-07,正常缴纳
510100000000004158,COMP0016,单位134,5000,1400.0000000000002,2025-10,一次性补缴
510100000000000478,COMP0114,单位114,5000,1400.0000000000002,2024-12,正常缴纳
510100000000000236,COMP0163,单位086,3493,978.0400000000001,2024-01,正常缴纳
510100000000002324,COMP0001,单位132,20000,5600.000000000001,2025-10,正常缴纳
510100000000000685,COMP0175,单位007,20000,5600.000000000001,2024-03,正常缴纳
510100000000002225,COMP0154,单位031,8000,2240.0,2025-10,正常缴纳
510100000000001067,COMP0081,单位166,12000,3360.0000000000005,2024-02,一次性补缴
510100000000000617,COMP0103,单位062,30000,8400.0,2024-02,正常缴纳
510100000000001119,COMP0040,单位141,8000,2240.0,2024-01,正常缴纳
510100000000004879,COMP0013,单位151,3493,978.0400000000001,2025-11,正常缴纳
510100000000002397,COMP0141,单位030,5000,1400.0000000000002,2024-07,正常缴纳
510100000000003009,COMP0094,单位039,8000,2240.0,2024-12,正常缴纳
510100000000002550,COMP0166,单位014,3493,978.0400000000001,2025-07,正常缴纳
510100000000000554,COMP0181,单位131,5000,1400.0000000000002,2024-08,正常缴纳
510100000000004542,COMP0065,单位079,8000,2240.0,2025-04,一次性补缴
510100000000002225,COMP0151,单位061,5000,1400.0000000000002,2024-03,正常缴纳
510100000000001557,COMP0116,单位091,3493,978.0400000000001,2025-08,正常缴纳
510100000000003438,COMP0161,单位042,12000,3360.0000000000005,2025-07,正常缴纳
510100000000004655,COMP0027,单位015,30000,8400.0,2024-09,正常缴纳
510100000000000360,COMP0134,单位185,3493,978.0400000000001,2025-07,一次性补缴
510100000000004691,COMP0054,单位110,30000,8400.0,2024-04,正常缴纳
510100000000001863,COMP0002,单位142,30000,8400.0,2025-02,正常缴纳
510100000000004623,COMP0052,单位197,5000,1400.0000000000002,2025-05,一次性补缴
510100000000002252,COMP0113,单位178,5000,1400.0000000000002,2024-01,一次性补缴
510100000000003499,COMP0042,单位045,5000,1400.0000000000002,2025-11,正常缴纳
510100000000004223,COMP0038,单位097,30000,8400.0,2025-05,正常缴纳
510100000000003403,COMP0007,单位194,30000,8400.0,2025-01,正常缴纳
510100000000001041,COMP0108,单位135,3493,978.0400000000001,2024-06,正常缴纳
510100000000003721,COMP0189,单位059,20000,5600.000000000001,2024-11,正常缴纳
510100000000000007,COMP0055,单位134,5000,1400.0000000000002,2024-08,正常缴纳
510100000000003185,COMP0088,单位138,8000,2240.0,2025-04,正常缴纳
510100000000002103,COMP0108,单位095,20000,5600.000000000001,2025-05,正常缴纳
510100000000002921,COMP0089,单位127,8000,2240.0,2025-09,正常缴纳
510100000000000836,COMP0063,单位050,8000,2240.0,2025-05,正常缴纳
510100000000002859,COMP0052,单位009,3493,978.0400000000001,2024-01,正常缴纳
510100000000004397,COMP0103,单位186,5000,1400.0000000000002,2024-04,一次性补缴
510100000000002640,COMP0013,单位134,8000,2240.0,2025-05,一次性补缴
510100000000004176,COMP0005,单位006,8000,2240.0,2025-05,正常缴纳
510100000000001940,COMP0042,单位081,30000,8400.0,2024-03,一次性补缴
510100000000000227,COMP0034,单位037,20000,5600.000000000001,2025-01,一次性补缴
510100000000001280,COMP0187,单位132,5000,1400.0000000000002,2024-02,正常缴纳
510100000000003535,COMP0189,单位150,3493,978.0400000000001,2025-12,一次性补缴
510100000000000759,COMP0198,单位042,30000,8400.0,2025-07,正常缴纳
510100000000004258,COMP0020,单位108,3493,978.0400000000001,2025-07,一次性补缴
510100000000002002,COMP0009,单位027,3493,978.0400000000001,2025-02,正常缴纳
510100000000002290,COMP0112,单位086,12000,3360.0000000000005,2024-02,正常缴纳
510100000000001383,COMP0088,单位020,8000,2240.0,2025-12,正常缴纳
510100000000001521,COMP0098,单位160,30000,8400.0,2024-08,正常缴纳
510100000000003261,COMP0131,单位089,3493,978.0400000000001,2025-12,正常缴纳
510100000000002823,COMP0133,单位139,12000,3360.0000000000005,2025-03,正常缴纳
510100000000002021,COMP0147,单位176,3493,978.0400000000001,2024-07,一次性补缴
510100000000004255,COMP0046,单位092,20000,5600.000000000001,2025-02,正常缴纳
510100000000000139,COMP0115,单位072,5000,1400.0000000000002,2024-07,正常缴纳
510100000000000385,COMP0009,单位108,30000,8400.0,2024-02,正常缴纳
510100000000004542,COMP0090,单位174,5000,1400.0000000000002,2024-11,一次性补缴
510100000000001477,COMP0136,单位096,12000,3360.0000000000005,2024-03,一次性补缴
510100000000002039,COMP0120,单位018,3493,978.0400000000001,2025-09,正常缴纳
510100000000004543,COMP0144,单位151,5000,1400.0000000000002,2025-07,正常缴纳
510100000000003894,COMP0189,单位084,20000,5600.000000000001,2024-08,正常缴纳
510100000000002200,COMP0096,单位053,5000,1400.0000000000002,2024-10,一次性补缴
510100000000004860,COMP0073,单位176,8000,2240.0,2025-11,一次性补缴
510100000000004846,COMP0019,单位143,8000,2240.0,2025-08,正常缴纳
510100000000003919,COMP0109,单位185,30000,8400.0,2024-08,一次性补缴
510100000000001857,COMP0181,单位052,8000,2240.0,2024-05,正常缴纳
510100000000002446,COMP0084,单位034,8000,2240.0,2025-01,正常缴纳
510100000000002305,COMP0132,单位016,8000,2240.0,2025-01,正常缴纳
510100000000000997,COMP0052,单位016,3493,978.0400000000001,2025-07,一次性补缴
510100000000003086,COMP0102,单位023,30000,8400.0,2024-03,正常缴纳
510100000000000016,COMP0114,单位186,20000,5600.000000000001,2025-09,正常缴纳
510100000000001465,COMP0184,单位143,30000,8400.0,2025-12,一次性补缴
510100000000003287,COMP0029,单位016,3493,978.0400000000001,2024-05,一次性补缴
510100000000001713,COMP0005,单位141,30000,8400.0,2024-01,正常缴纳
510100000000003179,COMP0046,单位082,5000,1400.0000000000002,2025-04,正常缴纳
510100000000000841,COMP0081,单位139,12000,3360.0000000000005,2025-11,正常缴纳
510100000000003320,COMP0132,单位169,5000,1400.0000000000002,2024-12,正常缴纳
510100000000002288,COMP0190,单位084,3493,978.0400000000001,2024-08,正常缴纳
510100000000003346,COMP0057,单位015,3493,978.0400000000001,2024-05,一次性补缴
510100000000002412,COMP0096,单位022,12000,3360.0000000000005,2024-06,正常缴纳
510100000000000208,COMP0133,单位125,12000,3360.0000000000005,2024-01,正常缴纳
510100000000004678,COMP0176,单位018,20000,5600.000000000001,2024-06,正常缴纳
510100000000003369,COMP0117,单位180,20000,5600.000000000001,2024-10,正常缴纳
510100000000001703,COMP0056,单位118,5000,1400.0000000000002,2024-04,正常缴纳
510100000000001028,COMP0014,单位024,3493,978.0400000000001,2024-04,一次性补缴
510100000000001538,COMP0119,单位137,12000,3360.0000000000005,2025-04,正常缴纳
510100000000000392,COMP0001,单位116,12000,3360.0000000000005,2024-03,正常缴纳
510100000000002705,COMP0010,单位146,12000,3360.0000000000005,2025-01,正常缴纳
510100000000003460,COMP0045,单位118,5000,1400.0000000000002,2025-07,一次性补缴
510100000000002008,COMP0112,单位013,8000,2240.0,2024-09,一次性补缴
510100000000004838,COMP0033,单位132,20000,5600.000000000001,2025-10,一次性补缴
510100000000004757,COMP0036,单位102,20000,5600.000000000001,2025-07,正常缴纳
510100000000000017,COMP0058,单位076,3493,978.0400000000001,2024-09,正常缴纳
510100000000003082,COMP0141,单位163,12000,3360.0000000000005,2024-09,一次性补缴
510100000000003312,COMP0089,单位045,8000,2240.0,2025-01,正常缴纳
510100000000002965,COMP0102,单位091,8000,2240.0,2025-04,一次性补缴
510100000000002431,COMP0077,单位198,5000,1400.0000000000002,2025-05,正常缴纳
510100000000004134,COMP0011,单位112,30000,8400.0,2024-12,一次性补缴
510100000000003364,COMP0016,单位070,30000,8400.0,2024-09,正常缴纳
510100000000002774,COMP0144,单位018,20000,5600.000000000001,2024-12,正常缴纳
510100000000004909,COMP0019,单位038,5000,1400.0000000000002,2024-11,正常缴纳
510100000000003884,COMP0117,单位162,30000,8400.0,2025-12,正常缴纳
510100000000002939,COMP0124,单位027,8000,2240.0,2025-07,正常缴纳
510100000000004806,COMP0112,单位089,20000,5600.000000000001,2025-06,正常缴纳
510100000000002720,COMP0096,单位122,3493,978.0400000000001,2024-06,正常缴纳
510100000000004971,COMP0190,单位082,12000,3360.0000000000005,2025-03,正常缴纳
510100000000001814,COMP0065,单位082,30000,8400.0,2024-09,一次性补缴
510100000000001808,COMP0185,单位148,20000,5600.000000000001,2025-09,正常缴纳
510100000000001776,COMP0031,单位065,20000,5600.000000000001,2025-12,正常缴纳
510100000000004730,COMP0131,单位070,30000,8400.0,2024-03,正常缴纳
510100000000002122,COMP0045,单位069,3493,978.0400000000001,2025-02,正常缴纳
510100000000000307,COMP0192,单位116,12000,3360.0000000000005,2024-01,正常缴纳
510100000000002444,COMP0080,单位029,12000,3360.0000000000005,2025-06,一次性补缴
510100000000003302,COMP0102,单位059,30000,8400.0,2024-05,一次性补缴
510100000000000931,COMP0010,单位134,12000,3360.0000000000005,2024-05,正常缴纳
510100000000004551,COMP0003,单位104,8000,2240.0,2024-05,正常缴纳
510100000000000646,COMP0191,单位015,20000,5600.000000000001,2024-03,正常缴纳
510100000000002509,COMP0116,单位196,5000,1400.0000000000002,2025-03,正常缴纳
510100000000000321,COMP0156,单位060,3493,978.0400000000001,2025-02,正常缴纳
510100000000000830,COMP0189,单位092,20000,5600.000000000001,2025-08,正常缴纳
510100000000001580,COMP0172,单位129,20000,5600.000000000001,2024-01,正常缴纳
510100000000003432,COMP0014,单位151,5000,1400.0000000000002,2025-06,一次性补缴
510100000000002083,COMP0128,单位180,30000,8400.0,2025-01,一次性补缴
510100000000000840,COMP0182,单位071,5000,1400.0000000000002,2025-12,正常缴纳
510100000000004843,COMP0060,单位060,12000,3360.0000000000005,2024-05,正常缴纳
510100000000002038,COMP0181,单位145,30000,8400.0,2024-09,正常缴纳
510100000000003016,COMP0187,单位080,30000,8400.0,2025-02,正常缴纳
510100000000002315,COMP0164,单位010,20000,5600.000000000001,2025-12,一次性补缴
510100000000003461,COMP0132,单位158,8000,2240.0,2024-11,正常缴纳
510100000000001596,COMP0035,单位106,20000,5600.000000000001,2024-04,正常缴纳
510100000000002870,COMP0088,单位095,3493,978.0400000000001,2025-09,正常缴纳
510100000000004260,COMP0013,单位025,5000,1400.0000000000002,2025-11,正常缴纳
510100000000003618,COMP0083,单位053,3493,978.0400000000001,2025-06,一次性补缴
510100000000002451,COMP0161,单位093,8000,2240.0,2025-07,正常缴纳
510100000000001315,COMP0104,单位054,20000,5600.000000000001,2024-09,正常缴纳
510100000000002740,COMP0048,单位170,12000,3360.0000000000005,2024-11,正常缴纳
510100000000003717,COMP0127,单位046,5000,1400.0000000000002,2025-10,正常缴纳
510100000000004685,COMP0033,单位062,5000,1400.0000000000002,2025-12,正常缴纳
510100000000003671,COMP0078,单位005,3493,978.0400000000001,2024-05,正常缴纳
510100000000003504,COMP0060,单位046,20000,5600.000000000001,2025-09,正常缴纳
510100000000004364,COMP0108,单位112,3493,978.0400000000001,2025-02,正常缴纳
510100000000002672,COMP0097,单位051,8000,2240.0,2025-04,正常缴纳
510100000000001924,COMP0048,单位104,5000,1400.0000000000002,2024-11,一次性补缴
510100000000002701,COMP0096,单位139,20000,5600.000000000001,2025-07,正常缴纳
510100000000003950,COMP0144,单位076,30000,8400.0,2025-02,正常缴纳
510100000000002817,COMP0003,单位184,5000,1400.0000000000002,2025-11,一次性补缴
510100000000004488,COMP0088,单位113,12000,3360.0000000000005,2025-01,正常缴纳
510100000000003577,COMP0086,单位199,12000,3360.0000000000005,2025-04,一次性补缴
510100000000001261,COMP0022,单位180,30000,8400.0,2025-07,一次性补缴
510100000000003570,COMP0083,单位019,5000,1400.0000000000002,2025-02,一次性补缴
510100000000001108,COMP0035,单位005,20000,5600.000000000001,2025-07,正常缴纳
510100000000000472,COMP0138,单位102,5000,1400.0000000000002,2025-06,正常缴纳
510100000000001481,COMP0020,单位163,8000,2240.0,2024-08,一次性补缴
510100000000000949,COMP0095,单位127,30000,8400.0,2024-11,正常缴纳
510100000000000197,COMP0160,单位139,12000,3360.0000000000005,2025-07,正常缴纳
510100000000001338,COMP0156,单位079,3493,978.0400000000001,2024-02,正常缴纳
510100000000002558,COMP0150,单位157,5000,1400.0000000000002,2025-10,一次性补缴
510100000000002811,COMP0173,单位094,5000,1400.0000000000002,2025-11,正常缴纳
510100000000002708,COMP0123,单位141,5000,1400.0000000000002,2025-09,正常缴纳
510100000000000788,COMP0001,单位186,5000,1400.0000000000002,2024-05,正常缴纳
510100000000003251,COMP0023,单位149,20000,5600.000000000001,2025-04,一次性补缴
510100000000000607,COMP0075,单位088,3493,978.0400000000001,2025-09,正常缴纳
510100000000004888,COMP0113,单位099,3493,978.0400000000001,2024-09,正常缴纳
510100000000003121,COMP0087,单位191,3493,978.0400000000001,2024-01,正常缴纳
510100000000000649,COMP0136,单位106,5000,1400.0000000000002,2024-10,正常缴纳
510100000000001863,COMP0129,单位176,8000,2240.0,2024-08,正常缴纳
510100000000003447,COMP0069,单位195,12000,3360.0000000000005,2025-01,正常缴纳
510100000000002570,COMP0166,单位196,5000,1400.0000000000002,2024-03,正常缴纳
510100000000004054,COMP0145,单位013,30000,8400.0,2024-01,正常缴纳
510100000000000224,COMP0194,单位196,5000,1400.0000000000002,2025-04,正常缴纳
510100000000003696,COMP0023,单位124,3493,978.0400000000001,2024-02,正常缴纳
510100000000001916,COMP0111,单位007,5000,1400.0000000000002,2025-12,正常缴纳
510100000000001983,COMP0164,单位004,3493,978.0400000000001,2025-07,正常缴纳
510100000000000601,COMP0092,单位155,3493,978.0400000000001,2024-03,正常缴纳
510100000000004176,COMP0103,单位197,30000,8400.0,2025-07,正常缴纳
510100000000004128,COMP0035,单位050,3493,978.0400000000001,2025-08,正常缴纳
510100000000004796,COMP0025,单位153,8000,2240.0,2024-11,正常缴纳
510100000000001386,COMP0111,单位121,12000,3360.0000000000005,2025-03,正常缴纳
510100000000002145,COMP0116,单位197,8000,2240.0,2024-07,正常缴纳
510100000000004327,COMP0111,单位096,20000,5600.000000000001,2025-12,一次性补缴
510100000000002686,COMP0029,单位179,20000,5600.000000000001,2024-12,正常缴纳
510100000000000391,COMP0170,单位077,3493,978.0400000000001,2024-06,正常缴纳
510100000000001086,COMP0014,单位190,5000,1400.0000000000002,2024-03,正常缴纳
510100000000000495,COMP0180,单位094,20000,5600.000000000001,2024-05,正常缴纳
510100000000004362,COMP0025,单位187,3493,978.0400000000001,2025-02,正常缴纳
510100000000003932,COMP0139,单位055,8000,2240.0,2024-12,正常缴纳
510100000000002005,COMP0198,单位011,20000,5600.000000000001,2024-12,一次性补缴
510100000000003368,COMP0130,单位185,12000,3360.0000000000005,2024-12,一次性补缴
510100000000004479,COMP0126,单位103,30000,8400.0,2025-08,正常缴纳
510100000000003641,COMP0065,单位058,30000,8400.0,2025-12,正常缴纳
510100000000000761,COMP0104,单位107,20000,5600.000000000001,2025-04,正常缴纳
510100000000003243,COMP0118,单位189,12000,3360.0000000000005,2024-10,正常缴纳
510100000000000743,COMP0125,单位166,12000,3360.0000000000005,2024-08,正常缴纳
510100000000001354,COMP0196,单位177,5000,1400.0000000000002,2025-03,正常缴纳
510100000000004087,COMP0140,单位085,30000,8400.0,2025-05,一次性补缴
510100000000003264,COMP0022,单位143,8000,2240.0,2025-04,正常缴纳
510100000000003090,COMP0040,单位098,30000,8400.0,2025-01,正常缴纳
510100000000004545,COMP0027,单位173,20000,5600.000000000001,2024-01,正常缴纳
510100000000003963,COMP0095,单位063,20000,5600.000000000001,2024-06,一次性补缴
510100000000001374,COMP0067,单位195,12000,3360.0000000000005,2024-04,正常缴纳
510100000000001940,COMP0064,单位165,20000,5600.000000000001,2025-05,一次性补缴
510100000000000643,COMP0112,单位033,12000,3360.0000000000005,2024-05,正常缴纳
510100000000002226,COMP0169,单位029,3493,978.0400000000001,2024-08,正常缴纳
510100000000002414,COMP0036,单位109,5000,1400.0000000000002,2025-02,一次性补缴
510100000000002193,COMP0124,单位168,20000,5600.000000000001,2024-03,正常缴纳
510100000000002544,COMP0029,单位059,5000,1400.0000000000002,2024-02,正常缴纳
510100000000003631,COMP0062,单位018,30000,8400.0,2025-12,正常缴纳
510100000000002501,COMP0187,单位006,30000,8400.0,2024-09,一次性补缴
510100000000000823,COMP0182,单位169,30000,8400.0,2025-02,正常缴纳
510100000000004118,COMP0164,单位025,30000,8400.0,2024-02,正常缴纳
510100000000002180,COMP0018,单位106,12000,3360.0000000000005,2025-01,正常缴纳
510100000000002542,COMP0110,单位065,8000,2240.0,2024-05,一次性补缴
510100000000002737,COMP0128,单位108,3493,978.0400000000001,2025-08,正常缴纳
510100000000004642,COMP0194,单位174,30000,8400.0,2025-06,一次性补缴
510100000000000684,COMP0029,单位041,20000,5600.000000000001,2025-08,一次性补缴
510100000000002113,COMP0190,单位147,12000,3360.0000000000005,2025-08,正常缴纳
510100000000003094,COMP0190,单位159,20000,5600.000000000001,2024-08,正常缴纳
510100000000003993,COMP0013,单位108,3493,978.0400000000001,2025-06,正常缴纳
510100000000000556,COMP0174,单位167,20000,5600.000000000001,2024-02,一次性补缴
510100000000002019,COMP0196,单位035,3493,978.0400000000001,2025-04,一次性补缴
510100000000002414,COMP0036,单位134,3493,978.0400000000001,2025-06,一次性补缴
510100000000004841,COMP0073,单位016,30000,8400.0,2024-11,正常缴纳
510100000000004619,COMP0054,单位175,3493,978.0400000000001,2024-11,一次性补缴
510100000000000450,COMP0140,单位124,20000,5600.000000000001,2025-07,正常缴纳
510100000000004766,COMP0186,单位097,12000,3360.0000000000005,2025-08,正常缴纳
510100000000001052,COMP0089,单位119,30000,8400.0,2024-03,一次性补缴
510100000000004409,COMP0036,单位028,30000,8400.0,2025-03,正常缴纳
510100000000000106,COMP0089,单位169,30000,8400.0,2024-09,正常缴纳
510100000000001250,COMP0084,单位076,12000,3360.0000000000005,2024-02,一次性补缴
510100000000002769,COMP0158,单位072,5000,1400.0000000000002,2024-03,正常缴纳
510100000000003381,COMP0071,单位085,3493,978.0400000000001,2025-11,正常缴纳
510100000000003099,COMP0192,单位108,8000,2240.0,2024-05,一次性补缴
510100000000004508,COMP0167,单位057,8000,2240.0,2024-12,正常缴纳
510100000000003119,COMP0150,单位158,20000,5600.000000000001,2025-07,正常缴纳
510100000000004351,COMP0061,单位096,12000,3360.0000000000005,2025-01,一次性补缴
510100000000002427,COMP0187,单位093,20000,5600.000000000001,2024-07,正常缴纳
510100000000002976,COMP0050,单位135,30000,8400.0,2025-03,一次性补缴
510100000000003101,COMP0059,单位009,12000,3360.0000000000005,2025-04,正常缴纳
510100000000002838,COMP0191,单位022,3493,978.0400000000001,2024-10,一次性补缴
510100000000001258,COMP0197,单位090,3493,978.0400000000001,2024-01,一次性补缴
510100000000003365,COMP0139,单位160,3493,978.0400000000001,2025-08,一次性补缴
510100000000001902,COMP0042,单位136,5000,1400.0000000000002,2025-05,正常缴纳
510100000000003653,COMP0005,单位067,20000,5600.000000000001,2024-11,一次性补缴
510100000000000328,COMP0035,单位083,8000,2240.0,2024-02,正常缴纳
510100000000003273,COMP0148,单位001,5000,1400.0000000000002,2025-05,正常缴纳
510100000000004901,COMP0161,单位067,8000,2240.0,2025-03,正常缴纳
510100000000001685,COMP0068,单位017,20000,5600.000000000001,2024-05,正常缴纳
510100000000001015,COMP0030,单位170,20000,5600.000000000001,2024-01,一次性补缴
510100000000004055,COMP0147,单位169,8000,2240.0,2025-02,正常缴纳
510100000000002565,COMP0109,单位095,12000,3360.0000000000005,2024-02,正常缴纳
510100000000002948,COMP0068,单位098,5000,1400.0000000000002,2024-02,正常缴纳
510100000000000987,COMP0124,单位062,8000,2240.0,2024-05,一次性补缴
510100000000002588,COMP0102,单位101,8000,2240.0,2025-12,正常缴纳
510100000000002844,COMP0059,单位143,20000,5600.000000000001,2025-12,正常缴纳
510100000000002131,COMP0121,单位057,12000,3360.0000000000005,2024-12,正常缴纳
510100000000001317,COMP0145,单位027,3493,978.0400000000001,2024-11,一次性补缴
510100000000001473,COMP0182,单位157,5000,1400.0000000000002,2024-08,一次性补缴
510100000000002312,COMP0155,单位184,3493,978.0400000000001,2024-09,正常缴纳
510100000000004501,COMP0099,单位161,12000,3360.0000000000005,2024-08,正常缴纳
510100000000000172,COMP0173,单位026,8000,2240.0,2025-03,正常缴纳
510100000000004620,COMP0063,单位013,12000,3360.0000000000005,2025-09,正常缴纳
510100000000003102,COMP0017,单位137,3493,978.0400000000001,2024-09,正常缴纳
510100000000002445,COMP0025,单位122,20000,5600.000000000001,2025-09,正常缴纳
510100000000003683,COMP0170,单位170,3493,978.0400000000001,2024-04,一次性补缴
510100000000003310,COMP0090,单位111,3493,978.0400000000001,2025-01,正常缴纳
510100000000002694,COMP0012,单位166,8000,2240.0,2025-03,正常缴纳
510100000000002100,COMP0160,单位100,5000,1400.0000000000002,2024-03,正常缴纳
510100000000001077,COMP0146,单位001,8000,2240.0,2024-05,一次性补缴
510100000000001903,COMP0129,单位116,12000,3360.0000000000005,2025-10,正常缴纳
510100000000004839,COMP0070,单位092,30000,8400.0,2024-01,一次性补缴
510100000000001559,COMP0148,单位160,8000,2240.0,2024-11,一次性补缴
510100000000000111,COMP0130,单位068,8000,2240.0,2024-12,正常缴纳
510100000000002939,COMP0096,单位145,12000,3360.0000000000005,2024-01,正常缴纳
510100000000003723,COMP0160,单位038,20000,5600.000000000001,2024-01,正常缴纳
510100000000004972,COMP0040,单位152,30000,8400.0,2025-03,正常缴纳
510100000000001241,COMP0180,单位145,20000,5600.000000000001,2024-05,正常缴纳
510100000000001633,COMP0075,单位119,12000,3360.0000000000005,2025-01,正常缴纳
510100000000000335,COMP0063,单位057,5000,1400.0000000000002,2024-01,一次性补缴
510100000000000959,COMP0086,单位071,5000,1400.0000000000002,2024-02,一次性补缴
510100000000004979,COMP0075,单位143,3493,978.0400000000001,2024-07,正常缴纳
510100000000004187,COMP0013,单位034,20000,5600.000000000001,2025-06,一次性补缴
510100000000004477,COMP0168,单位198,12000,3360.0000000000005,2024-12,正常缴纳
510100000000000500,COMP0050,单位186,8000,2240.0,2025-04,一次性补缴
510100000000001115,COMP0093,单位083,12000,3360.0000000000005,2024-11,正常缴纳
510100000000002051,COMP0169,单位025,5000,1400.0000000000002,2025-09,正常缴纳
510100000000002815,COMP0141,单位137,5000,1400.0000000000002,2025-04,正常缴纳
510100000000001573,COMP0091,单位052,3493,978.0400000000001,2024-04,正常缴纳
510100000000004140,COMP0059,单位122,8000,2240.0,2024-12,正常缴纳
510100000000003329,COMP0029,单位146,30000,8400.0,2024-08,一次性补缴
510100000000001675,COMP0053,单位045,30000,8400.0,2025-02,正常缴纳
510100000000002838,COMP0062,单位054,12000,3360.0000000000005,2025-07,正常缴纳
510100000000002983,COMP0014,单位098,5000,1400.0000000000002,2025-08,一次性补缴
510100000000002460,COMP0100,单位061,8000,2240.0,2024-04,正常缴纳
510100000000000190,COMP0078,单位046,3493,978.0400000000001,2024-09,正常缴纳
510100000000003372,COMP0181,单位017,12000,3360.0000000000005,2024-02,正常缴纳
510100000000003451,COMP0109,单位028,12000,3360.0000000000005,2024-09,正常缴纳
510100000000004832,COMP0118,单位164,3493,978.0400000000001,2024-04,正常缴纳
510100000000004075,COMP0019,单位175,3493,978.0400000000001,2024-10,正常缴纳
510100000000001493,COMP0193,单位095,8000,2240.0,2024-03,正常缴纳
510100000000002998,COMP0182,单位076,12000,3360.0000000000005,2024-11,一次性补缴
510100000000002449,COMP0128,单位055,30000,8400.0,2025-01,正常缴纳
510100000000003888,COMP0188,单位113,12000,3360.0000000000005,2024-07,正常缴纳
510100000000004693,COMP0136,单位143,30000,8400.0,2025-07,正常缴纳
510100000000003081,COMP0003,单位046,3493,978.0400000000001,2025-03,正常缴纳
510100000000001554,COMP0062,单位098,3493,978.0400000000001,2024-11,一次性补缴
510100000000002700,COMP0144,单位144,12000,3360.0000000000005,2024-07,一次性补缴
510100000000001747,COMP0041,单位048,20000,5600.000000000001,2024-07,正常缴纳
510100000000003679,COMP0109,单位104,12000,3360.0000000000005,2025-07,正常缴纳
510100000000000599,COMP0093,单位174,3493,978.0400000000001,2025-06,一次性补缴
510100000000001576,COMP0003,单位121,20000,5600.000000000001,2024-09,正常缴纳
510100000000004778,COMP0162,单位055,20000,5600.000000000001,2025-05,一次性补缴
510100000000003953,COMP0052,单位019,30000,8400.0,2025-12,正常缴纳
510100000000001634,COMP0144,单位199,20000,5600.000000000001,2024-03,正常缴纳
510100000000003505,COMP0035,单位189,12000,3360.0000000000005,2024-05,正常缴纳
510100000000002413,COMP0004,单位145,5000,1400.0000000000002,2024-05,一次性补缴
510100000000002870,COMP0199,单位151,3493,978.0400000000001,2024-01,一次性补缴
510100000000001098,COMP0098,单位127,8000,2240.0,2024-05,正常缴纳
510100000000003327,COMP0062,单位053,20000,5600.000000000001,2024-04,正常缴纳
510100000000001985,COMP0100,单位176,5000,1400.0000000000002,2025-11,正常缴纳
510100000000002808,COMP0076,单位003,3493,978.0400000000001,2024-09,一次性补缴
510100000000002333,COMP0143,单位074,30000,8400.0,2024-11,正常缴纳
510100000000002205,COMP0174,单位192,30000,8400.0,2025-03,正常缴纳
510100000000001730,COMP0036,单位090,30000,8400.0,2024-10,一次性补缴
510100000000002760,COMP0046,单位107,5000,1400.0000000000002,2025-02,一次性补缴
510100000000004668,COMP0168,单位003,12000,3360.0000000000005,2025-07,正常缴纳
510100000000004095,COMP0064,单位077,3493,978.0400000000001,2024-03,正常缴纳
510100000000000782,COMP0021,单位062,8000,2240.0,2024-12,一次性补缴
510100000000004674,COMP0094,单位058,20000,5600.000000000001,2025-02,正常缴纳
510100000000000256,COMP0048,单位113,3493,978.0400000000001,2025-10,正常缴纳
510100000000004977,COMP0019,单位110,30000,8400.0,2024-09,正常缴纳
510100000000004350,COMP0126,单位134,12000,3360.0000000000005,2024-07,正常缴纳
510100000000002694,COMP0045,单位173,8000,2240.0,2024-01,正常缴纳
510100000000002166,COMP0047,单位046,8000,2240.0,2024-03,正常缴纳
510100000000004451,COMP0189,单位065,20000,5600.000000000001,2024-08,正常缴纳
510100000000001645,COMP0071,单位033,8000,2240.0,2024-04,一次性补缴
510100000000003201,COMP0017,单位065,8000,2240.0,2025-06,一次性补缴
510100000000003552,COMP0154,单位163,20000,5600.000000000001,2024-11,正常缴纳
510100000000004456,COMP0031,单位182,12000,3360.0000000000005,2024-01,正常缴纳
510100000000002068,COMP0184,单位037,5000,1400.0000000000002,2025-01,正常缴纳
510100000000000612,COMP0119,单位085,12000,3360.0000000000005,2025-10,正常缴纳
510100000000002919,COMP0190,单位072,20000,5600.000000000001,2024-03,正常缴纳
510100000000000752,COMP0134,单位157,5000,1400.0000000000002,2024-03,正常缴纳
510100000000001341,COMP0158,单位103,3493,978.0400000000001,2025-04,正常缴纳
510100000000004049,COMP0052,单位049,5000,1400.0000000000002,2025-04,一次性补缴
510100000000003637,COMP0119,单位133,30000,8400.0,2024-02,正常缴纳
510100000000000592,COMP0085,单位083,12000,3360.0000000000005,2024-03,正常缴纳
510100000000002793,COMP0198,单位003,20000,5600.000000000001,2024-10,一次性补缴
510100000000004224,COMP0115,单位182,12000,3360.0000000000005,2025-04,正常缴纳
510100000000000293,COMP0172,单位082,3493,978.0400000000001,2024-03,正常缴纳
510100000000001772,COMP0048,单位114,30000,8400.0,2025-03,正常缴纳
510100000000001924,COMP0061,单位089,30000,8400.0,2025-05,正常缴纳
510100000000002362,COMP0167,单位054,3493,978.0400000000001,2025-05,一次性补缴
510100000000001642,COMP0078,单位077,12000,3360.0000000000005,2024-08,正常缴纳
510100000000001470,COMP0180,单位047,20000,5600.000000000001,2025-07,正常缴纳
510100000000001336,COMP0105,单位095,8000,2240.0,2024-10,正常缴纳
510100000000003199,COMP0161,单位076,8000,2240.0,2024-02,一次性补缴
510100000000004826,COMP0056,单位145,12000,3360.0000000000005,2025-05,正常缴纳
510100000000004691,COMP0136,单位146,5000,1400.0000000000002,2024-02,正常缴纳
510100000000001537,COMP0076,单位179,20000,5600.000000000001,2025-11,正常缴纳
510100000000000814,COMP0030,单位056,5000,1400.0000000000002,2024-10,一次性补缴
510100000000003573,COMP0195,单位165,8000,2240.0,2025-02,一次性补缴
510100000000004650,COMP0182,单位100,20000,5600.000000000001,2024-06,正常缴纳
510100000000002504,COMP0140,单位129,12000,3360.0000000000005,2025-01,一次性补缴
510100000000003186,COMP0196,单位142,12000,3360.0000000000005,2024-09,正常缴纳
510100000000003822,COMP0106,单位145,5000,1400.0000000000002,2024-04,一次性补缴
510100000000001901,COMP0131,单位025,20000,5600.000000000001,2024-12,正常缴纳
510100000000002687,COMP0001,单位173,3493,978.0400000000001,2025-07,正常缴纳
510100000000002221,COMP0045,单位087,8000,2240.0,2024-11,正常缴纳
510100000000004338,COMP0013,单位140,3493,978.0400000000001,2024-05,一次性补缴
510100000000004103,COMP0024,单位167,12000,3360.0000000000005,2024-10,正常缴纳
510100000000003978,COMP0094,单位037,12000,3360.0000000000005,2024-03,一次性补缴
510100000000000454,COMP0188,单位053,5000,1400.0000000000002,2025-02,正常缴纳
510100000000004391,COMP0152,单位178,3493,978.0400000000001,2024-04,一次性补缴
510100000000001511,COMP0102,单位183,8000,2240.0,2025-01,正常缴纳
510100000000001202,COMP0077,单位035,12000,3360.0000000000005,2025-02,正常缴纳
510100000000004081,COMP0171,单位032,30000,8400.0,2024-07,正常缴纳
510100000000000188,COMP0018,单位071,30000,8400.0,2025-08,一次性补缴
510100000000004017,COMP0005,单位182,30000,8400.0,2024-06,正常缴纳
510100000000001625,COMP0079,单位166,30000,8400.0,2024-10,正常缴纳
510100000000000640,COMP0078,单位036,3493,978.0400000000001,2024-12,正常缴纳
510100000000002365,COMP0087,单位174,8000,2240.0,2025-03,正常缴纳
510100000000004174,COMP0125,单位061,5000,1400.0000000000002,2024-09,正常缴纳
510100000000004286,COMP0132,单位042,8000,2240.0,2025-07,正常缴纳
510100000000002549,COMP0193,单位022,30000,8400.0,2024-06,正常缴纳
510100000000004185,COMP0179,单位058,8000,2240.0,2024-07,一次性补缴
510100000000000818,COMP0151,单位090,30000,8400.0,2025-07,正常缴纳
510100000000004525,COMP0038,单位111,3493,978.0400000000001,2024-07,正常缴纳
510100000000000689,COMP0067,单位041,5000,1400.0000000000002,2024-05,正常缴纳
510100000000004303,COMP0016,单位044,20000,5600.000000000001,2025-11,正常缴纳
510100000000001553,COMP0147,单位051,30000,8400.0,2025-03,正常缴纳
510100000000002392,COMP0054,单位049,30000,8400.0,2025-06,一次性补缴
510100000000000291,COMP0103,单位036,8000,2240.0,2024-06,正常缴纳
510100000000003909,COMP0079,单位093,5000,1400.0000000000002,2024-12,正常缴纳
510100000000002579,COMP0033,单位143,5000,1400.0000000000002,2024-08,正常缴纳
510100000000003081,COMP0079,单位037,5000,1400.0000000000002,2024-08,正常缴纳
510100000000000741,COMP0079,单位037,20000,5600.000000000001,2024-11,一次性补缴
510100000000002976,COMP0003,单位104,20000,5600.000000000001,2024-12,正常缴纳
510100000000001944,COMP0096,单位086,8000,2240.0,2025-08,正常缴纳
510100000000004581,COMP0146,单位092,12000,3360.0000000000005,2025-11,一次性补缴
510100000000002171,COMP0004,单位169,5000,1400.0000000000002,2024-02,正常缴纳
510100000000003334,COMP0032,单位023,20000,5600.000000000001,2024-08,正常缴纳
510100000000000175,COMP0029,单位165,20000,5600.000000000001,2024-06,正常缴纳
510100000000003367,COMP0139,单位078,12000,3360.0000000000005,2025-01,正常缴纳
510100000000004780,COMP0049,单位123,5000,1400.0000000000002,2024-10,一次性补缴
510100000000002684,COMP0071,单位039,12000,3360.0000000000005,2025-11,正常缴纳
510100000000002559,COMP0081,单位132,12000,3360.0000000000005,2024-05,正常缴纳
510100000000004759,COMP0018,单位027,30000,8400.0,2025-11,一次性补缴
510100000000001658,COMP0128,单位112,5000,1400.0000000000002,2024-04,正常缴纳
510100000000004087,COMP0042,单位160,30000,8400.0,2025-03,正常缴纳
510100000000003347,COMP0195,单位068,12000,3360.0000000000005,2025-10,正常缴纳
510100000000002471,COMP0151,单位180,8000,2240.0,2025-05,正常缴纳
510100000000003883,COMP0125,单位042,20000,5600.000000000001,2024-05,正常缴纳
510100000000003795,COMP0160,单位044,8000,2240.0,2024-05,正常缴纳
510100000000003860,COMP0078,单位150,30000,8400.0,2025-07,正常缴纳
510100000000004922,COMP0082,单位052,20000,5600.000000000001,2024-07,正常缴纳
510100000000001961,COMP0071,单位155,3493,978.0400000000001,2025-12,正常缴纳
510100000000004167,COMP0070,单位004,20000,5600.000000000001,2025-11,正常缴纳
510100000000000379,COMP0134,单位036,5000,1400.0000000000002,2024-07,正常缴纳
510100000000002183,COMP0143,单位191,5000,1400.0000000000002,2024-01,正常缴纳
510100000000002566,COMP0112,单位076,5000,1400.0000000000002,2024-12,正常缴纳
510100000000002162,COMP0114,单位126,30000,8400.0,2025-05,一次性补缴
510100000000003173,COMP0114,单位174,20000,5600.000000000001,2025-12,正常缴纳
510100000000001228,COMP0107,单位195,3493,978.0400000000001,2024-02,正常缴纳
510100000000001164,COMP0180,单位108,5000,1400.0000000000002,2025-08,一次性补缴
510100000000004398,COMP0124,单位080,8000,2240.0,2025-04,正常缴纳
510100000000004875,COMP0112,单位153,30000,8400.0,2025-04,正常缴纳
510100000000003617,COMP0141,单位166,30000,8400.0,2025-07,一次性补缴
510100000000003366,COMP0077,单位171,12000,3360.0000000000005,2025-11,正常缴纳
510100000000004468,COMP0082,单位090,5000,1400.0000000000002,2024-10,正常缴纳
510100000000001805,COMP0014,单位157,20000,5600.000000000001,2024-02,正常缴纳
510100000000000456,COMP0193,单位068,20000,5600.000000000001,2025-07,正常缴纳
510100000000004969,COMP0104,单位131,30000,8400.0,2025-08,正常缴纳
510100000000001267,COMP0171,单位137,5000,1400.0000000000002,2024-12,正常缴纳
510100000000000367,COMP0058,单位025,20000,5600.000000000001,2024-06,一次性补缴
510100000000002640,COMP0044,单位059,5000,1400.0000000000002,2024-07,正常缴纳
510100000000000785,COMP0183,单位161,12000,3360.0000000000005,2025-10,正常缴纳
510100000000002702,COMP0181,单位062,20000,5600.000000000001,2025-10,正常缴纳
510100000000001366,COMP0171,单位050,3493,978.0400000000001,2025-11,正常缴纳
510100000000001489,COMP0040,单位031,20000,5600.000000000001,2024-06,正常缴纳
510100000000003389,COMP0136,单位051,3493,978.0400000000001,2024-04,一次性补缴
510100000000002327,COMP0041,单位049,8000,2240.0,2025-01,正常缴纳
510100000000004361,COMP0078,单位135,12000,3360.0000000000005,2025-06,正常缴纳
510100000000000175,COMP0165,单位164,8000,2240.0,2025-08,正常缴纳
510100000000002105,COMP0081,单位086,8000,2240.0,2025-02,一次性补缴
510100000000004807,COMP0022,单位149,20000,5600.000000000001,2024-05,正常缴纳
510100000000002503,COMP0147,单位005,3493,978.0400000000001,2024-03,正常缴纳
510100000000004236,COMP0127,单位150,5000,1400.0000000000002,2024-07,正常缴纳
510100000000003041,COMP0164,单位035,8000,2240.0,2024-04,正常缴纳
510100000000004291,COMP0126,单位175,20000,5600.000000000001,2025-07,一次性补缴
510100000000002202,COMP0069,单位108,30000,8400.0,2024-03,正常缴纳
510100000000000654,COMP0160,单位029,12000,3360.0000000000005,2024-06,正常缴纳
510100000000002274,COMP0028,单位133,8000,2240.0,2024-08,一次性补缴
510100000000004943,COMP0105,单位018,30000,8400.0,2024-11,正常缴纳
510100000000000156,COMP0010,单位134,5000,1400.0000000000002,2025-09,一次性补缴
510100000000002788,COMP0034,单位083,12000,3360.0000000000005,2024-04,一次性补缴
510100000000000203,COMP0031,单位080,5000,1400.0000000000002,2025-01,正常缴纳
510100000000001315,COMP0198,单位125,12000,3360.0000000000005,2025-07,正常缴纳
510100000000002916,COMP0046,单位080,12000,3360.0000000000005,2024-12,正常缴纳
510100000000001367,COMP0058,单位091,3493,978.0400000000001,2024-09,正常缴纳
510100000000003059,COMP0143,单位076,5000,1400.0000000000002,2024-05,正常缴纳
510100000000002632,COMP0088,单位103,20000,5600.000000000001,2025-01,一次性补缴
510100000000004453,COMP0058,单位175,5000,1400.0000000000002,2024-09,正常缴纳
510100000000004488,COMP0131,单位073,3493,978.0400000000001,2025-09,正常缴纳
510100000000004115,COMP0081,单位182,12000,3360.0000000000005,2025-10,正常缴纳
510100000000002415,COMP0131,单位107,12000,3360.0000000000005,2024-12,正常缴纳
510100000000001716,COMP0174,单位080,8000,2240.0,2025-06,正常缴纳
510100000000000368,COMP0034,单位031,20000,5600.000000000001,2025-11,一次性补缴
510100000000001818,COMP0007,单位049,30000,8400.0,2025-08,一次性补缴
510100000000003064,COMP0047,单位172,3493,978.0400000000001,2024-07,正常缴纳
510100000000000558,COMP0093,单位176,30000,8400.0,2025-02,正常缴纳
510100000000004038,COMP0027,单位141,8000,2240.0,2024-01,正常缴纳
510100000000002569,COMP0121,单位033,8000,2240.0,2025-05,正常缴纳
510100000000003974,COMP0162,单位071,3493,978.0400000000001,2024-09,正常缴纳
510100000000003894,COMP0007,单位084,12000,3360.0000000000005,2025-11,正常缴纳
510100000000002810,COMP0057,单位091,30000,8400.0,2025-10,正常缴纳
510100000000003753,COMP0102,单位106,20000,5600.000000000001,2024-10,一次性补缴
510100000000003913,COMP0195,单位135,30000,8400.0,2024-02,正常缴纳
510100000000001868,COMP0058,单位085,3493,978.0400000000001,2024-09,正常缴纳
510100000000004560,COMP0073,单位168,20000,5600.000000000001,2025-04,正常缴纳
510100000000002630,COMP0145,单位103,30000,8400.0,2025-05,正常缴纳
510100000000003791,COMP0031,单位163,5000,1400.0000000000002,2024-08,一次性补缴
510100000000000126,COMP0085,单位015,30000,8400.0,2025-02,一次性补缴
510100000000004378,COMP0002,单位074,12000,3360.0000000000005,2025-05,正常缴纳
510100000000002371,COMP0141,单位081,20000,5600.000000000001,2024-07,正常缴纳
510100000000004987,COMP0037,单位030,5000,1400.0000000000002,2024-07,正常缴纳
510100000000000131,COMP0066,单位120,20000,5600.000000000001,2025-11,正常缴纳
510100000000002156,COMP0037,单位067,3493,978.0400000000001,2025-11,一次性补缴
510100000000002303,COMP0179,单位107,3493,978.0400000000001,2025-12,正常缴纳
510100000000002088,COMP0101,单位113,5000,1400.0000000000002,2024-06,一次性补缴
510100000000000718,COMP0055,单位110,30000,8400.0,2025-02,正常缴纳
510100000000002933,COMP0169,单位042,12000,3360.0000000000005,2024-12,正常缴纳
510100000000002514,COMP0164,单位048,3493,978.0400000000001,2024-09,一次性补缴
510100000000000361,COMP0008,单位110,3493,978.0400000000001,2024-12,正常缴纳
510100000000002241,COMP0140,单位027,3493,978.0400000000001,2025-07,正常缴纳
510100000000003084,COMP0181,单位100,5000,1400.0000000000002,2024-01,正常缴纳
510100000000002654,COMP0145,单位072,30000,8400.0,2024-11,正常缴纳
510100000000004821,COMP0004,单位125,5000,1400.0000000000002,2024-11,正常缴纳
510100000000000570,COMP0189,单位196,20000,5600.000000000001,2025-02,正常缴纳
510100000000000008,COMP0020,单位149,30000,8400.0,2024-01,一次性补缴
510100000000001617,COMP0067,单位133,12000,3360.0000000000005,2025-05,一次性补缴
510100000000004015,COMP0147,单位145,30000,8400.0,2025-07,正常缴纳
510100000000003561,COMP0035,单位088,12000,3360.0000000000005,2024-01,正常缴纳
510100000000003593,COMP0057,单位199,8000,2240.0,2024-07,正常缴纳
510100000000004860,COMP0119,单位080,5000,1400.0000000000002,2025-09,一次性补缴
510100000000003041,COMP0168,单位028,30000,8400.0,2025-04,一次性补缴
510100000000004007,COMP0059,单位171,12000,3360.0000000000005,2025-11,正常缴纳
510100000000002181,COMP0119,单位122,3493,978.0400000000001,2024-03,正常缴纳
510100000000003492,COMP0127,单位087,5000,1400.0000000000002,2024-09,正常缴纳
510100000000001371,COMP0051,单位071,20000,5600.000000000001,2025-08,正常缴纳
510100000000004274,COMP0039,单位183,5000,1400.0000000000002,2025-04,正常缴纳
510100000000004800,COMP0085,单位173,3493,978.0400000000001,2024-05,正常缴纳
510100000000000318,COMP0043,单位156,3493,978.0400000000001,2025-09,正常缴纳
510100000000000728,COMP0008,单位162,20000,5600.000000000001,2024-01,一次性补缴
510100000000002506,COMP0047,单位025,5000,1400.0000000000002,2024-02,一次性补缴
510100000000004706,COMP0096,单位034,12000,3360.0000000000005,2024-04,正常缴纳
510100000000003291,COMP0008,单位155,20000,5600.000000000001,2025-02,正常缴纳
510100000000002479,COMP0129,单位008,5000,1400.0000000000002,2025-05,正常缴纳
510100000000003330,COMP0135,单位100,20000,5600.000000000001,2024-11,正常缴纳
510100000000001870,COMP0038,单位122,12000,3360.0000000000005,2025-01,正常缴纳
510100000000000124,COMP0056,单位191,30000,8400.0,2024-10,正常缴纳
510100000000001831,COMP0182,单位159,5000,1400.0000000000002,2024-04,正常缴纳
510100000000001752,COMP0144,单位150,5000,1400.0000000000002,2025-05,正常缴纳
510100000000003331,COMP0189,单位122,3493,978.0400000000001,2024-09,正常缴纳
510100000000001707,COMP0143,单位061,12000,3360.0000000000005,2025-08,一次性补缴
510100000000001612,COMP0047,单位075,20000,5600.000000000001,2024-05,一次性补缴
510100000000002079,COMP0158,单位018,8000,2240.0,2024-03,正常缴纳
510100000000000294,COMP0179,单位115,8000,2240.0,2025-04,一次性补缴
510100000000003970,COMP0083,单位123,30000,8400.0,2024-08,正常缴纳
510100000000001401,COMP0151,单位119,20000,5600.000000000001,2025-02,一次性补缴
510100000000004618,COMP0138,单位131,5000,1400.0000000000002,2025-07,正常缴纳
510100000000004071,COMP0136,单位102,12000,3360.0000000000005,2024-12,正常缴纳
510100000000002485,COMP0051,单位043,30000,8400.0,2025-02,正常缴纳
510100000000003609,COMP0112,单位197,3493,978.0400000000001,2025-09,正常缴纳
510100000000003459,COMP0098,单位155,5000,1400.0000000000002,2024-10,正常缴纳
510100000000000657,COMP0189,单位004,20000,5600.000000000001,2024-02,一次性补缴
510100000000000403,COMP0020,单位174,30000,8400.0,2024-10,一次性补缴
510100000000002641,COMP0105,单位140,5000,1400.0000000000002,2025-08,一次性补缴
510100000000001957,COMP0046,单位136,20000,5600.000000000001,2024-11,正常缴纳
510100000000003621,COMP0111,单位015,12000,3360.0000000000005,2025-05,一次性补缴
510100000000004370,COMP0197,单位120,5000,1400.0000000000002,2024-09,正常缴纳
510100000000003748,COMP0194,单位007,3493,978.0400000000001,2025-11,正常缴纳
510100000000003015,COMP0056,单位160,12000,3360.0000000000005,2025-05,正常缴纳
510100000000001484,COMP0139,单位093,3493,978.0400000000001,2025-04,正常缴纳
510100000000001858,COMP0184,单位051,8000,2240.0,2024-05,正常缴纳
510100000000004439,COMP0168,单位145,30000,8400.0,2024-02,正常缴纳
510100000000004356,COMP0106,单位188,12000,3360.0000000000005,2024-04,一次性补缴
510100000000004677,COMP0056,单位054,3493,978.0400000000001,2024-03,正常缴纳
510100000000003950,COMP0107,单位120,12000,3360.0000000000005,2024-12,正常缴纳
510100000000001310,COMP0028,单位135,20000,5600.000000000001,2025-09,正常缴纳
510100000000002074,COMP0076,单位117,8000,2240.0,2024-11,正常缴纳
510100000000004961,COMP0033,单位091,5000,1400.0000000000002,2025-08,正常缴纳
510100000000000524,COMP0024,单位069,30000,8400.0,2025-07,正常缴纳
510100000000003101,COMP0049,单位171,8000,2240.0,2025-04,正常缴纳
510100000000002023,COMP0177,单位139,12000,3360.0000000000005,2025-03,正常缴纳
510100000000004459,COMP0054,单位023,20000,5600.000000000001,2025-03,正常缴纳
510100000000002251,COMP0126,单位157,5000,1400.0000000000002,2024-10,正常缴纳
510100000000000760,COMP0006,单位008,12000,3360.0000000000005,2024-12,正常缴纳
510100000000000253,COMP0034,单位147,30000,8400.0,2025-02,一次性补缴
510100000000003236,COMP0038,单位143,30000,8400.0,2025-08,正常缴纳
510100000000001781,COMP0198,单位118,20000,5600.000000000001,2025-04,正常缴纳
510100000000000879,COMP0001,单位167,30000,8400.0,2025-01,一次性补缴
510100000000002641,COMP0150,单位099,30000,8400.0,2024-08,正常缴纳
510100000000003957,COMP0197,单位025,12000,3360.0000000000005,2024-09,一次性补缴
510100000000001964,COMP0063,单位055,8000,2240.0,2025-02,正常缴纳
510100000000003865,COMP0199,单位092,8000,2240.0,2025-05,一次性补缴
510100000000001464,COMP0078,单位112,5000,1400.0000000000002,2024-07,一次性补缴
510100000000000789,COMP0028,单位043,30000,8400.0,2025-02,一次性补缴
510100000000001491,COMP0124,单位109,20000,5600.000000000001,2025-07,正常缴纳
510100000000002676,COMP0114,单位096,5000,1400.0000000000002,2024-12,正常缴纳
510100000000001966,COMP0053,单位084,8000,2240.0,2025-09,正常缴纳
510100000000001003,COMP0103,单位107,30000,8400.0,2024-01,正常缴纳
510100000000003925,COMP0119,单位176,3493,978.0400000000001,2024-05,正常缴纳
510100000000000667,COMP0129,单位053,3493,978.0400000000001,2024-07,正常缴纳
510100000000000012,COMP0047,单位192,20000,5600.000000000001,2025-12,正常缴纳
510100000000002145,COMP0087,单位074,12000,3360.0000000000005,2024-09,正常缴纳
510100000000002796,COMP0196,单位135,3493,978.0400000000001,2024-02,一次性补缴
510100000000003167,COMP0005,单位121,30000,8400.0,2025-01,一次性补缴
510100000000004413,COMP0163,单位190,12000,3360.0000000000005,2024-05,正常缴纳
510100000000000020,COMP0143,单位151,5000,1400.0000000000002,2025-06,正常缴纳
510100000000000065,COMP0167,单位007,5000,1400.0000000000002,2025-07,一次性补缴
510100000000000342,COMP0157,单位153,5000,1400.0000000000002,2025-02,正常缴纳
510100000000002530,COMP0049,单位032,5000,1400.0000000000002,2025-03,正常缴纳
510100000000001779,COMP0158,单位081,30000,8400.0,2025-04,一次性补缴
510100000000000779,COMP0033,单位186,8000,2240.0,2025-09,正常缴纳
510100000000002130,COMP0055,单位131,5000,1400.0000000000002,2024-03,正常缴纳
510100000000000676,COMP0144,单位025,8000,2240.0,2024-01,正常缴纳
510100000000003075,COMP0066,单位060,30000,8400.0,2024-06,正常缴纳
510100000000003300,COMP0100,单位119,3493,978.0400000000001,2024-08,一次性补缴
510100000000003057,COMP0173,单位165,20000,5600.000000000001,2025-08,正常缴纳
510100000000003646,COMP0118,单位114,8000,2240.0,2025-06,一次性补缴
510100000000000797,COMP0001,单位063,20000,5600.000000000001,2025-12,正常缴纳
510100000000004133,COMP0052,单位078,3493,978.0400000000001,2024-02,正常缴纳
510100000000003677,COMP0196,单位007,30000,8400.0,2025-03,正常缴纳
510100000000004030,COMP0139,单位037,30000,8400.0,2025-03,一次性补缴
510100000000002694,COMP0059,单位123,8000,2240.0,2024-07,一次性补缴
510100000000000484,COMP0092,单位164,8000,2240.0,2025-11,正常缴纳
510100000000001709,COMP0083,单位157,3493,978.0400000000001,2025-02,正常缴纳
510100000000003638,COMP0155,单位135,20000,5600.000000000001,2024-03,正常缴纳
510100000000004264,COMP0139,单位005,3493,978.0400000000001,2025-08,一次性补缴
510100000000004233,COMP0028,单位007,5000,1400.0000000000002,2025-05,正常缴纳
510100000000002473,COMP0136,单位178,8000,2240.0,2024-05,正常缴纳
510100000000000106,COMP0048,单位138,12000,3360.0000000000005,2024-07,正常缴纳
510100000000001688,COMP0112,单位006,20000,5600.000000000001,2024-01,正常缴纳
510100000000003410,COMP0166,单位075,5000,1400.0000000000002,2025-09,正常缴纳
510100000000002017,COMP0018,单位089,8000,2240.0,2025-02,正常缴纳
510100000000002782,COMP0114,单位107,30000,8400.0,2025-07,正常缴纳
510100000000004926,COMP0014,单位187,20000,5600.000000000001,2025-02,正常缴纳
510100000000003864,COMP0044,单位121,30000,8400.0,2024-12,一次性补缴
510100000000003133,COMP0053,单位053,20000,5600.000000000001,2025-03,正常缴纳
510100000000001834,COMP0050,单位199,3493,978.0400000000001,2024-04,正常缴纳
510100000000002353,COMP0055,单位125,5000,1400.0000000000002,2025-03,一次性补缴
510100000000001434,COMP0189,单位019,30000,8400.0,2024-11,正常缴纳
510100000000001955,COMP0128,单位139,3493,978.0400000000001,2025-04,一次性补缴
510100000000003903,COMP0001,单位089,12000,3360.0000000000005,2025-11,正常缴纳
510100000000003026,COMP0093,单位168,5000,1400.0000000000002,2024-04,一次性补缴
510100000000001103,COMP0111,单位165,3493,978.0400000000001,2025-11,正常缴纳
510100000000004613,COMP0123,单位044,3493,978.0400000000001,2025-10,正常缴纳
510100000000004909,COMP0102,单位170,30000,8400.0,2025-02,正常缴纳
510100000000004037,COMP0115,单位163,12000,3360.0000000000005,2025-03,一次性补缴
510100000000000947,COMP0109,单位068,12000,3360.0000000000005,2025-07,正常缴纳
510100000000002113,COMP0144,单位135,12000,3360.0000000000005,2024-11,正常缴纳
510100000000004089,COMP0017,单位113,3493,978.0400000000001,2025-09,一次性补缴
510100000000000522,COMP0141,单位159,20000,5600.000000000001,2024-06,正常缴纳
510100000000000147,COMP0010,单位083,30000,8400.0,2024-10,正常缴纳
510100000000002439,COMP0133,单位172,20000,5600.000000000001,2025-03,一次性补缴
510100000000001223,COMP0117,单位049,5000,1400.0000000000002,2024-04,一次性补缴
510100000000003372,COMP0061,单位172,5000,1400.0000000000002,2025-12,正常缴纳
510100000000000616,COMP0026,单位095,5000,1400.0000000000002,2024-04,正常缴纳
510100000000002184,COMP0078,单位036,20000,5600.000000000001,2025-11,正常缴纳
510100000000003920,COMP0141,单位148,20000,5600.000000000001,2024-03,正常缴纳
510100000000001360,COMP0150,单位153,3493,978.0400000000001,2024-11,正常缴纳
510100000000002955,COMP0143,单位086,30000,8400.0,2025-04,正常缴纳
510100000000001334,COMP0160,单位022,20000,5600.000000000001,2024-11,正常缴纳
510100000000000234,COMP0179,单位136,3493,978.0400000000001,2024-01,正常缴纳
510100000000004370,COMP0128,单位142,5000,1400.0000000000002,2024-07,正常缴纳
510100000000004967,COMP0139,单位175,3493,978.0400000000001,2025-02,正常缴纳
510100000000003032,COMP0064,单位087,8000,2240.0,2025-01,正常缴纳
510100000000003039,COMP0190,单位182,8000,2240.0,2025-09,一次性补缴
510100000000003240,COMP0187,单位168,5000,1400.0000000000002,2024-06,一次性补缴
510100000000001409,COMP0125,单位041,30000,8400.0,2024-03,正常缴纳
510100000000003931,COMP0096,单位062,5000,1400.0000000000002,2024-06,正常缴纳
510100000000004919,COMP0065,单位173,12000,3360.0000000000005,2025-02,正常缴纳
510100000000003071,COMP0161,单位050,30000,8400.0,2024-06,一次性补缴
510100000000000168,COMP0068,单位007,3493,978.0400000000001,2024-07,一次性补缴
510100000000004442,COMP0187,单位084,12000,3360.0000000000005,2024-10,正常缴纳
510100000000004808,COMP0197,单位052,8000,2240.0,2025-08,正常缴纳
510100000000000946,COMP0016,单位146,20000,5600.000000000001,2024-08,一次性补缴
510100000000004173,COMP0184,单位037,5000,1400.0000000000002,2025-05,正常缴纳
510100000000001290,COMP0126,单位066,12000,3360.0000000000005,2025-06,正常缴纳
510100000000000386,COMP0156,单位090,20000,5600.000000000001,2024-08,一次性补缴
510100000000001338,COMP0025,单位150,20000,5600.000000000001,2025-01,正常缴纳
510100000000001302,COMP0070,单位079,20000,5600.000000000001,2024-08,正常缴纳
510100000000002524,COMP0087,单位010,30000,8400.0,2024-07,一次性补缴
510100000000003809,COMP0004,单位084,12000,3360.0000000000005,2025-12,正常缴纳
510100000000003830,COMP0035,单位175,30000,8400.0,2025-01,正常缴纳
510100000000003264,COMP0013,单位136,3493,978.0400000000001,2025-06,正常缴纳
510100000000001011,COMP0026,单位166,5000,1400.0000000000002,2025-02,正常缴纳
510100000000003384,COMP0025,单位030,30000,8400.0,2025-07,正常缴纳
510100000000003684,COMP0136,单位011,8000,2240.0,2025-08,正常缴纳
510100000000004211,COMP0015,单位184,30000,8400.0,2024-07,一次性补缴
510100000000004435,COMP0169,单位047,8000,2240.0,2025-04,一次性补缴
510100000000003172,COMP0063,单位093,30000,8400.0,2024-11,正常缴纳
510100000000004024,COMP0029,单位019,12000,3360.0000000000005,2024-09,正常缴纳
510100000000002441,COMP0057,单位182,20000,5600.000000000001,2025-04,正常缴纳
510100000000002134,COMP0103,单位183,20000,5600.000000000001,2024-04,一次性补缴
510100000000001408,COMP0118,单位140,3493,978.0400000000001,2024-04,正常缴纳
510100000000000416,COMP0109,单位153,5000,1400.0000000000002,2025-08,正常缴纳
510100000000001746,COMP0174,单位139,20000,5600.000000000001,2024-12,正常缴纳
510100000000004490,COMP0150,单位085,12000,3360.0000000000005,2024-02,正常缴纳
510100000000001711,COMP0102,单位063,5000,1400.0000000000002,2024-01,正常缴纳
510100000000002426,COMP0002,单位141,12000,3360.0000000000005,2025-09,正常缴纳
510100000000002326,COMP0029,单位031,20000,5600.000000000001,2025-10,正常缴纳
510100000000002485,COMP0072,单位159,8000,2240.0,2025-11,一次性补缴
510100000000004230,COMP0020,单位077,5000,1400.0000000000002,2025-10,正常缴纳
510100000000001321,COMP0077,单位173,3493,978.0400000000001,2024-07,正常缴纳
510100000000003630,COMP0197,单位152,3493,978.0400000000001,2024-11,正常缴纳
510100000000002993,COMP0042,单位033,30000,8400.0,2024-11,正常缴纳
510100000000001170,COMP0115,单位131,8000,2240.0,2024-08,正常缴纳
510100000000004878,COMP0083,单位188,3493,978.0400000000001,2025-03,正常缴纳
510100000000001722,COMP0116,单位162,8000,2240.0,2024-03,正常缴纳
510100000000000683,COMP0192,单位114,5000,1400.0000000000002,2024-06,正常缴纳
510100000000003994,COMP0117,单位188,12000,3360.0000000000005,2025-05,正常缴纳
510100000000004677,COMP0103,单位104,5000,1400.0000000000002,2025-12,一次性补缴
510100000000004560,COMP0022,单位083,12000,3360.0000000000005,2024-12,一次性补缴
510100000000002782,COMP0081,单位151,20000,5600.000000000001,2025-03,正常缴纳
510100000000000383,COMP0011,单位020,5000,1400.0000000000002,2025-08,正常缴纳
510100000000004398,COMP0089,单位058,12000,3360.0000000000005,2025-06,正常缴纳
510100000000000262,COMP0072,单位127,5000,1400.0000000000002,2025-05,一次性补缴
510100000000003672,COMP0028,单位092,3493,978.0400000000001,2025-04,一次性补缴
510100000000002419,COMP0120,单位041,3493,978.0400000000001,2024-06,正常缴纳
510100000000001535,COMP0146,单位090,12000,3360.0000000000005,2025-09,正常缴纳
510100000000002679,COMP0130,单位123,30000,8400.0,2024-09,正常缴纳
510100000000002372,COMP0151,单位007,5000,1400.0000000000002,2025-08,正常缴纳
510100000000000829,COMP0074,单位015,20000,5600.000000000001,2024-11,正常缴纳
510100000000004814,COMP0014,单位093,20000,5600.000000000001,2024-10,正常缴纳
510100000000001714,COMP0129,单位125,5000,1400.0000000000002,2024-12,正常缴纳
510100000000003752,COMP0149,单位014,3493,978.0400000000001,2025-05,一次性补缴
510100000000000084,COMP0087,单位139,12000,3360.0000000000005,2025-02,一次性补缴
510100000000002596,COMP0086,单位127,3493,978.0400000000001,2024-08,正常缴纳
510100000000003050,COMP0192,单位031,12000,3360.0000000000005,2024-09,一次性补缴
510100000000001309,COMP0035,单位021,12000,3360.0000000000005,2024-08,正常缴纳
510100000000002534,COMP0145,单位012,5000,1400.0000000000002,2025-02,正常缴纳
510100000000003822,COMP0092,单位060,20000,5600.000000000001,2024-03,正常缴纳
510100000000000629,COMP0113,单位095,30000,8400.0,2024-01,正常缴纳
510100000000000904,COMP0180,单位062,30000,8400.0,2025-06,一次性补缴
510100000000001388,COMP0141,单位123,8000,2240.0,2025-04,正常缴纳
510100000000002797,COMP0049,单位165,30000,8400.0,2024-11,正常缴纳
510100000000003969,COMP0045,单位096,8000,2240.0,2024-02,正常缴纳
510100000000002394,COMP0044,单位135,20000,5600.000000000001,2024-09,正常缴纳
510100000000001847,COMP0105,单位031,5000,1400.0000000000002,2025-07,正常缴纳
510100000000002048,COMP0110,单位082,3493,978.0400000000001,2024-03,正常缴纳
510100000000001087,COMP0053,单位006,5000,1400.0000000000002,2024-08,正常缴纳
510100000000000072,COMP0101,单位183,5000,1400.0000000000002,2024-04,正常缴纳
510100000000004972,COMP0196,单位040,30000,8400.0,2024-05,正常缴纳
510100000000000778,COMP0148,单位116,3493,978.0400000000001,2024-07,正常缴纳
510100000000000409,COMP0038,单位094,30000,8400.0,2025-06,正常缴纳
510100000000001600,COMP0124,单位192,30000,8400.0,2025-05,正常缴纳
510100000000000351,COMP0157,单位151,5000,1400.0000000000002,2025-04,正常缴纳
510100000000002513,COMP0095,单位134,3493,978.0400000000001,2025-12,一次性补缴
510100000000000355,COMP0052,单位170,8000,2240.0,2024-10,正常缴纳
510100000000001190,COMP0140,单位139,30000,8400.0,2024-11,正常缴纳
510100000000000255,COMP0115,单位022,8000,2240.0,2025-08,正常缴纳
510100000000000269,COMP0016,单位160,12000,3360.0000000000005,2025-12,一次性补缴
510100000000001042,COMP0069,单位140,12000,3360.0000000000005,2024-05,正常缴纳
510100000000003088,COMP0111,单位072,5000,1400.0000000000002,2025-08,正常缴纳
510100000000001747,COMP0016,单位144,5000,1400.0000000000002,2025-03,正常缴纳
510100000000004472,COMP0156,单位173,30000,8400.0,2025-04,正常缴纳
510100000000004397,COMP0040,单位062,8000,2240.0,2025-07,正常缴纳
510100000000002065,COMP0140,单位142,20000,5600.000000000001,2024-02,正常缴纳
510100000000001803,COMP0104,单位155,12000,3360.0000000000005,2025-08,正常缴纳
510100000000002421,COMP0080,单位178,3493,978.0400000000001,2025-09,正常缴纳
510100000000001804,COMP0122,单位102,20000,5600.000000000001,2024-09,一次性补缴
510100000000003641,COMP0004,单位173,5000,1400.0000000000002,2025-03,一次性补缴
510100000000000786,COMP0040,单位072,20000,5600.000000000001,2025-10,正常缴纳
510100000000004503,COMP0129,单位001,5000,1400.0000000000002,2025-04,正常缴纳
510100000000000016,COMP0024,单位098,5000,1400.0000000000002,2025-03,正常缴纳
510100000000001266,COMP0138,单位181,5000,1400.0000000000002,2024-03,一次性补缴
510100000000000485,COMP0066,单位082,20000,5600.000000000001,2024-05,正常缴纳
510100000000002003,COMP0192,单位072,20000,5600.000000000001,2024-05,正常缴纳
510100000000000701,COMP0037,单位177,5000,1400.0000000000002,2025-01,正常缴纳
510100000000001879,COMP0004,单位066,30000,8400.0,2024-01,一次性补缴
510100000000004642,COMP0167,单位138,8000,2240.0,2024-10,一次性补缴
510100000000000150,COMP0034,单位124,20000,5600.000000000001,2025-04,正常缴纳
510100000000003995,COMP0112,单位060,12000,3360.0000000000005,2025-12,一次性补缴
510100000000001195,COMP0002,单位023,20000,5600.000000000001,2025-11,正常缴纳
510100000000001756,COMP0125,单位081,30000,8400.0,2024-06,一次性补缴
510100000000002888,COMP0012,单位032,12000,3360.0000000000005,2025-03,正常缴纳
510100000000003097,COMP0054,单位172,5000,1400.0000000000002,2024-05,正常缴纳
510100000000003084,COMP0060,单位106,30000,8400.0,2025-09,正常缴纳
510100000000002303,COMP0185,单位115,12000,3360.0000000000005,2024-03,一次性补缴
510100000000004142,COMP0063,单位135,8000,2240.0,2024-11,正常缴纳
510100000000004551,COMP0030,单位036,3493,978.0400000000001,2025-11,正常缴纳
510100000000003325,COMP0162,单位021,5000,1400.0000000000002,2025-11,正常缴纳
510100000000001405,COMP0037,单位120,12000,3360.0000000000005,2024-03,正常缴纳
510100000000001744,COMP0168,单位055,3493,978.0400000000001,2025-10,正常缴纳
510100000000002354,COMP0107,单位143,8000,2240.0,2025-01,正常缴纳
510100000000004017,COMP0093,单位149,5000,1400.0000000000002,2024-04,正常缴纳
510100000000001875,COMP0057,单位078,12000,3360.0000000000005,2025-09,正常缴纳
510100000000002414,COMP0058,单位095,30000,8400.0,2025-08,正常缴纳
510100000000002194,COMP0108,单位087,8000,2240.0,2024-11,一次性补缴
510100000000001466,COMP0084,单位004,3493,978.0400000000001,2024-01,正常缴纳
510100000000004418,COMP0140,单位093,30000,8400.0,2024-09,一次性补缴
510100000000000789,COMP0150,单位041,5000,1400.0000000000002,2024-04,一次性补缴
510100000000000269,COMP0093,单位035,20000,5600.000000000001,2025-09,正常缴纳
510100000000000474,COMP0010,单位025,30000,8400.0,2024-01,正常缴纳
510100000000003974,COMP0071,单位162,20000,5600.000000000001,2024-04,正常缴纳
510100000000002392,COMP0005,单位112,5000,1400.0000000000002,2024-07,正常缴纳
510100000000001508,COMP0015,单位176,3493,978.0400000000001,2025-08,正常缴纳
510100000000002580,COMP0137,单位066,3493,978.0400000000001,2024-03,一次性补缴
510100000000001202,COMP0128,单位102,20000,5600.000000000001,2025-05,正常缴纳
510100000000004177,COMP0086,单位082,30000,8400.0,2024-02,一次性补缴
510100000000004616,COMP0141,单位101,3493,978.0400000000001,2025-07,正常缴纳
510100000000001691,COMP0059,单位010,5000,1400.0000000000002,2024-12,一次性补缴
510100000000002380,COMP0017,单位168,5000,1400.0000000000002,2025-07,正常缴纳
510100000000004652,COMP0165,单位197,8000,2240.0,2024-11,正常缴纳
510100000000001521,COMP0027,单位141,8000,2240.0,2024-12,一次性补缴
510100000000002793,COMP0092,单位077,3493,978.0400000000001,2025-04,正常缴纳
510100000000001753,COMP0191,单位029,8000,2240.0,2025-09,一次性补缴
510100000000002962,COMP0038,单位095,5000,1400.0000000000002,2024-07,正常缴纳
510100000000001951,COMP0110,单位112,30000,8400.0,2025-09,一次性补缴
510100000000001992,COMP0035,单位198,5000,1400.0000000000002,2024-02,正常缴纳
510100000000003346,COMP0121,单位105,3493,978.0400000000001,2025-10,正常缴纳
510100000000004981,COMP0069,单位071,3493,978.0400000000001,2024-09,正常缴纳
510100000000004852,COMP0196,单位058,30000,8400.0,2025-11,正常缴纳
510100000000002409,COMP0004,单位129,3493,978.0400000000001,2025-01,正常缴纳
510100000000000964,COMP0071,单位064,8000,2240.0,2024-08,正常缴纳
510100000000002947,COMP0012,单位058,3493,978.0400000000001,2024-11,正常缴纳
510100000000000116,COMP0164,单位109,12000,3360.0000000000005,2025-01,正常缴纳
510100000000000199,COMP0180,单位102,12000,3360.0000000000005,2025-04,一次性补缴
510100000000004748,COMP0166,单位173,8000,2240.0,2024-03,正常缴纳
510100000000001911,COMP0086,单位062,3493,978.0400000000001,2025-07,正常缴纳
510100000000003813,COMP0163,单位126,8000,2240.0,2024-06,正常缴纳
510100000000001657,COMP0157,单位008,20000,5600.000000000001,2025-07,正常缴纳
510100000000001382,COMP0151,单位100,20000,5600.000000000001,2025-04,正常缴纳
510100000000001129,COMP0039,单位133,8000,2240.0,2024-06,一次性补缴
510100000000002773,COMP0029,单位171,30000,8400.0,2025-12,正常缴纳
510100000000000454,COMP0196,单位187,20000,5600.000000000001,2025-06,一次性补缴
510100000000000261,COMP0073,单位156,12000,3360.0000000000005,2024-07,正常缴纳
510100000000003797,COMP0126,单位165,30000,8400.0,2025-08,一次性补缴
510100000000000488,COMP0198,单位023,8000,2240.0,2024-07,正常缴纳
510100000000003952,COMP0077,单位032,3493,978.0400000000001,2024-03,正常缴纳
510100000000001984,COMP0101,单位168,3493,978.0400000000001,2025-04,正常缴纳
510100000000002622,COMP0001,单位180,30000,8400.0,2025-09,正常缴纳
510100000000002679,COMP0092,单位090,30000,8400.0,2025-10,一次性补缴
510100000000001316,COMP0184,单位159,8000,2240.0,2024-11,一次性补缴
510100000000003778,COMP0112,单位154,5000,1400.0000000000002,2025-12,一次性补缴
510100000000002703,COMP0181,单位072,5000,1400.0000000000002,2024-01,一次性补缴
510100000000004603,COMP0105,单位164,20000,5600.000000000001,2025-10,正常缴纳
510100000000004241,COMP0046,单位105,30000,8400.0,2024-09,正常缴纳
510100000000002146,COMP0194,单位055,8000,2240.0,2025-05,正常缴纳
510100000000003460,COMP0185,单位112,12000,3360.0000000000005,2024-11,一次性补缴
510100000000000209,COMP0025,单位022,3493,978.0400000000001,2025-11,正常缴纳
510100000000002390,COMP0144,单位198,5000,1400.0000000000002,2024-02,正常缴纳
510100000000002583,COMP0141,单位193,20000,5600.000000000001,2025-04,正常缴纳
510100000000002607,COMP0097,单位102,5000,1400.0000000000002,2024-06,正常缴纳
510100000000002573,COMP0030,单位110,12000,3360.0000000000005,2025-08,正常缴纳
510100000000004068,COMP0132,单位084,5000,1400.0000000000002,2025-08,正常缴纳
510100000000003567,COMP0074,单位143,8000,2240.0,2025-01,正常缴纳
510100000000002524,COMP0015,单位022,8000,2240.0,2025-05,正常缴纳
510100000000001911,COMP0179,单位017,3493,978.0400000000001,2025-03,一次性补缴
510100000000001006,COMP0049,单位059,8000,2240.0,2025-05,正常缴纳
510100000000000328,COMP0098,单位178,30000,8400.0,2025-05,正常缴纳
510100000000003205,COMP0178,单位109,12000,3360.0000000000005,2025-12,正常缴纳
510100000000004607,COMP0129,单位132,5000,1400.0000000000002,2024-04,正常缴纳
510100000000004398,COMP0099,单位050,12000,3360.0000000000005,2024-10,正常缴纳
510100000000002023,COMP0033,单位156,12000,3360.0000000000005,2025-12,正常缴纳
510100000000004151,COMP0044,单位096,12000,3360.0000000000005,2024-02,正常缴纳
510100000000001790,COMP0145,单位083,12000,3360.0000000000005,2025-09,正常缴纳
510100000000000718,COMP0165,单位156,3493,978.0400000000001,2025-07,一次性补缴
510100000000002596,COMP0132,单位037,20000,5600.000000000001,2024-12,正常缴纳
510100000000004542,COMP0065,单位116,30000,8400.0,2024-10,一次性补缴
510100000000001283,COMP0073,单位127,20000,5600.000000000001,2024-06,一次性补缴
510100000000002141,COMP0060,单位100,30000,8400.0,2024-01,正常缴纳
510100000000001835,COMP0108,单位102,30000,8400.0,2025-11,正常缴纳
510100000000002575,COMP0110,单位007,20000,5600.000000000001,2025-09,正常缴纳
510100000000002392,COMP0062,单位030,3493,978.0400000000001,2025-07,一次性补缴
510100000000003034,COMP0046,单位043,8000,2240.0,2024-07,正常缴纳
510100000000000233,COMP0199,单位080,12000,3360.0000000000005,2025-08,正常缴纳
510100000000004554,COMP0020,单位146,20000,5600.000000000001,2024-06,一次性补缴
510100000000003179,COMP0157,单位004,30000,8400.0,2024-11,一次性补缴
510100000000003398,COMP0033,单位143,5000,1400.0000000000002,2025-06,一次性补缴
510100000000002264,COMP0133,单位178,20000,5600.000000000001,2024-02,正常缴纳
510100000000000941,COMP0080,单位139,30000,8400.0,2025-01,正常缴纳
510100000000001471,COMP0035,单位093,20000,5600.000000000001,2024-07,正常缴纳
510100000000004866,COMP0006,单位087,30000,8400.0,2025-08,正常缴纳
510100000000004517,COMP0184,单位005,5000,1400.0000000000002,2025-01,正常缴纳
510100000000001673,COMP0041,单位116,3493,978.0400000000001,2025-10,正常缴纳
510100000000004663,COMP0140,单位002,8000,2240.0,2024-01,正常缴纳
510100000000000971,COMP0103,单位036,20000,5600.000000000001,2024-04,一次性补缴
510100000000003246,COMP0129,单位166,5000,1400.0000000000002,2025-10,正常缴纳
510100000000004151,COMP0118,单位076,5000,1400.0000000000002,2024-08,正常缴纳
510100000000004227,COMP0042,单位096,3493,978.0400000000001,2025-06,一次性补缴
510100000000001883,COMP0040,单位179,30000,8400.0,2024-10,正常缴纳
510100000000004868,COMP0101,单位169,20000,5600.000000000001,2024-07,一次性补缴
510100000000004974,COMP0009,单位157,3493,978.0400000000001,2025-06,正常缴纳
510100000000001715,COMP0104,单位126,30000,8400.0,2025-05,正常缴纳
510100000000002513,COMP0033,单位118,5000,1400.0000000000002,2025-12,一次性补缴
510100000000002031,COMP0087,单位145,20000,5600.000000000001,2025-11,一次性补缴
510100000000004189,COMP0010,单位152,20000,5600.000000000001,2025-04,正常缴纳
510100000000003428,COMP0064,单位019,20000,5600.000000000001,2024-05,一次性补缴
510100000000001617,COMP0088,单位105,20000,5600.000000000001,2025-01,一次性补缴
510100000000002786,COMP0017,单位045,30000,8400.0,2025-12,一次性补缴
510100000000002812,COMP0006,单位188,3493,978.0400000000001,2025-06,正常缴纳
510100000000003298,COMP0023,单位076,20000,5600.000000000001,2024-11,正常缴纳
510100000000002886,COMP0107,单位169,20000,5600.000000000001,2025-05,正常缴纳
510100000000002873,COMP0132,单位197,20000,5600.000000000001,2024-03,一次性补缴
510100000000004315,COMP0130,单位120,3493,978.0400000000001,2024-05,正常缴纳
510100000000004848,COMP0095,单位160,30000,8400.0,2025-09,正常缴纳
510100000000000679,COMP0083,单位038,8000,2240.0,2025-08,正常缴纳
510100000000004789,COMP0022,单位027,3493,978.0400000000001,2024-06,一次性补缴
510100000000001468,COMP0060,单位136,5000,1400.0000000000002,2025-11,正常缴纳
510100000000002714,COMP0173,单位023,12000,3360.0000000000005,2025-08,正常缴纳
510100000000001475,COMP0084,单位106,5000,1400.0000000000002,2025-09,正常缴纳
510100000000003379,COMP0048,单位061,30000,8400.0,2024-08,正常缴纳
510100000000001604,COMP0085,单位026,3493,978.0400000000001,2025-08,一次性补缴
510100000000001836,COMP0017,单位169,20000,5600.000000000001,2024-09,正常缴纳
510100000000001124,COMP0103,单位024,8000,2240.0,2024-09,正常缴纳
510100000000000034,COMP0157,单位136,8000,2240.0,2024-07,一次性补缴
510100000000001628,COMP0109,单位050,20000,5600.000000000001,2025-08,正常缴纳
510100000000004347,COMP0011,单位099,30000,8400.0,2024-11,正常缴纳
510100000000004930,COMP0188,单位002,8000,2240.0,2025-02,一次性补缴
510100000000001997,COMP0072,单位130,20000,5600.000000000001,2025-03,正常缴纳
510100000000003740,COMP0197,单位107,12000,3360.0000000000005,2025-12,正常缴纳
510100000000004602,COMP0133,单位015,5000,1400.0000000000002,2025-09,一次性补缴
510100000000000292,COMP0143,单位169,12000,3360.0000000000005,2025-05,正常缴纳
510100000000002714,COMP0149,单位060,12000,3360.0000000000005,2025-07,正常缴纳
510100000000002846,COMP0017,单位178,30000,8400.0,2024-03,一次性补缴
510100000000001306,COMP0141,单位194,5000,1400.0000000000002,2025-11,一次性补缴
510100000000003454,COMP0043,单位069,12000,3360.0000000000005,2024-06,正常缴纳
510100000000002274,COMP0195,单位182,3493,978.0400000000001,2025-07,正常缴纳
510100000000000401,COMP0132,单位011,8000,2240.0,2025-10,正常缴纳
510100000000001979,COMP0018,单位067,5000,1400.0000000000002,2024-01,正常缴纳
510100000000002044,COMP0137,单位168,30000,8400.0,2025-11,正常缴纳
510100000000003830,COMP0071,单位053,3493,978.0400000000001,2025-07,一次性补缴
510100000000002224,COMP0171,单位019,20000,5600.000000000001,2025-02,一次性补缴
510100000000004311,COMP0182,单位001,3493,978.0400000000001,2025-12,正常缴纳
510100000000004216,COMP0151,单位066,20000,5600.000000000001,2025-04,正常缴纳
510100000000002241,COMP0194,单位146,3493,978.0400000000001,2024-09,一次性补缴
510100000000000929,COMP0197,单位192,5000,1400.0000000000002,2025-12,一次性补缴
510100000000002099,COMP0002,单位061,30000,8400.0,2025-04,正常缴纳
510100000000004638,COMP0154,单位155,12000,3360.0000000000005,2024-03,一次性补缴
510100000000003166,COMP0176,单位011,5000,1400.0000000000002,2025-12,正常缴纳
510100000000002887,COMP0175,单位021,20000,5600.000000000001,2024-11,正常缴纳
510100000000001947,COMP0195,单位071,20000,5600.000000000001,2025-09,一次性补缴
510100000000002123,COMP0019,单位027,8000,2240.0,2025-11,正常缴纳
510100000000003948,COMP0115,单位051,30000,8400.0,2024-01,正常缴纳
510100000000002459,COMP0123,单位032,3493,978.0400000000001,2025-07,正常缴纳
510100000000000215,COMP0093,单位068,30000,8400.0,2024-02,正常缴纳
510100000000003994,COMP0041,单位003,30000,8400.0,2025-11,一次性补缴
510100000000001517,COMP0104,单位074,5000,1400.0000000000002,2025-12,正常缴纳
510100000000002823,COMP0160,单位081,3493,978.0400000000001,2024-05,正常缴纳
510100000000002351,COMP0115,单位152,3493,978.0400000000001,2024-07,一次性补缴
510100000000004545,COMP0114,单位018,5000,1400.0000000000002,2025-11,正常缴纳
510100000000002790,COMP0098,单位117,30000,8400.0,2025-07,正常缴纳
510100000000000370,COMP0081,单位122,3493,978.0400000000001,2024-11,正常缴纳
510100000000004400,COMP0156,单位016,5000,1400.0000000000002,2025-04,正常缴纳
510100000000002325,COMP0139,单位085,12000,3360.0000000000005,2024-08,正常缴纳
510100000000003126,COMP0035,单位185,5000,1400.0000000000002,2025-09,正常缴纳
510100000000003459,COMP0174,单位125,30000,8400.0,2024-02,正常缴纳
510100000000003618,COMP0069,单位057,5000,1400.0000000000002,2024-11,一次性补缴
510100000000002706,COMP0077,单位068,20000,5600.000000000001,2025-12,正常缴纳
510100000000004501,COMP0021,单位157,5000,1400.0000000000002,2024-06,正常缴纳
510100000000004602,COMP0075,单位075,5000,1400.0000000000002,2024-02,正常缴纳
510100000000000164,COMP0078,单位157,5000,1400.0000000000002,2024-05,正常缴纳
510100000000001768,COMP0120,单位012,5000,1400.0000000000002,2025-03,正常缴纳
510100000000000782,COMP0195,单位113,3493,978.0400000000001,2024-11,正常缴纳
510100000000000140,COMP0115,单位147,12000,3360.0000000000005,2024-08,一次性补缴
510100000000000342,COMP0149,单位112,8000,2240.0,2025-08,正常缴纳
510100000000001823,COMP0075,单位109,12000,3360.0000000000005,2024-12,正常缴纳
510100000000001468,COMP0090,单位110,12000,3360.0000000000005,2024-04,正常缴纳
510100000000003103,COMP0071,单位074,30000,8400.0,2024-02,正常缴纳
510100000000004628,COMP0040,单位042,8000,2240.0,2025-02,正常缴纳
510100000000003624,COMP0094,单位132,30000,8400.0,2024-05,一次性补缴
510100000000002687,COMP0029,单位023,20000,5600.000000000001,2025-05,正常缴纳
510100000000000662,COMP0008,单位076,3493,978.0400000000001,2025-10,正常缴纳
510100000000001285,COMP0037,单位161,20000,5600.000000000001,2024-09,正常缴纳
510100000000004446,COMP0016,单位104,30000,8400.0,2024-05,正常缴纳
510100000000001053,COMP0060,单位053,12000,3360.0000000000005,2024-04,正常缴纳
510100000000004527,COMP0156,单位122,30000,8400.0,2024-10,正常缴纳
510100000000004820,COMP0161,单位160,12000,3360.0000000000005,2024-05,正常缴纳
510100000000004697,COMP0103,单位090,5000,1400.0000000000002,2024-08,正常缴纳
510100000000001185,COMP0084,单位119,5000,1400.0000000000002,2025-10,一次性补缴
510100000000001617,COMP0102,单位148,3493,978.0400000000001,2025-10,正常缴纳
510100000000001787,COMP0025,单位041,5000,1400.0000000000002,2024-03,一次性补缴
510100000000004525,COMP0057,单位083,8000,2240.0,2025-03,正常缴纳
510100000000002504,COMP0097,单位015,30000,8400.0,2025-04,正常缴纳
510100000000004174,COMP0166,单位039,30000,8400.0,2025-06,正常缴纳
510100000000004764,COMP0126,单位159,20000,5600.000000000001,2024-02,正常缴纳
510100000000002248,COMP0022,单位083,20000,5600.000000000001,2025-05,正常缴纳
510100000000001172,COMP0017,单位067,30000,8400.0,2024-09,正常缴纳
510100000000002815,COMP0067,单位077,12000,3360.0000000000005,2024-07,一次性补缴
510100000000002460,COMP0072,单位161,30000,8400.0,2024-04,正常缴纳
510100000000002176,COMP0162,单位172,20000,5600.000000000001,2024-05,正常缴纳
510100000000004119,COMP0193,单位110,8000,2240.0,2025-01,一次性补缴
510100000000002176,COMP0041,单位031,30000,8400.0,2025-09,正常缴纳
510100000000001973,COMP0109,单位031,20000,5600.000000000001,2025-01,正常缴纳
510100000000003545,COMP0061,单位006,8000,2240.0,2025-09,正常缴纳
510100000000002556,COMP0118,单位066,30000,8400.0,2025-03,正常缴纳
510100000000002602,COMP0004,单位190,8000,2240.0,2025-12,正常缴纳
510100000000001917,COMP0077,单位197,3493,978.0400000000001,2025-01,正常缴纳
510100000000003489,COMP0184,单位029,30000,8400.0,2025-09,正常缴纳
510100000000002881,COMP0115,单位040,20000,5600.000000000001,2024-06,正常缴纳
510100000000004148,COMP0195,单位049,12000,3360.0000000000005,2024-09,正常缴纳
510100000000000166,COMP0061,单位183,3493,978.0400000000001,2024-02,正常缴纳
510100000000000899,COMP0192,单位085,3493,978.0400000000001,2024-10,一次性补缴
510100000000001219,COMP0061,单位104,12000,3360.0000000000005,2024-08,一次性补缴
510100000000003937,COMP0083,单位078,20000,5600.000000000001,2024-11,一次性补缴
510100000000001497,COMP0138,单位088,30000,8400.0,2024-04,一次性补缴
510100000000004116,COMP0182,单位111,3493,978.0400000000001,2024-11,正常缴纳
510100000000003007,COMP0036,单位149,20000,5600.000000000001,2025-09,正常缴纳
510100000000003985,COMP0099,单位015,30000,8400.0,2025-12,正常缴纳
510100000000004643,COMP0168,单位179,20000,5600.000000000001,2024-10,正常缴纳
510100000000003562,COMP0121,单位031,20000,5600.000000000001,2025-08,正常缴纳
510100000000002768,COMP0098,单位126,20000,5600.000000000001,2025-10,正常缴纳
510100000000001928,COMP0130,单位163,12000,3360.0000000000005,2024-06,正常缴纳
510100000000002985,COMP0131,单位159,8000,2240.0,2025-09,正常缴纳
510100000000003702,COMP0121,单位056,5000,1400.0000000000002,2024-07,一次性补缴
510100000000000340,COMP0085,单位160,20000,5600.000000000001,2024-06,正常缴纳
510100000000002570,COMP0182,单位188,5000,1400.0000000000002,2024-10,正常缴纳
510100000000002930,COMP0081,单位087,30000,8400.0,2025-05,一次性补缴
510100000000002233,COMP0085,单位059,12000,3360.0000000000005,2025-12,正常缴纳
510100000000002208,COMP0130,单位083,20000,5600.000000000001,2025-01,正常缴纳
510100000000002609,COMP0035,单位156,12000,3360.0000000000005,2024-08,正常缴纳
510100000000004392,COMP0067,单位048,12000,3360.0000000000005,2025-08,正常缴纳
510100000000002287,COMP0175,单位189,3493,978.0400000000001,2025-04,正常缴纳
510100000000000622,COMP0042,单位052,20000,5600.000000000001,2024-09,一次性补缴
510100000000003994,COMP0168,单位023,8000,2240.0,2024-01,正常缴纳
510100000000000518,COMP0077,单位082,20000,5600.000000000001,2024-06,正常缴纳
510100000000003810,COMP0145,单位019,5000,1400.0000000000002,2024-07,正常缴纳
510100000000003228,COMP0060,单位184,12000,3360.0000000000005,2025-01,正常缴纳
510100000000000097,COMP0194,单位104,30000,8400.0,2025-11,正常缴纳
510100000000004027,COMP0018,单位005,8000,2240.0,2024-08,正常缴纳
510100000000004210,COMP0012,单位012,12000,3360.0000000000005,2024-08,正常缴纳
510100000000003888,COMP0178,单位004,30000,8400.0,2025-03,一次性补缴
510100000000001855,COMP0120,单位169,30000,8400.0,2025-04,正常缴纳
510100000000004982,COMP0010,单位075,5000,1400.0000000000002,2024-10,正常缴纳
510100000000002201,COMP0132,单位028,20000,5600.000000000001,2025-02,一次性补缴
510100000000001336,COMP0151,单位151,12000,3360.0000000000005,2024-05,正常缴纳
510100000000002361,COMP0037,单位177,3493,978.0400000000001,2024-12,正常缴纳
510100000000001582,COMP0178,单位188,12000,3360.0000000000005,2025-03,正常缴纳
510100000000002739,COMP0069,单位046,8000,2240.0,2024-09,正常缴纳
510100000000003086,COMP0106,单位128,8000,2240.0,2025-08,正常缴纳
510100000000001573,COMP0197,单位024,20000,5600.000000000001,2024-01,一次性补缴
510100000000003737,COMP0153,单位035,3493,978.0400000000001,2025-04,正常缴纳
510100000000004121,COMP0143,单位177,30000,8400.0,2024-08,正常缴纳
510100000000004325,COMP0053,单位186,20000,5600.000000000001,2024-03,正常缴纳
510100000000000868,COMP0011,单位027,12000,3360.0000000000005,2025-06,正常缴纳
510100000000001903,COMP0017,单位132,12000,3360.0000000000005,2025-07,正常缴纳
510100000000001935,COMP0104,单位194,30000,8400.0,2024-01,正常缴纳
510100000000004921,COMP0056,单位181,12000,3360.0000000000005,2024-06,正常缴纳
510100000000002801,COMP0049,单位112,5000,1400.0000000000002,2025-12,正常缴纳
510100000000000143,COMP0073,单位099,30000,8400.0,2025-02,正常缴纳
510100000000002272,COMP0191,单位161,12000,3360.0000000000005,2025-04,正常缴纳
510100000000004509,COMP0124,单位025,20000,5600.000000000001,2024-09,正常缴纳
510100000000004716,COMP0061,单位177,3493,978.0400000000001,2024-06,一次性补缴
510100000000002831,COMP0149,单位015,12000,3360.0000000000005,2024-10,正常缴纳
510100000000004759,COMP0131,单位114,12000,3360.0000000000005,2024-06,正常缴纳
510100000000001577,COMP0093,单位004,8000,2240.0,2024-04,一次性补缴
510100000000000807,COMP0092,单位173,20000,5600.000000000001,2025-05,正常缴纳
510100000000002449,COMP0047,单位153,12000,3360.0000000000005,2025-09,正常缴纳
510100000000004732,COMP0111,单位072,30000,8400.0,2024-03,一次性补缴
510100000000003294,COMP0093,单位041,20000,5600.000000000001,2025-03,正常缴纳
510100000000003972,COMP0025,单位039,20000,5600.000000000001,2024-09,正常缴纳
510100000000003752,COMP0060,单位054,12000,3360.0000000000005,2025-03,正常缴纳
510100000000001859,COMP0033,单位150,8000,2240.0,2024-11,一次性补缴
510100000000004222,COMP0093,单位044,12000,3360.0000000000005,2025-08,一次性补缴
510100000000001785,COMP0078,单位079,3493,978.0400000000001,2024-06,正常缴纳
510100000000002560,COMP0020,单位164,30000,8400.0,2025-06,正常缴纳
510100000000003078,COMP0084,单位192,8000,2240.0,2024-06,正常缴纳
510100000000002948,COMP0102,单位082,8000,2240.0,2024-01,正常缴纳
510100000000004238,COMP0197,单位145,3493,978.0400000000001,2024-05,正常缴纳
510100000000000649,COMP0185,单位065,8000,2240.0,2024-07,一次性补缴
510100000000004861,COMP0001,单位148,5000,1400.0000000000002,2025-04,正常缴纳
510100000000001152,COMP0126,单位001,12000,3360.0000000000005,2024-05,一次性补缴
510100000000001724,COMP0141,单位105,30000,8400.0,2025-12,一次性补缴
510100000000003973,COMP0025,单位151,3493,978.0400000000001,2025-05,正常缴纳
510100000000000674,COMP0100,单位025,12000,3360.0000000000005,2025-01,正常缴纳
510100000000002838,COMP0106,单位150,12000,3360.0000000000005,2024-01,正常缴纳
510100000000000541,COMP0129,单位048,12000,3360.0000000000005,2024-04,正常缴纳
510100000000002865,COMP0194,单位134,30000,8400.0,2025-05,正常缴纳
510100000000002468,COMP0063,单位157,8000,2240.0,2025-12,正常缴纳
510100000000004399,COMP0089,单位127,3493,978.0400000000001,2024-02,正常缴纳
510100000000001250,COMP0151,单位081,12000,3360.0000000000005,2024-10,一次性补缴
510100000000002278,COMP0027,单位189,12000,3360.0000000000005,2024-04,一次性补缴
510100000000001627,COMP0062,单位066,8000,2240.0,2025-12,一次性补缴
510100000000004225,COMP0190,单位064,12000,3360.0000000000005,2024-12,正常缴纳
510100000000003670,COMP0096,单位031,20000,5600.000000000001,2024-07,正常缴纳
510100000000000099,COMP0148,单位073,12000,3360.0000000000005,2025-03,正常缴纳
510100000000000017,COMP0126,单位007,5000,1400.0000000000002,2024-12,一次性补缴
510100000000001619,COMP0083,单位105,5000,1400.0000000000002,2025-06,正常缴纳
510100000000001515,COMP0060,单位102,20000,5600.000000000001,2024-11,一次性补缴
510100000000003036,COMP0109,单位167,20000,5600.000000000001,2025-05,一次性补缴
510100000000000605,COMP0133,单位016,12000,3360.0000000000005,2024-04,一次性补缴
510100000000001535,COMP0174,单位044,3493,978.0400000000001,2024-11,一次性补缴
510100000000004541,COMP0021,单位024,5000,1400.0000000000002,2025-02,正常缴纳
510100000000003639,COMP0014,单位178,3493,978.0400000000001,2025-05,一次性补缴
510100000000002816,COMP0012,单位115,20000,5600.000000000001,2025-08,正常缴纳
510100000000001739,COMP0003,单位155,12000,3360.0000000000005,2025-05,一次性补缴
510100000000004720,COMP0110,单位143,3493,978.0400000000001,2024-04,正常缴纳
510100000000000906,COMP0012,单位032,30000,8400.0,2024-12,正常缴纳
510100000000001200,COMP0104,单位093,8000,2240.0,2024-11,正常缴纳
510100000000002644,COMP0035,单位117,20000,5600.000000000001,2025-10,正常缴纳
510100000000000787,COMP0143,单位085,3493,978.0400000000001,2024-10,一次性补缴
510100000000002491,COMP0105,单位093,5000,1400.0000000000002,2024-04,正常缴纳
510100000000004862,COMP0106,单位139,5000,1400.0000000000002,2025-08,正常缴纳
510100000000002703,COMP0027,单位100,12000,3360.0000000000005,2024-01,正常缴纳
510100000000000620,COMP0163,单位027,20000,5600.000000000001,2024-01,正常缴纳
510100000000003624,COMP0020,单位071,3493,978.0400000000001,2024-07,正常缴纳
510100000000003135,COMP0175,单位023,20000,5600.000000000001,2025-01,正常缴纳
510100000000004201,COMP0067,单位167,8000,2240.0,2024-12,正常缴纳
510100000000004991,COMP0061,单位171,3493,978.0400000000001,2024-06,正常缴纳
510100000000002052,COMP0029,单位190,20000,5600.000000000001,2025-05,正常缴纳
510100000000002572,COMP0178,单位116,30000,8400.0,2024-04,正常缴纳
510100000000001741,COMP0114,单位006,12000,3360.0000000000005,2025-08,正常缴纳
510100000000000204,COMP0070,单位049,3493,978.0400000000001,2025-06,一次性补缴
510100000000000985,COMP0014,单位184,3493,978.0400000000001,2024-01,正常缴纳
510100000000001459,COMP0023,单位066,5000,1400.0000000000002,2024-07,正常缴纳
510100000000000882,COMP0028,单位020,20000,5600.000000000001,2024-09,正常缴纳
510100000000002263,COMP0097,单位187,3493,978.0400000000001,2024-10,正常缴纳
510100000000004492,COMP0062,单位126,5000,1400.0000000000002,2025-09,正常缴纳
510100000000004418,COMP0012,单位035,8000,2240.0,2024-07,一次性补缴
510100000000001003,COMP0193,单位155,30000,8400.0,2024-12,正常缴纳
510100000000004716,COMP0093,单位163,3493,978.0400000000001,2024-10,一次性补缴
510100000000002398,COMP0167,单位148,8000,2240.0,2025-03,一次性补缴
510100000000004715,COMP0186,单位182,30000,8400.0,2025-05,一次性补缴
510100000000003901,COMP0031,单位189,30000,8400.0,2025-05,正常缴纳
510100000000001018,COMP0066,单位149,12000,3360.0000000000005,2024-12,正常缴纳
510100000000001499,COMP0101,单位167,8000,2240.0,2025-11,正常缴纳
510100000000002515,COMP0111,单位153,3493,978.0400000000001,2024-10,正常缴纳
510100000000004864,COMP0023,单位107,5000,1400.0000000000002,2024-08,正常缴纳
510100000000001158,COMP0038,单位047,3493,978.0400000000001,2024-03,正常缴纳
510100000000002306,COMP0102,单位148,30000,8400.0,2024-01,正常缴纳
510100000000003999,COMP0100,单位026,12000,3360.0000000000005,2025-05,正常缴纳
510100000000002864,COMP0158,单位145,20000,5600.000000000001,2025-10,正常缴纳
510100000000000446,COMP0015,单位001,20000,5600.000000000001,2024-02,正常缴纳
510100000000004626,COMP0119,单位064,30000,8400.0,2025-05,正常缴纳
510100000000000423,COMP0024,单位139,12000,3360.0000000000005,2025-01,正常缴纳
510100000000001819,COMP0068,单位105,5000,1400.0000000000002,2024-12,正常缴纳
510100000000002581,COMP0157,单位089,12000,3360.0000000000005,2025-04,正常缴纳
510100000000002756,COMP0045,单位198,3493,978.0400000000001,2025-12,正常缴纳
510100000000003060,COMP0130,单位155,12000,3360.0000000000005,2024-07,正常缴纳
510100000000003730,COMP0073,单位140,20000,5600.000000000001,2025-07,正常缴纳
510100000000001482,COMP0125,单位131,3493,978.0400000000001,2024-03,正常缴纳
510100000000003849,COMP0116,单位055,3493,978.0400000000001,2025-03,正常缴纳
510100000000004587,COMP0061,单位091,3493,978.0400000000001,2024-11,正常缴纳
510100000000002272,COMP0080,单位103,3493,978.0400000000001,2024-10,一次性补缴
510100000000001365,COMP0070,单位047,3493,978.0400000000001,2025-10,正常缴纳
510100000000003570,COMP0189,单位058,20000,5600.000000000001,2025-04,一次性补缴
510100000000002204,COMP0144,单位063,30000,8400.0,2024-11,正常缴纳
510100000000003256,COMP0030,单位067,30000,8400.0,2025-08,正常缴纳
510100000000002764,COMP0106,单位101,20000,5600.000000000001,2025-08,一次性补缴
510100000000003874,COMP0096,单位050,12000,3360.0000000000005,2024-02,正常缴纳
510100000000003371,COMP0102,单位177,30000,8400.0,2025-08,正常缴纳
510100000000003012,COMP0103,单位137,30000,8400.0,2025-11,正常缴纳
510100000000002003,COMP0100,单位131,12000,3360.0000000000005,2025-05,正常缴纳
510100000000004341,COMP0110,单位073,5000,1400.0000000000002,2025-03,正常缴纳
510100000000002863,COMP0003,单位066,8000,2240.0,2025-11,正常缴纳
510100000000004206,COMP0040,单位125,5000,1400.0000000000002,2025-02,正常缴纳
510100000000001190,COMP0019,单位089,8000,2240.0,2024-09,正常缴纳
510100000000002692,COMP0082,单位036,30000,8400.0,2025-08,正常缴纳
510100000000000084,COMP0185,单位148,20000,5600.000000000001,2024-08,正常缴纳
510100000000001307,COMP0181,单位179,30000,8400.0,2024-07,正常缴纳
510100000000003958,COMP0034,单位103,8000,2240.0,2024-12,正常缴纳
510100000000000026,COMP0013,单位042,12000,3360.0000000000005,2024-05,正常缴纳
510100000000000466,COMP0145,单位010,30000,8400.0,2024-11,正常缴纳
510100000000003777,COMP0128,单位151,12000,3360.0000000000005,2024-01,一次性补缴
510100000000002585,COMP0015,单位022,12000,3360.0000000000005,2024-01,正常缴纳
510100000000003092,COMP0152,单位016,5000,1400.0000000000002,2025-10,一次性补缴
510100000000004732,COMP0152,单位013,5000,1400.0000000000002,2024-10,正常缴纳
510100000000000248,COMP0121,单位131,3493,978.0400000000001,2024-12,正常缴纳
510100000000003229,COMP0121,单位165,3493,978.0400000000001,2025-08,正常缴纳
510100000000002824,COMP0126,单位189,5000,1400.0000000000002,2024-12,正常缴纳
510100000000004053,COMP0128,单位094,20000,5600.000000000001,2024-05,一次性补缴
510100000000001028,COMP0157,单位052,12000,3360.0000000000005,2024-07,正常缴纳
510100000000001840,COMP0169,单位080,12000,3360.0000000000005,2024-02,正常缴纳
510100000000000292,COMP0116,单位017,5000,1400.0000000000002,2025-12,正常缴纳
510100000000002478,COMP0022,单位061,3493,978.0400000000001,2025-12,正常缴纳
510100000000003948,COMP0178,单位088,12000,3360.0000000000005,2024-08,正常缴纳
510100000000003878,COMP0014,单位197,30000,8400.0,2024-05,正常缴纳
510100000000001488,COMP0001,单位109,12000,3360.0000000000005,2025-10,正常缴纳
510100000000001776,COMP0058,单位126,5000,1400.0000000000002,2024-05,正常缴纳
510100000000001011,COMP0046,单位107,20000,5600.000000000001,2024-01,正常缴纳
510100000000001716,COMP0133,单位160,20000,5600.000000000001,2024-08,正常缴纳
510100000000000203,COMP0162,单位061,20000,5600.000000000001,2024-01,正常缴纳
510100000000000062,COMP0044,单位028,20000,5600.000000000001,2025-11,正常缴纳
510100000000001080,COMP0064,单位177,5000,1400.0000000000002,2025-08,正常缴纳
510100000000001628,COMP0107,单位109,20000,5600.000000000001,2025-10,正常缴纳
510100000000001069,COMP0077,单位169,12000,3360.0000000000005,2025-01,正常缴纳
510100000000001883,COMP0012,单位088,12000,3360.0000000000005,2024-09,正常缴纳
510100000000004085,COMP0128,单位117,30000,8400.0,2024-04,正常缴纳
510100000000001049,COMP0042,单位077,12000,3360.0000000000005,2025-04,一次性补缴
510100000000001290,COMP0026,单位176,12000,3360.0000000000005,2024-03,一次性补缴
510100000000001392,COMP0005,单位112,8000,2240.0,2025-03,正常缴纳
510100000000001605,COMP0052,单位127,8000,2240.0,2024-11,正常缴纳
510100000000002670,COMP0053,单位137,3493,978.0400000000001,2024-04,一次性补缴
510100000000004372,COMP0103,单位107,20000,5600.000000000001,2024-04,正常缴纳
510100000000002220,COMP0150,单位077,20000,5600.000000000001,2024-11,正常缴纳
510100000000003394,COMP0186,单位193,30000,8400.0,2025-06,正常缴纳
510100000000002803,COMP0183,单位187,20000,5600.000000000001,2025-03,正常缴纳
510100000000001356,COMP0161,单位013,20000,5600.000000000001,2025-05,正常缴纳
510100000000002795,COMP0017,单位123,12000,3360.0000000000005,2025-08,正常缴纳
510100000000003789,COMP0165,单位086,20000,5600.000000000001,2025-11,一次性补缴
510100000000002046,COMP0188,单位057,3493,978.0400000000001,2024-10,正常缴纳
510100000000002745,COMP0112,单位085,30000,8400.0,2025-09,正常缴纳
510100000000002430,COMP0177,单位121,5000,1400.0000000000002,2024-01,正常缴纳
510100000000000405,COMP0082,单位021,30000,8400.0,2024-02,正常缴纳
510100000000001800,COMP0146,单位013,5000,1400.0000000000002,2024-01,正常缴纳
510100000000000437,COMP0016,单位024,3493,978.0400000000001,2024-11,正常缴纳
510100000000004604,COMP0086,单位161,3493,978.0400000000001,2024-10,一次性补缴
510100000000001276,COMP0018,单位191,20000,5600.000000000001,2025-12,正常缴纳
510100000000000675,COMP0126,单位097,20000,5600.000000000001,2024-03,正常缴纳
510100000000003807,COMP0057,单位075,12000,3360.0000000000005,2025-07,正常缴纳
510100000000002217,COMP0146,单位071,20000,5600.000000000001,2024-03,一次性补缴
510100000000003006,COMP0113,单位047,3493,978.0400000000001,2024-06,一次性补缴
510100000000003858,COMP0142,单位195,12000,3360.0000000000005,2024-01,正常缴纳
510100000000000137,COMP0099,单位077,3493,978.0400000000001,2025-11,正常缴纳
510100000000002759,COMP0059,单位003,8000,2240.0,2024-05,正常缴纳
510100000000004434,COMP0165,单位084,30000,8400.0,2025-02,正常缴纳
510100000000002868,COMP0114,单位006,3493,978.0400000000001,2024-12,正常缴纳
510100000000003966,COMP0157,单位025,8000,2240.0,2024-04,正常缴纳
510100000000001695,COMP0155,单位051,20000,5600.000000000001,2025-12,正常缴纳
510100000000002669,COMP0030,单位009,20000,5600.000000000001,2024-02,一次性补缴
510100000000002422,COMP0022,单位159,30000,8400.0,2024-10,正常缴纳
510100000000004041,COMP0009,单位126,5000,1400.0000000000002,2024-12,一次性补缴
510100000000004720,COMP0072,单位050,3493,978.0400000000001,2025-01,一次性补缴
510100000000000937,COMP0033,单位063,30000,8400.0,2024-01,正常缴纳
510100000000001890,COMP0006,单位135,12000,3360.0000000000005,2024-05,正常缴纳
510100000000003746,COMP0099,单位148,5000,1400.0000000000002,2025-07,一次性补缴
510100000000001570,COMP0047,单位046,5000,1400.0000000000002,2024-04,正常缴纳
510100000000001063,COMP0127,单位183,8000,2240.0,2024-09,一次性补缴
510100000000000976,COMP0096,单位023,12000,3360.0000000000005,2024-03,一次性补缴
510100000000004069,COMP0133,单位168,12000,3360.0000000000005,2025-05,正常缴纳
510100000000004141,COMP0090,单位079,8000,2240.0,2024-05,一次性补缴
510100000000003161,COMP0113,单位051,8000,2240.0,2024-04,一次性补缴
510100000000000450,COMP0083,单位095,5000,1400.0000000000002,2024-05,正常缴纳
510100000000004645,COMP0127,单位072,20000,5600.000000000001,2025-11,正常缴纳
510100000000001467,COMP0028,单位156,5000,1400.0000000000002,2025-06,正常缴纳
510100000000001974,COMP0038,单位117,8000,2240.0,2025-12,正常缴纳
510100000000004446,COMP0063,单位103,12000,3360.0000000000005,2024-12,正常缴纳
510100000000000106,COMP0142,单位058,20000,5600.000000000001,2025-02,正常缴纳
510100000000004090,COMP0190,单位045,3493,978.0400000000001,2025-05,正常缴纳
510100000000003766,COMP0156,单位137,3493,978.0400000000001,2025-02,正常缴纳
510100000000002999,COMP0074,单位186,5000,1400.0000000000002,2024-01,正常缴纳
510100000000002205,COMP0026,单位152,8000,2240.0,2024-12,正常缴纳
510100000000002738,COMP0073,单位050,5000,1400.0000000000002,2024-07,正常缴纳
510100000000004720,COMP0022,单位148,8000,2240.0,2024-05,正常缴纳
510100000000004570,COMP0160,单位030,12000,3360.0000000000005,2024-10,正常缴纳
510100000000003819,COMP0088,单位132,20000,5600.000000000001,2024-03,正常缴纳
510100000000002986,COMP0030,单位111,30000,8400.0,2025-07,正常缴纳
510100000000001968,COMP0141,单位169,30000,8400.0,2025-12,正常缴纳
510100000000001343,COMP0117,单位019,12000,3360.0000000000005,2024-02,一次性补缴
510100000000002981,COMP0121,单位099,3493,978.0400000000001,2025-03,正常缴纳
510100000000002492,COMP0020,单位038,20000,5600.000000000001,2025-05,一次性补缴
510100000000003363,COMP0174,单位099,30000,8400.0,2024-05,正常缴纳
510100000000002964,COMP0092,单位070,20000,5600.000000000001,2025-12,一次性补缴
510100000000000778,COMP0088,单位087,8000,2240.0,2024-05,正常缴纳
510100000000002108,COMP0067,单位157,12000,3360.0000000000005,2024-07,正常缴纳
510100000000001295,COMP0045,单位034,8000,2240.0,2025-12,正常缴纳
510100000000003174,COMP0120,单位170,20000,5600.000000000001,2024-11,正常缴纳
510100000000001949,COMP0053,单位058,12000,3360.0000000000005,2025-06,正常缴纳
510100000000001646,COMP0152,单位120,20000,5600.000000000001,2024-10,一次性补缴
510100000000001937,COMP0186,单位026,8000,2240.0,2024-08,一次性补缴
510100000000000379,COMP0005,单位127,5000,1400.0000000000002,2024-04,正常缴纳
510100000000003927,COMP0036,单位025,3493,978.0400000000001,2025-12,正常缴纳
510100000000002269,COMP0037,单位107,5000,1400.0000000000002,2024-12,正常缴纳
510100000000001870,COMP0174,单位111,3493,978.0400000000001,2025-12,一次性补缴
510100000000001367,COMP0040,单位134,8000,2240.0,2025-03,一次性补缴
510100000000001060,COMP0139,单位106,20000,5600.000000000001,2024-08,正常缴纳
510100000000004106,COMP0071,单位186,12000,3360.0000000000005,2025-11,一次性补缴
510100000000000617,COMP0188,单位049,20000,5600.000000000001,2024-07,正常缴纳
510100000000001892,COMP0153,单位151,20000,5600.000000000001,2024-01,正常缴纳
510100000000000222,COMP0013,单位042,30000,8400.0,2024-05,正常缴纳
510100000000004480,COMP0074,单位114,30000,8400.0,2024-06,一次性补缴
510100000000001362,COMP0192,单位179,12000,3360.0000000000005,2025-01,正常缴纳
510100000000004937,COMP0117,单位003,20000,5600.000000000001,2025-03,正常缴纳
510100000000002979,COMP0064,单位160,20000,5600.000000000001,2025-02,正常缴纳
510100000000004418,COMP0181,单位195,30000,8400.0,2024-02,一次性补缴
510100000000002768,COMP0110,单位167,8000,2240.0,2025-05,正常缴纳
510100000000003051,COMP0133,单位197,8000,2240.0,2025-11,正常缴纳
510100000000001720,COMP0104,单位163,12000,3360.0000000000005,2024-05,正常缴纳
510100000000000894,COMP0024,单位168,3493,978.0400000000001,2024-02,正常缴纳
510100000000000313,COMP0001,单位171,30000,8400.0,2024-10,正常缴纳
510100000000001789,COMP0087,单位090,20000,5600.000000000001,2025-11,正常缴纳
510100000000000989,COMP0064,单位097,3493,978.0400000000001,2025-09,正常缴纳
510100000000003397,COMP0158,单位143,20000,5600.000000000001,2024-02,一次性补缴
510100000000004671,COMP0182,单位080,12000,3360.0000000000005,2024-11,正常缴纳
510100000000002679,COMP0143,单位079,8000,2240.0,2025-12,一次性补缴
510100000000003216,COMP0100,单位086,30000,8400.0,2024-06,正常缴纳
510100000000003307,COMP0029,单位183,12000,3360.0000000000005,2025-02,正常缴纳
510100000000001313,COMP0121,单位173,20000,5600.000000000001,2024-03,正常缴纳
510100000000000789,COMP0087,单位196,8000,2240.0,2024-10,正常缴纳
510100000000000886,COMP0138,单位173,20000,5600.000000000001,2025-01,正常缴纳
510100000000002923,COMP0090,单位119,5000,1400.0000000000002,2025-05,正常缴纳
510100000000003352,COMP0073,单位124,20000,5600.000000000001,2025-06,正常缴纳
510100000000000822,COMP0128,单位020,8000,2240.0,2024-07,正常缴纳
510100000000001055,COMP0191,单位074,12000,3360.0000000000005,2025-01,正常缴纳
510100000000003528,COMP0160,单位023,12000,3360.0000000000005,2024-12,正常缴纳
510100000000003824,COMP0056,单位137,5000,1400.0000000000002,2025-05,正常缴纳
510100000000004730,COMP0085,单位180,8000,2240.0,2025-08,正常缴纳
510100000000004165,COMP0154,单位182,20000,5600.000000000001,2024-04,正常缴纳
510100000000000570,COMP0073,单位149,12000,3360.0000000000005,2025-10,一次性补缴
510100000000002109,COMP0132,单位127,30000,8400.0,2025-10,一次性补缴
510100000000001712,COMP0189,单位065,12000,3360.0000000000005,2025-03,正常缴纳
510100000000000582,COMP0131,单位049,3493,978.0400000000001,2024-08,一次性补缴
510100000000004794,COMP0158,单位032,12000,3360.0000000000005,2024-04,正常缴纳
510100000000001127,COMP0061,单位195,3493,978.0400000000001,2025-12,正常缴纳
510100000000002179,COMP0151,单位155,20000,5600.000000000001,2024-11,一次性补缴
510100000000002764,COMP0171,单位165,20000,5600.000000000001,2025-05,正常缴纳
510100000000003146,COMP0179,单位178,30000,8400.0,2025-10,正常缴纳
510100000000002359,COMP0064,单位127,20000,5600.000000000001,2024-09,正常缴纳
510100000000000496,COMP0097,单位055,3493,978.0400000000001,2025-09,正常缴纳
510100000000000195,COMP0110,单位016,3493,978.0400000000001,2025-06,正常缴纳
510100000000003006,COMP0119,单位169,3493,978.0400000000001,2024-04,正常缴纳
510100000000001672,COMP0179,单位176,8000,2240.0,2025-01,正常缴纳
510100000000004661,COMP0079,单位015,5000,1400.0000000000002,2024-08,正常缴纳
510100000000003176,COMP0047,单位118,5000,1400.0000000000002,2025-05,一次性补缴
510100000000002197,COMP0048,单位082,5000,1400.0000000000002,2025-05,正常缴纳
510100000000003348,COMP0061,单位183,8000,2240.0,2025-07,正常缴纳
510100000000000257,COMP0198,单位053,8000,2240.0,2024-09,一次性补缴
510100000000000922,COMP0088,单位142,5000,1400.0000000000002,2025-03,正常缴纳
510100000000000560,COMP0190,单位044,20000,5600.000000000001,2025-12,正常缴纳
510100000000001705,COMP0023,单位129,5000,1400.0000000000002,2024-04,正常缴纳
510100000000003599,COMP0089,单位018,30000,8400.0,2025-06,正常缴纳
510100000000004626,COMP0013,单位017,12000,3360.0000000000005,2025-06,正常缴纳
510100000000002140,COMP0114,单位066,8000,2240.0,2024-05,一次性补缴
510100000000001996,COMP0074,单位072,30000,8400.0,2024-10,正常缴纳
510100000000004946,COMP0120,单位054,8000,2240.0,2025-06,正常缴纳
510100000000004966,COMP0114,单位161,8000,2240.0,2024-07,一次性补缴
510100000000004651,COMP0175,单位141,3493,978.0400000000001,2025-05,正常缴纳
510100000000004379,COMP0132,单位042,20000,5600.000000000001,2024-05,正常缴纳
510100000000002696,COMP0148,单位038,30000,8400.0,2025-06,正常缴纳
510100000000000118,COMP0099,单位094,12000,3360.0000000000005,2025-04,正常缴纳
510100000000004415,COMP0079,单位189,12000,3360.0000000000005,2024-09,正常缴纳
510100000000002441,COMP0140,单位150,20000,5600.000000000001,2025-05,正常缴纳
510100000000003665,COMP0155,单位060,8000,2240.0,2024-02,一次性补缴
510100000000001399,COMP0152,单位088,20000,5600.000000000001,2025-12,正常缴纳
510100000000000552,COMP0168,单位011,5000,1400.0000000000002,2025-01,正常缴纳
510100000000004266,COMP0082,单位026,20000,5600.000000000001,2024-08,正常缴纳
510100000000003456,COMP0199,单位172,3493,978.0400000000001,2024-08,正常缴纳
510100000000001660,COMP0016,单位038,8000,2240.0,2024-03,正常缴纳
510100000000004817,COMP0059,单位029,20000,5600.000000000001,2025-08,一次性补缴
510100000000004460,COMP0181,单位108,5000,1400.0000000000002,2025-05,一次性补缴
510100000000004171,COMP0113,单位006,3493,978.0400000000001,2024-12,正常缴纳
510100000000002804,COMP0009,单位069,20000,5600.000000000001,2025-08,一次性补缴
510100000000002489,COMP0037,单位071,12000,3360.0000000000005,2025-03,正常缴纳
510100000000000607,COMP0142,单位011,8000,2240.0,2025-01,正常缴纳
510100000000004257,COMP0060,单位179,3493,978.0400000000001,2024-10,一次性补缴
510100000000001364,COMP0182,单位117,12000,3360.0000000000005,2025-01,正常缴纳
510100000000003887,COMP0051,单位175,3493,978.0400000000001,2025-06,一次性补缴
510100000000003117,COMP0100,单位038,12000,3360.0000000000005,2025-12,正常缴纳
510100000000003733,COMP0130,单位093,12000,3360.0000000000005,2024-03,正常缴纳
510100000000003489,COMP0147,单位137,3493,978.0400000000001,2025-01,正常缴纳
510100000000001153,COMP0079,单位057,20000,5600.000000000001,2024-09,一次性补缴
510100000000003406,COMP0134,单位014,8000,2240.0,2024-06,正常缴纳
510100000000000126,COMP0004,单位058,20000,5600.000000000001,2025-12,正常缴纳
510100000000002727,COMP0143,单位004,3493,978.0400000000001,2025-04,正常缴纳
510100000000004194,COMP0182,单位169,3493,978.0400000000001,2024-12,正常缴纳
510100000000004567,COMP0004,单位085,20000,5600.000000000001,2024-07,正常缴纳
510100000000002240,COMP0123,单位169,8000,2240.0,2024-07,一次性补缴
510100000000001580,COMP0197,单位117,30000,8400.0,2024-03,正常缴纳
510100000000003637,COMP0184,单位072,3493,978.0400000000001,2025-10,一次性补缴
510100000000002702,COMP0019,单位010,5000,1400.0000000000002,2025-11,正常缴纳
510100000000002575,COMP0080,单位028,12000,3360.0000000000005,2025-04,正常缴纳
510100000000003943,COMP0138,单位045,8000,2240.0,2025-08,正常缴纳
510100000000000722,COMP0074,单位044,8000,2240.0,2025-06,正常缴纳
510100000000004826,COMP0007,单位006,3493,978.0400000000001,2025-01,正常缴纳
510100000000001271,COMP0166,单位172,30000,8400.0,2024-05,正常缴纳
510100000000001599,COMP0076,单位131,8000,2240.0,2025-09,正常缴纳
510100000000003801,COMP0002,单位140,30000,8400.0,2025-02,正常缴纳
510100000000002895,COMP0185,单位047,20000,5600.000000000001,2025-04,一次性补缴
510100000000001226,COMP0152,单位091,12000,3360.0000000000005,2024-02,正常缴纳
510100000000003310,COMP0035,单位116,8000,2240.0,2025-08,正常缴纳
510100000000002012,COMP0077,单位048,12000,3360.0000000000005,2024-12,正常缴纳
510100000000004764,COMP0198,单位179,3493,978.0400000000001,2025-07,正常缴纳
510100000000004587,COMP0009,单位150,20000,5600.000000000001,2025-02,正常缴纳
510100000000001435,COMP0090,单位117,20000,5600.000000000001,2025-09,正常缴纳
510100000000002519,COMP0052,单位055,8000,2240.0,2024-04,正常缴纳
510100000000000462,COMP0185,单位037,12000,3360.0000000000005,2025-03,正常缴纳
510100000000003611,COMP0037,单位189,12000,3360.0000000000005,2024-02,正常缴纳
510100000000003222,COMP0180,单位110,5000,1400.0000000000002,2025-04,正常缴纳
510100000000003852,COMP0169,单位177,5000,1400.0000000000002,2024-08,正常缴纳
510100000000000185,COMP0188,单位053,20000,5600.000000000001,2025-06,正常缴纳
510100000000000383,COMP0042,单位029,3493,978.0400000000001,2025-12,正常缴纳
510100000000000900,COMP0180,单位113,12000,3360.0000000000005,2025-06,正常缴纳
510100000000000805,COMP0172,单位181,12000,3360.0000000000005,2024-02,正常缴纳
510100000000002387,COMP0163,单位046,30000,8400.0,2025-12,正常缴纳
510100000000001351,COMP0139,单位029,5000,1400.0000000000002,2024-11,正常缴纳
510100000000002822,COMP0117,单位064,8000,2240.0,2025-12,一次性补缴
510100000000002076,COMP0139,单位181,12000,3360.0000000000005,2025-05,正常缴纳
510100000000000735,COMP0047,单位161,8000,2240.0,2024-03,正常缴纳
510100000000003729,COMP0074,单位053,8000,2240.0,2024-07,正常缴纳
510100000000000548,COMP0169,单位097,5000,1400.0000000000002,2024-10,一次性补缴
510100000000001176,COMP0106,单位041,5000,1400.0000000000002,2025-02,正常缴纳
510100000000004242,COMP0026,单位054,5000,1400.0000000000002,2024-03,正常缴纳
510100000000001649,COMP0017,单位120,3493,978.0400000000001,2024-03,正常缴纳
510100000000004426,COMP0011,单位140,5000,1400.0000000000002,2025-09,一次性补缴
510100000000001750,COMP0114,单位184,30000,8400.0,2024-06,一次性补缴
510100000000000900,COMP0131,单位009,3493,978.0400000000001,2025-10,正常缴纳
510100000000001522,COMP0083,单位021,12000,3360.0000000000005,2025-01,正常缴纳
510100000000002648,COMP0092,单位033,5000,1400.0000000000002,2025-02,正常缴纳
510100000000001050,COMP0049,单位178,30000,8400.0,2024-12,正常缴纳
510100000000000737,COMP0068,单位099,12000,3360.0000000000005,2024-09,一次性补缴
510100000000001355,COMP0106,单位153,12000,3360.0000000000005,2024-12,正常缴纳
510100000000004138,COMP0126,单位009,12000,3360.0000000000005,2025-03,正常缴纳
510100000000002942,COMP0053,单位041,5000,1400.0000000000002,2025-06,正常缴纳
510100000000003047,COMP0151,单位186,3493,978.0400000000001,2024-11,正常缴纳
510100000000003508,COMP0045,单位027,30000,8400.0,2025-02,正常缴纳
510100000000002153,COMP0074,单位060,3493,978.0400000000001,2025-10,正常缴纳
510100000000003082,COMP0163,单位147,8000,2240.0,2025-06,正常缴纳
510100000000004028,COMP0047,单位014,12000,3360.0000000000005,2024-04,正常缴纳
510100000000004255,COMP0010,单位124,5000,1400.0000000000002,2024-01,一次性补缴
510100000000003006,COMP0143,单位097,12000,3360.0000000000005,2024-09,正常缴纳
510100000000002576,COMP0076,单位017,3493,978.0400000000001,2024-08,一次性补缴
510100000000002397,COMP0174,单位116,30000,8400.0,2024-09,正常缴纳
510100000000001782,COMP0076,单位159,5000,1400.0000000000002,2025-01,正常缴纳
510100000000004547,COMP0143,单位111,8000,2240.0,2025-08,正常缴纳
510100000000000051,COMP0171,单位034,30000,8400.0,2025-03,正常缴纳
510100000000001674,COMP0141,单位050,12000,3360.0000000000005,2025-03,一次性补缴
510100000000002039,COMP0166,单位003,3493,978.0400000000001,2024-03,正常缴纳
510100000000001701,COMP0039,单位153,8000,2240.0,2025-08,正常缴纳
510100000000001610,COMP0001,单位182,12000,3360.0000000000005,2025-08,一次性补缴
510100000000000163,COMP0113,单位103,3493,978.0400000000001,2025-05,正常缴纳
510100000000004459,COMP0021,单位148,8000,2240.0,2025-01,正常缴纳
510100000000003867,COMP0199,单位184,8000,2240.0,2025-09,正常缴纳
510100000000003297,COMP0162,单位032,12000,3360.0000000000005,2025-04,正常缴纳
510100000000003506,COMP0191,单位173,8000,2240.0,2025-10,正常缴纳
510100000000000434,COMP0024,单位111,5000,1400.0000000000002,2025-12,正常缴纳
510100000000004762,COMP0023,单位161,8000,2240.0,2025-12,一次性补缴
510100000000004860,COMP0166,单位183,20000,5600.000000000001,2025-06,正常缴纳
510100000000003996,COMP0034,单位125,8000,2240.0,2024-03,正常缴纳
510100000000004287,COMP0120,单位013,30000,8400.0,2025-06,正常缴纳
510100000000001739,COMP0057,单位055,3493,978.0400000000001,2024-01,正常缴纳
510100000000004916,COMP0036,单位133,12000,3360.0000000000005,2024-09,正常缴纳
510100000000001042,COMP0035,单位107,20000,5600.000000000001,2025-06,正常缴纳
510100000000000466,COMP0129,单位199,30000,8400.0,2025-08,一次性补缴
510100000000004072,COMP0170,单位091,8000,2240.0,2025-10,正常缴纳
510100000000003198,COMP0024,单位111,8000,2240.0,2024-12,正常缴纳
510100000000003475,COMP0006,单位195,5000,1400.0000000000002,2025-12,正常缴纳
510100000000002493,COMP0189,单位080,30000,8400.0,2024-10,一次性补缴
510100000000004647,COMP0151,单位168,8000,2240.0,2025-10,正常缴纳
510100000000003174,COMP0094,单位132,5000,1400.0000000000002,2024-11,正常缴纳
510100000000004061,COMP0104,单位034,20000,5600.000000000001,2025-08,正常缴纳
510100000000004108,COMP0157,单位193,3493,978.0400000000001,2025-02,正常缴纳
510100000000003611,COMP0083,单位129,12000,3360.0000000000005,2025-11,正常缴纳
510100000000004868,COMP0097,单位014,8000,2240.0,2025-08,正常缴纳
510100000000003618,COMP0003,单位004,5000,1400.0000000000002,2024-09,正常缴纳
510100000000003438,COMP0059,单位074,3493,978.0400000000001,2024-01,一次性补缴
510100000000003508,COMP0138,单位199,8000,2240.0,2024-03,正常缴纳
510100000000000231,COMP0099,单位197,3493,978.0400000000001,2024-08,正常缴纳
510100000000000317,COMP0010,单位087,30000,8400.0,2024-12,正常缴纳
510100000000003312,COMP0056,单位110,20000,5600.000000000001,2024-03,一次性补缴
510100000000000201,COMP0093,单位137,3493,978.0400000000001,2024-08,正常缴纳
510100000000002598,COMP0114,单位077,8000,2240.0,2024-07,正常缴纳
510100000000002767,COMP0056,单位176,5000,1400.0000000000002,2024-10,正常缴纳
510100000000002618,COMP0156,单位122,8000,2240.0,2025-09,正常缴纳
510100000000004669,COMP0158,单位040,8000,2240.0,2025-08,正常缴纳
510100000000003261,COMP0015,单位124,30000,8400.0,2025-03,一次性补缴
510100000000000958,COMP0048,单位189,3493,978.0400000000001,2025-08,正常缴纳
510100000000000459,COMP0008,单位018,3493,978.0400000000001,2025-11,正常缴纳
510100000000004502,COMP0197,单位065,12000,3360.0000000000005,2024-02,一次性补缴
510100000000003264,COMP0140,单位147,20000,5600.000000000001,2025-06,正常缴纳
510100000000000235,COMP0126,单位190,5000,1400.0000000000002,2024-01,正常缴纳
510100000000002370,COMP0005,单位100,12000,3360.0000000000005,2025-01,一次性补缴
510100000000002460,COMP0068,单位128,30000,8400.0,2025-01,正常缴纳
510100000000000195,COMP0077,单位020,30000,8400.0,2024-02,一次性补缴
510100000000004978,COMP0170,单位012,3493,978.0400000000001,2024-07,一次性补缴
510100000000000085,COMP0188,单位049,12000,3360.0000000000005,2025-06,一次性补缴
510100000000004653,COMP0098,单位102,5000,1400.0000000000002,2024-02,正常缴纳
510100000000000256,COMP0197,单位168,3493,978.0400000000001,2025-03,正常缴纳
510100000000004599,COMP0016,单位182,20000,5600.000000000001,2024-02,正常缴纳
510100000000004220,COMP0082,单位004,3493,978.0400000000001,2024-09,正常缴纳
510100000000000227,COMP0016,单位042,20000,5600.000000000001,2024-04,正常缴纳
510100000000004889,COMP0177,单位031,30000,8400.0,2024-02,正常缴纳
510100000000002280,COMP0166,单位038,12000,3360.0000000000005,2024-09,一次性补缴
510100000000003682,COMP0044,单位111,12000,3360.0000000000005,2024-09,正常缴纳
510100000000001941,COMP0072,单位054,30000,8400.0,2024-04,正常缴纳
510100000000002916,COMP0195,单位060,8000,2240.0,2025-02,一次性补缴
510100000000003293,COMP0119,单位182,8000,2240.0,2025-10,一次性补缴
510100000000001111,COMP0105,单位019,12000,3360.0000000000005,2025-10,正常缴纳
510100000000004457,COMP0185,单位030,3493,978.0400000000001,2024-10,正常缴纳
510100000000002684,COMP0124,单位171,12000,3360.0000000000005,2024-06,正常缴纳
510100000000002740,COMP0118,单位123,5000,1400.0000000000002,2025-05,正常缴纳
510100000000004107,COMP0122,单位035,8000,2240.0,2024-11,正常缴纳
510100000000000741,COMP0081,单位168,5000,1400.0000000000002,2024-09,一次性补缴
510100000000003662,COMP0114,单位045,30000,8400.0,2024-08,正常缴纳
510100000000002911,COMP0013,单位110,12000,3360.0000000000005,2024-06,正常缴纳
510100000000001838,COMP0093,单位101,3493,978.0400000000001,2025-10,正常缴纳
510100000000003253,COMP0084,单位166,8000,2240.0,2025-01,正常缴纳
510100000000001897,COMP0105,单位036,30000,8400.0,2025-09,一次性补缴
510100000000003507,COMP0097,单位153,8000,2240.0,2025-11,正常缴纳
510100000000004995,COMP0093,单位185,20000,5600.000000000001,2024-07,一次性补缴
510100000000002610,COMP0063,单位080,8000,2240.0,2025-07,一次性补缴
510100000000002660,COMP0129,单位019,30000,8400.0,2024-03,正常缴纳
510100000000004176,COMP0103,单位113,30000,8400.0,2025-06,正常缴纳
510100000000000790,COMP0107,单位163,30000,8400.0,2025-09,正常缴纳
510100000000003179,COMP0044,单位189,30000,8400.0,2024-07,一次性补缴
510100000000004066,COMP0011,单位173,3493,978.0400000000001,2025-06,正常缴纳
510100000000001618,COMP0036,单位118,5000,1400.0000000000002,2024-11,正常缴纳
510100000000001371,COMP0049,单位143,20000,5600.000000000001,2024-05,正常缴纳
510100000000004324,COMP0118,单位176,3493,978.0400000000001,2025-09,正常缴纳
510100000000000849,COMP0130,单位077,8000,2240.0,2025-06,正常缴纳
510100000000002975,COMP0067,单位115,8000,2240.0,2024-09,正常缴纳
510100000000002294,COMP0081,单位025,3493,978.0400000000001,2024-04,正常缴纳
510100000000001262,COMP0177,单位044,8000,2240.0,2025-11,正常缴纳
510100000000004495,COMP0091,单位154,20000,5600.000000000001,2024-05,正常缴纳
510100000000003809,COMP0143,单位066,5000,1400.0000000000002,2025-04,正常缴纳
510100000000001460,COMP0080,单位132,12000,3360.0000000000005,2025-12,正常缴纳
510100000000002131,COMP0026,单位096,30000,8400.0,2024-05,一次性补缴
510100000000003122,COMP0013,单位169,5000,1400.0000000000002,2024-05,一次性补缴
510100000000004073,COMP0018,单位093,20000,5600.000000000001,2024-04,一次性补缴
510100000000001476,COMP0037,单位161,12000,3360.0000000000005,2025-03,正常缴纳
510100000000000533,COMP0122,单位129,5000,1400.0000000000002,2025-09,一次性补缴
510100000000002978,COMP0070,单位198,5000,1400.0000000000002,2024-02,正常缴纳
510100000000003064,COMP0185,单位003,20000,5600.000000000001,2024-03,正常缴纳
510100000000002958,COMP0017,单位143,20000,5600.000000000001,2024-06,正常缴纳
510100000000003007,COMP0092,单位142,8000,2240.0,2024-03,正常缴纳
510100000000002089,COMP0094,单位005,12000,3360.0000000000005,2025-06,正常缴纳
510100000000000498,COMP0115,单位187,12000,3360.0000000000005,2024-09,正常缴纳
510100000000001684,COMP0192,单位068,12000,3360.0000000000005,2024-03,正常缴纳
510100000000004659,COMP0110,单位046,12000,3360.0000000000005,2024-10,正常缴纳
510100000000003198,COMP0189,单位009,8000,2240.0,2024-05,一次性补缴
510100000000000472,COMP0198,单位048,3493,978.0400000000001,2024-02,正常缴纳
510100000000000357,COMP0056,单位099,8000,2240.0,2024-12,一次性补缴
510100000000003357,COMP0022,单位145,20000,5600.000000000001,2025-07,一次性补缴
510100000000001050,COMP0127,单位135,5000,1400.0000000000002,2024-11,正常缴纳
510100000000001284,COMP0199,单位086,20000,5600.000000000001,2025-02,一次性补缴
510100000000003595,COMP0047,单位183,8000,2240.0,2025-06,一次性补缴
510100000000004797,COMP0070,单位002,20000,5600.000000000001,2025-02,正常缴纳
510100000000002335,COMP0062,单位115,3493,978.0400000000001,2024-10,正常缴纳
510100000000001932,COMP0168,单位031,30000,8400.0,2024-06,一次性补缴
510100000000001338,COMP0028,单位122,30000,8400.0,2024-03,正常缴纳
510100000000004367,COMP0069,单位044,8000,2240.0,2024-02,正常缴纳
510100000000002652,COMP0179,单位141,8000,2240.0,2024-06,正常缴纳
510100000000001635,COMP0187,单位039,8000,2240.0,2024-09,一次性补缴
510100000000001585,COMP0053,单位046,20000,5600.000000000001,2025-12,正常缴纳
510100000000000194,COMP0074,单位095,20000,5600.000000000001,2024-01,一次性补缴
510100000000002931,COMP0130,单位068,3493,978.0400000000001,2025-09,正常缴纳
510100000000001860,COMP0186,单位163,3493,978.0400000000001,2025-06,一次性补缴
510100000000003294,COMP0174,单位191,12000,3360.0000000000005,2025-09,正常缴纳
510100000000004716,COMP0119,单位113,8000,2240.0,2025-04,正常缴纳
510100000000004350,COMP0008,单位167,3493,978.0400000000001,2024-03,正常缴纳
510100000000000601,COMP0163,单位068,20000,5600.000000000001,2024-12,一次性补缴
510100000000001066,COMP0107,单位172,5000,1400.0000000000002,2025-07,一次性补缴
510100000000004114,COMP0035,单位048,8000,2240.0,2024-11,正常缴纳
510100000000004861,COMP0188,单位031,30000,8400.0,2024-03,一次性补缴
510100000000003142,COMP0051,单位056,12000,3360.0000000000005,2024-05,正常缴纳
510100000000004326,COMP0082,单位190,12000,3360.0000000000005,2024-10,正常缴纳
510100000000000593,COMP0031,单位192,5000,1400.0000000000002,2024-10,正常缴纳
510100000000004648,COMP0015,单位087,30000,8400.0,2024-03,正常缴纳
510100000000004682,COMP0139,单位188,3493,978.0400000000001,2024-01,一次性补缴
510100000000003608,COMP0171,单位094,12000,3360.0000000000005,2024-08,一次性补缴
510100000000002516,COMP0095,单位100,12000,3360.0000000000005,2024-12,一次性补缴
510100000000002431,COMP0023,单位190,8000,2240.0,2024-10,正常缴纳
510100000000004670,COMP0103,单位060,3493,978.0400000000001,2024-12,正常缴纳
510100000000002161,COMP0104,单位108,20000,5600.000000000001,2025-09,正常缴纳
510100000000002991,COMP0010,单位087,8000,2240.0,2024-10,正常缴纳
510100000000000858,COMP0174,单位137,3493,978.0400000000001,2024-01,一次性补缴
510100000000002393,COMP0096,单位029,12000,3360.0000000000005,2025-07,正常缴纳
510100000000001059,COMP0168,单位095,8000,2240.0,2025-03,一次性补缴
510100000000002714,COMP0040,单位045,30000,8400.0,2024-11,正常缴纳
510100000000001800,COMP0118,单位065,12000,3360.0000000000005,2025-06,正常缴纳
510100000000001522,COMP0141,单位038,30000,8400.0,2024-09,一次性补缴
510100000000000692,COMP0154,单位194,5000,1400.0000000000002,2024-01,正常缴纳
510100000000000058,COMP0095,单位026,20000,5600.000000000001,2025-07,正常缴纳
510100000000004687,COMP0071,单位199,3493,978.0400000000001,2025-05,正常缴纳
510100000000000875,COMP0135,单位166,20000,5600.000000000001,2024-06,一次性补缴
510100000000000335,COMP0103,单位035,3493,978.0400000000001,2025-12,一次性补缴
510100000000002690,COMP0118,单位195,20000,5600.000000000001,2025-07,正常缴纳
510100000000003982,COMP0113,单位031,20000,5600.000000000001,2024-08,正常缴纳
510100000000000496,COMP0054,单位196,30000,8400.0,2024-10,正常缴纳
510100000000000576,COMP0089,单位054,20000,5600.000000000001,2025-09,一次性补缴
510100000000000228,COMP0011,单位063,5000,1400.0000000000002,2025-06,正常缴纳
510100000000004468,COMP0164,单位058,3493,978.0400000000001,2025-12,一次性补缴
510100000000000561,COMP0090,单位104,20000,5600.000000000001,2025-01,正常缴纳
510100000000004110,COMP0073,单位027,20000,5600.000000000001,2025-06,一次性补缴
510100000000002391,COMP0195,单位154,5000,1400.0000000000002,2025-05,正常缴纳
510100000000001674,COMP0008,单位057,12000,3360.0000000000005,2025-01,正常缴纳
510100000000003850,COMP0134,单位096,12000,3360.0000000000005,2024-12,一次性补缴
510100000000000092,COMP0183,单位044,20000,5600.000000000001,2025-03,正常缴纳
510100000000003864,COMP0178,单位102,8000,2240.0,2024-10,正常缴纳
510100000000003409,COMP0130,单位116,20000,5600.000000000001,2025-12,正常缴纳
510100000000001532,COMP0136,单位186,12000,3360.0000000000005,2024-07,正常缴纳
510100000000001838,COMP0001,单位140,20000,5600.000000000001,2024-04,正常缴纳
510100000000000258,COMP0068,单位057,20000,5600.000000000001,2025-12,一次性补缴
510100000000000387,COMP0030,单位070,3493,978.0400000000001,2024-08,正常缴纳
510100000000001925,COMP0024,单位115,20000,5600.000000000001,2025-09,一次性补缴
510100000000002056,COMP0040,单位179,20000,5600.000000000001,2024-05,正常缴纳
510100000000001447,COMP0003,单位108,12000,3360.0000000000005,2025-09,一次性补缴
510100000000000773,COMP0073,单位026,8000,2240.0,2025-02,正常缴纳
510100000000001410,COMP0035,单位114,20000,5600.000000000001,2024-06,正常缴纳
510100000000003274,COMP0100,单位142,3493,978.0400000000001,2025-12,正常缴纳
510100000000004636,COMP0084,单位162,20000,5600.000000000001,2024-01,正常缴纳
510100000000001042,COMP0008,单位159,8000,2240.0,2024-08,正常缴纳
510100000000003731,COMP0038,单位135,3493,978.0400000000001,2024-07,正常缴纳
510100000000001351,COMP0106,单位118,5000,1400.0000000000002,2024-04,正常缴纳
510100000000004751,COMP0042,单位090,8000,2240.0,2025-04,正常缴纳
510100000000001118,COMP0135,单位002,12000,3360.0000000000005,2024-08,一次性补缴
510100000000003061,COMP0094,单位041,30000,8400.0,2024-03,一次性补缴
510100000000004064,COMP0193,单位124,3493,978.0400000000001,2025-06,正常缴纳
510100000000003526,COMP0182,单位195,5000,1400.0000000000002,2025-04,正常缴纳
510100000000003098,COMP0059,单位065,20000,5600.000000000001,2025-09,正常缴纳
510100000000002504,COMP0124,单位071,5000,1400.0000000000002,2025-08,正常缴纳
510100000000000175,COMP0103,单位091,8000,2240.0,2024-06,正常缴纳
510100000000003898,COMP0012,单位182,30000,8400.0,2024-06,正常缴纳
510100000000002653,COMP0052,单位179,8000,2240.0,2025-09,正常缴纳
510100000000004675,COMP0005,单位083,30000,8400.0,2025-02,正常缴纳
510100000000003845,COMP0069,单位058,20000,5600.000000000001,2024-08,正常缴纳
510100000000002119,COMP0091,单位037,8000,2240.0,2024-10,正常缴纳
510100000000000382,COMP0037,单位154,30000,8400.0,2025-06,正常缴纳
510100000000002414,COMP0139,单位052,8000,2240.0,2024-02,正常缴纳
510100000000000540,COMP0121,单位198,30000,8400.0,2025-02,正常缴纳
510100000000000650,COMP0191,单位181,20000,5600.000000000001,2024-09,正常缴纳
510100000000001183,COMP0050,单位122,8000,2240.0,2025-07,一次性补缴
510100000000003682,COMP0070,单位149,3493,978.0400000000001,2024-10,一次性补缴
510100000000004017,COMP0114,单位194,3493,978.0400000000001,2025-01,正常缴纳
510100000000004221,COMP0037,单位069,3493,978.0400000000001,2024-05,正常缴纳
510100000000004730,COMP0126,单位027,20000,5600.000000000001,2024-01,一次性补缴
510100000000003832,COMP0114,单位014,8000,2240.0,2025-11,正常缴纳
510100000000004931,COMP0127,单位048,8000,2240.0,2024-09,一次性补缴
510100000000001415,COMP0095,单位059,3493,978.0400000000001,2024-11,正常缴纳
510100000000001155,COMP0101,单位136,12000,3360.0000000000005,2025-01,正常缴纳
510100000000003241,COMP0032,单位143,3493,978.0400000000001,2025-07,正常缴纳
510100000000000538,COMP0066,单位187,5000,1400.0000000000002,2025-08,正常缴纳
510100000000001950,COMP0075,单位050,20000,5600.000000000001,2025-08,一次性补缴
510100000000004751,COMP0076,单位086,8000,2240.0,2024-11,正常缴纳
510100000000002075,COMP0121,单位093,8000,2240.0,2024-10,正常缴纳
510100000000003321,COMP0050,单位124,5000,1400.0000000000002,2024-03,正常缴纳
510100000000002973,COMP0006,单位025,8000,2240.0,2025-06,一次性补缴
510100000000004286,COMP0018,单位073,5000,1400.0000000000002,2024-04,一次性补缴
510100000000001476,COMP0134,单位186,5000,1400.0000000000002,2025-03,一次性补缴
510100000000000006,COMP0157,单位179,30000,8400.0,2025-07,一次性补缴
510100000000002965,COMP0146,单位058,8000,2240.0,2025-01,正常缴纳
510100000000000025,COMP0196,单位106,8000,2240.0,2025-04,正常缴纳
510100000000000644,COMP0061,单位044,12000,3360.0000000000005,2024-12,正常缴纳
510100000000003809,COMP0043,单位032,3493,978.0400000000001,2025-07,正常缴纳
510100000000004300,COMP0109,单位066,3493,978.0400000000001,2025-10,正常缴纳
510100000000004134,COMP0173,单位123,3493,978.0400000000001,2024-02,一次性补缴
510100000000004117,COMP0005,单位139,3493,978.0400000000001,2025-08,正常缴纳
510100000000003728,COMP0160,单位083,8000,2240.0,2024-09,一次性补缴
510100000000003571,COMP0091,单位142,12000,3360.0000000000005,2025-10,正常缴纳
510100000000001360,COMP0001,单位109,5000,1400.0000000000002,2025-03,正常缴纳
510100000000003486,COMP0186,单位082,30000,8400.0,2025-08,正常缴纳
510100000000003637,COMP0141,单位124,20000,5600.000000000001,2025-05,正常缴纳
510100000000003228,COMP0077,单位032,30000,8400.0,2025-10,正常缴纳
510100000000000160,COMP0004,单位146,5000,1400.0000000000002,2025-12,一次性补缴
510100000000002522,COMP0090,单位056,3493,978.0400000000001,2025-12,正常缴纳
510100000000002390,COMP0138,单位115,3493,978.0400000000001,2025-06,正常缴纳
510100000000004267,COMP0114,单位009,20000,5600.000000000001,2024-04,正常缴纳
510100000000003240,COMP0192,单位055,3493,978.0400000000001,2025-02,一次性补缴
510100000000003627,COMP0005,单位029,30000,8400.0,2025-04,正常缴纳
510100000000000199,COMP0085,单位136,8000,2240.0,2025-04,一次性补缴
510100000000003493,COMP0133,单位085,20000,5600.000000000001,2024-08,正常缴纳
510100000000000387,COMP0004,单位165,5000,1400.0000000000002,2024-06,正常缴纳
510100000000004655,COMP0046,单位046,20000,5600.000000000001,2025-11,正常缴纳
510100000000001994,COMP0019,单位185,12000,3360.0000000000005,2024-11,一次性补缴
510100000000002651,COMP0005,单位048,5000,1400.0000000000002,2024-03,正常缴纳
510100000000004823,COMP0190,单位109,5000,1400.0000000000002,2024-12,正常缴纳
510100000000002985,COMP0073,单位056,30000,8400.0,2024-06,正常缴纳
510100000000001364,COMP0083,单位196,30000,8400.0,2025-05,正常缴纳
510100000000004304,COMP0137,单位128,5000,1400.0000000000002,2024-08,正常缴纳
510100000000002768,COMP0077,单位029,12000,3360.0000000000005,2025-07,正常缴纳
510100000000002065,COMP0118,单位137,5000,1400.0000000000002,2024-07,正常缴纳
510100000000000122,COMP0189,单位082,30000,8400.0,2024-01,正常缴纳
510100000000000901,COMP0039,单位153,20000,5600.000000000001,2025-10,正常缴纳
510100000000003580,COMP0159,单位157,30000,8400.0,2025-09,正常缴纳
510100000000002902,COMP0123,单位047,30000,8400.0,2025-10,一次性补缴
510100000000004582,COMP0136,单位075,8000,2240.0,2024-10,正常缴纳
510100000000003471,COMP0089,单位097,8000,2240.0,2025-08,正常缴纳
510100000000000258,COMP0073,单位198,8000,2240.0,2024-07,一次性补缴
510100000000000241,COMP0017,单位177,8000,2240.0,2024-11,正常缴纳
510100000000000496,COMP0100,单位040,5000,1400.0000000000002,2025-02,正常缴纳
510100000000001816,COMP0007,单位092,30000,8400.0,2024-02,正常缴纳
510100000000003679,COMP0001,单位091,3493,978.0400000000001,2025-04,正常缴纳
510100000000001373,COMP0129,单位179,8000,2240.0,2025-06,正常缴纳
510100000000004660,COMP0161,单位190,3493,978.0400000000001,2025-11,一次性补缴
510100000000000512,COMP0014,单位122,12000,3360.0000000000005,2024-02,正常缴纳
510100000000003432,COMP0014,单位168,5000,1400.0000000000002,2025-03,正常缴纳
510100000000000827,COMP0137,单位115,5000,1400.0000000000002,2025-01,正常缴纳
510100000000000515,COMP0123,单位176,12000,3360.0000000000005,2025-10,正常缴纳
510100000000001257,COMP0007,单位170,20000,5600.000000000001,2025-10,正常缴纳
510100000000000705,COMP0168,单位121,30000,8400.0,2025-05,正常缴纳
510100000000000969,COMP0174,单位151,5000,1400.0000000000002,2025-10,正常缴纳
510100000000002388,COMP0032,单位043,30000,8400.0,2025-09,正常缴纳
510100000000002041,COMP0143,单位115,5000,1400.0000000000002,2024-04,正常缴纳
510100000000003452,COMP0145,单位120,30000,8400.0,2025-06,正常缴纳
510100000000004054,COMP0037,单位078,12000,3360.0000000000005,2025-08,正常缴纳
510100000000004063,COMP0049,单位067,3493,978.0400000000001,2024-07,正常缴纳
510100000000004802,COMP0169,单位174,12000,3360.0000000000005,2024-07,正常缴纳
510100000000004490,COMP0154,单位013,5000,1400.0000000000002,2025-10,一次性补缴
510100000000002354,COMP0076,单位022,12000,3360.0000000000005,2025-02,一次性补缴
510100000000002764,COMP0097,单位003,12000,3360.0000000000005,2025-02,正常缴纳
510100000000004891,COMP0124,单位008,12000,3360.0000000000005,2024-09,正常缴纳
510100000000004078,COMP0094,单位089,30000,8400.0,2024-11,一次性补缴
510100000000002587,COMP0062,单位051,30000,8400.0,2024-07,正常缴纳
510100000000004713,COMP0028,单位024,30000,8400.0,2024-04,正常缴纳
510100000000004098,COMP0002,单位007,3493,978.0400000000001,2024-05,正常缴纳
510100000000001815,COMP0033,单位043,12000,3360.0000000000005,2025-06,正常缴纳
510100000000000344,COMP0142,单位116,8000,2240.0,2025-04,正常缴纳
510100000000004017,COMP0079,单位011,12000,3360.0000000000005,2025-11,一次性补缴
510100000000002900,COMP0008,单位079,8000,2240.0,2025-04,一次性补缴
510100000000001486,COMP0140,单位171,5000,1400.0000000000002,2025-08,正常缴纳
510100000000003287,COMP0063,单位101,12000,3360.0000000000005,2025-10,正常缴纳
510100000000000743,COMP0019,单位052,20000,5600.000000000001,2025-02,正常缴纳
510100000000000139,COMP0058,单位021,20000,5600.000000000001,2024-02,正常缴纳
510100000000000057,COMP0169,单位019,20000,5600.000000000001,2025-07,正常缴纳
510100000000000372,COMP0063,单位052,5000,1400.0000000000002,2025-06,正常缴纳
510100000000003678,COMP0072,单位128,8000,2240.0,2024-12,一次性补缴
510100000000004014,COMP0095,单位048,30000,8400.0,2025-05,正常缴纳
510100000000000920,COMP0077,单位093,20000,5600.000000000001,2024-08,正常缴纳
510100000000002661,COMP0191,单位029,20000,5600.000000000001,2025-11,正常缴纳
510100000000003486,COMP0086,单位110,30000,8400.0,2024-04,正常缴纳
510100000000002993,COMP0044,单位137,3493,978.0400000000001,2024-10,正常缴纳
510100000000003025,COMP0109,单位059,8000,2240.0,2025-10,正常缴纳
510100000000001798,COMP0082,单位016,20000,5600.000000000001,2024-09,一次性补缴
510100000000002987,COMP0019,单位003,30000,8400.0,2025-12,正常缴纳
510100000000001564,COMP0075,单位070,5000,1400.0000000000002,2024-05,正常缴纳
510100000000003268,COMP0090,单位163,8000,2240.0,2024-01,正常缴纳
510100000000004607,COMP0048,单位185,8000,2240.0,2024-01,正常缴纳
510100000000002574,COMP0128,单位112,20000,5600.000000000001,2025-01,正常缴纳
510100000000000010,COMP0048,单位154,8000,2240.0,2024-09,正常缴纳
510100000000002389,COMP0110,单位154,20000,5600.000000000001,2025-10,正常缴纳
510100000000004135,COMP0007,单位158,3493,978.0400000000001,2025-02,一次性补缴
510100000000002755,COMP0058,单位055,30000,8400.0,2025-06,正常缴纳
510100000000002124,COMP0165,单位124,20000,5600.000000000001,2025-06,正常缴纳
510100000000000653,COMP0136,单位024,30000,8400.0,2025-08,正常缴纳
510100000000000852,COMP0063,单位026,3493,978.0400000000001,2025-10,正常缴纳
510100000000001318,COMP0122,单位159,5000,1400.0000000000002,2025-08,一次性补缴
510100000000003982,COMP0089,单位038,8000,2240.0,2024-09,正常缴纳
510100000000003911,COMP0149,单位016,5000,1400.0000000000002,2024-03,正常缴纳
510100000000000117,COMP0192,单位061,20000,5600.000000000001,2025-12,正常缴纳
510100000000002024,COMP0136,单位187,3493,978.0400000000001,2024-05,正常缴纳
510100000000004345,COMP0166,单位003,5000,1400.0000000000002,2025-06,正常缴纳
510100000000000243,COMP0032,单位111,3493,978.0400000000001,2024-08,正常缴纳
510100000000001605,COMP0177,单位183,8000,2240.0,2024-07,正常缴纳
510100000000001172,COMP0016,单位017,3493,978.0400000000001,2025-01,一次性补缴
510100000000001095,COMP0193,单位066,30000,8400.0,2024-05,一次性补缴
510100000000003923,COMP0111,单位062,8000,2240.0,2024-10,正常缴纳
510100000000002469,COMP0181,单位143,8000,2240.0,2025-10,正常缴纳
510100000000003178,COMP0167,单位079,12000,3360.0000000000005,2024-09,正常缴纳
510100000000003211,COMP0198,单位128,5000,1400.0000000000002,2025-09,正常缴纳
510100000000003406,COMP0019,单位069,30000,8400.0,2025-04,一次性补缴
510100000000002548,COMP0010,单位140,3493,978.0400000000001,2024-07,正常缴纳
510100000000003478,COMP0002,单位094,12000,3360.0000000000005,2025-01,正常缴纳
510100000000004420,COMP0148,单位172,20000,5600.000000000001,2025-07,正常缴纳
510100000000003151,COMP0098,单位159,20000,5600.000000000001,2025-09,正常缴纳
510100000000003232,COMP0171,单位147,20000,5600.000000000001,2025-09,正常缴纳
510100000000004480,COMP0169,单位048,8000,2240.0,2024-05,正常缴纳
510100000000001773,COMP0022,单位192,8000,2240.0,2025-05,正常缴纳
510100000000004036,COMP0088,单位094,20000,5600.000000000001,2025-02,正常缴纳
510100000000004065,COMP0059,单位151,3493,978.0400000000001,2024-08,一次性补缴
510100000000003065,COMP0062,单位146,5000,1400.0000000000002,2024-05,正常缴纳
510100000000002654,COMP0078,单位193,3493,978.0400000000001,2025-09,正常缴纳
510100000000004579,COMP0190,单位129,30000,8400.0,2024-03,正常缴纳
510100000000004847,COMP0085,单位094,12000,3360.0000000000005,2025-12,正常缴纳
510100000000004681,COMP0109,单位115,20000,5600.000000000001,2024-06,正常缴纳
510100000000002601,COMP0058,单位171,8000,2240.0,2025-10,正常缴纳
510100000000003182,COMP0039,单位141,30000,8400.0,2024-07,正常缴纳
510100000000004592,COMP0016,单位033,30000,8400.0,2024-09,一次性补缴
510100000000002511,COMP0043,单位027,8000,2240.0,2025-09,正常缴纳
510100000000000620,COMP0198,单位175,12000,3360.0000000000005,2025-04,一次性补缴
510100000000004742,COMP0081,单位130,3493,978.0400000000001,2024-09,一次性补缴
510100000000000196,COMP0133,单位128,5000,1400.0000000000002,2024-11,正常缴纳
510100000000004189,COMP0001,单位136,8000,2240.0,2024-04,正常缴纳
510100000000003485,COMP0113,单位168,5000,1400.0000000000002,2024-10,一次性补缴
510100000000003454,COMP0161,单位113,5000,1400.0000000000002,2025-09,正常缴纳
510100000000004599,COMP0096,单位037,3493,978.0400000000001,2025-05,一次性补缴
510100000000004335,COMP0074,单位031,12000,3360.0000000000005,2024-12,一次性补缴
510100000000001943,COMP0184,单位137,30000,8400.0,2024-10,正常缴纳
510100000000003777,COMP0169,单位036,8000,2240.0,2024-02,正常缴纳
510100000000000741,COMP0023,单位080,8000,2240.0,2025-12,正常缴纳
510100000000003130,COMP0154,单位022,5000,1400.0000000000002,2024-08,正常缴纳
510100000000002653,COMP0011,单位117,20000,5600.000000000001,2024-12,正常缴纳
510100000000002034,COMP0131,单位126,30000,8400.0,2024-05,正常缴纳
510100000000003657,COMP0185,单位180,8000,2240.0,2025-11,一次性补缴
510100000000004816,COMP0128,单位044,3493,978.0400000000001,2025-09,一次性补缴
510100000000002050,COMP0050,单位157,12000,3360.0000000000005,2025-08,一次性补缴
510100000000003751,COMP0027,单位123,8000,2240.0,2025-10,正常缴纳
510100000000004220,COMP0166,单位136,5000,1400.0000000000002,2025-01,正常缴纳
510100000000003499,COMP0084,单位009,5000,1400.0000000000002,2025-07,正常缴纳
510100000000004696,COMP0088,单位006,3493,978.0400000000001,2025-11,正常缴纳
510100000000000544,COMP0181,单位184,5000,1400.0000000000002,2024-07,正常缴纳
510100000000000537,COMP0157,单位152,12000,3360.0000000000005,2025-06,正常缴纳
510100000000004921,COMP0048,单位060,12000,3360.0000000000005,2025-10,正常缴纳
510100000000002727,COMP0086,单位123,20000,5600.000000000001,2024-08,正常缴纳
510100000000004067,COMP0167,单位176,3493,978.0400000000001,2024-02,正常缴纳
510100000000001814,COMP0153,单位154,20000,5600.000000000001,2025-10,正常缴纳
510100000000000230,COMP0103,单位162,30000,8400.0,2024-04,正常缴纳
510100000000004494,COMP0095,单位172,20000,5600.000000000001,2024-10,正常缴纳
510100000000004870,COMP0124,单位032,20000,5600.000000000001,2025-11,一次性补缴
510100000000000963,COMP0048,单位045,20000,5600.000000000001,2024-01,正常缴纳
510100000000001326,COMP0122,单位053,12000,3360.0000000000005,2025-11,正常缴纳
510100000000000490,COMP0101,单位122,12000,3360.0000000000005,2024-12,正常缴纳
510100000000003907,COMP0092,单位170,8000,2240.0,2024-10,正常缴纳
510100000000000490,COMP0053,单位168,3493,978.0400000000001,2025-07,正常缴纳
510100000000003443,COMP0087,单位113,30000,8400.0,2025-09,正常缴纳
510100000000003191,COMP0028,单位053,12000,3360.0000000000005,2024-01,一次性补缴
510100000000003725,COMP0114,单位128,30000,8400.0,2024-06,正常缴纳
510100000000003695,COMP0181,单位137,20000,5600.000000000001,2025-10,正常缴纳
510100000000003536,COMP0158,单位160,20000,5600.000000000001,2025-08,正常缴纳
510100000000003914,COMP0197,单位120,12000,3360.0000000000005,2025-11,正常缴纳
510100000000003711,COMP0145,单位083,8000,2240.0,2025-04,正常缴纳
510100000000004315,COMP0037,单位112,3493,978.0400000000001,2024-02,正常缴纳
510100000000003160,COMP0183,单位178,5000,1400.0000000000002,2024-05,一次性补缴
510100000000000114,COMP0141,单位182,3493,978.0400000000001,2024-05,正常缴纳
510100000000001575,COMP0074,单位066,30000,8400.0,2025-05,正常缴纳
510100000000003481,COMP0042,单位190,3493,978.0400000000001,2024-12,正常缴纳
510100000000000212,COMP0062,单位012,12000,3360.0000000000005,2025-11,正常缴纳
510100000000004801,COMP0156,单位107,12000,3360.0000000000005,2024-07,正常缴纳
510100000000000781,COMP0167,单位118,20000,5600.000000000001,2025-07,正常缴纳
510100000000001341,COMP0012,单位038,3493,978.0400000000001,2025-08,正常缴纳
510100000000000515,COMP0048,单位135,30000,8400.0,2025-08,一次性补缴
510100000000001147,COMP0116,单位058,12000,3360.0000000000005,2024-03,正常缴纳
510100000000001548,COMP0039,单位084,8000,2240.0,2024-03,正常缴纳
510100000000003047,COMP0030,单位128,12000,3360.0000000000005,2024-08,正常缴纳
510100000000004319,COMP0092,单位024,3493,978.0400000000001,2025-12,正常缴纳
510100000000000247,COMP0105,单位093,30000,8400.0,2025-03,正常缴纳
510100000000000044,COMP0038,单位160,3493,978.0400000000001,2024-03,一次性补缴
510100000000004182,COMP0083,单位080,12000,3360.0000000000005,2025-03,正常缴纳
510100000000003381,COMP0071,单位180,5000,1400.0000000000002,2024-08,正常缴纳
510100000000001248,COMP0011,单位163,5000,1400.0000000000002,2024-05,正常缴纳
510100000000001713,COMP0008,单位183,3493,978.0400000000001,2024-10,正常缴纳
510100000000001517,COMP0173,单位035,12000,3360.0000000000005,2024-04,一次性补缴
510100000000001496,COMP0144,单位183,3493,978.0400000000001,2025-12,正常缴纳
510100000000003915,COMP0115,单位049,12000,3360.0000000000005,2024-06,正常缴纳
510100000000001746,COMP0122,单位069,20000,5600.000000000001,2025-02,正常缴纳
510100000000003160,COMP0127,单位103,20000,5600.000000000001,2025-09,一次性补缴
510100000000000474,COMP0111,单位167,8000,2240.0,2025-02,正常缴纳
510100000000004120,COMP0093,单位125,20000,5600.000000000001,2024-03,一次性补缴
510100000000002617,COMP0181,单位114,30000,8400.0,2025-04,一次性补缴
510100000000000982,COMP0078,单位142,12000,3360.0000000000005,2024-11,一次性补缴
510100000000002600,COMP0018,单位188,30000,8400.0,2024-10,正常缴纳
510100000000000163,COMP0168,单位030,8000,2240.0,2025-07,正常缴纳
510100000000001452,COMP0179,单位171,12000,3360.0000000000005,2025-03,正常缴纳
510100000000001700,COMP0128,单位184,20000,5600.000000000001,2025-11,正常缴纳
510100000000004344,COMP0180,单位015,12000,3360.0000000000005,2024-10,正常缴纳
510100000000003655,COMP0098,单位073,3493,978.0400000000001,2024-01,正常缴纳
510100000000002013,COMP0028,单位038,3493,978.0400000000001,2024-02,正常缴纳
510100000000004292,COMP0083,单位027,5000,1400.0000000000002,2024-06,正常缴纳
510100000000002253,COMP0027,单位122,5000,1400.0000000000002,2024-08,正常缴纳
510100000000004698,COMP0068,单位106,8000,2240.0,2025-02,正常缴纳
510100000000001715,COMP0111,单位191,12000,3360.0000000000005,2024-12,一次性补缴
510100000000004442,COMP0169,单位116,30000,8400.0,2024-01,正常缴纳
510100000000004255,COMP0127,单位095,3493,978.0400000000001,2024-06,正常缴纳
510100000000000745,COMP0032,单位164,3493,978.0400000000001,2025-12,正常缴纳
510100000000000697,COMP0137,单位125,8000,2240.0,2024-05,正常缴纳
510100000000002260,COMP0129,单位001,5000,1400.0000000000002,2024-09,正常缴纳
510100000000004328,COMP0004,单位052,30000,8400.0,2024-05,正常缴纳
510100000000004845,COMP0106,单位048,12000,3360.0000000000005,2024-06,一次性补缴
510100000000001745,COMP0093,单位137,30000,8400.0,2024-02,正常缴纳
510100000000000972,COMP0038,单位155,5000,1400.0000000000002,2024-09,正常缴纳
510100000000002535,COMP0190,单位016,12000,3360.0000000000005,2024-02,正常缴纳
510100000000000663,COMP0178,单位135,12000,3360.0000000000005,2024-08,正常缴纳
510100000000002028,COMP0163,单位065,20000,5600.000000000001,2025-03,正常缴纳
510100000000002987,COMP0013,单位094,30000,8400.0,2025-11,一次性补缴
510100000000001148,COMP0038,单位013,5000,1400.0000000000002,2025-10,一次性补缴
510100000000003313,COMP0141,单位153,3493,978.0400000000001,2025-12,正常缴纳
510100000000003013,COMP0146,单位092,12000,3360.0000000000005,2024-02,正常缴纳
510100000000004022,COMP0099,单位012,20000,5600.000000000001,2025-09,一次性补缴
510100000000003371,COMP0152,单位009,30000,8400.0,2025-04,正常缴纳
510100000000004966,COMP0110,单位116,3493,978.0400000000001,2025-11,正常缴纳
510100000000000174,COMP0088,单位143,3493,978.0400000000001,2024-01,正常缴纳
510100000000001761,COMP0189,单位196,8000,2240.0,2024-02,正常缴纳
510100000000000446,COMP0118,单位084,30000,8400.0,2025-03,正常缴纳
510100000000000645,COMP0123,单位096,30000,8400.0,2025-01,正常缴纳
510100000000003735,COMP0064,单位169,20000,5600.000000000001,2025-06,正常缴纳
510100000000000011,COMP0090,单位132,12000,3360.0000000000005,2024-10,一次性补缴
510100000000002592,COMP0149,单位128,12000,3360.0000000000005,2025-09,正常缴纳
510100000000004076,COMP0072,单位074,5000,1400.0000000000002,2025-12,正常缴纳
510100000000004270,COMP0059,单位175,12000,3360.0000000000005,2025-01,正常缴纳
510100000000000034,COMP0119,单位115,12000,3360.0000000000005,2024-08,正常缴纳
510100000000003380,COMP0101,单位120,8000,2240.0,2025-09,正常缴纳
510100000000004687,COMP0163,单位146,5000,1400.0000000000002,2024-03,正常缴纳
510100000000003002,COMP0185,单位093,8000,2240.0,2024-06,一次性补缴
510100000000002714,COMP0073,单位163,5000,1400.0000000000002,2024-09,正常缴纳
510100000000002806,COMP0149,单位056,12000,3360.0000000000005,2025-04,正常缴纳
510100000000004908,COMP0063,单位058,8000,2240.0,2025-06,正常缴纳
510100000000000599,COMP0056,单位044,8000,2240.0,2024-04,正常缴纳
510100000000001949,COMP0049,单位115,20000,5600.000000000001,2025-05,一次性补缴
510100000000003262,COMP0199,单位163,8000,2240.0,2024-01,正常缴纳
510100000000003567,COMP0021,单位047,8000,2240.0,2024-08,正常缴纳
510100000000003492,COMP0150,单位031,8000,2240.0,2025-12,正常缴纳
510100000000000632,COMP0140,单位119,30000,8400.0,2024-11,正常缴纳
510100000000000506,COMP0117,单位175,30000,8400.0,2025-06,正常缴纳
510100000000001991,COMP0101,单位015,3493,978.0400000000001,2024-08,正常缴纳
510100000000001066,COMP0028,单位066,8000,2240.0,2025-12,正常缴纳
510100000000004480,COMP0159,单位056,8000,2240.0,2024-04,一次性补缴
510100000000001823,COMP0081,单位018,30000,8400.0,2024-04,正常缴纳
510100000000001302,COMP0141,单位142,12000,3360.0000000000005,2024-05,正常缴纳
510100000000001563,COMP0132,单位050,30000,8400.0,2025-05,正常缴纳
510100000000000418,COMP0130,单位116,12000,3360.0000000000005,2025-11,正常缴纳
510100000000001385,COMP0056,单位122,30000,8400.0,2025-05,正常缴纳
510100000000000249,COMP0022,单位060,8000,2240.0,2025-10,一次性补缴
510100000000004869,COMP0086,单位082,30000,8400.0,2025-12,正常缴纳
510100000000000808,COMP0063,单位022,5000,1400.0000000000002,2025-11,正常缴纳
510100000000003679,COMP0130,单位154,5000,1400.0000000000002,2024-11,正常缴纳
510100000000003744,COMP0116,单位094,8000,2240.0,2025-08,正常缴纳
510100000000002962,COMP0131,单位092,12000,3360.0000000000005,2024-06,正常缴纳
510100000000002727,COMP0121,单位081,30000,8400.0,2025-08,正常缴纳
510100000000002794,COMP0042,单位099,8000,2240.0,2025-08,正常缴纳
510100000000001051,COMP0117,单位145,5000,1400.0000000000002,2025-11,正常缴纳
510100000000003974,COMP0160,单位004,20000,5600.000000000001,2024-10,正常缴纳
510100000000003424,COMP0142,单位070,5000,1400.0000000000002,2024-04,正常缴纳
510100000000001871,COMP0048,单位007,5000,1400.0000000000002,2025-11,一次性补缴
510100000000000683,COMP0108,单位031,12000,3360.0000000000005,2025-12,正常缴纳
510100000000004014,COMP0134,单位093,8000,2240.0,2024-11,正常缴纳
510100000000000503,COMP0086,单位009,5000,1400.0000000000002,2024-06,正常缴纳
510100000000000017,COMP0153,单位097,12000,3360.0000000000005,2025-10,正常缴纳
510100000000000114,COMP0001,单位191,30000,8400.0,2024-01,正常缴纳
510100000000000321,COMP0181,单位105,20000,5600.000000000001,2024-02,一次性补缴
510100000000001256,COMP0180,单位159,12000,3360.0000000000005,2025-05,一次性补缴
510100000000003212,COMP0143,单位148,20000,5600.000000000001,2025-12,一次性补缴
510100000000002648,COMP0155,单位158,5000,1400.0000000000002,2025-09,一次性补缴
510100000000003184,COMP0107,单位024,3493,978.0400000000001,2024-08,正常缴纳
510100000000000522,COMP0094,单位060,12000,3360.0000000000005,2024-09,一次性补缴
510100000000004747,COMP0123,单位180,3493,978.0400000000001,2024-10,正常缴纳
510100000000003893,COMP0109,单位063,12000,3360.0000000000005,2025-04,正常缴纳
510100000000002421,COMP0063,单位184,20000,5600.000000000001,2025-11,一次性补缴
510100000000003590,COMP0174,单位103,3493,978.0400000000001,2025-02,一次性补缴
510100000000003686,COMP0193,单位017,30000,8400.0,2025-03,正常缴纳
510100000000002173,COMP0038,单位092,5000,1400.0000000000002,2024-06,正常缴纳
510100000000004521,COMP0136,单位030,30000,8400.0,2024-09,正常缴纳
510100000000003178,COMP0187,单位095,5000,1400.0000000000002,2024-02,正常缴纳
510100000000002515,COMP0004,单位008,8000,2240.0,2025-03,正常缴纳
510100000000003602,COMP0082,单位125,3493,978.0400000000001,2025-11,正常缴纳
510100000000004247,COMP0107,单位093,30000,8400.0,2024-10,一次性补缴
510100000000004012,COMP0090,单位049,3493,978.0400000000001,2024-02,正常缴纳
510100000000003481,COMP0156,单位007,20000,5600.000000000001,2025-08,正常缴纳
510100000000003439,COMP0057,单位175,5000,1400.0000000000002,2025-11,正常缴纳
510100000000004242,COMP0100,单位009,30000,8400.0,2024-02,一次性补缴
510100000000002874,COMP0198,单位071,20000,5600.000000000001,2025-01,一次性补缴
510100000000003776,COMP0025,单位070,30000,8400.0,2025-02,正常缴纳
510100000000000560,COMP0123,单位124,8000,2240.0,2025-08,正常缴纳
510100000000002383,COMP0004,单位034,5000,1400.0000000000002,2024-05,正常缴纳
510100000000001683,COMP0103,单位175,5000,1400.0000000000002,2025-12,正常缴纳
510100000000004535,COMP0029,单位053,12000,3360.0000000000005,2024-11,一次性补缴
510100000000001542,COMP0160,单位078,30000,8400.0,2024-09,正常缴纳
510100000000000282,COMP0063,单位188,8000,2240.0,2024-07,正常缴纳
510100000000000171,COMP0129,单位095,20000,5600.000000000001,2024-12,一次性补缴
510100000000000600,COMP0112,单位111,30000,8400.0,2025-11,正常缴纳
510100000000001019,COMP0012,单位002,3493,978.0400000000001,2024-05,正常缴纳
510100000000004436,COMP0192,单位151,5000,1400.0000000000002,2024-02,正常缴纳
510100000000001787,COMP0106,单位046,30000,8400.0,2025-05,正常缴纳
510100000000001605,COMP0108,单位002,30000,8400.0,2024-04,一次性补缴
510100000000003424,COMP0014,单位043,3493,978.0400000000001,2025-11,正常缴纳
510100000000004852,COMP0031,单位076,12000,3360.0000000000005,2025-08,正常缴纳
510100000000003455,COMP0007,单位174,12000,3360.0000000000005,2025-01,正常缴纳
510100000000004668,COMP0104,单位188,20000,5600.000000000001,2024-08,正常缴纳
510100000000003422,COMP0164,单位027,20000,5600.000000000001,2025-07,一次性补缴
510100000000001393,COMP0076,单位114,30000,8400.0,2024-10,正常缴纳
510100000000002683,COMP0045,单位126,8000,2240.0,2025-10,正常缴纳
510100000000004229,COMP0008,单位028,3493,978.0400000000001,2024-08,正常缴纳
510100000000004636,COMP0115,单位034,30000,8400.0,2024-08,正常缴纳
510100000000002109,COMP0086,单位116,20000,5600.000000000001,2024-09,正常缴纳
510100000000004417,COMP0116,单位139,5000,1400.0000000000002,2024-02,正常缴纳
510100000000003549,COMP0080,单位079,8000,2240.0,2025-04,一次性补缴
510100000000004644,COMP0003,单位093,8000,2240.0,2024-05,正常缴纳
510100000000002812,COMP0046,单位114,8000,2240.0,2024-10,一次性补缴
510100000000000714,COMP0116,单位157,8000,2240.0,2024-10,正常缴纳
510100000000002815,COMP0061,单位111,5000,1400.0000000000002,2024-07,正常缴纳
510100000000001723,COMP0115,单位155,8000,2240.0,2024-11,正常缴纳
510100000000002060,COMP0059,单位054,8000,2240.0,2025-05,正常缴纳
510100000000003906,COMP0166,单位095,8000,2240.0,2025-10,正常缴纳
510100000000003004,COMP0046,单位043,12000,3360.0000000000005,2024-05,正常缴纳
510100000000004734,COMP0191,单位010,30000,8400.0,2024-12,正常缴纳
510100000000002109,COMP0152,单位046,5000,1400.0000000000002,2025-07,一次性补缴
510100000000004158,COMP0004,单位016,3493,978.0400000000001,2024-10,一次性补缴
510100000000004058,COMP0176,单位193,20000,5600.000000000001,2024-03,正常缴纳
510100000000002222,COMP0044,单位161,8000,2240.0,2024-05,正常缴纳
510100000000003826,COMP0032,单位024,12000,3360.0000000000005,2025-03,正常缴纳
510100000000000102,COMP0054,单位154,8000,2240.0,2025-05,一次性补缴
510100000000003392,COMP0179,单位114,8000,2240.0,2025-12,正常缴纳
510100000000004880,COMP0149,单位195,12000,3360.0000000000005,2025-12,正常缴纳
510100000000003525,COMP0190,单位170,12000,3360.0000000000005,2025-06,正常缴纳
510100000000002529,COMP0111,单位122,30000,8400.0,2025-08,正常缴纳
510100000000001150,COMP0019,单位042,20000,5600.000000000001,2024-02,正常缴纳
510100000000003915,COMP0143,单位182,8000,2240.0,2024-06,一次性补缴
510100000000003938,COMP0050,单位152,30000,8400.0,2024-02,正常缴纳
510100000000000015,COMP0085,单位052,3493,978.0400000000001,2025-11,正常缴纳
510100000000002968,COMP0115,单位042,3493,978.0400000000001,2025-05,一次性补缴
510100000000003101,COMP0185,单位033,3493,978.0400000000001,2024-10,正常缴纳
510100000000003471,COMP0177,单位133,20000,5600.000000000001,2025-07,正常缴纳
510100000000004445,COMP0060,单位199,20000,5600.000000000001,2024-01,正常缴纳
510100000000001321,COMP0069,单位024,8000,2240.0,2024-07,正常缴纳
510100000000002614,COMP0015,单位005,30000,8400.0,2024-04,正常缴纳
510100000000003124,COMP0073,单位030,12000,3360.0000000000005,2024-12,一次性补缴
510100000000000360,COMP0108,单位084,30000,8400.0,2025-07,正常缴纳
510100000000003547,COMP0055,单位099,12000,3360.0000000000005,2024-07,正常缴纳
510100000000001766,COMP0170,单位077,5000,1400.0000000000002,2024-03,正常缴纳
510100000000002781,COMP0108,单位090,5000,1400.0000000000002,2024-12,正常缴纳
510100000000004037,COMP0003,单位185,12000,3360.0000000000005,2025-07,正常缴纳
510100000000004462,COMP0155,单位022,30000,8400.0,2025-04,正常缴纳
510100000000001047,COMP0027,单位036,3493,978.0400000000001,2024-01,一次性补缴
510100000000003920,COMP0108,单位166,5000,1400.0000000000002,2024-10,正常缴纳
510100000000001411,COMP0178,单位061,8000,2240.0,2024-04,正常缴纳
510100000000003678,COMP0071,单位044,30000,8400.0,2025-02,正常缴纳
510100000000002572,COMP0025,单位005,20000,5600.000000000001,2025-07,正常缴纳
510100000000004269,COMP0161,单位138,12000,3360.0000000000005,2025-09,正常缴纳
510100000000001318,COMP0016,单位188,5000,1400.0000000000002,2025-12,一次性补缴
510100000000001567,COMP0063,单位093,5000,1400.0000000000002,2024-05,正常缴纳
510100000000001434,COMP0026,单位131,5000,1400.0000000000002,2025-07,正常缴纳
510100000000004148,COMP0174,单位196,8000,2240.0,2024-06,一次性补缴
510100000000003379,COMP0075,单位073,30000,8400.0,2024-11,正常缴纳
510100000000000158,COMP0086,单位046,5000,1400.0000000000002,2025-02,正常缴纳
510100000000000658,COMP0166,单位059,30000,8400.0,2024-08,一次性补缴
510100000000004547,COMP0053,单位107,12000,3360.0000000000005,2024-06,正常缴纳
510100000000002211,COMP0186,单位015,3493,978.0400000000001,2024-09,正常缴纳
510100000000003051,COMP0188,单位018,12000,3360.0000000000005,2024-09,正常缴纳
510100000000000697,COMP0065,单位077,30000,8400.0,2025-05,正常缴纳
510100000000003789,COMP0174,单位197,30000,8400.0,2024-03,正常缴纳
510100000000004366,COMP0181,单位199,12000,3360.0000000000005,2024-08,一次性补缴
510100000000001092,COMP0140,单位046,8000,2240.0,2025-05,一次性补缴
510100000000004143,COMP0067,单位182,12000,3360.0000000000005,2024-11,一次性补缴
510100000000003605,COMP0166,单位099,12000,3360.0000000000005,2025-01,正常缴纳
510100000000002434,COMP0146,单位080,30000,8400.0,2025-05,正常缴纳
510100000000000537,COMP0180,单位012,20000,5600.000000000001,2025-12,正常缴纳
510100000000002612,COMP0013,单位128,3493,978.0400000000001,2025-02,正常缴纳
510100000000002546,COMP0198,单位048,8000,2240.0,2024-07,一次性补缴
510100000000003023,COMP0086,单位083,12000,3360.0000000000005,2025-03,正常缴纳
510100000000000344,COMP0060,单位176,8000,2240.0,2024-04,正常缴纳
510100000000003369,COMP0077,单位076,8000,2240.0,2024-12,一次性补缴
510100000000004682,COMP0183,单位087,3493,978.0400000000001,2024-04,正常缴纳
510100000000003509,COMP0013,单位148,20000,5600.000000000001,2025-10,正常缴纳
510100000000003763,COMP0165,单位180,12000,3360.0000000000005,2025-03,正常缴纳
510100000000004451,COMP0190,单位016,5000,1400.0000000000002,2024-05,一次性补缴
510100000000002592,COMP0182,单位069,3493,978.0400000000001,2024-04,正常缴纳
510100000000000918,COMP0079,单位016,12000,3360.0000000000005,2024-02,正常缴纳
510100000000004554,COMP0052,单位173,3493,978.0400000000001,2025-06,正常缴纳
510100000000003984,COMP0027,单位037,3493,978.0400000000001,2025-08,正常缴纳
510100000000001890,COMP0072,单位172,30000,8400.0,2024-11,一次性补缴
510100000000003937,COMP0153,单位042,12000,3360.0000000000005,2024-08,正常缴纳
510100000000002482,COMP0178,单位052,30000,8400.0,2025-01,正常缴纳
510100000000003951,COMP0058,单位168,3493,978.0400000000001,2024-06,正常缴纳
510100000000003094,COMP0098,单位158,12000,3360.0000000000005,2024-10,正常缴纳
510100000000002867,COMP0111,单位184,30000,8400.0,2024-09,正常缴纳
510100000000001943,COMP0133,单位053,30000,8400.0,2024-07,正常缴纳
510100000000003674,COMP0119,单位138,5000,1400.0000000000002,2025-08,正常缴纳
510100000000000317,COMP0082,单位155,20000,5600.000000000001,2024-04,正常缴纳
510100000000000393,COMP0057,单位030,5000,1400.0000000000002,2024-03,正常缴纳
510100000000002267,COMP0177,单位038,20000,5600.000000000001,2024-11,正常缴纳
510100000000000987,COMP0142,单位129,12000,3360.0000000000005,2025-01,正常缴纳
510100000000000675,COMP0064,单位096,8000,2240.0,2025-12,正常缴纳
510100000000001710,COMP0148,单位161,3493,978.0400000000001,2025-05,一次性补缴
510100000000000984,COMP0102,单位117,20000,5600.000000000001,2025-10,正常缴纳
510100000000003424,COMP0101,单位001,8000,2240.0,2024-07,正常缴纳
510100000000000185,COMP0087,单位123,20000,5600.000000000001,2024-08,一次性补缴
510100000000000382,COMP0186,单位127,8000,2240.0,2025-04,一次性补缴
510100000000001189,COMP0130,单位127,3493,978.0400000000001,2024-01,正常缴纳
510100000000004953,COMP0029,单位033,8000,2240.0,2025-03,一次性补缴
510100000000001393,COMP0029,单位139,5000,1400.0000000000002,2024-05,正常缴纳
510100000000004309,COMP0048,单位155,5000,1400.0000000000002,2025-08,一次性补缴
510100000000000670,COMP0193,单位167,30000,8400.0,2025-11,一次性补缴
510100000000000497,COMP0196,单位023,12000,3360.0000000000005,2024-11,一次性补缴
510100000000000538,COMP0133,单位187,20000,5600.000000000001,2025-02,正常缴纳
510100000000000490,COMP0174,单位056,30000,8400.0,2024-03,正常缴纳
510100000000001486,COMP0038,单位198,5000,1400.0000000000002,2025-09,正常缴纳
510100000000001348,COMP0176,单位167,5000,1400.0000000000002,2024-05,一次性补缴
510100000000001014,COMP0060,单位155,8000,2240.0,2024-07,一次性补缴
510100000000002626,COMP0069,单位183,5000,1400.0000000000002,2024-06,一次性补缴
510100000000004853,COMP0161,单位085,8000,2240.0,2025-01,正常缴纳
510100000000003364,COMP0113,单位120,12000,3360.0000000000005,2024-04,正常缴纳
510100000000001479,COMP0105,单位133,3493,978.0400000000001,2024-01,正常缴纳
510100000000000604,COMP0027,单位063,8000,2240.0,2024-01,正常缴纳
510100000000001637,COMP0093,单位190,5000,1400.0000000000002,2024-05,正常缴纳
510100000000000459,COMP0136,单位185,30000,8400.0,2025-12,正常缴纳
510100000000001238,COMP0139,单位143,3493,978.0400000000001,2025-04,正常缴纳
510100000000002053,COMP0012,单位087,3493,978.0400000000001,2024-07,一次性补缴
510100000000001826,COMP0067,单位106,12000,3360.0000000000005,2025-12,正常缴纳
510100000000003390,COMP0083,单位168,20000,5600.000000000001,2025-05,正常缴纳
510100000000004210,COMP0121,单位132,20000,5600.000000000001,2025-10,一次性补缴
510100000000001717,COMP0147,单位026,30000,8400.0,2024-04,正常缴纳
510100000000001596,COMP0195,单位150,30000,8400.0,2024-11,正常缴纳
510100000000004058,COMP0049,单位107,20000,5600.000000000001,2024-12,正常缴纳
510100000000001337,COMP0011,单位192,12000,3360.0000000000005,2024-11,正常缴纳
510100000000000360,COMP0171,单位036,5000,1400.0000000000002,2025-07,正常缴纳
510100000000003044,COMP0049,单位155,12000,3360.0000000000005,2025-10,正常缴纳
510100000000003246,COMP0023,单位115,30000,8400.0,2025-02,正常缴纳
510100000000002655,COMP0026,单位135,12000,3360.0000000000005,2025-01,正常缴纳
510100000000001630,COMP0197,单位180,8000,2240.0,2024-10,正常缴纳
510100000000000702,COMP0007,单位124,3493,978.0400000000001,2025-06,正常缴纳
510100000000000562,COMP0120,单位138,5000,1400.0000000000002,2024-10,正常缴纳
510100000000000986,COMP0190,单位012,12000,3360.0000000000005,2025-07,正常缴纳
510100000000002256,COMP0070,单位155,5000,1400.0000000000002,2025-01,正常缴纳
510100000000000237,COMP0026,单位187,3493,978.0400000000001,2025-06,正常缴纳
510100000000003061,COMP0047,单位102,12000,3360.0000000000005,2025-03,正常缴纳
510100000000000984,COMP0024,单位030,5000,1400.0000000000002,2025-06,正常缴纳
510100000000000519,COMP0178,单位175,8000,2240.0,2024-03,正常缴纳
510100000000003406,COMP0179,单位191,3493,978.0400000000001,2025-02,正常缴纳
510100000000001362,COMP0043,单位126,3493,978.0400000000001,2025-12,正常缴纳
510100000000000103,COMP0130,单位040,20000,5600.000000000001,2024-12,正常缴纳
510100000000002614,COMP0106,单位004,20000,5600.000000000001,2025-08,正常缴纳
510100000000002458,COMP0047,单位114,3493,978.0400000000001,2024-06,一次性补缴
510100000000002202,COMP0007,单位151,12000,3360.0000000000005,2025-01,正常缴纳
510100000000000700,COMP0172,单位115,5000,1400.0000000000002,2024-11,一次性补缴
510100000000000801,COMP0164,单位134,3493,978.0400000000001,2025-09,正常缴纳
510100000000003337,COMP0029,单位139,30000,8400.0,2025-02,一次性补缴
510100000000001535,COMP0095,单位058,20000,5600.000000000001,2024-04,正常缴纳
510100000000004893,COMP0072,单位037,3493,978.0400000000001,2024-10,正常缴纳
510100000000004232,COMP0071,单位107,3493,978.0400000000001,2025-08,正常缴纳
510100000000002213,COMP0157,单位174,8000,2240.0,2025-09,正常缴纳
510100000000001722,COMP0138,单位098,8000,2240.0,2024-04,一次性补缴
510100000000003309,COMP0018,单位076,5000,1400.0000000000002,2024-07,一次性补缴
510100000000004132,COMP0196,单位077,3493,978.0400000000001,2025-12,正常缴纳
510100000000000215,COMP0169,单位074,30000,8400.0,2024-11,正常缴纳
510100000000002090,COMP0051,单位093,12000,3360.0000000000005,2024-05,正常缴纳
510100000000003256,COMP0153,单位125,5000,1400.0000000000002,2024-05,正常缴纳
510100000000003345,COMP0122,单位085,5000,1400.0000000000002,2024-06,正常缴纳
510100000000002448,COMP0106,单位060,12000,3360.0000000000005,2024-04,一次性补缴
510100000000000844,COMP0156,单位081,12000,3360.0000000000005,2025-09,一次性补缴
510100000000001629,COMP0127,单位036,20000,5600.000000000001,2025-08,正常缴纳
510100000000003638,COMP0060,单位163,12000,3360.0000000000005,2025-03,正常缴纳
510100000000000556,COMP0197,单位168,30000,8400.0,2025-06,一次性补缴
510100000000004887,COMP0004,单位091,5000,1400.0000000000002,2024-11,正常缴纳
510100000000002469,COMP0095,单位160,20000,5600.000000000001,2024-07,正常缴纳
510100000000004330,COMP0071,单位166,30000,8400.0,2024-12,正常缴纳
510100000000003309,COMP0107,单位090,12000,3360.0000000000005,2025-02,正常缴纳
510100000000000574,COMP0073,单位186,20000,5600.000000000001,2024-05,一次性补缴
510100000000004058,COMP0076,单位035,20000,5600.000000000001,2024-03,正常缴纳
510100000000000116,COMP0051,单位127,12000,3360.0000000000005,2024-02,正常缴纳
510100000000002700,COMP0154,单位070,3493,978.0400000000001,2024-07,一次性补缴
510100000000000718,COMP0065,单位063,3493,978.0400000000001,2025-08,正常缴纳
510100000000004880,COMP0155,单位124,8000,2240.0,2024-11,正常缴纳
510100000000003450,COMP0087,单位056,8000,2240.0,2024-02,正常缴纳
510100000000000312,COMP0159,单位016,8000,2240.0,2024-11,正常缴纳
510100000000000230,COMP0157,单位113,5000,1400.0000000000002,2024-09,正常缴纳
510100000000002924,COMP0110,单位111,12000,3360.0000000000005,2024-02,正常缴纳
510100000000002318,COMP0058,单位002,3493,978.0400000000001,2024-07,一次性补缴
510100000000003367,COMP0039,单位171,20000,5600.000000000001,2025-08,正常缴纳
510100000000004493,COMP0065,单位155,20000,5600.000000000001,2025-03,正常缴纳
510100000000003149,COMP0045,单位136,30000,8400.0,2024-03,一次性补缴
510100000000002207,COMP0105,单位045,3493,978.0400000000001,2025-09,一次性补缴
510100000000002260,COMP0018,单位139,12000,3360.0000000000005,2024-11,正常缴纳
510100000000004380,COMP0149,单位029,3493,978.0400000000001,2024-07,正常缴纳
510100000000003062,COMP0005,单位097,8000,2240.0,2024-09,正常缴纳
510100000000002916,COMP0081,单位114,12000,3360.0000000000005,2025-08,正常缴纳
510100000000000295,COMP0197,单位196,5000,1400.0000000000002,2024-06,正常缴纳
510100000000001987,COMP0136,单位128,30000,8400.0,2024-10,正常缴纳
510100000000001547,COMP0052,单位186,30000,8400.0,2024-02,正常缴纳
510100000000003687,COMP0099,单位162,12000,3360.0000000000005,2025-04,正常缴纳
510100000000003081,COMP0085,单位104,12000,3360.0000000000005,2024-02,正常缴纳
510100000000002245,COMP0014,单位168,8000,2240.0,2025-02,正常缴纳
510100000000001549,COMP0180,单位110,3493,978.0400000000001,2024-02,正常缴纳
510100000000002356,COMP0160,单位076,8000,2240.0,2024-09,一次性补缴
510100000000002993,COMP0103,单位194,30000,8400.0,2024-07,一次性补缴
510100000000004328,COMP0168,单位005,12000,3360.0000000000005,2024-04,正常缴纳
510100000000001949,COMP0180,单位079,3493,978.0400000000001,2025-04,一次性补缴
510100000000003067,COMP0173,单位004,5000,1400.0000000000002,2025-08,一次性补缴
510100000000002729,COMP0002,单位046,8000,2240.0,2025-02,正常缴纳
510100000000002373,COMP0022,单位017,20000,5600.000000000001,2024-01,正常缴纳
510100000000004933,COMP0116,单位003,8000,2240.0,2025-09,正常缴纳
510100000000000738,COMP0177,单位178,3493,978.0400000000001,2024-03,正常缴纳
510100000000000009,COMP0183,单位019,5000,1400.0000000000002,2024-01,正常缴纳
510100000000002143,COMP0097,单位009,12000,3360.0000000000005,2024-02,正常缴纳
510100000000001997,COMP0029,单位116,30000,8400.0,2024-05,正常缴纳
510100000000002796,COMP0069,单位184,5000,1400.0000000000002,2025-04,正常缴纳
510100000000004695,COMP0083,单位020,5000,1400.0000000000002,2024-09,正常缴纳
510100000000004443,COMP0016,单位075,30000,8400.0,2025-09,一次性补缴
510100000000001684,COMP0133,单位137,3493,978.0400000000001,2024-05,正常缴纳
510100000000004030,COMP0026,单位019,3493,978.0400000000001,2025-08,正常缴纳
510100000000002024,COMP0068,单位078,5000,1400.0000000000002,2025-07,一次性补缴
510100000000001454,COMP0030,单位188,8000,2240.0,2024-04,正常缴纳
510100000000004420,COMP0042,单位006,3493,978.0400000000001,2024-02,正常缴纳
510100000000001476,COMP0010,单位028,12000,3360.0000000000005,2024-02,正常缴纳
510100000000004531,COMP0114,单位062,8000,2240.0,2025-04,正常缴纳
510100000000000100,COMP0023,单位107,30000,8400.0,2024-03,正常缴纳
510100000000003822,COMP0112,单位122,5000,1400.0000000000002,2025-03,正常缴纳
510100000000003804,COMP0054,单位148,12000,3360.0000000000005,2025-01,正常缴纳
510100000000002361,COMP0118,单位037,20000,5600.000000000001,2025-12,一次性补缴
510100000000003486,COMP0086,单位038,12000,3360.0000000000005,2024-12,正常缴纳
510100000000004682,COMP0128,单位073,30000,8400.0,2025-10,正常缴纳
510100000000002212,COMP0170,单位032,8000,2240.0,2025-06,一次性补缴
510100000000000521,COMP0118,单位107,20000,5600.000000000001,2025-07,一次性补缴
510100000000003480,COMP0007,单位184,5000,1400.0000000000002,2025-05,正常缴纳
510100000000000878,COMP0082,单位131,8000,2240.0,2024-01,正常缴纳
510100000000000875,COMP0059,单位072,5000,1400.0000000000002,2025-07,正常缴纳
510100000000002136,COMP0149,单位055,30000,8400.0,2025-04,正常缴纳
510100000000001439,COMP0072,单位109,12000,3360.0000000000005,2025-12,正常缴纳
510100000000004625,COMP0168,单位063,20000,5600.000000000001,2025-11,正常缴纳
510100000000002894,COMP0090,单位131,12000,3360.0000000000005,2024-06,正常缴纳
510100000000004458,COMP0040,单位068,3493,978.0400000000001,2025-08,一次性补缴
510100000000000295,COMP0135,单位096,20000,5600.000000000001,2025-01,正常缴纳
510100000000000031,COMP0043,单位191,20000,5600.000000000001,2025-02,正常缴纳
510100000000004191,COMP0066,单位009,3493,978.0400000000001,2025-06,正常缴纳
510100000000004194,COMP0015,单位007,30000,8400.0,2024-10,一次性补缴
510100000000004635,COMP0074,单位083,3493,978.0400000000001,2024-01,正常缴纳
510100000000000313,COMP0020,单位104,12000,3360.0000000000005,2025-06,正常缴纳
510100000000002711,COMP0005,单位160,5000,1400.0000000000002,2025-01,正常缴纳
510100000000003779,COMP0023,单位087,8000,2240.0,2024-09,正常缴纳
510100000000000159,COMP0190,单位028,20000,5600.000000000001,2025-07,正常缴纳
510100000000003013,COMP0014,单位183,30000,8400.0,2025-12,正常缴纳
510100000000003371,COMP0169,单位073,30000,8400.0,2024-02,正常缴纳
510100000000004697,COMP0087,单位140,20000,5600.000000000001,2025-12,正常缴纳
510100000000004450,COMP0047,单位079,20000,5600.000000000001,2024-04,正常缴纳
510100000000003079,COMP0023,单位013,8000,2240.0,2024-10,正常缴纳
510100000000001432,COMP0157,单位022,8000,2240.0,2025-03,正常缴纳
510100000000001180,COMP0074,单位022,3493,978.0400000000001,2025-08,正常缴纳
510100000000004819,COMP0164,单位136,30000,8400.0,2025-08,正常缴纳
510100000000002879,COMP0159,单位023,5000,1400.0000000000002,2024-01,正常缴纳
510100000000001495,COMP0043,单位138,30000,8400.0,2024-04,一次性补缴
510100000000002577,COMP0187,单位198,30000,8400.0,2025-03,正常缴纳
510100000000003618,COMP0076,单位072,5000,1400.0000000000002,2024-09,正常缴纳
510100000000002569,COMP0105,单位157,3493,978.0400000000001,2024-08,正常缴纳
510100000000001757,COMP0068,单位078,5000,1400.0000000000002,2025-11,正常缴纳
510100000000004477,COMP0167,单位092,20000,5600.000000000001,2024-03,一次性补缴
510100000000001142,COMP0053,单位183,5000,1400.0000000000002,2024-05,正常缴纳
510100000000004998,COMP0191,单位075,20000,5600.000000000001,2025-11,正常缴纳
510100000000003362,COMP0101,单位087,3493,978.0400000000001,2024-01,一次性补缴
510100000000001244,COMP0154,单位051,20000,5600.000000000001,2025-03,正常缴纳
510100000000002512,COMP0163,单位087,8000,2240.0,2024-05,正常缴纳
510100000000003393,COMP0195,单位084,20000,5600.000000000001,2025-05,一次性补缴
510100000000002376,COMP0112,单位196,3493,978.0400000000001,2025-09,一次性补缴
510100000000003449,COMP0129,单位039,5000,1400.0000000000002,2025-12,一次性补缴
510100000000002504,COMP0110,单位084,12000,3360.0000000000005,2024-04,正常缴纳
510100000000001492,COMP0106,单位009,5000,1400.0000000000002,2024-07,正常缴纳
510100000000004305,COMP0058,单位172,30000,8400.0,2024-10,正常缴纳
510100000000002685,COMP0145,单位128,3493,978.0400000000001,2024-06,正常缴纳
510100000000004422,COMP0132,单位101,8000,2240.0,2024-05,一次性补缴
510100000000004603,COMP0106,单位038,12000,3360.0000000000005,2025-03,一次性补缴
510100000000002584,COMP0066,单位079,5000,1400.0000000000002,2024-05,正常缴纳
510100000000000114,COMP0168,单位119,12000,3360.0000000000005,2025-05,正常缴纳
510100000000004496,COMP0062,单位169,20000,5600.000000000001,2025-12,正常缴纳
510100000000001322,COMP0093,单位195,3493,978.0400000000001,2025-09,正常缴纳
510100000000004526,COMP0022,单位096,30000,8400.0,2024-07,正常缴纳
510100000000004639,COMP0132,单位045,20000,5600.000000000001,2025-04,正常缴纳
510100000000003771,COMP0089,单位154,3493,978.0400000000001,2024-07,一次性补缴
510100000000002237,COMP0044,单位159,5000,1400.0000000000002,2025-07,正常缴纳
510100000000002021,COMP0117,单位005,8000,2240.0,2024-06,正常缴纳
510100000000002573,COMP0025,单位079,5000,1400.0000000000002,2025-04,正常缴纳
510100000000003782,COMP0146,单位178,20000,5600.000000000001,2025-08,正常缴纳
510100000000004886,COMP0032,单位141,5000,1400.0000000000002,2024-01,正常缴纳
510100000000004122,COMP0145,单位166,5000,1400.0000000000002,2025-05,正常缴纳
510100000000002372,COMP0068,单位055,12000,3360.0000000000005,2024-09,正常缴纳
510100000000002545,COMP0144,单位066,12000,3360.0000000000005,2024-04,一次性补缴
510100000000000081,COMP0123,单位167,3493,978.0400000000001,2024-09,正常缴纳
510100000000000081,COMP0094,单位065,30000,8400.0,2024-09,正常缴纳
510100000000000623,COMP0100,单位173,5000,1400.0000000000002,2024-11,正常缴纳
510100000000000067,COMP0034,单位001,5000,1400.0000000000002,2024-06,一次性补缴
510100000000004845,COMP0116,单位076,5000,1400.0000000000002,2024-03,一次性补缴
510100000000000370,COMP0068,单位049,8000,2240.0,2024-07,正常缴纳
510100000000001688,COMP0115,单位041,8000,2240.0,2024-09,正常缴纳
510100000000003841,COMP0088,单位048,20000,5600.000000000001,2024-01,正常缴纳
510100000000002258,COMP0197,单位001,12000,3360.0000000000005,2024-11,正常缴纳
510100000000004592,COMP0112,单位046,5000,1400.0000000000002,2024-02,正常缴纳
510100000000000935,COMP0057,单位051,12000,3360.0000000000005,2025-06,一次性补缴
510100000000001088,COMP0036,单位199,12000,3360.0000000000005,2024-01,一次性补缴
510100000000004307,COMP0178,单位167,5000,1400.0000000000002,2024-09,正常缴纳
510100000000002091,COMP0175,单位168,30000,8400.0,2024-05,正常缴纳
510100000000004681,COMP0171,单位124,3493,978.0400000000001,2024-04,正常缴纳
510100000000002157,COMP0041,单位050,20000,5600.000000000001,2025-06,正常缴纳
510100000000003344,COMP0105,单位185,20000,5600.000000000001,2024-04,一次性补缴
510100000000000983,COMP0162,单位081,5000,1400.0000000000002,2024-04,一次性补缴
510100000000000560,COMP0004,单位018,8000,2240.0,2025-05,正常缴纳
510100000000001909,COMP0063,单位082,30000,8400.0,2024-04,一次性补缴
510100000000000380,COMP0169,单位054,20000,5600.000000000001,2024-11,一次性补缴
510100000000000660,COMP0120,单位025,3493,978.0400000000001,2025-12,正常缴纳
510100000000004739,COMP0152,单位159,30000,8400.0,2024-11,正常缴纳
510100000000000337,COMP0195,单位104,20000,5600.000000000001,2024-05,正常缴纳
510100000000004020,COMP0089,单位064,8000,2240.0,2024-12,正常缴纳
510100000000003894,COMP0112,单位069,5000,1400.0000000000002,2024-11,正常缴纳
510100000000000523,COMP0147,单位137,20000,5600.000000000001,2025-03,正常缴纳
510100000000000820,COMP0101,单位004,30000,8400.0,2024-06,正常缴纳
510100000000004620,COMP0184,单位053,12000,3360.0000000000005,2025-12,正常缴纳
510100000000001383,COMP0003,单位151,5000,1400.0000000000002,2024-09,正常缴纳
510100000000002686,COMP0091,单位152,8000,2240.0,2025-01,正常缴纳
510100000000000455,COMP0112,单位034,30000,8400.0,2025-11,一次性补缴
510100000000003612,COMP0131,单位011,8000,2240.0,2025-07,正常缴纳
510100000000002457,COMP0017,单位091,3493,978.0400000000001,2024-11,正常缴纳
510100000000000260,COMP0178,单位056,20000,5600.000000000001,2024-09,正常缴纳
510100000000000334,COMP0036,单位161,12000,3360.0000000000005,2025-08,正常缴纳
510100000000000940,COMP0092,单位135,12000,3360.0000000000005,2024-01,正常缴纳
510100000000002748,COMP0147,单位117,20000,5600.000000000001,2025-01,一次性补缴
510100000000003666,COMP0114,单位096,3493,978.0400000000001,2025-07,正常缴纳
510100000000003514,COMP0190,单位067,20000,5600.000000000001,2024-02,正常缴纳
510100000000002057,COMP0166,单位083,30000,8400.0,2024-09,一次性补缴
510100000000004466,COMP0045,单位049,3493,978.0400000000001,2024-02,正常缴纳
510100000000004236,COMP0088,单位171,8000,2240.0,2025-03,正常缴纳
510100000000001378,COMP0021,单位006,12000,3360.0000000000005,2024-05,正常缴纳
510100000000000452,COMP0086,单位137,12000,3360.0000000000005,2025-06,正常缴纳
510100000000003050,COMP0113,单位071,30000,8400.0,2025-11,正常缴纳
510100000000000165,COMP0034,单位046,8000,2240.0,2025-07,正常缴纳
510100000000001505,COMP0185,单位020,20000,5600.000000000001,2025-02,正常缴纳
510100000000002119,COMP0162,单位178,20000,5600.000000000001,2024-11,正常缴纳
510100000000002567,COMP0019,单位193,8000,2240.0,2024-04,正常缴纳
510100000000001423,COMP0158,单位092,20000,5600.000000000001,2025-09,正常缴纳
510100000000000416,COMP0153,单位018,8000,2240.0,2025-10,正常缴纳
510100000000001474,COMP0171,单位134,30000,8400.0,2025-02,一次性补缴
510100000000001087,COMP0014,单位145,20000,5600.000000000001,2024-09,正常缴纳
510100000000004957,COMP0165,单位057,30000,8400.0,2024-04,正常缴纳
510100000000004030,COMP0189,单位042,5000,1400.0000000000002,2025-03,正常缴纳
510100000000001397,COMP0030,单位171,20000,5600.000000000001,2024-07,正常缴纳
510100000000003606,COMP0036,单位142,30000,8400.0,2025-08,一次性补缴
510100000000004511,COMP0025,单位115,3493,978.0400000000001,2025-01,正常缴纳
510100000000000685,COMP0095,单位173,8000,2240.0,2025-10,一次性补缴
510100000000004699,COMP0015,单位051,20000,5600.000000000001,2025-11,一次性补缴
510100000000004635,COMP0183,单位197,8000,2240.0,2025-08,正常缴纳
510100000000002479,COMP0096,单位140,30000,8400.0,2025-07,一次性补缴
510100000000001441,COMP0087,单位105,12000,3360.0000000000005,2024-01,正常缴纳
510100000000004800,COMP0071,单位013,12000,3360.0000000000005,2025-05,正常缴纳
510100000000004271,COMP0125,单位177,30000,8400.0,2025-11,正常缴纳
510100000000004587,COMP0099,单位073,3493,978.0400000000001,2025-10,正常缴纳
510100000000004890,COMP0040,单位123,5000,1400.0000000000002,2024-03,一次性补缴
510100000000003338,COMP0030,单位035,30000,8400.0,2025-06,正常缴纳
510100000000000167,COMP0093,单位170,20000,5600.000000000001,2024-10,正常缴纳
510100000000000077,COMP0083,单位085,8000,2240.0,2025-05,正常缴纳
510100000000000564,COMP0044,单位046,20000,5600.000000000001,2024-06,正常缴纳
510100000000002647,COMP0166,单位011,20000,5600.000000000001,2024-12,正常缴纳
510100000000004200,COMP0062,单位061,30000,8400.0,2025-12,正常缴纳
510100000000003266,COMP0074,单位107,3493,978.0400000000001,2025-08,一次性补缴
510100000000003985,COMP0180,单位039,8000,2240.0,2024-07,正常缴纳
510100000000001579,COMP0188,单位097,20000,5600.000000000001,2024-02,正常缴纳
510100000000002029,COMP0055,单位114,12000,3360.0000000000005,2024-05,正常缴纳
510100000000001465,COMP0104,单位156,20000,5600.000000000001,2025-09,正常缴纳
510100000000004338,COMP0086,单位086,30000,8400.0,2024-09,正常缴纳
510100000000001439,COMP0103,单位160,20000,5600.000000000001,2024-10,正常缴纳
510100000000002981,COMP0070,单位181,12000,3360.0000000000005,2024-07,正常缴纳
510100000000000917,COMP0186,单位073,30000,8400.0,2024-06,正常缴纳
510100000000001376,COMP0154,单位192,30000,8400.0,2025-09,正常缴纳
510100000000001679,COMP0025,单位099,8000,2240.0,2024-07,正常缴纳
510100000000003216,COMP0141,单位122,5000,1400.0000000000002,2024-02,正常缴纳
510100000000003165,COMP0067,单位142,30000,8400.0,2024-08,正常缴纳
510100000000000495,COMP0131,单位001,3493,978.0400000000001,2024-09,一次性补缴
510100000000003215,COMP0094,单位072,12000,3360.0000000000005,2025-10,正常缴纳
510100000000002856,COMP0179,单位022,30000,8400.0,2025-03,正常缴纳
510100000000001354,COMP0014,单位187,30000,8400.0,2025-12,一次性补缴
510100000000003972,COMP0193,单位011,12000,3360.0000000000005,2024-10,正常缴纳
510100000000000812,COMP0047,单位162,12000,3360.0000000000005,2025-12,正常缴纳
510100000000003323,COMP0076,单位175,12000,3360.0000000000005,2024-02,一次性补缴
510100000000003011,COMP0043,单位102,30000,8400.0,2024-01,正常缴纳
510100000000004433,COMP0110,单位098,20000,5600.000000000001,2025-11,正常缴纳
510100000000004094,COMP0123,单位109,12000,3360.0000000000005,2025-07,正常缴纳
510100000000001977,COMP0004,单位124,12000,3360.0000000000005,2024-04,正常缴纳
510100000000002802,COMP0187,单位173,3493,978.0400000000001,2025-06,一次性补缴
510100000000004905,COMP0029,单位135,30000,8400.0,2025-09,正常缴纳
510100000000004021,COMP0142,单位134,20000,5600.000000000001,2025-09,一次性补缴
510100000000002292,COMP0108,单位144,20000,5600.000000000001,2024-08,正常缴纳
510100000000003562,COMP0187,单位035,3493,978.0400000000001,2024-08,正常缴纳
510100000000002931,COMP0144,单位120,8000,2240.0,2025-05,正常缴纳
510100000000002680,COMP0121,单位033,30000,8400.0,2025-01,正常缴纳
510100000000003681,COMP0110,单位168,8000,2240.0,2024-07,正常缴纳
510100000000003162,COMP0038,单位137,5000,1400.0000000000002,2024-05,正常缴纳
510100000000001901,COMP0140,单位060,30000,8400.0,2025-06,正常缴纳
510100000000004122,COMP0055,单位143,12000,3360.0000000000005,2025-09,正常缴纳
510100000000001801,COMP0191,单位063,8000,2240.0,2024-05,正常缴纳
510100000000003479,COMP0032,单位003,3493,978.0400000000001,2025-01,正常缴纳
510100000000003676,COMP0103,单位097,20000,5600.000000000001,2025-04,正常缴纳
510100000000002192,COMP0147,单位132,12000,3360.0000000000005,2024-01,一次性补缴
510100000000001217,COMP0170,单位173,30000,8400.0,2024-05,一次性补缴
510100000000002076,COMP0020,单位005,12000,3360.0000000000005,2024-02,一次性补缴
510100000000004357,COMP0019,单位012,12000,3360.0000000000005,2024-01,一次性补缴
510100000000000227,COMP0120,单位123,8000,2240.0,2025-08,一次性补缴
510100000000004928,COMP0015,单位050,3493,978.0400000000001,2025-03,正常缴纳
510100000000000437,COMP0188,单位124,8000,2240.0,2024-05,正常缴纳
510100000000002914,COMP0146,单位017,3493,978.0400000000001,2024-10,正常缴纳
510100000000003756,COMP0164,单位064,20000,5600.000000000001,2024-11,正常缴纳
510100000000003921,COMP0155,单位068,5000,1400.0000000000002,2024-06,正常缴纳
510100000000004868,COMP0186,单位121,8000,2240.0,2025-09,正常缴纳
510100000000001737,COMP0074,单位085,5000,1400.0000000000002,2025-08,正常缴纳
510100000000002096,COMP0170,单位198,5000,1400.0000000000002,2024-02,正常缴纳
510100000000002103,COMP0111,单位005,20000,5600.000000000001,2024-04,正常缴纳
510100000000003232,COMP0150,单位015,3493,978.0400000000001,2024-07,正常缴纳
510100000000001527,COMP0111,单位006,8000,2240.0,2025-10,正常缴纳
510100000000004747,COMP0077,单位115,5000,1400.0000000000002,2024-02,一次性补缴
510100000000002142,COMP0061,单位139,5000,1400.0000000000002,2024-04,正常缴纳
510100000000000207,COMP0095,单位103,8000,2240.0,2025-08,正常缴纳
510100000000001170,COMP0137,单位185,20000,5600.000000000001,2025-04,一次性补缴
510100000000004242,COMP0046,单位104,20000,5600.000000000001,2025-12,正常缴纳
510100000000002770,COMP0055,单位019,20000,5600.000000000001,2024-08,正常缴纳
510100000000004571,COMP0170,单位150,20000,5600.000000000001,2024-03,正常缴纳
510100000000004781,COMP0127,单位156,12000,3360.0000000000005,2025-01,正常缴纳
510100000000000405,COMP0068,单位011,5000,1400.0000000000002,2025-07,一次性补缴
510100000000000312,COMP0163,单位037,20000,5600.000000000001,2025-09,正常缴纳
510100000000004768,COMP0144,单位143,3493,978.0400000000001,2024-07,正常缴纳
510100000000002796,COMP0055,单位065,8000,2240.0,2025-01,一次性补缴
510100000000003393,COMP0146,单位059,30000,8400.0,2024-09,正常缴纳
510100000000002065,COMP0005,单位069,30000,8400.0,2025-09,一次性补缴
510100000000000396,COMP0018,单位068,30000,8400.0,2025-06,一次性补缴
510100000000004381,COMP0005,单位129,20000,5600.000000000001,2025-11,正常缴纳
510100000000001855,COMP0118,单位192,12000,3360.0000000000005,2024-06,正常缴纳
510100000000002078,COMP0075,单位030,20000,5600.000000000001,2024-10,正常缴纳
510100000000003774,COMP0097,单位115,8000,2240.0,2024-10,一次性补缴
510100000000001029,COMP0062,单位033,8000,2240.0,2024-08,正常缴纳
510100000000003045,COMP0137,单位018,5000,1400.0000000000002,2024-04,正常缴纳
510100000000000805,COMP0071,单位023,30000,8400.0,2025-04,正常缴纳
510100000000004372,COMP0076,单位042,20000,5600.000000000001,2024-10,正常缴纳
510100000000001009,COMP0112,单位010,8000,2240.0,2025-05,一次性补缴
510100000000001365,COMP0141,单位048,3493,978.0400000000001,2025-12,正常缴纳
510100000000002232,COMP0179,单位113,3493,978.0400000000001,2025-08,一次性补缴
510100000000004445,COMP0070,单位064,3493,978.0400000000001,2024-12,正常缴纳
510100000000003227,COMP0036,单位139,3493,978.0400000000001,2024-06,正常缴纳
510100000000001515,COMP0041,单位015,5000,1400.0000000000002,2024-09,正常缴纳
510100000000004806,COMP0188,单位112,8000,2240.0,2024-04,正常缴纳
510100000000004395,COMP0190,单位171,8000,2240.0,2025-08,正常缴纳
510100000000000120,COMP0090,单位030,8000,2240.0,2024-06,正常缴纳
510100000000001427,COMP0031,单位162,30000,8400.0,2025-12,正常缴纳
510100000000001214,COMP0176,单位170,20000,5600.000000000001,2025-05,正常缴纳
510100000000004915,COMP0043,单位083,12000,3360.0000000000005,2024-02,一次性补缴
510100000000001496,COMP0080,单位017,5000,1400.0000000000002,2025-07,正常缴纳
510100000000003376,COMP0005,单位129,12000,3360.0000000000005,2024-08,正常缴纳
510100000000000496,COMP0120,单位126,12000,3360.0000000000005,2025-04,正常缴纳
510100000000001801,COMP0011,单位082,12000,3360.0000000000005,2025-12,正常缴纳
510100000000000331,COMP0050,单位007,8000,2240.0,2024-04,正常缴纳
510100000000000180,COMP0037,单位083,3493,978.0400000000001,2025-10,正常缴纳
510100000000002590,COMP0193,单位100,8000,2240.0,2024-09,正常缴纳
510100000000001397,COMP0047,单位177,8000,2240.0,2025-03,正常缴纳
510100000000004422,COMP0081,单位153,5000,1400.0000000000002,2025-04,一次性补缴
510100000000002114,COMP0089,单位135,8000,2240.0,2024-10,一次性补缴
510100000000000078,COMP0085,单位021,12000,3360.0000000000005,2025-05,一次性补缴
510100000000001720,COMP0169,单位054,20000,5600.000000000001,2024-11,正常缴纳
510100000000001063,COMP0169,单位070,5000,1400.0000000000002,2025-02,正常缴纳
510100000000003050,COMP0098,单位072,20000,5600.000000000001,2025-03,正常缴纳
510100000000002392,COMP0131,单位021,8000,2240.0,2024-07,一次性补缴
510100000000002548,COMP0085,单位009,30000,8400.0,2025-01,一次性补缴
510100000000003062,COMP0162,单位155,12000,3360.0000000000005,2024-09,正常缴纳
510100000000000363,COMP0108,单位014,20000,5600.000000000001,2024-01,正常缴纳
510100000000003865,COMP0048,单位144,3493,978.0400000000001,2024-02,一次性补缴
510100000000003500,COMP0152,单位003,5000,1400.0000000000002,2025-03,正常缴纳
510100000000000229,COMP0183,单位150,5000,1400.0000000000002,2025-09,正常缴纳
510100000000004717,COMP0143,单位180,8000,2240.0,2025-06,一次性补缴
510100000000003474,COMP0040,单位197,5000,1400.0000000000002,2024-10,正常缴纳
510100000000003725,COMP0064,单位189,12000,3360.0000000000005,2025-10,正常缴纳
510100000000003522,COMP0067,单位163,20000,5600.000000000001,2025-12,正常缴纳
510100000000000845,COMP0090,单位131,8000,2240.0,2024-10,正常缴纳
510100000000003848,COMP0032,单位150,20000,5600.000000000001,2025-10,正常缴纳
510100000000003096,COMP0190,单位191,5000,1400.0000000000002,2025-03,正常缴纳
510100000000004601,COMP0175,单位183,8000,2240.0,2025-07,正常缴纳
510100000000003411,COMP0107,单位023,30000,8400.0,2025-07,正常缴纳
510100000000001958,COMP0041,单位164,12000,3360.0000000000005,2025-07,正常缴纳
510100000000003807,COMP0060,单位030,8000,2240.0,2024-06,正常缴纳
510100000000000810,COMP0180,单位077,3493,978.0400000000001,2025-05,正常缴纳
510100000000004439,COMP0012,单位172,3493,978.0400000000001,2025-07,正常缴纳
510100000000003999,COMP0157,单位174,5000,1400.0000000000002,2024-09,正常缴纳
510100000000004048,COMP0025,单位053,20000,5600.000000000001,2025-11,正常缴纳
510100000000000337,COMP0081,单位134,20000,5600.000000000001,2025-06,正常缴纳
510100000000003886,COMP0161,单位093,8000,2240.0,2024-05,正常缴纳
510100000000001507,COMP0096,单位018,30000,8400.0,2025-08,正常缴纳
510100000000001601,COMP0153,单位020,20000,5600.000000000001,2024-11,正常缴纳
510100000000004167,COMP0155,单位122,20000,5600.000000000001,2024-10,正常缴纳
510100000000001817,COMP0151,单位005,8000,2240.0,2025-10,正常缴纳
510100000000004815,COMP0140,单位130,8000,2240.0,2024-06,正常缴纳
510100000000000535,COMP0197,单位149,3493,978.0400000000001,2025-02,正常缴纳
510100000000000263,COMP0085,单位111,20000,5600.000000000001,2024-05,正常缴纳
510100000000004089,COMP0069,单位032,8000,2240.0,2025-02,正常缴纳
510100000000003250,COMP0163,单位143,3493,978.0400000000001,2024-08,正常缴纳
510100000000002576,COMP0080,单位173,3493,978.0400000000001,2024-03,正常缴纳
510100000000002099,COMP0181,单位122,30000,8400.0,2025-03,正常缴纳
510100000000002133,COMP0006,单位174,30000,8400.0,2024-10,正常缴纳
510100000000003441,COMP0148,单位047,8000,2240.0,2025-09,正常缴纳
510100000000002149,COMP0064,单位090,5000,1400.0000000000002,2024-10,正常缴纳
510100000000000877,COMP0095,单位024,30000,8400.0,2024-09,正常缴纳
510100000000001898,COMP0130,单位140,3493,978.0400000000001,2024-11,一次性补缴
510100000000001188,COMP0036,单位074,5000,1400.0000000000002,2024-06,正常缴纳
510100000000000168,COMP0033,单位093,30000,8400.0,2025-11,正常缴纳
510100000000000193,COMP0008,单位118,20000,5600.000000000001,2025-04,正常缴纳
510100000000003200,COMP0046,单位062,20000,5600.000000000001,2025-08,正常缴纳
510100000000003537,COMP0172,单位088,20000,5600.000000000001,2025-03,正常缴纳
510100000000003622,COMP0128,单位066,20000,5600.000000000001,2024-11,正常缴纳
510100000000000604,COMP0119,单位032,20000,5600.000000000001,2024-08,正常缴纳
510100000000003800,COMP0187,单位139,5000,1400.0000000000002,2025-01,正常缴纳
510100000000003911,COMP0102,单位026,5000,1400.0000000000002,2025-12,一次性补缴
510100000000000449,COMP0022,单位150,8000,2240.0,2025-03,正常缴纳
510100000000004844,COMP0008,单位004,5000,1400.0000000000002,2024-12,正常缴纳
510100000000001190,COMP0120,单位076,12000,3360.0000000000005,2024-09,正常缴纳
510100000000000723,COMP0162,单位154,30000,8400.0,2025-05,正常缴纳
510100000000004149,COMP0042,单位093,5000,1400.0000000000002,2025-06,正常缴纳
510100000000003212,COMP0032,单位083,12000,3360.0000000000005,2024-02,正常缴纳
510100000000001486,COMP0073,单位171,5000,1400.0000000000002,2024-04,正常缴纳
510100000000000546,COMP0146,单位183,8000,2240.0,2025-04,正常缴纳
510100000000004516,COMP0066,单位081,3493,978.0400000000001,2024-06,正常缴纳
510100000000004072,COMP0073,单位027,3493,978.0400000000001,2025-06,正常缴纳
510100000000003669,COMP0101,单位178,12000,3360.0000000000005,2024-01,正常缴纳
510100000000002888,COMP0167,单位138,20000,5600.000000000001,2024-08,正常缴纳
510100000000001105,COMP0156,单位175,5000,1400.0000000000002,2025-08,正常缴纳
510100000000000088,COMP0089,单位032,30000,8400.0,2024-06,一次性补缴
510100000000004381,COMP0097,单位055,5000,1400.0000000000002,2025-01,正常缴纳
510100000000000992,COMP0033,单位196,8000,2240.0,2024-12,正常缴纳
510100000000000091,COMP0096,单位030,20000,5600.000000000001,2025-11,正常缴纳
510100000000004235,COMP0067,单位143,12000,3360.0000000000005,2025-10,正常缴纳
510100000000000534,COMP0011,单位016,20000,5600.000000000001,2024-06,正常缴纳
510100000000000118,COMP0042,单位010,3493,978.0400000000001,2025-04,正常缴纳
510100000000002254,COMP0167,单位002,3493,978.0400000000001,2025-04,一次性补缴
510100000000004132,COMP0022,单位180,5000,1400.0000000000002,2024-02,正常缴纳
510100000000003743,COMP0147,单位103,8000,2240.0,2024-04,正常缴纳
510100000000000505,COMP0050,单位026,30000,8400.0,2024-05,正常缴纳
510100000000002866,COMP0187,单位087,12000,3360.0000000000005,2025-10,一次性补缴
510100000000003781,COMP0045,单位031,20000,5600.000000000001,2024-08,正常缴纳
510100000000001339,COMP0189,单位052,20000,5600.000000000001,2025-12,正常缴纳
510100000000001614,COMP0049,单位088,3493,978.0400000000001,2024-12,一次性补缴
510100000000001270,COMP0172,单位022,20000,5600.000000000001,2025-07,一次性补缴
510100000000004139,COMP0110,单位065,30000,8400.0,2025-11,正常缴纳
510100000000001724,COMP0158,单位170,20000,5600.000000000001,2024-10,正常缴纳
510100000000003654,COMP0057,单位160,5000,1400.0000000000002,2025-11,正常缴纳
510100000000004574,COMP0041,单位047,30000,8400.0,2025-03,一次性补缴
510100000000000308,COMP0016,单位119,30000,8400.0,2024-12,正常缴纳
510100000000002999,COMP0055,单位018,5000,1400.0000000000002,2024-01,正常缴纳
510100000000004870,COMP0132,单位171,5000,1400.0000000000002,2025-11,正常缴纳
510100000000003589,COMP0148,单位031,12000,3360.0000000000005,2024-04,正常缴纳
510100000000001070,COMP0162,单位155,20000,5600.000000000001,2025-12,正常缴纳
510100000000000922,COMP0056,单位151,3493,978.0400000000001,2024-03,正常缴纳
510100000000003651,COMP0053,单位040,30000,8400.0,2025-06,正常缴纳
510100000000001801,COMP0158,单位138,5000,1400.0000000000002,2025-04,正常缴纳
510100000000000751,COMP0107,单位151,12000,3360.0000000000005,2025-12,一次性补缴
510100000000000919,COMP0141,单位124,3493,978.0400000000001,2025-11,正常缴纳
510100000000001953,COMP0009,单位010,5000,1400.0000000000002,2024-03,正常缴纳
510100000000003399,COMP0074,单位054,5000,1400.0000000000002,2024-01,正常缴纳
510100000000003166,COMP0103,单位187,3493,978.0400000000001,2024-07,正常缴纳
510100000000002695,COMP0128,单位065,8000,2240.0,2024-08,正常缴纳
510100000000003033,COMP0043,单位188,8000,2240.0,2025-10,正常缴纳
510100000000002902,COMP0106,单位133,5000,1400.0000000000002,2024-07,正常缴纳
510100000000000441,COMP0010,单位078,5000,1400.0000000000002,2025-10,一次性补缴
510100000000004797,COMP0037,单位169,30000,8400.0,2025-06,一次性补缴
510100000000001878,COMP0061,单位075,30000,8400.0,2024-03,正常缴纳
510100000000002045,COMP0169,单位005,20000,5600.000000000001,2025-04,正常缴纳
510100000000001213,COMP0180,单位020,5000,1400.0000000000002,2024-01,正常缴纳
510100000000003498,COMP0040,单位001,30000,8400.0,2025-03,一次性补缴
510100000000004948,COMP0005,单位026,5000,1400.0000000000002,2024-09,正常缴纳
510100000000002546,COMP0066,单位179,20000,5600.000000000001,2024-08,正常缴纳
510100000000003367,COMP0001,单位174,12000,3360.0000000000005,2024-07,正常缴纳
510100000000000302,COMP0021,单位156,8000,2240.0,2024-04,一次性补缴
510100000000003528,COMP0173,单位189,3493,978.0400000000001,2024-10,正常缴纳
510100000000003651,COMP0037,单位082,12000,3360.0000000000005,2024-01,正常缴纳
510100000000003464,COMP0092,单位141,5000,1400.0000000000002,2025-12,一次性补缴
510100000000001286,COMP0143,单位195,5000,1400.0000000000002,2025-06,正常缴纳
510100000000004517,COMP0059,单位052,20000,5600.000000000001,2024-05,正常缴纳
510100000000003389,COMP0059,单位002,8000,2240.0,2025-09,正常缴纳
510100000000002051,COMP0003,单位162,8000,2240.0,2025-10,正常缴纳
510100000000002927,COMP0090,单位129,8000,2240.0,2025-04,一次性补缴
510100000000002368,COMP0011,单位068,3493,978.0400000000001,2024-09,正常缴纳
510100000000000014,COMP0057,单位074,20000,5600.000000000001,2025-06,正常缴纳
510100000000001247,COMP0125,单位148,3493,978.0400000000001,2025-10,正常缴纳
510100000000001180,COMP0129,单位058,30000,8400.0,2024-03,正常缴纳
510100000000001426,COMP0132,单位076,30000,8400.0,2024-02,正常缴纳
510100000000003909,COMP0012,单位127,5000,1400.0000000000002,2024-01,正常缴纳
510100000000004097,COMP0004,单位066,30000,8400.0,2025-10,正常缴纳
510100000000000571,COMP0180,单位097,5000,1400.0000000000002,2025-07,正常缴纳
510100000000001083,COMP0158,单位155,30000,8400.0,2024-10,正常缴纳
510100000000003497,COMP0121,单位067,30000,8400.0,2025-03,一次性补缴
510100000000003056,COMP0114,单位010,30000,8400.0,2025-12,正常缴纳
510100000000003061,COMP0091,单位124,30000,8400.0,2024-08,正常缴纳
510100000000000869,COMP0043,单位060,5000,1400.0000000000002,2024-06,正常缴纳
510100000000001225,COMP0011,单位035,30000,8400.0,2024-07,一次性补缴
510100000000001188,COMP0028,单位116,20000,5600.000000000001,2024-10,正常缴纳
510100000000001321,COMP0085,单位093,12000,3360.0000000000005,2025-01,正常缴纳
510100000000003337,COMP0023,单位005,20000,5600.000000000001,2025-07,正常缴纳
510100000000001326,COMP0028,单位013,20000,5600.000000000001,2025-09,正常缴纳
510100000000000591,COMP0186,单位066,5000,1400.0000000000002,2025-02,正常缴纳
510100000000001737,COMP0014,单位155,30000,8400.0,2024-05,一次性补缴
510100000000003168,COMP0185,单位086,8000,2240.0,2025-12,一次性补缴
510100000000003883,COMP0180,单位190,20000,5600.000000000001,2025-07,正常缴纳
510100000000001696,COMP0133,单位078,3493,978.0400000000001,2025-11,一次性补缴
510100000000004302,COMP0056,单位126,20000,5600.000000000001,2025-11,一次性补缴
510100000000004391,COMP0146,单位179,20000,5600.000000000001,2024-10,正常缴纳
510100000000001059,COMP0038,单位072,5000,1400.0000000000002,2025-07,正常缴纳
510100000000001009,COMP0197,单位156,12000,3360.0000000000005,2025-11,正常缴纳
510100000000002838,COMP0149,单位120,30000,8400.0,2024-01,正常缴纳
510100000000003691,COMP0080,单位133,3493,978.0400000000001,2025-02,正常缴纳
510100000000003160,COMP0106,单位143,5000,1400.0000000000002,2025-03,正常缴纳
510100000000002892,COMP0042,单位174,12000,3360.0000000000005,2024-03,正常缴纳
510100000000002671,COMP0073,单位150,12000,3360.0000000000005,2025-09,一次性补缴
510100000000004772,COMP0173,单位015,20000,5600.000000000001,2024-04,正常缴纳
510100000000001783,COMP0084,单位036,30000,8400.0,2024-01,正常缴纳
510100000000002819,COMP0131,单位019,3493,978.0400000000001,2024-08,正常缴纳
510100000000003794,COMP0076,单位148,12000,3360.0000000000005,2025-12,正常缴纳
510100000000004051,COMP0068,单位066,30000,8400.0,2024-07,正常缴纳
510100000000000436,COMP0022,单位068,5000,1400.0000000000002,2024-11,正常缴纳
510100000000002145,COMP0009,单位159,8000,2240.0,2025-09,正常缴纳
510100000000000226,COMP0075,单位017,8000,2240.0,2024-04,正常缴纳
510100000000003854,COMP0156,单位131,30000,8400.0,2024-04,正常缴纳
510100000000000117,COMP0077,单位050,5000,1400.0000000000002,2025-04,正常缴纳
510100000000000601,COMP0031,单位102,30000,8400.0,2025-04,正常缴纳
510100000000001602,COMP0192,单位137,3493,978.0400000000001,2025-03,一次性补缴
510100000000003833,COMP0026,单位060,8000,2240.0,2025-06,正常缴纳
510100000000003655,COMP0090,单位176,12000,3360.0000000000005,2025-09,正常缴纳
510100000000001922,COMP0135,单位180,5000,1400.0000000000002,2025-08,正常缴纳
510100000000002187,COMP0048,单位053,3493,978.0400000000001,2025-09,正常缴纳
510100000000001977,COMP0068,单位151,8000,2240.0,2024-04,正常缴纳
510100000000003174,COMP0183,单位184,20000,5600.000000000001,2024-12,一次性补缴
510100000000000700,COMP0133,单位050,30000,8400.0,2025-07,正常缴纳
510100000000000010,COMP0040,单位102,8000,2240.0,2024-04,正常缴纳
510100000000003792,COMP0151,单位045,20000,5600.000000000001,2025-10,正常缴纳
510100000000000284,COMP0144,单位195,5000,1400.0000000000002,2025-12,一次性补缴
510100000000002831,COMP0169,单位006,12000,3360.0000000000005,2025-09,一次性补缴
510100000000002966,COMP0076,单位042,12000,3360.0000000000005,2024-12,一次性补缴
510100000000004159,COMP0186,单位179,3493,978.0400000000001,2024-03,正常缴纳
510100000000002019,COMP0045,单位054,3493,978.0400000000001,2025-02,一次性补缴
510100000000004317,COMP0193,单位140,20000,5600.000000000001,2024-07,一次性补缴
510100000000003369,COMP0099,单位076,30000,8400.0,2025-09,一次性补缴
510100000000002075,COMP0033,单位152,3493,978.0400000000001,2024-06,正常缴纳
510100000000004341,COMP0132,单位161,20000,5600.000000000001,2024-10,正常缴纳
510100000000004335,COMP0073,单位159,12000,3360.0000000000005,2025-10,一次性补缴
510100000000004771,COMP0137,单位171,8000,2240.0,2025-05,正常缴纳
510100000000001305,COMP0132,单位116,30000,8400.0,2024-04,一次性补缴
510100000000004567,COMP0092,单位197,20000,5600.000000000001,2025-06,一次性补缴
510100000000001599,COMP0021,单位106,30000,8400.0,2025-08,一次性补缴
510100000000000611,COMP0081,单位027,3493,978.0400000000001,2024-04,正常缴纳
510100000000001977,COMP0038,单位163,30000,8400.0,2025-07,正常缴纳
510100000000004269,COMP0090,单位112,30000,8400.0,2024-08,正常缴纳
510100000000004222,COMP0083,单位152,12000,3360.0000000000005,2025-09,正常缴纳
510100000000002633,COMP0135,单位174,12000,3360.0000000000005,2025-01,正常缴纳
510100000000004160,COMP0173,单位183,30000,8400.0,2025-03,一次性补缴
510100000000002283,COMP0121,单位100,30000,8400.0,2024-06,一次性补缴
510100000000000523,COMP0187,单位148,12000,3360.0000000000005,2024-06,一次性补缴
510100000000001023,COMP0044,单位066,30000,8400.0,2025-07,一次性补缴
510100000000004275,COMP0124,单位165,12000,3360.0000000000005,2025-09,正常缴纳
510100000000001284,COMP0191,单位125,5000,1400.0000000000002,2024-10,一次性补缴
510100000000000329,COMP0125,单位098,5000,1400.0000000000002,2025-11,一次性补缴
510100000000001867,COMP0128,单位157,20000,5600.000000000001,2025-05,正常缴纳
510100000000001564,COMP0003,单位158,8000,2240.0,2025-09,正常缴纳
510100000000003743,COMP0006,单位049,8000,2240.0,2024-10,正常缴纳
510100000000003019,COMP0040,单位187,30000,8400.0,2024-03,一次性补缴
510100000000002371,COMP0135,单位175,12000,3360.0000000000005,2024-06,正常缴纳
510100000000001782,COMP0173,单位041,30000,8400.0,2024-02,正常缴纳
510100000000001182,COMP0037,单位150,12000,3360.0000000000005,2024-08,正常缴纳
510100000000000248,COMP0181,单位017,30000,8400.0,2025-08,一次性补缴
510100000000000499,COMP0043,单位121,20000,5600.000000000001,2024-05,正常缴纳
510100000000001210,COMP0132,单位162,3493,978.0400000000001,2024-04,正常缴纳
510100000000004270,COMP0005,单位061,30000,8400.0,2024-08,正常缴纳
510100000000002934,COMP0013,单位026,8000,2240.0,2025-12,一次性补缴
510100000000002877,COMP0175,单位124,8000,2240.0,2025-11,正常缴纳
510100000000001545,COMP0144,单位012,12000,3360.0000000000005,2024-07,正常缴纳
510100000000003726,COMP0059,单位198,5000,1400.0000000000002,2025-03,一次性补缴
510100000000004285,COMP0050,单位054,12000,3360.0000000000005,2025-01,一次性补缴
510100000000001895,COMP0051,单位074,12000,3360.0000000000005,2024-01,正常缴纳
510100000000002420,COMP0055,单位085,20000,5600.000000000001,2024-04,正常缴纳
510100000000004687,COMP0168,单位110,3493,978.0400000000001,2024-01,正常缴纳
510100000000003686,COMP0113,单位152,12000,3360.0000000000005,2025-11,正常缴纳
510100000000003052,COMP0100,单位120,8000,2240.0,2024-12,正常缴纳
510100000000003878,COMP0003,单位144,3493,978.0400000000001,2025-10,正常缴纳
510100000000000181,COMP0013,单位189,30000,8400.0,2025-03,正常缴纳
510100000000002057,COMP0188,单位089,5000,1400.0000000000002,2024-07,正常缴纳
510100000000002199,COMP0016,单位081,3493,978.0400000000001,2025-02,正常缴纳
510100000000001200,COMP0113,单位159,12000,3360.0000000000005,2025-06,正常缴纳
510100000000001532,COMP0060,单位112,20000,5600.000000000001,2024-02,一次性补缴
510100000000003134,COMP0024,单位172,20000,5600.000000000001,2025-12,正常缴纳
510100000000000589,COMP0012,单位184,12000,3360.0000000000005,2024-09,正常缴纳
510100000000000846,COMP0121,单位073,12000,3360.0000000000005,2025-07,正常缴纳
510100000000002094,COMP0179,单位058,12000,3360.0000000000005,2025-08,正常缴纳
510100000000001047,COMP0064,单位148,12000,3360.0000000000005,2025-02,正常缴纳
510100000000003648,COMP0119,单位174,8000,2240.0,2025-06,一次性补缴
510100000000003238,COMP0007,单位054,8000,2240.0,2024-04,一次性补缴
510100000000000042,COMP0127,单位155,3493,978.0400000000001,2025-09,一次性补缴
510100000000003905,COMP0121,单位009,5000,1400.0000000000002,2024-05,正常缴纳
510100000000002241,COMP0026,单位172,5000,1400.0000000000002,2024-01,正常缴纳
510100000000003583,COMP0071,单位177,30000,8400.0,2024-01,正常缴纳
510100000000001823,COMP0066,单位059,20000,5600.000000000001,2025-04,正常缴纳
510100000000002925,COMP0059,单位030,8000,2240.0,2024-07,正常缴纳
510100000000001537,COMP0162,单位169,30000,8400.0,2025-11,正常缴纳
510100000000002236,COMP0127,单位036,20000,5600.000000000001,2025-07,正常缴纳
510100000000004174,COMP0034,单位156,5000,1400.0000000000002,2024-01,一次性补缴
510100000000002601,COMP0024,单位163,30000,8400.0,2024-07,正常缴纳
510100000000002654,COMP0187,单位083,20000,5600.000000000001,2024-06,正常缴纳
510100000000003048,COMP0188,单位006,20000,5600.000000000001,2024-10,正常缴纳
510100000000000791,COMP0079,单位110,8000,2240.0,2025-03,正常缴纳
510100000000002256,COMP0131,单位131,8000,2240.0,2024-12,正常缴纳
510100000000000760,COMP0124,单位113,5000,1400.0000000000002,2024-08,正常缴纳
510100000000002147,COMP0104,单位045,8000,2240.0,2024-12,正常缴纳
510100000000003092,COMP0198,单位112,8000,2240.0,2024-03,正常缴纳
510100000000001994,COMP0046,单位044,12000,3360.0000000000005,2024-04,一次性补缴
510100000000004038,COMP0177,单位118,3493,978.0400000000001,2025-11,一次性补缴
510100000000002044,COMP0140,单位078,5000,1400.0000000000002,2024-09,一次性补缴
510100000000004178,COMP0193,单位006,12000,3360.0000000000005,2024-09,正常缴纳
510100000000003002,COMP0029,单位195,30000,8400.0,2024-02,一次性补缴
510100000000003942,COMP0186,单位181,30000,8400.0,2025-04,正常缴纳
510100000000000652,COMP0061,单位064,20000,5600.000000000001,2024-04,正常缴纳
510100000000002213,COMP0126,单位157,5000,1400.0000000000002,2025-11,正常缴纳
510100000000003595,COMP0103,单位020,20000,5600.000000000001,2024-11,一次性补缴
510100000000003370,COMP0097,单位021,5000,1400.0000000000002,2024-12,正常缴纳
510100000000003696,COMP0187,单位104,12000,3360.0000000000005,2024-07,正常缴纳
510100000000004289,COMP0006,单位112,12000,3360.0000000000005,2025-09,正常缴纳
510100000000002162,COMP0054,单位076,3493,978.0400000000001,2024-06,一次性补缴
510100000000000154,COMP0047,单位117,12000,3360.0000000000005,2024-10,正常缴纳
510100000000003709,COMP0076,单位153,20000,5600.000000000001,2024-08,正常缴纳
510100000000000456,COMP0178,单位129,5000,1400.0000000000002,2025-07,正常缴纳
510100000000004968,COMP0094,单位133,12000,3360.0000000000005,2024-04,一次性补缴
510100000000000108,COMP0072,单位065,12000,3360.0000000000005,2024-08,正常缴纳
510100000000002041,COMP0006,单位066,5000,1400.0000000000002,2024-03,正常缴纳
510100000000000097,COMP0096,单位157,3493,978.0400000000001,2024-08,正常缴纳
510100000000002078,COMP0152,单位119,5000,1400.0000000000002,2025-12,一次性补缴
510100000000002745,COMP0189,单位127,12000,3360.0000000000005,2025-10,正常缴纳
510100000000004694,COMP0199,单位121,20000,5600.000000000001,2025-07,一次性补缴
510100000000003331,COMP0124,单位179,8000,2240.0,2024-11,正常缴纳
510100000000001468,COMP0030,单位123,20000,5600.000000000001,2025-07,一次性补缴
510100000000000164,COMP0071,单位103,12000,3360.0000000000005,2024-09,正常缴纳
510100000000002810,COMP0177,单位049,20000,5600.000000000001,2024-02,一次性补缴
510100000000002712,COMP0091,单位155,8000,2240.0,2025-07,正常缴纳
510100000000001606,COMP0125,单位152,12000,3360.0000000000005,2024-12,正常缴纳
510100000000004310,COMP0074,单位144,12000,3360.0000000000005,2024-02,正常缴纳
510100000000003377,COMP0069,单位078,5000,1400.0000000000002,2024-08,正常缴纳
510100000000004360,COMP0006,单位145,12000,3360.0000000000005,2025-03,一次性补缴
510100000000004945,COMP0119,单位171,20000,5600.000000000001,2025-01,正常缴纳
510100000000001297,COMP0086,单位193,20000,5600.000000000001,2025-04,一次性补缴
510100000000000227,COMP0054,单位102,30000,8400.0,2024-04,正常缴纳
510100000000002272,COMP0135,单位151,5000,1400.0000000000002,2024-01,一次性补缴
510100000000001796,COMP0173,单位111,30000,8400.0,2024-08,正常缴纳
510100000000001457,COMP0031,单位004,3493,978.0400000000001,2025-08,正常缴纳
510100000000001589,COMP0124,单位096,3493,978.0400000000001,2024-01,正常缴纳
510100000000003794,COMP0073,单位061,12000,3360.0000000000005,2025-07,正常缴纳
510100000000002667,COMP0004,单位063,20000,5600.000000000001,2025-06,正常缴纳
510100000000003810,COMP0002,单位197,12000,3360.0000000000005,2025-03,正常缴纳
510100000000003951,COMP0019,单位094,30000,8400.0,2024-06,正常缴纳
510100000000000753,COMP0165,单位140,3493,978.0400000000001,2025-05,一次性补缴
510100000000002485,COMP0029,单位013,3493,978.0400000000001,2024-10,正常缴纳
510100000000004171,COMP0110,单位092,20000,5600.000000000001,2024-07,正常缴纳
510100000000003241,COMP0090,单位187,8000,2240.0,2024-08,正常缴纳
510100000000000131,COMP0091,单位055,30000,8400.0,2025-08,正常缴纳
510100000000004597,COMP0131,单位007,5000,1400.0000000000002,2025-06,一次性补缴
510100000000003216,COMP0195,单位075,8000,2240.0,2025-11,一次性补缴
510100000000002389,COMP0001,单位120,3493,978.0400000000001,2024-03,正常缴纳
510100000000000473,COMP0120,单位171,3493,978.0400000000001,2025-08,正常缴纳
510100000000003520,COMP0063,单位056,20000,5600.000000000001,2025-02,正常缴纳
510100000000000259,COMP0121,单位140,3493,978.0400000000001,2025-03,正常缴纳
510100000000000591,COMP0153,单位184,12000,3360.0000000000005,2025-05,一次性补缴
510100000000002779,COMP0089,单位089,20000,5600.000000000001,2024-12,一次性补缴
510100000000003174,COMP0186,单位088,12000,3360.0000000000005,2024-05,正常缴纳
510100000000004571,COMP0184,单位181,3493,978.0400000000001,2024-02,正常缴纳
510100000000001185,COMP0078,单位122,20000,5600.000000000001,2024-02,正常缴纳
510100000000000891,COMP0031,单位117,5000,1400.0000000000002,2024-12,正常缴纳
510100000000002999,COMP0182,单位181,5000,1400.0000000000002,2025-10,一次性补缴
510100000000004149,COMP0159,单位109,3493,978.0400000000001,2025-09,正常缴纳
510100000000002887,COMP0069,单位028,3493,978.0400000000001,2025-01,正常缴纳
510100000000004623,COMP0154,单位140,5000,1400.0000000000002,2024-01,正常缴纳
510100000000002078,COMP0100,单位155,3493,978.0400000000001,2025-11,正常缴纳
510100000000000741,COMP0003,单位121,5000,1400.0000000000002,2025-06,正常缴纳
510100000000001753,COMP0191,单位001,5000,1400.0000000000002,2024-05,正常缴纳
510100000000003554,COMP0133,单位116,30000,8400.0,2024-12,正常缴纳
510100000000004566,COMP0044,单位144,20000,5600.000000000001,2024-06,正常缴纳
510100000000003754,COMP0154,单位041,8000,2240.0,2025-01,正常缴纳
510100000000001471,COMP0132,单位107,8000,2240.0,2024-08,一次性补缴
510100000000003487,COMP0048,单位029,5000,1400.0000000000002,2025-09,一次性补缴
510100000000001800,COMP0199,单位014,30000,8400.0,2025-04,正常缴纳
510100000000004262,COMP0147,单位147,8000,2240.0,2024-11,正常缴纳
510100000000002663,COMP0060,单位138,30000,8400.0,2024-02,一次性补缴
510100000000000254,COMP0057,单位194,30000,8400.0,2024-04,正常缴纳
510100000000004573,COMP0194,单位166,20000,5600.000000000001,2025-05,一次性补缴
510100000000002433,COMP0174,单位109,5000,1400.0000000000002,2025-07,正常缴纳
510100000000000654,COMP0055,单位003,8000,2240.0,2025-06,正常缴纳
510100000000003282,COMP0049,单位149,3493,978.0400000000001,2025-08,一次性补缴
510100000000001758,COMP0040,单位148,8000,2240.0,2024-08,正常缴纳
510100000000001440,COMP0104,单位184,8000,2240.0,2024-06,一次性补缴
510100000000003920,COMP0084,单位139,5000,1400.0000000000002,2025-11,正常缴纳
510100000000001961,COMP0012,单位017,30000,8400.0,2025-10,正常缴纳
510100000000004633,COMP0175,单位153,3493,978.0400000000001,2024-12,一次性补缴
510100000000003242,COMP0076,单位020,8000,2240.0,2024-09,正常缴纳
510100000000004338,COMP0178,单位030,12000,3360.0000000000005,2024-11,正常缴纳
510100000000003417,COMP0065,单位124,12000,3360.0000000000005,2024-09,一次性补缴
510100000000003230,COMP0189,单位008,5000,1400.0000000000002,2024-01,正常缴纳
510100000000001350,COMP0046,单位108,12000,3360.0000000000005,2024-11,正常缴纳
510100000000004058,COMP0148,单位168,12000,3360.0000000000005,2025-02,正常缴纳
510100000000003578,COMP0071,单位103,20000,5600.000000000001,2024-01,一次性补缴
510100000000001565,COMP0030,单位173,3493,978.0400000000001,2025-04,一次性补缴
510100000000003388,COMP0141,单位125,8000,2240.0,2025-08,正常缴纳
510100000000001419,COMP0086,单位089,8000,2240.0,2024-08,正常缴纳
510100000000000987,COMP0046,单位094,3493,978.0400000000001,2024-12,正常缴纳
510100000000003586,COMP0019,单位130,5000,1400.0000000000002,2024-02,正常缴纳
510100000000003721,COMP0196,单位043,3493,978.0400000000001,2025-10,正常缴纳
510100000000001145,COMP0152,单位085,12000,3360.0000000000005,2025-04,正常缴纳
510100000000000107,COMP0193,单位152,3493,978.0400000000001,2025-02,正常缴纳
510100000000004122,COMP0119,单位100,3493,978.0400000000001,2024-06,正常缴纳
510100000000003600,COMP0106,单位048,5000,1400.0000000000002,2024-11,一次性补缴
510100000000003320,COMP0126,单位149,12000,3360.0000000000005,2025-09,正常缴纳
510100000000003062,COMP0013,单位034,20000,5600.000000000001,2024-09,正常缴纳
510100000000002003,COMP0008,单位114,12000,3360.0000000000005,2024-02,一次性补缴
510100000000001096,COMP0092,单位121,30000,8400.0,2025-01,一次性补缴
510100000000000880,COMP0066,单位154,12000,3360.0000000000005,2024-03,正常缴纳
510100000000003678,COMP0073,单位131,8000,2240.0,2025-06,正常缴纳
510100000000001478,COMP0041,单位153,20000,5600.000000000001,2024-02,正常缴纳
510100000000003795,COMP0013,单位040,30000,8400.0,2024-07,正常缴纳
510100000000004256,COMP0029,单位125,20000,5600.000000000001,2025-07,一次性补缴
510100000000000092,COMP0112,单位159,8000,2240.0,2025-04,正常缴纳
510100000000004401,COMP0123,单位182,20000,5600.000000000001,2025-06,正常缴纳
510100000000004438,COMP0097,单位163,3493,978.0400000000001,2025-07,正常缴纳
510100000000004460,COMP0129,单位015,30000,8400.0,2024-04,正常缴纳
510100000000004950,COMP0065,单位111,12000,3360.0000000000005,2025-03,正常缴纳
510100000000003807,COMP0129,单位094,30000,8400.0,2025-11,正常缴纳
510100000000003883,COMP0050,单位092,20000,5600.000000000001,2025-04,正常缴纳
510100000000003121,COMP0123,单位017,3493,978.0400000000001,2025-08,正常缴纳
510100000000001792,COMP0198,单位115,30000,8400.0,2025-04,正常缴纳
510100000000002219,COMP0057,单位168,20000,5600.000000000001,2025-10,一次性补缴
510100000000004262,COMP0007,单位142,20000,5600.000000000001,2024-10,正常缴纳
510100000000002263,COMP0185,单位123,8000,2240.0,2025-10,正常缴纳
510100000000004856,COMP0114,单位096,3493,978.0400000000001,2025-03,正常缴纳
510100000000004810,COMP0115,单位146,5000,1400.0000000000002,2025-11,正常缴纳
510100000000002405,COMP0076,单位061,12000,3360.0000000000005,2025-05,一次性补缴
510100000000001501,COMP0172,单位068,20000,5600.000000000001,2025-12,正常缴纳
510100000000002588,COMP0176,单位164,5000,1400.0000000000002,2025-08,正常缴纳
510100000000003709,COMP0171,单位138,30000,8400.0,2025-08,正常缴纳
510100000000003097,COMP0021,单位100,12000,3360.0000000000005,2025-09,正常缴纳
510100000000003716,COMP0138,单位095,30000,8400.0,2024-06,正常缴纳
510100000000002187,COMP0064,单位123,8000,2240.0,2024-01,正常缴纳
510100000000003271,COMP0028,单位123,12000,3360.0000000000005,2025-05,正常缴纳
510100000000003860,COMP0121,单位055,20000,5600.000000000001,2024-02,正常缴纳
510100000000004205,COMP0075,单位061,3493,978.0400000000001,2025-08,一次性补缴
510100000000002035,COMP0194,单位041,8000,2240.0,2025-09,正常缴纳
510100000000002231,COMP0156,单位089,8000,2240.0,2025-05,一次性补缴
510100000000000804,COMP0161,单位025,30000,8400.0,2025-07,一次性补缴
510100000000003512,COMP0075,单位062,3493,978.0400000000001,2025-11,正常缴纳
510100000000003383,COMP0053,单位085,3493,978.0400000000001,2024-12,正常缴纳
510100000000004978,COMP0046,单位018,5000,1400.0000000000002,2024-10,正常缴纳
510100000000002669,COMP0106,单位046,20000,5600.000000000001,2024-09,正常缴纳
510100000000002383,COMP0144,单位197,30000,8400.0,2024-12,正常缴纳
510100000000001185,COMP0053,单位151,3493,978.0400000000001,2024-12,一次性补缴
510100000000000786,COMP0029,单位146,8000,2240.0,2024-12,正常缴纳
510100000000003664,COMP0096,单位055,20000,5600.000000000001,2025-10,一次性补缴
510100000000002311,COMP0032,单位049,5000,1400.0000000000002,2025-11,正常缴纳
510100000000003170,COMP0167,单位050,8000,2240.0,2024-07,正常缴纳
510100000000000918,COMP0096,单位063,5000,1400.0000000000002,2025-07,正常缴纳
510100000000004494,COMP0016,单位120,30000,8400.0,2025-08,一次性补缴
510100000000002442,COMP0036,单位018,20000,5600.000000000001,2024-01,一次性补缴
510100000000001449,COMP0103,单位044,5000,1400.0000000000002,2025-01,正常缴纳
510100000000000911,COMP0048,单位171,20000,5600.000000000001,2024-11,正常缴纳
510100000000000808,COMP0063,单位014,3493,978.0400000000001,2025-10,一次性补缴
510100000000003319,COMP0098,单位192,5000,1400.0000000000002,2025-04,正常缴纳
510100000000004854,COMP0070,单位186,12000,3360.0000000000005,2025-04,正常缴纳
510100000000002890,COMP0045,单位163,20000,5600.000000000001,2024-04,正常缴纳
510100000000001908,COMP0027,单位130,8000,2240.0,2025-06,一次性补缴
510100000000004455,COMP0176,单位049,5000,1400.0000000000002,2025-01,一次性补缴
510100000000004512,COMP0035,单位182,8000,2240.0,2025-05,正常缴纳
510100000000001389,COMP0084,单位192,12000,3360.0000000000005,2024-06,一次性补缴
510100000000001669,COMP0155,单位138,8000,2240.0,2024-10,正常缴纳
510100000000004132,COMP0054,单位051,5000,1400.0000000000002,2025-08,一次性补缴
510100000000004400,COMP0179,单位028,8000,2240.0,2025-04,一次性补缴
510100000000000931,COMP0077,单位188,3493,978.0400000000001,2024-01,正常缴纳
510100000000004059,COMP0036,单位073,8000,2240.0,2025-03,正常缴纳
510100000000004892,COMP0005,单位065,8000,2240.0,2024-03,正常缴纳
510100000000000860,COMP0184,单位017,30000,8400.0,2024-03,正常缴纳
510100000000001879,COMP0116,单位125,20000,5600.000000000001,2024-09,正常缴纳
510100000000004660,COMP0141,单位090,30000,8400.0,2024-11,正常缴纳
510100000000000121,COMP0070,单位163,3493,978.0400000000001,2025-12,正常缴纳
510100000000002134,COMP0130,单位094,8000,2240.0,2024-08,正常缴纳
510100000000004142,COMP0177,单位079,30000,8400.0,2024-10,正常缴纳
510100000000002472,COMP0119,单位197,12000,3360.0000000000005,2025-11,正常缴纳
510100000000003110,COMP0135,单位039,8000,2240.0,2025-02,正常缴纳
510100000000001988,COMP0068,单位191,12000,3360.0000000000005,2024-03,正常缴纳
510100000000003900,COMP0148,单位168,5000,1400.0000000000002,2024-12,正常缴纳
510100000000003355,COMP0176,单位075,30000,8400.0,2024-02,正常缴纳
510100000000001750,COMP0147,单位054,30000,8400.0,2024-12,正常缴纳
510100000000001697,COMP0089,单位169,8000,2240.0,2024-07,正常缴纳
510100000000003679,COMP0180,单位095,20000,5600.000000000001,2024-05,正常缴纳
510100000000004882,COMP0102,单位027,12000,3360.0000000000005,2024-02,正常缴纳
510100000000004851,COMP0175,单位089,30000,8400.0,2025-06,一次性补缴
510100000000001041,COMP0038,单位120,3493,978.0400000000001,2024-04,正常缴纳
510100000000004811,COMP0104,单位188,8000,2240.0,2024-01,正常缴纳
510100000000001049,COMP0064,单位058,5000,1400.0000000000002,2024-03,正常缴纳
510100000000001170,COMP0127,单位186,3493,978.0400000000001,2025-11,正常缴纳
510100000000004146,COMP0142,单位058,30000,8400.0,2025-02,正常缴纳
510100000000004955,COMP0163,单位194,5000,1400.0000000000002,2025-04,正常缴纳
510100000000002523,COMP0072,单位117,8000,2240.0,2025-05,正常缴纳
510100000000002524,COMP0037,单位173,20000,5600.000000000001,2025-05,正常缴纳
510100000000002389,COMP0184,单位075,8000,2240.0,2025-09,一次性补缴
510100000000004479,COMP0005,单位123,20000,5600.000000000001,2024-07,正常缴纳
510100000000002294,COMP0130,单位040,8000,2240.0,2025-10,一次性补缴
510100000000002762,COMP0181,单位093,5000,1400.0000000000002,2024-08,一次性补缴
510100000000004156,COMP0166,单位114,20000,5600.000000000001,2024-12,正常缴纳
510100000000002310,COMP0124,单位030,20000,5600.000000000001,2025-01,正常缴纳
510100000000001989,COMP0106,单位157,8000,2240.0,2025-06,一次性补缴
510100000000003109,COMP0022,单位090,12000,3360.0000000000005,2025-08,正常缴纳
510100000000001247,COMP0168,单位107,30000,8400.0,2025-08,正常缴纳
510100000000001330,COMP0167,单位102,3493,978.0400000000001,2025-05,正常缴纳
510100000000002490,COMP0153,单位094,8000,2240.0,2025-09,正常缴纳
510100000000001943,COMP0190,单位104,8000,2240.0,2024-11,正常缴纳
510100000000001533,COMP0079,单位154,30000,8400.0,2025-11,正常缴纳
510100000000004488,COMP0042,单位157,12000,3360.0000000000005,2024-01,一次性补缴
510100000000004839,COMP0191,单位177,5000,1400.0000000000002,2024-11,正常缴纳
510100000000002520,COMP0054,单位030,30000,8400.0,2025-01,一次性补缴
510100000000001337,COMP0185,单位037,30000,8400.0,2024-06,正常缴纳
510100000000002878,COMP0094,单位179,3493,978.0400000000001,2024-09,正常缴纳
510100000000002077,COMP0113,单位079,20000,5600.000000000001,2025-09,正常缴纳
510100000000004872,COMP0022,单位077,3493,978.0400000000001,2024-12,一次性补缴
